schema_version,memory_cap_gib,stripe_degree,depth_span,chunk_rows,block_candidates,maximum_context,hardware_class,expert_allocation_overhead_factor,block,chunk,local_profile,inter_pod_profile,compute_slowdown,heterogeneity,jitter_fraction,activation_strategy,placement_family,target_pass_ms,exact_tok_s_per_user,total_physical_compute_work_ms,critical_path_compute_ms,network_critical_path_ms,total_network_bytes,network_bytes_per_accepted_token,worker_seconds_per_accepted_token,average_worker_utilization,p50_worker_utilization,p95_worker_utilization,active_workers,active_workers_per_token,active_workers_per_chunk,peak_simultaneous_workers,total_task_count,all_compute_resources_are_microworkers,evidence_class,regime,rtt_ms,bandwidth_gbps,protocol_software_overhead_ms_per_network_event_step,worker_count,machine_count,one_compute_worker_per_machine,logical_depth_group_count,logical_depth_groups_have_compute,logical_depth_groups_have_memory,same_host_pcie_nvlink_nccl_assumed,all_worker_links_use_same_independent_machine_profile,max_peak_memory_per_worker_bytes,max_peak_memory_per_worker_gib,total_resident_bytes,active_worker_seconds_per_accepted_token,resident_worker_seconds_per_accepted_token,network_messages_per_accepted_token,network_event_count,compute_event_count,queue_wait_ms_sum,state_wait_ms_sum,serial_waits_per_accepted_token_ms,reduction_collective_count,reduction_collective_steps,compute_work_inflation,equivalent_unsharded_compute_work_ms,compute_work_denominator_source,compute_share_of_critical_path,network_share_of_critical_path,all_compute_events_have_worker_id,all_network_events_have_explicit_edges,grouped_top16_expert_service,model_validation_status,admissible,admissibility_reason
experiment-021-independent-machine-sweep-v1,8,8,2,1,16,4096,INDEPENDENT_MACHINE_RTX5090_SHARD_SERVICE,1.0137388288648792,7,1,independent_machine_very_fast_independent_hosts,independent_machine_very_fast_independent_hosts,1.0,homogeneous,0.0,hybrid,D_depth_stripes_plus_E_exact_worker_wavefront,608.8417650399997,13.139703054823148,5435.898399999991,172.53549999999942,436.3062650400038,1128738688,141092336.0,0.6794872999999989,0.023745375934903022,0.021638462990682786,0.037057904525517715,376,376,376,25,55968,True,PHYSICAL_SHARD_EXECUTION inputs + SHAPED_NETWORK + UNVALIDATED_INDEPENDENT_MACHINE_MODEL_DIAGNOSTIC_ONLY,A,0.25,25.0,0.04245,376,376,True,47,False,False,False,True,4826088984,4.494645617902279,1560860324864,0.6794872999999989,28.615562956879984,787.0,6296,49672,348.5765203200021,348.5765203200021,43.57206504000026,4440,17432,1.8219584824343935,2983.5468,E018 physical layer-89/91 controls; post-schedule diagnostic only,0.2833831545519289,0.7166168454480768,True,True,True,FAIL,False,MODEL_INVALID: ordered physical replay did not validate the resident-worker event model
experiment-021-independent-machine-sweep-v1,8,8,2,1,16,4096,INDEPENDENT_MACHINE_RTX5090_SHARD_SERVICE,1.0137388288648792,12,1,independent_machine_very_fast_independent_hosts,independent_machine_very_fast_independent_hosts,1.0,homogeneous,0.0,hybrid,D_depth_stripes_plus_E_exact_worker_wavefront,665.1560722399989,19.54428523251817,8833.334900000003,188.7359999999993,476.4200722400045,1834200368,141092336.0,0.6794873000000003,0.03531939788051503,0.03218552892091096,0.05512074764127102,376,376,376,41,90948,True,PHYSICAL_SHARD_EXECUTION inputs + SHAPED_NETWORK + UNVALIDATED_INDEPENDENT_MACHINE_MODEL_DIAGNOSTIC_ONLY,A,0.25,25.0,0.04245,376,376,True,47,False,False,False,True,4826088984,4.494645617902279,1560860324864,0.6794873000000003,19.2383602432492,787.0,10231,80717,932.4798423200033,932.4798423200033,71.72921864000025,7215,28327,1.8219584824343973,4848.26355,E018 physical layer-89/91 controls; post-schedule diagnostic only,0.28374693981881044,0.7162530601811969,True,True,True,FAIL,False,MODEL_INVALID: ordered physical replay did not validate the resident-worker event model
experiment-021-independent-machine-sweep-v1,8,8,2,1,16,4096,INDEPENDENT_MACHINE_RTX5090_SHARD_SERVICE,1.0137388288648792,16,1,independent_machine_very_fast_independent_hosts,independent_machine_very_fast_independent_hosts,1.0,homogeneous,0.0,hybrid,D_depth_stripes_plus_E_exact_worker_wavefront,710.2075179999985,23.936665790124792,11551.28410000002,201.6963999999992,508.5111180000051,2398569712,141092336.0,0.6794873000000012,0.04325707555514434,0.03941890122317753,0.06750857852788908,376,376,376,44,118932,True,PHYSICAL_SHARD_EXECUTION inputs + SHAPED_NETWORK + UNVALIDATED_INDEPENDENT_MACHINE_MODEL_DIAGNOSTIC_ONLY,A,0.25,25.0,0.04245,376,376,True,47,False,False,False,True,4826088984,4.494645617902279,1560860324864,0.6794873000000012,15.708119221647022,787.0,13379,105553,1602.3340058400095,1602.3340058400095,94.25494152000056,9435,37043,1.8219584824344004,6340.036949999998,E018 physical layer-89/91 controls; post-schedule diagnostic only,0.28399643046301803,0.7160035695369902,True,True,True,FAIL,False,MODEL_INVALID: ordered physical replay did not validate the resident-worker event model
experiment-021-independent-machine-sweep-v1,8,8,2,1,16,4096,INDEPENDENT_MACHINE_RTX5090_SHARD_SERVICE,1.0137388288648792,7,1,independent_machine_fast_lan,independent_machine_fast_lan,1.0,homogeneous,0.0,hybrid,D_depth_stripes_plus_E_exact_worker_wavefront,1572.987487599993,5.085863723052309,5435.898399999991,172.53549999999942,1400.4519875999988,1128738688,141092336.0,0.6794872999999989,0.00919090374825735,0.008375400379122556,0.01434366145812443,376,376,376,24,55968,True,PHYSICAL_SHARD_EXECUTION inputs + SHAPED_NETWORK + UNVALIDATED_INDEPENDENT_MACHINE_MODEL_DIAGNOSTIC_ONLY,B,1.0,10.0,0.04245,376,376,True,47,False,False,False,True,4826088984,4.494645617902279,1560860324864,0.6794872999999989,73.93041191719968,787.0,6296,49672,845.0191007999957,845.0191007999957,105.62738759999947,4440,17432,1.8219584824343935,2983.5468,E018 physical layer-89/91 controls; post-schedule diagnostic only,0.10968650504858611,0.8903134949514172,True,True,True,FAIL,False,MODEL_INVALID: ordered physical replay did not validate the resident-worker event model
experiment-021-independent-machine-sweep-v1,8,8,2,1,16,4096,INDEPENDENT_MACHINE_RTX5090_SHARD_SERVICE,1.0137388288648792,12,1,independent_machine_fast_lan,independent_machine_fast_lan,1.0,homogeneous,0.0,hybrid,D_depth_stripes_plus_E_exact_worker_wavefront,1717.9522555999906,7.567148596606244,8833.334900000003,188.73599999999934,1529.2162555999987,1834200368,141092336.0,0.6794873000000003,0.013674950448422258,0.012461580308891175,0.0213416291870086,376,376,376,25,90948,True,PHYSICAL_SHARD_EXECUTION inputs + SHAPED_NETWORK + UNVALIDATED_INDEPENDENT_MACHINE_MODEL_DIAGNOSTIC_ONLY,B,1.0,10.0,0.04245,376,376,True,47,False,False,False,True,4826088984,4.494645617902279,1560860324864,0.6794873000000003,49.688465238892036,787.0,10231,80717,2315.427030799983,2315.427030799983,178.1097715999987,7215,28327,1.8219584824343973,4848.26355,E018 physical layer-89/91 controls; post-schedule diagnostic only,0.10986102750223622,0.8901389724977681,True,True,True,FAIL,False,MODEL_INVALID: ordered physical replay did not validate the resident-worker event model
experiment-021-independent-machine-sweep-v1,8,8,2,1,16,4096,INDEPENDENT_MACHINE_RTX5090_SHARD_SERVICE,1.0137388288648792,16,1,independent_machine_fast_lan,independent_machine_fast_lan,1.0,homogeneous,0.0,hybrid,D_depth_stripes_plus_E_exact_worker_wavefront,1833.9240699999887,9.269740376983059,11551.28410000002,201.69639999999927,1632.2276699999986,2398569712,141092336.0,0.6794873000000012,0.016751784203343632,0.01526540845281571,0.02614344878520537,376,376,376,26,118932,True,PHYSICAL_SHARD_EXECUTION inputs + SHAPED_NETWORK + UNVALIDATED_INDEPENDENT_MACHINE_MODEL_DIAGNOSTIC_ONLY,B,1.0,10.0,0.04245,376,376,True,47,False,False,False,True,4826088984,4.494645617902279,1560860324864,0.6794873000000012,40.56208531294093,787.0,13379,105553,4013.626539599978,4013.626539599978,236.09567879999872,9435,37043,1.8219584824344004,6340.036949999998,E018 physical layer-89/91 controls; post-schedule diagnostic only,0.10998078017483053,0.8900192198251745,True,True,True,FAIL,False,MODEL_INVALID: ordered physical replay did not validate the resident-worker event model
experiment-021-independent-machine-sweep-v1,8,8,2,1,16,4096,INDEPENDENT_MACHINE_RTX5090_SHARD_SERVICE,1.0137388288648792,7,1,independent_machine_regional_independent_machines,independent_machine_regional_independent_machines,1.0,homogeneous,0.0,hybrid,D_depth_stripes_plus_E_exact_worker_wavefront,6969.048326000078,1.147932920791158,5435.898399999991,172.53549999999942,6796.512826000041,1128738688,141092336.0,0.6794872999999989,0.002074483619493346,0.0018904159339588815,0.003237515216507303,376,376,376,16,55968,True,PHYSICAL_SHARD_EXECUTION inputs + SHAPED_NETWORK + UNVALIDATED_INDEPENDENT_MACHINE_MODEL_DIAGNOSTIC_ONLY,C,5.0,1.0,0.04245,376,376,True,47,False,False,False,True,4826088984,4.494645617902279,1560860324864,0.6794872999999989,327.54527132200366,787.0,6296,49672,3622.657808000003,3622.657808000003,452.8322260000004,4440,17432,1.8219584824343935,2983.5468,E018 physical layer-89/91 controls; post-schedule diagnostic only,0.02475739755689527,0.9752426024430993,True,True,True,FAIL,False,MODEL_INVALID: ordered physical replay did not validate the resident-worker event model
experiment-021-independent-machine-sweep-v1,8,8,2,1,16,4096,INDEPENDENT_MACHINE_RTX5090_SHARD_SERVICE,1.0137388288648792,12,1,independent_machine_regional_independent_machines,independent_machine_regional_independent_machines,1.0,homogeneous,0.0,hybrid,D_depth_stripes_plus_E_exact_worker_wavefront,7610.02000600009,1.7082740899170044,8833.334900000003,188.73599999999925,7421.284006000049,1834200368,141092336.0,0.6794873000000003,0.0030871025239831472,0.002813185771275326,0.00481784541579293,376,376,376,17,90948,True,PHYSICAL_SHARD_EXECUTION inputs + SHAPED_NETWORK + UNVALIDATED_INDEPENDENT_MACHINE_MODEL_DIAGNOSTIC_ONLY,C,5.0,1.0,0.04245,376,376,True,47,False,False,False,True,4826088984,4.494645617902279,1560860324864,0.6794873000000003,220.10519401969492,787.0,10231,80717,10053.134857999992,10053.134857999992,773.3180659999994,7215,28327,1.8219584824343973,4848.26355,E018 physical layer-89/91 controls; post-schedule diagnostic only,0.02480098604881342,0.9751990139511811,True,True,True,FAIL,False,MODEL_INVALID: ordered physical replay did not validate the resident-worker event model
experiment-021-independent-machine-sweep-v1,8,8,2,1,16,4096,INDEPENDENT_MACHINE_RTX5090_SHARD_SERVICE,1.0137388288648792,16,1,independent_machine_regional_independent_machines,independent_machine_regional_independent_machines,1.0,homogeneous,0.0,hybrid,D_depth_stripes_plus_E_exact_worker_wavefront,8122.7973500001,2.0928750610773013,11551.28410000002,201.69639999999913,7921.100950000055,2398569712,141092336.0,0.6794873000000012,0.003782133043853063,0.003446546650582102,0.005902535534756324,376,376,376,17,118932,True,PHYSICAL_SHARD_EXECUTION inputs + SHAPED_NETWORK + UNVALIDATED_INDEPENDENT_MACHINE_MODEL_DIAGNOSTIC_ONLY,C,5.0,1.0,0.04245,376,376,True,47,False,False,False,True,4826088984,4.494645617902279,1560860324864,0.6794873000000012,179.65716491764925,787.0,13379,105553,17505.01454599992,17505.01454599992,1029.7067379999953,9435,37043,1.8219584824344004,6340.036949999998,E018 physical layer-89/91 controls; post-schedule diagnostic only,0.02483090385112176,0.9751690961488726,True,True,True,FAIL,False,MODEL_INVALID: ordered physical replay did not validate the resident-worker event model
experiment-021-independent-machine-sweep-v1,8,8,2,1,16,4096,INDEPENDENT_MACHINE_RTX5090_SHARD_SERVICE,1.0137388288648792,7,1,independent_machine_consumer_wan_like,independent_machine_consumer_wan_like,1.0,homogeneous,0.0,hybrid,D_depth_stripes_plus_E_exact_worker_wavefront,29667.15671000037,0.26965846704491625,5435.898399999991,172.53549999999942,29494.621210000165,1128738688,141092336.0,0.6794872999999989,0.00048731250982576917,0.0004440735635295686,0.0007605177746067772,376,376,376,16,55968,True,PHYSICAL_SHARD_EXECUTION inputs + SHAPED_NETWORK + UNVALIDATED_INDEPENDENT_MACHINE_MODEL_DIAGNOSTIC_ONLY,D,20.0,0.1,0.04245,376,376,True,47,False,False,False,True,4826088984,4.494645617902279,1560860324864,0.6794872999999989,1394.3563653700176,787.0,6296,49672,15299.044880000027,15299.044880000027,1912.3806100000033,4440,17432,1.8219584824343935,2983.5468,E018 physical layer-89/91 controls; post-schedule diagnostic only,0.005815707305103498,0.9941842926948895,True,True,True,FAIL,False,MODEL_INVALID: ordered physical replay did not validate the resident-worker event model
experiment-021-independent-machine-sweep-v1,8,8,2,1,16,4096,INDEPENDENT_MACHINE_RTX5090_SHARD_SERVICE,1.0137388288648792,12,1,independent_machine_consumer_wan_like,independent_machine_consumer_wan_like,1.0,homogeneous,0.0,hybrid,D_depth_stripes_plus_E_exact_worker_wavefront,32393.19751000046,0.4013188261512815,8833.334900000003,188.7359999999993,32204.461510000205,1834200368,141092336.0,0.6794873000000003,0.0007252421426082549,0.0006608918429059311,0.0011318394853944598,376,376,376,16,90948,True,PHYSICAL_SHARD_EXECUTION inputs + SHAPED_NETWORK + UNVALIDATED_INDEPENDENT_MACHINE_MODEL_DIAGNOSTIC_ONLY,D,20.0,0.1,0.04245,376,376,True,47,False,False,False,True,4826088984,4.494645617902279,1560860324864,0.6794873000000003,936.9109433661672,787.0,10231,80717,42580.21312999991,42580.21312999991,3275.401009999993,7215,28327,1.8219584824343973,4848.26355,E018 physical layer-89/91 controls; post-schedule diagnostic only,0.005826408459422153,0.99417359154057,True,True,True,FAIL,False,MODEL_INVALID: ordered physical replay did not validate the resident-worker event model
experiment-021-independent-machine-sweep-v1,8,8,2,1,16,4096,INDEPENDENT_MACHINE_RTX5090_SHARD_SERVICE,1.0137388288648792,16,1,independent_machine_consumer_wan_like,independent_machine_consumer_wan_like,1.0,homogeneous,0.0,hybrid,D_depth_stripes_plus_E_exact_worker_wavefront,34574.03015000041,0.49169853575776434,11551.28410000002,201.6963999999992,34372.33375000021,2398569712,141092336.0,0.6794873000000012,0.0008885715704148856,0.0008097291486858868,0.0013867373803976254,376,376,376,17,118932,True,PHYSICAL_SHARD_EXECUTION inputs + SHAPED_NETWORK + UNVALIDATED_INDEPENDENT_MACHINE_MODEL_DIAGNOSTIC_ONLY,D,20.0,0.1,0.04245,376,376,True,47,False,False,False,True,4826088984,4.494645617902279,1560860324864,0.6794873000000012,764.6961962588326,787.0,13379,105553,74218.89460999997,74218.89460999997,4365.817329999998,9435,37043,1.8219584824344004,6340.036949999998,E018 physical layer-89/91 controls; post-schedule diagnostic only,0.005833754385153643,0.9941662456148405,True,True,True,FAIL,False,MODEL_INVALID: ordered physical replay did not validate the resident-worker event model
experiment-021-independent-machine-sweep-v1,8,8,2,1,16,4096,INDEPENDENT_MACHINE_RTX5090_SHARD_SERVICE,1.0137388288648792,7,1,independent_machine_wider_wan_sensitivity,independent_machine_wider_wan_sensitivity,1.0,homogeneous,0.0,hybrid,D_depth_stripes_plus_E_exact_worker_wavefront,67182.15670999962,0.11907923757989826,5435.898399999991,172.53549999999942,67009.62121000006,1128738688,141092336.0,0.6794872999999989,0.0002151936958224033,0.00019609968844657672,0.00033583917374658704,376,376,376,16,55968,True,PHYSICAL_SHARD_EXECUTION inputs + SHAPED_NETWORK + UNVALIDATED_INDEPENDENT_MACHINE_MODEL_DIAGNOSTIC_ONLY,E,50.0,0.1,0.04245,376,376,True,47,False,False,False,True,4826088984,4.494645617902279,1560860324864,0.6794872999999989,3157.561365369982,787.0,6296,49672,34619.04487999974,34619.04487999974,4327.380609999967,4440,17432,1.8219584824343935,2983.5468,E018 physical layer-89/91 controls; post-schedule diagnostic only,0.002568174474433308,0.9974318255255732,True,True,True,FAIL,False,MODEL_INVALID: ordered physical replay did not validate the resident-worker event model
experiment-021-independent-machine-sweep-v1,8,8,2,1,16,4096,INDEPENDENT_MACHINE_RTX5090_SHARD_SERVICE,1.0137388288648792,12,1,independent_machine_wider_wan_sensitivity,independent_machine_wider_wan_sensitivity,1.0,homogeneous,0.0,hybrid,D_depth_stripes_plus_E_exact_worker_wavefront,73358.19750999921,0.17721264209399382,8833.334900000003,188.73599999999928,73169.4615099998,1834200368,141092336.0,0.6794873000000003,0.00032024930771892097,0.00029183377900038934,0.0004997928144976911,376,376,376,16,90948,True,PHYSICAL_SHARD_EXECUTION inputs + SHAPED_NETWORK + UNVALIDATED_INDEPENDENT_MACHINE_MODEL_DIAGNOSTIC_ONLY,E,50.0,0.1,0.04245,376,376,True,47,False,False,False,True,4826088984,4.494645617902279,1560860324864,0.6794873000000003,2121.744789519977,787.0,10231,80717,96400.21312999987,96400.21312999987,7415.4010099999905,7215,28327,1.8219584824343973,4848.26355,E018 physical layer-89/91 controls; post-schedule diagnostic only,0.0025728004014039917,0.997427199598604,True,True,True,FAIL,False,MODEL_INVALID: ordered physical replay did not validate the resident-worker event model
experiment-021-independent-machine-sweep-v1,8,8,2,1,16,4096,INDEPENDENT_MACHINE_RTX5090_SHARD_SERVICE,1.0137388288648792,16,1,independent_machine_wider_wan_sensitivity,independent_machine_wider_wan_sensitivity,1.0,homogeneous,0.0,hybrid,D_depth_stripes_plus_E_exact_worker_wavefront,78299.03014999891,0.21711635466534876,11551.28410000002,201.6963999999992,78097.33374999961,2398569712,141092336.0,0.6794873000000012,0.00039236118515266054,0.0003575472128628966,0.0006123332550626843,376,376,376,16,118932,True,PHYSICAL_SHARD_EXECUTION inputs + SHAPED_NETWORK + UNVALIDATED_INDEPENDENT_MACHINE_MODEL_DIAGNOSTIC_ONLY,E,50.0,0.1,0.04245,376,376,True,47,False,False,False,True,4826088984,4.494645617902279,1560860324864,0.6794873000000012,1731.7903139058585,787.0,13379,105553,168058.89461000022,168058.89461000022,9885.817330000013,9435,37043,1.8219584824344004,6340.036949999998,E018 physical layer-89/91 controls; post-schedule diagnostic only,0.0025759757127719923,0.9974240242872369,True,True,True,FAIL,False,MODEL_INVALID: ordered physical replay did not validate the resident-worker event model
experiment-021-independent-machine-sweep-v1,8,8,2,2,16,4096,INDEPENDENT_MACHINE_RTX5090_SHARD_SERVICE,1.0137388288648792,7,2,independent_machine_very_fast_independent_hosts,independent_machine_very_fast_independent_hosts,1.0,homogeneous,0.0,hybrid,D_depth_stripes_plus_E_exact_worker_wavefront,603.8198731999988,13.248984266786824,3510.3779999999997,183.37109999999947,420.44877319999983,1128738240,141092280.0,0.43879724999999997,0.015461749631806715,0.014554009217065322,0.02421185629833958,376,376,376,25,27984,True,PHYSICAL_SHARD_EXECUTION inputs + SHAPED_NETWORK + UNVALIDATED_INDEPENDENT_MACHINE_MODEL_DIAGNOSTIC_ONLY,A,0.25,25.0,0.04245,376,376,True,47,False,False,False,True,4826088984,4.494645617902279,1560860324864,0.43879724999999997,28.379534040399943,393.5,3148,24836,100.58133728000132,100.58133728000132,12.572667160000165,2220,8716,1.7142337277404347,2047.7826,E018 physical layer-89/91 controls; post-schedule diagnostic only,0.30368510236042334,0.6963148976395774,True,True,True,FAIL,False,MODEL_INVALID: ordered physical replay did not validate the resident-worker event model
experiment-021-independent-machine-sweep-v1,8,8,2,2,16,4096,INDEPENDENT_MACHINE_RTX5090_SHARD_SERVICE,1.0137388288648792,12,2,independent_machine_very_fast_independent_hosts,independent_machine_very_fast_independent_hosts,1.0,homogeneous,0.0,hybrid,D_depth_stripes_plus_E_exact_worker_wavefront,639.447974639998,20.33003546116297,6143.161499999982,194.45999999999938,444.98797464,1834199696,141092284.30769232,0.47255088461538325,0.02555046872721994,0.024050431950555767,0.040009978942233196,376,376,376,33,48972,True,PHYSICAL_SHARD_EXECUTION inputs + SHAPED_NETWORK + UNVALIDATED_INDEPENDENT_MACHINE_MODEL_DIAGNOSTIC_ONLY,A,0.25,25.0,0.04245,376,376,True,47,False,False,False,True,4826088984,4.494645617902279,1560860324864,0.47255088461538325,18.494802958818404,423.7692307692308,5509,43463,317.3922328800016,317.3922328800016,24.414787144615506,3885,15253,1.7834090275196703,3444.6172500000002,E018 physical layer-89/91 controls; post-schedule diagnostic only,0.3041060535213645,0.6958939464786376,True,True,True,FAIL,False,MODEL_INVALID: ordered physical replay did not validate the resident-worker event model
experiment-021-independent-machine-sweep-v1,8,8,2,2,16,4096,INDEPENDENT_MACHINE_RTX5090_SHARD_SERVICE,1.0137388288648792,16,2,independent_machine_very_fast_independent_hosts,independent_machine_very_fast_independent_hosts,1.0,homogeneous,0.0,hybrid,D_depth_stripes_plus_E_exact_worker_wavefront,663.5742203999978,25.618837316724754,7898.350500000015,201.90059999999932,461.6736203999999,2398568816,141092283.29411766,0.4646088529411774,0.03165621973247366,0.029797721780211665,0.049571093916475024,376,376,376,34,62964,True,PHYSICAL_SHARD_EXECUTION inputs + SHAPED_NETWORK + UNVALIDATED_INDEPENDENT_MACHINE_MODEL_DIAGNOSTIC_ONLY,A,0.25,25.0,0.04245,376,376,True,47,False,False,False,True,4826088984,4.494645617902279,1560860324864,0.4646088529411774,14.676700404141128,416.6470588235294,7083,55881,512.4403760800035,512.4403760800035,30.14355153411785,4995,19611,1.76755855149925,4468.5085500000005,E018 physical layer-89/91 controls; post-schedule diagnostic only,0.30426227209112355,0.6957377279088786,True,True,True,FAIL,False,MODEL_INVALID: ordered physical replay did not validate the resident-worker event model
experiment-021-independent-machine-sweep-v1,8,8,2,2,16,4096,INDEPENDENT_MACHINE_RTX5090_SHARD_SERVICE,1.0137388288648792,7,2,independent_machine_fast_lan,independent_machine_fast_lan,1.0,homogeneous,0.0,hybrid,D_depth_stripes_plus_E_exact_worker_wavefront,1521.3955580000065,5.258330062772515,3510.3779999999997,183.37109999999947,1338.0244580000062,1128738240,141092280.0,0.43879724999999997,0.0061365446040875194,0.005776275573955605,0.00960933527321363,376,376,376,17,27984,True,PHYSICAL_SHARD_EXECUTION inputs + SHAPED_NETWORK + UNVALIDATED_INDEPENDENT_MACHINE_MODEL_DIAGNOSTIC_ONLY,B,1.0,10.0,0.04245,376,376,True,47,False,False,False,True,4826088984,4.494645617902279,1560860324864,0.43879724999999997,71.5055912260003,393.5,3148,24836,209.84244320000062,209.84244320000062,26.230305400000077,2220,8716,1.7142337277404347,2047.7826,E018 physical layer-89/91 controls; post-schedule diagnostic only,0.1205282209717078,0.8794717790282917,True,True,True,FAIL,False,MODEL_INVALID: ordered physical replay did not validate the resident-worker event model
experiment-021-independent-machine-sweep-v1,8,8,2,2,16,4096,INDEPENDENT_MACHINE_RTX5090_SHARD_SERVICE,1.0137388288648792,12,2,independent_machine_fast_lan,independent_machine_fast_lan,1.0,homogeneous,0.0,hybrid,D_depth_stripes_plus_E_exact_worker_wavefront,1610.920311600007,8.069921216083042,6143.161499999982,194.45999999999938,1416.4603116000064,1834199696,141092284.30769232,0.47255088461538325,0.010142150025097076,0.009546716798626228,0.015881791182202558,376,376,376,17,48972,True,PHYSICAL_SHARD_EXECUTION inputs + SHAPED_NETWORK + UNVALIDATED_INDEPENDENT_MACHINE_MODEL_DIAGNOSTIC_ONLY,B,1.0,10.0,0.04245,376,376,True,47,False,False,False,True,4826088984,4.494645617902279,1560860324864,0.47255088461538325,46.59277208935406,423.7692307692308,5509,43463,721.9822572000097,721.9822572000097,55.53709670769305,3885,15253,1.7834090275196703,3444.6172500000002,E018 physical layer-89/91 controls; post-schedule diagnostic only,0.12071360612919256,0.8792863938708068,True,True,True,FAIL,False,MODEL_INVALID: ordered physical replay did not validate the resident-worker event model
experiment-021-independent-machine-sweep-v1,8,8,2,2,16,4096,INDEPENDENT_MACHINE_RTX5090_SHARD_SERVICE,1.0137388288648792,16,2,independent_machine_fast_lan,independent_machine_fast_lan,1.0,homogeneous,0.0,hybrid,D_depth_stripes_plus_E_exact_worker_wavefront,1671.4669260000076,10.17070678190609,7898.350500000015,201.90059999999932,1469.566326000007,2398568816,141092283.29411766,0.4646088529411774,0.012567554286017106,0.011829728541095822,0.019679779173805704,376,376,376,24,62964,True,PHYSICAL_SHARD_EXECUTION inputs + SHAPED_NETWORK + UNVALIDATED_INDEPENDENT_MACHINE_MODEL_DIAGNOSTIC_ONLY,B,1.0,10.0,0.04245,376,376,True,47,False,False,False,True,4826088984,4.494645617902279,1560860324864,0.4646088529411774,36.96891553976487,416.6470588235294,7083,55881,1190.1831652000112,1190.1831652000112,70.01077442353007,4995,19611,1.76755855149925,4468.5085500000005,E018 physical layer-89/91 controls; post-schedule diagnostic only,0.12079245892299421,0.879207541077005,True,True,True,FAIL,False,MODEL_INVALID: ordered physical replay did not validate the resident-worker event model
experiment-021-independent-machine-sweep-v1,8,8,2,2,16,4096,INDEPENDENT_MACHINE_RTX5090_SHARD_SERVICE,1.0137388288648792,7,2,independent_machine_regional_independent_machines,independent_machine_regional_independent_machines,1.0,homogeneous,0.0,hybrid,D_depth_stripes_plus_E_exact_worker_wavefront,6885.9058300000215,1.1617934077962804,3510.3779999999997,183.37109999999947,6702.5347300000285,1128738240,141092280.0,0.43879724999999997,0.0013558291287477033,0.0012762300584642137,0.0021231193630773123,376,376,376,16,27984,True,PHYSICAL_SHARD_EXECUTION inputs + SHAPED_NETWORK + UNVALIDATED_INDEPENDENT_MACHINE_MODEL_DIAGNOSTIC_ONLY,C,5.0,1.0,0.04245,376,376,True,47,False,False,False,True,4826088984,4.494645617902279,1560860324864,0.43879724999999997,323.637574010001,393.5,3148,24836,848.2590320000016,848.2590320000016,106.0323790000002,2220,8716,1.7142337277404347,2047.7826,E018 physical layer-89/91 controls; post-schedule diagnostic only,0.02662991689504399,0.973370083104957,True,True,True,FAIL,False,MODEL_INVALID: ordered physical replay did not validate the resident-worker event model
experiment-021-independent-machine-sweep-v1,8,8,2,2,16,4096,INDEPENDENT_MACHINE_RTX5090_SHARD_SERVICE,1.0137388288648792,12,2,independent_machine_regional_independent_machines,independent_machine_regional_independent_machines,1.0,homogeneous,0.0,hybrid,D_depth_stripes_plus_E_exact_worker_wavefront,7283.630366000023,1.7848242355466009,6143.161499999982,194.45999999999938,7089.170366000033,1834199696,141092284.30769232,0.47255088461538325,0.0022431390196556477,0.0021114470706516267,0.0035125752838072984,376,376,376,17,48972,True,PHYSICAL_SHARD_EXECUTION inputs + SHAPED_NETWORK + UNVALIDATED_INDEPENDENT_MACHINE_MODEL_DIAGNOSTIC_ONLY,C,5.0,1.0,0.04245,376,376,True,47,False,False,False,True,4826088984,4.494645617902279,1560860324864,0.47255088461538325,210.6650013550776,423.7692307692308,5509,43463,3289.082621999993,3289.082621999993,253.006355538461,3885,15253,1.7834090275196703,3444.6172500000002,E018 physical layer-89/91 controls; post-schedule diagnostic only,0.02669822468033776,0.9733017753196636,True,True,True,FAIL,False,MODEL_INVALID: ordered physical replay did not validate the resident-worker event model
experiment-021-independent-machine-sweep-v1,8,8,2,2,16,4096,INDEPENDENT_MACHINE_RTX5090_SHARD_SERVICE,1.0137388288648792,16,2,independent_machine_regional_independent_machines,independent_machine_regional_independent_machines,1.0,homogeneous,0.0,hybrid,D_depth_stripes_plus_E_exact_worker_wavefront,7556.982510000024,2.2495751415997316,7898.350500000015,201.90059999999932,7355.081910000036,2398568816,141092283.29411766,0.4646088529411774,0.002779714165275628,0.002616520545579498,0.004352808803840924,376,376,376,17,62964,True,PHYSICAL_SHARD_EXECUTION inputs + SHAPED_NETWORK + UNVALIDATED_INDEPENDENT_MACHINE_MODEL_DIAGNOSTIC_ONLY,C,5.0,1.0,0.04245,376,376,True,47,False,False,False,True,4826088984,4.494645617902279,1560860324864,0.4646088529411774,167.14267198588288,416.6470588235294,7083,55881,5353.325001999987,5353.325001999987,314.9014707058816,4995,19611,1.76755855149925,4468.5085500000005,E018 physical layer-89/91 controls; post-schedule diagnostic only,0.026717092402004074,0.9732829075979974,True,True,True,FAIL,False,MODEL_INVALID: ordered physical replay did not validate the resident-worker event model
experiment-021-independent-machine-sweep-v1,8,8,2,2,16,4096,INDEPENDENT_MACHINE_RTX5090_SHARD_SERVICE,1.0137388288648792,7,2,independent_machine_consumer_wan_like,independent_machine_consumer_wan_like,1.0,homogeneous,0.0,hybrid,D_depth_stripes_plus_E_exact_worker_wavefront,31568.508550000242,0.2534171035457403,3510.3779999999997,183.37109999999947,31385.137450000264,1128738240,141092280.0,0.43879724999999997,0.00029574129824158537,0.00027837868824499563,0.00046310708587466305,376,376,376,16,27984,True,PHYSICAL_SHARD_EXECUTION inputs + SHAPED_NETWORK + UNVALIDATED_INDEPENDENT_MACHINE_MODEL_DIAGNOSTIC_ONLY,D,20.0,0.1,0.04245,376,376,True,47,False,False,False,True,4826088984,4.494645617902279,1560860324864,0.43879724999999997,1483.7199018500114,393.5,3148,24836,3782.4249200000186,3782.4249200000186,472.8031150000023,2220,8716,1.7142337277404347,2047.7826,E018 physical layer-89/91 controls; post-schedule diagnostic only,0.005808671629499521,0.9941913283705012,True,True,True,FAIL,False,MODEL_INVALID: ordered physical replay did not validate the resident-worker event model
experiment-021-independent-machine-sweep-v1,8,8,2,2,16,4096,INDEPENDENT_MACHINE_RTX5090_SHARD_SERVICE,1.0137388288648792,12,2,independent_machine_consumer_wan_like,independent_machine_consumer_wan_like,1.0,homogeneous,0.0,hybrid,D_depth_stripes_plus_E_exact_worker_wavefront,33323.23091000027,0.390118234186551,6143.161499999982,194.45999999999938,33128.77091000028,1834199696,141092284.30769232,0.47255088461538325,0.0004902944592272511,0.00046150987104268934,0.0007677616876076133,376,376,376,16,48972,True,PHYSICAL_SHARD_EXECUTION inputs + SHAPED_NETWORK + UNVALIDATED_INDEPENDENT_MACHINE_MODEL_DIAGNOSTIC_ONLY,D,20.0,0.1,0.04245,376,376,True,47,False,False,False,True,4826088984,4.494645617902279,1560860324864,0.47255088461538325,963.8103709353923,423.7692307692308,5509,43463,16885.08627000013,16885.08627000013,1298.8527900000101,3885,15253,1.7834090275196703,3444.6172500000002,E018 physical layer-89/91 controls; post-schedule diagnostic only,0.005835568601532036,0.9941644313984684,True,True,True,FAIL,False,MODEL_INVALID: ordered physical replay did not validate the resident-worker event model
experiment-021-independent-machine-sweep-v1,8,8,2,2,16,4096,INDEPENDENT_MACHINE_RTX5090_SHARD_SERVICE,1.0137388288648792,16,2,independent_machine_consumer_wan_like,independent_machine_consumer_wan_like,1.0,homogeneous,0.0,hybrid,D_depth_stripes_plus_E_exact_worker_wavefront,34574.6383500003,0.4916898863238537,7898.350500000015,201.90059999999932,34372.73775000031,2398568816,141092283.29411766,0.4646088529411774,0.0006075624310843168,0.0005718931836636208,0.0009513938993956158,376,376,376,16,62964,True,PHYSICAL_SHARD_EXECUTION inputs + SHAPED_NETWORK + UNVALIDATED_INDEPENDENT_MACHINE_MODEL_DIAGNOSTIC_ONLY,D,20.0,0.1,0.04245,376,376,True,47,False,False,False,True,4826088984,4.494645617902279,1560860324864,0.4646088529411774,764.7096482117713,416.6470588235294,7083,55881,26284.74337000017,26284.74337000017,1546.1613747058925,4995,19611,1.76755855149925,4468.5085500000005,E018 physical layer-89/91 controls; post-schedule diagnostic only,0.005839557827218678,0.9941604421727817,True,True,True,FAIL,False,MODEL_INVALID: ordered physical replay did not validate the resident-worker event model
experiment-021-independent-machine-sweep-v1,8,8,2,2,16,4096,INDEPENDENT_MACHINE_RTX5090_SHARD_SERVICE,1.0137388288648792,7,2,independent_machine_wider_wan_sensitivity,independent_machine_wider_wan_sensitivity,1.0,homogeneous,0.0,hybrid,D_depth_stripes_plus_E_exact_worker_wavefront,66323.50855000058,0.12062088051281071,3510.3779999999997,183.37109999999947,66140.13745000062,1128738240,141092280.0,0.43879724999999997,0.0001407662517595743,0.00013250203724332252,0.0002204286280931359,376,376,376,16,27984,True,PHYSICAL_SHARD_EXECUTION inputs + SHAPED_NETWORK + UNVALIDATED_INDEPENDENT_MACHINE_MODEL_DIAGNOSTIC_ONLY,E,50.0,0.1,0.04245,376,376,True,47,False,False,False,True,4826088984,4.494645617902279,1560860324864,0.43879724999999997,3117.2049018500275,393.5,3148,24836,7922.424919999928,7922.424919999928,990.303114999991,2220,8716,1.7142337277404347,2047.7826,E018 physical layer-89/91 controls; post-schedule diagnostic only,0.002764797942825325,0.9972352020571753,True,True,True,FAIL,False,MODEL_INVALID: ordered physical replay did not validate the resident-worker event model
experiment-021-independent-machine-sweep-v1,8,8,2,2,16,4096,INDEPENDENT_MACHINE_RTX5090_SHARD_SERVICE,1.0137388288648792,12,2,independent_machine_wider_wan_sensitivity,independent_machine_wider_wan_sensitivity,1.0,homogeneous,0.0,hybrid,D_depth_stripes_plus_E_exact_worker_wavefront,70148.23091000042,0.18532185104823082,6143.161499999982,194.45999999999938,69953.77091000046,1834199696,141092284.30769232,0.47255088461538325,0.0002329095868388351,0.00021923574979005684,0.00036471767952101923,376,376,376,16,48972,True,PHYSICAL_SHARD_EXECUTION inputs + SHAPED_NETWORK + UNVALIDATED_INDEPENDENT_MACHINE_MODEL_DIAGNOSTIC_ONLY,E,50.0,0.1,0.04245,376,376,True,47,False,False,False,True,4826088984,4.494645617902279,1560860324864,0.47255088461538325,2028.9026786277043,423.7692307692308,5509,43463,31375.08627000025,31375.08627000025,2413.4681746154038,3885,15253,1.7834090275196703,3444.6172500000002,E018 physical layer-89/91 controls; post-schedule diagnostic only,0.0027721297811414505,0.9972278702188591,True,True,True,FAIL,False,MODEL_INVALID: ordered physical replay did not validate the resident-worker event model
experiment-021-independent-machine-sweep-v1,8,8,2,2,16,4096,INDEPENDENT_MACHINE_RTX5090_SHARD_SERVICE,1.0137388288648792,16,2,independent_machine_wider_wan_sensitivity,independent_machine_wider_wan_sensitivity,1.0,homogeneous,0.0,hybrid,D_depth_stripes_plus_E_exact_worker_wavefront,72779.63835000028,0.2335818147137019,7898.350500000015,201.90059999999932,72577.73775000035,2398568816,141092283.29411766,0.4646088529411774,0.00028862813564375385,0.00027168313072553087,0.0004519684453749399,376,376,376,16,62964,True,PHYSICAL_SHARD_EXECUTION inputs + SHAPED_NETWORK + UNVALIDATED_INDEPENDENT_MACHINE_MODEL_DIAGNOSTIC_ONLY,E,50.0,0.1,0.04245,376,376,True,47,False,False,False,True,4826088984,4.494645617902279,1560860324864,0.4646088529411774,1609.714354094124,416.6470588235294,7083,55881,51124.7433700001,51124.7433700001,3007.3378452941233,4995,19611,1.76755855149925,4468.5085500000005,E018 physical layer-89/91 controls; post-schedule diagnostic only,0.002774135796457946,0.997225864203543,True,True,True,FAIL,False,MODEL_INVALID: ordered physical replay did not validate the resident-worker event model
experiment-021-independent-machine-sweep-v1,8,8,2,4,16,4096,INDEPENDENT_MACHINE_RTX5090_SHARD_SERVICE,1.0137388288648792,7,4,independent_machine_very_fast_independent_hosts,independent_machine_very_fast_independent_hosts,1.0,homogeneous,0.0,hybrid,D_depth_stripes_plus_E_exact_worker_wavefront,666.4464895200038,12.003964497977712,2588.0741999999973,231.4965,434.9499895200017,1128738016,141092252.0,0.32350927499999965,0.010328175137942843,0.009949485974148825,0.014297622014428801,376,376,376,16,13992,True,PHYSICAL_SHARD_EXECUTION inputs + SHAPED_NETWORK + UNVALIDATED_INDEPENDENT_MACHINE_MODEL_DIAGNOSTIC_ONLY,A,0.25,25.0,0.04245,376,376,True,47,False,False,False,True,4826088984,4.494645617902279,1560860324864,0.32350927499999965,31.322985007440177,196.75,1574,12418,39.20814576000076,39.20814576000076,4.901018220000095,1110,4358,1.7547445902802392,1474.9008000000001,E018 physical layer-89/91 controls; post-schedule diagnostic only,0.34735947092576214,0.6526405290742348,True,True,True,FAIL,False,MODEL_INVALID: ordered physical replay did not validate the resident-worker event model
experiment-021-independent-machine-sweep-v1,8,8,2,4,16,4096,INDEPENDENT_MACHINE_RTX5090_SHARD_SERVICE,1.0137388288648792,12,4,independent_machine_very_fast_independent_hosts,independent_machine_very_fast_independent_hosts,1.0,homogeneous,0.0,hybrid,D_depth_stripes_plus_E_exact_worker_wavefront,692.628779440004,18.76907282211202,5176.148399999994,241.1807,451.4480794400019,1834199360,141092258.46153846,0.39816526153846105,0.019875512736836864,0.019146764318286214,0.027514305737350243,376,376,376,32,27984,True,PHYSICAL_SHARD_EXECUTION inputs + SHAPED_NETWORK + UNVALIDATED_INDEPENDENT_MACHINE_MODEL_DIAGNOSTIC_ONLY,A,0.25,25.0,0.04245,376,376,True,47,False,False,False,True,4826088984,4.494645617902279,1560860324864,0.39816526153846105,20.032955466880118,242.15384615384616,3148,24836,178.15798176000328,178.15798176000328,13.704460135384867,2220,8716,2.002150354589187,2585.29455,E018 physical layer-89/91 controls; post-schedule diagnostic only,0.34821062473753484,0.6517893752624622,True,True,True,FAIL,False,MODEL_INVALID: ordered physical replay did not validate the resident-worker event model
experiment-021-independent-machine-sweep-v1,8,8,2,4,16,4096,INDEPENDENT_MACHINE_RTX5090_SHARD_SERVICE,1.0137388288648792,16,4,independent_machine_very_fast_independent_hosts,independent_machine_very_fast_independent_hosts,1.0,homogeneous,0.0,hybrid,D_depth_stripes_plus_E_exact_worker_wavefront,706.4984252000045,24.062332474679508,6470.185499999991,246.06739999999996,460.4310252000019,2398568368,141092256.94117647,0.38059914705882303,0.0243566574896512,0.0234636050254566,0.03371769723797518,376,376,376,40,34980,True,PHYSICAL_SHARD_EXECUTION inputs + SHAPED_NETWORK + UNVALIDATED_INDEPENDENT_MACHINE_MODEL_DIAGNOSTIC_ONLY,A,0.25,25.0,0.04245,376,376,True,47,False,False,False,True,4826088984,4.494645617902279,1560860324864,0.38059914705882303,15.626082816188333,231.47058823529412,3935,31045,246.30581480000424,246.30581480000424,14.48857734117672,2775,10895,1.9472410905326907,3322.7449500000002,E018 physical layer-89/91 controls; post-schedule diagnostic only,0.34829150529293834,0.6517084947070579,True,True,True,FAIL,False,MODEL_INVALID: ordered physical replay did not validate the resident-worker event model
experiment-021-independent-machine-sweep-v1,8,8,2,4,16,4096,INDEPENDENT_MACHINE_RTX5090_SHARD_SERVICE,1.0137388288648792,7,4,independent_machine_fast_lan,independent_machine_fast_lan,1.0,homogeneous,0.0,hybrid,D_depth_stripes_plus_E_exact_worker_wavefront,1594.3820987999948,5.017617800664701,2588.0741999999973,231.4965,1362.885598800008,1128738016,141092252.0,0.32350927499999965,0.004317143342872692,0.004158852514080937,0.005976359121926708,376,376,376,16,13992,True,PHYSICAL_SHARD_EXECUTION inputs + SHAPED_NETWORK + UNVALIDATED_INDEPENDENT_MACHINE_MODEL_DIAGNOSTIC_ONLY,B,1.0,10.0,0.04245,376,376,True,47,False,False,False,True,4826088984,4.494645617902279,1560860324864,0.32350927499999965,74.93595864359975,196.75,1574,12418,58.378514399997584,58.378514399997584,7.297314299999698,1110,4358,1.7547445902802392,1474.9008000000001,E018 physical layer-89/91 controls; post-schedule diagnostic only,0.14519511989894698,0.8548048801010613,True,True,True,FAIL,False,MODEL_INVALID: ordered physical replay did not validate the resident-worker event model
experiment-021-independent-machine-sweep-v1,8,8,2,4,16,4096,INDEPENDENT_MACHINE_RTX5090_SHARD_SERVICE,1.0137388288648792,12,4,independent_machine_fast_lan,independent_machine_fast_lan,1.0,homogeneous,0.0,hybrid,D_depth_stripes_plus_E_exact_worker_wavefront,1656.7034235999924,7.846908393387145,5176.148399999994,241.1807,1415.522723600008,1834199360,141092258.46153846,0.39816526153846105,0.008309484927450376,0.008004812334595613,0.011503084818035192,376,376,376,17,27984,True,PHYSICAL_SHARD_EXECUTION inputs + SHAPED_NETWORK + UNVALIDATED_INDEPENDENT_MACHINE_MODEL_DIAGNOSTIC_ONLY,B,1.0,10.0,0.04245,376,376,True,47,False,False,False,True,4826088984,4.494645617902279,1560860324864,0.39816526153846105,47.91696055950747,242.15384615384616,3148,24836,359.70865440000756,359.70865440000756,27.669896492308276,2220,8716,2.002150354589187,2585.29455,E018 physical layer-89/91 controls; post-schedule diagnostic only,0.1455786814733067,0.8544213185267027,True,True,True,FAIL,False,MODEL_INVALID: ordered physical replay did not validate the resident-worker event model
experiment-021-independent-machine-sweep-v1,8,8,2,4,16,4096,INDEPENDENT_MACHINE_RTX5090_SHARD_SERVICE,1.0137388288648792,16,4,independent_machine_fast_lan,independent_machine_fast_lan,1.0,homogeneous,0.0,hybrid,D_depth_stripes_plus_E_exact_worker_wavefront,1689.7434379999918,10.060698930792405,6470.185499999991,246.0674,1443.6760380000085,2398568368,141092256.94117647,0.38059914705882303,0.010183759127327677,0.009810365069161511,0.014097702328227725,376,376,376,24,34980,True,PHYSICAL_SHARD_EXECUTION inputs + SHAPED_NETWORK + UNVALIDATED_INDEPENDENT_MACHINE_MODEL_DIAGNOSTIC_ONLY,B,1.0,10.0,0.04245,376,376,True,47,False,False,False,True,4826088984,4.494645617902279,1560860324864,0.38059914705882303,37.37314898164688,231.47058823529412,3935,31045,504.53796200000704,504.53796200000704,29.678703647059237,2775,10895,1.9472410905326907,3322.7449500000002,E018 physical layer-89/91 controls; post-schedule diagnostic only,0.1456241192989922,0.8543758807010177,True,True,True,FAIL,False,MODEL_INVALID: ordered physical replay did not validate the resident-worker event model
experiment-021-independent-machine-sweep-v1,8,8,2,4,16,4096,INDEPENDENT_MACHINE_RTX5090_SHARD_SERVICE,1.0137388288648792,7,4,independent_machine_regional_independent_machines,independent_machine_regional_independent_machines,1.0,homogeneous,0.0,hybrid,D_depth_stripes_plus_E_exact_worker_wavefront,7447.791238000021,1.0741439635394863,2588.0741999999973,231.49650000000003,7216.294737999944,1128738016,141092252.0,0.32350927499999965,0.000924190252367781,0.0008903042241797031,0.0012793860213727935,376,376,376,16,13992,True,PHYSICAL_SHARD_EXECUTION inputs + SHAPED_NETWORK + UNVALIDATED_INDEPENDENT_MACHINE_MODEL_DIAGNOSTIC_ONLY,C,5.0,1.0,0.04245,376,376,True,47,False,False,False,True,4826088984,4.494645617902279,1560860324864,0.32350927499999965,350.04618818600096,196.75,1574,12418,179.18404400001236,179.18404400001236,22.398005500001545,1110,4358,1.7547445902802392,1474.9008000000001,E018 physical layer-89/91 controls; post-schedule diagnostic only,0.03108257100693984,0.9689174289930499,True,True,True,FAIL,False,MODEL_INVALID: ordered physical replay did not validate the resident-worker event model
experiment-021-independent-machine-sweep-v1,8,8,2,4,16,4096,INDEPENDENT_MACHINE_RTX5090_SHARD_SERVICE,1.0137388288648792,12,4,independent_machine_regional_independent_machines,independent_machine_regional_independent_machines,1.0,homogeneous,0.0,hybrid,D_depth_stripes_plus_E_exact_worker_wavefront,7718.698086000029,1.6842218538873877,5176.148399999994,241.18070000000003,7477.517385999945,1834199360,141092258.46153846,0.39816526153846105,0.0017835070078241067,0.0017181135798086907,0.002468965593377132,376,376,376,16,27984,True,PHYSICAL_SHARD_EXECUTION inputs + SHAPED_NETWORK + UNVALIDATED_INDEPENDENT_MACHINE_MODEL_DIAGNOSTIC_ONLY,C,5.0,1.0,0.04245,376,376,True,47,False,False,False,True,4826088984,4.494645617902279,1560860324864,0.39816526153846105,223.24849848738543,242.15384615384616,3148,24836,2082.468743999927,2082.468743999927,160.18990338460978,2220,8716,2.002150354589187,2585.29455,E018 physical layer-89/91 controls; post-schedule diagnostic only,0.03124629274429676,0.9687537072556923,True,True,True,FAIL,False,MODEL_INVALID: ordered physical replay did not validate the resident-worker event model
experiment-021-independent-machine-sweep-v1,8,8,2,4,16,4096,INDEPENDENT_MACHINE_RTX5090_SHARD_SERVICE,1.0137388288648792,16,4,independent_machine_regional_independent_machines,independent_machine_regional_independent_machines,1.0,homogeneous,0.0,hybrid,D_depth_stripes_plus_E_exact_worker_wavefront,7872.543630000031,2.1594037199384735,6470.185499999991,246.06740000000005,7626.476229999942,2398568368,141092256.94117647,0.38059914705882303,0.0021858170584155147,0.002105672674436475,0.0030258962185008443,376,376,376,16,34980,True,PHYSICAL_SHARD_EXECUTION inputs + SHAPED_NETWORK + UNVALIDATED_INDEPENDENT_MACHINE_MODEL_DIAGNOSTIC_ONLY,C,5.0,1.0,0.04245,376,376,True,47,False,False,False,True,4826088984,4.494645617902279,1560860324864,0.38059914705882303,174.12214146353008,231.47058823529412,3935,31045,2710.520169999931,2710.520169999931,159.4423629411724,2775,10895,1.9472410905326907,3322.7449500000002,E018 physical layer-89/91 controls; post-schedule diagnostic only,0.03125640346562285,0.9687435965343658,True,True,True,FAIL,False,MODEL_INVALID: ordered physical replay did not validate the resident-worker event model
experiment-021-independent-machine-sweep-v1,8,8,2,4,16,4096,INDEPENDENT_MACHINE_RTX5090_SHARD_SERVICE,1.0137388288648792,7,4,independent_machine_consumer_wan_like,independent_machine_consumer_wan_like,1.0,homogeneous,0.0,hybrid,D_depth_stripes_plus_E_exact_worker_wavefront,38169.382630000146,0.2095920721995699,2588.0741999999973,231.4965,37937.88613000016,1128738016,141092252.0,0.32350927499999965,0.00018033239181657054,0.00017372038904261348,0.0002496398773951027,376,376,376,16,13992,True,PHYSICAL_SHARD_EXECUTION inputs + SHAPED_NETWORK + UNVALIDATED_INDEPENDENT_MACHINE_MODEL_DIAGNOSTIC_ONLY,D,20.0,0.1,0.04245,376,376,True,47,False,False,False,True,4826088984,4.494645617902279,1560860324864,0.32350927499999965,1793.9609836100067,196.75,1574,12418,812.2393399999542,812.2393399999542,101.52991749999427,1110,4358,1.7547445902802392,1474.9008000000001,E018 physical layer-89/91 controls; post-schedule diagnostic only,0.006064978892743467,0.9939350211072568,True,True,True,FAIL,False,MODEL_INVALID: ordered physical replay did not validate the resident-worker event model
experiment-021-independent-machine-sweep-v1,8,8,2,4,16,4096,INDEPENDENT_MACHINE_RTX5090_SHARD_SERVICE,1.0137388288648792,12,4,independent_machine_consumer_wan_like,independent_machine_consumer_wan_like,1.0,homogeneous,0.0,hybrid,D_depth_stripes_plus_E_exact_worker_wavefront,39376.1447100001,0.33014913206316193,5176.148399999994,241.1807,39134.96401000017,1834199360,141092258.46153846,0.39816526153846105,0.0003496114774325131,0.00033679274844375606,0.00048397831073492995,376,376,376,16,27984,True,PHYSICAL_SHARD_EXECUTION inputs + SHAPED_NETWORK + UNVALIDATED_INDEPENDENT_MACHINE_MODEL_DIAGNOSTIC_ONLY,D,20.0,0.1,0.04245,376,376,True,47,False,False,False,True,4826088984,4.494645617902279,1560860324864,0.39816526153846105,1138.8792623815416,242.15384615384616,3148,24836,15860.069640000016,15860.069640000016,1220.0053569230781,2220,8716,2.002150354589187,2585.29455,E018 physical layer-89/91 controls; post-schedule diagnostic only,0.006125046059645065,0.9938749539403566,True,True,True,FAIL,False,MODEL_INVALID: ordered physical replay did not validate the resident-worker event model
experiment-021-independent-machine-sweep-v1,8,8,2,4,16,4096,INDEPENDENT_MACHINE_RTX5090_SHARD_SERVICE,1.0137388288648792,16,4,independent_machine_consumer_wan_like,independent_machine_consumer_wan_like,1.0,homogeneous,0.0,hybrid,D_depth_stripes_plus_E_exact_worker_wavefront,40163.045550000104,0.4232746737006341,6470.185499999991,246.0674,39916.9781500002,2398568368,141092256.94117647,0.38059914705882303,0.0004284520738884659,0.0004127426038785536,0.0005931198611505681,376,376,376,16,34980,True,PHYSICAL_SHARD_EXECUTION inputs + SHAPED_NETWORK + UNVALIDATED_INDEPENDENT_MACHINE_MODEL_DIAGNOSTIC_ONLY,D,20.0,0.1,0.04245,376,376,True,47,False,False,False,True,4826088984,4.494645617902279,1560860324864,0.38059914705882303,888.3120662823553,231.47058823529412,3935,31045,19020.342250000023,19020.342250000023,1118.8436617647073,2775,10895,1.9472410905326907,3322.7449500000002,E018 physical layer-89/91 controls; post-schedule diagnostic only,0.0061267116731390245,0.9938732883268633,True,True,True,FAIL,False,MODEL_INVALID: ordered physical replay did not validate the resident-worker event model
experiment-021-independent-machine-sweep-v1,8,8,2,4,16,4096,INDEPENDENT_MACHINE_RTX5090_SHARD_SERVICE,1.0137388288648792,7,4,independent_machine_wider_wan_sensitivity,independent_machine_wider_wan_sensitivity,1.0,homogeneous,0.0,hybrid,D_depth_stripes_plus_E_exact_worker_wavefront,71544.38262999996,0.11181870198493325,2588.0741999999973,231.49650000000003,71312.88613000046,1128738016,141092252.0,0.32350927499999965,9.62084766239011e-05,9.26809311402119e-05,0.00013318446046670435,376,376,376,16,13992,True,PHYSICAL_SHARD_EXECUTION inputs + SHAPED_NETWORK + UNVALIDATED_INDEPENDENT_MACHINE_MODEL_DIAGNOSTIC_ONLY,E,50.0,0.1,0.04245,376,376,True,47,False,False,False,True,4826088984,4.494645617902279,1560860324864,0.32350927499999965,3362.585983609998,196.75,1574,12418,1502.2393400001108,1502.2393400001108,187.77991750001385,1110,4358,1.7547445902802392,1474.9008000000001,E018 physical layer-89/91 controls; post-schedule diagnostic only,0.0032357047680068875,0.9967642952320002,True,True,True,FAIL,False,MODEL_INVALID: ordered physical replay did not validate the resident-worker event model
experiment-021-independent-machine-sweep-v1,8,8,2,4,16,4096,INDEPENDENT_MACHINE_RTX5090_SHARD_SERVICE,1.0137388288648792,12,4,independent_machine_wider_wan_sensitivity,independent_machine_wider_wan_sensitivity,1.0,homogeneous,0.0,hybrid,D_depth_stripes_plus_E_exact_worker_wavefront,74131.14470999988,0.1753648894922079,5176.148399999994,241.18070000000003,73889.96401000037,1834199360,141092258.46153846,0.39816526153846105,0.00018570267842906476,0.00017889377065306646,0.00025707413631006955,376,376,376,16,27984,True,PHYSICAL_SHARD_EXECUTION inputs + SHAPED_NETWORK + UNVALIDATED_INDEPENDENT_MACHINE_MODEL_DIAGNOSTIC_ONLY,E,50.0,0.1,0.04245,376,376,True,47,False,False,False,True,4826088984,4.494645617902279,1560860324864,0.39816526153846105,2144.1008008430736,242.15384615384616,3148,24836,20000.069640000824,20000.069640000824,1538.4668953846788,2220,8716,2.002150354589187,2585.29455,E018 physical layer-89/91 controls; post-schedule diagnostic only,0.003253432831011796,0.9967465671689949,True,True,True,FAIL,False,MODEL_INVALID: ordered physical replay did not validate the resident-worker event model
experiment-021-independent-machine-sweep-v1,8,8,2,4,16,4096,INDEPENDENT_MACHINE_RTX5090_SHARD_SERVICE,1.0137388288648792,16,4,independent_machine_wider_wan_sensitivity,independent_machine_wider_wan_sensitivity,1.0,homogeneous,0.0,hybrid,D_depth_stripes_plus_E_exact_worker_wavefront,75608.04554999984,0.22484379640203567,6470.185499999991,246.06740000000005,75361.97815000033,2398568368,141092256.94117647,0.38059914705882303,0.00022759403492575138,0.00021924915370332614,0.00031506567623477017,376,376,376,16,34980,True,PHYSICAL_SHARD_EXECUTION inputs + SHAPED_NETWORK + UNVALIDATED_INDEPENDENT_MACHINE_MODEL_DIAGNOSTIC_ONLY,E,50.0,0.1,0.04245,376,376,True,47,False,False,False,True,4826088984,4.494645617902279,1560860324864,0.38059914705882303,1672.2720662823492,231.47058823529412,3935,31045,25920.342250000907,25920.342250000907,1524.7260147059358,2775,10895,1.9472410905326907,3322.7449500000002,E018 physical layer-89/91 controls; post-schedule diagnostic only,0.003254513434516369,0.9967454865654902,True,True,True,FAIL,False,MODEL_INVALID: ordered physical replay did not validate the resident-worker event model
experiment-021-independent-machine-sweep-v1,4,8,1,1,16,4096,INDEPENDENT_MACHINE_RTX5090_SHARD_SERVICE,1.0137388288648792,7,1,independent_machine_very_fast_independent_hosts,independent_machine_very_fast_independent_hosts,1.0,homogeneous,0.0,hybrid,C_full_layer_stripes_plus_worker_wavefront,584.64390936,13.683542874426704,5435.898399999986,164.77599999999933,419.8679093600032,1139289984,142411248.0,0.6794872999999984,0.012497034411530165,0.011297132997126692,0.019295847984372828,744,744,744,33,56336,True,PHYSICAL_SHARD_EXECUTION inputs + SHAPED_NETWORK + UNVALIDATED_INDEPENDENT_MACHINE_MODEL_DIAGNOSTIC_ONLY,A,0.25,25.0,0.04245,744,744,True,93,False,False,False,True,2693971098,2.5089560989290476,1560860324864,0.6794872999999984,54.371883570479994,833.0,6664,49672,219.28609024000343,219.28609024000343,27.41076128000043,4440,17800,1.821958482434392,2983.5468,E018 physical layer-89/91 controls; post-schedule diagnostic only,0.2818399325845657,0.7181600674154387,True,True,True,FAIL,False,MODEL_INVALID: ordered physical replay did not validate the resident-worker event model
experiment-021-independent-machine-sweep-v1,4,8,1,1,16,4096,INDEPENDENT_MACHINE_RTX5090_SHARD_SERVICE,1.0137388288648792,12,1,independent_machine_very_fast_independent_hosts,independent_machine_very_fast_independent_hosts,1.0,homogeneous,0.0,hybrid,C_full_layer_stripes_plus_worker_wavefront,617.8706397599998,21.04000281523266,8833.334900000005,175.43399999999914,442.43663976000363,1851346224,142411248.0,0.6794873000000005,0.019215611162519953,0.017370626324256084,0.029669559969900346,744,744,744,41,91546,True,PHYSICAL_SHARD_EXECUTION inputs + SHAPED_NETWORK + UNVALIDATED_INDEPENDENT_MACHINE_MODEL_DIAGNOSTIC_ONLY,A,0.25,25.0,0.04245,744,744,True,93,False,False,False,True,2693971098,2.5089560989290476,1560860324864,0.6794873000000005,35.361211998572294,833.0,10829,80717,572.3136442400075,572.3136442400075,44.02412648000058,7215,28925,1.8219584824343977,4848.26355,E018 physical layer-89/91 controls; post-schedule diagnostic only,0.2839332195298083,0.7160667804701965,True,True,True,FAIL,False,MODEL_INVALID: ordered physical replay did not validate the resident-worker event model
experiment-021-independent-machine-sweep-v1,4,8,1,1,16,4096,INDEPENDENT_MACHINE_RTX5090_SHARD_SERVICE,1.0137388288648792,16,1,independent_machine_very_fast_independent_hosts,independent_machine_very_fast_independent_hosts,1.0,homogeneous,0.0,hybrid,C_full_layer_stripes_plus_worker_wavefront,644.4520240799997,26.3790000881271,11551.284100000004,183.960399999999,460.491624080004,2420991216,142411248.0,0.6794873000000002,0.024091660680888784,0.021778502472757734,0.03719834697427243,744,744,744,48,119714,True,PHYSICAL_SHARD_EXECUTION inputs + SHAPED_NETWORK + UNVALIDATED_INDEPENDENT_MACHINE_MODEL_DIAGNOSTIC_ONLY,A,0.25,25.0,0.04245,744,744,True,93,False,False,False,True,2693971098,2.5089560989290476,1560860324864,0.6794873000000002,28.204253289148223,833.0,14161,105553,974.3519168800098,974.3519168800098,57.314818640000574,9435,37825,1.8219584824343977,6340.036949999998,E018 physical layer-89/91 controls; post-schedule diagnostic only,0.28545243575363943,0.7145475642463657,True,True,True,FAIL,False,MODEL_INVALID: ordered physical replay did not validate the resident-worker event model
experiment-021-independent-machine-sweep-v1,4,8,1,1,16,4096,INDEPENDENT_MACHINE_RTX5090_SHARD_SERVICE,1.0137388288648792,7,1,independent_machine_fast_lan,independent_machine_fast_lan,1.0,homogeneous,0.0,hybrid,C_full_layer_stripes_plus_worker_wavefront,1512.4925483999932,5.289282256936001,5435.898399999986,164.77599999999933,1347.7165483999988,1139289984,142411248.0,0.6794872999999984,0.004830645322181922,0.004366831431326363,0.007458681374618306,744,744,744,21,56336,True,PHYSICAL_SHARD_EXECUTION inputs + SHAPED_NETWORK + UNVALIDATED_INDEPENDENT_MACHINE_MODEL_DIAGNOSTIC_ONLY,B,1.0,10.0,0.04245,744,744,True,93,False,False,False,True,2693971098,2.5089560989290476,1560860324864,0.6794872999999984,140.66180700119938,833.0,6664,49672,499.00802559999545,499.00802559999545,62.37600319999943,4440,17800,1.821958482434392,2983.5468,E018 physical layer-89/91 controls; post-schedule diagnostic only,0.10894334664611037,0.891056653353893,True,True,True,FAIL,False,MODEL_INVALID: ordered physical replay did not validate the resident-worker event model
experiment-021-independent-machine-sweep-v1,4,8,1,1,16,4096,INDEPENDENT_MACHINE_RTX5090_SHARD_SERVICE,1.0137388288648792,12,1,independent_machine_fast_lan,independent_machine_fast_lan,1.0,homogeneous,0.0,hybrid,C_full_layer_stripes_plus_worker_wavefront,1595.6696243999916,8.147049866220458,8833.334900000005,175.43399999999914,1420.2356243999986,1851346224,142411248.0,0.6794873000000005,0.007440614135165999,0.006726204369551611,0.011488562368850782,744,744,744,24,91546,True,PHYSICAL_SHARD_EXECUTION inputs + SHAPED_NETWORK + UNVALIDATED_INDEPENDENT_MACHINE_MODEL_DIAGNOSTIC_ONLY,B,1.0,10.0,0.04245,744,744,True,93,False,False,False,True,2693971098,2.5089560989290476,1560860324864,0.6794873000000005,91.32140004258414,833.0,10829,80717,1351.5390355999932,1351.5390355999932,103.96454119999947,7215,28925,1.8219584824343977,4848.26355,E018 physical layer-89/91 controls; post-schedule diagnostic only,0.10994381124850099,0.8900561887515029,True,True,True,FAIL,False,MODEL_INVALID: ordered physical replay did not validate the resident-worker event model
experiment-021-independent-machine-sweep-v1,4,8,1,1,16,4096,INDEPENDENT_MACHINE_RTX5090_SHARD_SERVICE,1.0137388288648792,16,1,independent_machine_fast_lan,independent_machine_fast_lan,1.0,homogeneous,0.0,hybrid,C_full_layer_stripes_plus_worker_wavefront,1662.2112851999902,10.227340020708999,11551.284100000004,183.960399999999,1478.2508851999985,2420991216,142411248.0,0.6794873000000002,0.009340521044157939,0.008443691921097349,0.014422083530202794,744,744,744,25,119714,True,PHYSICAL_SHARD_EXECUTION inputs + SHAPED_NETWORK + UNVALIDATED_INDEPENDENT_MACHINE_MODEL_DIAGNOSTIC_ONLY,B,1.0,10.0,0.04245,744,744,True,93,False,False,False,True,2693971098,2.5089560989290476,1560860324864,0.6794873000000002,72.74618801110546,833.0,14161,105553,2333.0013171999844,2333.0013171999844,137.2353715999991,9435,37825,1.8219584824343977,6340.036949999998,E018 physical layer-89/91 controls; post-schedule diagnostic only,0.11067209183209561,0.8893279081679087,True,True,True,FAIL,False,MODEL_INVALID: ordered physical replay did not validate the resident-worker event model
experiment-021-independent-machine-sweep-v1,4,8,1,1,16,4096,INDEPENDENT_MACHINE_RTX5090_SHARD_SERVICE,1.0137388288648792,7,1,independent_machine_regional_independent_machines,independent_machine_regional_independent_machines,1.0,homogeneous,0.0,hybrid,C_full_layer_stripes_plus_worker_wavefront,6704.847134000071,1.1931666509490202,5435.898399999986,164.77599999999933,6540.071134000038,1139289984,142411248.0,0.6794872999999984,0.001089706432934667,0.0009850783870235112,0.0016825439528357616,744,744,744,16,56336,True,PHYSICAL_SHARD_EXECUTION inputs + SHAPED_NETWORK + UNVALIDATED_INDEPENDENT_MACHINE_MODEL_DIAGNOSTIC_ONLY,C,5.0,1.0,0.04245,744,744,True,93,False,False,False,True,2693971098,2.5089560989290476,1560860324864,0.6794872999999984,623.5507834620066,833.0,6664,49672,2055.837055999992,2055.837055999992,256.979631999999,4440,17800,1.821958482434392,2983.5468,E018 physical layer-89/91 controls; post-schedule diagnostic only,0.024575653509596868,0.9754243464903982,True,True,True,FAIL,False,MODEL_INVALID: ordered physical replay did not validate the resident-worker event model
experiment-021-independent-machine-sweep-v1,4,8,1,1,16,4096,INDEPENDENT_MACHINE_RTX5090_SHARD_SERVICE,1.0137388288648792,12,1,independent_machine_regional_independent_machines,independent_machine_regional_independent_machines,1.0,homogeneous,0.0,hybrid,C_full_layer_stripes_plus_worker_wavefront,7066.029394000076,1.8397885538147623,8833.334900000005,175.43399999999914,6890.59539400004,1851346224,142411248.0,0.6794873000000005,0.001680259350809809,0.0015189294300294678,0.0025943778291618877,744,744,744,17,91546,True,PHYSICAL_SHARD_EXECUTION inputs + SHAPED_NETWORK + UNVALIDATED_INDEPENDENT_MACHINE_MODEL_DIAGNOSTIC_ONLY,C,5.0,1.0,0.04245,744,744,True,93,False,False,False,True,2693971098,2.5089560989290476,1560860324864,0.6794873000000005,404.39429762585047,833.0,10829,80717,5688.4199059999655,5688.4199059999655,437.57076199999733,7215,28925,1.8219584824343977,4848.26355,E018 physical layer-89/91 controls; post-schedule diagnostic only,0.024827805011533647,0.9751721949884612,True,True,True,FAIL,False,MODEL_INVALID: ordered physical replay did not validate the resident-worker event model
experiment-021-independent-machine-sweep-v1,4,8,1,1,16,4096,INDEPENDENT_MACHINE_RTX5090_SHARD_SERVICE,1.0137388288648792,16,1,independent_machine_regional_independent_machines,independent_machine_regional_independent_machines,1.0,homogeneous,0.0,hybrid,C_full_layer_stripes_plus_worker_wavefront,7354.97520200008,2.3113606141564005,11551.284100000004,183.960399999999,7171.0148020000415,2420991216,142411248.0,0.6794873000000002,0.002110941106235854,0.0019082593230475243,0.003259365170052648,744,744,744,18,119714,True,PHYSICAL_SHARD_EXECUTION inputs + SHAPED_NETWORK + UNVALIDATED_INDEPENDENT_MACHINE_MODEL_DIAGNOSTIC_ONLY,C,5.0,1.0,0.04245,744,744,True,93,False,False,False,True,2693971098,2.5089560989290476,1560860324864,0.6794873000000002,321.8883264875329,833.0,14161,105553,9894.74232199991,9894.74232199991,582.0436659999947,9435,37825,1.8219584824343977,6340.036949999998,E018 physical layer-89/91 controls; post-schedule diagnostic only,0.025011695477909105,0.9749883045220856,True,True,True,FAIL,False,MODEL_INVALID: ordered physical replay did not validate the resident-worker event model
experiment-021-independent-machine-sweep-v1,4,8,1,1,16,4096,INDEPENDENT_MACHINE_RTX5090_SHARD_SERVICE,1.0137388288648792,7,1,independent_machine_consumer_wan_like,independent_machine_consumer_wan_like,1.0,homogeneous,0.0,hybrid,C_full_layer_stripes_plus_worker_wavefront,28540.892990000335,0.28029956886082374,5435.898399999986,164.77599999999933,28376.116990000155,1139289984,142411248.0,0.6794872999999984,0.00025599461994140485,0.00023141532405149612,0.00039526443702909075,744,744,744,16,56336,True,PHYSICAL_SHARD_EXECUTION inputs + SHAPED_NETWORK + UNVALIDATED_INDEPENDENT_MACHINE_MODEL_DIAGNOSTIC_ONLY,D,20.0,0.1,0.04245,744,744,True,93,False,False,False,True,2693971098,2.5089560989290476,1560860324864,0.6794872999999984,2654.3030480700313,833.0,6664,49672,8524.127359999982,8524.127359999982,1065.5159199999978,4440,17800,1.821958482434392,2983.5468,E018 physical layer-89/91 controls; post-schedule diagnostic only,0.005773330219826363,0.9942266697801673,True,True,True,FAIL,False,MODEL_INVALID: ordered physical replay did not validate the resident-worker event model
experiment-021-independent-machine-sweep-v1,4,8,1,1,16,4096,INDEPENDENT_MACHINE_RTX5090_SHARD_SERVICE,1.0137388288648792,12,1,independent_machine_consumer_wan_like,independent_machine_consumer_wan_like,1.0,homogeneous,0.0,hybrid,C_full_layer_stripes_plus_worker_wavefront,30057.127090000373,0.4325097325860174,8833.334900000005,175.43399999999914,29881.69309000017,1851346224,142411248.0,0.6794873000000005,0.0003950065462615526,0.000357080035223016,0.0006099035994061727,744,744,744,16,91546,True,PHYSICAL_SHARD_EXECUTION inputs + SHAPED_NETWORK + UNVALIDATED_INDEPENDENT_MACHINE_MODEL_DIAGNOSTIC_ONLY,D,20.0,0.1,0.04245,744,744,True,93,False,False,False,True,2693971098,2.5089560989290476,1560860324864,0.6794873000000005,1720.1925042277135,833.0,10829,80717,23707.22860999994,23707.22860999994,1823.6329699999953,7215,28925,1.8219584824343977,4848.26355,E018 physical layer-89/91 controls; post-schedule diagnostic only,0.005836685571268847,0.9941633144287244,True,True,True,FAIL,False,MODEL_INVALID: ordered physical replay did not validate the resident-worker event model
experiment-021-independent-machine-sweep-v1,4,8,1,1,16,4096,INDEPENDENT_MACHINE_RTX5090_SHARD_SERVICE,1.0137388288648792,16,1,independent_machine_consumer_wan_like,independent_machine_consumer_wan_like,1.0,homogeneous,0.0,hybrid,C_full_layer_stripes_plus_worker_wavefront,31270.114370000403,0.5436500742801659,11551.284100000004,183.960399999999,31086.153970000185,2420991216,142411248.0,0.6794873000000002,0.0004965098402115989,0.0004488375013257049,0.0007666281522461758,744,744,744,16,119714,True,PHYSICAL_SHARD_EXECUTION inputs + SHAPED_NETWORK + UNVALIDATED_INDEPENDENT_MACHINE_MODEL_DIAGNOSTIC_ONLY,D,20.0,0.1,0.04245,744,744,True,93,False,False,False,True,2693971098,2.5089560989290476,1560860324864,0.6794873000000002,1368.527358310606,833.0,14161,105553,41312.15236999973,41312.15236999973,2430.126609999984,9435,37825,1.8219584824343977,6340.036949999998,E018 physical layer-89/91 controls; post-schedule diagnostic only,0.005882946183800498,0.9941170538161925,True,True,True,FAIL,False,MODEL_INVALID: ordered physical replay did not validate the resident-worker event model
experiment-021-independent-machine-sweep-v1,4,8,1,1,16,4096,INDEPENDENT_MACHINE_RTX5090_SHARD_SERVICE,1.0137388288648792,7,1,independent_machine_wider_wan_sensitivity,independent_machine_wider_wan_sensitivity,1.0,homogeneous,0.0,hybrid,C_full_layer_stripes_plus_worker_wavefront,64645.892989999724,0.1237510943075308,5435.898399999986,164.77599999999933,64481.11699000014,1139289984,142411248.0,0.6794872999999984,0.00011302056040735146,0.00010216890346029746,0.00017450760563776464,744,744,744,16,56336,True,PHYSICAL_SHARD_EXECUTION inputs + SHAPED_NETWORK + UNVALIDATED_INDEPENDENT_MACHINE_MODEL_DIAGNOSTIC_ONLY,E,50.0,0.1,0.04245,744,744,True,93,False,False,False,True,2693971098,2.5089560989290476,1560860324864,0.6794872999999984,6012.068048069975,833.0,6664,49672,19444.127359999453,19444.127359999453,2430.5159199999316,4440,17800,1.821958482434392,2983.5468,E018 physical layer-89/91 controls; post-schedule diagnostic only,0.0025489012894522015,0.9974510987105543,True,True,True,FAIL,False,MODEL_INVALID: ordered physical replay did not validate the resident-worker event model
experiment-021-independent-machine-sweep-v1,4,8,1,1,16,4096,INDEPENDENT_MACHINE_RTX5090_SHARD_SERVICE,1.0137388288648792,12,1,independent_machine_wider_wan_sensitivity,independent_machine_wider_wan_sensitivity,1.0,homogeneous,0.0,hybrid,C_full_layer_stripes_plus_worker_wavefront,68112.12708999962,0.19086175333832278,8833.334900000005,175.43399999999914,67936.69309000007,1851346224,142411248.0,0.6794873000000005,0.00017431201270043414,0.0001575754635561193,0.000269143701470036,744,744,744,16,91546,True,PHYSICAL_SHARD_EXECUTION inputs + SHAPED_NETWORK + UNVALIDATED_INDEPENDENT_MACHINE_MODEL_DIAGNOSTIC_ONLY,E,50.0,0.1,0.04245,744,744,True,93,False,False,False,True,2693971098,2.5089560989290476,1560860324864,0.6794873000000005,3898.1094273045937,833.0,10829,80717,54127.22860999914,54127.22860999914,4163.632969999934,7215,28925,1.8219584824343977,4848.26355,E018 physical layer-89/91 controls; post-schedule diagnostic only,0.0025756646796273198,0.9974243353203793,True,True,True,FAIL,False,MODEL_INVALID: ordered physical replay did not validate the resident-worker event model
experiment-021-independent-machine-sweep-v1,4,8,1,1,16,4096,INDEPENDENT_MACHINE_RTX5090_SHARD_SERVICE,1.0137388288648792,16,1,independent_machine_wider_wan_sensitivity,independent_machine_wider_wan_sensitivity,1.0,homogeneous,0.0,hybrid,C_full_layer_stripes_plus_worker_wavefront,70885.1143699995,0.23982468182621514,11551.284100000004,183.960399999999,70701.15396999998,2420991216,142411248.0,0.6794873000000002,0.000219029335386363,0.0001979992573157232,0.0003381887750772372,744,744,744,16,119714,True,PHYSICAL_SHARD_EXECUTION inputs + SHAPED_NETWORK + UNVALIDATED_INDEPENDENT_MACHINE_MODEL_DIAGNOSTIC_ONLY,E,50.0,0.1,0.04245,744,744,True,93,False,False,False,True,2693971098,2.5089560989290476,1560860324864,0.6794873000000002,3102.266181839978,833.0,14161,105553,94352.15236999925,94352.15236999925,5550.126609999956,9435,37825,1.8219584824343977,6340.036949999998,E018 physical layer-89/91 controls; post-schedule diagnostic only,0.002595190846977825,0.997404809153029,True,True,True,FAIL,False,MODEL_INVALID: ordered physical replay did not validate the resident-worker event model
experiment-021-independent-machine-sweep-v1,4,8,1,2,16,4096,INDEPENDENT_MACHINE_RTX5090_SHARD_SERVICE,1.0137388288648792,7,2,independent_machine_very_fast_independent_hosts,independent_machine_very_fast_independent_hosts,1.0,homogeneous,0.0,hybrid,C_full_layer_stripes_plus_worker_wavefront,599.0387386399988,13.354728974894758,3510.377999999985,181.05029999999965,417.9884386399998,1139289536,142411192.0,0.43879724999999814,0.00787636874822465,0.007358121796942641,0.012202549732585714,744,744,744,25,28168,True,PHYSICAL_SHARD_EXECUTION inputs + SHAPED_NETWORK + UNVALIDATED_INDEPENDENT_MACHINE_MODEL_DIAGNOSTIC_ONLY,A,0.25,25.0,0.04245,744,744,True,93,False,False,False,True,2693971098,2.5089560989290476,1560860324864,0.43879724999999814,55.71060269351988,416.5,3332,24836,73.92546080000086,73.92546080000086,9.240682600000108,2220,8900,1.7142337277404276,2047.7826,E018 physical layer-89/91 controls; post-schedule diagnostic only,0.302234710915423,0.6977652890845781,True,True,True,FAIL,False,MODEL_INVALID: ordered physical replay did not validate the resident-worker event model
experiment-021-independent-machine-sweep-v1,4,8,1,2,16,4096,INDEPENDENT_MACHINE_RTX5090_SHARD_SERVICE,1.0137388288648792,12,2,independent_machine_very_fast_independent_hosts,independent_machine_very_fast_independent_hosts,1.0,homogeneous,0.0,hybrid,C_full_layer_stripes_plus_worker_wavefront,621.7401383199983,20.909057013959643,6143.161500000029,189.89039999999972,431.84973831999986,1851345552,142411196.30769232,0.47255088461538686,0.013280367457553956,0.012406549818133062,0.020574753360086448,744,744,744,33,49294,True,PHYSICAL_SHARD_EXECUTION inputs + SHAPED_NETWORK + UNVALIDATED_INDEPENDENT_MACHINE_MODEL_DIAGNOSTIC_ONLY,A,0.25,25.0,0.04245,744,744,True,93,False,False,False,True,2693971098,2.5089560989290476,1560860324864,0.47255088461538686,35.58266637769837,448.53846153846155,5831,43463,224.91995352000038,224.91995352000038,17.301534886153874,3885,15575,1.783409027519684,3444.6172500000002,E018 physical layer-89/91 controls; post-schedule diagnostic only,0.3054176307695074,0.6945823692304945,True,True,True,FAIL,False,MODEL_INVALID: ordered physical replay did not validate the resident-worker event model
experiment-021-independent-machine-sweep-v1,4,8,1,2,16,4096,INDEPENDENT_MACHINE_RTX5090_SHARD_SERVICE,1.0137388288648792,16,2,independent_machine_very_fast_independent_hosts,independent_machine_very_fast_independent_hosts,1.0,homogeneous,0.0,hybrid,C_full_layer_stripes_plus_worker_wavefront,636.9810919199981,26.68839030803621,7898.350499999947,195.78379999999976,441.1972919199998,2420990320,142411195.29411766,0.4646088529411734,0.01666621291379451,0.015569614429380266,0.02582031116563452,744,744,744,33,63378,True,PHYSICAL_SHARD_EXECUTION inputs + SHAPED_NETWORK + UNVALIDATED_INDEPENDENT_MACHINE_MODEL_DIAGNOSTIC_ONLY,A,0.25,25.0,0.04245,744,744,True,93,False,False,False,True,2693971098,2.5089560989290476,1560860324864,0.4646088529411734,27.87729014049874,441.0,7497,55881,353.32840552000107,353.32840552000107,20.78402385411771,4995,20025,1.7675585514992347,4468.5085500000005,E018 physical layer-89/91 controls; post-schedule diagnostic only,0.307362027670029,0.6926379723299733,True,True,True,FAIL,False,MODEL_INVALID: ordered physical replay did not validate the resident-worker event model
experiment-021-independent-machine-sweep-v1,4,8,1,2,16,4096,INDEPENDENT_MACHINE_RTX5090_SHARD_SERVICE,1.0137388288648792,7,2,independent_machine_fast_lan,independent_machine_fast_lan,1.0,homogeneous,0.0,hybrid,C_full_layer_stripes_plus_worker_wavefront,1511.1903716000074,5.293839975654302,3510.377999999985,181.05029999999965,1330.1400716000062,1139289536,142411192.0,0.43879724999999814,0.0031222075581413644,0.0029167734805861296,0.004837113931754729,744,744,744,16,28168,True,PHYSICAL_SHARD_EXECUTION inputs + SHAPED_NETWORK + UNVALIDATED_INDEPENDENT_MACHINE_MODEL_DIAGNOSTIC_ONLY,B,1.0,10.0,0.04245,744,744,True,93,False,False,False,True,2693971098,2.5089560989290476,1560860324864,0.43879724999999814,140.5407045588007,416.5,3332,24836,135.3061520000012,135.3061520000012,16.91326900000015,2220,8900,1.7142337277404276,2047.7826,E018 physical layer-89/91 controls; post-schedule diagnostic only,0.1198064144680253,0.8801935855319737,True,True,True,FAIL,False,MODEL_INVALID: ordered physical replay did not validate the resident-worker event model
experiment-021-independent-machine-sweep-v1,4,8,1,2,16,4096,INDEPENDENT_MACHINE_RTX5090_SHARD_SERVICE,1.0137388288648792,12,2,independent_machine_fast_lan,independent_machine_fast_lan,1.0,homogeneous,0.0,hybrid,C_full_layer_stripes_plus_worker_wavefront,1564.342070800008,8.310202891463355,6143.161500000029,189.89039999999972,1374.4516708000062,1851345552,142411196.30769232,0.47255088461538686,0.005278217375933248,0.004930922810287409,0.00817733553215638,744,744,744,17,49294,True,PHYSICAL_SHARD_EXECUTION inputs + SHAPED_NETWORK + UNVALIDATED_INDEPENDENT_MACHINE_MODEL_DIAGNOSTIC_ONLY,B,1.0,10.0,0.04245,744,744,True,93,False,False,False,True,2693971098,2.5089560989290476,1560860324864,0.47255088461538686,89.52850005193893,448.53846153846155,5831,43463,463.05545880001387,463.05545880001387,35.619650676924145,3885,15575,1.783409027519684,3444.6172500000002,E018 physical layer-89/91 controls; post-schedule diagnostic only,0.12138675008777929,0.8786132499122193,True,True,True,FAIL,False,MODEL_INVALID: ordered physical replay did not validate the resident-worker event model
experiment-021-independent-machine-sweep-v1,4,8,1,2,16,4096,INDEPENDENT_MACHINE_RTX5090_SHARD_SERVICE,1.0137388288648792,16,2,independent_machine_fast_lan,independent_machine_fast_lan,1.0,homogeneous,0.0,hybrid,C_full_layer_stripes_plus_worker_wavefront,1600.0432548000085,10.624712768858771,7898.350499999947,195.78379999999976,1404.2594548000063,2420990320,142411195.29411766,0.4646088529411734,0.00663485969404428,0.006198301183576196,0.010279128361474035,744,744,744,25,63378,True,PHYSICAL_SHARD_EXECUTION inputs + SHAPED_NETWORK + UNVALIDATED_INDEPENDENT_MACHINE_MODEL_DIAGNOSTIC_ONLY,B,1.0,10.0,0.04245,744,744,True,93,False,False,False,True,2693971098,2.5089560989290476,1560860324864,0.4646088529411734,70.02542244536507,441.0,7497,55881,744.9156388000154,744.9156388000154,43.8185669882362,4995,20025,1.7675585514992347,4468.5085500000005,E018 physical layer-89/91 controls; post-schedule diagnostic only,0.12236156704680526,0.8776384329531932,True,True,True,FAIL,False,MODEL_INVALID: ordered physical replay did not validate the resident-worker event model
experiment-021-independent-machine-sweep-v1,4,8,1,2,16,4096,INDEPENDENT_MACHINE_RTX5090_SHARD_SERVICE,1.0137388288648792,7,2,independent_machine_regional_independent_machines,independent_machine_regional_independent_machines,1.0,homogeneous,0.0,hybrid,C_full_layer_stripes_plus_worker_wavefront,6845.089866000025,1.1687209600762851,3510.377999999985,181.05029999999965,6664.0395660000295,1139289536,142411192.0,0.43879724999999814,0.0006892897087349917,0.0006439360309780312,0.0010678895592457038,744,744,744,16,28168,True,PHYSICAL_SHARD_EXECUTION inputs + SHAPED_NETWORK + UNVALIDATED_INDEPENDENT_MACHINE_MODEL_DIAGNOSTIC_ONLY,C,5.0,1.0,0.04245,744,744,True,93,False,False,False,True,2693971098,2.5089560989290476,1560860324864,0.43879724999999814,636.5933575380024,416.5,3332,24836,490.51651999999814,490.51651999999814,61.31456499999977,2220,8900,1.7142337277404276,2047.7826,E018 physical layer-89/91 controls; post-schedule diagnostic only,0.026449660054762382,0.9735503399452382,True,True,True,FAIL,False,MODEL_INVALID: ordered physical replay did not validate the resident-worker event model
experiment-021-independent-machine-sweep-v1,4,8,1,2,16,4096,INDEPENDENT_MACHINE_RTX5090_SHARD_SERVICE,1.0137388288648792,12,2,independent_machine_regional_independent_machines,independent_machine_regional_independent_machines,1.0,homogeneous,0.0,hybrid,C_full_layer_stripes_plus_worker_wavefront,7072.246058000024,1.838171338127381,6143.161500000029,189.89039999999972,6882.35565800003,1851345552,142411196.30769232,0.47255088461538686,0.0011675127579391655,0.0010906931032574057,0.0018087818063866287,744,744,744,16,49294,True,PHYSICAL_SHARD_EXECUTION inputs + SHAPED_NETWORK + UNVALIDATED_INDEPENDENT_MACHINE_MODEL_DIAGNOSTIC_ONLY,C,5.0,1.0,0.04245,744,744,True,93,False,False,False,True,2693971098,2.5089560989290476,1560860324864,0.47255088461538686,404.75008208861675,448.53846153846155,5831,43463,2055.838037999983,2055.838037999983,158.14138753846024,3885,15575,1.783409027519684,3444.6172500000002,E018 physical layer-89/91 controls; post-schedule diagnostic only,0.02685008389734947,0.9731499161026513,True,True,True,FAIL,False,MODEL_INVALID: ordered physical replay did not validate the resident-worker event model
experiment-021-independent-machine-sweep-v1,4,8,1,2,16,4096,INDEPENDENT_MACHINE_RTX5090_SHARD_SERVICE,1.0137388288648792,16,2,independent_machine_regional_independent_machines,independent_machine_regional_independent_machines,1.0,homogeneous,0.0,hybrid,C_full_layer_stripes_plus_worker_wavefront,7226.350698000024,2.3525013814656055,7898.350499999947,195.78379999999976,7030.566898000031,2420990320,142411195.29411766,0.4646088529411734,0.0014690765704103064,0.0013724147103384835,0.0022759828144725807,744,744,744,24,63378,True,PHYSICAL_SHARD_EXECUTION inputs + SHAPED_NETWORK + UNVALIDATED_INDEPENDENT_MACHINE_MODEL_DIAGNOSTIC_ONLY,C,5.0,1.0,0.04245,744,744,True,93,False,False,False,True,2693971098,2.5089560989290476,1560860324864,0.4646088529411734,316.25911290070695,441.0,7497,55881,3225.724137999975,3225.724137999975,189.74847870588087,4995,20025,1.7675585514992347,4468.5085500000005,E018 physical layer-89/91 controls; post-schedule diagnostic only,0.027093038821681487,0.9729069611783194,True,True,True,FAIL,False,MODEL_INVALID: ordered physical replay did not validate the resident-worker event model
experiment-021-independent-machine-sweep-v1,4,8,1,2,16,4096,INDEPENDENT_MACHINE_RTX5090_SHARD_SERVICE,1.0137388288648792,7,2,independent_machine_consumer_wan_like,independent_machine_consumer_wan_like,1.0,homogeneous,0.0,hybrid,C_full_layer_stripes_plus_worker_wavefront,31396.584810000266,0.25480478365442744,3510.377999999985,181.05029999999965,31215.534510000285,1139289536,142411192.0,0.43879724999999814,0.0001502790838096878,0.00014039106567399816,0.00023282150094464172,744,744,744,16,28168,True,PHYSICAL_SHARD_EXECUTION inputs + SHAPED_NETWORK + UNVALIDATED_INDEPENDENT_MACHINE_MODEL_DIAGNOSTIC_ONLY,D,20.0,0.1,0.04245,744,744,True,93,False,False,False,True,2693971098,2.5089560989290476,1560860324864,0.43879724999999814,2919.8823873300244,416.5,3332,24836,2092.6202000000085,2092.6202000000085,261.57752500000106,2220,8900,1.7142337277404276,2047.7826,E018 physical layer-89/91 controls; post-schedule diagnostic only,0.0057665603152586365,0.994233439684742,True,True,True,FAIL,False,MODEL_INVALID: ordered physical replay did not validate the resident-worker event model
experiment-021-independent-machine-sweep-v1,4,8,1,2,16,4096,INDEPENDENT_MACHINE_RTX5090_SHARD_SERVICE,1.0137388288648792,12,2,independent_machine_consumer_wan_like,independent_machine_consumer_wan_like,1.0,homogeneous,0.0,hybrid,C_full_layer_stripes_plus_worker_wavefront,32388.785930000282,0.4013734885925033,6143.161500000029,189.89039999999972,32198.8955300003,1851345552,142411196.30769232,0.47255088461538686,0.0002549319853434818,0.00023815804694473565,0.00039495614400758387,744,744,744,16,49294,True,PHYSICAL_SHARD_EXECUTION inputs + SHAPED_NETWORK + UNVALIDATED_INDEPENDENT_MACHINE_MODEL_DIAGNOSTIC_ONLY,D,20.0,0.1,0.04245,744,744,True,93,False,False,False,True,2693971098,2.5089560989290476,1560860324864,0.47255088461538686,1853.6351332246315,448.53846153846155,5831,43463,11158.663830000118,11158.663830000118,858.3587561538552,3885,15575,1.783409027519684,3444.6172500000002,E018 physical layer-89/91 controls; post-schedule diagnostic only,0.0058628440229404446,0.9941371559770601,True,True,True,FAIL,False,MODEL_INVALID: ordered physical replay did not validate the resident-worker event model
experiment-021-independent-machine-sweep-v1,4,8,1,2,16,4096,INDEPENDENT_MACHINE_RTX5090_SHARD_SERVICE,1.0137388288648792,16,2,independent_machine_consumer_wan_like,independent_machine_consumer_wan_like,1.0,homogeneous,0.0,hybrid,C_full_layer_stripes_plus_worker_wavefront,33076.925130000294,0.5139534564711169,7898.350499999947,195.78379999999976,32881.14133000031,2420990320,142411195.29411766,0.4646088529411734,0.00032095070682284745,0.0002998328883661839,0.0004972363644854871,744,744,744,16,63378,True,PHYSICAL_SHARD_EXECUTION inputs + SHAPED_NETWORK + UNVALIDATED_INDEPENDENT_MACHINE_MODEL_DIAGNOSTIC_ONLY,D,20.0,0.1,0.04245,744,744,True,93,False,False,False,True,2693971098,2.5089560989290476,1560860324864,0.4646088529411734,1447.6018998070715,441.0,7497,55881,16333.809130000105,16333.809130000105,960.8123017647121,4995,20025,1.7675585514992347,4468.5085500000005,E018 physical layer-89/91 controls; post-schedule diagnostic only,0.0059190447488852785,0.9940809552511153,True,True,True,FAIL,False,MODEL_INVALID: ordered physical replay did not validate the resident-worker event model
experiment-021-independent-machine-sweep-v1,4,8,1,2,16,4096,INDEPENDENT_MACHINE_RTX5090_SHARD_SERVICE,1.0137388288648792,7,2,independent_machine_wider_wan_sensitivity,independent_machine_wider_wan_sensitivity,1.0,homogeneous,0.0,hybrid,C_full_layer_stripes_plus_worker_wavefront,65941.58481000066,0.12131949850842418,3510.377999999985,181.05029999999965,65760.53451000068,1139289536,142411192.0,0.43879724999999814,7.155196547967155e-05,6.684401069067901e-05,0.00011085265877460988,744,744,744,16,28168,True,PHYSICAL_SHARD_EXECUTION inputs + SHAPED_NETWORK + UNVALIDATED_INDEPENDENT_MACHINE_MODEL_DIAGNOSTIC_ONLY,E,50.0,0.1,0.04245,744,744,True,93,False,False,False,True,2693971098,2.5089560989290476,1560860324864,0.43879724999999814,6132.567387330061,416.5,3332,24836,4432.620199999893,4432.620199999893,554.0775249999866,2220,8900,1.7142337277404276,2047.7826,E018 physical layer-89/91 controls; post-schedule diagnostic only,0.002745616450099963,0.9972543835499005,True,True,True,FAIL,False,MODEL_INVALID: ordered physical replay did not validate the resident-worker event model
experiment-021-independent-machine-sweep-v1,4,8,1,2,16,4096,INDEPENDENT_MACHINE_RTX5090_SHARD_SERVICE,1.0137388288648792,12,2,independent_machine_wider_wan_sensitivity,independent_machine_wider_wan_sensitivity,1.0,homogeneous,0.0,hybrid,C_full_layer_stripes_plus_worker_wavefront,68103.78593000054,0.19088512954862533,6143.161500000029,189.89039999999972,67913.8955300006,1851345552,142411196.30769232,0.47255088461538686,0.00012124050648941559,0.00011326315996482722,0.00018783316999657285,744,744,744,16,49294,True,PHYSICAL_SHARD_EXECUTION inputs + SHAPED_NETWORK + UNVALIDATED_INDEPENDENT_MACHINE_MODEL_DIAGNOSTIC_ONLY,E,50.0,0.1,0.04245,744,744,True,93,False,False,False,True,2693971098,2.5089560989290476,1560860324864,0.47255088461538686,3897.6320563015693,448.53846153846155,5831,43463,19348.66383000014,19348.66383000014,1488.3587561538568,3885,15575,1.783409027519684,3444.6172500000002,E018 physical layer-89/91 controls; post-schedule diagnostic only,0.002788250277233864,0.9972117497227672,True,True,True,FAIL,False,MODEL_INVALID: ordered physical replay did not validate the resident-worker event model
experiment-021-independent-machine-sweep-v1,4,8,1,2,16,4096,INDEPENDENT_MACHINE_RTX5090_SHARD_SERVICE,1.0137388288648792,16,2,independent_machine_wider_wan_sensitivity,independent_machine_wider_wan_sensitivity,1.0,homogeneous,0.0,hybrid,C_full_layer_stripes_plus_worker_wavefront,69571.92513000045,0.2443514387194864,7898.350499999947,195.78379999999976,69376.14133000055,2420990320,142411195.29411766,0.4646088529411734,0.0001525911850241757,0.0001425510359454378,0.00023640354883478393,744,744,744,16,63378,True,PHYSICAL_SHARD_EXECUTION inputs + SHAPED_NETWORK + UNVALIDATED_INDEPENDENT_MACHINE_MODEL_DIAGNOSTIC_ONLY,E,50.0,0.1,0.04245,744,744,True,93,False,False,False,True,2693971098,2.5089560989290476,1560860324864,0.4646088529411734,3044.7948409835494,441.0,7497,55881,30373.809129999918,30373.809129999918,1786.6946547058776,4995,20025,1.7675585514992347,4468.5085500000005,E018 physical layer-89/91 controls; post-schedule diagnostic only,0.002814120776939301,0.9971858792230621,True,True,True,FAIL,False,MODEL_INVALID: ordered physical replay did not validate the resident-worker event model
experiment-021-independent-machine-sweep-v1,4,8,1,4,16,4096,INDEPENDENT_MACHINE_RTX5090_SHARD_SERVICE,1.0137388288648792,7,4,independent_machine_very_fast_independent_hosts,independent_machine_very_fast_independent_hosts,1.0,homogeneous,0.0,hybrid,C_full_layer_stripes_plus_worker_wavefront,671.1484893600039,11.919865911683223,2588.074199999982,230.7967,440.3517893600014,1139289312,142411164.0,0.3235092749999977,0.005183047283851953,0.004963432165624894,0.007098727145379048,744,744,744,16,14084,True,PHYSICAL_SHARD_EXECUTION inputs + SHAPED_NETWORK + UNVALIDATED_INDEPENDENT_MACHINE_MODEL_DIAGNOSTIC_ONLY,A,0.25,25.0,0.04245,744,744,True,93,False,False,False,True,2693971098,2.5089560989290476,1560860324864,0.3235092749999977,62.416809510480356,208.25,1666,12418,34.519238240000774,34.519238240000774,4.314904780000097,1110,4450,1.7547445902802288,1474.9008000000001,E018 physical layer-89/91 controls; post-schedule diagnostic only,0.34388321460737237,0.656116785392624,True,True,True,FAIL,False,MODEL_INVALID: ordered physical replay did not validate the resident-worker event model
experiment-021-independent-machine-sweep-v1,4,8,1,4,16,4096,INDEPENDENT_MACHINE_RTX5090_SHARD_SERVICE,1.0137388288648792,12,4,independent_machine_very_fast_independent_hosts,independent_machine_very_fast_independent_hosts,1.0,homogeneous,0.0,hybrid,C_full_layer_stripes_plus_worker_wavefront,689.0298736800041,18.867106487805774,5176.148399999964,239.17049999999995,449.8593736800015,1851345216,142411170.46153846,0.3981652615384587,0.010097078480095688,0.009669246943412094,0.013829008529208162,744,744,744,32,28168,True,PHYSICAL_SHARD_EXECUTION inputs + SHAPED_NETWORK + UNVALIDATED_INDEPENDENT_MACHINE_MODEL_DIAGNOSTIC_ONLY,A,0.25,25.0,0.04245,744,744,True,93,False,False,False,True,2693971098,2.5089560989290476,1560860324864,0.3981652615384587,39.433709693686396,256.3076923076923,3332,24836,152.36760160000418,152.36760160000418,11.72058473846186,2220,8900,2.0021503545891757,2585.29455,E018 physical layer-89/91 controls; post-schedule diagnostic only,0.3471119455570577,0.6528880544429384,True,True,True,FAIL,False,MODEL_INVALID: ordered physical replay did not validate the resident-worker event model
experiment-021-independent-machine-sweep-v1,4,8,1,4,16,4096,INDEPENDENT_MACHINE_RTX5090_SHARD_SERVICE,1.0137388288648792,16,4,independent_machine_very_fast_independent_hosts,independent_machine_very_fast_independent_hosts,1.0,homogeneous,0.0,hybrid,C_full_layer_stripes_plus_worker_wavefront,698.2106119200043,24.347954198593204,6470.185499999962,243.35739999999993,454.8532119200015,2420989872,142411168.94117647,0.3805991470588213,0.012455390592220261,0.01192763309211084,0.01705896443946435,744,744,744,32,35210,True,PHYSICAL_SHARD_EXECUTION inputs + SHAPED_NETWORK + UNVALIDATED_INDEPENDENT_MACHINE_MODEL_DIAGNOSTIC_ONLY,A,0.25,25.0,0.04245,744,744,True,93,False,False,False,True,2693971098,2.5089560989290476,1560860324864,0.3805991470588213,30.55698207461666,245.0,4165,31045,201.7598045600048,201.7598045600048,11.86822379764734,2775,11125,1.947241090532682,3322.7449500000002,E018 physical layer-89/91 controls; post-schedule diagnostic only,0.3485444017111014,0.6514555982888944,True,True,True,FAIL,False,MODEL_INVALID: ordered physical replay did not validate the resident-worker event model
experiment-021-independent-machine-sweep-v1,4,8,1,4,16,4096,INDEPENDENT_MACHINE_RTX5090_SHARD_SERVICE,1.0137388288648792,7,4,independent_machine_fast_lan,independent_machine_fast_lan,1.0,homogeneous,0.0,hybrid,C_full_layer_stripes_plus_worker_wavefront,1610.4062483999962,4.967690610955046,2588.074199999982,230.7967,1379.6095484000093,1139289312,142411164.0,0.3235092749999977,0.002160072564481685,0.0020685463704016808,0.0029584460472216407,744,744,744,16,14084,True,PHYSICAL_SHARD_EXECUTION inputs + SHAPED_NETWORK + UNVALIDATED_INDEPENDENT_MACHINE_MODEL_DIAGNOSTIC_ONLY,B,1.0,10.0,0.04245,744,744,True,93,False,False,False,True,2693971098,2.5089560989290476,1560860324864,0.3235092749999977,149.76778110119966,208.25,1666,12418,45.22944559999748,45.22944559999748,5.653680699999685,1110,4450,1.7547445902802288,1474.9008000000001,E018 physical layer-89/91 controls; post-schedule diagnostic only,0.14331582495367604,0.8566841750463321,True,True,True,FAIL,False,MODEL_INVALID: ordered physical replay did not validate the resident-worker event model
experiment-021-independent-machine-sweep-v1,4,8,1,4,16,4096,INDEPENDENT_MACHINE_RTX5090_SHARD_SERVICE,1.0137388288648792,12,4,independent_machine_fast_lan,independent_machine_fast_lan,1.0,homogeneous,0.0,hybrid,C_full_layer_stripes_plus_worker_wavefront,1648.9879091999949,7.883623601768518,5176.148399999964,239.17049999999995,1409.8174092000095,1851345216,142411170.46153846,0.3981652615384587,0.004219065931813105,0.00404029645264789,0.005778453527062422,744,744,744,16,28168,True,PHYSICAL_SHARD_EXECUTION inputs + SHAPED_NETWORK + UNVALIDATED_INDEPENDENT_MACHINE_MODEL_DIAGNOSTIC_ONLY,B,1.0,10.0,0.04245,744,744,True,93,False,False,False,True,2693971098,2.5089560989290476,1560860324864,0.3981652615384587,94.37284649575355,256.3076923076923,3332,24836,286.5381040000098,286.5381040000098,22.04139261538537,2220,8900,2.0021503545891757,2585.29455,E018 physical layer-89/91 controls; post-schedule diagnostic only,0.14504078451129052,0.8549592154887183,True,True,True,FAIL,False,MODEL_INVALID: ordered physical replay did not validate the resident-worker event model
experiment-021-independent-machine-sweep-v1,4,8,1,4,16,4096,INDEPENDENT_MACHINE_RTX5090_SHARD_SERVICE,1.0137388288648792,16,4,independent_machine_fast_lan,independent_machine_fast_lan,1.0,homogeneous,0.0,hybrid,C_full_layer_stripes_plus_worker_wavefront,1668.8788547999943,10.18647935475062,6470.185499999962,243.35739999999993,1425.5214548000097,2420989872,142411168.94117647,0.3805991470588213,0.005210974938105378,0.004990176474491952,0.007136976998505642,744,744,744,24,35210,True,PHYSICAL_SHARD_EXECUTION inputs + SHAPED_NETWORK + UNVALIDATED_INDEPENDENT_MACHINE_MODEL_DIAGNOSTIC_ONLY,B,1.0,10.0,0.04245,744,744,True,93,False,False,False,True,2693971098,2.5089560989290476,1560860324864,0.3805991470588213,73.03799223359977,245.0,4165,31045,378.77113640000834,378.77113640000834,22.280655082353434,2775,11125,1.947241090532682,3322.7449500000002,E018 physical layer-89/91 controls; post-schedule diagnostic only,0.1458208900544581,0.854179109945551,True,True,True,FAIL,False,MODEL_INVALID: ordered physical replay did not validate the resident-worker event model
experiment-021-independent-machine-sweep-v1,4,8,1,4,16,4096,INDEPENDENT_MACHINE_RTX5090_SHARD_SERVICE,1.0137388288648792,7,4,independent_machine_regional_independent_machines,independent_machine_regional_independent_machines,1.0,homogeneous,0.0,hybrid,C_full_layer_stripes_plus_worker_wavefront,7539.397634000015,1.0610927276103372,2588.074199999982,230.7967,7308.600933999941,1139289312,142411164.0,0.3235092749999977,0.000461388896528216,0.00044183901177694446,0.0006319205102692414,744,744,744,9,14084,True,PHYSICAL_SHARD_EXECUTION inputs + SHAPED_NETWORK + UNVALIDATED_INDEPENDENT_MACHINE_MODEL_DIAGNOSTIC_ONLY,C,5.0,1.0,0.04245,744,744,True,93,False,False,False,True,2693971098,2.5089560989290476,1560860324864,0.3235092749999977,701.1639799620015,208.25,1666,12418,111.6325560000106,111.6325560000106,13.954069500001324,1110,4450,1.7547445902802288,1474.9008000000001,E018 physical layer-89/91 controls; post-schedule diagnostic only,0.03061208749080809,0.969387912509182,True,True,True,FAIL,False,MODEL_INVALID: ordered physical replay did not validate the resident-worker event model
experiment-021-independent-machine-sweep-v1,4,8,1,4,16,4096,INDEPENDENT_MACHINE_RTX5090_SHARD_SERVICE,1.0137388288648792,12,4,independent_machine_regional_independent_machines,independent_machine_regional_independent_machines,1.0,homogeneous,0.0,hybrid,C_full_layer_stripes_plus_worker_wavefront,7699.983442000017,1.6883153188474054,5176.148399999964,239.17049999999995,7460.8129419999395,1851345216,142411170.46153846,0.3981652615384587,0.0009035329442046617,0.0008652486138683811,0.001237483180551491,744,744,744,16,28168,True,PHYSICAL_SHARD_EXECUTION inputs + SHAPED_NETWORK + UNVALIDATED_INDEPENDENT_MACHINE_MODEL_DIAGNOSTIC_ONLY,C,5.0,1.0,0.04245,744,744,True,93,False,False,False,True,2693971098,2.5089560989290476,1560860324864,0.3981652615384587,440.6759754498471,256.3076923076923,3332,24836,1733.5956399999109,1733.5956399999109,133.3535107692239,2220,8900,2.0021503545891757,2585.29455,E018 physical layer-89/91 controls; post-schedule diagnostic only,0.03106117068972256,0.9689388293102674,True,True,True,FAIL,False,MODEL_INVALID: ordered physical replay did not validate the resident-worker event model
experiment-021-independent-machine-sweep-v1,4,8,1,4,16,4096,INDEPENDENT_MACHINE_RTX5090_SHARD_SERVICE,1.0137388288648792,16,4,independent_machine_regional_independent_machines,independent_machine_regional_independent_machines,1.0,homogeneous,0.0,hybrid,C_full_layer_stripes_plus_worker_wavefront,7786.277498000017,2.1833282983256916,6470.185499999962,243.35739999999993,7542.920097999938,2420989872,142411168.94117647,0.3805991470588213,0.0011168990431346113,0.001069574004026845,0.0015297104428989836,744,744,744,16,35210,True,PHYSICAL_SHARD_EXECUTION inputs + SHAPED_NETWORK + UNVALIDATED_INDEPENDENT_MACHINE_MODEL_DIAGNOSTIC_ONLY,C,5.0,1.0,0.04245,744,744,True,93,False,False,False,True,2693971098,2.5089560989290476,1560860324864,0.3805991470588213,340.7641446183537,245.0,4165,31045,2091.4411139999092,2091.4411139999092,123.02594788234761,2775,11125,1.947241090532682,3322.7449500000002,E018 physical layer-89/91 controls; post-schedule diagnostic only,0.03125465282511556,0.9687453471748743,True,True,True,FAIL,False,MODEL_INVALID: ordered physical replay did not validate the resident-worker event model
experiment-021-independent-machine-sweep-v1,4,8,1,4,16,4096,INDEPENDENT_MACHINE_RTX5090_SHARD_SERVICE,1.0137388288648792,7,4,independent_machine_consumer_wan_like,independent_machine_consumer_wan_like,1.0,homogeneous,0.0,hybrid,C_full_layer_stripes_plus_worker_wavefront,38691.81149000012,0.20676209492201203,2588.074199999982,230.7967,38461.014790000234,1139289312,142411164.0,0.3235092749999977,8.990518202379206e-05,8.609573632552582e-05,0.00012313458110461774,744,744,744,9,14084,True,PHYSICAL_SHARD_EXECUTION inputs + SHAPED_NETWORK + UNVALIDATED_INDEPENDENT_MACHINE_MODEL_DIAGNOSTIC_ONLY,D,20.0,0.1,0.04245,744,744,True,93,False,False,False,True,2693971098,2.5089560989290476,1560860324864,0.3235092749999977,3598.3384685700107,208.25,1666,12418,450.6636600000555,450.6636600000555,56.332957500006934,1110,4450,1.7547445902802288,1474.9008000000001,E018 physical layer-89/91 controls; post-schedule diagnostic only,0.005965001149135891,0.9940349988508671,True,True,True,FAIL,False,MODEL_INVALID: ordered physical replay did not validate the resident-worker event model
experiment-021-independent-machine-sweep-v1,4,8,1,4,16,4096,INDEPENDENT_MACHINE_RTX5090_SHARD_SERVICE,1.0137388288648792,12,4,independent_machine_consumer_wan_like,independent_machine_consumer_wan_like,1.0,homogeneous,0.0,hybrid,C_full_layer_stripes_plus_worker_wavefront,39422.43877000009,0.32976143550745557,5176.148399999964,239.17049999999995,39183.26827000025,1851345216,142411170.46153846,0.3981652615384587,0.00017647788738457603,0.00016900019907114405,0.00024170498572125698,744,744,744,16,28168,True,PHYSICAL_SHARD_EXECUTION inputs + SHAPED_NETWORK + UNVALIDATED_INDEPENDENT_MACHINE_MODEL_DIAGNOSTIC_ONLY,D,20.0,0.1,0.04245,744,744,True,93,False,False,False,True,2693971098,2.5089560989290476,1560860324864,0.3981652615384587,2256.1764957600053,256.3076923076923,3332,24836,14254.171000000042,14254.171000000042,1096.4746923076955,2220,8900,2.0021503545891757,2585.29455,E018 physical layer-89/91 controls; post-schedule diagnostic only,0.006066862108541222,0.9939331378914629,True,True,True,FAIL,False,MODEL_INVALID: ordered physical replay did not validate the resident-worker event model
experiment-021-independent-machine-sweep-v1,4,8,1,4,16,4096,INDEPENDENT_MACHINE_RTX5090_SHARD_SERVICE,1.0137388288648792,16,4,independent_machine_consumer_wan_like,independent_machine_consumer_wan_like,1.0,homogeneous,0.0,hybrid,C_full_layer_stripes_plus_worker_wavefront,39847.76393000008,0.4266236878401413,6470.185499999962,243.35739999999993,39604.40653000026,2420989872,142411168.94117647,0.3805991470588213,0.00021824275767076288,0.00020899541601957048,0.00029890635823188013,744,744,744,16,35210,True,PHYSICAL_SHARD_EXECUTION inputs + SHAPED_NETWORK + UNVALIDATED_INDEPENDENT_MACHINE_MODEL_DIAGNOSTIC_ONLY,D,20.0,0.1,0.04245,744,744,True,93,False,False,False,True,2693971098,2.5089560989290476,1560860324864,0.3805991470588213,1743.9256684658858,245.0,4165,31045,15968.140890000102,15968.140890000102,939.3024052941237,2775,11125,1.947241090532682,3322.7449500000002,E018 physical layer-89/91 controls; post-schedule diagnostic only,0.006107178320658141,0.9938928216793464,True,True,True,FAIL,False,MODEL_INVALID: ordered physical replay did not validate the resident-worker event model
experiment-021-independent-machine-sweep-v1,4,8,1,4,16,4096,INDEPENDENT_MACHINE_RTX5090_SHARD_SERVICE,1.0137388288648792,7,4,independent_machine_wider_wan_sensitivity,independent_machine_wider_wan_sensitivity,1.0,homogeneous,0.0,hybrid,C_full_layer_stripes_plus_worker_wavefront,72456.81148999996,0.11041059957632983,2588.074199999982,230.7967,72226.0147900005,1139289312,142411164.0,0.3235092749999977,4.800921105007226e-05,4.5974973663583736e-05,6.575365244518853e-05,744,744,744,9,14084,True,PHYSICAL_SHARD_EXECUTION inputs + SHAPED_NETWORK + UNVALIDATED_INDEPENDENT_MACHINE_MODEL_DIAGNOSTIC_ONLY,E,50.0,0.1,0.04245,744,744,True,93,False,False,False,True,2693971098,2.5089560989290476,1560860324864,0.3235092749999977,6738.483468569997,208.25,1666,12418,840.6636600001423,840.6636600001423,105.08295750001778,1110,4450,1.7547445902802288,1474.9008000000001,E018 physical layer-89/91 controls; post-schedule diagnostic only,0.00318530025340479,0.9968146997466025,True,True,True,FAIL,False,MODEL_INVALID: ordered physical replay did not validate the resident-worker event model
experiment-021-independent-machine-sweep-v1,4,8,1,4,16,4096,INDEPENDENT_MACHINE_RTX5090_SHARD_SERVICE,1.0137388288648792,12,4,independent_machine_wider_wan_sensitivity,independent_machine_wider_wan_sensitivity,1.0,homogeneous,0.0,hybrid,C_full_layer_stripes_plus_worker_wavefront,73967.43876999992,0.1757530099213413,5176.148399999964,239.17049999999995,73728.26827000045,1851345216,142411170.46153846,0.3981652615384587,9.405745048589071e-05,9.007206563845726e-05,0.0001288215484874225,744,744,744,16,28168,True,PHYSICAL_SHARD_EXECUTION inputs + SHAPED_NETWORK + UNVALIDATED_INDEPENDENT_MACHINE_MODEL_DIAGNOSTIC_ONLY,E,50.0,0.1,0.04245,744,744,True,93,False,False,False,True,2693971098,2.5089560989290476,1560860324864,0.3981652615384587,4233.213418836918,256.3076923076923,3332,24836,16594.171000000897,16594.171000000897,1276.4746923077614,2220,8900,2.0021503545891757,2585.29455,E018 physical layer-89/91 controls; post-schedule diagnostic only,0.0032334565584147806,0.9967665434415924,True,True,True,FAIL,False,MODEL_INVALID: ordered physical replay did not validate the resident-worker event model
experiment-021-independent-machine-sweep-v1,4,8,1,4,16,4096,INDEPENDENT_MACHINE_RTX5090_SHARD_SERVICE,1.0137388288648792,16,4,independent_machine_wider_wan_sensitivity,independent_machine_wider_wan_sensitivity,1.0,homogeneous,0.0,hybrid,C_full_layer_stripes_plus_worker_wavefront,74782.7639299999,0.2273251095120365,6470.185499999962,243.35739999999993,74539.40653000043,2420989872,142411168.94117647,0.3805991470588213,0.00011628997686200907,0.00011136255953036708,0.0001592713263600287,744,744,744,16,35210,True,PHYSICAL_SHARD_EXECUTION inputs + SHAPED_NETWORK + UNVALIDATED_INDEPENDENT_MACHINE_MODEL_DIAGNOSTIC_ONLY,E,50.0,0.1,0.04245,744,744,True,93,False,False,False,True,2693971098,2.5089560989290476,1560860324864,0.3805991470588213,3272.845668465878,245.0,4165,31045,19868.140890000963,19868.140890000963,1168.7141700000566,2775,11125,1.947241090532682,3322.7449500000002,E018 physical layer-89/91 controls; post-schedule diagnostic only,0.0032541910356214386,0.9967458089643857,True,True,True,FAIL,False,MODEL_INVALID: ordered physical replay did not validate the resident-worker event model
experiment-021-independent-machine-sweep-v1,2,16,1,1,16,4096,INDEPENDENT_MACHINE_RTX5090_SHARD_SERVICE,1.0137388288648792,7,1,independent_machine_very_fast_independent_hosts,independent_machine_very_fast_independent_hosts,1.0,homogeneous,0.0,hybrid,C_full_layer_stripes_plus_worker_wavefront,715.6140305599981,11.179210661562438,12872.146399999974,173.08710000000033,542.526930559999,2417218432,302152304.0,1.6090182999999967,0.012088410305113626,0.011797421011146846,0.018205903522887503,1488,1488,1488,64,104496,True,PHYSICAL_SHARD_EXECUTION inputs + SHAPED_NETWORK + UNVALIDATED_INDEPENDENT_MACHINE_MODEL_DIAGNOSTIC_ONLY,A,0.25,25.0,0.04245,1488,1488,True,93,False,False,False,True,1364806626,1.2710752207785845,1560860324864,1.6090182999999967,133.10420968415966,925.0,7400,97096,266.1991673599999,266.1991673599999,33.274895919999985,5176,22992,4.3143772371862825,2983.5468,E018 physical layer-89/91 controls; post-schedule diagnostic only,0.24187214421236597,0.7581278557876356,True,True,False,FAIL,False,MODEL_INVALID: ordered physical replay did not validate the resident-worker event model
experiment-021-independent-machine-sweep-v1,2,16,1,1,16,4096,INDEPENDENT_MACHINE_RTX5090_SHARD_SERVICE,1.0137388288648792,12,1,independent_machine_very_fast_independent_hosts,independent_machine_very_fast_independent_hosts,1.0,homogeneous,0.0,hybrid,C_full_layer_stripes_plus_worker_wavefront,755.5280961599984,17.206507694515953,20917.237900000004,183.50360000000038,572.0244961599986,3927979952,302152304.0,1.6090183000000002,0.01860590440831114,0.01815802757002268,0.02802165810590396,1488,1488,1488,80,169806,True,PHYSICAL_SHARD_EXECUTION inputs + SHAPED_NETWORK + UNVALIDATED_INDEPENDENT_MACHINE_MODEL_DIAGNOSTIC_ONLY,A,0.25,25.0,0.04245,1488,1488,True,93,False,False,False,True,1364806626,1.2710752207785845,1560860324864,1.6090183000000002,86.4789082373906,925.0,12025,157781,692.0150733599995,692.0150733599995,53.231928719999964,8411,37362,4.314377237186292,4848.26355,E018 physical layer-89/91 controls; post-schedule diagnostic only,0.24288123887472182,0.757118761125279,True,True,False,FAIL,False,MODEL_INVALID: ordered physical replay did not validate the resident-worker event model
experiment-021-independent-machine-sweep-v1,2,16,1,1,16,4096,INDEPENDENT_MACHINE_RTX5090_SHARD_SERVICE,1.0137388288648792,16,1,independent_machine_very_fast_independent_hosts,independent_machine_very_fast_independent_hosts,1.0,homogeneous,0.0,hybrid,C_full_layer_stripes_plus_worker_wavefront,787.4593486399987,21.5884159980579,27353.311100000068,191.8368000000004,595.6225486399984,5136589168,302152304.0,1.609018300000004,0.02334419113500533,0.0227822554027505,0.03515781487363722,1488,1488,1488,92,222054,True,PHYSICAL_SHARD_EXECUTION inputs + SHAPED_NETWORK + UNVALIDATED_INDEPENDENT_MACHINE_MODEL_DIAGNOSTIC_ONLY,A,0.25,25.0,0.04245,1488,1488,True,93,False,False,False,True,1364806626,1.2710752207785845,1560860324864,1.609018300000004,68.92585357507753,925.0,15725,206329,1176.3584343199973,1176.3584343199973,69.19755495999983,10999,48858,4.314377237186303,6340.036949999998,E018 physical layer-89/91 controls; post-schedule diagnostic only,0.24361486130213192,0.7563851386978683,True,True,False,FAIL,False,MODEL_INVALID: ordered physical replay did not validate the resident-worker event model
experiment-021-independent-machine-sweep-v1,2,16,1,1,16,4096,INDEPENDENT_MACHINE_RTX5090_SHARD_SERVICE,1.0137388288648792,7,1,independent_machine_fast_lan,independent_machine_fast_lan,1.0,homogeneous,0.0,hybrid,C_full_layer_stripes_plus_worker_wavefront,1914.7478263999847,4.178095877534542,12872.146399999974,173.08710000000033,1741.6607264,2417218432,302152304.0,1.6090182999999967,0.0045178983374379285,0.004409144579562203,0.006804238041358875,1488,1488,1488,48,104496,True,PHYSICAL_SHARD_EXECUTION inputs + SHAPED_NETWORK + UNVALIDATED_INDEPENDENT_MACHINE_MODEL_DIAGNOSTIC_ONLY,B,1.0,10.0,0.04245,1488,1488,True,93,False,False,False,True,1364806626,1.2710752207785845,1560860324864,1.6090182999999967,356.1430957103972,925.0,7400,97096,631.8601183999888,631.8601183999888,78.9825147999986,5176,22992,4.3143772371862825,2983.5468,E018 physical layer-89/91 controls; post-schedule diagnostic only,0.09039681237055129,0.9096031876294569,True,True,False,FAIL,False,MODEL_INVALID: ordered physical replay did not validate the resident-worker event model
experiment-021-independent-machine-sweep-v1,2,16,1,1,16,4096,INDEPENDENT_MACHINE_RTX5090_SHARD_SERVICE,1.0137388288648792,12,1,independent_machine_fast_lan,independent_machine_fast_lan,1.0,homogeneous,0.0,hybrid,C_full_layer_stripes_plus_worker_wavefront,2019.9584903999835,6.435775815089049,20917.237900000004,183.50360000000038,1836.454890400001,3927979952,302152304.0,1.6090183000000002,0.006959194261542808,0.006791674217663473,0.010480982703663275,1488,1488,1488,64,169806,True,PHYSICAL_SHARD_EXECUTION inputs + SHAPED_NETWORK + UNVALIDATED_INDEPENDENT_MACHINE_MODEL_DIAGNOSTIC_ONLY,B,1.0,10.0,0.04245,1488,1488,True,93,False,False,False,True,1364806626,1.2710752207785845,1560860324864,1.6090183000000002,231.20755643962886,925.0,12025,157781,1710.6420083999844,1710.6420083999844,131.5878467999988,8411,37362,4.314377237186292,4848.26355,E018 physical layer-89/91 controls; post-schedule diagnostic only,0.09084523314321365,0.9091547668567952,True,True,False,FAIL,False,MODEL_INVALID: ordered physical replay did not validate the resident-worker event model
experiment-021-independent-machine-sweep-v1,2,16,1,1,16,4096,INDEPENDENT_MACHINE_RTX5090_SHARD_SERVICE,1.0137388288648792,16,1,independent_machine_fast_lan,independent_machine_fast_lan,1.0,homogeneous,0.0,hybrid,C_full_layer_stripes_plus_worker_wavefront,2104.1270215999834,8.07936014579251,27353.311100000068,191.8368000000004,1912.2902216000018,5136589168,302152304.0,1.609018300000004,0.008736450488488453,0.008526148761854835,0.013157641965430402,1488,1488,1488,64,222054,True,PHYSICAL_SHARD_EXECUTION inputs + SHAPED_NETWORK + UNVALIDATED_INDEPENDENT_MACHINE_MODEL_DIAGNOSTIC_ONLY,B,1.0,10.0,0.04245,1488,1488,True,93,False,False,False,True,1364806626,1.2710752207785845,1560860324864,1.609018300000004,184.17300047886914,925.0,15725,206329,2952.425910799991,2952.425910799991,173.67211239999946,10999,48858,4.314377237186303,6340.036949999998,E018 physical layer-89/91 controls; post-schedule diagnostic only,0.09117168214213951,0.9088283178578694,True,True,False,FAIL,False,MODEL_INVALID: ordered physical replay did not validate the resident-worker event model
experiment-021-independent-machine-sweep-v1,2,16,1,1,16,4096,INDEPENDENT_MACHINE_RTX5090_SHARD_SERVICE,1.0137388288648792,7,1,independent_machine_regional_independent_machines,independent_machine_regional_independent_machines,1.0,homogeneous,0.0,hybrid,C_full_layer_stripes_plus_worker_wavefront,8620.754764000063,0.927992991217856,12872.146399999974,173.08710000000033,8447.667664000055,2417218432,302152304.0,1.6090182999999967,0.0010034661996917136,0.0009793110036322038,0.0015112829858478388,1488,1488,1488,32,104496,True,PHYSICAL_SHARD_EXECUTION inputs + SHAPED_NETWORK + UNVALIDATED_INDEPENDENT_MACHINE_MODEL_DIAGNOSTIC_ONLY,C,5.0,1.0,0.04245,1488,1488,True,93,False,False,False,True,1364806626,1.2710752207785845,1560860324864,1.6090182999999967,1603.4603861040116,925.0,7400,97096,2665.7743840000403,2665.7743840000403,333.22179800000504,5176,22992,4.3143772371862825,2983.5468,E018 physical layer-89/91 controls; post-schedule diagnostic only,0.020077951958778057,0.9799220480412211,True,True,False,FAIL,False,MODEL_INVALID: ordered physical replay did not validate the resident-worker event model
experiment-021-independent-machine-sweep-v1,2,16,1,1,16,4096,INDEPENDENT_MACHINE_RTX5090_SHARD_SERVICE,1.0137388288648792,12,1,independent_machine_regional_independent_machines,independent_machine_regional_independent_machines,1.0,homogeneous,0.0,hybrid,C_full_layer_stripes_plus_worker_wavefront,9089.164404000063,1.4302744919300627,20917.237900000004,183.50360000000038,8905.660804000036,3927979952,302152304.0,1.6090183000000002,0.001546598005066313,0.0015093686713337948,0.0023292735238327044,1488,1488,1488,48,169806,True,PHYSICAL_SHARD_EXECUTION inputs + SHAPED_NETWORK + UNVALIDATED_INDEPENDENT_MACHINE_MODEL_DIAGNOSTIC_ONLY,C,5.0,1.0,0.04245,1488,1488,True,93,False,False,False,True,1364806626,1.2710752207785845,1560860324864,1.6090183000000002,1040.3597410116995,925.0,12025,157781,7376.54603400014,7376.54603400014,567.4266180000108,8411,37362,4.314377237186292,4848.26355,E018 physical layer-89/91 controls; post-schedule diagnostic only,0.020189270635179845,0.9798107293648172,True,True,False,FAIL,False,MODEL_INVALID: ordered physical replay did not validate the resident-worker event model
experiment-021-independent-machine-sweep-v1,2,16,1,1,16,4096,INDEPENDENT_MACHINE_RTX5090_SHARD_SERVICE,1.0137388288648792,16,1,independent_machine_regional_independent_machines,independent_machine_regional_independent_machines,1.0,homogeneous,0.0,hybrid,C_full_layer_stripes_plus_worker_wavefront,9463.892116000063,1.7963011192043357,27353.311100000068,191.8368000000004,9272.05531600002,5136589168,302152304.0,1.609018300000004,0.0019423933959074311,0.0018956365710963354,0.0029253661876802233,1488,1488,1488,48,222054,True,PHYSICAL_SHARD_EXECUTION inputs + SHAPED_NETWORK + UNVALIDATED_INDEPENDENT_MACHINE_MODEL_DIAGNOSTIC_ONLY,C,5.0,1.0,0.04245,1488,1488,True,93,False,False,False,True,1364806626,1.2710752207785845,1560860324864,1.609018300000004,828.3689099181231,925.0,15725,206329,12831.438058000256,12831.438058000256,754.790474000015,10999,48858,4.314377237186303,6340.036949999998,E018 physical layer-89/91 controls; post-schedule diagnostic only,0.02027039167909288,0.9797296083209026,True,True,False,FAIL,False,MODEL_INVALID: ordered physical replay did not validate the resident-worker event model
experiment-021-independent-machine-sweep-v1,2,16,1,1,16,4096,INDEPENDENT_MACHINE_RTX5090_SHARD_SERVICE,1.0137388288648792,7,1,independent_machine_consumer_wan_like,independent_machine_consumer_wan_like,1.0,homogeneous,0.0,hybrid,C_full_layer_stripes_plus_worker_wavefront,36780.82414000048,0.21750464235247277,12872.146399999974,173.08710000000033,36607.73704000031,2417218432,302152304.0,1.6090182999999967,0.00023519418674736815,0.00022953264907456456,0.0003542171853031194,1488,1488,1488,32,104496,True,PHYSICAL_SHARD_EXECUTION inputs + SHAPED_NETWORK + UNVALIDATED_INDEPENDENT_MACHINE_MODEL_DIAGNOSTIC_ONLY,D,20.0,0.1,0.04245,1488,1488,True,93,False,False,False,True,1364806626,1.2710752207785845,1560860324864,1.6090182999999967,6841.233290040089,925.0,7400,97096,11104.917039999287,11104.917039999287,1388.114629999911,5176,22992,4.3143772371862825,2983.5468,E018 physical layer-89/91 controls; post-schedule diagnostic only,0.004705905972665845,0.9952940940273297,True,True,False,FAIL,False,MODEL_INVALID: ordered physical replay did not validate the resident-worker event model
experiment-021-independent-machine-sweep-v1,2,16,1,1,16,4096,INDEPENDENT_MACHINE_RTX5090_SHARD_SERVICE,1.0137388288648792,12,1,independent_machine_consumer_wan_like,independent_machine_consumer_wan_like,1.0,homogeneous,0.0,hybrid,C_full_layer_stripes_plus_worker_wavefront,38756.22354000043,0.3354299983996804,20917.237900000004,183.50360000000038,38572.719940000345,3927979952,302152304.0,1.6090183000000002,0.00036271035335622083,0.0003539792773111827,0.0005462645238937997,1488,1488,1488,32,169806,True,PHYSICAL_SHARD_EXECUTION inputs + SHAPED_NETWORK + UNVALIDATED_INDEPENDENT_MACHINE_MODEL_DIAGNOSTIC_ONLY,D,20.0,0.1,0.04245,1488,1488,True,93,False,False,False,True,1364806626,1.2710752207785845,1560860324864,1.6090183000000002,4436.096971347741,925.0,12025,157781,30885.586289998693,30885.586289998693,2375.8143299998997,8411,37362,4.314377237186292,4848.26355,E018 physical layer-89/91 controls; post-schedule diagnostic only,0.0047348163272565936,0.9952651836727413,True,True,False,FAIL,False,MODEL_INVALID: ordered physical replay did not validate the resident-worker event model
experiment-021-independent-machine-sweep-v1,2,16,1,1,16,4096,INDEPENDENT_MACHINE_RTX5090_SHARD_SERVICE,1.0137388288648792,16,1,independent_machine_consumer_wan_like,independent_machine_consumer_wan_like,1.0,homogeneous,0.0,hybrid,C_full_layer_stripes_plus_worker_wavefront,40336.54306000039,0.42145406399136864,27353.311100000068,191.8368000000004,40144.70626000037,5136589168,302152304.0,1.609018300000004,0.00045573071342169575,0.00044476047373009133,0.000686359015913144,1488,1488,1488,32,222054,True,PHYSICAL_SHARD_EXECUTION inputs + SHAPED_NETWORK + UNVALIDATED_INDEPENDENT_MACHINE_MODEL_DIAGNOSTIC_ONLY,D,20.0,0.1,0.04245,1488,1488,True,93,False,False,False,True,1364806626,1.2710752207785845,1560860324864,1.609018300000004,3530.6338866635638,925.0,15725,206329,53821.55952999811,53821.55952999811,3165.9740899998887,10999,48858,4.314377237186303,6340.036949999998,E018 physical layer-89/91 controls; post-schedule diagnostic only,0.004755905822535268,0.9952440941774643,True,True,False,FAIL,False,MODEL_INVALID: ordered physical replay did not validate the resident-worker event model
experiment-021-independent-machine-sweep-v1,2,16,1,1,16,4096,INDEPENDENT_MACHINE_RTX5090_SHARD_SERVICE,1.0137388288648792,7,1,independent_machine_wider_wan_sensitivity,independent_machine_wider_wan_sensitivity,1.0,homogeneous,0.0,hybrid,C_full_layer_stripes_plus_worker_wavefront,83460.82413999974,0.09585335494148196,12872.146399999974,173.08710000000033,83287.73703999989,2417218432,302152304.0,1.6090182999999967,0.00010364906062986553,0.00010115404546974594,0.00015610198118995038,1488,1488,1488,32,104496,True,PHYSICAL_SHARD_EXECUTION inputs + SHAPED_NETWORK + UNVALIDATED_INDEPENDENT_MACHINE_MODEL_DIAGNOSTIC_ONLY,E,50.0,0.1,0.04245,1488,1488,True,93,False,False,False,True,1364806626,1.2710752207785845,1560860324864,1.6090182999999967,15523.71329003995,925.0,7400,97096,25384.917040001397,25384.917040001397,3173.1146300001747,5176,22992,4.3143772371862825,2983.5468,E018 physical layer-89/91 controls; post-schedule diagnostic only,0.0020738724040114767,0.9979261275959904,True,True,False,FAIL,False,MODEL_INVALID: ordered physical replay did not validate the resident-worker event model
experiment-021-independent-machine-sweep-v1,2,16,1,1,16,4096,INDEPENDENT_MACHINE_RTX5090_SHARD_SERVICE,1.0137388288648792,12,1,independent_machine_wider_wan_sensitivity,independent_machine_wider_wan_sensitivity,1.0,homogeneous,0.0,hybrid,C_full_layer_stripes_plus_worker_wavefront,87986.22353999969,0.14775040315362586,20917.237900000004,183.50360000000038,87802.71993999978,3927979952,302152304.0,1.6090183000000002,0.00015976686996408722,0.00015592100044802134,0.0002406189190558375,1488,1488,1488,32,169806,True,PHYSICAL_SHARD_EXECUTION inputs + SHAPED_NETWORK + UNVALIDATED_INDEPENDENT_MACHINE_MODEL_DIAGNOSTIC_ONLY,E,50.0,0.1,0.04245,1488,1488,True,93,False,False,False,True,1364806626,1.2710752207785845,1560860324864,1.6090183000000002,10071.038509809196,925.0,12025,157781,70665.58629000233,70665.58629000233,5435.814330000179,8411,37362,4.314377237186292,4848.26355,E018 physical layer-89/91 controls; post-schedule diagnostic only,0.0020855946830878273,0.9979144053169132,True,True,False,FAIL,False,MODEL_INVALID: ordered physical replay did not validate the resident-worker event model
experiment-021-independent-machine-sweep-v1,2,16,1,1,16,4096,INDEPENDENT_MACHINE_RTX5090_SHARD_SERVICE,1.0137388288648792,16,1,independent_machine_wider_wan_sensitivity,independent_machine_wider_wan_sensitivity,1.0,homogeneous,0.0,hybrid,C_full_layer_stripes_plus_worker_wavefront,91606.54305999965,0.18557626379226524,27353.311100000068,191.8368000000004,91414.70625999969,5136589168,302152304.0,1.609018300000004,0.00020066908903721927,0.00019583863117997752,0.00030222022439889385,1488,1488,1488,32,222054,True,PHYSICAL_SHARD_EXECUTION inputs + SHAPED_NETWORK + UNVALIDATED_INDEPENDENT_MACHINE_MODEL_DIAGNOSTIC_ONLY,E,50.0,0.1,0.04245,1488,1488,True,93,False,False,False,True,1364806626,1.2710752207785845,1560860324864,1.609018300000004,8018.26682783997,925.0,15725,206329,123181.55953000313,123181.55953000313,7245.974090000184,10999,48858,4.314377237186303,6340.036949999998,E018 physical layer-89/91 controls; post-schedule diagnostic only,0.002094138623639065,0.9979058613763614,True,True,False,FAIL,False,MODEL_INVALID: ordered physical replay did not validate the resident-worker event model
experiment-021-independent-machine-sweep-v1,2,16,1,2,16,4096,INDEPENDENT_MACHINE_RTX5090_SHARD_SERVICE,1.0137388288648792,7,2,independent_machine_very_fast_independent_hosts,independent_machine_very_fast_independent_hosts,1.0,homogeneous,0.0,hybrid,C_full_layer_stripes_plus_worker_wavefront,760.3883742400002,10.520939392315029,9367.71080000008,220.86190000000002,539.5264742399992,2417217472,302152184.0,1.1709638500000101,0.008279327752985122,0.008146363371469522,0.011430737626265468,1488,1488,1488,64,52248,True,PHYSICAL_SHARD_EXECUTION inputs + SHAPED_NETWORK + UNVALIDATED_INDEPENDENT_MACHINE_MODEL_DIAGNOSTIC_ONLY,A,0.25,25.0,0.04245,1488,1488,True,93,False,False,False,True,1364806626,1.2710752207785845,1560860324864,1.1709638500000101,141.43223760864004,462.5,3700,48548,77.29783455999919,77.29783455999919,9.662229319999899,2588,11496,4.574563139661447,2047.7826,E018 physical layer-89/91 controls; post-schedule diagnostic only,0.29045933299644283,0.7095406670035559,True,True,False,FAIL,False,MODEL_INVALID: ordered physical replay did not validate the resident-worker event model
experiment-021-independent-machine-sweep-v1,2,16,1,2,16,4096,INDEPENDENT_MACHINE_RTX5090_SHARD_SERVICE,1.0137388288648792,12,2,independent_machine_very_fast_independent_hosts,independent_machine_very_fast_independent_hosts,1.0,homogeneous,0.0,hybrid,C_full_layer_stripes_plus_worker_wavefront,786.52639888,16.528370844909688,16393.493900000016,228.88900000000004,557.6373988799993,3927978512,302152193.2307692,1.2610379923076935,0.014007327679020095,0.013782372740999227,0.019339020307086573,1488,1488,1488,80,91434,True,PHYSICAL_SHARD_EXECUTION inputs + SHAPED_NETWORK + UNVALIDATED_INDEPENDENT_MACHINE_MODEL_DIAGNOSTIC_ONLY,A,0.25,25.0,0.04245,1488,1488,True,93,False,False,False,True,1364806626,1.2710752207785845,1560860324864,1.2610379923076935,90.02702165641846,498.0769230769231,6475,84959,247.24879656000476,247.24879656000476,19.019138196923443,4529,20118,4.759162690716948,3444.6172500000002,E018 physical layer-89/91 controls; post-schedule diagnostic only,0.2910124826400411,0.708987517359958,True,True,False,FAIL,False,MODEL_INVALID: ordered physical replay did not validate the resident-worker event model
experiment-021-independent-machine-sweep-v1,2,16,1,2,16,4096,INDEPENDENT_MACHINE_RTX5090_SHARD_SERVICE,1.0137388288648792,16,2,independent_machine_very_fast_independent_hosts,independent_machine_very_fast_independent_hosts,1.0,homogeneous,0.0,hybrid,C_full_layer_stripes_plus_worker_wavefront,804.0892104,21.14193273597494,21077.34930000001,234.24040000000005,569.8488103999995,5136587248,302152191.0588235,1.2398440764705887,0.017616061873547136,0.017333151371433944,0.024321368508690034,1488,1488,1488,81,117558,True,PHYSICAL_SHARD_EXECUTION inputs + SHAPED_NETWORK + UNVALIDATED_INDEPENDENT_MACHINE_MODEL_DIAGNOSTIC_ONLY,A,0.25,25.0,0.04245,1488,1488,True,93,False,False,False,True,1364806626,1.2710752207785845,1560860324864,1.2398440764705887,70.38145559265882,489.70588235294116,8325,109233,391.2745829600042,391.2745829600042,23.016151938823775,5823,25866,4.716864489383154,4468.5085500000005,E018 physical layer-89/91 controls; post-schedule diagnostic only,0.29131145769693323,0.7086885423030662,True,True,False,FAIL,False,MODEL_INVALID: ordered physical replay did not validate the resident-worker event model
experiment-021-independent-machine-sweep-v1,2,16,1,2,16,4096,INDEPENDENT_MACHINE_RTX5090_SHARD_SERVICE,1.0137388288648792,7,2,independent_machine_fast_lan,independent_machine_fast_lan,1.0,homogeneous,0.0,hybrid,C_full_layer_stripes_plus_worker_wavefront,1938.1812856000297,4.127580871529945,9367.71080000008,220.86190000000002,1717.3193856000212,2417217472,302152184.0,1.1709638500000101,0.00324815052991469,0.0031959858688256353,0.0044845134273954965,1488,1488,1488,33,52248,True,PHYSICAL_SHARD_EXECUTION inputs + SHAPED_NETWORK + UNVALIDATED_INDEPENDENT_MACHINE_MODEL_DIAGNOSTIC_ONLY,B,1.0,10.0,0.04245,1488,1488,True,93,False,False,False,True,1364806626,1.2710752207785845,1560860324864,1.1709638500000101,360.5017191216055,462.5,3700,48548,157.50948640000664,157.50948640000664,19.68868580000083,2588,11496,4.574563139661447,2047.7826,E018 physical layer-89/91 controls; post-schedule diagnostic only,0.11395316921121995,0.8860468307887757,True,True,False,FAIL,False,MODEL_INVALID: ordered physical replay did not validate the resident-worker event model
experiment-021-independent-machine-sweep-v1,2,16,1,2,16,4096,INDEPENDENT_MACHINE_RTX5090_SHARD_SERVICE,1.0137388288648792,12,2,independent_machine_fast_lan,independent_machine_fast_lan,1.0,homogeneous,0.0,hybrid,C_full_layer_stripes_plus_worker_wavefront,2004.1158472000318,6.486650967888116,16393.493900000016,228.88900000000004,1775.2268472000226,3927978512,302152193.2307692,1.2610379923076935,0.005497253570797296,0.005408968755546211,0.007589705964977488,1488,1488,1488,48,91434,True,PHYSICAL_SHARD_EXECUTION inputs + SHAPED_NETWORK + UNVALIDATED_INDEPENDENT_MACHINE_MODEL_DIAGNOSTIC_ONLY,B,1.0,10.0,0.04245,1488,1488,True,93,False,False,False,True,1364806626,1.2710752207785845,1560860324864,1.2610379923076935,229.39418312566517,498.0769230769231,6475,84959,557.6488164000399,557.6488164000399,42.896062800003065,4529,20118,4.759162690716948,3444.6172500000002,E018 physical layer-89/91 controls; post-schedule diagnostic only,0.11420946564530335,0.8857905343546921,True,True,False,FAIL,False,MODEL_INVALID: ordered physical replay did not validate the resident-worker event model
experiment-021-independent-machine-sweep-v1,2,16,1,2,16,4096,INDEPENDENT_MACHINE_RTX5090_SHARD_SERVICE,1.0137388288648792,16,2,independent_machine_fast_lan,independent_machine_fast_lan,1.0,homogeneous,0.0,hybrid,C_full_layer_stripes_plus_worker_wavefront,2048.415876000033,8.299095998609475,21077.34930000001,234.24040000000005,1814.1754760000238,5136587248,302152191.0588235,1.2398440764705887,0.006915043692161772,0.006803989445354099,0.009547157991270946,1488,1488,1488,64,117558,True,PHYSICAL_SHARD_EXECUTION inputs + SHAPED_NETWORK + UNVALIDATED_INDEPENDENT_MACHINE_MODEL_DIAGNOSTIC_ONLY,B,1.0,10.0,0.04245,1488,1488,True,93,False,False,False,True,1364806626,1.2710752207785845,1560860324864,1.2398440764705887,179.2966366757676,489.70588235294116,8325,109233,902.2037324000445,902.2037324000445,53.070807788237914,5823,25866,4.716864489383154,4468.5085500000005,E018 physical layer-89/91 controls; post-schedule diagnostic only,0.11435197449133433,0.8856480255086611,True,True,False,FAIL,False,MODEL_INVALID: ordered physical replay did not validate the resident-worker event model
experiment-021-independent-machine-sweep-v1,2,16,1,2,16,4096,INDEPENDENT_MACHINE_RTX5090_SHARD_SERVICE,1.0137388288648792,7,2,independent_machine_regional_independent_machines,independent_machine_regional_independent_machines,1.0,homogeneous,0.0,hybrid,C_full_layer_stripes_plus_worker_wavefront,8817.07495600002,0.9073303833666515,9367.71080000008,220.86190000000002,8596.213056000024,2417217472,302152184.0,1.1709638500000101,0.0007140128218608802,0.0007025459158407979,0.0009857917782682825,1488,1488,1488,32,52248,True,PHYSICAL_SHARD_EXECUTION inputs + SHAPED_NETWORK + UNVALIDATED_INDEPENDENT_MACHINE_MODEL_DIAGNOSTIC_ONLY,C,5.0,1.0,0.04245,1488,1488,True,93,False,False,False,True,1364806626,1.2710752207785845,1560860324864,1.1709638500000101,1639.9759418160038,462.5,3700,48548,621.1842640000309,621.1842640000309,77.64803300000386,2588,11496,4.574563139661447,2047.7826,E018 physical layer-89/91 controls; post-schedule diagnostic only,0.025049339049760883,0.9749506609502395,True,True,False,FAIL,False,MODEL_INVALID: ordered physical replay did not validate the resident-worker event model
experiment-021-independent-machine-sweep-v1,2,16,1,2,16,4096,INDEPENDENT_MACHINE_RTX5090_SHARD_SERVICE,1.0137388288648792,12,2,independent_machine_regional_independent_machines,independent_machine_regional_independent_machines,1.0,homogeneous,0.0,hybrid,C_full_layer_stripes_plus_worker_wavefront,9110.207572000008,1.4269707794534967,16393.493900000016,228.88900000000004,8881.318572000013,3927978512,302152193.2307692,1.2610379923076935,0.0012093174508089918,0.001189896049494753,0.0016696271604995632,1488,1488,1488,32,91434,True,PHYSICAL_SHARD_EXECUTION inputs + SHAPED_NETWORK + UNVALIDATED_INDEPENDENT_MACHINE_MODEL_DIAGNOSTIC_ONLY,C,5.0,1.0,0.04245,1488,1488,True,93,False,False,False,True,1364806626,1.2710752207785845,1560860324864,1.2610379923076935,1042.768374395078,498.0769230769231,6475,84959,2625.399114000022,2625.399114000022,201.9537780000017,4529,20118,4.759162690716948,3444.6172500000002,E018 physical layer-89/91 controls; post-schedule diagnostic only,0.02512445497987165,0.9748755450201289,True,True,False,FAIL,False,MODEL_INVALID: ordered physical replay did not validate the resident-worker event model
experiment-021-independent-machine-sweep-v1,2,16,1,2,16,4096,INDEPENDENT_MACHINE_RTX5090_SHARD_SERVICE,1.0137388288648792,16,2,independent_machine_regional_independent_machines,independent_machine_regional_independent_machines,1.0,homogeneous,0.0,hybrid,C_full_layer_stripes_plus_worker_wavefront,9309.06586,1.8261767889135978,21077.34930000001,234.24040000000005,9074.825460000005,5136587248,302152191.0588235,1.2398440764705887,0.0015216226305931476,0.00149718566928261,0.002100806922425189,1488,1488,1488,32,117558,True,PHYSICAL_SHARD_EXECUTION inputs + SHAPED_NETWORK + UNVALIDATED_INDEPENDENT_MACHINE_MODEL_DIAGNOSTIC_ONLY,C,5.0,1.0,0.04245,1488,1488,True,93,False,False,False,True,1364806626,1.2710752207785845,1560860324864,1.2398440764705887,814.817058804706,489.70588235294116,8325,109233,4129.140974000032,4129.140974000032,242.89064552941363,5823,25866,4.716864489383154,4468.5085500000005,E018 physical layer-89/91 controls; post-schedule diagnostic only,0.02516261067681393,0.9748373893231866,True,True,False,FAIL,False,MODEL_INVALID: ordered physical replay did not validate the resident-worker event model
experiment-021-independent-machine-sweep-v1,2,16,1,2,16,4096,INDEPENDENT_MACHINE_RTX5090_SHARD_SERVICE,1.0137388288648792,7,2,independent_machine_consumer_wan_like,independent_machine_consumer_wan_like,1.0,homogeneous,0.0,hybrid,C_full_layer_stripes_plus_worker_wavefront,40406.01166000041,0.19799034033144955,9367.71080000008,220.86190000000002,40185.149760000306,2417217472,302152184.0,1.1709638500000101,0.00015580613654390076,0.00015330392051864133,0.00021511155501161163,1488,1488,1488,32,52248,True,PHYSICAL_SHARD_EXECUTION inputs + SHAPED_NETWORK + UNVALIDATED_INDEPENDENT_MACHINE_MODEL_DIAGNOSTIC_ONLY,D,20.0,0.1,0.04245,1488,1488,True,93,False,False,False,True,1364806626,1.2710752207785845,1560860324864,1.1709638500000101,7515.518168760076,462.5,3700,48548,2707.9320400002507,2707.9320400002507,338.49150500003134,2588,11496,4.574563139661447,2047.7826,E018 physical layer-89/91 controls; post-schedule diagnostic only,0.0054660653434063225,0.9945339346565911,True,True,False,FAIL,False,MODEL_INVALID: ordered physical replay did not validate the resident-worker event model
experiment-021-independent-machine-sweep-v1,2,16,1,2,16,4096,INDEPENDENT_MACHINE_RTX5090_SHARD_SERVICE,1.0137388288648792,12,2,independent_machine_consumer_wan_like,independent_machine_consumer_wan_like,1.0,homogeneous,0.0,hybrid,C_full_layer_stripes_plus_worker_wavefront,41696.12482000045,0.31177957318864,16393.493900000016,228.88900000000004,41467.23582000032,3927978512,302152193.2307692,1.2610379923076935,0.00026422438643572025,0.0002599809945599611,0.00036479768960936813,1488,1488,1488,32,91434,True,PHYSICAL_SHARD_EXECUTION inputs + SHAPED_NETWORK + UNVALIDATED_INDEPENDENT_MACHINE_MODEL_DIAGNOSTIC_ONLY,D,20.0,0.1,0.04245,1488,1488,True,93,False,False,False,True,1364806626,1.2710752207785845,1560860324864,1.2610379923076935,4772.60259478159,498.0769230769231,6475,84959,14377.90209000036,14377.90209000036,1105.9924684615662,4529,20118,4.759162690716948,3444.6172500000002,E018 physical layer-89/91 controls; post-schedule diagnostic only,0.005489454979044203,0.9945105450209527,True,True,False,FAIL,False,MODEL_INVALID: ordered physical replay did not validate the resident-worker event model
experiment-021-independent-machine-sweep-v1,2,16,1,2,16,4096,INDEPENDENT_MACHINE_RTX5090_SHARD_SERVICE,1.0137388288648792,16,2,independent_machine_consumer_wan_like,independent_machine_consumer_wan_like,1.0,homogeneous,0.0,hybrid,C_full_layer_stripes_plus_worker_wavefront,42590.56570000047,0.3991494294709453,21077.34930000001,234.24040000000005,42356.32530000033,5136587248,302152191.0588235,1.2398440764705887,0.00033258269876086443,0.0003272414857828442,0.0004591756338188243,1488,1488,1488,32,117558,True,PHYSICAL_SHARD_EXECUTION inputs + SHAPED_NETWORK + UNVALIDATED_INDEPENDENT_MACHINE_MODEL_DIAGNOSTIC_ONLY,D,20.0,0.1,0.04245,1488,1488,True,93,False,False,False,True,1364806626,1.2710752207785845,1560860324864,1.2398440764705887,3727.9271624471003,489.70588235294116,8325,109233,21098.513390000448,21098.513390000448,1241.0890229412028,5823,25866,4.716864489383154,4468.5085500000005,E018 physical layer-89/91 controls; post-schedule diagnostic only,0.005499818942296826,0.9945001810576999,True,True,False,FAIL,False,MODEL_INVALID: ordered physical replay did not validate the resident-worker event model
experiment-021-independent-machine-sweep-v1,2,16,1,2,16,4096,INDEPENDENT_MACHINE_RTX5090_SHARD_SERVICE,1.0137388288648792,7,2,independent_machine_wider_wan_sensitivity,independent_machine_wider_wan_sensitivity,1.0,homogeneous,0.0,hybrid,C_full_layer_stripes_plus_worker_wavefront,85046.01166000013,0.09406672745551754,9367.71080000008,220.86190000000002,84825.14975999987,2417217472,302152184.0,1.1709638500000101,7.402468907138003e-05,7.28358670688072e-05,0.00010220114771223342,1488,1488,1488,32,52248,True,PHYSICAL_SHARD_EXECUTION inputs + SHAPED_NETWORK + UNVALIDATED_INDEPENDENT_MACHINE_MODEL_DIAGNOSTIC_ONLY,E,50.0,0.1,0.04245,1488,1488,True,93,False,False,False,True,1364806626,1.2710752207785845,1560860324864,1.1709638500000101,15818.558168760026,462.5,3700,48548,5767.932039999814,5767.932039999814,720.9915049999768,2588,11496,4.574563139661447,2047.7826,E018 physical layer-89/91 controls; post-schedule diagnostic only,0.0025969695190759716,0.9974030304809209,True,True,False,FAIL,False,MODEL_INVALID: ordered physical replay did not validate the resident-worker event model
experiment-021-independent-machine-sweep-v1,2,16,1,2,16,4096,INDEPENDENT_MACHINE_RTX5090_SHARD_SERVICE,1.0137388288648792,12,2,independent_machine_wider_wan_sensitivity,independent_machine_wider_wan_sensitivity,1.0,homogeneous,0.0,hybrid,C_full_layer_stripes_plus_worker_wavefront,87866.12482000006,0.14795235395473985,16393.493900000016,228.88900000000004,87637.23581999981,3927978512,302152193.2307692,1.2610379923076935,0.00012538544313728638,0.0001233717774877054,0.0001731116517447433,1488,1488,1488,32,91434,True,PHYSICAL_SHARD_EXECUTION inputs + SHAPED_NETWORK + UNVALIDATED_INDEPENDENT_MACHINE_MODEL_DIAGNOSTIC_ONLY,E,50.0,0.1,0.04245,1488,1488,True,93,False,False,False,True,1364806626,1.2710752207785845,1560860324864,1.2610379923076935,10057.291825550776,498.0769230769231,6475,84959,25087.902089999723,25087.902089999723,1929.838622307671,4529,20118,4.759162690716948,3444.6172500000002,E018 physical layer-89/91 controls; post-schedule diagnostic only,0.0026049743341804966,0.9973950256658167,True,True,False,FAIL,False,MODEL_INVALID: ordered physical replay did not validate the resident-worker event model
experiment-021-independent-machine-sweep-v1,2,16,1,2,16,4096,INDEPENDENT_MACHINE_RTX5090_SHARD_SERVICE,1.0137388288648792,16,2,independent_machine_wider_wan_sensitivity,independent_machine_wider_wan_sensitivity,1.0,homogeneous,0.0,hybrid,C_full_layer_stripes_plus_worker_wavefront,89780.5657,0.18935055562921227,21077.34930000001,234.24040000000005,89546.32529999978,5136587248,302152191.0588235,1.2398440764705887,0.00015777228815409502,0.00015523849611921074,0.0002178260946288512,1488,1488,1488,32,117558,True,PHYSICAL_SHARD_EXECUTION inputs + SHAPED_NETWORK + UNVALIDATED_INDEPENDENT_MACHINE_MODEL_DIAGNOSTIC_ONLY,E,50.0,0.1,0.04245,1488,1488,True,93,False,False,False,True,1364806626,1.2710752207785845,1560860324864,1.2398440764705887,7858.4401036235295,489.70588235294116,8325,109233,39458.513389999614,39458.513389999614,2321.089022941154,5823,25866,4.716864489383154,4468.5085500000005,E018 physical layer-89/91 controls; post-schedule diagnostic only,0.0026090323465181734,0.9973909676534793,True,True,False,FAIL,False,MODEL_INVALID: ordered physical replay did not validate the resident-worker event model
experiment-021-independent-machine-sweep-v1,2,16,1,4,16,4096,INDEPENDENT_MACHINE_RTX5090_SHARD_SERVICE,1.0137388288648792,7,4,independent_machine_very_fast_independent_hosts,independent_machine_very_fast_independent_hosts,1.0,homogeneous,0.0,hybrid,C_full_layer_stripes_plus_worker_wavefront,888.2408844799991,9.006565831163494,7595.5284,320.55540000000065,567.6854844799976,2417216992,302152124.0,0.94944105,0.005746776424485208,0.00564689161199373,0.007473085416335021,1488,1488,1488,32,26124,True,PHYSICAL_SHARD_EXECUTION inputs + SHAPED_NETWORK + UNVALIDATED_INDEPENDENT_MACHINE_MODEL_DIAGNOSTIC_ONLY,A,0.25,25.0,0.04245,1488,1488,True,93,False,False,False,True,1364806626,1.2710752207785845,1560860324864,0.94944105,165.21280451327982,231.25,1850,24274,30.686591039999872,30.686591039999872,3.835823879999984,1294,5748,5.1498571293743955,1474.9008000000001,E018 physical layer-89/91 controls; post-schedule diagnostic only,0.36088791407936904,0.6391120859206301,True,True,False,FAIL,False,MODEL_INVALID: ordered physical replay did not validate the resident-worker event model
experiment-021-independent-machine-sweep-v1,2,16,1,4,16,4096,INDEPENDENT_MACHINE_RTX5090_SHARD_SERVICE,1.0137388288648792,12,4,independent_machine_very_fast_independent_hosts,independent_machine_very_fast_independent_hosts,1.0,homogeneous,0.0,hybrid,C_full_layer_stripes_plus_worker_wavefront,910.0008886399987,14.285700335335465,15191.056800000038,329.89780000000076,580.1030886399975,3927977792,302152137.84615386,1.1685428307692338,0.011218718218665222,0.011023725498765477,0.014588776962449741,1488,1488,1488,64,52248,True,PHYSICAL_SHARD_EXECUTION inputs + SHAPED_NETWORK + UNVALIDATED_INDEPENDENT_MACHINE_MODEL_DIAGNOSTIC_ONLY,A,0.25,25.0,0.04245,1488,1488,True,93,False,False,False,True,1364806626,1.2710752207785845,1560860324864,1.1685428307692338,104.16010171510139,284.61538461538464,3700,48548,165.44882304000097,165.44882304000097,12.726832541538537,2588,11496,5.87594817774247,2585.29455,E018 physical layer-89/91 controls; post-schedule diagnostic only,0.3625247009297264,0.6374752990702731,True,True,False,FAIL,False,MODEL_INVALID: ordered physical replay did not validate the resident-worker event model
experiment-021-independent-machine-sweep-v1,2,16,1,4,16,4096,INDEPENDENT_MACHINE_RTX5090_SHARD_SERVICE,1.0137388288648792,16,4,independent_machine_very_fast_independent_hosts,independent_machine_very_fast_independent_hosts,1.0,homogeneous,0.0,hybrid,C_full_layer_stripes_plus_worker_wavefront,921.1901796799986,18.454386917048367,18988.821000000095,334.5690000000008,586.6211796799975,5136586288,302152134.5882353,1.1169894705882408,0.013853061742274403,0.013612281455666349,0.018014466899511087,1488,1488,1488,80,65310,True,PHYSICAL_SHARD_EXECUTION inputs + SHAPED_NETWORK + UNVALIDATED_INDEPENDENT_MACHINE_MODEL_DIAGNOSTIC_ONLY,A,0.25,25.0,0.04245,1488,1488,True,93,False,False,False,True,1364806626,1.2710752207785845,1560860324864,1.1169894705882408,80.63123455081399,272.05882352941177,4625,60685,219.95463720000043,219.95463720000043,12.938508070588261,3235,14370,5.714799446162756,3322.7449500000002,E018 physical layer-89/91 controls; post-schedule diagnostic only,0.3631921044970571,0.6368078955029426,True,True,False,FAIL,False,MODEL_INVALID: ordered physical replay did not validate the resident-worker event model
experiment-021-independent-machine-sweep-v1,2,16,1,4,16,4096,INDEPENDENT_MACHINE_RTX5090_SHARD_SERVICE,1.0137388288648792,7,4,independent_machine_fast_lan,independent_machine_fast_lan,1.0,homogeneous,0.0,hybrid,C_full_layer_stripes_plus_worker_wavefront,2099.852211199988,3.8097919259890656,7595.5284,320.55540000000065,1779.29681120001,2417216992,302152124.0,0.94944105,0.002430895730169745,0.0023886442927969938,0.003161127228190353,1488,1488,1488,32,26124,True,PHYSICAL_SHARD_EXECUTION inputs + SHAPED_NETWORK + UNVALIDATED_INDEPENDENT_MACHINE_MODEL_DIAGNOSTIC_ONLY,B,1.0,10.0,0.04245,1488,1488,True,93,False,False,False,True,1364806626,1.2710752207785845,1560860324864,0.94944105,390.57251128319774,231.25,1850,24274,44.67377760000263,44.67377760000263,5.584222200000329,1294,5748,5.1498571293743955,1474.9008000000001,E018 physical layer-89/91 controls; post-schedule diagnostic only,0.15265617184402472,0.8473438281559862,True,True,False,FAIL,False,MODEL_INVALID: ordered physical replay did not validate the resident-worker event model
experiment-021-independent-machine-sweep-v1,2,16,1,4,16,4096,INDEPENDENT_MACHINE_RTX5090_SHARD_SERVICE,1.0137388288648792,12,4,independent_machine_fast_lan,independent_machine_fast_lan,1.0,homogeneous,0.0,hybrid,C_full_layer_stripes_plus_worker_wavefront,2148.6587215999875,6.050286101424064,15191.056800000038,329.89780000000076,1818.7609216000105,3927977792,302152137.84615386,1.1685428307692338,0.004751356483818419,0.004668773081157355,0.006178645248098893,1488,1488,1488,48,52248,True,PHYSICAL_SHARD_EXECUTION inputs + SHAPED_NETWORK + UNVALIDATED_INDEPENDENT_MACHINE_MODEL_DIAGNOSTIC_ONLY,B,1.0,10.0,0.04245,1488,1488,True,93,False,False,False,True,1364806626,1.2710752207785845,1560860324864,1.1685428307692338,245.93878290313705,284.61538461538464,3700,48548,338.3496576000143,338.3496576000143,26.02689673846264,2588,11496,5.87594817774247,2585.29455,E018 physical layer-89/91 controls; post-schedule diagnostic only,0.1535366210946446,0.8464633789053665,True,True,False,FAIL,False,MODEL_INVALID: ordered physical replay did not validate the resident-worker event model
experiment-021-independent-machine-sweep-v1,2,16,1,4,16,4096,INDEPENDENT_MACHINE_RTX5090_SHARD_SERVICE,1.0137388288648792,16,4,independent_machine_fast_lan,independent_machine_fast_lan,1.0,homogeneous,0.0,hybrid,C_full_layer_stripes_plus_worker_wavefront,2173.835199199987,7.820280031465276,18988.821000000095,334.5690000000008,1839.2661992000108,5136586288,302152134.5882353,1.1169894705882408,0.005870410250133164,0.005768376556150518,0.0076338583560093196,1488,1488,1488,48,65310,True,PHYSICAL_SHARD_EXECUTION inputs + SHAPED_NETWORK + UNVALIDATED_INDEPENDENT_MACHINE_MODEL_DIAGNOSTIC_ONLY,B,1.0,10.0,0.04245,1488,1488,True,93,False,False,False,True,1364806626,1.2710752207785845,1560860324864,1.1169894705882408,190.27451625938713,272.05882352941177,4625,60685,448.804218000015,448.804218000015,26.40024811764794,3235,14370,5.714799446162756,3322.7449500000002,E018 physical layer-89/91 controls; post-schedule diagnostic only,0.15390725116748896,0.8460927488325223,True,True,False,FAIL,False,MODEL_INVALID: ordered physical replay did not validate the resident-worker event model
experiment-021-independent-machine-sweep-v1,2,16,1,4,16,4096,INDEPENDENT_MACHINE_RTX5090_SHARD_SERVICE,1.0137388288648792,7,4,independent_machine_regional_independent_machines,independent_machine_regional_independent_machines,1.0,homogeneous,0.0,hybrid,C_full_layer_stripes_plus_worker_wavefront,9732.522111999988,0.8219863163872163,7595.5284,320.55540000000065,9411.966711999978,2417216992,302152124.0,0.94944105,0.0005244808812609615,0.0005153648707168747,0.0006820328711933379,1488,1488,1488,17,26124,True,PHYSICAL_SHARD_EXECUTION inputs + SHAPED_NETWORK + UNVALIDATED_INDEPENDENT_MACHINE_MODEL_DIAGNOSTIC_ONLY,C,5.0,1.0,0.04245,1488,1488,True,93,False,False,False,True,1364806626,1.2710752207785845,1560860324864,0.94944105,1810.2491128319978,231.25,1850,24274,131.231575999953,131.231575999953,16.403946999994126,1294,5748,5.1498571293743955,1474.9008000000001,E018 physical layer-89/91 controls; post-schedule diagnostic only,0.0329365190555039,0.9670634809444951,True,True,False,FAIL,False,MODEL_INVALID: ordered physical replay did not validate the resident-worker event model
experiment-021-independent-machine-sweep-v1,2,16,1,4,16,4096,INDEPENDENT_MACHINE_RTX5090_SHARD_SERVICE,1.0137388288648792,12,4,independent_machine_regional_independent_machines,independent_machine_regional_independent_machines,1.0,homogeneous,0.0,hybrid,C_full_layer_stripes_plus_worker_wavefront,9940.526215999977,1.3077778497355184,15191.056800000038,329.89780000000076,9610.628415999972,3927977792,302152137.84615386,1.1685428307692338,0.0010270123861204573,0.0010091618674928327,0.0013355228598091388,1488,1488,1488,32,52248,True,PHYSICAL_SHARD_EXECUTION inputs + SHAPED_NETWORK + UNVALIDATED_INDEPENDENT_MACHINE_MODEL_DIAGNOSTIC_ONLY,C,5.0,1.0,0.04245,1488,1488,True,93,False,False,False,True,1364806626,1.2710752207785845,1560860324864,1.1685428307692338,1137.8079238006126,284.61538461538464,3700,48548,2192.3621759998773,2192.3621759998773,168.64324430768286,2588,11496,5.87594817774247,2585.29455,E018 physical layer-89/91 controls; post-schedule diagnostic only,0.033187156578190706,0.966812843421809,True,True,False,FAIL,False,MODEL_INVALID: ordered physical replay did not validate the resident-worker event model
experiment-021-independent-machine-sweep-v1,2,16,1,4,16,4096,INDEPENDENT_MACHINE_RTX5090_SHARD_SERVICE,1.0137388288648792,16,4,independent_machine_regional_independent_machines,independent_machine_regional_independent_machines,1.0,homogeneous,0.0,hybrid,C_full_layer_stripes_plus_worker_wavefront,10052.260491999972,1.6911619046809763,18988.821000000095,334.5690000000008,9717.69149199997,5136586288,302152134.5882353,1.1169894705882408,0.0012694959950192172,0.0012474308649262997,0.0016508475892767435,1488,1488,1488,32,65310,True,PHYSICAL_SHARD_EXECUTION inputs + SHAPED_NETWORK + UNVALIDATED_INDEPENDENT_MACHINE_MODEL_DIAGNOSTIC_ONLY,C,5.0,1.0,0.04245,1488,1488,True,93,False,False,False,True,1364806626,1.2710752207785845,1560860324864,1.1169894705882408,879.8684477703506,272.05882352941177,4625,60685,2649.0479299998533,2649.0479299998533,155.8263488235208,3235,14370,5.714799446162756,3322.7449500000002,E018 physical layer-89/91 controls; post-schedule diagnostic only,0.03328296160513005,0.9667170383948699,True,True,False,FAIL,False,MODEL_INVALID: ordered physical replay did not validate the resident-worker event model
experiment-021-independent-machine-sweep-v1,2,16,1,4,16,4096,INDEPENDENT_MACHINE_RTX5090_SHARD_SERVICE,1.0137388288648792,7,4,independent_machine_consumer_wan_like,independent_machine_consumer_wan_like,1.0,homogeneous,0.0,hybrid,C_full_layer_stripes_plus_worker_wavefront,49709.22112000071,0.16093593542106754,7595.5284,320.55540000000065,49388.665720000245,2417216992,302152124.0,0.94944105,0.00010268762332588073,0.00010090280811062379,0.00013353458071643803,1488,1488,1488,17,26124,True,PHYSICAL_SHARD_EXECUTION inputs + SHAPED_NETWORK + UNVALIDATED_INDEPENDENT_MACHINE_MODEL_DIAGNOSTIC_ONLY,D,20.0,0.1,0.04245,1488,1488,True,93,False,False,False,True,1364806626,1.2710752207785845,1560860324864,0.94944105,9245.915128320132,231.25,1850,24274,571.8095600000146,571.8095600000146,71.47619500000182,1294,5748,5.1498571293743955,1474.9008000000001,E018 physical layer-89/91 controls; post-schedule diagnostic only,0.006448610394159322,0.9935513896058313,True,True,False,FAIL,False,MODEL_INVALID: ordered physical replay did not validate the resident-worker event model
experiment-021-independent-machine-sweep-v1,2,16,1,4,16,4096,INDEPENDENT_MACHINE_RTX5090_SHARD_SERVICE,1.0137388288648792,12,4,independent_machine_consumer_wan_like,independent_machine_consumer_wan_like,1.0,homogeneous,0.0,hybrid,C_full_layer_stripes_plus_worker_wavefront,50659.20116000074,0.2566167586997894,15191.056800000038,329.89780000000076,50329.30336000025,3927977792,302152137.84615386,1.1685428307692338,0.00020152397421631485,0.0001980212828132928,0.00026206098193435885,1488,1488,1488,32,52248,True,PHYSICAL_SHARD_EXECUTION inputs + SHAPED_NETWORK + UNVALIDATED_INDEPENDENT_MACHINE_MODEL_DIAGNOSTIC_ONLY,D,20.0,0.1,0.04245,1488,1488,True,93,False,False,False,True,1364806626,1.2710752207785845,1560860324864,1.1685428307692338,5798.530102006238,284.61538461538464,3700,48548,18182.487359999803,18182.487359999803,1398.6528738461386,2588,11496,5.87594817774247,2585.29455,E018 physical layer-89/91 controls; post-schedule diagnostic only,0.006512100318322429,0.993487899681668,True,True,False,FAIL,False,MODEL_INVALID: ordered physical replay did not validate the resident-worker event model
experiment-021-independent-machine-sweep-v1,2,16,1,4,16,4096,INDEPENDENT_MACHINE_RTX5090_SHARD_SERVICE,1.0137388288648792,16,4,independent_machine_consumer_wan_like,independent_machine_consumer_wan_like,1.0,homogeneous,0.0,hybrid,C_full_layer_stripes_plus_worker_wavefront,51211.51342000075,0.3319566024260595,18988.821000000095,334.5690000000008,50876.944420000254,5136586288,302152134.5882353,1.1169894705882408,0.00024918819193693115,0.0002448570480071513,0.0003240433428299913,1488,1488,1488,32,65310,True,PHYSICAL_SHARD_EXECUTION inputs + SHAPED_NETWORK + UNVALIDATED_INDEPENDENT_MACHINE_MODEL_DIAGNOSTIC_ONLY,D,20.0,0.1,0.04245,1488,1488,True,93,False,False,False,True,1364806626,1.2710752207785845,1560860324864,1.1169894705882408,4482.513645233007,272.05882352941177,4625,60685,20401.4850499998,20401.4850499998,1200.0873558823412,3235,14370,5.714799446162756,3322.7449500000002,E018 physical layer-89/91 controls; post-schedule diagnostic only,0.006533081677475563,0.9934669183225148,True,True,False,FAIL,False,MODEL_INVALID: ordered physical replay did not validate the resident-worker event model
experiment-021-independent-machine-sweep-v1,2,16,1,4,16,4096,INDEPENDENT_MACHINE_RTX5090_SHARD_SERVICE,1.0137388288648792,7,4,independent_machine_wider_wan_sensitivity,independent_machine_wider_wan_sensitivity,1.0,homogeneous,0.0,hybrid,C_full_layer_stripes_plus_worker_wavefront,93329.2211199992,0.08571806240313418,7595.5284,320.55540000000065,93008.66571999907,2417216992,302152124.0,0.94944105,5.469371449730996e-05,5.374308217520504e-05,7.112349080322055e-05,1488,1488,1488,17,26124,True,PHYSICAL_SHARD_EXECUTION inputs + SHAPED_NETWORK + UNVALIDATED_INDEPENDENT_MACHINE_MODEL_DIAGNOSTIC_ONLY,E,50.0,0.1,0.04245,1488,1488,True,93,False,False,False,True,1364806626,1.2710752207785845,1560860324864,0.94944105,17359.23512831985,231.25,1850,24274,1081.809560000297,1081.809560000297,135.22619500003714,1294,5748,5.1498571293743955,1474.9008000000001,E018 physical layer-89/91 controls; post-schedule diagnostic only,0.0034346734726077117,0.9965653265273909,True,True,False,FAIL,False,MODEL_INVALID: ordered physical replay did not validate the resident-worker event model
experiment-021-independent-machine-sweep-v1,2,16,1,4,16,4096,INDEPENDENT_MACHINE_RTX5090_SHARD_SERVICE,1.0137388288648792,12,4,independent_machine_wider_wan_sensitivity,independent_machine_wider_wan_sensitivity,1.0,homogeneous,0.0,hybrid,C_full_layer_stripes_plus_worker_wavefront,95299.20115999911,0.1364124760938355,15191.056800000038,329.89780000000076,94969.30335999902,3927977792,302152137.84615386,1.1685428307692338,0.0001071262237680985,0.00010526426116791692,0.00013930651924050325,1488,1488,1488,32,52248,True,PHYSICAL_SHARD_EXECUTION inputs + SHAPED_NETWORK + UNVALIDATED_INDEPENDENT_MACHINE_MODEL_DIAGNOSTIC_ONLY,E,50.0,0.1,0.04245,1488,1488,True,93,False,False,False,True,1364806626,1.2710752207785845,1560860324864,1.1685428307692338,10908.09317892913,284.61538461538464,3700,48548,21242.487360000137,21242.487360000137,1634.0374892307798,2588,11496,5.87594817774247,2585.29455,E018 physical layer-89/91 controls; post-schedule diagnostic only,0.003461705827377618,0.9965382941726214,True,True,False,FAIL,False,MODEL_INVALID: ordered physical replay did not validate the resident-worker event model
experiment-021-independent-machine-sweep-v1,2,16,1,4,16,4096,INDEPENDENT_MACHINE_RTX5090_SHARD_SERVICE,1.0137388288648792,16,4,independent_machine_wider_wan_sensitivity,independent_machine_wider_wan_sensitivity,1.0,homogeneous,0.0,hybrid,C_full_layer_stripes_plus_worker_wavefront,96361.51341999906,0.17641898094630576,18988.821000000095,334.5690000000008,96026.94441999898,5136586288,302152134.5882353,1.1169894705882408,0.0001324315484737433,0.00013012975362212945,0.00017221346376815932,1488,1488,1488,32,65310,True,PHYSICAL_SHARD_EXECUTION inputs + SHAPED_NETWORK + UNVALIDATED_INDEPENDENT_MACHINE_MODEL_DIAGNOSTIC_ONLY,E,50.0,0.1,0.04245,1488,1488,True,93,False,False,False,True,1364806626,1.2710752207785845,1560860324864,1.1169894705882408,8434.466586409328,272.05882352941177,4625,60685,25501.485050000432,25501.485050000432,1500.0873558823785,3235,14370,5.714799446162756,3322.7449500000002,E018 physical layer-89/91 controls; post-schedule diagnostic only,0.003472018943307336,0.9965279810566919,True,True,False,FAIL,False,MODEL_INVALID: ordered physical replay did not validate the resident-worker event model
experiment-021-independent-machine-sweep-v1,1,32,1,1,16,4096,INDEPENDENT_MACHINE_RTX5090_SHARD_SERVICE,1.0137388288648792,7,1,independent_machine_very_fast_independent_hosts,independent_machine_very_fast_independent_hosts,1.0,homogeneous,0.0,hybrid,C_full_layer_stripes_plus_worker_wavefront,841.2444591199895,9.509720882285102,25366.951200000105,176.0726999999995,665.1717591199939,4973075328,621634416.0,3.170868900000013,0.010132418747754833,0.009991863731016954,0.010667053913659198,2976,2976,2976,131,200080,True,PHYSICAL_SHARD_EXECUTION inputs + SHAPED_NETWORK + UNVALIDATED_INDEPENDENT_MACHINE_MODEL_DIAGNOSTIC_ONLY,A,0.25,25.0,0.04245,2976,2976,True,93,False,False,False,True,716286720,0.6670939922332764,1560860324864,3.170868900000013,312.9429387926361,1017.0,8136,191944,313.2594303999926,313.2594303999926,39.157428799999074,5912,28184,8.502280306110869,2983.5468,E018 physical layer-89/91 controls; post-schedule diagnostic only,0.2093002789987894,0.7906997210012152,True,True,False,FAIL,False,MODEL_INVALID: ordered physical replay did not validate the resident-worker event model
experiment-021-independent-machine-sweep-v1,1,32,1,1,16,4096,INDEPENDENT_MACHINE_RTX5090_SHARD_SERVICE,1.0137388288648792,12,1,independent_machine_very_fast_independent_hosts,independent_machine_very_fast_independent_hosts,1.0,homogeneous,0.0,hybrid,C_full_layer_stripes_plus_worker_wavefront,887.6301431199889,14.645739670698266,41221.29569999993,186.0326999999993,701.5974431199929,8081247408,621634416.0,3.1708688999999946,0.015604744771274659,0.01538827867200268,0.016428126188622254,2976,2976,2976,193,325130,True,PHYSICAL_SHARD_EXECUTION inputs + SHAPED_NETWORK + UNVALIDATED_INDEPENDENT_MACHINE_MODEL_DIAGNOSTIC_ONLY,A,0.25,25.0,0.04245,2976,2976,True,93,False,False,False,True,716286720,0.6670939922332764,1560860324864,3.1708688999999946,203.19902353269902,1017.0,13221,311909,810.5535203999871,810.5535203999871,62.350270799999,9607,45799,8.502280306110821,4848.26355,E018 physical layer-89/91 controls; post-schedule diagnostic only,0.20958357649516143,0.7904164235048423,True,True,False,FAIL,False,MODEL_INVALID: ordered physical replay did not validate the resident-worker event model
experiment-021-independent-machine-sweep-v1,1,32,1,1,16,4096,INDEPENDENT_MACHINE_RTX5090_SHARD_SERVICE,1.0137388288648792,16,1,independent_machine_very_fast_independent_hosts,independent_machine_very_fast_independent_hosts,1.0,homogeneous,0.0,hybrid,C_full_layer_stripes_plus_worker_wavefront,924.7386903199885,18.383571681333535,53904.77130000007,194.00069999999914,730.7379903199922,10567785072,621634416.0,3.1708689000000043,0.01958733054948294,0.019315618765577157,0.02062085235495183,2976,2976,2976,194,425170,True,PHYSICAL_SHARD_EXECUTION inputs + SHAPED_NETWORK + UNVALIDATED_INDEPENDENT_MACHINE_MODEL_DIAGNOSTIC_ONLY,A,0.25,25.0,0.04245,2976,2976,True,93,False,False,False,True,716286720,0.6670939922332764,1560860324864,3.1708689000000043,161.8836671995462,1017.0,17289,407881,1375.3772547999797,1375.3772547999797,80.90454439999881,12563,59891,8.50228030611085,6340.036949999998,E018 physical layer-89/91 controls; post-schedule diagnostic only,0.20978975145169804,0.790210248548305,True,True,False,FAIL,False,MODEL_INVALID: ordered physical replay did not validate the resident-worker event model
experiment-021-independent-machine-sweep-v1,1,32,1,1,16,4096,INDEPENDENT_MACHINE_RTX5090_SHARD_SERVICE,1.0137388288648792,7,1,independent_machine_fast_lan,independent_machine_fast_lan,1.0,homogeneous,0.0,hybrid,C_full_layer_stripes_plus_worker_wavefront,2311.642122799996,3.4607433049843945,25366.951200000105,176.0726999999995,2135.569422800005,4973075328,621634416.0,3.170868900000013,0.003687353265006126,0.003636202990547103,0.0038819157652009956,2976,2976,2976,96,200080,True,PHYSICAL_SHARD_EXECUTION inputs + SHAPED_NETWORK + UNVALIDATED_INDEPENDENT_MACHINE_MODEL_DIAGNOSTIC_ONLY,B,1.0,10.0,0.04245,2976,2976,True,93,False,False,False,True,716286720,0.6670939922332764,1560860324864,3.170868900000013,859.9308696815986,1017.0,8136,191944,764.8533760000064,764.8533760000064,95.6066720000008,5912,28184,8.502280306110869,2983.5468,E018 physical layer-89/91 controls; post-schedule diagnostic only,0.07616780221444051,0.9238321977855634,True,True,False,FAIL,False,MODEL_INVALID: ordered physical replay did not validate the resident-worker event model
experiment-021-independent-machine-sweep-v1,1,32,1,1,16,4096,INDEPENDENT_MACHINE_RTX5090_SHARD_SERVICE,1.0137388288648792,12,1,independent_machine_fast_lan,independent_machine_fast_lan,1.0,homogeneous,0.0,hybrid,C_full_layer_stripes_plus_worker_wavefront,2438.669582799995,5.330775473516118,41221.29569999993,186.0326999999993,2252.636882800006,8081247408,621634416.0,3.1708688999999946,0.00567983540384914,0.00560104579002339,0.005979530848643035,2976,2976,2976,96,325130,True,PHYSICAL_SHARD_EXECUTION inputs + SHAPED_NETWORK + UNVALIDATED_INDEPENDENT_MACHINE_MODEL_DIAGNOSTIC_ONLY,B,1.0,10.0,0.04245,2976,2976,True,93,False,False,False,True,716286720,0.6670939922332764,1560860324864,3.1708688999999946,558.2677444932913,1017.0,13221,311909,2068.565226,2068.565226,159.120402,9607,45799,8.502280306110821,4848.26355,E018 physical layer-89/91 controls; post-schedule diagnostic only,0.07628450418707526,0.9237154958129289,True,True,False,FAIL,False,MODEL_INVALID: ordered physical replay did not validate the resident-worker event model
experiment-021-independent-machine-sweep-v1,1,32,1,1,16,4096,INDEPENDENT_MACHINE_RTX5090_SHARD_SERVICE,1.0137388288648792,16,1,independent_machine_fast_lan,independent_machine_fast_lan,1.0,homogeneous,0.0,hybrid,C_full_layer_stripes_plus_worker_wavefront,2540.2915507999946,6.692145236103438,53904.77130000007,194.00069999999914,2346.2908508000064,10567785072,621634416.0,3.1708689000000043,0.007130347850619475,0.0070314369995738875,0.00750657931133723,2976,2976,2976,97,425170,True,PHYSICAL_SHARD_EXECUTION inputs + SHAPED_NETWORK + UNVALIDATED_INDEPENDENT_MACHINE_MODEL_DIAGNOSTIC_ONLY,B,1.0,10.0,0.04245,2976,2976,True,93,False,False,False,True,716286720,0.6670939922332764,1560860324864,3.1708689000000043,444.700450304752,1017.0,17289,407881,3568.8335619999916,3568.8335619999916,209.93138599999952,12563,59891,8.50228030611085,6340.036949999998,E018 physical layer-89/91 controls; post-schedule diagnostic only,0.0763694623709251,0.9236305376290792,True,True,False,FAIL,False,MODEL_INVALID: ordered physical replay did not validate the resident-worker event model
experiment-021-independent-machine-sweep-v1,1,32,1,1,16,4096,INDEPENDENT_MACHINE_RTX5090_SHARD_SERVICE,1.0137388288648792,7,1,independent_machine_regional_independent_machines,independent_machine_regional_independent_machines,1.0,homogeneous,0.0,hybrid,C_full_layer_stripes_plus_worker_wavefront,10530.982078000054,0.7596632432517904,25366.951200000105,176.0726999999995,10354.909377999958,4973075328,621634416.0,3.170868900000013,0.0008094060996304559,0.000798178169684656,0.0008521142599555333,2976,2976,2976,64,200080,True,PHYSICAL_SHARD_EXECUTION inputs + SHAPED_NETWORK + UNVALIDATED_INDEPENDENT_MACHINE_MODEL_DIAGNOSTIC_ONLY,C,5.0,1.0,0.04245,2976,2976,True,93,False,False,False,True,716286720,0.6670939922332764,1560860324864,3.170868900000013,3917.52533301602,1017.0,8136,191944,3275.7625600000915,3275.7625600000915,409.47032000001144,5912,28184,8.502280306110869,2983.5468,E018 physical layer-89/91 controls; post-schedule diagnostic only,0.01671949479126239,0.9832805052087286,True,True,False,FAIL,False,MODEL_INVALID: ordered physical replay did not validate the resident-worker event model
experiment-021-independent-machine-sweep-v1,1,32,1,1,16,4096,INDEPENDENT_MACHINE_RTX5090_SHARD_SERVICE,1.0137388288648792,12,1,independent_machine_regional_independent_machines,independent_machine_regional_independent_machines,1.0,homogeneous,0.0,hybrid,C_full_layer_stripes_plus_worker_wavefront,11106.38617800005,1.1704977471205613,41221.29569999993,186.0326999999993,10920.353477999945,8081247408,621634416.0,3.1708688999999946,0.0012471421047932302,0.0012298419828995748,0.0013129473229451347,2976,2976,2976,65,325130,True,PHYSICAL_SHARD_EXECUTION inputs + SHAPED_NETWORK + UNVALIDATED_INDEPENDENT_MACHINE_MODEL_DIAGNOSTIC_ONLY,C,5.0,1.0,0.04245,2976,2976,True,93,False,False,False,True,716286720,0.6670939922332764,1560860324864,3.1708688999999946,2542.5080973637037,1017.0,13221,311909,9063.24081000018,9063.24081000018,697.1723700000138,9607,45799,8.502280306110821,4848.26355,E018 physical layer-89/91 controls; post-schedule diagnostic only,0.016750065864673418,0.983249934135317,True,True,False,FAIL,False,MODEL_INVALID: ordered physical replay did not validate the resident-worker event model
experiment-021-independent-machine-sweep-v1,1,32,1,1,16,4096,INDEPENDENT_MACHINE_RTX5090_SHARD_SERVICE,1.0137388288648792,16,1,independent_machine_regional_independent_machines,independent_machine_regional_independent_machines,1.0,homogeneous,0.0,hybrid,C_full_layer_stripes_plus_worker_wavefront,11566.709458000047,1.469735196663218,53904.77130000007,194.00069999999914,11372.708757999933,10567785072,621634416.0,3.1708689000000043,0.0015659736647630317,0.001544250771134044,0.001648601970097132,2976,2976,2976,96,425170,True,PHYSICAL_SHARD_EXECUTION inputs + SHAPED_NETWORK + UNVALIDATED_INDEPENDENT_MACHINE_MODEL_DIAGNOSTIC_ONLY,C,5.0,1.0,0.04245,2976,2976,True,93,False,False,False,True,716286720,0.6670939922332764,1560860324864,3.1708689000000043,2024.854549824008,1017.0,17289,407881,15764.678170000287,15764.678170000287,927.3340100000169,12563,59891,8.50228030611085,6340.036949999998,E018 physical layer-89/91 controls; post-schedule diagnostic only,0.01677233276278239,0.9832276672372078,True,True,False,FAIL,False,MODEL_INVALID: ordered physical replay did not validate the resident-worker event model
experiment-021-independent-machine-sweep-v1,1,32,1,1,16,4096,INDEPENDENT_MACHINE_RTX5090_SHARD_SERVICE,1.0137388288648792,7,1,independent_machine_consumer_wan_like,independent_machine_consumer_wan_like,1.0,homogeneous,0.0,hybrid,C_full_layer_stripes_plus_worker_wavefront,45011.881629999814,0.17773085039546777,25366.951200000105,176.0726999999995,44835.80893000016,4973075328,621634416.0,3.170868900000013,0.00018936869156234586,0.00018674180451051792,0.00019936069488859617,2976,2976,2976,64,200080,True,PHYSICAL_SHARD_EXECUTION inputs + SHAPED_NETWORK + UNVALIDATED_INDEPENDENT_MACHINE_MODEL_DIAGNOSTIC_ONLY,D,20.0,0.1,0.04245,2976,2976,True,93,False,False,False,True,716286720,0.6670939922332764,1560860324864,3.170868900000013,16744.41996635993,1017.0,8136,191944,13684.854399999107,13684.854399999107,1710.6067999998884,5912,28184,8.502280306110869,2983.5468,E018 physical layer-89/91 controls; post-schedule diagnostic only,0.003911693837803248,0.9960883061622045,True,True,False,FAIL,False,MODEL_INVALID: ordered physical replay did not validate the resident-worker event model
experiment-021-independent-machine-sweep-v1,1,32,1,1,16,4096,INDEPENDENT_MACHINE_RTX5090_SHARD_SERVICE,1.0137388288648792,12,1,independent_machine_consumer_wan_like,independent_machine_consumer_wan_like,1.0,homogeneous,0.0,hybrid,C_full_layer_stripes_plus_worker_wavefront,47446.05212999974,0.27399539933018385,41221.29569999993,186.0326999999993,47260.01943000017,8081247408,621634416.0,3.1708688999999946,0.00029193665674702993,0.00028788696607622444,0.0003073406394286675,2976,2976,2976,64,325130,True,PHYSICAL_SHARD_EXECUTION inputs + SHAPED_NETWORK + UNVALIDATED_INDEPENDENT_MACHINE_MODEL_DIAGNOSTIC_ONLY,D,20.0,0.1,0.04245,2976,2976,True,93,False,False,False,True,716286720,0.6670939922332764,1560860324864,3.1708688999999946,10861.496241452249,1017.0,13221,311909,38059.99664999853,38059.99664999853,2927.692049999887,9607,45799,8.502280306110821,4848.26355,E018 physical layer-89/91 controls; post-schedule diagnostic only,0.0039209310711517,0.9960790689288572,True,True,False,FAIL,False,MODEL_INVALID: ordered physical replay did not validate the resident-worker event model
experiment-021-independent-machine-sweep-v1,1,32,1,1,16,4096,INDEPENDENT_MACHINE_RTX5090_SHARD_SERVICE,1.0137388288648792,16,1,independent_machine_consumer_wan_like,independent_machine_consumer_wan_like,1.0,homogeneous,0.0,hybrid,C_full_layer_stripes_plus_worker_wavefront,49393.388529999684,0.3441756175459564,53904.77130000007,194.00069999999914,49199.387830000174,10567785072,621634416.0,3.1708689000000043,0.0003667122855560375,0.00036162532135553666,0.0003860617902012994,2976,2976,2976,64,425170,True,PHYSICAL_SHARD_EXECUTION inputs + SHAPED_NETWORK + UNVALIDATED_INDEPENDENT_MACHINE_MODEL_DIAGNOSTIC_ONLY,D,20.0,0.1,0.04245,2976,2976,True,93,False,False,False,True,716286720,0.6670939922332764,1560860324864,3.1708689000000043,8646.748486192884,1017.0,17289,407881,66323.12424999819,66323.12424999819,3901.3602499998933,12563,59891,8.50228030611085,6340.036949999998,E018 physical layer-89/91 controls; post-schedule diagnostic only,0.003927665336873384,0.9960723346631365,True,True,False,FAIL,False,MODEL_INVALID: ordered physical replay did not validate the resident-worker event model
experiment-021-independent-machine-sweep-v1,1,32,1,1,16,4096,INDEPENDENT_MACHINE_RTX5090_SHARD_SERVICE,1.0137388288648792,7,1,independent_machine_wider_wan_sensitivity,independent_machine_wider_wan_sensitivity,1.0,homogeneous,0.0,hybrid,C_full_layer_stripes_plus_worker_wavefront,102266.88162999872,0.07822669345628408,25366.951200000105,176.0726999999995,102090.80892999933,4973075328,621634416.0,3.170868900000013,8.33489883838591e-05,8.219278681451766e-05,8.774688204991384e-05,2976,2976,2976,64,200080,True,PHYSICAL_SHARD_EXECUTION inputs + SHAPED_NETWORK + UNVALIDATED_INDEPENDENT_MACHINE_MODEL_DIAGNOSTIC_ONLY,E,50.0,0.1,0.04245,2976,2976,True,93,False,False,False,True,716286720,0.6670939922332764,1560860324864,3.170868900000013,38043.27996635953,1017.0,8136,191944,31324.854400000586,31324.854400000586,3915.6068000000732,5912,28184,8.502280306110869,2983.5468,E018 physical layer-89/91 controls; post-schedule diagnostic only,0.0017216981411150288,0.9982783018588909,True,True,False,FAIL,False,MODEL_INVALID: ordered physical replay did not validate the resident-worker event model
experiment-021-independent-machine-sweep-v1,1,32,1,1,16,4096,INDEPENDENT_MACHINE_RTX5090_SHARD_SERVICE,1.0137388288648792,12,1,independent_machine_wider_wan_sensitivity,independent_machine_wider_wan_sensitivity,1.0,homogeneous,0.0,hybrid,C_full_layer_stripes_plus_worker_wavefront,107851.05212999861,0.12053660806507856,41221.29569999993,186.0326999999993,107665.01942999923,8081247408,621634416.0,3.1708688999999946,0.0001284293621723948,0.00012664781409397815,0.00013520591326659874,2976,2976,2976,64,325130,True,PHYSICAL_SHARD_EXECUTION inputs + SHAPED_NETWORK + UNVALIDATED_INDEPENDENT_MACHINE_MODEL_DIAGNOSTIC_ONLY,E,50.0,0.1,0.04245,2976,2976,True,93,False,False,False,True,716286720,0.6670939922332764,1560860324864,3.1708688999999946,24689.594702990453,1017.0,13221,311909,87199.996650001,87199.996650001,6707.692050000077,9607,45799,8.502280306110821,4848.26355,E018 physical layer-89/91 controls; post-schedule diagnostic only,0.0017249038959375582,0.9982750961040682,True,True,False,FAIL,False,MODEL_INVALID: ordered physical replay did not validate the resident-worker event model
experiment-021-independent-machine-sweep-v1,1,32,1,1,16,4096,INDEPENDENT_MACHINE_RTX5090_SHARD_SERVICE,1.0137388288648792,16,1,independent_machine_wider_wan_sensitivity,independent_machine_wider_wan_sensitivity,1.0,homogeneous,0.0,hybrid,C_full_layer_stripes_plus_worker_wavefront,112318.38852999853,0.1513554478700481,53904.77130000007,194.00069999999914,112124.38782999915,10567785072,621634416.0,3.1708689000000043,0.00016126622395722678,0.00015902916907705966,0.00016977540587583302,2976,2976,2976,64,425170,True,PHYSICAL_SHARD_EXECUTION inputs + SHAPED_NETWORK + UNVALIDATED_INDEPENDENT_MACHINE_MODEL_DIAGNOSTIC_ONLY,E,50.0,0.1,0.04245,2976,2976,True,93,False,False,False,True,716286720,0.6670939922332764,1560860324864,3.1708689000000043,19662.324956780914,1017.0,17289,407881,152003.12425000162,152003.12425000162,8941.360250000096,12563,59891,8.50228030611085,6340.036949999998,E018 physical layer-89/91 controls; post-schedule diagnostic only,0.0017272389903295713,0.998272761009676,True,True,False,FAIL,False,MODEL_INVALID: ordered physical replay did not validate the resident-worker event model
experiment-021-independent-machine-sweep-v1,1,32,1,2,16,4096,INDEPENDENT_MACHINE_RTX5090_SHARD_SERVICE,1.0137388288648792,7,2,independent_machine_very_fast_independent_hosts,independent_machine_very_fast_independent_hosts,1.0,homogeneous,0.0,hybrid,C_full_layer_stripes_plus_worker_wavefront,880.0247714400012,9.090653194806606,18564.913599999953,218.98750000000197,661.0372714399997,4973073344,621634168.0,2.320614199999994,0.00708867570266921,0.007024802256286802,0.007318430354479056,2976,2976,2976,128,100040,True,PHYSICAL_SHARD_EXECUTION inputs + SHAPED_NETWORK + UNVALIDATED_INDEPENDENT_MACHINE_MODEL_DIAGNOSTIC_ONLY,A,0.25,25.0,0.04245,2976,2976,True,93,False,False,False,True,716286720,0.6670939922332764,1560860324864,2.320614199999994,327.36921497568045,508.5,4068,95972,90.76188800000858,90.76188800000858,11.345236000001073,2956,14092,9.065861581204935,2047.7826,E018 physical layer-89/91 controls; post-schedule diagnostic only,0.24884242706221618,0.7511575729377843,True,True,False,FAIL,False,MODEL_INVALID: ordered physical replay did not validate the resident-worker event model
experiment-021-independent-machine-sweep-v1,1,32,1,2,16,4096,INDEPENDENT_MACHINE_RTX5090_SHARD_SERVICE,1.0137388288648792,12,2,independent_machine_very_fast_independent_hosts,independent_machine_very_fast_independent_hosts,1.0,homogeneous,0.0,hybrid,C_full_layer_stripes_plus_worker_wavefront,909.9044042400014,14.287215161749067,32488.598800000036,226.50730000000212,683.3971042399994,8081244432,621634187.0769231,2.4991229846153873,0.011997818480131888,0.01188971055595248,0.012386685840271165,2976,2976,2976,161,175070,True,PHYSICAL_SHARD_EXECUTION inputs + SHAPED_NETWORK + UNVALIDATED_INDEPENDENT_MACHINE_MODEL_DIAGNOSTIC_ONLY,A,0.25,25.0,0.04245,2976,2976,True,93,False,False,False,True,716286720,0.6670939922332764,1560860324864,2.4991229846153873,208.29811592448033,547.6153846153846,7119,167951,288.29197272002546,288.29197272002546,22.176305593848113,5173,24661,9.431700662824014,3444.6172500000002,E018 physical layer-89/91 controls; post-schedule diagnostic only,0.2489352716005288,0.7510647283994712,True,True,False,FAIL,False,MODEL_INVALID: ordered physical replay did not validate the resident-worker event model
experiment-021-independent-machine-sweep-v1,1,32,1,2,16,4096,INDEPENDENT_MACHINE_RTX5090_SHARD_SERVICE,1.0137388288648792,16,2,independent_machine_very_fast_independent_hosts,independent_machine_very_fast_independent_hosts,1.0,homogeneous,0.0,hybrid,C_full_layer_stripes_plus_worker_wavefront,929.9923002400017,18.279721235985328,41771.055600000116,231.52050000000222,698.4718002399993,10567781104,621634182.5882353,2.4571209176470656,0.015092569024763672,0.014956575443055169,0.015581741909325863,2976,2976,2976,179,225090,True,PHYSICAL_SHARD_EXECUTION inputs + SHAPED_NETWORK + UNVALIDATED_INDEPENDENT_MACHINE_MODEL_DIAGNOSTIC_ONLY,A,0.25,25.0,0.04245,2976,2976,True,93,False,False,False,True,716286720,0.6670939922332764,1560860324864,2.4571209176470656,162.80335797142618,538.4117647058823,9153,215937,454.200292720031,454.200292720031,26.71766427764888,6651,31707,9.347874158146148,4468.5085500000005,E018 physical layer-89/91 controls; post-schedule diagnostic only,0.24894883531858714,0.7510511646814128,True,True,False,FAIL,False,MODEL_INVALID: ordered physical replay did not validate the resident-worker event model
experiment-021-independent-machine-sweep-v1,1,32,1,2,16,4096,INDEPENDENT_MACHINE_RTX5090_SHARD_SERVICE,1.0137388288648792,7,2,independent_machine_fast_lan,independent_machine_fast_lan,1.0,homogeneous,0.0,hybrid,C_full_layer_stripes_plus_worker_wavefront,2323.418103600003,3.443202920561073,18564.913599999953,218.98750000000197,2104.43060360003,4973073344,621634168.0,2.320614199999994,0.002684927953943379,0.002660735056863568,0.002771950511197691,2976,2976,2976,65,100040,True,PHYSICAL_SHARD_EXECUTION inputs + SHAPED_NETWORK + UNVALIDATED_INDEPENDENT_MACHINE_MODEL_DIAGNOSTIC_ONLY,B,1.0,10.0,0.04245,2976,2976,True,93,False,False,False,True,716286720,0.6670939922332764,1560860324864,2.320614199999994,864.3115345392011,508.5,4068,95972,189.80191999996393,189.80191999996393,23.72523999999549,2956,14092,9.065861581204935,2047.7826,E018 physical layer-89/91 controls; post-schedule diagnostic only,0.09425229994579684,0.9057477000542155,True,True,False,FAIL,False,MODEL_INVALID: ordered physical replay did not validate the resident-worker event model
experiment-021-independent-machine-sweep-v1,1,32,1,2,16,4096,INDEPENDENT_MACHINE_RTX5090_SHARD_SERVICE,1.0137388288648792,12,2,independent_machine_fast_lan,independent_machine_fast_lan,1.0,homogeneous,0.0,hybrid,C_full_layer_stripes_plus_worker_wavefront,2402.4394356000007,5.411166586496402,32488.598800000036,226.50730000000212,2175.9321356000296,8081244432,621634187.0769231,2.4991229846153873,0.0045440762062822345,0.004503131208923947,0.004691356557417307,2976,2976,2976,96,175070,True,PHYSICAL_SHARD_EXECUTION inputs + SHAPED_NETWORK + UNVALIDATED_INDEPENDENT_MACHINE_MODEL_DIAGNOSTIC_ONLY,B,1.0,10.0,0.04245,2976,2976,True,93,False,False,False,True,716286720,0.6670939922332764,1560860324864,2.4991229846153873,549.9738277188925,547.6153846153846,7119,167951,670.9279067999506,670.9279067999506,51.609838984611585,5173,24661,9.431700662824014,3444.6172500000002,E018 physical layer-89/91 controls; post-schedule diagnostic only,0.0942822102582714,0.9057177897417416,True,True,False,FAIL,False,MODEL_INVALID: ordered physical replay did not validate the resident-worker event model
experiment-021-independent-machine-sweep-v1,1,32,1,2,16,4096,INDEPENDENT_MACHINE_RTX5090_SHARD_SERVICE,1.0137388288648792,16,2,independent_machine_fast_lan,independent_machine_fast_lan,1.0,homogeneous,0.0,hybrid,C_full_layer_stripes_plus_worker_wavefront,2455.540675599999,6.923118875172425,41771.055600000116,231.52050000000222,2224.0201756000292,10567781104,621634182.5882353,2.4571209176470656,0.005716041735061607,0.005664536587894754,0.00590130725342565,2976,2976,2976,96,225090,True,PHYSICAL_SHARD_EXECUTION inputs + SHAPED_NETWORK + UNVALIDATED_INDEPENDENT_MACHINE_MODEL_DIAGNOSTIC_ONLY,B,1.0,10.0,0.04245,2976,2976,True,93,False,False,False,True,716286720,0.6670939922332764,1560860324864,2.4571209176470656,429.86406179915275,538.4117647058823,9153,215937,1084.436306799927,1084.436306799927,63.790370988231004,6651,31707,9.347874158146148,4468.5085500000005,E018 physical layer-89/91 controls; post-schedule diagnostic only,0.09428493785525721,0.9057150621447561,True,True,False,FAIL,False,MODEL_INVALID: ordered physical replay did not validate the resident-worker event model
experiment-021-independent-machine-sweep-v1,1,32,1,2,16,4096,INDEPENDENT_MACHINE_RTX5090_SHARD_SERVICE,1.0137388288648792,7,2,independent_machine_regional_independent_machines,independent_machine_regional_independent_machines,1.0,homogeneous,0.0,hybrid,C_full_layer_stripes_plus_worker_wavefront,10746.693086000021,0.7444150433980286,18564.913599999953,218.98750000000197,10527.705585999945,4973073344,621634168.0,2.320614199999994,0.000580477190995659,0.0005752467247858264,0.0005992913306875828,2976,2976,2976,64,100040,True,PHYSICAL_SHARD_EXECUTION inputs + SHAPED_NETWORK + UNVALIDATED_INDEPENDENT_MACHINE_MODEL_DIAGNOSTIC_ONLY,C,5.0,1.0,0.04245,2976,2976,True,93,False,False,False,True,716286720,0.6670939922332764,1560860324864,2.320614199999994,3997.7698279920082,508.5,4068,95972,761.9024000001403,761.9024000001403,95.23780000001754,2956,14092,9.065861581204935,2047.7826,E018 physical layer-89/91 controls; post-schedule diagnostic only,0.020377198664515907,0.9796228013354772,True,True,False,FAIL,False,MODEL_INVALID: ordered physical replay did not validate the resident-worker event model
experiment-021-independent-machine-sweep-v1,1,32,1,2,16,4096,INDEPENDENT_MACHINE_RTX5090_SHARD_SERVICE,1.0137388288648792,12,2,independent_machine_regional_independent_machines,independent_machine_regional_independent_machines,1.0,homogeneous,0.0,hybrid,C_full_layer_stripes_plus_worker_wavefront,11106.089906000027,1.1705289719450944,32488.598800000036,226.50730000000212,10879.582605999938,8081244432,621634187.0769231,2.4991229846153873,0.0009829623178582666,0.0009741052063836922,0.0010148216064693515,2976,2976,2976,64,175070,True,PHYSICAL_SHARD_EXECUTION inputs + SHAPED_NETWORK + UNVALIDATED_INDEPENDENT_MACHINE_MODEL_DIAGNOSTIC_ONLY,C,5.0,1.0,0.04245,2976,2976,True,93,False,False,False,True,716286720,0.6670939922332764,1560860324864,2.4991229846153873,2542.440273865852,547.6153846153846,7119,167951,3213.216918000244,3213.216918000244,247.1705321538649,5173,24661,9.431700662824014,3444.6172500000002,E018 physical layer-89/91 controls; post-schedule diagnostic only,0.02039487361592781,0.9796051263840644,True,True,False,FAIL,False,MODEL_INVALID: ordered physical replay did not validate the resident-worker event model
experiment-021-independent-machine-sweep-v1,1,32,1,2,16,4096,INDEPENDENT_MACHINE_RTX5090_SHARD_SERVICE,1.0137388288648792,16,2,independent_machine_regional_independent_machines,independent_machine_regional_independent_machines,1.0,homogeneous,0.0,hybrid,C_full_layer_stripes_plus_worker_wavefront,11349.89130600003,1.497811700717617,41771.055600000116,231.52050000000222,11118.370805999934,10567781104,621634182.5882353,2.4571209176470656,0.001236661445070488,0.001225518344184217,0.0012767435043487593,2976,2976,2976,65,225090,True,PHYSICAL_SHARD_EXECUTION inputs + SHAPED_NETWORK + UNVALIDATED_INDEPENDENT_MACHINE_MODEL_DIAGNOSTIC_ONLY,C,5.0,1.0,0.04245,2976,2976,True,93,False,False,False,True,716286720,0.6670939922332764,1560860324864,2.4571209176470656,1986.8986192150642,538.4117647058823,9153,215937,5056.976518000328,5056.976518000328,297.46920694119575,6651,31707,9.347874158146148,4468.5085500000005,E018 physical layer-89/91 controls; post-schedule diagnostic only,0.020398477285646845,0.9796015227143449,True,True,False,FAIL,False,MODEL_INVALID: ordered physical replay did not validate the resident-worker event model
experiment-021-independent-machine-sweep-v1,1,32,1,2,16,4096,INDEPENDENT_MACHINE_RTX5090_SHARD_SERVICE,1.0137388288648792,7,2,independent_machine_consumer_wan_like,independent_machine_consumer_wan_like,1.0,homogeneous,0.0,hybrid,C_full_layer_stripes_plus_worker_wavefront,49366.94291000084,0.16205176031630156,18564.913599999953,218.98750000000197,49147.95541000058,4973073344,621634168.0,2.320614199999994,0.00012636411832157453,0.000125225497784422,0.00013045976964263855,2976,2976,2976,63,100040,True,PHYSICAL_SHARD_EXECUTION inputs + SHAPED_NETWORK + UNVALIDATED_INDEPENDENT_MACHINE_MODEL_DIAGNOSTIC_ONLY,D,20.0,0.1,0.04245,2976,2976,True,93,False,False,False,True,716286720,0.6670939922332764,1560860324864,2.320614199999994,18364.502762520315,508.5,4068,95972,3332.9072000002266,3332.9072000002266,416.6134000000283,2956,14092,9.065861581204935,2047.7826,E018 physical layer-89/91 controls; post-schedule diagnostic only,0.004435913732783302,0.9955640862672114,True,True,False,FAIL,False,MODEL_INVALID: ordered physical replay did not validate the resident-worker event model
experiment-021-independent-machine-sweep-v1,1,32,1,2,16,4096,INDEPENDENT_MACHINE_RTX5090_SHARD_SERVICE,1.0137388288648792,12,2,independent_machine_consumer_wan_like,independent_machine_consumer_wan_like,1.0,homogeneous,0.0,hybrid,C_full_layer_stripes_plus_worker_wavefront,50955.094610000895,0.2551265992046359,32488.598800000036,226.50730000000212,50728.58731000061,8081244432,621634187.0769231,2.4991229846153873,0.00021424487501984628,0.00021231439334579632,0.0002211888739735145,2976,2976,2976,63,175070,True,PHYSICAL_SHARD_EXECUTION inputs + SHAPED_NETWORK + UNVALIDATED_INDEPENDENT_MACHINE_MODEL_DIAGNOSTIC_ONLY,D,20.0,0.1,0.04245,2976,2976,True,93,False,False,False,True,716286720,0.6670939922332764,1560860324864,2.4991229846153873,11664.797043027897,547.6153846153846,7119,167951,17611.107030000894,17611.107030000894,1354.7005407692996,5173,24661,9.431700662824014,3444.6172500000002,E018 physical layer-89/91 controls; post-schedule diagnostic only,0.0044452336264634434,0.9955547663735309,True,True,False,FAIL,False,MODEL_INVALID: ordered physical replay did not validate the resident-worker event model
experiment-021-independent-machine-sweep-v1,1,32,1,2,16,4096,INDEPENDENT_MACHINE_RTX5090_SHARD_SERVICE,1.0137388288648792,16,2,independent_machine_consumer_wan_like,independent_machine_consumer_wan_like,1.0,homogeneous,0.0,hybrid,C_full_layer_stripes_plus_worker_wavefront,52055.89761000094,0.32657202700379473,41771.055600000116,231.52050000000222,51824.377110000634,10567781104,621634182.5882353,2.4571209176470656,0.00026963271460666134,0.00026720315350642836,0.00027837191682995806,2976,2976,2976,64,225090,True,PHYSICAL_SHARD_EXECUTION inputs + SHAPED_NETWORK + UNVALIDATED_INDEPENDENT_MACHINE_MODEL_DIAGNOSTIC_ONLY,D,20.0,0.1,0.04245,2976,2976,True,93,False,False,False,True,716286720,0.6670939922332764,1560860324864,2.4571209176470656,9112.844193374282,538.4117647058823,9153,215937,25882.37863000107,25882.37863000107,1522.492860588298,6651,31707,9.347874158146148,4468.5085500000005,E018 physical layer-89/91 controls; post-schedule diagnostic only,0.004447536410466634,0.9955524635895275,True,True,False,FAIL,False,MODEL_INVALID: ordered physical replay did not validate the resident-worker event model
experiment-021-independent-machine-sweep-v1,1,32,1,2,16,4096,INDEPENDENT_MACHINE_RTX5090_SHARD_SERVICE,1.0137388288648792,7,2,independent_machine_wider_wan_sensitivity,independent_machine_wider_wan_sensitivity,1.0,homogeneous,0.0,hybrid,C_full_layer_stripes_plus_worker_wavefront,104101.94290999926,0.07684774920018884,18564.913599999953,218.98750000000197,103882.95540999991,4973073344,621634168.0,2.320614199999994,5.992405175806345e-05,5.938409819444591e-05,6.186628049361201e-05,2976,2976,2976,63,100040,True,PHYSICAL_SHARD_EXECUTION inputs + SHAPED_NETWORK + UNVALIDATED_INDEPENDENT_MACHINE_MODEL_DIAGNOSTIC_ONLY,E,50.0,0.1,0.04245,2976,2976,True,93,False,False,False,True,716286720,0.6670939922332764,1560860324864,2.320614199999994,38725.92276251972,508.5,4068,95972,7112.9072,7112.9072,889.1134,2956,14092,9.065861581204935,2047.7826,E018 physical layer-89/91 controls; post-schedule diagnostic only,0.0021035870597470633,0.9978964129402592,True,True,False,FAIL,False,MODEL_INVALID: ordered physical replay did not validate the resident-worker event model
experiment-021-independent-machine-sweep-v1,1,32,1,2,16,4096,INDEPENDENT_MACHINE_RTX5090_SHARD_SERVICE,1.0137388288648792,12,2,independent_machine_wider_wan_sensitivity,independent_machine_wider_wan_sensitivity,1.0,homogeneous,0.0,hybrid,C_full_layer_stripes_plus_worker_wavefront,107580.0946099991,0.12084019861785572,32488.598800000036,226.50730000000212,107353.58730999986,8081244432,621634187.0769231,2.4991229846153873,0.0001014766524971006,0.00010056228374979012,0.00010476566358171276,2976,2976,2976,63,175070,True,PHYSICAL_SHARD_EXECUTION inputs + SHAPED_NETWORK + UNVALIDATED_INDEPENDENT_MACHINE_MODEL_DIAGNOSTIC_ONLY,E,50.0,0.1,0.04245,2976,2976,True,93,False,False,False,True,716286720,0.6670939922332764,1560860324864,2.4991229846153873,24627.566273796714,547.6153846153846,7119,167951,30841.10703000048,30841.10703000048,2372.3928484615753,5173,24661,9.431700662824014,3444.6172500000002,E018 physical layer-89/91 controls; post-schedule diagnostic only,0.0021054759323380374,0.997894524067669,True,True,False,FAIL,False,MODEL_INVALID: ordered physical replay did not validate the resident-worker event model
experiment-021-independent-machine-sweep-v1,1,32,1,2,16,4096,INDEPENDENT_MACHINE_RTX5090_SHARD_SERVICE,1.0137388288648792,16,2,independent_machine_wider_wan_sensitivity,independent_machine_wider_wan_sensitivity,1.0,homogeneous,0.0,hybrid,C_full_layer_stripes_plus_worker_wavefront,109940.897609999,0.1546285356001484,41771.055600000116,231.52050000000222,109709.37710999983,10567781104,621634182.5882353,2.4571209176470656,0.00012766834989524784,0.00012651797740766257,0.00013180627332518762,2976,2976,2976,64,225090,True,PHYSICAL_SHARD_EXECUTION inputs + SHAPED_NETWORK + UNVALIDATED_INDEPENDENT_MACHINE_MODEL_DIAGNOSTIC_ONLY,E,50.0,0.1,0.04245,2976,2976,True,93,False,False,False,True,716286720,0.6670939922332764,1560860324864,2.4571209176470656,19246.124193373944,538.4117647058823,9153,215937,48562.37863000033,48562.37863000033,2856.610507647078,6651,31707,9.347874158146148,4468.5085500000005,E018 physical layer-89/91 controls; post-schedule diagnostic only,0.0021058632868479117,0.9978941367131596,True,True,False,FAIL,False,MODEL_INVALID: ordered physical replay did not validate the resident-worker event model
experiment-021-independent-machine-sweep-v1,1,32,1,4,16,4096,INDEPENDENT_MACHINE_RTX5090_SHARD_SERVICE,1.0137388288648792,7,4,independent_machine_very_fast_independent_hosts,independent_machine_very_fast_independent_hosts,1.0,homogeneous,0.0,hybrid,C_full_layer_stripes_plus_worker_wavefront,1043.266349679995,7.6682239415216165,15374.103200000038,348.3004999999993,694.9658496799971,4973072352,621634044.0,1.9217629000000047,0.004951783696138444,0.0049375693959457685,0.0052832145901098556,2976,2976,2976,64,50020,True,PHYSICAL_SHARD_EXECUTION inputs + SHAPED_NETWORK + UNVALIDATED_INDEPENDENT_MACHINE_MODEL_DIAGNOSTIC_ONLY,A,0.25,25.0,0.04245,2976,2976,True,93,False,False,False,True,716286720,0.6670939922332764,1560860324864,1.9217629000000047,388.09508208095815,254.25,2034,47986,33.765170399995895,33.765170399995895,4.220646299999487,1478,7046,10.423821859748152,1474.9008000000001,E018 physical layer-89/91 controls; post-schedule diagnostic only,0.333855779117993,0.6661442208820082,True,True,False,FAIL,False,MODEL_INVALID: ordered physical replay did not validate the resident-worker event model
experiment-021-independent-machine-sweep-v1,1,32,1,4,16,4096,INDEPENDENT_MACHINE_RTX5090_SHARD_SERVICE,1.0137388288648792,12,4,independent_machine_very_fast_independent_hosts,independent_machine_very_fast_independent_hosts,1.0,homogeneous,0.0,hybrid,C_full_layer_stripes_plus_worker_wavefront,1066.967056879995,12.184068773420574,30748.206400000076,356.6742999999994,710.2927568799967,8081242944,621634072.6153846,2.365246646153852,0.009683577890739524,0.009655780779329857,0.01033171542543685,2976,2976,2976,128,100040,True,PHYSICAL_SHARD_EXECUTION inputs + SHAPED_NETWORK + UNVALIDATED_INDEPENDENT_MACHINE_MODEL_DIAGNOSTIC_ONLY,A,0.25,25.0,0.04245,2976,2976,True,93,False,False,False,True,716286720,0.6670939922332764,1560860324864,2.365246646153852,244.25338163652808,312.9230769230769,4068,95972,188.4366665599951,188.4366665599951,14.4951281969227,2956,14092,11.893502193009333,2585.29455,E018 physical layer-89/91 controls; post-schedule diagnostic only,0.3342880154547411,0.6657119845452599,True,True,False,FAIL,False,MODEL_INVALID: ordered physical replay did not validate the resident-worker event model
experiment-021-independent-machine-sweep-v1,1,32,1,4,16,4096,INDEPENDENT_MACHINE_RTX5090_SHARD_SERVICE,1.0137388288648792,16,4,independent_machine_very_fast_independent_hosts,independent_machine_very_fast_independent_hosts,1.0,homogeneous,0.0,hybrid,C_full_layer_stripes_plus_worker_wavefront,1079.1957272799948,15.75247155846957,38435.258000000074,360.8611999999994,718.3345272799965,10567779120,621634065.882353,2.260897529411769,0.011967313181677739,0.011932960513527716,0.012768304814113616,2976,2976,2976,160,125050,True,PHYSICAL_SHARD_EXECUTION inputs + SHAPED_NETWORK + UNVALIDATED_INDEPENDENT_MACHINE_MODEL_DIAGNOSTIC_ONLY,A,0.25,25.0,0.04245,2976,2976,True,93,False,False,False,True,716286720,0.6670939922332764,1560860324864,2.260897529411769,188.9227343756038,299.11764705882354,5085,119965,248.11959815999302,248.11959815999302,14.59527047999959,3695,17615,11.567321169203815,3322.7449500000002,E018 physical layer-89/91 controls; post-schedule diagnostic only,0.33437975232677586,0.6656202476732251,True,True,False,FAIL,False,MODEL_INVALID: ordered physical replay did not validate the resident-worker event model
experiment-021-independent-machine-sweep-v1,1,32,1,4,16,4096,INDEPENDENT_MACHINE_RTX5090_SHARD_SERVICE,1.0137388288648792,7,4,independent_machine_fast_lan,independent_machine_fast_lan,1.0,homogeneous,0.0,hybrid,C_full_layer_stripes_plus_worker_wavefront,2527.1512492000115,3.165619787312872,15374.103200000038,348.3004999999993,2178.8507492000213,4973072352,621634044.0,1.9217629000000047,0.0020442105721652447,0.0020383425810507586,0.0021810328929638863,2976,2976,2976,64,50020,True,PHYSICAL_SHARD_EXECUTION inputs + SHAPED_NETWORK + UNVALIDATED_INDEPENDENT_MACHINE_MODEL_DIAGNOSTIC_ONLY,B,1.0,10.0,0.04245,2976,2976,True,93,False,False,False,True,716286720,0.6670939922332764,1560860324864,1.9217629000000047,940.1002647024043,254.25,2034,47986,51.02847599999407,51.02847599999407,6.378559499999259,1478,7046,10.423821859748152,1474.9008000000001,E018 physical layer-89/91 controls; post-schedule diagnostic only,0.13782336934137063,0.8621766306586329,True,True,False,FAIL,False,MODEL_INVALID: ordered physical replay did not validate the resident-worker event model
experiment-021-independent-machine-sweep-v1,1,32,1,4,16,4096,INDEPENDENT_MACHINE_RTX5090_SHARD_SERVICE,1.0137388288648792,12,4,independent_machine_fast_lan,independent_machine_fast_lan,1.0,homogeneous,0.0,hybrid,C_full_layer_stripes_plus_worker_wavefront,2584.243617200011,5.030485482667189,30748.206400000076,356.6742999999994,2227.5693172000215,8081242944,621634072.6153846,2.365246646153852,0.0039980977541680725,0.003986621048971573,0.004265696905133079,2976,2976,2976,96,100040,True,PHYSICAL_SHARD_EXECUTION inputs + SHAPED_NETWORK + UNVALIDATED_INDEPENDENT_MACHINE_MODEL_DIAGNOSTIC_ONLY,B,1.0,10.0,0.04245,2976,2976,True,93,False,False,False,True,716286720,0.6670939922332764,1560860324864,2.365246646153852,591.5930003682487,312.9230769230769,4068,95972,400.0039663999964,400.0039663999964,30.7695358769228,2956,14092,11.893502193009333,2585.29455,E018 physical layer-89/91 controls; post-schedule diagnostic only,0.13801883755311375,0.86198116244689,True,True,False,FAIL,False,MODEL_INVALID: ordered physical replay did not validate the resident-worker event model
experiment-021-independent-machine-sweep-v1,1,32,1,4,16,4096,INDEPENDENT_MACHINE_RTX5090_SHARD_SERVICE,1.0137388288648792,16,4,independent_machine_fast_lan,independent_machine_fast_lan,1.0,homogeneous,0.0,hybrid,C_full_layer_stripes_plus_worker_wavefront,2613.735593200011,6.5041008907816895,38435.258000000074,360.8611999999994,2252.8743932000216,10567779120,621634065.882353,2.260897529411769,0.00494123173219529,0.004927047721852155,0.005271956366148607,2976,2976,2976,128,125050,True,PHYSICAL_SHARD_EXECUTION inputs + SHAPED_NETWORK + UNVALIDATED_INDEPENDENT_MACHINE_MODEL_DIAGNOSTIC_ONLY,B,1.0,10.0,0.04245,2976,2976,True,93,False,False,False,True,716286720,0.6670939922332764,1560860324864,2.260897529411769,457.5574779625431,299.11764705882354,5085,119965,528.7401203999922,528.7401203999922,31.102360023528952,3695,17615,11.567321169203815,3322.7449500000002,E018 physical layer-89/91 controls; post-schedule diagnostic only,0.1380633913157968,0.8619366086842071,True,True,False,FAIL,False,MODEL_INVALID: ordered physical replay did not validate the resident-worker event model
experiment-021-independent-machine-sweep-v1,1,32,1,4,16,4096,INDEPENDENT_MACHINE_RTX5090_SHARD_SERVICE,1.0137388288648792,7,4,independent_machine_regional_independent_machines,independent_machine_regional_independent_machines,1.0,homogeneous,0.0,hybrid,C_full_layer_stripes_plus_worker_wavefront,11862.299741999948,0.6744054840963937,15374.103200000038,348.3004999999993,11513.999241999947,4973072352,621634044.0,1.9217629000000047,0.00043549981145597755,0.00043424969120966784,0.0004646485184053128,2976,2976,2976,33,50020,True,PHYSICAL_SHARD_EXECUTION inputs + SHAPED_NETWORK + UNVALIDATED_INDEPENDENT_MACHINE_MODEL_DIAGNOSTIC_ONLY,C,5.0,1.0,0.04245,2976,2976,True,93,False,False,False,True,716286720,0.6670939922332764,1560860324864,1.9217629000000047,4412.77550402398,254.25,2034,47986,157.72805999997104,157.72805999997104,19.71600749999638,1478,7046,10.423821859748152,1474.9008000000001,E018 physical layer-89/91 controls; post-schedule diagnostic only,0.029361970914189434,0.9706380290858104,True,True,False,FAIL,False,MODEL_INVALID: ordered physical replay did not validate the resident-worker event model
experiment-021-independent-machine-sweep-v1,1,32,1,4,16,4096,INDEPENDENT_MACHINE_RTX5090_SHARD_SERVICE,1.0137388288648792,12,4,independent_machine_regional_independent_machines,independent_machine_regional_independent_machines,1.0,homogeneous,0.0,hybrid,C_full_layer_stripes_plus_worker_wavefront,12115.767021999942,1.0729820057116037,30748.206400000076,356.6742999999994,11759.092721999943,8081242944,621634072.6153846,2.365246646153852,0.0008527779201588703,0.0008503299858187098,0.000909855726012495,2976,2976,2976,64,100040,True,PHYSICAL_SHARD_EXECUTION inputs + SHAPED_NETWORK + UNVALIDATED_INDEPENDENT_MACHINE_MODEL_DIAGNOSTIC_ONLY,C,5.0,1.0,0.04245,2976,2976,True,93,False,False,False,True,716286720,0.6670939922332764,1560860324864,2.365246646153852,2773.5786659593714,312.9230769230769,4068,95972,2660.013463999966,2660.013463999966,204.61642030768968,2956,14092,11.893502193009333,2585.29455,E018 physical layer-89/91 controls; post-schedule diagnostic only,0.02943885429229089,0.9705611457077091,True,True,False,FAIL,False,MODEL_INVALID: ordered physical replay did not validate the resident-worker event model
experiment-021-independent-machine-sweep-v1,1,32,1,4,16,4096,INDEPENDENT_MACHINE_RTX5090_SHARD_SERVICE,1.0137388288648792,16,4,independent_machine_regional_independent_machines,independent_machine_regional_independent_machines,1.0,homogeneous,0.0,hybrid,C_full_layer_stripes_plus_worker_wavefront,12251.95858199994,1.3875332573337036,38435.258000000074,360.8611999999994,11891.097381999942,10567779120,621634065.882353,2.260897529411769,0.001054123156412107,0.001051097252231967,0.0011246773246723395,2976,2976,2976,65,125050,True,PHYSICAL_SHARD_EXECUTION inputs + SHAPED_NETWORK + UNVALIDATED_INDEPENDENT_MACHINE_MODEL_DIAGNOSTIC_ONLY,C,5.0,1.0,0.04245,2976,2976,True,93,False,False,False,True,716286720,0.6670939922332764,1560860324864,2.260897529411769,2144.813455295989,299.11764705882354,5085,119965,3215.547953999952,3215.547953999952,189.149879647056,3695,17615,11.567321169203815,3322.7449500000002,E018 physical layer-89/91 controls; post-schedule diagnostic only,0.029453348016549898,0.9705466519834502,True,True,False,FAIL,False,MODEL_INVALID: ordered physical replay did not validate the resident-worker event model
experiment-021-independent-machine-sweep-v1,1,32,1,4,16,4096,INDEPENDENT_MACHINE_RTX5090_SHARD_SERVICE,1.0137388288648792,7,4,independent_machine_consumer_wan_like,independent_machine_consumer_wan_like,1.0,homogeneous,0.0,hybrid,C_full_layer_stripes_plus_worker_wavefront,60651.28467000005,0.13190157543286202,15374.103200000038,348.3004999999993,60302.98417000043,4973072352,621634044.0,1.9217629000000047,8.517592544301937e-05,8.493142442121987e-05,9.087688793385611e-05,2976,2976,2976,33,50020,True,PHYSICAL_SHARD_EXECUTION inputs + SHAPED_NETWORK + UNVALIDATED_INDEPENDENT_MACHINE_MODEL_DIAGNOSTIC_ONLY,D,20.0,0.1,0.04245,2976,2976,True,93,False,False,False,True,716286720,0.6670939922332764,1560860324864,1.9217629000000047,22562.27789724002,254.25,2034,47986,699.7238999997461,699.7238999997461,87.46548749996826,1478,7046,10.423821859748152,1474.9008000000001,E018 physical layer-89/91 controls; post-schedule diagnostic only,0.0057426730842566834,0.9942573269157495,True,True,False,FAIL,False,MODEL_INVALID: ordered physical replay did not validate the resident-worker event model
experiment-021-independent-machine-sweep-v1,1,32,1,4,16,4096,INDEPENDENT_MACHINE_RTX5090_SHARD_SERVICE,1.0137388288648792,12,4,independent_machine_consumer_wan_like,independent_machine_consumer_wan_like,1.0,homogeneous,0.0,hybrid,C_full_layer_stripes_plus_worker_wavefront,61818.50107000005,0.2102930316165298,30748.206400000076,356.6742999999994,61461.82677000044,8081242944,621634072.6153846,2.365246646153852,0.00016713537894506782,0.00016665560991739514,0.0001783220202559983,2976,2976,2976,63,100040,True,PHYSICAL_SHARD_EXECUTION inputs + SHAPED_NETWORK + UNVALIDATED_INDEPENDENT_MACHINE_MODEL_DIAGNOSTIC_ONLY,D,20.0,0.1,0.04245,2976,2976,True,93,False,False,False,True,716286720,0.6670939922332764,1560860324864,2.365246646153852,14151.681475716934,312.9230769230769,4068,95972,22110.10843999985,22110.10843999985,1700.7775723076809,2956,14092,11.893502193009333,2585.29455,E018 physical layer-89/91 controls; post-schedule diagnostic only,0.0057697015266695,0.9942302984733369,True,True,False,FAIL,False,MODEL_INVALID: ordered physical replay did not validate the resident-worker event model
experiment-021-independent-machine-sweep-v1,1,32,1,4,16,4096,INDEPENDENT_MACHINE_RTX5090_SHARD_SERVICE,1.0137388288648792,16,4,independent_machine_consumer_wan_like,independent_machine_consumer_wan_like,1.0,homogeneous,0.0,hybrid,C_full_layer_stripes_plus_worker_wavefront,62496.68847000005,0.2720144125422008,38435.258000000074,360.8611999999994,62135.82727000045,10567779120,621634065.882353,2.260897529411769,0.0002066521213982038,0.00020605891792461548,0.0002204836822132504,2976,2976,2976,64,125050,True,PHYSICAL_SHARD_EXECUTION inputs + SHAPED_NETWORK + UNVALIDATED_INDEPENDENT_MACHINE_MODEL_DIAGNOSTIC_ONLY,D,20.0,0.1,0.04245,2976,2976,True,93,False,False,False,True,716286720,0.6670939922332764,1560860324864,2.260897529411769,10940.59675804236,299.11764705882354,5085,119965,24833.626289999753,24833.626289999753,1460.8015464705736,3695,17615,11.567321169203815,3322.7449500000002,E018 physical layer-89/91 controls; post-schedule diagnostic only,0.0057740851368984405,0.994225914863108,True,True,False,FAIL,False,MODEL_INVALID: ordered physical replay did not validate the resident-worker event model
experiment-021-independent-machine-sweep-v1,1,32,1,4,16,4096,INDEPENDENT_MACHINE_RTX5090_SHARD_SERVICE,1.0137388288648792,7,4,independent_machine_wider_wan_sensitivity,independent_machine_wider_wan_sensitivity,1.0,homogeneous,0.0,hybrid,C_full_layer_stripes_plus_worker_wavefront,114126.28466999873,0.07009778705345888,15374.103200000038,348.3004999999993,113777.98416999892,4973072352,621634044.0,1.9217629000000047,4.5265902732337905e-05,4.513596508372218e-05,4.829562283515683e-05,2976,2976,2976,33,50020,True,PHYSICAL_SHARD_EXECUTION inputs + SHAPED_NETWORK + UNVALIDATED_INDEPENDENT_MACHINE_MODEL_DIAGNOSTIC_ONLY,E,50.0,0.1,0.04245,2976,2976,True,93,False,False,False,True,716286720,0.6670939922332764,1560860324864,1.9217629000000047,42454.97789723953,254.25,2034,47986,1329.7239000006512,1329.7239000006512,166.2154875000814,1478,7046,10.423821859748152,1474.9008000000001,E018 physical layer-89/91 controls; post-schedule diagnostic only,0.003051886784951651,0.9969481132150501,True,True,False,FAIL,False,MODEL_INVALID: ordered physical replay did not validate the resident-worker event model
experiment-021-independent-machine-sweep-v1,1,32,1,4,16,4096,INDEPENDENT_MACHINE_RTX5090_SHARD_SERVICE,1.0137388288648792,12,4,independent_machine_wider_wan_sensitivity,independent_machine_wider_wan_sensitivity,1.0,homogeneous,0.0,hybrid,C_full_layer_stripes_plus_worker_wavefront,116553.50106999867,0.1115367610638532,30748.206400000076,356.6742999999994,116196.82676999886,8081242944,621634072.6153846,2.365246646153852,8.864648858506106e-05,8.839202516801857e-05,9.45797414818071e-05,2976,2976,2976,63,100040,True,PHYSICAL_SHARD_EXECUTION inputs + SHAPED_NETWORK + UNVALIDATED_INDEPENDENT_MACHINE_MODEL_DIAGNOSTIC_ONLY,E,50.0,0.1,0.04245,2976,2976,True,93,False,False,False,True,716286720,0.6670939922332764,1560860324864,2.365246646153852,26681.786091101236,312.9230769230769,4068,95972,25890.108440000968,25890.108440000968,1991.5468030769975,2956,14092,11.893502193009333,2585.29455,E018 physical layer-89/91 controls; post-schedule diagnostic only,0.0030601766289782327,0.9969398233710234,True,True,False,FAIL,False,MODEL_INVALID: ordered physical replay did not validate the resident-worker event model
experiment-021-independent-machine-sweep-v1,1,32,1,4,16,4096,INDEPENDENT_MACHINE_RTX5090_SHARD_SERVICE,1.0137388288648792,16,4,independent_machine_wider_wan_sensitivity,independent_machine_wider_wan_sensitivity,1.0,homogeneous,0.0,hybrid,C_full_layer_stripes_plus_worker_wavefront,117861.68846999864,0.1442368611945289,38435.258000000074,360.8611999999994,117500.82726999883,10567779120,621634065.882353,2.260897529411769,0.00010957821341559749,0.00010926366461547904,0.00011691246051941242,2976,2976,2976,64,125050,True,PHYSICAL_SHARD_EXECUTION inputs + SHAPED_NETWORK + UNVALIDATED_INDEPENDENT_MACHINE_MODEL_DIAGNOSTIC_ONLY,E,50.0,0.1,0.04245,2976,2976,True,93,False,False,False,True,716286720,0.6670939922332764,1560860324864,2.260897529411769,20632.728522748,299.11764705882354,5085,119965,31133.62629000128,31133.62629000128,1831.3897817647812,3695,17615,11.567321169203815,3322.7449500000002,E018 physical layer-89/91 controls; post-schedule diagnostic only,0.0030617345185230027,0.9969382654814786,True,True,False,FAIL,False,MODEL_INVALID: ordered physical replay did not validate the resident-worker event model
