inventory_id,arm,network_mode,concurrency,network_bytes,transfer_count,network_queue_wait_ms,maximum_tx_utilization,maximum_rx_utilization,maximum_directed_link_utilization,target_rows_measured,network_bytes_per_target_row
coarse-friendly-01,FLEX_FREE,SHARED_NIC,1,7490322432,68736,8196.90332163326,0.02471577919718599,0.023273253783363437,0.004895991249967126,2176,3442243.7647058824
coarse-friendly-01,FLEX_FREE,SHARED_NIC,8,7078333824,65029,9010.781179995596,0.10577684323312239,0.09962486886478149,0.020880840015538207,2057,3441095.6849781233
coarse-friendly-01,FLEX_FREE,SHARED_NIC,32,5674330368,52135,7197.7510632885605,0.08380884563982122,0.07893638227773087,0.01653797549480733,1649,3441073.600970285
coarse-friendly-01,FLEX_FREE,SHARED_NIC,64,3803304960,34939,4821.162893608802,0.055159658178670946,0.05195463372079332,0.010878106715124129,1105,3441904.9411764704
coarse-friendly-01,FLEX_FREE,SHARED_NIC,128,7545182976,69283,9400.387961066852,0.05527049758357328,0.05204584509518094,0.010945201014048075,2193,3440575.9124487005
coarse-friendly-01,FLEX_FREE_NO_ALT,SHARED_NIC,1,7497695232,69248,8987.595571233245,0.025230005632930295,0.023807694646356372,0.004826848374699212,2176,3445632.0
coarse-friendly-01,FLEX_FREE_NO_ALT,SHARED_NIC,8,7087665024,65461,9750.52823079655,0.10764415214140974,0.10157584353860348,0.02059381231891118,2057,3445632.0
coarse-friendly-01,FLEX_FREE_NO_ALT,SHARED_NIC,32,5681847168,52477,7775.393844786948,0.08620672329755345,0.08134692376177312,0.01649253624001718,1649,3445632.0
coarse-friendly-01,FLEX_FREE_NO_ALT,SHARED_NIC,64,3807423360,35165,5313.16418101616,0.057850978178179954,0.05458969940385091,0.011067690751112821,1105,3445632.0
coarse-friendly-01,FLEX_FREE_NO_ALT,SHARED_NIC,128,7556270976,69789,10328.11502476268,0.05747608673719837,0.05423594201345348,0.010995968843122901,2193,3445632.0
coarse-friendly-01,FLEX_POOL,LEGACY_DIRECTED_LINK,1,8434040832,88192,0.0,0.008116654333514918,0.007697154589837752,0.0020936277736965164,2176,3875937.882352941
coarse-friendly-01,FLEX_POOL,LEGACY_DIRECTED_LINK,8,7972804224,83369,0.0,0.007672774799657192,0.007276216448212036,0.001979132504824131,2057,3875937.882352941
coarse-friendly-01,FLEX_POOL,LEGACY_DIRECTED_LINK,32,6391421568,66833,0.0,0.00615090211213987,0.005832999962633313,0.0015865772972603483,1649,3875937.882352941
coarse-friendly-01,FLEX_POOL,LEGACY_DIRECTED_LINK,64,4282911360,44785,0.0,0.004121738528771229,0.003908711315183439,0.0010631703538388235,1105,3875937.882352941
coarse-friendly-01,FLEX_POOL,LEGACY_DIRECTED_LINK,128,8499931776,88881,0.0,0.004090032847774268,0.003878644305060576,0.0010549921203461,2193,3875937.882352941
coarse-friendly-01,FLEX_POOL,SHARED_NIC,1,8371372032,86912,25559.51345932083,0.026504594017512956,0.02513473521365786,0.006836653611881164,2176,3847137.882352941
coarse-friendly-01,FLEX_POOL,SHARED_NIC,8,7977613824,83331,28600.206350386485,0.12311627865626605,0.11699013243435662,0.030558506761967228,2057,3878276.044725328
coarse-friendly-01,FLEX_POOL,SHARED_NIC,32,6399600768,66885,23159.46610835741,0.09889293153154265,0.09397974326272213,0.024507492037681114,1649,3880897.9793814435
coarse-friendly-01,FLEX_POOL,SHARED_NIC,64,4285704960,44769,15440.565452920462,0.06525945602063413,0.06201051931704752,0.016206528171698105,1105,3878466.027149321
coarse-friendly-01,FLEX_POOL,SHARED_NIC,128,8508370176,88903,30777.523348207425,0.06470870521281934,0.06148256413466594,0.016093141617386418,2193,3879785.7619699044
coarse-friendly-01,FLEX_POOL_NO_ALT,SHARED_NIC,1,8375058432,87168,26243.57881612523,0.026121396807773475,0.024771343101518722,0.006737810875927647,2176,3848832.0
coarse-friendly-01,FLEX_POOL_NO_ALT,SHARED_NIC,8,7917047424,82401,26279.520776482055,0.10816925063321685,0.10257864999287447,0.02790141579031258,2057,3848832.0
coarse-friendly-01,FLEX_POOL_NO_ALT,SHARED_NIC,32,6346723968,66057,21187.021275356125,0.08625357848981748,0.08179566361739135,0.022248438837827508,1649,3848832.0
coarse-friendly-01,FLEX_POOL_NO_ALT,SHARED_NIC,64,4252959360,44265,14244.780072162066,0.05875738619542664,0.055720579718853525,0.015156010172886782,1105,3848832.0
coarse-friendly-01,FLEX_POOL_NO_ALT,SHARED_NIC,128,8440488576,87849,28033.97827542838,0.05794204814042561,0.05494738145335573,0.014945700071364598,2193,3848832.0
coarse-friendly-01,U_STRONG,LEGACY_DIRECTED_LINK,1,7059013632,60288,0.0,0.002105518307780422,0.0026672257487685555,0.0014597316698290834,2176,3244032.0
coarse-friendly-01,U_STRONG,LEGACY_DIRECTED_LINK,8,6672973824,56991,0.0,0.0019903727753253038,0.002521361840634832,0.001379902594136431,2057,3244032.0
coarse-friendly-01,U_STRONG,LEGACY_DIRECTED_LINK,32,5349408768,45687,0.0,0.0015955880926206995,0.002021257012746081,0.0011062029060464073,1649,3244032.0
coarse-friendly-01,U_STRONG,LEGACY_DIRECTED_LINK,64,3584655360,30615,0.0,0.0010692085156786852,0.0013544505755578595,0.00074126998859128,1105,3244032.0
coarse-friendly-01,U_STRONG,LEGACY_DIRECTED_LINK,128,7114162176,60759,0.0,0.001060983834787691,0.001344031724975175,0.0007355679117551586,2193,3244032.0
coarse-friendly-01,U_STRONG,SHARED_NIC,1,7059013632,60288,1066.8380159999501,0.00723194276094676,0.009161271062967727,0.005013822887949018,2176,3244032.0
coarse-friendly-01,U_STRONG,SHARED_NIC,8,6672973824,56991,1421.7935799976904,0.029199828771656652,0.03698972118722496,0.020243906051097986,2057,3244032.0
coarse-friendly-01,U_STRONG,SHARED_NIC,32,5349408768,45687,1140.0341923986052,0.023531011412376724,0.029808584091496435,0.016313780058253503,1649,3244032.0
coarse-friendly-01,U_STRONG,SHARED_NIC,64,3584655360,30615,761.4336599017188,0.015893911842215742,0.020134069011684123,0.011019066605985266,1105,3244032.0
coarse-friendly-01,U_STRONG,SHARED_NIC,128,7114162176,60759,1554.2827379070804,0.015705112269943304,0.019894901734600463,0.01088817403009177,2193,3244032.0
coarse-friendly-02,FLEX_FREE,SHARED_NIC,1,7497695232,69248,9763.366502435876,0.02568935490946683,0.02999037714311058,0.004908508508267588,2176,3445632.0
coarse-friendly-02,FLEX_FREE,SHARED_NIC,8,7090977024,65529,11233.25421169478,0.11240715638447855,0.13113219838765644,0.025668163485849323,2057,3447242.1118133203
coarse-friendly-02,FLEX_FREE,SHARED_NIC,32,5684842368,52541,8923.71869888395,0.08955277574023296,0.10445787596579854,0.020233536887360713,1649,3447448.3735597334
coarse-friendly-02,FLEX_FREE,SHARED_NIC,64,3809928960,35213,5811.065699301711,0.059298263956410684,0.06916040323798764,0.013166087239416651,1105,3447899.511312217
coarse-friendly-02,FLEX_FREE,SHARED_NIC,128,7560533376,69875,12217.420496841281,0.05916348480661285,0.06900977753354522,0.01325482359570556,2193,3447575.638850889
coarse-friendly-02,FLEX_FREE_NO_ALT,SHARED_NIC,1,7497695232,69248,9773.93312003337,0.02568935490946683,0.02999037714311058,0.004908508508267588,2176,3445632.0
coarse-friendly-02,FLEX_FREE_NO_ALT,SHARED_NIC,8,7087665024,65461,11093.069359892193,0.11144762468644162,0.13010666510814284,0.021294486215300813,2057,3445632.0
coarse-friendly-02,FLEX_FREE_NO_ALT,SHARED_NIC,32,5681847168,52477,8986.208775984931,0.088616009600318,0.10345248287459627,0.016932010890300334,1649,3445632.0
coarse-friendly-02,FLEX_FREE_NO_ALT,SHARED_NIC,64,3807423360,35165,5924.569416499551,0.05882571467496352,0.06867456870880921,0.011239928834513952,1105,3445632.0
coarse-friendly-02,FLEX_FREE_NO_ALT,SHARED_NIC,128,7556270976,69789,11967.907903656102,0.058965960428866315,0.06883829500972619,0.011266725828004347,2193,3445632.0
coarse-friendly-02,FLEX_POOL,LEGACY_DIRECTED_LINK,1,7497695232,69248,0.0,0.008537833221612844,0.009967273962445414,0.0016313382394437907,2176,3445632.0
coarse-friendly-02,FLEX_POOL,LEGACY_DIRECTED_LINK,8,7087665024,65461,0.0,0.008070920467308507,0.009422188667627236,0.0015421244294747084,2057,3445632.0
coarse-friendly-02,FLEX_POOL,LEGACY_DIRECTED_LINK,32,5681847168,52477,0.0,0.006470076738274651,0.007553324799690371,0.0012362485095825408,1649,3445632.0
coarse-friendly-02,FLEX_POOL,LEGACY_DIRECTED_LINK,64,3807423360,35165,0.0,0.004335618432888354,0.005061506309098754,0.0008284139497248228,1105,3445632.0
coarse-friendly-02,FLEX_POOL,LEGACY_DIRECTED_LINK,128,7556270976,69789,0.0,0.004302267521858617,0.0050225716451738475,0.0008220415347255063,2193,3445632.0
coarse-friendly-02,FLEX_POOL,SHARED_NIC,1,7497695232,69248,9763.366502435876,0.02568935490946683,0.02999037714311058,0.004908508508267588,2176,3445632.0
coarse-friendly-02,FLEX_POOL,SHARED_NIC,8,7090977024,65529,11233.25421169478,0.11240715638447855,0.13113219838765644,0.025668163485849323,2057,3447242.1118133203
coarse-friendly-02,FLEX_POOL,SHARED_NIC,32,5684842368,52541,8923.71869888395,0.08955277574023296,0.10445787596579854,0.020233536887360713,1649,3447448.3735597334
coarse-friendly-02,FLEX_POOL,SHARED_NIC,64,3809928960,35213,5811.065699301711,0.059298263956410684,0.06916040323798764,0.013166087239416651,1105,3447899.511312217
coarse-friendly-02,FLEX_POOL,SHARED_NIC,128,7560533376,69875,12217.420496841281,0.05916348480661285,0.06900977753354522,0.01325482359570556,2193,3447575.638850889
coarse-friendly-02,FLEX_POOL_NO_ALT,SHARED_NIC,1,7497695232,69248,9773.93312003337,0.02568935490946683,0.02999037714311058,0.004908508508267588,2176,3445632.0
coarse-friendly-02,FLEX_POOL_NO_ALT,SHARED_NIC,8,7087665024,65461,11093.069359892193,0.11144762468644162,0.13010666510814284,0.021294486215300813,2057,3445632.0
coarse-friendly-02,FLEX_POOL_NO_ALT,SHARED_NIC,32,5681847168,52477,8986.208775984931,0.088616009600318,0.10345248287459627,0.016932010890300334,1649,3445632.0
coarse-friendly-02,FLEX_POOL_NO_ALT,SHARED_NIC,64,3807423360,35165,5924.569416499551,0.05882571467496352,0.06867456870880921,0.011239928834513952,1105,3445632.0
coarse-friendly-02,FLEX_POOL_NO_ALT,SHARED_NIC,128,7556270976,69789,11967.907903656102,0.058965960428866315,0.06883829500972619,0.011266725828004347,2193,3445632.0
coarse-friendly-02,U_STRONG,LEGACY_DIRECTED_LINK,1,7121403904,60928,0.0,0.003191552819750725,0.004629581717118068,0.0016375131519615652,2176,3272704.0
coarse-friendly-02,U_STRONG,LEGACY_DIRECTED_LINK,8,6731952128,57596,0.0,0.003017014774921445,0.004376401466964389,0.0015479616514640971,2057,3272704.0
coarse-friendly-02,U_STRONG,LEGACY_DIRECTED_LINK,32,5396688896,46172,0.0,0.0024185986212251517,0.003508354895014864,0.0012409279354748798,1649,3272704.0
coarse-friendly-02,U_STRONG,LEGACY_DIRECTED_LINK,64,3616337920,30940,0.0,0.0016207104162938239,0.0023509594657445624,0.0008315496474877472,1105,3272704.0
coarse-friendly-02,U_STRONG,LEGACY_DIRECTED_LINK,128,7177039872,61404,0.0,0.0016082434130887924,0.0023328751621578864,0.0008251531117364193,2193,3272704.0
coarse-friendly-02,U_STRONG,SHARED_NIC,1,7121403904,60928,1509.3985279971444,0.009697653694465137,0.014067158771429913,0.00497564551323817,2176,3272704.0
coarse-friendly-02,U_STRONG,SHARED_NIC,8,6731952128,57596,2064.8763848977005,0.04137415941584008,0.060016256289833925,0.02122814003751447,2057,3272704.0
coarse-friendly-02,U_STRONG,SHARED_NIC,32,5396688896,46172,1616.4446918981557,0.03322915808556153,0.04820133378214223,0.017049125133378484,1649,3272704.0
coarse-friendly-02,U_STRONG,SHARED_NIC,64,3616337920,30940,1104.841672397859,0.02215365483825899,0.03213550306040645,0.011366536357214187,1105,3272704.0
coarse-friendly-02,U_STRONG,SHARED_NIC,128,7177039872,61404,2166.480693679725,0.022055837815187232,0.03199361228584878,0.011316348667768941,2193,3272704.0
coarse-friendly-03,FLEX_FREE,SHARED_NIC,1,7121403904,60928,1509.3985279970425,0.00978038663012056,0.01418716896958285,0.004729056323194286,2176,3272704.0
coarse-friendly-03,FLEX_FREE,SHARED_NIC,8,6731952128,57596,1907.9521462969506,0.04100426355136468,0.059479695177382504,0.019826565059127513,2057,3272704.0
coarse-friendly-03,FLEX_FREE,SHARED_NIC,32,5396688896,46172,1514.0696678979075,0.032725983964491286,0.0474714427720302,0.015823814257343412,1649,3272704.0
coarse-friendly-03,FLEX_FREE,SHARED_NIC,64,3616337920,30940,1048.739031800018,0.021815746140983652,0.0316453416827598,0.010548447227586613,1105,3272704.0
coarse-friendly-03,FLEX_FREE,SHARED_NIC,128,7177039872,61404,2056.030365698287,0.021839967048623954,0.0316804758878055,0.010560158629268505,2193,3272704.0
coarse-friendly-03,FLEX_FREE_NO_ALT,SHARED_NIC,1,7121403904,60928,1509.3985279970425,0.00978038663012056,0.01418716896958285,0.004729056323194286,2176,3272704.0
coarse-friendly-03,FLEX_FREE_NO_ALT,SHARED_NIC,8,6731952128,57596,1907.9521462969506,0.04100426355136468,0.059479695177382504,0.019826565059127513,2057,3272704.0
coarse-friendly-03,FLEX_FREE_NO_ALT,SHARED_NIC,32,5396688896,46172,1514.0696678979075,0.032725983964491286,0.0474714427720302,0.015823814257343412,1649,3272704.0
coarse-friendly-03,FLEX_FREE_NO_ALT,SHARED_NIC,64,3616337920,30940,1048.739031800018,0.021815746140983652,0.0316453416827598,0.010548447227586613,1105,3272704.0
coarse-friendly-03,FLEX_FREE_NO_ALT,SHARED_NIC,128,7177039872,61404,2056.030365698287,0.021839967048623954,0.0316804758878055,0.010560158629268505,2193,3272704.0
coarse-friendly-03,FLEX_POOL,LEGACY_DIRECTED_LINK,1,8375058432,87168,0.0,0.008431662432257405,0.009843327603123718,0.0015614807214250593,2176,3848832.0
coarse-friendly-03,FLEX_POOL,LEGACY_DIRECTED_LINK,8,7917047424,82401,0.0,0.00797055589299726,0.009305020624832482,0.0014760872444728548,2057,3848832.0
coarse-friendly-03,FLEX_POOL,LEGACY_DIRECTED_LINK,32,6346723968,66057,0.0,0.0063896191869675205,0.007459396699268403,0.001183309609209086,1649,3848832.0
coarse-friendly-03,FLEX_POOL,LEGACY_DIRECTED_LINK,64,4252959360,44265,0.0,0.004281703578919286,0.004998564798506278,0.0007929394288558049,1105,3848832.0
coarse-friendly-03,FLEX_POOL,LEGACY_DIRECTED_LINK,128,8440488576,87849,0.0,0.004248767397532491,0.004960114300043996,0.0007868398947857414,2193,3848832.0
coarse-friendly-03,FLEX_POOL,SHARED_NIC,1,8367685632,86656,24480.97894409892,0.024722578869627893,0.02886173930265597,0.004578436411441948,2176,3845443.7647058824
coarse-friendly-03,FLEX_POOL,SHARED_NIC,8,7866129024,81121,24900.76474409347,0.11155383634580993,0.13023065918011065,0.02065893484878909,2057,3824078.2809917354
coarse-friendly-03,FLEX_POOL,SHARED_NIC,32,6304935168,65021,20073.269799469057,0.08907132491983599,0.10398402904224055,0.016495342147713882,1649,3823490.095815646
coarse-friendly-03,FLEX_POOL,SHARED_NIC,64,4228565760,43633,13440.302383503957,0.059295493471770745,0.0692229998912868,0.010981081212328206,1105,3826756.3438914027
coarse-friendly-03,FLEX_POOL,SHARED_NIC,128,8386718976,86485,26656.757034636277,0.059012288876049444,0.06889237996469579,0.010928633842667648,2193,3824313.2585499315
coarse-friendly-03,FLEX_POOL_NO_ALT,SHARED_NIC,1,8375058432,87168,25539.801356903674,0.023663747530888218,0.02762563386942668,0.004382348779143315,2176,3848832.0
coarse-friendly-03,FLEX_POOL_NO_ALT,SHARED_NIC,8,7917047424,82401,27326.28103768708,0.1094202412386279,0.12773984840807742,0.020263809017559673,2057,3848832.0
coarse-friendly-03,FLEX_POOL_NO_ALT,SHARED_NIC,32,6346723968,66057,21854.674896957385,0.08676245954579416,0.10128860350180914,0.016067757576000076,1649,3848832.0
coarse-friendly-03,FLEX_POOL_NO_ALT,SHARED_NIC,64,4252959360,44265,14575.897056807786,0.058292264894391474,0.06805180647275284,0.010795290794916888,1105,3848832.0
coarse-friendly-03,FLEX_POOL_NO_ALT,SHARED_NIC,128,8440488576,87849,29011.684167761443,0.057903164677777806,0.0675975614251902,0.010723232349524199,2193,3848832.0
coarse-friendly-03,U_STRONG,LEGACY_DIRECTED_LINK,1,7121403904,60928,0.0,0.0032195281298235037,0.004670161958573623,0.0015567206528578753,2176,3272704.0
coarse-friendly-03,U_STRONG,LEGACY_DIRECTED_LINK,8,6731952128,57596,0.0,0.003043460185224356,0.004414762476464964,0.001471587492154989,2057,3272704.0
coarse-friendly-03,U_STRONG,LEGACY_DIRECTED_LINK,32,5396688896,46172,0.0,0.0024397986608899204,0.0035391071092432517,0.0011797023697477517,1649,3272704.0
coarse-friendly-03,U_STRONG,LEGACY_DIRECTED_LINK,64,3616337920,30940,0.0,0.0016349166284407256,0.002371566619609537,0.0007905222065365135,1105,3272704.0
coarse-friendly-03,U_STRONG,LEGACY_DIRECTED_LINK,128,7177039872,61404,0.0,0.001622340346679455,0.002353323799452837,0.0007844412664842794,2193,3272704.0
coarse-friendly-03,U_STRONG,SHARED_NIC,1,7121403904,60928,1509.3985279970425,0.00978038663012056,0.01418716896958285,0.004729056323194286,2176,3272704.0
coarse-friendly-03,U_STRONG,SHARED_NIC,8,6731952128,57596,1907.9521462969506,0.04100426355136468,0.059479695177382504,0.019826565059127513,2057,3272704.0
coarse-friendly-03,U_STRONG,SHARED_NIC,32,5396688896,46172,1514.0696678979075,0.032725983964491286,0.0474714427720302,0.015823814257343412,1649,3272704.0
coarse-friendly-03,U_STRONG,SHARED_NIC,64,3616337920,30940,1048.739031800018,0.021815746140983652,0.0316453416827598,0.010548447227586613,1105,3272704.0
coarse-friendly-03,U_STRONG,SHARED_NIC,128,7177039872,61404,2056.030365698287,0.021839967048623954,0.0316804758878055,0.010560158629268505,2193,3272704.0
memory-fragmented-01,FLEX_FREE,SHARED_NIC,1,6934233088,59008,941.2353638410646,0.006567145410593943,0.010058386393353836,0.004552926517329727,2176,3186688.0
memory-fragmented-01,FLEX_FREE,SHARED_NIC,8,6555017216,55781,1238.466286201954,0.03518705917433102,0.053893284691136155,0.0243947841513034,2057,3186688.0
memory-fragmented-01,FLEX_FREE,SHARED_NIC,32,5254848512,44717,1002.6259562088853,0.028193164936235686,0.04318128027479857,0.019545997571268788,1649,3186688.0
memory-fragmented-01,FLEX_FREE,SHARED_NIC,64,3521290240,29965,657.5010662200366,0.018783185687544356,0.02876874616460622,0.013022166991885532,1105,3186688.0
memory-fragmented-01,FLEX_FREE,SHARED_NIC,128,6988406784,59469,1329.8643750037809,0.018732618612735934,0.02869129650491307,0.0129871094194694,2193,3186688.0
memory-fragmented-01,FLEX_FREE_NO_ALT,SHARED_NIC,1,6934233088,59008,941.2353638410646,0.006567145410593943,0.010058386393353836,0.004552926517329727,2176,3186688.0
memory-fragmented-01,FLEX_FREE_NO_ALT,SHARED_NIC,8,6555017216,55781,1238.466286201954,0.03518705917433102,0.053893284691136155,0.0243947841513034,2057,3186688.0
memory-fragmented-01,FLEX_FREE_NO_ALT,SHARED_NIC,32,5254848512,44717,1002.6259562088853,0.028193164936235686,0.04318128027479857,0.019545997571268788,1649,3186688.0
memory-fragmented-01,FLEX_FREE_NO_ALT,SHARED_NIC,64,3521290240,29965,657.5010662200366,0.018783185687544356,0.02876874616460622,0.013022166991885532,1105,3186688.0
memory-fragmented-01,FLEX_FREE_NO_ALT,SHARED_NIC,128,6988406784,59469,1329.8643750037809,0.018732618612735934,0.02869129650491307,0.0129871094194694,2193,3186688.0
memory-fragmented-01,FLEX_POOL,LEGACY_DIRECTED_LINK,1,6934233088,59008,0.0,0.002466415072082257,0.003777616338656845,0.0017099372531496012,2176,3186688.0
memory-fragmented-01,FLEX_POOL,LEGACY_DIRECTED_LINK,8,6555017216,55781,0.0,0.002331532997827402,0.0035710279451360047,0.0016164250596177358,2057,3186688.0
memory-fragmented-01,FLEX_POOL,LEGACY_DIRECTED_LINK,32,5254848512,44717,0.0,0.001869080171814739,0.002862724881642079,0.0012958118246540994,1649,3186688.0
memory-fragmented-01,FLEX_POOL,LEGACY_DIRECTED_LINK,64,3521290240,29965,0.0,0.001252476403797037,0.0019183207969822565,0.000868327511368684,1105,3186688.0
memory-fragmented-01,FLEX_POOL,LEGACY_DIRECTED_LINK,128,6988406784,59469,0.0,0.0012428419699194845,0.001903564483155949,0.0008616480689720203,2193,3186688.0
memory-fragmented-01,FLEX_POOL,SHARED_NIC,1,6934233088,59008,941.2353638410646,0.006567145410593943,0.010058386393353836,0.004552926517329727,2176,3186688.0
memory-fragmented-01,FLEX_POOL,SHARED_NIC,8,6555017216,55781,1238.466286201954,0.03518705917433102,0.053893284691136155,0.0243947841513034,2057,3186688.0
memory-fragmented-01,FLEX_POOL,SHARED_NIC,32,5254848512,44717,1002.6259562088853,0.028193164936235686,0.04318128027479857,0.019545997571268788,1649,3186688.0
memory-fragmented-01,FLEX_POOL,SHARED_NIC,64,3521290240,29965,657.5010662200366,0.018783185687544356,0.02876874616460622,0.013022166991885532,1105,3186688.0
memory-fragmented-01,FLEX_POOL,SHARED_NIC,128,6988406784,59469,1329.8643750037809,0.018732618612735934,0.02869129650491307,0.0129871094194694,2193,3186688.0
memory-fragmented-01,FLEX_POOL_NO_ALT,SHARED_NIC,1,6934233088,59008,941.2353638410646,0.006567145410593943,0.010058386393353836,0.004552926517329727,2176,3186688.0
memory-fragmented-01,FLEX_POOL_NO_ALT,SHARED_NIC,8,6555017216,55781,1238.466286201954,0.03518705917433102,0.053893284691136155,0.0243947841513034,2057,3186688.0
memory-fragmented-01,FLEX_POOL_NO_ALT,SHARED_NIC,32,5254848512,44717,1002.6259562088853,0.028193164936235686,0.04318128027479857,0.019545997571268788,1649,3186688.0
memory-fragmented-01,FLEX_POOL_NO_ALT,SHARED_NIC,64,3521290240,29965,657.5010662200366,0.018783185687544356,0.02876874616460622,0.013022166991885532,1105,3186688.0
memory-fragmented-01,FLEX_POOL_NO_ALT,SHARED_NIC,128,6988406784,59469,1329.8643750037809,0.018732618612735934,0.02869129650491307,0.0129871094194694,2193,3186688.0
memory-fragmented-01,U_STRONG,LEGACY_DIRECTED_LINK,1,6934233088,59008,0.0,0.002466415072082257,0.003777616338656845,0.0017099372531496012,2176,3186688.0
memory-fragmented-01,U_STRONG,LEGACY_DIRECTED_LINK,8,6555017216,55781,0.0,0.002331532997827402,0.0035710279451360047,0.0016164250596177358,2057,3186688.0
memory-fragmented-01,U_STRONG,LEGACY_DIRECTED_LINK,32,5254848512,44717,0.0,0.001869080171814739,0.002862724881642079,0.0012958118246540994,1649,3186688.0
memory-fragmented-01,U_STRONG,LEGACY_DIRECTED_LINK,64,3521290240,29965,0.0,0.001252476403797037,0.0019183207969822565,0.000868327511368684,1105,3186688.0
memory-fragmented-01,U_STRONG,LEGACY_DIRECTED_LINK,128,6988406784,59469,0.0,0.0012428419699194845,0.001903564483155949,0.0008616480689720203,2193,3186688.0
memory-fragmented-01,U_STRONG,SHARED_NIC,1,6934233088,59008,941.2353638410646,0.006567145410593943,0.010058386393353836,0.004552926517329727,2176,3186688.0
memory-fragmented-01,U_STRONG,SHARED_NIC,8,6555017216,55781,1238.466286201954,0.03518705917433102,0.053893284691136155,0.0243947841513034,2057,3186688.0
memory-fragmented-01,U_STRONG,SHARED_NIC,32,5254848512,44717,1002.6259562088853,0.028193164936235686,0.04318128027479857,0.019545997571268788,1649,3186688.0
memory-fragmented-01,U_STRONG,SHARED_NIC,64,3521290240,29965,657.5010662200366,0.018783185687544356,0.02876874616460622,0.013022166991885532,1105,3186688.0
memory-fragmented-01,U_STRONG,SHARED_NIC,128,6988406784,59469,1329.8643750037809,0.018732618612735934,0.02869129650491307,0.0129871094194694,2193,3186688.0
memory-fragmented-02,FLEX_FREE,SHARED_NIC,1,26438139904,455424,114705.02317187487,0.010328304118072052,0.009960292193743501,0.0015523746961531326,2176,12149880.470588235
memory-fragmented-02,FLEX_FREE,SHARED_NIC,8,24993513728,430548,109947.58241876576,0.046726306606124576,0.045061382934793365,0.007023102262560113,2057,12150468.511424404
memory-fragmented-02,FLEX_FREE,SHARED_NIC,32,20036276096,345150,88220.66494265487,0.039043507159962805,0.03765233238061719,0.005868354753240344,1649,12150561.610673135
memory-fragmented-02,FLEX_FREE,SHARED_NIC,64,13425041920,231266,58989.98489772126,0.026338999046630503,0.025400503664113856,0.003958829559486583,1105,12149359.20361991
memory-fragmented-02,FLEX_FREE,SHARED_NIC,128,26648230272,459054,117563.85880023461,0.025975304597788174,0.025049768157267803,0.0039041652067467883,2193,12151495.792065663
memory-fragmented-02,FLEX_FREE_NO_ALT,SHARED_NIC,1,26423394304,455168,112594.14199157746,0.010015492212625394,0.009658626214090688,0.001505358140374033,2176,12143104.0
memory-fragmented-02,FLEX_FREE_NO_ALT,SHARED_NIC,8,24978364928,430276,107387.6959179293,0.044999728635162294,0.04339632535230273,0.006763592480274811,2057,12143104.0
memory-fragmented-02,FLEX_FREE_NO_ALT,SHARED_NIC,32,20023978496,344932,86167.69918049645,0.038955399669176195,0.03756736428298374,0.005855111936445344,1649,12143104.0
memory-fragmented-02,FLEX_FREE_NO_ALT,SHARED_NIC,64,13418129920,231140,57769.65247067709,0.026065196071556634,0.025136456672073784,0.003917676161467211,1105,12143104.0
memory-fragmented-02,FLEX_FREE_NO_ALT,SHARED_NIC,128,26629827072,458724,114462.84484957093,0.02605255801612143,0.02512426892823352,0.003915776624307784,2193,12143104.0
memory-fragmented-02,FLEX_POOL,LEGACY_DIRECTED_LINK,1,26423394304,455168,0.0,0.0030475153989972196,0.002938928162062216,0.0004580505896667379,2176,12143104.0
memory-fragmented-02,FLEX_POOL,LEGACY_DIRECTED_LINK,8,24978364928,430276,0.0,0.002880854400615653,0.0027782055282004935,0.00043300094804450267,2057,12143104.0
memory-fragmented-02,FLEX_POOL,LEGACY_DIRECTED_LINK,32,20023978496,344932,0.0,0.002309445263306199,0.0022271564978162636,0.00034711646248236893,1649,12143104.0
memory-fragmented-02,FLEX_POOL,LEGACY_DIRECTED_LINK,64,13418129920,231140,0.0,0.0015475664135555438,0.0014924244572994071,0.00023260381506548105,1105,12143104.0
memory-fragmented-02,FLEX_POOL,LEGACY_DIRECTED_LINK,128,26629827072,458724,0.0,0.0015356620565326387,0.0014809442691706212,0.0002308145549502611,2193,12143104.0
memory-fragmented-02,FLEX_POOL,SHARED_NIC,1,26438139904,455424,114705.02317187487,0.010328304118072052,0.009960292193743501,0.0015523746961531326,2176,12149880.470588235
memory-fragmented-02,FLEX_POOL,SHARED_NIC,8,24993513728,430548,109947.58241876576,0.046726306606124576,0.045061382934793365,0.007023102262560113,2057,12150468.511424404
memory-fragmented-02,FLEX_POOL,SHARED_NIC,32,20036276096,345150,88220.66494265487,0.039043507159962805,0.03765233238061719,0.005868354753240344,1649,12150561.610673135
memory-fragmented-02,FLEX_POOL,SHARED_NIC,64,13425041920,231266,58989.98489772126,0.026338999046630503,0.025400503664113856,0.003958829559486583,1105,12149359.20361991
memory-fragmented-02,FLEX_POOL,SHARED_NIC,128,26648230272,459054,117563.85880023461,0.025975304597788174,0.025049768157267803,0.0039041652067467883,2193,12151495.792065663
memory-fragmented-02,FLEX_POOL_NO_ALT,SHARED_NIC,1,26423394304,455168,112594.14199157746,0.010015492212625394,0.009658626214090688,0.001505358140374033,2176,12143104.0
memory-fragmented-02,FLEX_POOL_NO_ALT,SHARED_NIC,8,24978364928,430276,107387.6959179293,0.044999728635162294,0.04339632535230273,0.006763592480274811,2057,12143104.0
memory-fragmented-02,FLEX_POOL_NO_ALT,SHARED_NIC,32,20023978496,344932,86167.69918049645,0.038955399669176195,0.03756736428298374,0.005855111936445344,1649,12143104.0
memory-fragmented-02,FLEX_POOL_NO_ALT,SHARED_NIC,64,13418129920,231140,57769.65247067709,0.026065196071556634,0.025136456672073784,0.003917676161467211,1105,12143104.0
memory-fragmented-02,FLEX_POOL_NO_ALT,SHARED_NIC,128,26629827072,458724,114462.84484957093,0.02605255801612143,0.02512426892823352,0.003915776624307784,2193,12143104.0
memory-fragmented-02,U_STRONG,LEGACY_DIRECTED_LINK,1,26423394304,455168,0.0,0.0030400908054892834,0.0029317681172074737,0.00045693465127460866,2176,12143104.0
memory-fragmented-02,U_STRONG,LEGACY_DIRECTED_LINK,8,24978364928,430276,0.0,0.002873835839565152,0.0027714370482987164,0.0004319460375331885,2057,12143104.0
memory-fragmented-02,U_STRONG,LEGACY_DIRECTED_LINK,32,20023978496,344932,0.0,0.002303818813538301,0.00222173052632462,0.0003462707904195587,1649,12143104.0
memory-fragmented-02,U_STRONG,LEGACY_DIRECTED_LINK,64,13418129920,231140,0.0,0.0015437961121646138,0.0014887884970214336,0.00023203712760070072,1105,12143104.0
memory-fragmented-02,U_STRONG,LEGACY_DIRECTED_LINK,128,26629827072,458724,0.0,0.0015319207574604208,0.0014773362778181718,0.00023025222661987336,2193,12143104.0
memory-fragmented-02,U_STRONG,SHARED_NIC,1,26423394304,455168,112594.14199157746,0.010015492212625394,0.009658626214090688,0.001505358140374033,2176,12143104.0
memory-fragmented-02,U_STRONG,SHARED_NIC,8,24978364928,430276,107387.6959179293,0.044999728635162294,0.04339632535230273,0.006763592480274811,2057,12143104.0
memory-fragmented-02,U_STRONG,SHARED_NIC,32,20023978496,344932,86167.69918049645,0.038955399669176195,0.03756736428298374,0.005855111936445344,1649,12143104.0
memory-fragmented-02,U_STRONG,SHARED_NIC,64,13418129920,231140,57769.65247067709,0.026065196071556634,0.025136456672073784,0.003917676161467211,1105,12143104.0
memory-fragmented-02,U_STRONG,SHARED_NIC,128,26629827072,458724,114462.84484957093,0.02605255801612143,0.02512426892823352,0.003915776624307784,2193,12143104.0
memory-fragmented-03,FLEX_FREE,SHARED_NIC,1,7059013632,60288,1577.808199678735,0.006566453298227751,0.008988105706997089,0.004270619838738574,2176,3244032.0
memory-fragmented-03,FLEX_FREE,SHARED_NIC,8,6672973824,56991,1749.4986186835868,0.03522363030909748,0.04821380709245302,0.022908368880202708,2057,3244032.0
memory-fragmented-03,FLEX_FREE,SHARED_NIC,32,5349408768,45687,1433.007223835215,0.02820223326781466,0.0386029782398547,0.01834186758364195,1649,3244032.0
memory-fragmented-03,FLEX_FREE,SHARED_NIC,64,3584655360,30615,996.1598146493852,0.018928824123960956,0.025909614278568874,0.012310726682484553,1105,3244032.0
memory-fragmented-03,FLEX_FREE,SHARED_NIC,128,7114162176,60759,1891.6621105240993,0.018768995753152596,0.025690842557129823,0.012206779211883982,2193,3244032.0
memory-fragmented-03,FLEX_FREE_NO_ALT,SHARED_NIC,1,7059013632,60288,1577.808199678735,0.006566453298227751,0.008988105706997089,0.004270619838738574,2176,3244032.0
memory-fragmented-03,FLEX_FREE_NO_ALT,SHARED_NIC,8,6672973824,56991,1749.4986186835868,0.03522363030909748,0.04821380709245302,0.022908368880202708,2057,3244032.0
memory-fragmented-03,FLEX_FREE_NO_ALT,SHARED_NIC,32,5349408768,45687,1433.007223835215,0.02820223326781466,0.0386029782398547,0.01834186758364195,1649,3244032.0
memory-fragmented-03,FLEX_FREE_NO_ALT,SHARED_NIC,64,3584655360,30615,996.1598146493852,0.018928824123960956,0.025909614278568874,0.012310726682484553,1105,3244032.0
memory-fragmented-03,FLEX_FREE_NO_ALT,SHARED_NIC,128,7114162176,60759,1891.6621105240993,0.018768995753152596,0.025690842557129823,0.012206779211883982,2193,3244032.0
memory-fragmented-03,FLEX_POOL,LEGACY_DIRECTED_LINK,1,7059013632,60288,0.0,0.0026549530711327094,0.0036340772966279742,0.0017267000527605052,2176,3244032.0
memory-fragmented-03,FLEX_POOL,LEGACY_DIRECTED_LINK,8,6672973824,56991,0.0,0.0025097603250545664,0.003435338694467848,0.0016322711436247929,2057,3244032.0
memory-fragmented-03,FLEX_POOL,LEGACY_DIRECTED_LINK,32,5349408768,45687,0.0,0.002011956624220278,0.0027539492013543376,0.001308514883734211,1649,3244032.0
memory-fragmented-03,FLEX_POOL,LEGACY_DIRECTED_LINK,64,3584655360,30615,0.0,0.001348218356441123,0.0018454298772028481,0.0008768398705467012,1105,3244032.0
memory-fragmented-03,FLEX_POOL,LEGACY_DIRECTED_LINK,128,7114162176,60759,0.0,0.0013378474460058237,0.001831234262761273,0.0008700949484648324,2193,3244032.0
memory-fragmented-03,FLEX_POOL,SHARED_NIC,1,7059013632,60288,1577.808199678735,0.006566453298227751,0.008988105706997089,0.004270619838738574,2176,3244032.0
memory-fragmented-03,FLEX_POOL,SHARED_NIC,8,6672973824,56991,1749.4986186835868,0.03522363030909748,0.04821380709245302,0.022908368880202708,2057,3244032.0
memory-fragmented-03,FLEX_POOL,SHARED_NIC,32,5349408768,45687,1433.007223835215,0.02820223326781466,0.0386029782398547,0.01834186758364195,1649,3244032.0
memory-fragmented-03,FLEX_POOL,SHARED_NIC,64,3584655360,30615,996.1598146493852,0.018928824123960956,0.025909614278568874,0.012310726682484553,1105,3244032.0
memory-fragmented-03,FLEX_POOL,SHARED_NIC,128,7114162176,60759,1891.6621105240993,0.018768995753152596,0.025690842557129823,0.012206779211883982,2193,3244032.0
memory-fragmented-03,FLEX_POOL_NO_ALT,SHARED_NIC,1,7059013632,60288,1577.808199678735,0.006566453298227751,0.008988105706997089,0.004270619838738574,2176,3244032.0
memory-fragmented-03,FLEX_POOL_NO_ALT,SHARED_NIC,8,6672973824,56991,1749.4986186835868,0.03522363030909748,0.04821380709245302,0.022908368880202708,2057,3244032.0
memory-fragmented-03,FLEX_POOL_NO_ALT,SHARED_NIC,32,5349408768,45687,1433.007223835215,0.02820223326781466,0.0386029782398547,0.01834186758364195,1649,3244032.0
memory-fragmented-03,FLEX_POOL_NO_ALT,SHARED_NIC,64,3584655360,30615,996.1598146493852,0.018928824123960956,0.025909614278568874,0.012310726682484553,1105,3244032.0
memory-fragmented-03,FLEX_POOL_NO_ALT,SHARED_NIC,128,7114162176,60759,1891.6621105240993,0.018768995753152596,0.025690842557129823,0.012206779211883982,2193,3244032.0
memory-fragmented-03,U_STRONG,LEGACY_DIRECTED_LINK,1,7059013632,60288,0.0,0.0026549530711327094,0.0036340772966279742,0.0017267000527605052,2176,3244032.0
memory-fragmented-03,U_STRONG,LEGACY_DIRECTED_LINK,8,6672973824,56991,0.0,0.0025097603250545664,0.003435338694467848,0.0016322711436247929,2057,3244032.0
memory-fragmented-03,U_STRONG,LEGACY_DIRECTED_LINK,32,5349408768,45687,0.0,0.002011956624220278,0.0027539492013543376,0.001308514883734211,1649,3244032.0
memory-fragmented-03,U_STRONG,LEGACY_DIRECTED_LINK,64,3584655360,30615,0.0,0.001348218356441123,0.0018454298772028481,0.0008768398705467012,1105,3244032.0
memory-fragmented-03,U_STRONG,LEGACY_DIRECTED_LINK,128,7114162176,60759,0.0,0.0013378474460058237,0.001831234262761273,0.0008700949484648324,2193,3244032.0
memory-fragmented-03,U_STRONG,SHARED_NIC,1,7059013632,60288,1577.808199678735,0.006566453298227751,0.008988105706997089,0.004270619838738574,2176,3244032.0
memory-fragmented-03,U_STRONG,SHARED_NIC,8,6672973824,56991,1749.4986186835868,0.03522363030909748,0.04821380709245302,0.022908368880202708,2057,3244032.0
memory-fragmented-03,U_STRONG,SHARED_NIC,32,5349408768,45687,1433.007223835215,0.02820223326781466,0.0386029782398547,0.01834186758364195,1649,3244032.0
memory-fragmented-03,U_STRONG,SHARED_NIC,64,3584655360,30615,996.1598146493852,0.018928824123960956,0.025909614278568874,0.012310726682484553,1105,3244032.0
memory-fragmented-03,U_STRONG,SHARED_NIC,128,7114162176,60759,1891.6621105240993,0.018768995753152596,0.025690842557129823,0.012206779211883982,2193,3244032.0
memory-fragmented-04,FLEX_FREE,SHARED_NIC,1,26862075904,464128,113451.45794146,0.010108930385577431,0.010536585261574765,0.0013816007963416126,2176,12344704.0
memory-fragmented-04,FLEX_FREE,SHARED_NIC,8,25420473728,439240,109222.89352454296,0.04613428391080026,0.04860051704857611,0.0063052331907191,2057,12358032.925619835
memory-fragmented-04,FLEX_FREE,SHARED_NIC,32,20382970496,352204,87874.3841598068,0.04265288598947212,0.04508527858354546,0.00582942596314619,1649,12360806.85021225
memory-fragmented-04,FLEX_FREE,SHARED_NIC,64,13660280320,236040,58921.15580472326,0.028810240990941517,0.030490043942853897,0.003937533485507802,1105,12362244.633484162
memory-fragmented-04,FLEX_FREE,SHARED_NIC,128,27107878272,468408,116774.78979694619,0.028626679177727272,0.03027249939397257,0.003912445851342629,2193,12361093.603283174
memory-fragmented-04,FLEX_FREE_NO_ALT,SHARED_NIC,1,26862075904,464128,113429.8360329398,0.010108930385577431,0.010536585261574765,0.0013816007963416126,2176,12344704.0
memory-fragmented-04,FLEX_FREE_NO_ALT,SHARED_NIC,8,25393056128,438746,108929.00070737881,0.04523295112760731,0.04714651580434787,0.006182046855119752,2057,12344704.0
memory-fragmented-04,FLEX_FREE_NO_ALT,SHARED_NIC,32,20356416896,351722,87638.67365672532,0.04157734125821945,0.04333625659761586,0.005682429851735653,1649,12344704.0
memory-fragmented-04,FLEX_FREE_NO_ALT,SHARED_NIC,64,13640897920,235690,58696.86638928622,0.02810510096159814,0.02929407773838681,0.0038411610713240925,1105,12344704.0
memory-fragmented-04,FLEX_FREE_NO_ALT,SHARED_NIC,128,27071935872,467754,116328.22168773609,0.02776334613566119,0.028937865090293308,0.0037944529902850153,2193,12344704.0
memory-fragmented-04,FLEX_POOL,LEGACY_DIRECTED_LINK,1,26862075904,464128,0.0,0.0031274290669056153,0.0032597338942992387,0.0004274298392145761,2176,12344704.0
memory-fragmented-04,FLEX_POOL,LEGACY_DIRECTED_LINK,8,25393056128,438746,0.0,0.0029563977898102406,0.003081467196955819,0.000404054769882669,2057,12344704.0
memory-fragmented-04,FLEX_POOL,LEGACY_DIRECTED_LINK,32,20356416896,351722,0.0,0.002370004839771088,0.0024702670917806004,0.0003239116750307074,1649,12344704.0
memory-fragmented-04,FLEX_POOL,LEGACY_DIRECTED_LINK,64,13640897920,235690,0.0,0.0015881475730448273,0.0016553336182059412,0.00021705421522708325,1105,12344704.0
memory-fragmented-04,FLEX_POOL,LEGACY_DIRECTED_LINK,128,27071935872,467754,0.0,0.0015759310532523136,0.001642600282681424,0.00021538456741766385,2193,12344704.0
memory-fragmented-04,FLEX_POOL,SHARED_NIC,1,26862075904,464128,113451.45794146,0.010108930385577431,0.010536585261574765,0.0013816007963416126,2176,12344704.0
memory-fragmented-04,FLEX_POOL,SHARED_NIC,8,25420473728,439240,109222.89352454296,0.04613428391080026,0.04860051704857611,0.0063052331907191,2057,12358032.925619835
memory-fragmented-04,FLEX_POOL,SHARED_NIC,32,20382970496,352204,87874.3841598068,0.04265288598947212,0.04508527858354546,0.00582942596314619,1649,12360806.85021225
memory-fragmented-04,FLEX_POOL,SHARED_NIC,64,13660280320,236040,58921.15580472326,0.028810240990941517,0.030490043942853897,0.003937533485507802,1105,12362244.633484162
memory-fragmented-04,FLEX_POOL,SHARED_NIC,128,27107878272,468408,116774.78979694619,0.028626679177727272,0.03027249939397257,0.003912445851342629,2193,12361093.603283174
memory-fragmented-04,FLEX_POOL_NO_ALT,SHARED_NIC,1,26862075904,464128,113429.8360329398,0.010108930385577431,0.010536585261574765,0.0013816007963416126,2176,12344704.0
memory-fragmented-04,FLEX_POOL_NO_ALT,SHARED_NIC,8,25393056128,438746,108929.00070737881,0.04523295112760731,0.04714651580434787,0.006182046855119752,2057,12344704.0
memory-fragmented-04,FLEX_POOL_NO_ALT,SHARED_NIC,32,20356416896,351722,87638.67365672532,0.04157734125821945,0.04333625659761586,0.005682429851735653,1649,12344704.0
memory-fragmented-04,FLEX_POOL_NO_ALT,SHARED_NIC,64,13640897920,235690,58696.86638928622,0.02810510096159814,0.02929407773838681,0.0038411610713240925,1105,12344704.0
memory-fragmented-04,FLEX_POOL_NO_ALT,SHARED_NIC,128,27071935872,467754,116328.22168773609,0.02776334613566119,0.028937865090293308,0.0037944529902850153,2193,12344704.0
memory-fragmented-04,U_STRONG,LEGACY_DIRECTED_LINK,1,26423394304,455168,0.0,0.0036655179904405166,0.003664132878456453,0.0004804563126574382,2176,12143104.0
memory-fragmented-04,U_STRONG,LEGACY_DIRECTED_LINK,8,24978364928,430276,0.0,0.0034650599753395022,0.0034637506116670675,0.00045418135805914186,2057,12143104.0
memory-fragmented-04,U_STRONG,LEGACY_DIRECTED_LINK,32,20023978496,344932,0.0,0.0027777753521379504,0.002776725696962528,0.00036409579943666405,1649,12143104.0
memory-fragmented-04,U_STRONG,LEGACY_DIRECTED_LINK,64,13418129920,231140,0.0,0.0018613958545294273,0.0018606924773500175,0.00024398172127251485,1105,12143104.0
memory-fragmented-04,U_STRONG,LEGACY_DIRECTED_LINK,128,26629827072,458724,0.0,0.0018470774248799465,0.0018463794582942233,0.00024210493880128634,2193,12143104.0
memory-fragmented-04,U_STRONG,SHARED_NIC,1,26423394304,455168,111077.1135711096,0.010631468990275532,0.010627451611246145,0.001393515569292244,2176,12143104.0
memory-fragmented-04,U_STRONG,SHARED_NIC,8,24978364928,430276,106485.83542670011,0.04646967146809643,0.04645211168554625,0.006090993704625354,2057,12143104.0
memory-fragmented-04,U_STRONG,SHARED_NIC,32,20023978496,344932,85462.9264929354,0.04050113207570578,0.04048582766209975,0.005308669777721347,1649,12143104.0
memory-fragmented-04,U_STRONG,SHARED_NIC,64,13418129920,231140,57317.63004893534,0.027095142470136002,0.02708490386084719,0.003551485022329672,1105,12143104.0
memory-fragmented-04,U_STRONG,SHARED_NIC,128,26629827072,458724,113576.16224277795,0.02677655648354853,0.026766438260319495,0.003509726490853549,2193,12143104.0
memory-fragmented-05,FLEX_FREE,SHARED_NIC,1,7556399104,69632,2993.2079513456406,0.011814035383592882,0.011128113346198669,0.0021794155006416216,2176,3472609.882352941
memory-fragmented-05,FLEX_FREE,SHARED_NIC,8,7116028928,65386,3307.830238151958,0.05367369437158803,0.04994708523973248,0.009782022198805692,2057,3459420.966456004
memory-fragmented-05,FLEX_FREE,SHARED_NIC,32,5704157696,52416,2632.6201976713746,0.04289310685299547,0.039927677224352344,0.00781974409679195,1649,3459161.7319587627
memory-fragmented-05,FLEX_FREE,SHARED_NIC,64,3824331520,35160,1784.6940348790813,0.028745025068822233,0.026741964314548453,0.0052373524362636596,1105,3460933.5022624433
memory-fragmented-05,FLEX_FREE,SHARED_NIC,128,7588620672,69730,3530.083874287433,0.028388450952203423,0.02655752341414947,0.005201230108536031,2193,3460383.343365253
memory-fragmented-05,FLEX_FREE_NO_ALT,SHARED_NIC,1,7560085504,69888,2912.2487910257464,0.011358769380509531,0.011128113346198669,0.0021794155006416216,2176,3474304.0
memory-fragmented-05,FLEX_FREE_NO_ALT,SHARED_NIC,8,7146643328,66066,3229.2348853406784,0.05077584249867517,0.049744766501161435,0.00974239853743612,2057,3474304.0
memory-fragmented-05,FLEX_FREE_NO_ALT,SHARED_NIC,32,5729127296,52962,2567.3956610380337,0.040697165846126225,0.0398707517719162,0.007808595377367488,1649,3474304.0
memory-fragmented-05,FLEX_FREE_NO_ALT,SHARED_NIC,64,3839105920,35490,1749.2840333354252,0.02726280966893672,0.02670919938319583,0.005230935499533611,1105,3474304.0
memory-fragmented-05,FLEX_FREE_NO_ALT,SHARED_NIC,128,7619148672,70434,3517.2175445144385,0.027080228429791055,0.02653032571686462,0.00519590350184177,2193,3474304.0
memory-fragmented-05,FLEX_POOL,LEGACY_DIRECTED_LINK,1,7560085504,69888,0.0,0.0038483230524620853,0.0037701773568948284,0.0007383805966167192,2176,3474304.0
memory-fragmented-05,FLEX_POOL,LEGACY_DIRECTED_LINK,8,7146643328,66066,0.0,0.0036378678855326194,0.0035639957826916553,0.0006980004077396363,2057,3474304.0
memory-fragmented-05,FLEX_POOL,LEGACY_DIRECTED_LINK,32,5729127296,52962,0.0,0.0029163073132009126,0.002857087528278709,0.0005595540458749472,1649,3474304.0
memory-fragmented-05,FLEX_POOL,LEGACY_DIRECTED_LINK,64,3839105920,35490,0.0,0.001954226550089383,0.0019145431890589127,0.0003749588967215329,1105,3474304.0
memory-fragmented-05,FLEX_POOL,LEGACY_DIRECTED_LINK,128,7619148672,70434,0.0,0.0019391940381616782,0.001899815933754599,0.00037207459751522823,2193,3474304.0
memory-fragmented-05,FLEX_POOL,SHARED_NIC,1,7556399104,69632,2993.2079513456406,0.011814035383592882,0.011128113346198669,0.0021794155006416216,2176,3472609.882352941
memory-fragmented-05,FLEX_POOL,SHARED_NIC,8,7116028928,65386,3307.830238151958,0.05367369437158803,0.04994708523973248,0.009782022198805692,2057,3459420.966456004
memory-fragmented-05,FLEX_POOL,SHARED_NIC,32,5704157696,52416,2632.6201976713746,0.04289310685299547,0.039927677224352344,0.00781974409679195,1649,3459161.7319587627
memory-fragmented-05,FLEX_POOL,SHARED_NIC,64,3824331520,35160,1784.6940348790813,0.028745025068822233,0.026741964314548453,0.0052373524362636596,1105,3460933.5022624433
memory-fragmented-05,FLEX_POOL,SHARED_NIC,128,7588620672,69730,3530.083874287433,0.028388450952203423,0.02655752341414947,0.005201230108536031,2193,3460383.343365253
memory-fragmented-05,FLEX_POOL_NO_ALT,SHARED_NIC,1,7560085504,69888,2912.2487910257464,0.011358769380509531,0.011128113346198669,0.0021794155006416216,2176,3474304.0
memory-fragmented-05,FLEX_POOL_NO_ALT,SHARED_NIC,8,7146643328,66066,3229.2348853406784,0.05077584249867517,0.049744766501161435,0.00974239853743612,2057,3474304.0
memory-fragmented-05,FLEX_POOL_NO_ALT,SHARED_NIC,32,5729127296,52962,2567.3956610380337,0.040697165846126225,0.0398707517719162,0.007808595377367488,1649,3474304.0
memory-fragmented-05,FLEX_POOL_NO_ALT,SHARED_NIC,64,3839105920,35490,1749.2840333354252,0.02726280966893672,0.02670919938319583,0.005230935499533611,1105,3474304.0
memory-fragmented-05,FLEX_POOL_NO_ALT,SHARED_NIC,128,7619148672,70434,3517.2175445144385,0.027080228429791055,0.02653032571686462,0.00519590350184177,2193,3474304.0
memory-fragmented-05,U_STRONG,LEGACY_DIRECTED_LINK,1,7121403904,60928,0.0,0.0021366739479673877,0.0037818454133604095,0.0007406657587401025,2176,3272704.0
memory-fragmented-05,U_STRONG,LEGACY_DIRECTED_LINK,8,6731952128,57596,0.0,0.0020198245914391255,0.003575025742319395,0.0007001606000594206,2057,3272704.0
memory-fragmented-05,U_STRONG,LEGACY_DIRECTED_LINK,32,5396688896,46172,0.0,0.0016191982261981382,0.002865929727319451,0.0005612857702966556,1649,3272704.0
memory-fragmented-05,U_STRONG,LEGACY_DIRECTED_LINK,64,3616337920,30940,0.0,0.0010850297392085452,0.0019204683739833433,0.0003761193306124119,1105,3272704.0
memory-fragmented-05,U_STRONG,LEGACY_DIRECTED_LINK,128,7177039872,61404,0.0,0.0010766833565960133,0.0019056955403315807,0.00037322610499119455,2193,3272704.0
memory-fragmented-05,U_STRONG,SHARED_NIC,1,7121403904,60928,638.1882393559081,0.006345803295713723,0.011231871437760709,0.002199736285129726,2176,3272704.0
memory-fragmented-05,U_STRONG,SHARED_NIC,8,6731952128,57596,786.9380506118423,0.02805093015939005,0.049649260555032354,0.00972369391672265,2057,3272704.0
memory-fragmented-05,U_STRONG,SHARED_NIC,32,5396688896,46172,616.5326900970686,0.0225605609807331,0.039931480490501915,0.007820488957752794,1649,3272704.0
memory-fragmented-05,U_STRONG,SHARED_NIC,64,3616337920,30940,414.4797058259719,0.015132754456281176,0.02678449750671555,0.005245682464491885,1105,3272704.0
memory-fragmented-05,U_STRONG,SHARED_NIC,128,7177039872,61404,810.6627114087751,0.014998458078257358,0.026546797158590957,0.005199129395962318,2193,3272704.0
memory-fragmented-06,FLEX_FREE,SHARED_NIC,1,34428846080,535808,147540.05975278595,0.017641687476485157,0.01762842135503535,0.002991068386111848,2176,15822080.0
memory-fragmented-06,FLEX_FREE,SHARED_NIC,8,32546018560,506506,140999.3376149439,0.08523529465349516,0.0851711997775265,0.01445125901696291,2057,15822080.0
memory-fragmented-06,FLEX_FREE,SHARED_NIC,32,26090609920,406042,113012.76342459084,0.0695696160421017,0.0695173013768033,0.01179521400403634,1649,15822080.0
memory-fragmented-06,FLEX_FREE,SHARED_NIC,64,17483398400,272090,75819.00750715312,0.046564925901197825,0.04652991020538469,0.007894872752414428,1105,15822080.0
memory-fragmented-06,FLEX_FREE,SHARED_NIC,128,34697821440,539994,150392.10826328016,0.04605106630167852,0.04601643701583127,0.007807750179527288,2193,15822080.0
memory-fragmented-06,FLEX_FREE_NO_ALT,SHARED_NIC,1,34428846080,535808,147540.05975278595,0.017641687476485157,0.01762842135503535,0.002991068386111848,2176,15822080.0
memory-fragmented-06,FLEX_FREE_NO_ALT,SHARED_NIC,8,32546018560,506506,140999.3376149439,0.08523529465349516,0.0851711997775265,0.01445125901696291,2057,15822080.0
memory-fragmented-06,FLEX_FREE_NO_ALT,SHARED_NIC,32,26090609920,406042,113012.76342459084,0.0695696160421017,0.0695173013768033,0.01179521400403634,1649,15822080.0
memory-fragmented-06,FLEX_FREE_NO_ALT,SHARED_NIC,64,17483398400,272090,75819.00750715312,0.046564925901197825,0.04652991020538469,0.007894872752414428,1105,15822080.0
memory-fragmented-06,FLEX_FREE_NO_ALT,SHARED_NIC,128,34697821440,539994,150392.10826328016,0.04605106630167852,0.04601643701583127,0.007807750179527288,2193,15822080.0
memory-fragmented-06,FLEX_POOL,LEGACY_DIRECTED_LINK,1,34428846080,535808,145970.66149701306,0.005388843452491062,0.005384791172809199,0.0009136540543491814,2176,15822080.0
memory-fragmented-06,FLEX_POOL,LEGACY_DIRECTED_LINK,8,32546018560,506506,137987.89094632154,0.005094141076184834,0.0050903104055480715,0.0008636885982522791,2057,15822080.0
memory-fragmented-06,FLEX_POOL,LEGACY_DIRECTED_LINK,32,26090609920,406042,110618.39191488724,0.0040837329288480086,0.00408066206065159,0.0006923784630626978,1649,15822080.0
memory-fragmented-06,FLEX_POOL,LEGACY_DIRECTED_LINK,64,17483398400,272090,74125.72654036921,0.0027365220657235316,0.00273446426744758,0.00046396494947511136,1105,15822080.0
memory-fragmented-06,FLEX_POOL,LEGACY_DIRECTED_LINK,128,34697821440,539994,147111.0572897019,0.002715471895997925,0.0027134299269394742,0.00046039598832712196,2193,15822080.0
memory-fragmented-06,FLEX_POOL,SHARED_NIC,1,34428846080,535808,147540.05975278595,0.017641687476485157,0.01762842135503535,0.002991068386111848,2176,15822080.0
memory-fragmented-06,FLEX_POOL,SHARED_NIC,8,32546018560,506506,140999.3376149439,0.08523529465349516,0.0851711997775265,0.01445125901696291,2057,15822080.0
memory-fragmented-06,FLEX_POOL,SHARED_NIC,32,26090609920,406042,113012.76342459084,0.0695696160421017,0.0695173013768033,0.01179521400403634,1649,15822080.0
memory-fragmented-06,FLEX_POOL,SHARED_NIC,64,17483398400,272090,75819.00750715312,0.046564925901197825,0.04652991020538469,0.007894872752414428,1105,15822080.0
memory-fragmented-06,FLEX_POOL,SHARED_NIC,128,34697821440,539994,150392.10826328016,0.04605106630167852,0.04601643701583127,0.007807750179527288,2193,15822080.0
memory-fragmented-06,FLEX_POOL_NO_ALT,SHARED_NIC,1,34428846080,535808,147540.05975278595,0.017641687476485157,0.01762842135503535,0.002991068386111848,2176,15822080.0
memory-fragmented-06,FLEX_POOL_NO_ALT,SHARED_NIC,8,32546018560,506506,140999.3376149439,0.08523529465349516,0.0851711997775265,0.01445125901696291,2057,15822080.0
memory-fragmented-06,FLEX_POOL_NO_ALT,SHARED_NIC,32,26090609920,406042,113012.76342459084,0.0695696160421017,0.0695173013768033,0.01179521400403634,1649,15822080.0
memory-fragmented-06,FLEX_POOL_NO_ALT,SHARED_NIC,64,17483398400,272090,75819.00750715312,0.046564925901197825,0.04652991020538469,0.007894872752414428,1105,15822080.0
memory-fragmented-06,FLEX_POOL_NO_ALT,SHARED_NIC,128,34697821440,539994,150392.10826328016,0.04605106630167852,0.04601643701583127,0.007807750179527288,2193,15822080.0
memory-fragmented-06,U_STRONG,LEGACY_DIRECTED_LINK,1,34428846080,535808,145970.66149701306,0.005388843452491062,0.005384791172809199,0.0009136540543491814,2176,15822080.0
memory-fragmented-06,U_STRONG,LEGACY_DIRECTED_LINK,8,32546018560,506506,137987.89094632154,0.005094141076184834,0.0050903104055480715,0.0008636885982522791,2057,15822080.0
memory-fragmented-06,U_STRONG,LEGACY_DIRECTED_LINK,32,26090609920,406042,110618.39191488724,0.0040837329288480086,0.00408066206065159,0.0006923784630626978,1649,15822080.0
memory-fragmented-06,U_STRONG,LEGACY_DIRECTED_LINK,64,17483398400,272090,74125.72654036921,0.0027365220657235316,0.00273446426744758,0.00046396494947511136,1105,15822080.0
memory-fragmented-06,U_STRONG,LEGACY_DIRECTED_LINK,128,34697821440,539994,147111.0572897019,0.002715471895997925,0.0027134299269394742,0.00046039598832712196,2193,15822080.0
memory-fragmented-06,U_STRONG,SHARED_NIC,1,34428846080,535808,147540.05975278595,0.017641687476485157,0.01762842135503535,0.002991068386111848,2176,15822080.0
memory-fragmented-06,U_STRONG,SHARED_NIC,8,32546018560,506506,140999.3376149439,0.08523529465349516,0.0851711997775265,0.01445125901696291,2057,15822080.0
memory-fragmented-06,U_STRONG,SHARED_NIC,32,26090609920,406042,113012.76342459084,0.0695696160421017,0.0695173013768033,0.01179521400403634,1649,15822080.0
memory-fragmented-06,U_STRONG,SHARED_NIC,64,17483398400,272090,75819.00750715312,0.046564925901197825,0.04652991020538469,0.007894872752414428,1105,15822080.0
memory-fragmented-06,U_STRONG,SHARED_NIC,128,34697821440,539994,150392.10826328016,0.04605106630167852,0.04601643701583127,0.007807750179527288,2193,15822080.0
compute-heterogeneous-01,FLEX_FREE,SHARED_NIC,1,7059013632,60288,1066.8380160009528,0.0035874763808577416,0.006555046775989428,0.0017937381904288654,2176,3244032.0
compute-heterogeneous-01,FLEX_FREE,SHARED_NIC,8,6672973824,56991,1169.4931537798757,0.01885778496964812,0.03445699690935348,0.00942889248482403,2057,3244032.0
compute-heterogeneous-01,FLEX_FREE,SHARED_NIC,32,5349408768,45687,960.9962538679792,0.01634087676224092,0.029858095264046706,0.008170438381120429,1649,3244032.0
compute-heterogeneous-01,FLEX_FREE,SHARED_NIC,64,3584655360,30615,631.3503028276391,0.01093600636444152,0.019982301108360932,0.005468003182220741,1105,3244032.0
compute-heterogeneous-01,FLEX_FREE,SHARED_NIC,128,7114162176,60759,1202.9868500488956,0.010896964712605784,0.01991096409402942,0.005448482356302875,2193,3244032.0
compute-heterogeneous-01,FLEX_FREE_NO_ALT,SHARED_NIC,1,7059013632,60288,1066.8380160009528,0.0035874763808577416,0.006555046775989428,0.0017937381904288654,2176,3244032.0
compute-heterogeneous-01,FLEX_FREE_NO_ALT,SHARED_NIC,8,6672973824,56991,1169.4931537798757,0.01885778496964812,0.03445699690935348,0.00942889248482403,2057,3244032.0
compute-heterogeneous-01,FLEX_FREE_NO_ALT,SHARED_NIC,32,5349408768,45687,960.9962538679792,0.01634087676224092,0.029858095264046706,0.008170438381120429,1649,3244032.0
compute-heterogeneous-01,FLEX_FREE_NO_ALT,SHARED_NIC,64,3584655360,30615,631.3503028276391,0.01093600636444152,0.019982301108360932,0.005468003182220741,1105,3244032.0
compute-heterogeneous-01,FLEX_FREE_NO_ALT,SHARED_NIC,128,7114162176,60759,1202.9868500488956,0.010896964712605784,0.01991096409402942,0.005448482356302875,2193,3244032.0
compute-heterogeneous-01,FLEX_POOL,LEGACY_DIRECTED_LINK,1,7059013632,60288,0.0,0.001160328710284678,0.0021201558321119886,0.0005801643551423373,2176,3244032.0
compute-heterogeneous-01,FLEX_POOL,LEGACY_DIRECTED_LINK,8,6672973824,56991,0.0,0.0010968732339413957,0.002004209810044115,0.0005484366169706961,2057,3244032.0
compute-heterogeneous-01,FLEX_POOL,LEGACY_DIRECTED_LINK,32,5349408768,45687,0.0,0.0008793116007641431,0.0016066805915251725,0.0004396558003820698,1649,3244032.0
compute-heterogeneous-01,FLEX_POOL,LEGACY_DIRECTED_LINK,64,3584655360,30615,0.0,0.0005892294231927405,0.00107664163349675,0.00029461471159636924,1105,3244032.0
compute-heterogeneous-01,FLEX_POOL,LEGACY_DIRECTED_LINK,128,7114162176,60759,0.0,0.0005846968891706605,0.0010683597747820738,0.00029234844458532943,2193,3244032.0
compute-heterogeneous-01,FLEX_POOL,SHARED_NIC,1,7059013632,60288,1066.8380160009528,0.0035874763808577416,0.006555046775989428,0.0017937381904288654,2176,3244032.0
compute-heterogeneous-01,FLEX_POOL,SHARED_NIC,8,6672973824,56991,1169.4931537798757,0.01885778496964812,0.03445699690935348,0.00942889248482403,2057,3244032.0
compute-heterogeneous-01,FLEX_POOL,SHARED_NIC,32,5349408768,45687,960.9962538679792,0.01634087676224092,0.029858095264046706,0.008170438381120429,1649,3244032.0
compute-heterogeneous-01,FLEX_POOL,SHARED_NIC,64,3584655360,30615,631.3503028276391,0.01093600636444152,0.019982301108360932,0.005468003182220741,1105,3244032.0
compute-heterogeneous-01,FLEX_POOL,SHARED_NIC,128,7114162176,60759,1202.9868500488956,0.010896964712605784,0.01991096409402942,0.005448482356302875,2193,3244032.0
compute-heterogeneous-01,FLEX_POOL_NO_ALT,SHARED_NIC,1,7059013632,60288,1066.8380160009528,0.0035874763808577416,0.006555046775989428,0.0017937381904288654,2176,3244032.0
compute-heterogeneous-01,FLEX_POOL_NO_ALT,SHARED_NIC,8,6672973824,56991,1169.4931537798757,0.01885778496964812,0.03445699690935348,0.00942889248482403,2057,3244032.0
compute-heterogeneous-01,FLEX_POOL_NO_ALT,SHARED_NIC,32,5349408768,45687,960.9962538679792,0.01634087676224092,0.029858095264046706,0.008170438381120429,1649,3244032.0
compute-heterogeneous-01,FLEX_POOL_NO_ALT,SHARED_NIC,64,3584655360,30615,631.3503028276391,0.01093600636444152,0.019982301108360932,0.005468003182220741,1105,3244032.0
compute-heterogeneous-01,FLEX_POOL_NO_ALT,SHARED_NIC,128,7114162176,60759,1202.9868500488956,0.010896964712605784,0.01991096409402942,0.005448482356302875,2193,3244032.0
compute-heterogeneous-01,U_STRONG,LEGACY_DIRECTED_LINK,1,7059013632,60288,0.0,0.001160328710284678,0.0021201558321119886,0.0005801643551423373,2176,3244032.0
compute-heterogeneous-01,U_STRONG,LEGACY_DIRECTED_LINK,8,6672973824,56991,0.0,0.0010968732339413957,0.002004209810044115,0.0005484366169706961,2057,3244032.0
compute-heterogeneous-01,U_STRONG,LEGACY_DIRECTED_LINK,32,5349408768,45687,0.0,0.0008793116007641431,0.0016066805915251725,0.0004396558003820698,1649,3244032.0
compute-heterogeneous-01,U_STRONG,LEGACY_DIRECTED_LINK,64,3584655360,30615,0.0,0.0005892294231927405,0.00107664163349675,0.00029461471159636924,1105,3244032.0
compute-heterogeneous-01,U_STRONG,LEGACY_DIRECTED_LINK,128,7114162176,60759,0.0,0.0005846968891706605,0.0010683597747820738,0.00029234844458532943,2193,3244032.0
compute-heterogeneous-01,U_STRONG,SHARED_NIC,1,7059013632,60288,1066.8380160009528,0.0035874763808577416,0.006555046775989428,0.0017937381904288654,2176,3244032.0
compute-heterogeneous-01,U_STRONG,SHARED_NIC,8,6672973824,56991,1169.4931537798757,0.01885778496964812,0.03445699690935348,0.00942889248482403,2057,3244032.0
compute-heterogeneous-01,U_STRONG,SHARED_NIC,32,5349408768,45687,960.9962538679792,0.01634087676224092,0.029858095264046706,0.008170438381120429,1649,3244032.0
compute-heterogeneous-01,U_STRONG,SHARED_NIC,64,3584655360,30615,631.3503028276391,0.01093600636444152,0.019982301108360932,0.005468003182220741,1105,3244032.0
compute-heterogeneous-01,U_STRONG,SHARED_NIC,128,7114162176,60759,1202.9868500488956,0.010896964712605784,0.01991096409402942,0.005448482356302875,2193,3244032.0
compute-heterogeneous-02,FLEX_FREE,SHARED_NIC,1,7435304960,68608,6049.319639036419,0.011459945176479101,0.010208340294751829,0.003628897685926114,2176,3416960.0
compute-heterogeneous-02,FLEX_FREE,SHARED_NIC,8,7048126720,65210,6493.157230656832,0.0710109519703724,0.06403458416594172,0.020214762729553026,2057,3426410.656295576
compute-heterogeneous-02,FLEX_FREE,SHARED_NIC,32,5649485440,52266,5144.300010475137,0.05765451845263494,0.05197361570601386,0.0164612228418345,1649,3426006.9375379016
compute-heterogeneous-02,FLEX_FREE,SHARED_NIC,64,3785417600,35014,3421.5155544805602,0.03915557838105555,0.03533697804725159,0.01106423568489207,1105,3425717.285067873
compute-heterogeneous-02,FLEX_FREE,SHARED_NIC,128,7513841280,69514,6818.037669883415,0.038531911733479085,0.03474731777083355,0.01096603642274656,2193,3426284.2134062927
compute-heterogeneous-02,FLEX_FREE_NO_ALT,SHARED_NIC,1,7435304960,68608,6164.601072634816,0.011459945176479101,0.010208340294751829,0.003628897685926114,2176,3416960.0
compute-heterogeneous-02,FLEX_FREE_NO_ALT,SHARED_NIC,8,7028686720,64856,6106.301038897173,0.06178323672835166,0.05503554295606136,0.019564233627636284,2057,3416960.0
compute-heterogeneous-02,FLEX_FREE_NO_ALT,SHARED_NIC,32,5634567040,51992,4891.960424608911,0.05216853586860318,0.0464709174978172,0.016519649629763027,1649,3416960.0
compute-heterogeneous-02,FLEX_FREE_NO_ALT,SHARED_NIC,64,3775740800,34840,3298.1852685822014,0.0348711069433498,0.031062637791934595,0.011042258697024842,1105,3416960.0
compute-heterogeneous-02,FLEX_FREE_NO_ALT,SHARED_NIC,128,7493393280,69144,6571.19875886853,0.03457071339443236,0.030795051907144183,0.010947136300037191,2193,3416960.0
compute-heterogeneous-02,FLEX_POOL,LEGACY_DIRECTED_LINK,1,7435304960,68608,0.0,0.004168777654542823,0.003713482067791646,0.0013200820205283754,2176,3416960.0
compute-heterogeneous-02,FLEX_POOL,LEGACY_DIRECTED_LINK,8,7028686720,64856,0.0,0.003940797626561653,0.003510401017210754,0.0012478900350312494,2057,3416960.0
compute-heterogeneous-02,FLEX_POOL,LEGACY_DIRECTED_LINK,32,5634567040,51992,0.0,0.003159151816339194,0.00281412312950367,0.0010003746561835474,1649,3416960.0
compute-heterogeneous-02,FLEX_POOL,LEGACY_DIRECTED_LINK,64,3775740800,34840,0.0,0.002116957402703877,0.0018857526125561032,0.0006703541510515769,1105,3416960.0
compute-heterogeneous-02,FLEX_POOL,LEGACY_DIRECTED_LINK,128,7493393280,69144,0.0,0.0021006731149931903,0.0018712468232309023,0.0006651975806596382,2193,3416960.0
compute-heterogeneous-02,FLEX_POOL,SHARED_NIC,1,7435304960,68608,6049.319639036419,0.011459945176479101,0.010208340294751829,0.003628897685926114,2176,3416960.0
compute-heterogeneous-02,FLEX_POOL,SHARED_NIC,8,7048126720,65210,6493.157230656832,0.0710109519703724,0.06403458416594172,0.020214762729553026,2057,3426410.656295576
compute-heterogeneous-02,FLEX_POOL,SHARED_NIC,32,5649485440,52266,5144.300010475137,0.05765451845263494,0.05197361570601386,0.0164612228418345,1649,3426006.9375379016
compute-heterogeneous-02,FLEX_POOL,SHARED_NIC,64,3785417600,35014,3421.5155544805602,0.03915557838105555,0.03533697804725159,0.01106423568489207,1105,3425717.285067873
compute-heterogeneous-02,FLEX_POOL,SHARED_NIC,128,7513841280,69514,6818.037669883415,0.038531911733479085,0.03474731777083355,0.01096603642274656,2193,3426284.2134062927
compute-heterogeneous-02,FLEX_POOL_NO_ALT,SHARED_NIC,1,7435304960,68608,6164.601072634816,0.011459945176479101,0.010208340294751829,0.003628897685926114,2176,3416960.0
compute-heterogeneous-02,FLEX_POOL_NO_ALT,SHARED_NIC,8,7028686720,64856,6106.301038897173,0.06178323672835166,0.05503554295606136,0.019564233627636284,2057,3416960.0
compute-heterogeneous-02,FLEX_POOL_NO_ALT,SHARED_NIC,32,5634567040,51992,4891.960424608911,0.05216853586860318,0.0464709174978172,0.016519649629763027,1649,3416960.0
compute-heterogeneous-02,FLEX_POOL_NO_ALT,SHARED_NIC,64,3775740800,34840,3298.1852685822014,0.0348711069433498,0.031062637791934595,0.011042258697024842,1105,3416960.0
compute-heterogeneous-02,FLEX_POOL_NO_ALT,SHARED_NIC,128,7493393280,69144,6571.19875886853,0.03457071339443236,0.030795051907144183,0.010947136300037191,2193,3416960.0
compute-heterogeneous-02,U_STRONG,LEGACY_DIRECTED_LINK,1,6996623360,59648,0.0,0.0013249520278100812,0.0020576559098240354,0.0013249520278100812,2176,3215360.0
compute-heterogeneous-02,U_STRONG,LEGACY_DIRECTED_LINK,8,6613995520,56386,0.0,0.0012524937137897787,0.001945127852256405,0.0012524937137897787,2057,3215360.0
compute-heterogeneous-02,U_STRONG,LEGACY_DIRECTED_LINK,32,5302128640,45202,0.0,0.0010040652085768706,0.0015593173691667008,0.0010040652085768706,1649,3215360.0
compute-heterogeneous-02,U_STRONG,LEGACY_DIRECTED_LINK,64,3552972800,30290,0.0,0.0006728272016245019,0.0010449033917109278,0.0006728272016245019,1105,3215360.0
compute-heterogeneous-02,U_STRONG,LEGACY_DIRECTED_LINK,128,7051284480,60114,0.0,0.000667651607766521,0.0010368656733141897,0.000667651607766521,2193,3215360.0
compute-heterogeneous-02,U_STRONG,SHARED_NIC,1,6996623360,59648,1343.3199718369133,0.003645293399530929,0.005661155535559152,0.003645293399530929,2176,3215360.0
compute-heterogeneous-02,U_STRONG,SHARED_NIC,8,6613995520,56386,1369.3333439414964,0.019801178427275405,0.030751310958560752,0.019801178427275405,2057,3215360.0
compute-heterogeneous-02,U_STRONG,SHARED_NIC,32,5302128640,45202,1133.5235342419437,0.016539602661258018,0.025686070474815092,0.016539602661258018,1649,3215360.0
compute-heterogeneous-02,U_STRONG,SHARED_NIC,64,3552972800,30290,755.9467598330375,0.01109610748464348,0.017232300236225708,0.01109610748464348,1105,3215360.0
compute-heterogeneous-02,U_STRONG,SHARED_NIC,128,7051284480,60114,1487.8058069433027,0.01095375800921709,0.017011230919583648,0.01095375800921709,2193,3215360.0
compute-heterogeneous-03,FLEX_FREE,SHARED_NIC,1,6996623360,59648,588.6356044740355,0.003532827221457888,0.004271942110778787,0.003532827221457888,2176,3215360.0
compute-heterogeneous-03,FLEX_FREE,SHARED_NIC,8,6613995520,56386,640.1042342531327,0.020044793276478432,0.02423843316750339,0.020044793276478432,2057,3215360.0
compute-heterogeneous-03,FLEX_FREE,SHARED_NIC,32,5302128640,45202,497.1939974408742,0.017170084326863372,0.020762296507464473,0.017170084326863372,1649,3215360.0
compute-heterogeneous-03,FLEX_FREE,SHARED_NIC,64,3552972800,30290,344.5728515809533,0.011409788802772788,0.013796869817353584,0.011409788802772788,1105,3215360.0
compute-heterogeneous-03,FLEX_FREE,SHARED_NIC,128,7051284480,60114,680.8920358354517,0.011362851238085822,0.013740112283912418,0.011362851238085822,2193,3215360.0
compute-heterogeneous-03,FLEX_FREE_NO_ALT,SHARED_NIC,1,6996623360,59648,588.6356044740355,0.003532827221457888,0.004271942110778787,0.003532827221457888,2176,3215360.0
compute-heterogeneous-03,FLEX_FREE_NO_ALT,SHARED_NIC,8,6613995520,56386,640.1042342531327,0.020044793276478432,0.02423843316750339,0.020044793276478432,2057,3215360.0
compute-heterogeneous-03,FLEX_FREE_NO_ALT,SHARED_NIC,32,5302128640,45202,497.1939974408742,0.017170084326863372,0.020762296507464473,0.017170084326863372,1649,3215360.0
compute-heterogeneous-03,FLEX_FREE_NO_ALT,SHARED_NIC,64,3552972800,30290,344.5728515809533,0.011409788802772788,0.013796869817353584,0.011409788802772788,1105,3215360.0
compute-heterogeneous-03,FLEX_FREE_NO_ALT,SHARED_NIC,128,7051284480,60114,680.8920358354517,0.011362851238085822,0.013740112283912418,0.011362851238085822,2193,3215360.0
compute-heterogeneous-03,FLEX_POOL,LEGACY_DIRECTED_LINK,1,6996623360,59648,15.577620479114557,0.0014502572909493295,0.0017536705885417597,0.0014502572909493295,2176,3215360.0
compute-heterogeneous-03,FLEX_POOL,LEGACY_DIRECTED_LINK,8,6613995520,56386,14.725719360343646,0.0013709463453510835,0.001657766728231542,0.0013709463453510835,2057,3215360.0
compute-heterogeneous-03,FLEX_POOL,LEGACY_DIRECTED_LINK,32,5302128640,45202,11.80491552548483,0.001099023103299407,0.0013289534928815623,0.001099023103299407,1649,3215360.0
compute-heterogeneous-03,FLEX_POOL,LEGACY_DIRECTED_LINK,64,3552972800,30290,7.91051040426828,0.0007364587805628207,0.0008905358457470257,0.0007364587805628207,1105,3215360.0
compute-heterogeneous-03,FLEX_POOL,LEGACY_DIRECTED_LINK,128,7051284480,60114,15.699320630170405,0.0007307937130193805,0.0008836855700097228,0.0007307937130193805,2193,3215360.0
compute-heterogeneous-03,FLEX_POOL,SHARED_NIC,1,6996623360,59648,588.6356044740355,0.003532827221457888,0.004271942110778787,0.003532827221457888,2176,3215360.0
compute-heterogeneous-03,FLEX_POOL,SHARED_NIC,8,6613995520,56386,640.1042342531327,0.020044793276478432,0.02423843316750339,0.020044793276478432,2057,3215360.0
compute-heterogeneous-03,FLEX_POOL,SHARED_NIC,32,5302128640,45202,497.1939974408742,0.017170084326863372,0.020762296507464473,0.017170084326863372,1649,3215360.0
compute-heterogeneous-03,FLEX_POOL,SHARED_NIC,64,3552972800,30290,344.5728515809533,0.011409788802772788,0.013796869817353584,0.011409788802772788,1105,3215360.0
compute-heterogeneous-03,FLEX_POOL,SHARED_NIC,128,7051284480,60114,680.8920358354517,0.011362851238085822,0.013740112283912418,0.011362851238085822,2193,3215360.0
compute-heterogeneous-03,FLEX_POOL_NO_ALT,SHARED_NIC,1,6996623360,59648,588.6356044740355,0.003532827221457888,0.004271942110778787,0.003532827221457888,2176,3215360.0
compute-heterogeneous-03,FLEX_POOL_NO_ALT,SHARED_NIC,8,6613995520,56386,640.1042342531327,0.020044793276478432,0.02423843316750339,0.020044793276478432,2057,3215360.0
compute-heterogeneous-03,FLEX_POOL_NO_ALT,SHARED_NIC,32,5302128640,45202,497.1939974408742,0.017170084326863372,0.020762296507464473,0.017170084326863372,1649,3215360.0
compute-heterogeneous-03,FLEX_POOL_NO_ALT,SHARED_NIC,64,3552972800,30290,344.5728515809533,0.011409788802772788,0.013796869817353584,0.011409788802772788,1105,3215360.0
compute-heterogeneous-03,FLEX_POOL_NO_ALT,SHARED_NIC,128,7051284480,60114,680.8920358354517,0.011362851238085822,0.013740112283912418,0.011362851238085822,2193,3215360.0
compute-heterogeneous-03,U_STRONG,LEGACY_DIRECTED_LINK,1,6996623360,59648,15.577620479114557,0.0014502572909493295,0.0017536705885417597,0.0014502572909493295,2176,3215360.0
compute-heterogeneous-03,U_STRONG,LEGACY_DIRECTED_LINK,8,6613995520,56386,14.725719360343646,0.0013709463453510835,0.001657766728231542,0.0013709463453510835,2057,3215360.0
compute-heterogeneous-03,U_STRONG,LEGACY_DIRECTED_LINK,32,5302128640,45202,11.80491552548483,0.001099023103299407,0.0013289534928815623,0.001099023103299407,1649,3215360.0
compute-heterogeneous-03,U_STRONG,LEGACY_DIRECTED_LINK,64,3552972800,30290,7.91051040426828,0.0007364587805628207,0.0008905358457470257,0.0007364587805628207,1105,3215360.0
compute-heterogeneous-03,U_STRONG,LEGACY_DIRECTED_LINK,128,7051284480,60114,15.699320630170405,0.0007307937130193805,0.0008836855700097228,0.0007307937130193805,2193,3215360.0
compute-heterogeneous-03,U_STRONG,SHARED_NIC,1,6996623360,59648,588.6356044740355,0.003532827221457888,0.004271942110778787,0.003532827221457888,2176,3215360.0
compute-heterogeneous-03,U_STRONG,SHARED_NIC,8,6613995520,56386,640.1042342531327,0.020044793276478432,0.02423843316750339,0.020044793276478432,2057,3215360.0
compute-heterogeneous-03,U_STRONG,SHARED_NIC,32,5302128640,45202,497.1939974408742,0.017170084326863372,0.020762296507464473,0.017170084326863372,1649,3215360.0
compute-heterogeneous-03,U_STRONG,SHARED_NIC,64,3552972800,30290,344.5728515809533,0.011409788802772788,0.013796869817353584,0.011409788802772788,1105,3215360.0
compute-heterogeneous-03,U_STRONG,SHARED_NIC,128,7051284480,60114,680.8920358354517,0.011362851238085822,0.013740112283912418,0.011362851238085822,2193,3215360.0
compute-heterogeneous-04,FLEX_FREE,SHARED_NIC,1,6934233088,59008,421.19282688135763,0.0035149597109645305,0.0035149597109645305,0.00175747985548226,2176,3186688.0
compute-heterogeneous-04,FLEX_FREE,SHARED_NIC,8,6555017216,55781,592.8936094994788,0.020511798510729862,0.020511798510729862,0.0102558992553649,2057,3186688.0
compute-heterogeneous-04,FLEX_FREE,SHARED_NIC,32,5254848512,44717,475.8965604269106,0.017164783924873105,0.017164783924873105,0.00858239196243652,1649,3186688.0
compute-heterogeneous-04,FLEX_FREE,SHARED_NIC,64,3521290240,29965,321.9567980573338,0.011394530448750969,0.011394530448750969,0.005697265224375464,1105,3186688.0
compute-heterogeneous-04,FLEX_FREE,SHARED_NIC,128,6988406784,59469,639.5488004080689,0.011389193124668776,0.011389193124668776,0.0056945965623343715,2193,3186688.0
compute-heterogeneous-04,FLEX_FREE_NO_ALT,SHARED_NIC,1,6934233088,59008,421.19282688135763,0.0035149597109645305,0.0035149597109645305,0.00175747985548226,2176,3186688.0
compute-heterogeneous-04,FLEX_FREE_NO_ALT,SHARED_NIC,8,6555017216,55781,592.8936094994788,0.020511798510729862,0.020511798510729862,0.0102558992553649,2057,3186688.0
compute-heterogeneous-04,FLEX_FREE_NO_ALT,SHARED_NIC,32,5254848512,44717,475.8965604269106,0.017164783924873105,0.017164783924873105,0.00858239196243652,1649,3186688.0
compute-heterogeneous-04,FLEX_FREE_NO_ALT,SHARED_NIC,64,3521290240,29965,321.9567980573338,0.011394530448750969,0.011394530448750969,0.005697265224375464,1105,3186688.0
compute-heterogeneous-04,FLEX_FREE_NO_ALT,SHARED_NIC,128,6988406784,59469,639.5488004080689,0.011389193124668776,0.011389193124668776,0.0056945965623343715,2193,3186688.0
compute-heterogeneous-04,FLEX_POOL,LEGACY_DIRECTED_LINK,1,6934233088,59008,15.57762048013683,0.0013315463929389022,0.0013315463929389022,0.0006657731964694491,2176,3186688.0
compute-heterogeneous-04,FLEX_POOL,LEGACY_DIRECTED_LINK,8,6555017216,55781,14.72571936136228,0.0012587274495755429,0.0012587274495755429,0.0006293637247877695,2057,3186688.0
compute-heterogeneous-04,FLEX_POOL,LEGACY_DIRECTED_LINK,32,5254848512,44717,11.804915526648983,0.0010090625009007406,0.0010090625009007406,0.0005045312504503682,1649,3186688.0
compute-heterogeneous-04,FLEX_POOL,LEGACY_DIRECTED_LINK,64,3521290240,29965,7.910510401939973,0.0006761759026662023,0.0006761759026662023,0.00033808795133309996,1105,3186688.0
compute-heterogeneous-04,FLEX_POOL,LEGACY_DIRECTED_LINK,128,6988406784,59469,15.69932062085718,0.0006709745495697408,0.0006709745495697408,0.00033548727478486943,2193,3186688.0
compute-heterogeneous-04,FLEX_POOL,SHARED_NIC,1,6934233088,59008,421.19282688135763,0.0035149597109645305,0.0035149597109645305,0.00175747985548226,2176,3186688.0
compute-heterogeneous-04,FLEX_POOL,SHARED_NIC,8,6555017216,55781,592.8936094994788,0.020511798510729862,0.020511798510729862,0.0102558992553649,2057,3186688.0
compute-heterogeneous-04,FLEX_POOL,SHARED_NIC,32,5254848512,44717,475.8965604269106,0.017164783924873105,0.017164783924873105,0.00858239196243652,1649,3186688.0
compute-heterogeneous-04,FLEX_POOL,SHARED_NIC,64,3521290240,29965,321.9567980573338,0.011394530448750969,0.011394530448750969,0.005697265224375464,1105,3186688.0
compute-heterogeneous-04,FLEX_POOL,SHARED_NIC,128,6988406784,59469,639.5488004080689,0.011389193124668776,0.011389193124668776,0.0056945965623343715,2193,3186688.0
compute-heterogeneous-04,FLEX_POOL_NO_ALT,SHARED_NIC,1,6934233088,59008,421.19282688135763,0.0035149597109645305,0.0035149597109645305,0.00175747985548226,2176,3186688.0
compute-heterogeneous-04,FLEX_POOL_NO_ALT,SHARED_NIC,8,6555017216,55781,592.8936094994788,0.020511798510729862,0.020511798510729862,0.0102558992553649,2057,3186688.0
compute-heterogeneous-04,FLEX_POOL_NO_ALT,SHARED_NIC,32,5254848512,44717,475.8965604269106,0.017164783924873105,0.017164783924873105,0.00858239196243652,1649,3186688.0
compute-heterogeneous-04,FLEX_POOL_NO_ALT,SHARED_NIC,64,3521290240,29965,321.9567980573338,0.011394530448750969,0.011394530448750969,0.005697265224375464,1105,3186688.0
compute-heterogeneous-04,FLEX_POOL_NO_ALT,SHARED_NIC,128,6988406784,59469,639.5488004080689,0.011389193124668776,0.011389193124668776,0.0056945965623343715,2193,3186688.0
compute-heterogeneous-04,U_STRONG,LEGACY_DIRECTED_LINK,1,6934233088,59008,15.57762048013683,0.0013315463929389022,0.0013315463929389022,0.0006657731964694491,2176,3186688.0
compute-heterogeneous-04,U_STRONG,LEGACY_DIRECTED_LINK,8,6555017216,55781,14.72571936136228,0.0012587274495755429,0.0012587274495755429,0.0006293637247877695,2057,3186688.0
compute-heterogeneous-04,U_STRONG,LEGACY_DIRECTED_LINK,32,5254848512,44717,11.804915526648983,0.0010090625009007406,0.0010090625009007406,0.0005045312504503682,1649,3186688.0
compute-heterogeneous-04,U_STRONG,LEGACY_DIRECTED_LINK,64,3521290240,29965,7.910510401939973,0.0006761759026662023,0.0006761759026662023,0.00033808795133309996,1105,3186688.0
compute-heterogeneous-04,U_STRONG,LEGACY_DIRECTED_LINK,128,6988406784,59469,15.69932062085718,0.0006709745495697408,0.0006709745495697408,0.00033548727478486943,2193,3186688.0
compute-heterogeneous-04,U_STRONG,SHARED_NIC,1,6934233088,59008,421.19282688135763,0.0035149597109645305,0.0035149597109645305,0.00175747985548226,2176,3186688.0
compute-heterogeneous-04,U_STRONG,SHARED_NIC,8,6555017216,55781,592.8936094994788,0.020511798510729862,0.020511798510729862,0.0102558992553649,2057,3186688.0
compute-heterogeneous-04,U_STRONG,SHARED_NIC,32,5254848512,44717,475.8965604269106,0.017164783924873105,0.017164783924873105,0.00858239196243652,1649,3186688.0
compute-heterogeneous-04,U_STRONG,SHARED_NIC,64,3521290240,29965,321.9567980573338,0.011394530448750969,0.011394530448750969,0.005697265224375464,1105,3186688.0
compute-heterogeneous-04,U_STRONG,SHARED_NIC,128,6988406784,59469,639.5488004080689,0.011389193124668776,0.011389193124668776,0.0056945965623343715,2193,3186688.0
compute-heterogeneous-05,FLEX_FREE,SHARED_NIC,1,6871842816,58368,1004.8850739223562,0.0036810646424738844,0.004707365337114774,0.0018405323212369368,2176,3158016.0
compute-heterogeneous-05,FLEX_FREE,SHARED_NIC,8,6496038912,55176,1283.1426485931206,0.019854119134628857,0.025389554732320116,0.009927059567314397,2057,3158016.0
compute-heterogeneous-05,FLEX_FREE,SHARED_NIC,32,5207568384,44232,1020.8879517862006,0.01647971414169377,0.02107434741054532,0.008239857070846852,1649,3158016.0
compute-heterogeneous-05,FLEX_FREE,SHARED_NIC,64,3489607680,29640,704.2179433262863,0.011111221175791816,0.0142090896238069,0.005555610587895889,1105,3158016.0
compute-heterogeneous-05,FLEX_FREE,SHARED_NIC,128,6925529088,58824,1368.5101722193504,0.011086223197506432,0.014177122074223324,0.0055431115987532,2193,3158016.0
compute-heterogeneous-05,FLEX_FREE_NO_ALT,SHARED_NIC,1,6871842816,58368,1004.8850739223562,0.0036810646424738844,0.004707365337114774,0.0018405323212369368,2176,3158016.0
compute-heterogeneous-05,FLEX_FREE_NO_ALT,SHARED_NIC,8,6496038912,55176,1283.1426485931206,0.019854119134628857,0.025389554732320116,0.009927059567314397,2057,3158016.0
compute-heterogeneous-05,FLEX_FREE_NO_ALT,SHARED_NIC,32,5207568384,44232,1020.8879517862006,0.01647971414169377,0.02107434741054532,0.008239857070846852,1649,3158016.0
compute-heterogeneous-05,FLEX_FREE_NO_ALT,SHARED_NIC,64,3489607680,29640,704.2179433262863,0.011111221175791816,0.0142090896238069,0.005555610587895889,1105,3158016.0
compute-heterogeneous-05,FLEX_FREE_NO_ALT,SHARED_NIC,128,6925529088,58824,1368.5101722193504,0.011086223197506432,0.014177122074223324,0.0055431115987532,2193,3158016.0
compute-heterogeneous-05,FLEX_POOL,LEGACY_DIRECTED_LINK,1,6871842816,58368,0.0,0.0013307363160073987,0.0017017527849234133,0.0006653681580036973,2176,3158016.0
compute-heterogeneous-05,FLEX_POOL,LEGACY_DIRECTED_LINK,8,6496038912,55176,0.0,0.0012579616737262713,0.0016086881794985883,0.0006289808368631337,2057,3158016.0
compute-heterogeneous-05,FLEX_POOL,LEGACY_DIRECTED_LINK,32,5207568384,44232,0.0,0.0010084486144762781,0.0012896095323272315,0.0005042243072381371,1649,3158016.0
compute-heterogeneous-05,FLEX_POOL,LEGACY_DIRECTED_LINK,64,3489607680,29640,0.0,0.0006757645354746324,0.0008641713360966397,0.0003378822677373151,1105,3158016.0
compute-heterogeneous-05,FLEX_POOL,LEGACY_DIRECTED_LINK,128,6925529088,58824,0.0,0.0006705663467407703,0.0008575238642812243,0.00033528317337038415,2193,3158016.0
compute-heterogeneous-05,FLEX_POOL,SHARED_NIC,1,6871842816,58368,1004.8850739223562,0.0036810646424738844,0.004707365337114774,0.0018405323212369368,2176,3158016.0
compute-heterogeneous-05,FLEX_POOL,SHARED_NIC,8,6496038912,55176,1283.1426485931206,0.019854119134628857,0.025389554732320116,0.009927059567314397,2057,3158016.0
compute-heterogeneous-05,FLEX_POOL,SHARED_NIC,32,5207568384,44232,1020.8879517862006,0.01647971414169377,0.02107434741054532,0.008239857070846852,1649,3158016.0
compute-heterogeneous-05,FLEX_POOL,SHARED_NIC,64,3489607680,29640,704.2179433262863,0.011111221175791816,0.0142090896238069,0.005555610587895889,1105,3158016.0
compute-heterogeneous-05,FLEX_POOL,SHARED_NIC,128,6925529088,58824,1368.5101722193504,0.011086223197506432,0.014177122074223324,0.0055431115987532,2193,3158016.0
compute-heterogeneous-05,FLEX_POOL_NO_ALT,SHARED_NIC,1,6871842816,58368,1004.8850739223562,0.0036810646424738844,0.004707365337114774,0.0018405323212369368,2176,3158016.0
compute-heterogeneous-05,FLEX_POOL_NO_ALT,SHARED_NIC,8,6496038912,55176,1283.1426485931206,0.019854119134628857,0.025389554732320116,0.009927059567314397,2057,3158016.0
compute-heterogeneous-05,FLEX_POOL_NO_ALT,SHARED_NIC,32,5207568384,44232,1020.8879517862006,0.01647971414169377,0.02107434741054532,0.008239857070846852,1649,3158016.0
compute-heterogeneous-05,FLEX_POOL_NO_ALT,SHARED_NIC,64,3489607680,29640,704.2179433262863,0.011111221175791816,0.0142090896238069,0.005555610587895889,1105,3158016.0
compute-heterogeneous-05,FLEX_POOL_NO_ALT,SHARED_NIC,128,6925529088,58824,1368.5101722193504,0.011086223197506432,0.014177122074223324,0.0055431115987532,2193,3158016.0
compute-heterogeneous-05,U_STRONG,LEGACY_DIRECTED_LINK,1,6871842816,58368,0.0,0.0013307363160073987,0.0017017527849234133,0.0006653681580036973,2176,3158016.0
compute-heterogeneous-05,U_STRONG,LEGACY_DIRECTED_LINK,8,6496038912,55176,0.0,0.0012579616737262713,0.0016086881794985883,0.0006289808368631337,2057,3158016.0
compute-heterogeneous-05,U_STRONG,LEGACY_DIRECTED_LINK,32,5207568384,44232,0.0,0.0010084486144762781,0.0012896095323272315,0.0005042243072381371,1649,3158016.0
compute-heterogeneous-05,U_STRONG,LEGACY_DIRECTED_LINK,64,3489607680,29640,0.0,0.0006757645354746324,0.0008641713360966397,0.0003378822677373151,1105,3158016.0
compute-heterogeneous-05,U_STRONG,LEGACY_DIRECTED_LINK,128,6925529088,58824,0.0,0.0006705663467407703,0.0008575238642812243,0.00033528317337038415,2193,3158016.0
compute-heterogeneous-05,U_STRONG,SHARED_NIC,1,6871842816,58368,1004.8850739223562,0.0036810646424738844,0.004707365337114774,0.0018405323212369368,2176,3158016.0
compute-heterogeneous-05,U_STRONG,SHARED_NIC,8,6496038912,55176,1283.1426485931206,0.019854119134628857,0.025389554732320116,0.009927059567314397,2057,3158016.0
compute-heterogeneous-05,U_STRONG,SHARED_NIC,32,5207568384,44232,1020.8879517862006,0.01647971414169377,0.02107434741054532,0.008239857070846852,1649,3158016.0
compute-heterogeneous-05,U_STRONG,SHARED_NIC,64,3489607680,29640,704.2179433262863,0.011111221175791816,0.0142090896238069,0.005555610587895889,1105,3158016.0
compute-heterogeneous-05,U_STRONG,SHARED_NIC,128,6925529088,58824,1368.5101722193504,0.011086223197506432,0.014177122074223324,0.0055431115987532,2193,3158016.0
compute-heterogeneous-06,FLEX_FREE,SHARED_NIC,1,7501381632,69504,6074.351073294416,0.008108522300156821,0.011764094152529778,0.003548484385507935,2176,3447326.117647059
compute-heterogeneous-06,FLEX_FREE,SHARED_NIC,8,7100884224,65707,5959.718657337914,0.04562598743283481,0.06621512702534878,0.01998615384671972,2057,3452058.4462809917
compute-heterogeneous-06,FLEX_FREE,SHARED_NIC,32,5691754368,52661,4733.4372138309955,0.037585797490477774,0.05452946957606143,0.016447440696398218,1649,3451640.004851425
compute-heterogeneous-06,FLEX_FREE,SHARED_NIC,64,3815256960,35307,3219.7732517662953,0.02519286884250475,0.03652579919248546,0.011001091029259221,1105,3452721.230769231
compute-heterogeneous-06,FLEX_FREE,SHARED_NIC,128,7568914176,70025,6396.67047566711,0.02511184217273279,0.03632647527046735,0.010886343484062467,2193,3451397.2530779755
compute-heterogeneous-06,FLEX_FREE_NO_ALT,SHARED_NIC,1,7497695232,69248,5858.106509658305,0.007546195160579991,0.011202067894091923,0.003548484385507935,2176,3445632.0
compute-heterogeneous-06,FLEX_FREE_NO_ALT,SHARED_NIC,8,7087665024,65461,5864.151283850676,0.04199068941317279,0.062333738223904527,0.019745487964282226,2057,3445632.0
compute-heterogeneous-06,FLEX_FREE_NO_ALT,SHARED_NIC,32,5681847168,52477,4680.001959198671,0.035201508483789105,0.05225543199170986,0.016552978095977326,1649,3445632.0
compute-heterogeneous-06,FLEX_FREE_NO_ALT,SHARED_NIC,64,3807423360,35165,3141.830796677612,0.023420060113325078,0.0347662759695997,0.011012929807848185,1105,3445632.0
compute-heterogeneous-06,FLEX_FREE_NO_ALT,SHARED_NIC,128,7556270976,69789,6230.236397514775,0.02316085331934103,0.03438149237428702,0.010891041724980325,2193,3445632.0
compute-heterogeneous-06,FLEX_POOL,LEGACY_DIRECTED_LINK,1,7497695232,69248,0.0,0.0028912266790985853,0.004291926840914488,0.0013595557108486923,2176,3445632.0
compute-heterogeneous-06,FLEX_POOL,LEGACY_DIRECTED_LINK,8,7087665024,65461,0.0,0.0027331127200863918,0.004057212091803475,0.0012852050079121295,2057,3445632.0
compute-heterogeneous-06,FLEX_POOL,LEGACY_DIRECTED_LINK,32,5681847168,52477,0.0,0.0021910077177579464,0.0032524758091357743,0.0010302883121291932,1649,3445632.0
compute-heterogeneous-06,FLEX_POOL,LEGACY_DIRECTED_LINK,64,3807423360,35165,0.0,0.0014682010479842619,0.002179494098908585,0.0006903993844174719,1105,3445632.0
compute-heterogeneous-06,FLEX_POOL,LEGACY_DIRECTED_LINK,128,7556270976,69789,0.0,0.001456907193771001,0.002162728759689185,0.0006850886199228958,2193,3445632.0
compute-heterogeneous-06,FLEX_POOL,SHARED_NIC,1,7501381632,69504,6074.351073294416,0.008108522300156821,0.011764094152529778,0.003548484385507935,2176,3447326.117647059
compute-heterogeneous-06,FLEX_POOL,SHARED_NIC,8,7100884224,65707,5959.718657337914,0.04562598743283481,0.06621512702534878,0.01998615384671972,2057,3452058.4462809917
compute-heterogeneous-06,FLEX_POOL,SHARED_NIC,32,5691754368,52661,4733.4372138309955,0.037585797490477774,0.05452946957606143,0.016447440696398218,1649,3451640.004851425
compute-heterogeneous-06,FLEX_POOL,SHARED_NIC,64,3815256960,35307,3219.7732517662953,0.02519286884250475,0.03652579919248546,0.011001091029259221,1105,3452721.230769231
compute-heterogeneous-06,FLEX_POOL,SHARED_NIC,128,7568914176,70025,6396.67047566711,0.02511184217273279,0.03632647527046735,0.010886343484062467,2193,3451397.2530779755
compute-heterogeneous-06,FLEX_POOL_NO_ALT,SHARED_NIC,1,7497695232,69248,5858.106509658305,0.007546195160579991,0.011202067894091923,0.003548484385507935,2176,3445632.0
compute-heterogeneous-06,FLEX_POOL_NO_ALT,SHARED_NIC,8,7087665024,65461,5864.151283850676,0.04199068941317279,0.062333738223904527,0.019745487964282226,2057,3445632.0
compute-heterogeneous-06,FLEX_POOL_NO_ALT,SHARED_NIC,32,5681847168,52477,4680.001959198671,0.035201508483789105,0.05225543199170986,0.016552978095977326,1649,3445632.0
compute-heterogeneous-06,FLEX_POOL_NO_ALT,SHARED_NIC,64,3807423360,35165,3141.830796677612,0.023420060113325078,0.0347662759695997,0.011012929807848185,1105,3445632.0
compute-heterogeneous-06,FLEX_POOL_NO_ALT,SHARED_NIC,128,7556270976,69789,6230.236397514775,0.02316085331934103,0.03438149237428702,0.010891041724980325,2193,3445632.0
compute-heterogeneous-06,U_STRONG,LEGACY_DIRECTED_LINK,1,7059013632,60288,0.0,0.0013693471147826547,0.002502074839533949,0.0013693471147826547,2176,3244032.0
compute-heterogeneous-06,U_STRONG,LEGACY_DIRECTED_LINK,8,6672973824,56991,0.0,0.0012944609444434751,0.0023652426217478442,0.0012944609444434751,2057,3244032.0
compute-heterogeneous-06,U_STRONG,LEGACY_DIRECTED_LINK,32,5349408768,45687,0.0,0.0010377083604229747,0.0018961035893375084,0.0010377083604229747,1649,3244032.0
compute-heterogeneous-06,U_STRONG,LEGACY_DIRECTED_LINK,64,3584655360,30615,0.0,0.0006953715817277636,0.0012705848794548485,0.0006953715817277636,1105,3244032.0
compute-heterogeneous-06,U_STRONG,LEGACY_DIRECTED_LINK,128,7114162176,60759,0.0,0.0006900225695613096,0.0012608111496141344,0.0006900225695613096,2193,3244032.0
compute-heterogeneous-06,U_STRONG,SHARED_NIC,1,7059013632,60288,1066.8380160008874,0.003679113762405888,0.006722486853276758,0.003679113762405888,2176,3244032.0
compute-heterogeneous-06,U_STRONG,SHARED_NIC,8,6672973824,56991,1189.958975608076,0.019457888443915963,0.03555350763908237,0.019457888443915963,2057,3244032.0
compute-heterogeneous-06,U_STRONG,SHARED_NIC,32,5349408768,45687,933.6444361600443,0.01628078176798087,0.029748289524145707,0.01628078176798087,1649,3244032.0
compute-heterogeneous-06,U_STRONG,SHARED_NIC,64,3584655360,30615,650.0606207320598,0.010934555380056662,0.019979649865675485,0.010934555380056662,1105,3244032.0
compute-heterogeneous-06,U_STRONG,SHARED_NIC,128,7114162176,60759,1251.6287830166257,0.010817185894953976,0.01976519201752708,0.010817185894953976,2193,3244032.0
network-heterogeneous-01,FLEX_FREE,SHARED_NIC,1,7811596288,76928,44317.49292799184,0.1453022788700635,0.16083705673732487,0.14246523397617245,2176,3589888.0
network-heterogeneous-01,FLEX_FREE,SHARED_NIC,8,7395718016,72919,290390.1650701051,0.7067351587973709,0.7852800430401095,0.6955804050259363,2057,3595390.382109869
network-heterogeneous-01,FLEX_FREE,SHARED_NIC,32,5935421312,58571,1495887.8287248556,0.6730727814295123,0.7459182864437233,0.660714796459276,1649,3599406.4960582172
network-heterogeneous-01,FLEX_FREE,SHARED_NIC,64,3977568640,39253,1386001.0011181366,0.45571018476384817,0.5050901442066398,0.4473955631442404,1105,3599609.6289592762
network-heterogeneous-01,FLEX_FREE,SHARED_NIC,128,7892784384,77879,5152781.030746126,0.4544705550475743,0.5038423169191254,0.4462902705575457,2193,3599080.886456908
network-heterogeneous-01,FLEX_FREE_NO_ALT,SHARED_NIC,1,7811596288,76928,48745.392148442916,0.14103584510369388,0.1565070173180157,0.13862979896193064,2176,3589888.0
network-heterogeneous-01,FLEX_FREE_NO_ALT,SHARED_NIC,8,7384399616,72721,361836.81420258776,0.619393471201215,0.6873389148175887,0.6088267300261521,2057,3589888.0
network-heterogeneous-01,FLEX_FREE_NO_ALT,SHARED_NIC,32,5919725312,58297,958701.6057114177,0.6607873540749607,0.7332735716349261,0.6495144407058173,1649,3589888.0
network-heterogeneous-01,FLEX_FREE_NO_ALT,SHARED_NIC,64,3966826240,39065,715879.9136972169,0.444310959270176,0.4930504223657152,0.4367310942471464,1105,3589888.0
network-heterogeneous-01,FLEX_FREE_NO_ALT,SHARED_NIC,128,7872624384,77529,1567935.501441294,0.443156837724628,0.49176969745082827,0.43559666180750994,2193,3589888.0
network-heterogeneous-01,FLEX_POOL,LEGACY_DIRECTED_LINK,1,7811596288,76928,0.0,0.05854561116871059,0.06496787376527173,0.05754683357592147,2176,3589888.0
network-heterogeneous-01,FLEX_POOL,LEGACY_DIRECTED_LINK,8,7384399616,72721,0.0,0.05534389805795143,0.06141494316876643,0.054399741114767475,2057,3589888.0
network-heterogeneous-01,FLEX_POOL,LEGACY_DIRECTED_LINK,32,5919725312,58297,0.0,0.04436659596388594,0.0492334668378532,0.04360970981934883,1649,3589888.0
network-heterogeneous-01,FLEX_POOL,LEGACY_DIRECTED_LINK,64,3966826240,39065,0.0,0.029730193171782552,0.03299149839661772,0.0292230014254415,1105,3589888.0
network-heterogeneous-01,FLEX_POOL,LEGACY_DIRECTED_LINK,128,7872624384,77529,0.0,0.02950149937808913,0.032737717639649146,0.028998209106720928,2193,3589888.0
network-heterogeneous-01,FLEX_POOL,SHARED_NIC,1,7811596288,76928,44317.49292799184,0.1453022788700635,0.16083705673732487,0.14246523397617245,2176,3589888.0
network-heterogeneous-01,FLEX_POOL,SHARED_NIC,8,7395718016,72919,290390.1650701051,0.7067351587973709,0.7852800430401095,0.6955804050259363,2057,3595390.382109869
network-heterogeneous-01,FLEX_POOL,SHARED_NIC,32,5935421312,58571,1495887.8287248556,0.6730727814295123,0.7459182864437233,0.660714796459276,1649,3599406.4960582172
network-heterogeneous-01,FLEX_POOL,SHARED_NIC,64,3977568640,39253,1386001.0011181366,0.45571018476384817,0.5050901442066398,0.4473955631442404,1105,3599609.6289592762
network-heterogeneous-01,FLEX_POOL,SHARED_NIC,128,7892784384,77879,5152781.030746126,0.4544705550475743,0.5038423169191254,0.4462902705575457,2193,3599080.886456908
network-heterogeneous-01,FLEX_POOL_NO_ALT,SHARED_NIC,1,7811596288,76928,48745.392148442916,0.14103584510369388,0.1565070173180157,0.13862979896193064,2176,3589888.0
network-heterogeneous-01,FLEX_POOL_NO_ALT,SHARED_NIC,8,7384399616,72721,361836.81420258776,0.619393471201215,0.6873389148175887,0.6088267300261521,2057,3589888.0
network-heterogeneous-01,FLEX_POOL_NO_ALT,SHARED_NIC,32,5919725312,58297,958701.6057114177,0.6607873540749607,0.7332735716349261,0.6495144407058173,1649,3589888.0
network-heterogeneous-01,FLEX_POOL_NO_ALT,SHARED_NIC,64,3966826240,39065,715879.9136972169,0.444310959270176,0.4930504223657152,0.4367310942471464,1105,3589888.0
network-heterogeneous-01,FLEX_POOL_NO_ALT,SHARED_NIC,128,7872624384,77529,1567935.501441294,0.443156837724628,0.49176969745082827,0.43559666180750994,2193,3589888.0
network-heterogeneous-01,U_STRONG,LEGACY_DIRECTED_LINK,1,6934233088,59008,0.0,0.05879028355825117,0.06546119990727942,0.05776832132661157,2176,3186688.0
network-heterogeneous-01,U_STRONG,LEGACY_DIRECTED_LINK,8,6555017216,55781,0.0,0.05557518992618884,0.06188129053738297,0.05460911625409152,2057,3186688.0
network-heterogeneous-01,U_STRONG,LEGACY_DIRECTED_LINK,32,5254848512,44717,0.0,0.044552011759084104,0.04960731555484312,0.04377755600541805,1649,3186688.0
network-heterogeneous-01,U_STRONG,LEGACY_DIRECTED_LINK,64,3521290240,29965,0.0,0.02985444086959507,0.03324201557810545,0.029335475673837645,1105,3186688.0
network-heterogeneous-01,U_STRONG,LEGACY_DIRECTED_LINK,128,6988406784,59469,0.0,0.02962479132437697,0.03298630776589105,0.029109818168588052,2193,3186688.0
network-heterogeneous-01,U_STRONG,SHARED_NIC,1,6934233088,59008,38731.430049277005,0.14649863438727365,0.16312179175435892,0.1439520218814464,2176,3186688.0
network-heterogeneous-01,U_STRONG,SHARED_NIC,8,6555017216,55781,517532.6725847391,0.6062557793199922,0.6750474459897303,0.595717124432159,2057,3186688.0
network-heterogeneous-01,U_STRONG,SHARED_NIC,32,5254848512,44717,1788193.5643996908,0.6677764340563118,0.743548831497264,0.6561683543962039,1649,3186688.0
network-heterogeneous-01,U_STRONG,SHARED_NIC,64,3521290240,29965,1582089.6000975019,0.45214103285508933,0.5034453441389616,0.4442813827396997,1105,3186688.0
network-heterogeneous-01,U_STRONG,SHARED_NIC,128,6988406784,59469,5689129.963705587,0.44716779170480164,0.4979077907641148,0.43939459234822437,2193,3186688.0
network-heterogeneous-02,FLEX_FREE,SHARED_NIC,1,7435304960,68608,41162.47966975328,0.14229500787032853,0.19784688228165176,0.1411065416601618,2176,3416960.0
network-heterogeneous-02,FLEX_FREE,SHARED_NIC,8,6997294720,63948,453517.4894554212,0.644641563609395,0.8963091921363371,0.6392574343452327,2057,3401698.940204181
network-heterogeneous-02,FLEX_FREE,SHARED_NIC,32,5610375040,51386,2806482.4431016357,0.5167787741331531,0.7185288565059923,0.51246257133461,1649,3402289.2904790784
network-heterogeneous-02,FLEX_FREE,SHARED_NIC,64,3760620800,34462,2912866.0304107033,0.3462950548314912,0.4814884089988574,0.3434027539871069,1105,3403276.742081448
network-heterogeneous-02,FLEX_FREE,SHARED_NIC,128,7462202880,68364,11549062.121350132,0.34363124671740763,0.4777846520065638,0.3407611943410567,2193,3402737.2913816688
network-heterogeneous-02,FLEX_FREE_NO_ALT,SHARED_NIC,1,7435304960,68608,41162.47966975328,0.14229500787032853,0.19784688228165176,0.1411065416601618,2176,3416960.0
network-heterogeneous-02,FLEX_FREE_NO_ALT,SHARED_NIC,8,7028686720,64856,450754.8574359744,0.6354781084553731,0.8835683303149365,0.6301705135474187,2057,3416960.0
network-heterogeneous-02,FLEX_FREE_NO_ALT,SHARED_NIC,32,5634567040,51992,2760200.4938515075,0.516778774133153,0.7185288565059922,0.5124625713346099,1649,3416960.0
network-heterogeneous-02,FLEX_FREE_NO_ALT,SHARED_NIC,64,3775740800,34840,2883407.8419064493,0.34629505483149114,0.48148840899885736,0.34340275398710685,1105,3416960.0
network-heterogeneous-02,FLEX_FREE_NO_ALT,SHARED_NIC,128,7493393280,69144,11508387.96611809,0.3436312467174076,0.4777846520065637,0.3407611943410566,2193,3416960.0
network-heterogeneous-02,FLEX_POOL,LEGACY_DIRECTED_LINK,1,7873986560,77568,0.0,0.05109574843237103,0.07083011477907486,0.050668990168649,2176,3618560.0
network-heterogeneous-02,FLEX_POOL,LEGACY_DIRECTED_LINK,8,7443377920,73326,0.0,0.04830144969000003,0.06695659287712785,0.0478980297688251,2057,3618560.0
network-heterogeneous-02,FLEX_POOL,LEGACY_DIRECTED_LINK,32,5967005440,58782,0.0,0.038720996858990296,0.05367594635613417,0.03839759411226276,1649,3618560.0
network-heterogeneous-02,FLEX_POOL,LEGACY_DIRECTED_LINK,64,3998508800,39390,0.0,0.025947059750918003,0.03596841766139389,0.02573034657012081,1105,3618560.0
network-heterogeneous-02,FLEX_POOL,LEGACY_DIRECTED_LINK,128,7935502080,78174,0.0,0.025747466983589026,0.035691737525517346,0.025532420827259598,2193,3618560.0
network-heterogeneous-02,FLEX_POOL,SHARED_NIC,1,7851868160,76800,50020.61040900967,0.13739336414594489,0.19045787665134165,0.13624583709469798,2176,3608395.294117647
network-heterogeneous-02,FLEX_POOL,SHARED_NIC,8,7412648320,72452,444665.4915712639,0.6446415636093948,0.8936171275042601,0.6392574343452326,2057,3603620.962566845
network-heterogeneous-02,FLEX_POOL,SHARED_NIC,32,5946903040,58202,2758735.073728668,0.5167787741331531,0.7163707551067224,0.51246257133461,1649,3606369.338993329
network-heterogeneous-02,FLEX_POOL,SHARED_NIC,64,3985692800,39004,2888027.1661854796,0.3462950548314912,0.4800422585766656,0.3434027539871069,1105,3606961.8099547513
network-heterogeneous-02,FLEX_POOL,SHARED_NIC,128,7907681280,77418,11510625.548377546,0.34363124671740763,0.47634962581839096,0.3407611943410567,2193,3605873.8166894666
network-heterogeneous-02,FLEX_POOL_NO_ALT,SHARED_NIC,1,7873986560,77568,51340.98364677084,0.13736018868429542,0.19041188805486203,0.13621293871877183,2176,3618560.0
network-heterogeneous-02,FLEX_POOL_NO_ALT,SHARED_NIC,8,7443377920,73326,398839.95842899603,0.6378287115091911,0.8841729934806831,0.6325014840621561,2057,3618560.0
network-heterogeneous-02,FLEX_POOL_NO_ALT,SHARED_NIC,32,5967005440,58782,2695927.2319070967,0.5167787741331529,0.7163707551067222,0.5124625713346098,1649,3618560.0
network-heterogeneous-02,FLEX_POOL_NO_ALT,SHARED_NIC,64,3998508800,39390,2836920.761408647,0.34629505483149114,0.48004225857666555,0.34340275398710685,1105,3618560.0
network-heterogeneous-02,FLEX_POOL_NO_ALT,SHARED_NIC,128,7935502080,78174,11411448.485985987,0.34363124671740763,0.47634962581839096,0.3407611943410567,2193,3618560.0
network-heterogeneous-02,U_STRONG,LEGACY_DIRECTED_LINK,1,6996623360,59648,0.0,0.05818564005052449,0.08090127440064002,0.05769966609998372,2176,3215360.0
network-heterogeneous-02,U_STRONG,LEGACY_DIRECTED_LINK,8,6613995520,56386,0.0,0.05500361286028856,0.07647698595689276,0.05454421561016777,2057,3215360.0
network-heterogeneous-02,U_STRONG,LEGACY_DIRECTED_LINK,32,5302128640,45202,0.0,0.044093805350875113,0.06130799700685607,0.04372552821648022,1649,3215360.0
network-heterogeneous-02,U_STRONG,LEGACY_DIRECTED_LINK,64,3552972800,30290,0.0,0.029547395338313392,0.041082678406792625,0.029300611691553128,1105,3215360.0
network-heterogeneous-02,U_STRONG,LEGACY_DIRECTED_LINK,128,7051284480,60114,0.0,0.029320107681784464,0.04076665780355159,0.029075222370769153,2193,3215360.0
network-heterogeneous-02,U_STRONG,SHARED_NIC,1,6996623360,59648,37919.91018751918,0.1441772488138871,0.20046394881096594,0.1429730618852335,2176,3215360.0
network-heterogeneous-02,U_STRONG,SHARED_NIC,8,6613995520,56386,473689.53026492556,0.6338096858430688,0.8812485566481512,0.6285160258153937,2057,3215360.0
network-heterogeneous-02,U_STRONG,SHARED_NIC,32,5302128640,45202,2808579.5754182185,0.5167787741331531,0.7185288565059923,0.51246257133461,1649,3215360.0
network-heterogeneous-02,U_STRONG,SHARED_NIC,64,3552972800,30290,2919449.309507257,0.3462950548314912,0.4814884089988574,0.3434027539871069,1105,3215360.0
network-heterogeneous-02,U_STRONG,SHARED_NIC,128,7051284480,60114,11565375.959862951,0.34363124671740763,0.4777846520065638,0.3407611943410567,2193,3215360.0
network-heterogeneous-03,FLEX_FREE,SHARED_NIC,1,7497695232,69248,99226.69612030777,0.15128749211275214,0.2676812660901623,0.13221698415928645,2176,3445632.0
network-heterogeneous-03,FLEX_FREE,SHARED_NIC,8,7087665024,65461,1141694.2383491818,0.4806442413741513,0.8504302455756922,0.4200567486481706,2057,3445632.0
network-heterogeneous-03,FLEX_FREE,SHARED_NIC,32,5681847168,52477,4801913.737306285,0.4258747232488815,0.7535235300886393,0.3721911887842821,1649,3445632.0
network-heterogeneous-03,FLEX_FREE,SHARED_NIC,64,3807423360,35165,7042897.593204668,0.2870871882710752,0.5079591244555296,0.2508984827092091,1105,3445632.0
network-heterogeneous-03,FLEX_FREE,SHARED_NIC,128,7556270976,69789,33338721.61257257,0.28487755415065324,0.5040494974884174,0.24896738347940608,2193,3445632.0
network-heterogeneous-03,FLEX_FREE_NO_ALT,SHARED_NIC,1,7497695232,69248,99226.69612030777,0.15128749211275214,0.2676812660901623,0.13221698415928645,2176,3445632.0
network-heterogeneous-03,FLEX_FREE_NO_ALT,SHARED_NIC,8,7087665024,65461,1141694.2383491818,0.4806442413741513,0.8504302455756922,0.4200567486481706,2057,3445632.0
network-heterogeneous-03,FLEX_FREE_NO_ALT,SHARED_NIC,32,5681847168,52477,4801913.737306285,0.4258747232488815,0.7535235300886393,0.3721911887842821,1649,3445632.0
network-heterogeneous-03,FLEX_FREE_NO_ALT,SHARED_NIC,64,3807423360,35165,7042897.593204668,0.2870871882710752,0.5079591244555296,0.2508984827092091,1105,3445632.0
network-heterogeneous-03,FLEX_FREE_NO_ALT,SHARED_NIC,128,7556270976,69789,33338721.61257257,0.28487755415065324,0.5040494974884174,0.24896738347940608,2193,3445632.0
network-heterogeneous-03,FLEX_POOL,LEGACY_DIRECTED_LINK,1,7497695232,69248,0.0,0.06760766856203723,0.11962195992119797,0.05908540037567124,2176,3445632.0
network-heterogeneous-03,FLEX_POOL,LEGACY_DIRECTED_LINK,8,7087665024,65461,0.0,0.06391037418757152,0.11308013398804408,0.05585416754264482,2057,3445632.0
network-heterogeneous-03,FLEX_POOL,LEGACY_DIRECTED_LINK,32,5681847168,52477,0.0,0.05123393633225812,0.09065101650294087,0.04477565497226643,1649,3445632.0
network-heterogeneous-03,FLEX_POOL,LEGACY_DIRECTED_LINK,64,3807423360,35165,0.0,0.03433201919182964,0.06074552652278448,0.030004304878419305,1105,3445632.0
network-heterogeneous-03,FLEX_POOL,LEGACY_DIRECTED_LINK,128,7556270976,69789,0.0,0.034067926736427764,0.06027825324169808,0.0297735025331306,2193,3445632.0
network-heterogeneous-03,FLEX_POOL,SHARED_NIC,1,7497695232,69248,99226.69612030777,0.15128749211275214,0.2676812660901623,0.13221698415928645,2176,3445632.0
network-heterogeneous-03,FLEX_POOL,SHARED_NIC,8,7087665024,65461,1141694.2383491818,0.4806442413741513,0.8504302455756922,0.4200567486481706,2057,3445632.0
network-heterogeneous-03,FLEX_POOL,SHARED_NIC,32,5681847168,52477,4801913.737306285,0.4258747232488815,0.7535235300886393,0.3721911887842821,1649,3445632.0
network-heterogeneous-03,FLEX_POOL,SHARED_NIC,64,3807423360,35165,7042897.593204668,0.2870871882710752,0.5079591244555296,0.2508984827092091,1105,3445632.0
network-heterogeneous-03,FLEX_POOL,SHARED_NIC,128,7556270976,69789,33338721.61257257,0.28487755415065324,0.5040494974884174,0.24896738347940608,2193,3445632.0
network-heterogeneous-03,FLEX_POOL_NO_ALT,SHARED_NIC,1,7497695232,69248,99226.69612030777,0.15128749211275214,0.2676812660901623,0.13221698415928645,2176,3445632.0
network-heterogeneous-03,FLEX_POOL_NO_ALT,SHARED_NIC,8,7087665024,65461,1141694.2383491818,0.4806442413741513,0.8504302455756922,0.4200567486481706,2057,3445632.0
network-heterogeneous-03,FLEX_POOL_NO_ALT,SHARED_NIC,32,5681847168,52477,4801913.737306285,0.4258747232488815,0.7535235300886393,0.3721911887842821,1649,3445632.0
network-heterogeneous-03,FLEX_POOL_NO_ALT,SHARED_NIC,64,3807423360,35165,7042897.593204668,0.2870871882710752,0.5079591244555296,0.2508984827092091,1105,3445632.0
network-heterogeneous-03,FLEX_POOL_NO_ALT,SHARED_NIC,128,7556270976,69789,33338721.61257257,0.28487755415065324,0.5040494974884174,0.24896738347940608,2193,3445632.0
network-heterogeneous-03,U_STRONG,LEGACY_DIRECTED_LINK,1,7497695232,69248,0.0,0.06760766856203723,0.11962195992119797,0.05908540037567124,2176,3445632.0
network-heterogeneous-03,U_STRONG,LEGACY_DIRECTED_LINK,8,7087665024,65461,0.0,0.06391037418757152,0.11308013398804408,0.05585416754264482,2057,3445632.0
network-heterogeneous-03,U_STRONG,LEGACY_DIRECTED_LINK,32,5681847168,52477,0.0,0.05123393633225812,0.09065101650294087,0.04477565497226643,1649,3445632.0
network-heterogeneous-03,U_STRONG,LEGACY_DIRECTED_LINK,64,3807423360,35165,0.0,0.03433201919182964,0.06074552652278448,0.030004304878419305,1105,3445632.0
network-heterogeneous-03,U_STRONG,LEGACY_DIRECTED_LINK,128,7556270976,69789,0.0,0.034067926736427764,0.06027825324169808,0.0297735025331306,2193,3445632.0
network-heterogeneous-03,U_STRONG,SHARED_NIC,1,7497695232,69248,99226.69612030777,0.15128749211275214,0.2676812660901623,0.13221698415928645,2176,3445632.0
network-heterogeneous-03,U_STRONG,SHARED_NIC,8,7087665024,65461,1141694.2383491818,0.4806442413741513,0.8504302455756922,0.4200567486481706,2057,3445632.0
network-heterogeneous-03,U_STRONG,SHARED_NIC,32,5681847168,52477,4801913.737306285,0.4258747232488815,0.7535235300886393,0.3721911887842821,1649,3445632.0
network-heterogeneous-03,U_STRONG,SHARED_NIC,64,3807423360,35165,7042897.593204668,0.2870871882710752,0.5079591244555296,0.2508984827092091,1105,3445632.0
network-heterogeneous-03,U_STRONG,SHARED_NIC,128,7556270976,69789,33338721.61257257,0.28487755415065324,0.5040494974884174,0.24896738347940608,2193,3445632.0
network-heterogeneous-04,FLEX_FREE,SHARED_NIC,1,7435304960,68608,3405.186790372808,0.033497126777220755,0.03548335131770468,0.025121054843908124,2176,3416960.0
network-heterogeneous-04,FLEX_FREE,SHARED_NIC,8,7040206720,65068,12435.783759344322,0.17414438374607158,0.18447033948801636,0.1305989807405987,2057,3422560.388915897
network-heterogeneous-04,FLEX_FREE,SHARED_NIC,32,5644992640,52182,10065.1645252964,0.13959321039846687,0.1478704415180896,0.10468744730195158,1649,3423282.377198302
network-heterogeneous-04,FLEX_FREE,SHARED_NIC,64,3781904000,34950,6388.830066102011,0.09314723323075645,0.0986704329293919,0.06985544671071287,1105,3422537.556561086
network-heterogeneous-04,FLEX_FREE,SHARED_NIC,128,7504654080,69362,12978.056670676437,0.09241921527425889,0.09789924687848685,0.06930947215193473,2193,3422094.88372093
network-heterogeneous-04,FLEX_FREE_NO_ALT,SHARED_NIC,1,7435304960,68608,3405.186790372808,0.033497126777220755,0.03548335131770468,0.025121054843908124,2176,3416960.0
network-heterogeneous-04,FLEX_FREE_NO_ALT,SHARED_NIC,8,7028686720,64856,10996.236477221448,0.17243595141546342,0.18266060502951592,0.12931774779904684,2057,3416960.0
network-heterogeneous-04,FLEX_FREE_NO_ALT,SHARED_NIC,32,5634567040,51992,9032.506821352796,0.13909385240944305,0.14734147391213112,0.10431295549814883,1649,3416960.0
network-heterogeneous-04,FLEX_FREE_NO_ALT,SHARED_NIC,64,3775740800,34840,6086.502565965056,0.09314320795509581,0.09866616897351989,0.06985242796909645,1105,3416960.0
network-heterogeneous-04,FLEX_FREE_NO_ALT,SHARED_NIC,128,7493393280,69144,11921.472855119333,0.09230623152244999,0.09777956371326224,0.0692247403764443,2193,3416960.0
network-heterogeneous-04,FLEX_POOL,LEGACY_DIRECTED_LINK,1,7435304960,68608,0.0,0.01329427472890393,0.014082563673508006,0.009969995540091708,2176,3416960.0
network-heterogeneous-04,FLEX_POOL,LEGACY_DIRECTED_LINK,8,7028686720,64856,0.0,0.012567244079663763,0.013312423472609606,0.009424761408990515,2057,3416960.0
network-heterogeneous-04,FLEX_POOL,LEGACY_DIRECTED_LINK,32,5634567040,51992,0.0,0.010074567568004787,0.01067194278383797,0.0075553872452311975,1649,3416960.0
network-heterogeneous-04,FLEX_POOL,LEGACY_DIRECTED_LINK,64,3775740800,34840,0.0,0.0067509988857981425,0.007151301865481458,0.005062888360222787,1105,3416960.0
network-heterogeneous-04,FLEX_POOL,LEGACY_DIRECTED_LINK,128,7493393280,69144,0.0,0.006699068125124149,0.0070962918511167815,0.005023943065133638,2193,3416960.0
network-heterogeneous-04,FLEX_POOL,SHARED_NIC,1,7435304960,68608,3405.186790372808,0.033497126777220755,0.03548335131770468,0.025121054843908124,2176,3416960.0
network-heterogeneous-04,FLEX_POOL,SHARED_NIC,8,7040206720,65068,12435.783759344322,0.17414438374607158,0.18447033948801636,0.1305989807405987,2057,3422560.388915897
network-heterogeneous-04,FLEX_POOL,SHARED_NIC,32,5644992640,52182,10065.1645252964,0.13959321039846687,0.1478704415180896,0.10468744730195158,1649,3423282.377198302
network-heterogeneous-04,FLEX_POOL,SHARED_NIC,64,3781904000,34950,6388.830066102011,0.09314723323075645,0.0986704329293919,0.06985544671071287,1105,3422537.556561086
network-heterogeneous-04,FLEX_POOL,SHARED_NIC,128,7504654080,69362,12978.056670676437,0.09241921527425889,0.09789924687848685,0.06930947215193473,2193,3422094.88372093
network-heterogeneous-04,FLEX_POOL_NO_ALT,SHARED_NIC,1,7435304960,68608,3405.186790372808,0.033497126777220755,0.03548335131770468,0.025121054843908124,2176,3416960.0
network-heterogeneous-04,FLEX_POOL_NO_ALT,SHARED_NIC,8,7028686720,64856,10996.236477221448,0.17243595141546342,0.18266060502951592,0.12931774779904684,2057,3416960.0
network-heterogeneous-04,FLEX_POOL_NO_ALT,SHARED_NIC,32,5634567040,51992,9032.506821352796,0.13909385240944305,0.14734147391213112,0.10431295549814883,1649,3416960.0
network-heterogeneous-04,FLEX_POOL_NO_ALT,SHARED_NIC,64,3775740800,34840,6086.502565965056,0.09314320795509581,0.09866616897351989,0.06985242796909645,1105,3416960.0
network-heterogeneous-04,FLEX_POOL_NO_ALT,SHARED_NIC,128,7493393280,69144,11921.472855119333,0.09230623152244999,0.09777956371326224,0.0692247403764443,2193,3416960.0
network-heterogeneous-04,U_STRONG,LEGACY_DIRECTED_LINK,1,6996623360,59648,0.0,0.01335541887308152,0.014790923804953962,0.010015850380403372,2176,3215360.0
network-heterogeneous-04,U_STRONG,LEGACY_DIRECTED_LINK,8,6613995520,56386,0.0,0.012625044403456614,0.013982045159366924,0.009468108562722616,2057,3215360.0
network-heterogeneous-04,U_STRONG,LEGACY_DIRECTED_LINK,32,5302128640,45202,0.0,0.010120903364764264,0.0112087469459496,0.007590136616404805,1649,3215360.0
network-heterogeneous-04,U_STRONG,LEGACY_DIRECTED_LINK,64,3552972800,30290,0.0,0.0067820486465136574,0.007511015994733016,0.005086174021318804,1105,3215360.0
network-heterogeneous-04,U_STRONG,LEGACY_DIRECTED_LINK,128,7051284480,60114,0.0,0.006729879041526336,0.007453238948604038,0.005047049605759587,2193,3215360.0
network-heterogeneous-04,U_STRONG,SHARED_NIC,1,6996623360,59648,722.7051980761239,0.03389503436711463,0.03753823638588833,0.025419464270334775,2176,3215360.0
network-heterogeneous-04,U_STRONG,SHARED_NIC,8,6613995520,56386,7525.967661988645,0.1728952699074452,0.19147888866236093,0.12966221211996112,2057,3215360.0
network-heterogeneous-04,U_STRONG,SHARED_NIC,32,5302128640,45202,5783.130703801347,0.13891234104021366,0.15384331045092145,0.10417683167202099,1649,3215360.0
network-heterogeneous-04,U_STRONG,SHARED_NIC,64,3552972800,30290,4217.344162272217,0.09301757584156843,0.10301555420078848,0.06975821059830321,1105,3215360.0
network-heterogeneous-04,U_STRONG,SHARED_NIC,128,7051284480,60114,8001.283546975879,0.09253138918150414,0.10247710985004725,0.0693935965872842,2193,3215360.0
network-heterogeneous-05,FLEX_FREE,SHARED_NIC,1,7497695232,69248,5998.679165435711,0.017431331630690147,0.026171745471804574,0.013085872735902287,2176,3445632.0
network-heterogeneous-05,FLEX_FREE,SHARED_NIC,8,7116292224,65979,8033.392836651848,0.0919804288597645,0.13896887661240556,0.06533586639696093,2057,3459548.966456004
network-heterogeneous-05,FLEX_FREE,SHARED_NIC,32,5705923968,52901,6370.273222768461,0.07333436019985459,0.1108618283197056,0.05202631745643672,1649,3460232.8489993936
network-heterogeneous-05,FLEX_FREE,SHARED_NIC,64,3822255360,35427,4402.742038021963,0.04894398230384526,0.07426408106752438,0.03487250508237338,1105,3459054.624434389
network-heterogeneous-05,FLEX_FREE,SHARED_NIC,128,7585243776,70301,8484.204655803944,0.04866908641537607,0.07367214240289965,0.03470376974613038,2193,3458843.491108071
network-heterogeneous-05,FLEX_FREE_NO_ALT,SHARED_NIC,1,7497695232,69248,5998.679165435711,0.017431331630690147,0.026171745471804574,0.013085872735902287,2176,3445632.0
network-heterogeneous-05,FLEX_FREE_NO_ALT,SHARED_NIC,8,7087665024,65461,6883.008995134608,0.08623903552927784,0.12948099063369212,0.06474049531684606,2057,3445632.0
network-heterogeneous-05,FLEX_FREE_NO_ALT,SHARED_NIC,32,5681847168,52477,5432.73229857727,0.0693945542278071,0.10419035383285899,0.052095176916429495,1649,3445632.0
network-heterogeneous-05,FLEX_FREE_NO_ALT,SHARED_NIC,64,3807423360,35165,3640.103944762901,0.046616682575228954,0.06999120761094155,0.034995603805470774,1105,3445632.0
network-heterogeneous-05,FLEX_FREE_NO_ALT,SHARED_NIC,128,7556270976,69789,7152.6288705597835,0.04615379937453504,0.06929622563432575,0.034648112817162874,2193,3445632.0
network-heterogeneous-05,FLEX_POOL,LEGACY_DIRECTED_LINK,1,7497695232,69248,0.0,0.006058885228542072,0.009096929907815732,0.004548464953907866,2176,3445632.0
network-heterogeneous-05,FLEX_POOL,LEGACY_DIRECTED_LINK,8,7087665024,65461,0.0,0.005727539942605344,0.008599441553480813,0.004299720776740406,2057,3445632.0
network-heterogeneous-05,FLEX_POOL,LEGACY_DIRECTED_LINK,32,5681847168,52477,0.0,0.004591498962261085,0.006893767195776461,0.0034468835978882307,1649,3445632.0
network-heterogeneous-05,FLEX_POOL,LEGACY_DIRECTED_LINK,64,3807423360,35165,0.0,0.0030767776551336784,0.004619534718834709,0.0023097673594173547,1105,3445632.0
network-heterogeneous-05,FLEX_POOL,LEGACY_DIRECTED_LINK,128,7556270976,69789,0.0,0.0030531101347052217,0.004583999836375575,0.0022919999181877874,2193,3445632.0
network-heterogeneous-05,FLEX_POOL,SHARED_NIC,1,7497695232,69248,5998.679165435711,0.017431331630690147,0.026171745471804574,0.013085872735902287,2176,3445632.0
network-heterogeneous-05,FLEX_POOL,SHARED_NIC,8,7116292224,65979,8033.392836651848,0.0919804288597645,0.13896887661240556,0.06533586639696093,2057,3459548.966456004
network-heterogeneous-05,FLEX_POOL,SHARED_NIC,32,5705923968,52901,6370.273222768461,0.07333436019985459,0.1108618283197056,0.05202631745643672,1649,3460232.8489993936
network-heterogeneous-05,FLEX_POOL,SHARED_NIC,64,3822255360,35427,4402.742038021963,0.04894398230384526,0.07426408106752438,0.03487250508237338,1105,3459054.624434389
network-heterogeneous-05,FLEX_POOL,SHARED_NIC,128,7585243776,70301,8484.204655803944,0.04866908641537607,0.07367214240289965,0.03470376974613038,2193,3458843.491108071
network-heterogeneous-05,FLEX_POOL_NO_ALT,SHARED_NIC,1,7497695232,69248,5998.679165435711,0.017431331630690147,0.026171745471804574,0.013085872735902287,2176,3445632.0
network-heterogeneous-05,FLEX_POOL_NO_ALT,SHARED_NIC,8,7087665024,65461,6883.008995134608,0.08623903552927784,0.12948099063369212,0.06474049531684606,2057,3445632.0
network-heterogeneous-05,FLEX_POOL_NO_ALT,SHARED_NIC,32,5681847168,52477,5432.73229857727,0.0693945542278071,0.10419035383285899,0.052095176916429495,1649,3445632.0
network-heterogeneous-05,FLEX_POOL_NO_ALT,SHARED_NIC,64,3807423360,35165,3640.103944762901,0.046616682575228954,0.06999120761094155,0.034995603805470774,1105,3445632.0
network-heterogeneous-05,FLEX_POOL_NO_ALT,SHARED_NIC,128,7556270976,69789,7152.6288705597835,0.04615379937453504,0.06929622563432575,0.034648112817162874,2193,3445632.0
network-heterogeneous-05,U_STRONG,LEGACY_DIRECTED_LINK,1,7059013632,60288,0.0,0.005585061353313064,0.00912763252257523,0.004563816261287615,2176,3244032.0
network-heterogeneous-05,U_STRONG,LEGACY_DIRECTED_LINK,8,6672973824,56991,0.0,0.005279628310552851,0.008628465118995421,0.004314232559497711,2057,3244032.0
network-heterogeneous-05,U_STRONG,LEGACY_DIRECTED_LINK,32,5349408768,45687,0.0,0.004232429306813549,0.006917034021023844,0.003458517010511922,1649,3244032.0
network-heterogeneous-05,U_STRONG,LEGACY_DIRECTED_LINK,64,3584655360,30615,0.0,0.0028361639684928133,0.004635125890392356,0.002317562945196178,1105,3244032.0
network-heterogeneous-05,U_STRONG,LEGACY_DIRECTED_LINK,128,7114162176,60759,0.0,0.0028143473225770103,0.004599471075843795,0.0022997355379218974,2193,3244032.0
network-heterogeneous-05,U_STRONG,SHARED_NIC,1,7059013632,60288,2000.5319910379708,0.016189826373389858,0.026458936866098938,0.013229468433049469,2176,3244032.0
network-heterogeneous-05,U_STRONG,SHARED_NIC,8,6672973824,56991,2597.703370729635,0.0794530367932306,0.12984962505757577,0.06492481252878789,2057,3244032.0
network-heterogeneous-05,U_STRONG,SHARED_NIC,32,5349408768,45687,2062.703917927902,0.0638673999141641,0.10437811148538809,0.05218905574269404,1649,3244032.0
network-heterogeneous-05,U_STRONG,SHARED_NIC,64,3584655360,30615,1428.215464006389,0.042718357239441396,0.06981435693959112,0.03490717846979556,1105,3244032.0
network-heterogeneous-05,U_STRONG,SHARED_NIC,128,7114162176,60759,2790.0924397959025,0.04242683198906611,0.0693379189583144,0.0346689594791572,2193,3244032.0
network-heterogeneous-06,FLEX_FREE,SHARED_NIC,1,7556399104,69632,15028.771420149104,0.06472661543902912,0.06472661543902912,0.06253499267196619,2176,3472609.882352941
network-heterogeneous-06,FLEX_FREE,SHARED_NIC,8,7136246528,65710,34528.954155914,0.2894429946238458,0.2894429946238458,0.2796425461919016,2057,3469249.649003403
network-heterogeneous-06,FLEX_FREE,SHARED_NIC,32,5720429696,52658,28128.08274822931,0.2304092523788165,0.2304092523788165,0.22260766782460764,1649,3469029.530624621
network-heterogeneous-06,FLEX_FREE,SHARED_NIC,64,3833547520,35278,18207.45592693857,0.1544808596341962,0.1544808596341962,0.14925018649064714,1105,3469273.773755656
network-heterogeneous-06,FLEX_FREE,SHARED_NIC,128,7608031872,70016,37599.651952668064,0.1534641178828385,0.1534641178828385,0.14826787129404417,2193,3469234.779753762
network-heterogeneous-06,FLEX_FREE_NO_ALT,SHARED_NIC,1,7560085504,69888,15262.942341110289,0.06472661543902912,0.06472661543902912,0.06253499267196619,2176,3474304.0
network-heterogeneous-06,FLEX_FREE_NO_ALT,SHARED_NIC,8,7146643328,66066,35336.089776603156,0.2880334609111394,0.2880334609111394,0.2782807388457718,2057,3474304.0
network-heterogeneous-06,FLEX_FREE_NO_ALT,SHARED_NIC,32,5729127296,52962,28093.798615581174,0.23155293195575863,0.23155293195575863,0.22371262277209017,1649,3474304.0
network-heterogeneous-06,FLEX_FREE_NO_ALT,SHARED_NIC,64,3839105920,35490,18507.301290015486,0.1550921321667279,0.1550921321667279,0.14984076152818257,1105,3474304.0
network-heterogeneous-06,FLEX_FREE_NO_ALT,SHARED_NIC,128,7619148672,70434,36120.2446670529,0.15354029393596233,0.15354029393596233,0.14834146805005505,2193,3474304.0
network-heterogeneous-06,FLEX_POOL,LEGACY_DIRECTED_LINK,1,7998767104,78848,0.0,0.022439258683566058,0.022010605983768167,0.02126533381305938,2176,3675904.0
network-heterogeneous-06,FLEX_POOL,LEGACY_DIRECTED_LINK,8,7561334528,74536,0.0,0.021212111724320436,0.020806900969042523,0.020102385870168986,2057,3675904.0
network-heterogeneous-06,FLEX_POOL,LEGACY_DIRECTED_LINK,32,6061565696,59752,0.0,0.017004750721179313,0.016679912347113014,0.016115135780246474,1649,3675904.0
network-heterogeneous-06,FLEX_POOL,LEGACY_DIRECTED_LINK,64,4061873920,40040,0.0,0.011394936050311565,0.01117726085119429,0.010798802327004137,1105,3675904.0
network-heterogeneous-06,FLEX_POOL,LEGACY_DIRECTED_LINK,128,8061257472,79464,0.0,0.011307282696023066,0.011091281921515393,0.010715734616743924,2193,3675904.0
network-heterogeneous-06,FLEX_POOL,SHARED_NIC,1,7998767104,78848,19126.93318395401,0.0613521624481392,0.06041449943232015,0.058368883552075236,2176,3675904.0
network-heterogeneous-06,FLEX_POOL,SHARED_NIC,8,7606521728,75340,43140.051694429225,0.291397982504569,0.28805612188583396,0.2783026325270164,2057,3697871.5255226055
network-heterogeneous-06,FLEX_POOL,SHARED_NIC,32,6096471296,60376,34149.82398563996,0.2338121261103532,0.23110948700107137,0.22328419272359012,1649,3697071.738023044
network-heterogeneous-06,FLEX_POOL,SHARED_NIC,64,4086699520,40474,23253.13840795625,0.1568607501717605,0.15496596352529673,0.14971886491712366,1105,3698370.606334842
network-heterogeneous-06,FLEX_POOL,SHARED_NIC,128,8108633472,80306,45637.7485132084,0.1548943742066832,0.15317424735660995,0.1479878156923327,2193,3697507.283173735
network-heterogeneous-06,FLEX_POOL_NO_ALT,SHARED_NIC,1,7998767104,78848,21397.319470023423,0.06357662123471969,0.06236212967238258,0.060250567647001096,2176,3675904.0
network-heterogeneous-06,FLEX_POOL_NO_ALT,SHARED_NIC,8,7561334528,74536,42983.74818476375,0.29364298821603774,0.2880335845610183,0.27828085830890487,2057,3675904.0
network-heterogeneous-06,FLEX_POOL_NO_ALT,SHARED_NIC,32,6061565696,59752,34526.50325528638,0.23571476271650316,0.23121195044246692,0.2233831867852038,1649,3675904.0
network-heterogeneous-06,FLEX_POOL_NO_ALT,SHARED_NIC,64,4061873920,40040,22932.313638260843,0.15770588263823165,0.1546932584994324,0.1494553935973526,1105,3675904.0
network-heterogeneous-06,FLEX_POOL_NO_ALT,SHARED_NIC,128,8061257472,79464,46481.319070525235,0.15656877905396863,0.15357787677898857,0.1483777783498799,2193,3675904.0
network-heterogeneous-06,U_STRONG,LEGACY_DIRECTED_LINK,1,7121403904,60928,0.0,0.022313591850098173,0.022313591850098173,0.021558060673596436,2176,3272704.0
network-heterogeneous-06,U_STRONG,LEGACY_DIRECTED_LINK,8,6731952128,57596,0.0,0.021093317295807337,0.021093317295807337,0.02037910423052016,2057,3272704.0
network-heterogeneous-06,U_STRONG,LEGACY_DIRECTED_LINK,32,5396688896,46172,0.0,0.01690951882394013,0.01690951882394013,0.016336967854246154,1649,3272704.0
network-heterogeneous-06,U_STRONG,LEGACY_DIRECTED_LINK,64,3616337920,30940,0.0,0.01133112086144257,0.01133112086144257,0.010947452685873096,1105,3272704.0
network-heterogeneous-06,U_STRONG,LEGACY_DIRECTED_LINK,128,7177039872,61404,0.0,0.011243958393238624,0.011243958393238624,0.010863241511328696,2193,3272704.0
network-heterogeneous-06,U_STRONG,SHARED_NIC,1,7121403904,60928,12024.404858878772,0.06577544075650194,0.06577544075650194,0.06354830509526319,2176,3272704.0
network-heterogeneous-06,U_STRONG,SHARED_NIC,8,6731952128,57596,30055.261525875307,0.28751538591415843,0.28751538591415843,0.2777802057046523,2057,3272704.0
network-heterogeneous-06,U_STRONG,SHARED_NIC,32,5396688896,46172,24644.644349667782,0.2310558925478884,0.2310558925478884,0.2232324129616742,1649,3272704.0
network-heterogeneous-06,U_STRONG,SHARED_NIC,64,3616337920,30940,16254.194204730586,0.1543029517217801,0.1543029517217801,0.14907830248398676,1105,3272704.0
network-heterogeneous-06,U_STRONG,SHARED_NIC,128,7177039872,61404,32087.583193599843,0.15370701233742154,0.15370701233742154,0.14850254141906744,2193,3272704.0
full-mixed-01,FLEX_FREE,SHARED_NIC,1,7497695232,69248,3444.4333926285058,0.010690022704529857,0.01801323024337913,0.009006615121689565,2176,3445632.0
full-mixed-01,FLEX_FREE,SHARED_NIC,8,7087665024,65461,4729.462795202682,0.06907649104229494,0.11639738959790162,0.05819869479895081,2057,3445632.0
full-mixed-01,FLEX_FREE,SHARED_NIC,32,5681847168,52477,3610.8941244326306,0.05578934294689871,0.09400787139614653,0.04700393569807326,1649,3445632.0
full-mixed-01,FLEX_FREE,SHARED_NIC,64,3807423360,35165,2416.1978673518606,0.037384611253073324,0.06299496536854665,0.031497482684273326,1105,3445632.0
full-mixed-01,FLEX_FREE,SHARED_NIC,128,7556270976,69789,4812.9826333561505,0.03709703732036887,0.06251038871188455,0.031255194355942276,2193,3445632.0
full-mixed-01,FLEX_FREE_NO_ALT,SHARED_NIC,1,7497695232,69248,3444.4333926285058,0.010690022704529857,0.01801323024337913,0.009006615121689565,2176,3445632.0
full-mixed-01,FLEX_FREE_NO_ALT,SHARED_NIC,8,7087665024,65461,4729.462795202682,0.06907649104229494,0.11639738959790162,0.05819869479895081,2057,3445632.0
full-mixed-01,FLEX_FREE_NO_ALT,SHARED_NIC,32,5681847168,52477,3610.8941244326306,0.05578934294689871,0.09400787139614653,0.04700393569807326,1649,3445632.0
full-mixed-01,FLEX_FREE_NO_ALT,SHARED_NIC,64,3807423360,35165,2416.1978673518606,0.037384611253073324,0.06299496536854665,0.031497482684273326,1105,3445632.0
full-mixed-01,FLEX_FREE_NO_ALT,SHARED_NIC,128,7556270976,69789,4812.9826333561505,0.03709703732036887,0.06251038871188455,0.031255194355942276,2193,3445632.0
full-mixed-01,FLEX_POOL,LEGACY_DIRECTED_LINK,1,7936376832,78208,76.32445439892945,0.0068963662330814995,0.010681936472573905,0.004659571080132778,2176,3647232.0
full-mixed-01,FLEX_POOL,LEGACY_DIRECTED_LINK,8,7502356224,73931,72.15046079858439,0.006519221204708607,0.010097768071728087,0.004404750786687174,2057,3647232.0
full-mixed-01,FLEX_POOL,LEGACY_DIRECTED_LINK,32,6014285568,59267,57.839625597698614,0.005226152536012118,0.008094904983130227,0.003531081209166531,1649,3647232.0
full-mixed-01,FLEX_POOL,LEGACY_DIRECTED_LINK,64,4030191360,39715,38.758511998457834,0.003502060977748945,0.005424420864997906,0.0023661884391382045,1105,3647232.0
full-mixed-01,FLEX_POOL,LEGACY_DIRECTED_LINK,128,7998379776,78819,76.9207391969394,0.003475122047141583,0.005382694550637372,0.002347986989600089,2193,3647232.0
full-mixed-01,FLEX_POOL,SHARED_NIC,1,7936376832,78208,9939.886422177058,0.013263220846758378,0.020543700511027743,0.008961374468559082,2176,3647232.0
full-mixed-01,FLEX_POOL,SHARED_NIC,8,7502356224,73931,11175.730072638406,0.08396992461042829,0.1309306852208278,0.057802048134798306,2057,3647232.0
full-mixed-01,FLEX_POOL,SHARED_NIC,32,6014285568,59267,8573.001025484446,0.06731657331105347,0.10550508136225827,0.04700393569807328,1649,3647232.0
full-mixed-01,FLEX_POOL,SHARED_NIC,64,4030191360,39715,5778.955421987237,0.04514315993339827,0.07073338919350272,0.03149748268427332,1105,3647232.0
full-mixed-01,FLEX_POOL,SHARED_NIC,128,7998379776,78819,11506.356298841682,0.04481342740419894,0.07020680487528434,0.03125519435594225,2193,3647232.0
full-mixed-01,FLEX_POOL_NO_ALT,SHARED_NIC,1,7936376832,78208,9939.886422177058,0.013263220846758378,0.020543700511027743,0.008961374468559082,2176,3647232.0
full-mixed-01,FLEX_POOL_NO_ALT,SHARED_NIC,8,7502356224,73931,11599.294658986677,0.08499423575095232,0.1316494797610197,0.05742686358264418,2057,3647232.0
full-mixed-01,FLEX_POOL_NO_ALT,SHARED_NIC,32,6014285568,59267,9153.894963674087,0.06956785279062411,0.10775520889220125,0.04700393569807328,1649,3647232.0
full-mixed-01,FLEX_POOL_NO_ALT,SHARED_NIC,64,4030191360,39715,6103.254632230215,0.046617633313300925,0.07220709874219071,0.03149748268427332,1105,3647232.0
full-mixed-01,FLEX_POOL_NO_ALT,SHARED_NIC,128,7998379776,78819,12114.2549880624,0.04625903613398197,0.0716516595211188,0.03125519435594225,2193,3647232.0
full-mixed-01,U_STRONG,LEGACY_DIRECTED_LINK,1,7497695232,69248,0.0,0.005543463700430273,0.00934101738992112,0.00467050869496056,2176,3445632.0
full-mixed-01,U_STRONG,LEGACY_DIRECTED_LINK,8,7087665024,65461,0.0,0.005240305529311984,0.008830180501408113,0.0044150902507040565,2057,3445632.0
full-mixed-01,U_STRONG,LEGACY_DIRECTED_LINK,32,5681847168,52477,0.0,0.004200906085486285,0.0070787397408063075,0.0035393698704031537,1649,3445632.0
full-mixed-01,U_STRONG,LEGACY_DIRECTED_LINK,64,3807423360,35165,0.0,0.002815040160384516,0.004743485393335803,0.0023717426966679014,1105,3445632.0
full-mixed-01,U_STRONG,LEGACY_DIRECTED_LINK,128,7556270976,69789,0.0,0.002793386005296989,0.004706997044143387,0.0023534985220716935,2193,3445632.0
full-mixed-01,U_STRONG,SHARED_NIC,1,7497695232,69248,3444.4333926285058,0.010690022704529857,0.01801323024337913,0.009006615121689565,2176,3445632.0
full-mixed-01,U_STRONG,SHARED_NIC,8,7087665024,65461,4729.462795202682,0.06907649104229494,0.11639738959790162,0.05819869479895081,2057,3445632.0
full-mixed-01,U_STRONG,SHARED_NIC,32,5681847168,52477,3610.8941244326306,0.05578934294689871,0.09400787139614653,0.04700393569807326,1649,3445632.0
full-mixed-01,U_STRONG,SHARED_NIC,64,3807423360,35165,2416.1978673518606,0.037384611253073324,0.06299496536854665,0.031497482684273326,1105,3445632.0
full-mixed-01,U_STRONG,SHARED_NIC,128,7556270976,69789,4812.9826333561505,0.03709703732036887,0.06251038871188455,0.031255194355942276,2193,3445632.0
full-mixed-02,FLEX_FREE,SHARED_NIC,1,7560085504,69888,12902.812617381835,0.045751459414295474,0.045751459414295474,0.045751459414295474,2176,3474304.0
full-mixed-02,FLEX_FREE,SHARED_NIC,8,7146643328,66066,14569.789682252172,0.2787216783146383,0.2787216783146383,0.2787216783146383,2057,3474304.0
full-mixed-02,FLEX_FREE,SHARED_NIC,32,5729127296,52962,11839.243038491244,0.22219767055301326,0.22219767055301326,0.22219767055301326,1649,3474304.0
full-mixed-02,FLEX_FREE,SHARED_NIC,64,3839105920,35490,8127.527782562567,0.14974267821010095,0.14974267821010095,0.14974267821010095,1105,3474304.0
full-mixed-02,FLEX_FREE,SHARED_NIC,128,7619148672,70434,15485.580584738753,0.14787963804121482,0.14787963804121482,0.14787963804121482,2193,3474304.0
full-mixed-02,FLEX_FREE_NO_ALT,SHARED_NIC,1,7560085504,69888,12800.969407135546,0.045751459414295474,0.045751459414295474,0.045751459414295474,2176,3474304.0
full-mixed-02,FLEX_FREE_NO_ALT,SHARED_NIC,8,7146643328,66066,14650.67119138092,0.2782053253698786,0.2782053253698786,0.2782053253698786,2057,3474304.0
full-mixed-02,FLEX_FREE_NO_ALT,SHARED_NIC,32,5729127296,52962,11762.469692008752,0.22339777197903696,0.22339777197903696,0.22339777197903696,1649,3474304.0
full-mixed-02,FLEX_FREE_NO_ALT,SHARED_NIC,64,3839105920,35490,8010.586472434079,0.1498660465231379,0.1498660465231379,0.1498660465231379,1105,3474304.0
full-mixed-02,FLEX_FREE_NO_ALT,SHARED_NIC,128,7619148672,70434,15636.857892924934,0.14806789605678922,0.14806789605678922,0.14806789605678922,2193,3474304.0
full-mixed-02,FLEX_POOL,LEGACY_DIRECTED_LINK,1,7560085504,69888,21.712445439323346,0.022573135030561315,0.022573135030561315,0.022573135030561315,2176,3474304.0
full-mixed-02,FLEX_POOL,LEGACY_DIRECTED_LINK,8,7146643328,66066,20.525046079128515,0.021338666708583764,0.021338666708583764,0.021338666708583764,2057,3474304.0
full-mixed-02,FLEX_POOL,LEGACY_DIRECTED_LINK,32,5729127296,52962,16.453962558414787,0.01710620389037211,0.01710620389037211,0.01710620389037211,1649,3474304.0
full-mixed-02,FLEX_POOL,LEGACY_DIRECTED_LINK,64,3839105920,35490,11.025851198937744,0.01146292013275243,0.01146292013275243,0.01146292013275243,1105,3474304.0
full-mixed-02,FLEX_POOL,LEGACY_DIRECTED_LINK,128,7619148672,70434,21.88207391789183,0.01137474382400524,0.01137474382400524,0.01137474382400524,2193,3474304.0
full-mixed-02,FLEX_POOL,SHARED_NIC,1,7560085504,69888,12902.812617381835,0.045751459414295474,0.045751459414295474,0.045751459414295474,2176,3474304.0
full-mixed-02,FLEX_POOL,SHARED_NIC,8,7146643328,66066,14569.789682252172,0.2787216783146383,0.2787216783146383,0.2787216783146383,2057,3474304.0
full-mixed-02,FLEX_POOL,SHARED_NIC,32,5729127296,52962,11839.243038491244,0.22219767055301326,0.22219767055301326,0.22219767055301326,1649,3474304.0
full-mixed-02,FLEX_POOL,SHARED_NIC,64,3839105920,35490,8127.527782562567,0.14974267821010095,0.14974267821010095,0.14974267821010095,1105,3474304.0
full-mixed-02,FLEX_POOL,SHARED_NIC,128,7619148672,70434,15485.580584738753,0.14787963804121482,0.14787963804121482,0.14787963804121482,2193,3474304.0
full-mixed-02,FLEX_POOL_NO_ALT,SHARED_NIC,1,7560085504,69888,12800.969407135546,0.045751459414295474,0.045751459414295474,0.045751459414295474,2176,3474304.0
full-mixed-02,FLEX_POOL_NO_ALT,SHARED_NIC,8,7146643328,66066,14650.67119138092,0.2782053253698786,0.2782053253698786,0.2782053253698786,2057,3474304.0
full-mixed-02,FLEX_POOL_NO_ALT,SHARED_NIC,32,5729127296,52962,11762.469692008752,0.22339777197903696,0.22339777197903696,0.22339777197903696,1649,3474304.0
full-mixed-02,FLEX_POOL_NO_ALT,SHARED_NIC,64,3839105920,35490,8010.586472434079,0.1498660465231379,0.1498660465231379,0.1498660465231379,1105,3474304.0
full-mixed-02,FLEX_POOL_NO_ALT,SHARED_NIC,128,7619148672,70434,15636.857892924934,0.14806789605678922,0.14806789605678922,0.14806789605678922,2193,3474304.0
full-mixed-02,U_STRONG,LEGACY_DIRECTED_LINK,1,7121403904,60928,1314.6333866648274,0.02264684909559595,0.02264684909559595,0.02264684909559595,2176,3272704.0
full-mixed-02,U_STRONG,LEGACY_DIRECTED_LINK,8,6731952128,57596,1242.7393733318313,0.02140834953568641,0.02140834953568641,0.02140834953568641,2057,3272704.0
full-mixed-02,U_STRONG,LEGACY_DIRECTED_LINK,32,5396688896,46172,996.2456133348169,0.017162065330280737,0.017162065330280737,0.017162065330280737,1649,3272704.0
full-mixed-02,U_STRONG,LEGACY_DIRECTED_LINK,64,3616337920,30940,667.587266669143,0.011500353056402433,0.011500353056402433,0.011500353056402433,1105,3272704.0
full-mixed-02,U_STRONG,LEGACY_DIRECTED_LINK,128,7177039872,61404,1324.9039600049146,0.011411888802088802,0.011411888802088802,0.011411888802088802,2193,3272704.0
full-mixed-02,U_STRONG,SHARED_NIC,1,7121403904,60928,9468.657035944632,0.046081245572126665,0.046081245572126665,0.046081245572126665,2176,3272704.0
full-mixed-02,U_STRONG,SHARED_NIC,8,6731952128,57596,11503.633965149049,0.2771490787353322,0.2771490787353322,0.2771490787353322,2057,3272704.0
full-mixed-02,U_STRONG,SHARED_NIC,32,5396688896,46172,9270.705085338668,0.22215494794348498,0.22215494794348498,0.22215494794348498,1649,3272704.0
full-mixed-02,U_STRONG,SHARED_NIC,64,3616337920,30940,6005.183332989291,0.14875318413010366,0.14875318413010366,0.14875318413010366,1105,3272704.0
full-mixed-02,U_STRONG,SHARED_NIC,128,7177039872,61404,12238.166932999258,0.14867423899319493,0.14867423899319493,0.14867423899319493,2193,3272704.0
full-mixed-03,FLEX_FREE,SHARED_NIC,1,7873986560,77568,12838.546449060648,0.04984887081778753,0.048575259069809126,0.048575259069809126,2176,3618560.0
full-mixed-03,FLEX_FREE,SHARED_NIC,8,7452219520,73484,12919.59669529417,0.2977340259737044,0.28816246266706946,0.28816246266706946,2057,3622858.298492951
full-mixed-03,FLEX_FREE,SHARED_NIC,32,5975357440,58936,10321.050798961453,0.24280175321146927,0.23536444291365732,0.23536444291365732,1649,3623624.8878107946
full-mixed-03,FLEX_FREE,SHARED_NIC,64,4003635200,39482,6833.880399878959,0.16354421380840234,0.15849022295957854,0.15849022295957854,1105,3623199.2760180994
full-mixed-03,FLEX_FREE,SHARED_NIC,128,7945639680,78362,13550.911103308536,0.1616687934360141,0.15651601214783473,0.15651601214783473,2193,3623182.7086183312
full-mixed-03,FLEX_FREE_NO_ALT,SHARED_NIC,1,7873986560,77568,13720.616333669292,0.04986228222382174,0.048275458500622516,0.048275458500622516,2176,3618560.0
full-mixed-03,FLEX_FREE_NO_ALT,SHARED_NIC,8,7443377920,73326,14754.262073105569,0.29338481390508836,0.28404809761438155,0.28404809761438155,2057,3618560.0
full-mixed-03,FLEX_FREE_NO_ALT,SHARED_NIC,32,5967005440,58782,12082.84784980518,0.24761275707522787,0.23973269664538271,0.23973269664538271,1649,3618560.0
full-mixed-03,FLEX_FREE_NO_ALT,SHARED_NIC,64,3998508800,39390,8132.502769329483,0.1632677129785394,0.1580718601488623,0.1580718601488623,1105,3618560.0
full-mixed-03,FLEX_FREE_NO_ALT,SHARED_NIC,128,7935502080,78174,16037.014200278427,0.1624028070104707,0.15723447906026625,0.15723447906026625,2193,3618560.0
full-mixed-03,FLEX_POOL,LEGACY_DIRECTED_LINK,1,7873986560,77568,453.50338559564625,0.023049138817762684,0.022755194895219478,0.022755194895219478,2176,3618560.0
full-mixed-03,FLEX_POOL,LEGACY_DIRECTED_LINK,8,7443377920,73326,428.70241919427644,0.02178863903867238,0.02151077017439319,0.02151077017439319,2057,3618560.0
full-mixed-03,FLEX_POOL,LEGACY_DIRECTED_LINK,32,5967005440,58782,343.6705343913054,0.01746692551036312,0.01724417113156054,0.01724417113156054,1649,3618560.0
full-mixed-03,FLEX_POOL,LEGACY_DIRECTED_LINK,64,3998508800,39390,230.29468799417373,0.01170464080594333,0.011555372407776284,0.011555372407776284,1105,3618560.0
full-mixed-03,FLEX_POOL,LEGACY_DIRECTED_LINK,128,7935502080,78174,457.0463807734195,0.011614605107410176,0.011466484927690857,0.011466484927690857,2193,3618560.0
full-mixed-03,FLEX_POOL,SHARED_NIC,1,7873986560,77568,12838.546449060648,0.04984887081778753,0.048575259069809126,0.048575259069809126,2176,3618560.0
full-mixed-03,FLEX_POOL,SHARED_NIC,8,7452219520,73484,12919.59669529417,0.2977340259737044,0.28816246266706946,0.28816246266706946,2057,3622858.298492951
full-mixed-03,FLEX_POOL,SHARED_NIC,32,5975357440,58936,10321.050798961453,0.24280175321146927,0.23536444291365732,0.23536444291365732,1649,3623624.8878107946
full-mixed-03,FLEX_POOL,SHARED_NIC,64,4003635200,39482,6833.880399878959,0.16354421380840234,0.15849022295957854,0.15849022295957854,1105,3623199.2760180994
full-mixed-03,FLEX_POOL,SHARED_NIC,128,7945639680,78362,13550.911103308536,0.1616687934360141,0.15651601214783473,0.15651601214783473,2193,3623182.7086183312
full-mixed-03,FLEX_POOL_NO_ALT,SHARED_NIC,1,7873986560,77568,13720.616333669292,0.04986228222382174,0.048275458500622516,0.048275458500622516,2176,3618560.0
full-mixed-03,FLEX_POOL_NO_ALT,SHARED_NIC,8,7443377920,73326,14754.262073105569,0.29338481390508836,0.28404809761438155,0.28404809761438155,2057,3618560.0
full-mixed-03,FLEX_POOL_NO_ALT,SHARED_NIC,32,5967005440,58782,12082.84784980518,0.24761275707522787,0.23973269664538271,0.23973269664538271,1649,3618560.0
full-mixed-03,FLEX_POOL_NO_ALT,SHARED_NIC,64,3998508800,39390,8132.502769329483,0.1632677129785394,0.1580718601488623,0.1580718601488623,1105,3618560.0
full-mixed-03,FLEX_POOL_NO_ALT,SHARED_NIC,128,7935502080,78174,16037.014200278427,0.1624028070104707,0.15723447906026625,0.15723447906026625,2193,3618560.0
full-mixed-03,U_STRONG,LEGACY_DIRECTED_LINK,1,7873986560,77568,0.0,0.023503162583300378,0.022755194895219478,0.022755194895219478,2176,3618560.0
full-mixed-03,U_STRONG,LEGACY_DIRECTED_LINK,8,7443377920,73326,0.0,0.022217833379532353,0.02151077017439319,0.02151077017439319,2057,3618560.0
full-mixed-03,U_STRONG,LEGACY_DIRECTED_LINK,32,5967005440,58782,0.0,0.017810990395185196,0.01724417113156054,0.01724417113156054,1649,3618560.0
full-mixed-03,U_STRONG,LEGACY_DIRECTED_LINK,64,3998508800,39390,0.0,0.011935199749381394,0.011555372407776284,0.011555372407776284,1105,3618560.0
full-mixed-03,U_STRONG,LEGACY_DIRECTED_LINK,128,7935502080,78174,0.0,0.011843390520513588,0.011466484927690857,0.011466484927690857,2193,3618560.0
full-mixed-03,U_STRONG,SHARED_NIC,1,7873986560,77568,13720.616333669292,0.04986228222382174,0.048275458500622516,0.048275458500622516,2176,3618560.0
full-mixed-03,U_STRONG,SHARED_NIC,8,7443377920,73326,14754.262073105569,0.29338481390508836,0.28404809761438155,0.28404809761438155,2057,3618560.0
full-mixed-03,U_STRONG,SHARED_NIC,32,5967005440,58782,12082.84784980518,0.24761275707522787,0.23973269664538271,0.23973269664538271,1649,3618560.0
full-mixed-03,U_STRONG,SHARED_NIC,64,3998508800,39390,8132.502769329483,0.1632677129785394,0.1580718601488623,0.1580718601488623,1105,3618560.0
full-mixed-03,U_STRONG,SHARED_NIC,128,7935502080,78174,16037.014200278427,0.1624028070104707,0.15723447906026625,0.15723447906026625,2193,3618560.0
full-mixed-04,FLEX_FREE,SHARED_NIC,1,18915115008,239488,442730.7421522435,0.19455361541526156,0.1941459131944882,0.07793718306228552,2176,8692608.0
full-mixed-04,FLEX_FREE,SHARED_NIC,8,17908573056,226875,1477734.8393123036,0.8594489615630782,0.8576479194723282,0.3442908573405952,2057,8706160.94117647
full-mixed-04,FLEX_FREE,SHARED_NIC,32,14356459392,181875,6790292.750177211,0.7156811463487841,0.7141813808876848,0.28669820603516843,1649,8706160.94117647
full-mixed-04,FLEX_FREE,SHARED_NIC,64,9620307840,121875,9895391.582260959,0.4795801496151155,0.4785751521411815,0.19211735455962897,1105,8706160.94117647
full-mixed-04,FLEX_FREE,SHARED_NIC,128,19092610944,241875,41492751.20434544,0.47589107154113813,0.47489380481700444,0.19063952875531828,2193,8706160.94117647
full-mixed-04,FLEX_FREE_NO_ALT,SHARED_NIC,1,18915115008,239488,442730.7421522435,0.19455361541526156,0.1941459131944882,0.07793718306228552,2176,8692608.0
full-mixed-04,FLEX_FREE_NO_ALT,SHARED_NIC,8,17880694656,226391,1279148.6055244412,0.8351735590012744,0.8334233879031477,0.33456625525940686,2057,8692608.0
full-mixed-04,FLEX_FREE_NO_ALT,SHARED_NIC,32,14334110592,181487,6798369.348025311,0.7060460275376617,0.7045664532168212,0.2828384267295693,1649,8692608.0
full-mixed-04,FLEX_FREE_NO_ALT,SHARED_NIC,64,9605331840,121615,9753436.029252358,0.4724254012027108,0.47143539706010396,0.1892511989469873,1105,8692608.0
full-mixed-04,FLEX_FREE_NO_ALT,SHARED_NIC,128,19062889344,241359,39962958.50550429,0.46986890571297946,0.4688842589053493,0.18822707993200113,2193,8692608.0
full-mixed-04,FLEX_POOL,LEGACY_DIRECTED_LINK,1,20669841408,275328,50576.89818785325,0.06667148957146082,0.06653177428371079,0.0267082576526542,2176,9499008.0
full-mixed-04,FLEX_POOL,LEGACY_DIRECTED_LINK,8,19539459456,260271,47810.97406818875,0.06302539248552247,0.06289331787757133,0.025247649812275053,2057,9499008.0
full-mixed-04,FLEX_POOL,LEGACY_DIRECTED_LINK,32,15663864192,208647,38327.80565795663,0.050524488190885175,0.050418610199387155,0.020239851502407043,1649,9499008.0
full-mixed-04,FLEX_POOL,LEGACY_DIRECTED_LINK,64,10496403840,139815,25683.581110937288,0.03385661579799724,0.033785666628436635,0.01356278708923436,1105,9499008.0
full-mixed-04,FLEX_POOL,LEGACY_DIRECTED_LINK,128,20831324544,277479,50972.03020299086,0.033596180292037016,0.033525776885318874,0.013458457957850114,2193,9499008.0
full-mixed-04,FLEX_POOL,SHARED_NIC,1,20680900608,275328,421887.7439534313,0.18837305894023526,0.18797830855587527,0.07546128375610828,2176,9504090.352941176
full-mixed-04,FLEX_POOL,SHARED_NIC,8,19590493056,261037,1581620.558079649,0.8594489615630793,0.8576479194723293,0.3442908573405956,2057,9523817.722897423
full-mixed-04,FLEX_POOL,SHARED_NIC,32,15709771392,209351,6554201.003887692,0.7156811463487841,0.7141813808876848,0.28669820603516843,1649,9526847.417828986
full-mixed-04,FLEX_POOL,SHARED_NIC,64,10529120640,140311,7555486.179643803,0.4795801496151172,0.4785751521411832,0.19211735455962964,1105,9528615.963800905
full-mixed-04,FLEX_POOL,SHARED_NIC,128,20901538944,278563,28605313.476351246,0.4758910715411382,0.4748938048170045,0.1906395287553183,2193,9531025.510259917
full-mixed-04,FLEX_POOL_NO_ALT,SHARED_NIC,1,20669841408,275328,422708.2581448114,0.18837305894023526,0.18797830855587527,0.07546128375610828,2176,9499008.0
full-mixed-04,FLEX_POOL_NO_ALT,SHARED_NIC,8,19539459456,260271,1486741.0336994256,0.7969183651064204,0.7952483607400903,0.3192414202862677,2057,9499008.0
full-mixed-04,FLEX_POOL_NO_ALT,SHARED_NIC,32,15663864192,208647,6413933.100147956,0.7060460275376624,0.704566453216822,0.2828384267295696,1649,9499008.0
full-mixed-04,FLEX_POOL_NO_ALT,SHARED_NIC,64,10496403840,139815,6749271.517136186,0.4735873475272129,0.4725949084357827,0.18971666870044304,1105,9499008.0
full-mixed-04,FLEX_POOL_NO_ALT,SHARED_NIC,128,20831324544,277479,25463318.130072825,0.46910015205649186,0.46811711623189234,0.18791912114990608,2193,9499008.0
full-mixed-04,U_STRONG,LEGACY_DIRECTED_LINK,1,18915115008,239488,50576.89818785376,0.07008976605670948,0.06994288750493437,0.028077601725853222,2176,8692608.0
full-mixed-04,U_STRONG,LEGACY_DIRECTED_LINK,8,17880694656,226391,47810.97406818875,0.0662567319754804,0.06611788584450556,0.026542107881469525,2057,8692608.0
full-mixed-04,U_STRONG,LEGACY_DIRECTED_LINK,32,14334110592,181487,38327.80565795174,0.053114900839853485,0.05300359443733649,0.0212775575578745,1649,8692608.0
full-mixed-04,U_STRONG,LEGACY_DIRECTED_LINK,64,9605331840,121615,25683.58111099596,0.035592459325618477,0.03551787256104523,0.014258157126388072,1105,8692608.0
full-mixed-04,U_STRONG,LEGACY_DIRECTED_LINK,128,19062889344,241359,50972.030204030685,0.03531867117720132,0.0352446581569705,0.014148478994743361,2193,8692608.0
full-mixed-04,U_STRONG,SHARED_NIC,1,18915115008,239488,442730.7421522435,0.19455361541526156,0.1941459131944882,0.07793718306228552,2176,8692608.0
full-mixed-04,U_STRONG,SHARED_NIC,8,17880694656,226391,1279148.6055244412,0.8351735590012744,0.8334233879031477,0.33456625525940686,2057,8692608.0
full-mixed-04,U_STRONG,SHARED_NIC,32,14334110592,181487,6798369.348025311,0.7060460275376617,0.7045664532168212,0.2828384267295693,1649,8692608.0
full-mixed-04,U_STRONG,SHARED_NIC,64,9605331840,121615,9753436.029252358,0.4724254012027108,0.47143539706010396,0.1892511989469873,1105,8692608.0
full-mixed-04,U_STRONG,SHARED_NIC,128,19062889344,241359,39962958.50550429,0.46986890571297946,0.4688842589053493,0.18822707993200113,2193,8692608.0
full-mixed-05,FLEX_FREE,SHARED_NIC,1,14586789888,195328,58107.908008898405,0.05260644348751506,0.04946227494301168,0.04778749792677879,2176,6703488.0
full-mixed-05,FLEX_FREE,SHARED_NIC,8,13789074816,184646,79176.88071081945,0.2873281348154128,0.2701551798778327,0.2610078107647673,2057,6703488.0
full-mixed-05,FLEX_FREE,SHARED_NIC,32,11054051712,148022,66437.70828259792,0.2432116919249618,0.2286754773339221,0.2209325978554473,1649,6703488.0
full-mixed-05,FLEX_FREE,SHARED_NIC,64,7407354240,99190,46386.426945199906,0.16492108668875133,0.15506412509401524,0.1498137027661112,1105,6703488.0
full-mixed-05,FLEX_FREE,SHARED_NIC,128,14700749184,196854,88080.36933678604,0.1629645764588113,0.15322455107025384,0.14803641613811158,2193,6703488.0
full-mixed-05,FLEX_FREE_NO_ALT,SHARED_NIC,1,14586789888,195328,58107.908008898405,0.05260644348751506,0.04946227494301168,0.04778749792677879,2176,6703488.0
full-mixed-05,FLEX_FREE_NO_ALT,SHARED_NIC,8,13789074816,184646,79176.88071081945,0.2873281348154128,0.2701551798778327,0.2610078107647673,2057,6703488.0
full-mixed-05,FLEX_FREE_NO_ALT,SHARED_NIC,32,11054051712,148022,66437.70828259792,0.2432116919249618,0.2286754773339221,0.2209325978554473,1649,6703488.0
full-mixed-05,FLEX_FREE_NO_ALT,SHARED_NIC,64,7407354240,99190,46386.426945199906,0.16492108668875133,0.15506412509401524,0.1498137027661112,1105,6703488.0
full-mixed-05,FLEX_FREE_NO_ALT,SHARED_NIC,128,14700749184,196854,88080.36933678604,0.1629645764588113,0.15322455107025384,0.14803641613811158,2193,6703488.0
full-mixed-05,FLEX_POOL,LEGACY_DIRECTED_LINK,1,14586789888,195328,0.0,0.014507157554644759,0.013640097448893763,0.013178248054928277,2176,6703488.0
full-mixed-05,FLEX_POOL,LEGACY_DIRECTED_LINK,8,13789074816,184646,0.0,0.013713797375879551,0.012894154619661546,0.01245756261442841,2057,6703488.0
full-mixed-05,FLEX_POOL,LEGACY_DIRECTED_LINK,32,11054051712,148022,0.0,0.01099370533438749,0.01033663634799756,0.00998664110413284,1649,6703488.0
full-mixed-05,FLEX_POOL,LEGACY_DIRECTED_LINK,64,7407354240,99190,0.0,0.0073669159457158745,0.0069266119857643235,0.006692079090391296,1105,6703488.0
full-mixed-05,FLEX_POOL,LEGACY_DIRECTED_LINK,128,14700749184,196854,0.0,0.007310247361558963,0.0068733303551430595,0.006640601558963905,2193,6703488.0
full-mixed-05,FLEX_POOL,SHARED_NIC,1,14586789888,195328,58107.908008898405,0.05260644348751506,0.04946227494301168,0.04778749792677879,2176,6703488.0
full-mixed-05,FLEX_POOL,SHARED_NIC,8,13789074816,184646,79176.88071081945,0.2873281348154128,0.2701551798778327,0.2610078107647673,2057,6703488.0
full-mixed-05,FLEX_POOL,SHARED_NIC,32,11054051712,148022,66437.70828259792,0.2432116919249618,0.2286754773339221,0.2209325978554473,1649,6703488.0
full-mixed-05,FLEX_POOL,SHARED_NIC,64,7407354240,99190,46386.426945199906,0.16492108668875133,0.15506412509401524,0.1498137027661112,1105,6703488.0
full-mixed-05,FLEX_POOL,SHARED_NIC,128,14700749184,196854,88080.36933678604,0.1629645764588113,0.15322455107025384,0.14803641613811158,2193,6703488.0
full-mixed-05,FLEX_POOL_NO_ALT,SHARED_NIC,1,14586789888,195328,58107.908008898405,0.05260644348751506,0.04946227494301168,0.04778749792677879,2176,6703488.0
full-mixed-05,FLEX_POOL_NO_ALT,SHARED_NIC,8,13789074816,184646,79176.88071081945,0.2873281348154128,0.2701551798778327,0.2610078107647673,2057,6703488.0
full-mixed-05,FLEX_POOL_NO_ALT,SHARED_NIC,32,11054051712,148022,66437.70828259792,0.2432116919249618,0.2286754773339221,0.2209325978554473,1649,6703488.0
full-mixed-05,FLEX_POOL_NO_ALT,SHARED_NIC,64,7407354240,99190,46386.426945199906,0.16492108668875133,0.15506412509401524,0.1498137027661112,1105,6703488.0
full-mixed-05,FLEX_POOL_NO_ALT,SHARED_NIC,128,14700749184,196854,88080.36933678604,0.1629645764588113,0.15322455107025384,0.14803641613811158,2193,6703488.0
full-mixed-05,U_STRONG,LEGACY_DIRECTED_LINK,1,14586789888,195328,0.0,0.014507157554644759,0.013640097448893763,0.013178248054928277,2176,6703488.0
full-mixed-05,U_STRONG,LEGACY_DIRECTED_LINK,8,13789074816,184646,0.0,0.013713797375879551,0.012894154619661546,0.01245756261442841,2057,6703488.0
full-mixed-05,U_STRONG,LEGACY_DIRECTED_LINK,32,11054051712,148022,0.0,0.01099370533438749,0.01033663634799756,0.00998664110413284,1649,6703488.0
full-mixed-05,U_STRONG,LEGACY_DIRECTED_LINK,64,7407354240,99190,0.0,0.0073669159457158745,0.0069266119857643235,0.006692079090391296,1105,6703488.0
full-mixed-05,U_STRONG,LEGACY_DIRECTED_LINK,128,14700749184,196854,0.0,0.007310247361558963,0.0068733303551430595,0.006640601558963905,2193,6703488.0
full-mixed-05,U_STRONG,SHARED_NIC,1,14586789888,195328,58107.908008898405,0.05260644348751506,0.04946227494301168,0.04778749792677879,2176,6703488.0
full-mixed-05,U_STRONG,SHARED_NIC,8,13789074816,184646,79176.88071081945,0.2873281348154128,0.2701551798778327,0.2610078107647673,2057,6703488.0
full-mixed-05,U_STRONG,SHARED_NIC,32,11054051712,148022,66437.70828259792,0.2432116919249618,0.2286754773339221,0.2209325978554473,1649,6703488.0
full-mixed-05,U_STRONG,SHARED_NIC,64,7407354240,99190,46386.426945199906,0.16492108668875133,0.15506412509401524,0.1498137027661112,1105,6703488.0
full-mixed-05,U_STRONG,SHARED_NIC,128,14700749184,196854,88080.36933678604,0.1629645764588113,0.15322455107025384,0.14803641613811158,2193,6703488.0
full-mixed-06,FLEX_FREE,SHARED_NIC,1,13262946304,186368,60373.818405441474,0.06094392160818681,0.06169727939981999,0.045521479199560615,2176,6095104.0
full-mixed-06,FLEX_FREE,SHARED_NIC,8,12553440128,176482,112780.95160151816,0.34474090793160894,0.34900241986309716,0.2575009230705343,2057,6102790.533787069
full-mixed-06,FLEX_FREE,SHARED_NIC,32,10066551296,141526,104477.29376535062,0.29831249973286467,0.30200008727375427,0.22282166774338913,1649,6104639.9611885995
full-mixed-06,FLEX_FREE,SHARED_NIC,64,6745832320,94840,67504.85243532676,0.19940632470284966,0.201871284364973,0.1489446465322677,1105,6104825.628959276
full-mixed-06,FLEX_FREE,SHARED_NIC,128,13389315072,188252,133620.116474871,0.19837058748326727,0.20082274388816942,0.14817101252491638,2193,6105478.829001368
full-mixed-06,FLEX_FREE_NO_ALT,SHARED_NIC,1,13262946304,186368,60373.818405441474,0.06094392160818681,0.06169727939981999,0.045521479199560615,2176,6095104.0
full-mixed-06,FLEX_FREE_NO_ALT,SHARED_NIC,8,12537628928,176176,111768.33681163903,0.33896253013788485,0.34315261269924013,0.25318481905879503,2057,6095104.0
full-mixed-06,FLEX_FREE_NO_ALT,SHARED_NIC,32,10050826496,141232,96826.00590195184,0.3008571938544524,0.30457623761104385,0.2247224026726219,1649,6095104.0
full-mixed-06,FLEX_FREE_NO_ALT,SHARED_NIC,64,6735089920,94640,69312.58776994821,0.19933816553247596,0.20180228264556868,0.14889373569203043,1105,6095104.0
full-mixed-06,FLEX_FREE_NO_ALT,SHARED_NIC,128,13366563072,187824,140110.7377571909,0.1988058325310145,0.20126336921403692,0.14849611464937626,2193,6095104.0
full-mixed-06,FLEX_POOL,LEGACY_DIRECTED_LINK,1,13262946304,186368,0.0,0.016874687496381994,0.017083283808718198,0.012604386386622826,2176,6095104.0
full-mixed-06,FLEX_POOL,LEGACY_DIRECTED_LINK,8,12537628928,176176,0.0,0.015951853023929118,0.016149041725434497,0.011915084006108512,2057,6095104.0
full-mixed-06,FLEX_POOL,LEGACY_DIRECTED_LINK,32,10050826496,141232,0.0,0.012787849118364794,0.012945926011307216,0.0095517615586222,1649,6095104.0
full-mixed-06,FLEX_POOL,LEGACY_DIRECTED_LINK,64,6735089920,94640,0.0,0.008569177244258033,0.008675105059116252,0.006400664961958074,1105,6095104.0
full-mixed-06,FLEX_POOL,LEGACY_DIRECTED_LINK,128,13366563072,187824,0.0,0.008503260496263718,0.008608373481777377,0.006351429077664021,2193,6095104.0
full-mixed-06,FLEX_POOL,SHARED_NIC,1,13262946304,186368,60373.81840544185,0.06080136787770592,0.06155296349255837,0.045415000054378166,2176,6095104.0
full-mixed-06,FLEX_POOL,SHARED_NIC,8,12554016128,176468,115277.2429161974,0.3405228460945439,0.34473221648891583,0.2543502821352023,2057,6103070.553232864
full-mixed-06,FLEX_POOL,SHARED_NIC,32,10065226496,141494,97335.41382764114,0.30036358986998424,0.30407653194493345,0.22435370989869363,1649,6103836.565191025
full-mixed-06,FLEX_POOL,SHARED_NIC,64,6744565120,94812,68670.75119490083,0.19967456117863838,0.20214283664377705,0.14914500320166094,1105,6103678.841628959
full-mixed-06,FLEX_POOL,SHARED_NIC,128,13384131072,188138,132899.97438672767,0.198086580045157,0.20053522569442128,0.1479588758860966,2193,6103114.943912448
full-mixed-06,FLEX_POOL_NO_ALT,SHARED_NIC,1,13262946304,186368,60373.81840544185,0.06080136787770592,0.06155296349255837,0.045415000054378166,2176,6095104.0
full-mixed-06,FLEX_POOL_NO_ALT,SHARED_NIC,8,12537628928,176176,114648.74631760718,0.3381541020842994,0.34233419126884085,0.25258097145833663,2057,6095104.0
full-mixed-06,FLEX_POOL_NO_ALT,SHARED_NIC,32,10050826496,141232,103226.74728783696,0.2987096618627648,0.3024021589200952,0.2231183241966994,1649,6095104.0
full-mixed-06,FLEX_POOL_NO_ALT,SHARED_NIC,64,6735089920,94640,68296.7920114263,0.20150759124650885,0.20399852569793342,0.15051416747440322,1105,6095104.0
full-mixed-06,FLEX_POOL_NO_ALT,SHARED_NIC,128,13366563072,187824,136712.20655852184,0.19870459252970069,0.2011608777352697,0.14842049439894997,2193,6095104.0
full-mixed-06,U_STRONG,LEGACY_DIRECTED_LINK,1,12824264704,177408,0.0,0.017037734516692105,0.017248346333444693,0.012726172798585525,2176,5893504.0
full-mixed-06,U_STRONG,LEGACY_DIRECTED_LINK,8,12122937728,167706,0.0,0.01610598341031571,0.016305077393339702,0.012030210223666769,2057,5893504.0
full-mixed-06,U_STRONG,LEGACY_DIRECTED_LINK,32,9718388096,134442,0.0,0.01291140818844457,0.013071012455827547,0.009644052823938445,1649,5893504.0
full-mixed-06,U_STRONG,LEGACY_DIRECTED_LINK,64,6512321920,90090,0.0,0.00865197455926186,0.008758925872456557,0.006462509624284823,1105,5893504.0
full-mixed-06,U_STRONG,LEGACY_DIRECTED_LINK,128,12924454272,178794,0.0,0.008585420908843634,0.008691549519629634,0.006412798011818424,2193,5893504.0
full-mixed-06,U_STRONG,SHARED_NIC,1,12824264704,177408,57944.715383367584,0.061304120376370806,0.06206193076214935,0.045790526223462545,2176,5893504.0
full-mixed-06,U_STRONG,SHARED_NIC,8,12122937728,167706,112177.29449726146,0.3414231178744837,0.3456436169711463,0.25502273152839944,2057,5893504.0
full-mixed-06,U_STRONG,SHARED_NIC,32,9718388096,134442,98304.83523492116,0.29745936964522635,0.3011364112254715,0.22218443038625577,1649,5893504.0
full-mixed-06,U_STRONG,SHARED_NIC,64,6512321920,90090,68034.108565348,0.19986151496759103,0.20233210146047237,0.14928464654574702,1105,5893504.0
full-mixed-06,U_STRONG,SHARED_NIC,128,12924454272,178794,133892.54891611054,0.19859503250576407,0.20104996338598766,0.14833865958722262,2193,5893504.0
