inventory_id,arm,network_mode,concurrency,layer_id,logical_group_id,primary_node,alternate_node,selected_primary_count,selected_alternate_count,alternate_selection_rate
coarse-friendly-01,FLEX_FREE,SHARED_NIC,1,5,0,coarse-013,coarse-029,640,0,0.0
coarse-friendly-01,FLEX_FREE,SHARED_NIC,1,5,1,coarse-027,coarse-013,512,128,0.2
coarse-friendly-01,FLEX_FREE,SHARED_NIC,1,5,2,coarse-008,coarse-013,512,128,0.2
coarse-friendly-01,FLEX_FREE,SHARED_NIC,1,5,3,coarse-026,coarse-029,512,128,0.2
coarse-friendly-01,FLEX_FREE,SHARED_NIC,1,5,4,coarse-037,coarse-029,640,0,0.0
coarse-friendly-01,FLEX_FREE,SHARED_NIC,1,5,5,coarse-039,coarse-029,640,0,0.0
coarse-friendly-01,FLEX_FREE,SHARED_NIC,1,5,6,coarse-017,coarse-045,640,0,0.0
coarse-friendly-01,FLEX_FREE,SHARED_NIC,1,5,7,coarse-018,coarse-045,384,256,0.4
coarse-friendly-01,FLEX_FREE,SHARED_NIC,8,5,0,coarse-013,coarse-029,422,183,0.30247933884297523
coarse-friendly-01,FLEX_FREE,SHARED_NIC,8,5,1,coarse-027,coarse-013,358,247,0.40826446280991735
coarse-friendly-01,FLEX_FREE,SHARED_NIC,8,5,2,coarse-008,coarse-013,453,152,0.2512396694214876
coarse-friendly-01,FLEX_FREE,SHARED_NIC,8,5,3,coarse-026,coarse-029,471,134,0.22148760330578512
coarse-friendly-01,FLEX_FREE,SHARED_NIC,8,5,4,coarse-037,coarse-029,471,134,0.22148760330578512
coarse-friendly-01,FLEX_FREE,SHARED_NIC,8,5,5,coarse-039,coarse-029,448,157,0.25950413223140495
coarse-friendly-01,FLEX_FREE,SHARED_NIC,8,5,6,coarse-017,coarse-045,467,138,0.228099173553719
coarse-friendly-01,FLEX_FREE,SHARED_NIC,8,5,7,coarse-018,coarse-045,418,187,0.3090909090909091
coarse-friendly-01,FLEX_FREE,SHARED_NIC,32,5,0,coarse-013,coarse-029,340,145,0.29896907216494845
coarse-friendly-01,FLEX_FREE,SHARED_NIC,32,5,1,coarse-027,coarse-013,282,203,0.41855670103092785
coarse-friendly-01,FLEX_FREE,SHARED_NIC,32,5,2,coarse-008,coarse-013,372,113,0.2329896907216495
coarse-friendly-01,FLEX_FREE,SHARED_NIC,32,5,3,coarse-026,coarse-029,378,107,0.22061855670103092
coarse-friendly-01,FLEX_FREE,SHARED_NIC,32,5,4,coarse-037,coarse-029,390,95,0.1958762886597938
coarse-friendly-01,FLEX_FREE,SHARED_NIC,32,5,5,coarse-039,coarse-029,377,108,0.22268041237113403
coarse-friendly-01,FLEX_FREE,SHARED_NIC,32,5,6,coarse-017,coarse-045,371,114,0.23505154639175257
coarse-friendly-01,FLEX_FREE,SHARED_NIC,32,5,7,coarse-018,coarse-045,342,143,0.2948453608247423
coarse-friendly-01,FLEX_FREE,SHARED_NIC,64,5,0,coarse-013,coarse-029,229,96,0.2953846153846154
coarse-friendly-01,FLEX_FREE,SHARED_NIC,64,5,1,coarse-027,coarse-013,195,130,0.4
coarse-friendly-01,FLEX_FREE,SHARED_NIC,64,5,2,coarse-008,coarse-013,246,79,0.24307692307692308
coarse-friendly-01,FLEX_FREE,SHARED_NIC,64,5,3,coarse-026,coarse-029,249,76,0.23384615384615384
coarse-friendly-01,FLEX_FREE,SHARED_NIC,64,5,4,coarse-037,coarse-029,265,60,0.18461538461538463
coarse-friendly-01,FLEX_FREE,SHARED_NIC,64,5,5,coarse-039,coarse-029,246,79,0.24307692307692308
coarse-friendly-01,FLEX_FREE,SHARED_NIC,64,5,6,coarse-017,coarse-045,246,79,0.24307692307692308
coarse-friendly-01,FLEX_FREE,SHARED_NIC,64,5,7,coarse-018,coarse-045,230,95,0.2923076923076923
coarse-friendly-01,FLEX_FREE,SHARED_NIC,128,5,0,coarse-013,coarse-029,454,191,0.2961240310077519
coarse-friendly-01,FLEX_FREE,SHARED_NIC,128,5,1,coarse-027,coarse-013,366,279,0.4325581395348837
coarse-friendly-01,FLEX_FREE,SHARED_NIC,128,5,2,coarse-008,coarse-013,480,165,0.2558139534883721
coarse-friendly-01,FLEX_FREE,SHARED_NIC,128,5,3,coarse-026,coarse-029,486,159,0.24651162790697675
coarse-friendly-01,FLEX_FREE,SHARED_NIC,128,5,4,coarse-037,coarse-029,503,142,0.22015503875968992
coarse-friendly-01,FLEX_FREE,SHARED_NIC,128,5,5,coarse-039,coarse-029,497,148,0.22945736434108527
coarse-friendly-01,FLEX_FREE,SHARED_NIC,128,5,6,coarse-017,coarse-045,500,145,0.2248062015503876
coarse-friendly-01,FLEX_FREE,SHARED_NIC,128,5,7,coarse-018,coarse-045,446,199,0.3085271317829457
coarse-friendly-01,FLEX_POOL,LEGACY_DIRECTED_LINK,1,1,0,coarse-008,coarse-019,640,0,0.0
coarse-friendly-01,FLEX_POOL,LEGACY_DIRECTED_LINK,1,1,5,coarse-027,coarse-019,640,0,0.0
coarse-friendly-01,FLEX_POOL,LEGACY_DIRECTED_LINK,1,2,0,coarse-005,coarse-045,640,0,0.0
coarse-friendly-01,FLEX_POOL,LEGACY_DIRECTED_LINK,1,2,1,coarse-027,coarse-005,640,0,0.0
coarse-friendly-01,FLEX_POOL,LEGACY_DIRECTED_LINK,1,12,0,coarse-007,coarse-014,128,512,0.8
coarse-friendly-01,FLEX_POOL,LEGACY_DIRECTED_LINK,1,12,1,coarse-013,coarse-014,640,0,0.0
coarse-friendly-01,FLEX_POOL,LEGACY_DIRECTED_LINK,1,12,2,coarse-047,coarse-014,640,0,0.0
coarse-friendly-01,FLEX_POOL,LEGACY_DIRECTED_LINK,1,12,3,coarse-045,coarse-014,640,0,0.0
coarse-friendly-01,FLEX_POOL,LEGACY_DIRECTED_LINK,1,12,4,coarse-027,coarse-014,640,0,0.0
coarse-friendly-01,FLEX_POOL,LEGACY_DIRECTED_LINK,1,12,5,coarse-005,coarse-014,640,0,0.0
coarse-friendly-01,FLEX_POOL,LEGACY_DIRECTED_LINK,1,12,6,coarse-017,coarse-014,640,0,0.0
coarse-friendly-01,FLEX_POOL,LEGACY_DIRECTED_LINK,1,12,7,coarse-044,coarse-014,640,0,0.0
coarse-friendly-01,FLEX_POOL,LEGACY_DIRECTED_LINK,8,1,0,coarse-008,coarse-019,605,0,0.0
coarse-friendly-01,FLEX_POOL,LEGACY_DIRECTED_LINK,8,1,5,coarse-027,coarse-019,605,0,0.0
coarse-friendly-01,FLEX_POOL,LEGACY_DIRECTED_LINK,8,2,0,coarse-005,coarse-045,605,0,0.0
coarse-friendly-01,FLEX_POOL,LEGACY_DIRECTED_LINK,8,2,1,coarse-027,coarse-005,605,0,0.0
coarse-friendly-01,FLEX_POOL,LEGACY_DIRECTED_LINK,8,12,0,coarse-007,coarse-014,121,484,0.8
coarse-friendly-01,FLEX_POOL,LEGACY_DIRECTED_LINK,8,12,1,coarse-013,coarse-014,605,0,0.0
coarse-friendly-01,FLEX_POOL,LEGACY_DIRECTED_LINK,8,12,2,coarse-047,coarse-014,605,0,0.0
coarse-friendly-01,FLEX_POOL,LEGACY_DIRECTED_LINK,8,12,3,coarse-045,coarse-014,605,0,0.0
coarse-friendly-01,FLEX_POOL,LEGACY_DIRECTED_LINK,8,12,4,coarse-027,coarse-014,605,0,0.0
coarse-friendly-01,FLEX_POOL,LEGACY_DIRECTED_LINK,8,12,5,coarse-005,coarse-014,605,0,0.0
coarse-friendly-01,FLEX_POOL,LEGACY_DIRECTED_LINK,8,12,6,coarse-017,coarse-014,605,0,0.0
coarse-friendly-01,FLEX_POOL,LEGACY_DIRECTED_LINK,8,12,7,coarse-044,coarse-014,605,0,0.0
coarse-friendly-01,FLEX_POOL,LEGACY_DIRECTED_LINK,32,1,0,coarse-008,coarse-019,485,0,0.0
coarse-friendly-01,FLEX_POOL,LEGACY_DIRECTED_LINK,32,1,5,coarse-027,coarse-019,485,0,0.0
coarse-friendly-01,FLEX_POOL,LEGACY_DIRECTED_LINK,32,2,0,coarse-005,coarse-045,485,0,0.0
coarse-friendly-01,FLEX_POOL,LEGACY_DIRECTED_LINK,32,2,1,coarse-027,coarse-005,485,0,0.0
coarse-friendly-01,FLEX_POOL,LEGACY_DIRECTED_LINK,32,12,0,coarse-007,coarse-014,97,388,0.8
coarse-friendly-01,FLEX_POOL,LEGACY_DIRECTED_LINK,32,12,1,coarse-013,coarse-014,485,0,0.0
coarse-friendly-01,FLEX_POOL,LEGACY_DIRECTED_LINK,32,12,2,coarse-047,coarse-014,485,0,0.0
coarse-friendly-01,FLEX_POOL,LEGACY_DIRECTED_LINK,32,12,3,coarse-045,coarse-014,485,0,0.0
coarse-friendly-01,FLEX_POOL,LEGACY_DIRECTED_LINK,32,12,4,coarse-027,coarse-014,485,0,0.0
coarse-friendly-01,FLEX_POOL,LEGACY_DIRECTED_LINK,32,12,5,coarse-005,coarse-014,485,0,0.0
coarse-friendly-01,FLEX_POOL,LEGACY_DIRECTED_LINK,32,12,6,coarse-017,coarse-014,485,0,0.0
coarse-friendly-01,FLEX_POOL,LEGACY_DIRECTED_LINK,32,12,7,coarse-044,coarse-014,485,0,0.0
coarse-friendly-01,FLEX_POOL,LEGACY_DIRECTED_LINK,64,1,0,coarse-008,coarse-019,325,0,0.0
coarse-friendly-01,FLEX_POOL,LEGACY_DIRECTED_LINK,64,1,5,coarse-027,coarse-019,325,0,0.0
coarse-friendly-01,FLEX_POOL,LEGACY_DIRECTED_LINK,64,2,0,coarse-005,coarse-045,325,0,0.0
coarse-friendly-01,FLEX_POOL,LEGACY_DIRECTED_LINK,64,2,1,coarse-027,coarse-005,325,0,0.0
coarse-friendly-01,FLEX_POOL,LEGACY_DIRECTED_LINK,64,12,0,coarse-007,coarse-014,65,260,0.8
coarse-friendly-01,FLEX_POOL,LEGACY_DIRECTED_LINK,64,12,1,coarse-013,coarse-014,325,0,0.0
coarse-friendly-01,FLEX_POOL,LEGACY_DIRECTED_LINK,64,12,2,coarse-047,coarse-014,325,0,0.0
coarse-friendly-01,FLEX_POOL,LEGACY_DIRECTED_LINK,64,12,3,coarse-045,coarse-014,325,0,0.0
coarse-friendly-01,FLEX_POOL,LEGACY_DIRECTED_LINK,64,12,4,coarse-027,coarse-014,325,0,0.0
coarse-friendly-01,FLEX_POOL,LEGACY_DIRECTED_LINK,64,12,5,coarse-005,coarse-014,325,0,0.0
coarse-friendly-01,FLEX_POOL,LEGACY_DIRECTED_LINK,64,12,6,coarse-017,coarse-014,325,0,0.0
coarse-friendly-01,FLEX_POOL,LEGACY_DIRECTED_LINK,64,12,7,coarse-044,coarse-014,325,0,0.0
coarse-friendly-01,FLEX_POOL,LEGACY_DIRECTED_LINK,128,1,0,coarse-008,coarse-019,645,0,0.0
coarse-friendly-01,FLEX_POOL,LEGACY_DIRECTED_LINK,128,1,5,coarse-027,coarse-019,645,0,0.0
coarse-friendly-01,FLEX_POOL,LEGACY_DIRECTED_LINK,128,2,0,coarse-005,coarse-045,645,0,0.0
coarse-friendly-01,FLEX_POOL,LEGACY_DIRECTED_LINK,128,2,1,coarse-027,coarse-005,645,0,0.0
coarse-friendly-01,FLEX_POOL,LEGACY_DIRECTED_LINK,128,12,0,coarse-007,coarse-014,129,516,0.8
coarse-friendly-01,FLEX_POOL,LEGACY_DIRECTED_LINK,128,12,1,coarse-013,coarse-014,645,0,0.0
coarse-friendly-01,FLEX_POOL,LEGACY_DIRECTED_LINK,128,12,2,coarse-047,coarse-014,645,0,0.0
coarse-friendly-01,FLEX_POOL,LEGACY_DIRECTED_LINK,128,12,3,coarse-045,coarse-014,645,0,0.0
coarse-friendly-01,FLEX_POOL,LEGACY_DIRECTED_LINK,128,12,4,coarse-027,coarse-014,645,0,0.0
coarse-friendly-01,FLEX_POOL,LEGACY_DIRECTED_LINK,128,12,5,coarse-005,coarse-014,645,0,0.0
coarse-friendly-01,FLEX_POOL,LEGACY_DIRECTED_LINK,128,12,6,coarse-017,coarse-014,645,0,0.0
coarse-friendly-01,FLEX_POOL,LEGACY_DIRECTED_LINK,128,12,7,coarse-044,coarse-014,645,0,0.0
coarse-friendly-01,FLEX_POOL,SHARED_NIC,1,1,0,coarse-008,coarse-019,640,0,0.0
coarse-friendly-01,FLEX_POOL,SHARED_NIC,1,1,5,coarse-027,coarse-019,640,0,0.0
coarse-friendly-01,FLEX_POOL,SHARED_NIC,1,2,0,coarse-005,coarse-045,512,128,0.2
coarse-friendly-01,FLEX_POOL,SHARED_NIC,1,2,1,coarse-027,coarse-005,384,256,0.4
coarse-friendly-01,FLEX_POOL,SHARED_NIC,1,12,0,coarse-007,coarse-014,640,0,0.0
coarse-friendly-01,FLEX_POOL,SHARED_NIC,1,12,1,coarse-013,coarse-014,640,0,0.0
coarse-friendly-01,FLEX_POOL,SHARED_NIC,1,12,2,coarse-047,coarse-014,640,0,0.0
coarse-friendly-01,FLEX_POOL,SHARED_NIC,1,12,3,coarse-045,coarse-014,640,0,0.0
coarse-friendly-01,FLEX_POOL,SHARED_NIC,1,12,4,coarse-027,coarse-014,640,0,0.0
coarse-friendly-01,FLEX_POOL,SHARED_NIC,1,12,5,coarse-005,coarse-014,640,0,0.0
coarse-friendly-01,FLEX_POOL,SHARED_NIC,1,12,6,coarse-017,coarse-014,512,128,0.2
coarse-friendly-01,FLEX_POOL,SHARED_NIC,1,12,7,coarse-044,coarse-014,640,0,0.0
coarse-friendly-01,FLEX_POOL,SHARED_NIC,8,1,0,coarse-008,coarse-019,320,285,0.47107438016528924
coarse-friendly-01,FLEX_POOL,SHARED_NIC,8,1,5,coarse-027,coarse-019,237,368,0.6082644628099173
coarse-friendly-01,FLEX_POOL,SHARED_NIC,8,2,0,coarse-005,coarse-045,265,340,0.5619834710743802
coarse-friendly-01,FLEX_POOL,SHARED_NIC,8,2,1,coarse-027,coarse-005,364,241,0.39834710743801655
coarse-friendly-01,FLEX_POOL,SHARED_NIC,8,12,0,coarse-007,coarse-014,524,81,0.13388429752066117
coarse-friendly-01,FLEX_POOL,SHARED_NIC,8,12,1,coarse-013,coarse-014,554,51,0.08429752066115702
coarse-friendly-01,FLEX_POOL,SHARED_NIC,8,12,2,coarse-047,coarse-014,467,138,0.228099173553719
coarse-friendly-01,FLEX_POOL,SHARED_NIC,8,12,3,coarse-045,coarse-014,470,135,0.2231404958677686
coarse-friendly-01,FLEX_POOL,SHARED_NIC,8,12,4,coarse-027,coarse-014,442,163,0.2694214876033058
coarse-friendly-01,FLEX_POOL,SHARED_NIC,8,12,5,coarse-005,coarse-014,523,82,0.13553719008264462
coarse-friendly-01,FLEX_POOL,SHARED_NIC,8,12,6,coarse-017,coarse-014,454,151,0.24958677685950414
coarse-friendly-01,FLEX_POOL,SHARED_NIC,8,12,7,coarse-044,coarse-014,435,170,0.2809917355371901
coarse-friendly-01,FLEX_POOL,SHARED_NIC,32,1,0,coarse-008,coarse-019,247,238,0.49072164948453606
coarse-friendly-01,FLEX_POOL,SHARED_NIC,32,1,5,coarse-027,coarse-019,198,287,0.5917525773195876
coarse-friendly-01,FLEX_POOL,SHARED_NIC,32,2,0,coarse-005,coarse-045,191,294,0.6061855670103092
coarse-friendly-01,FLEX_POOL,SHARED_NIC,32,2,1,coarse-027,coarse-005,293,192,0.3958762886597938
coarse-friendly-01,FLEX_POOL,SHARED_NIC,32,12,0,coarse-007,coarse-014,411,74,0.15257731958762888
coarse-friendly-01,FLEX_POOL,SHARED_NIC,32,12,1,coarse-013,coarse-014,439,46,0.09484536082474226
coarse-friendly-01,FLEX_POOL,SHARED_NIC,32,12,2,coarse-047,coarse-014,380,105,0.21649484536082475
coarse-friendly-01,FLEX_POOL,SHARED_NIC,32,12,3,coarse-045,coarse-014,378,107,0.22061855670103092
coarse-friendly-01,FLEX_POOL,SHARED_NIC,32,12,4,coarse-027,coarse-014,366,119,0.24536082474226803
coarse-friendly-01,FLEX_POOL,SHARED_NIC,32,12,5,coarse-005,coarse-014,426,59,0.12164948453608247
coarse-friendly-01,FLEX_POOL,SHARED_NIC,32,12,6,coarse-017,coarse-014,368,117,0.24123711340206186
coarse-friendly-01,FLEX_POOL,SHARED_NIC,32,12,7,coarse-044,coarse-014,338,147,0.3030927835051546
coarse-friendly-01,FLEX_POOL,SHARED_NIC,64,1,0,coarse-008,coarse-019,174,151,0.4646153846153846
coarse-friendly-01,FLEX_POOL,SHARED_NIC,64,1,5,coarse-027,coarse-019,124,201,0.6184615384615385
coarse-friendly-01,FLEX_POOL,SHARED_NIC,64,2,0,coarse-005,coarse-045,135,190,0.5846153846153846
coarse-friendly-01,FLEX_POOL,SHARED_NIC,64,2,1,coarse-027,coarse-005,199,126,0.38769230769230767
coarse-friendly-01,FLEX_POOL,SHARED_NIC,64,12,0,coarse-007,coarse-014,288,37,0.11384615384615385
coarse-friendly-01,FLEX_POOL,SHARED_NIC,64,12,1,coarse-013,coarse-014,289,36,0.11076923076923077
coarse-friendly-01,FLEX_POOL,SHARED_NIC,64,12,2,coarse-047,coarse-014,254,71,0.21846153846153846
coarse-friendly-01,FLEX_POOL,SHARED_NIC,64,12,3,coarse-045,coarse-014,273,52,0.16
coarse-friendly-01,FLEX_POOL,SHARED_NIC,64,12,4,coarse-027,coarse-014,255,70,0.2153846153846154
coarse-friendly-01,FLEX_POOL,SHARED_NIC,64,12,5,coarse-005,coarse-014,290,35,0.1076923076923077
coarse-friendly-01,FLEX_POOL,SHARED_NIC,64,12,6,coarse-017,coarse-014,241,84,0.25846153846153846
coarse-friendly-01,FLEX_POOL,SHARED_NIC,64,12,7,coarse-044,coarse-014,227,98,0.30153846153846153
coarse-friendly-01,FLEX_POOL,SHARED_NIC,128,1,0,coarse-008,coarse-019,357,288,0.44651162790697674
coarse-friendly-01,FLEX_POOL,SHARED_NIC,128,1,5,coarse-027,coarse-019,261,384,0.5953488372093023
coarse-friendly-01,FLEX_POOL,SHARED_NIC,128,2,0,coarse-005,coarse-045,237,408,0.6325581395348837
coarse-friendly-01,FLEX_POOL,SHARED_NIC,128,2,1,coarse-027,coarse-005,398,247,0.3829457364341085
coarse-friendly-01,FLEX_POOL,SHARED_NIC,128,12,0,coarse-007,coarse-014,567,78,0.12093023255813953
coarse-friendly-01,FLEX_POOL,SHARED_NIC,128,12,1,coarse-013,coarse-014,592,53,0.08217054263565891
coarse-friendly-01,FLEX_POOL,SHARED_NIC,128,12,2,coarse-047,coarse-014,506,139,0.21550387596899226
coarse-friendly-01,FLEX_POOL,SHARED_NIC,128,12,3,coarse-045,coarse-014,501,144,0.22325581395348837
coarse-friendly-01,FLEX_POOL,SHARED_NIC,128,12,4,coarse-027,coarse-014,483,162,0.25116279069767444
coarse-friendly-01,FLEX_POOL,SHARED_NIC,128,12,5,coarse-005,coarse-014,552,93,0.14418604651162792
coarse-friendly-01,FLEX_POOL,SHARED_NIC,128,12,6,coarse-017,coarse-014,497,148,0.22945736434108527
coarse-friendly-01,FLEX_POOL,SHARED_NIC,128,12,7,coarse-044,coarse-014,475,170,0.26356589147286824
coarse-friendly-02,FLEX_FREE,SHARED_NIC,1,2,0,coarse-000,coarse-004,640,0,0.0
coarse-friendly-02,FLEX_FREE,SHARED_NIC,1,2,1,coarse-007,coarse-004,512,128,0.2
coarse-friendly-02,FLEX_FREE,SHARED_NIC,1,2,2,coarse-018,coarse-004,512,128,0.2
coarse-friendly-02,FLEX_FREE,SHARED_NIC,1,2,3,coarse-037,coarse-004,640,0,0.0
coarse-friendly-02,FLEX_FREE,SHARED_NIC,1,2,4,coarse-038,coarse-004,640,0,0.0
coarse-friendly-02,FLEX_FREE,SHARED_NIC,1,2,5,coarse-039,coarse-004,640,0,0.0
coarse-friendly-02,FLEX_FREE,SHARED_NIC,1,2,6,coarse-047,coarse-004,640,0,0.0
coarse-friendly-02,FLEX_FREE,SHARED_NIC,1,2,7,coarse-035,coarse-004,640,0,0.0
coarse-friendly-02,FLEX_FREE,SHARED_NIC,8,2,0,coarse-000,coarse-004,571,34,0.05619834710743802
coarse-friendly-02,FLEX_FREE,SHARED_NIC,8,2,1,coarse-007,coarse-004,421,184,0.30413223140495865
coarse-friendly-02,FLEX_FREE,SHARED_NIC,8,2,2,coarse-018,coarse-004,484,121,0.2
coarse-friendly-02,FLEX_FREE,SHARED_NIC,8,2,3,coarse-037,coarse-004,456,149,0.2462809917355372
coarse-friendly-02,FLEX_FREE,SHARED_NIC,8,2,4,coarse-038,coarse-004,488,117,0.1933884297520661
coarse-friendly-02,FLEX_FREE,SHARED_NIC,8,2,5,coarse-039,coarse-004,493,112,0.18512396694214875
coarse-friendly-02,FLEX_FREE,SHARED_NIC,8,2,6,coarse-047,coarse-004,489,116,0.19173553719008266
coarse-friendly-02,FLEX_FREE,SHARED_NIC,8,2,7,coarse-035,coarse-004,455,150,0.24793388429752067
coarse-friendly-02,FLEX_FREE,SHARED_NIC,32,2,0,coarse-000,coarse-004,453,32,0.06597938144329897
coarse-friendly-02,FLEX_FREE,SHARED_NIC,32,2,1,coarse-007,coarse-004,346,139,0.2865979381443299
coarse-friendly-02,FLEX_FREE,SHARED_NIC,32,2,2,coarse-018,coarse-004,386,99,0.20412371134020618
coarse-friendly-02,FLEX_FREE,SHARED_NIC,32,2,3,coarse-037,coarse-004,354,131,0.27010309278350514
coarse-friendly-02,FLEX_FREE,SHARED_NIC,32,2,4,coarse-038,coarse-004,396,89,0.18350515463917524
coarse-friendly-02,FLEX_FREE,SHARED_NIC,32,2,5,coarse-039,coarse-004,396,89,0.18350515463917524
coarse-friendly-02,FLEX_FREE,SHARED_NIC,32,2,6,coarse-047,coarse-004,400,85,0.17525773195876287
coarse-friendly-02,FLEX_FREE,SHARED_NIC,32,2,7,coarse-035,coarse-004,373,112,0.2309278350515464
coarse-friendly-02,FLEX_FREE,SHARED_NIC,64,2,0,coarse-000,coarse-004,301,24,0.07384615384615385
coarse-friendly-02,FLEX_FREE,SHARED_NIC,64,2,1,coarse-007,coarse-004,230,95,0.2923076923076923
coarse-friendly-02,FLEX_FREE,SHARED_NIC,64,2,2,coarse-018,coarse-004,269,56,0.1723076923076923
coarse-friendly-02,FLEX_FREE,SHARED_NIC,64,2,3,coarse-037,coarse-004,237,88,0.27076923076923076
coarse-friendly-02,FLEX_FREE,SHARED_NIC,64,2,4,coarse-038,coarse-004,270,55,0.16923076923076924
coarse-friendly-02,FLEX_FREE,SHARED_NIC,64,2,5,coarse-039,coarse-004,274,51,0.15692307692307692
coarse-friendly-02,FLEX_FREE,SHARED_NIC,64,2,6,coarse-047,coarse-004,260,65,0.2
coarse-friendly-02,FLEX_FREE,SHARED_NIC,64,2,7,coarse-035,coarse-004,253,72,0.22153846153846155
coarse-friendly-02,FLEX_FREE,SHARED_NIC,128,2,0,coarse-000,coarse-004,602,43,0.06666666666666667
coarse-friendly-02,FLEX_FREE,SHARED_NIC,128,2,1,coarse-007,coarse-004,478,167,0.2589147286821705
coarse-friendly-02,FLEX_FREE,SHARED_NIC,128,2,2,coarse-018,coarse-004,511,134,0.20775193798449612
coarse-friendly-02,FLEX_FREE,SHARED_NIC,128,2,3,coarse-037,coarse-004,485,160,0.24806201550387597
coarse-friendly-02,FLEX_FREE,SHARED_NIC,128,2,4,coarse-038,coarse-004,535,110,0.17054263565891473
coarse-friendly-02,FLEX_FREE,SHARED_NIC,128,2,5,coarse-039,coarse-004,527,118,0.18294573643410852
coarse-friendly-02,FLEX_FREE,SHARED_NIC,128,2,6,coarse-047,coarse-004,504,141,0.2186046511627907
coarse-friendly-02,FLEX_FREE,SHARED_NIC,128,2,7,coarse-035,coarse-004,501,144,0.22325581395348837
coarse-friendly-02,FLEX_POOL,LEGACY_DIRECTED_LINK,1,2,0,coarse-000,coarse-004,640,0,0.0
coarse-friendly-02,FLEX_POOL,LEGACY_DIRECTED_LINK,1,2,1,coarse-007,coarse-004,640,0,0.0
coarse-friendly-02,FLEX_POOL,LEGACY_DIRECTED_LINK,1,2,2,coarse-018,coarse-004,640,0,0.0
coarse-friendly-02,FLEX_POOL,LEGACY_DIRECTED_LINK,1,2,3,coarse-037,coarse-004,640,0,0.0
coarse-friendly-02,FLEX_POOL,LEGACY_DIRECTED_LINK,1,2,4,coarse-038,coarse-004,640,0,0.0
coarse-friendly-02,FLEX_POOL,LEGACY_DIRECTED_LINK,1,2,5,coarse-039,coarse-004,640,0,0.0
coarse-friendly-02,FLEX_POOL,LEGACY_DIRECTED_LINK,1,2,6,coarse-047,coarse-004,640,0,0.0
coarse-friendly-02,FLEX_POOL,LEGACY_DIRECTED_LINK,1,2,7,coarse-035,coarse-004,640,0,0.0
coarse-friendly-02,FLEX_POOL,LEGACY_DIRECTED_LINK,8,2,0,coarse-000,coarse-004,605,0,0.0
coarse-friendly-02,FLEX_POOL,LEGACY_DIRECTED_LINK,8,2,1,coarse-007,coarse-004,605,0,0.0
coarse-friendly-02,FLEX_POOL,LEGACY_DIRECTED_LINK,8,2,2,coarse-018,coarse-004,605,0,0.0
coarse-friendly-02,FLEX_POOL,LEGACY_DIRECTED_LINK,8,2,3,coarse-037,coarse-004,605,0,0.0
coarse-friendly-02,FLEX_POOL,LEGACY_DIRECTED_LINK,8,2,4,coarse-038,coarse-004,605,0,0.0
coarse-friendly-02,FLEX_POOL,LEGACY_DIRECTED_LINK,8,2,5,coarse-039,coarse-004,605,0,0.0
coarse-friendly-02,FLEX_POOL,LEGACY_DIRECTED_LINK,8,2,6,coarse-047,coarse-004,605,0,0.0
coarse-friendly-02,FLEX_POOL,LEGACY_DIRECTED_LINK,8,2,7,coarse-035,coarse-004,605,0,0.0
coarse-friendly-02,FLEX_POOL,LEGACY_DIRECTED_LINK,32,2,0,coarse-000,coarse-004,485,0,0.0
coarse-friendly-02,FLEX_POOL,LEGACY_DIRECTED_LINK,32,2,1,coarse-007,coarse-004,485,0,0.0
coarse-friendly-02,FLEX_POOL,LEGACY_DIRECTED_LINK,32,2,2,coarse-018,coarse-004,485,0,0.0
coarse-friendly-02,FLEX_POOL,LEGACY_DIRECTED_LINK,32,2,3,coarse-037,coarse-004,485,0,0.0
coarse-friendly-02,FLEX_POOL,LEGACY_DIRECTED_LINK,32,2,4,coarse-038,coarse-004,485,0,0.0
coarse-friendly-02,FLEX_POOL,LEGACY_DIRECTED_LINK,32,2,5,coarse-039,coarse-004,485,0,0.0
coarse-friendly-02,FLEX_POOL,LEGACY_DIRECTED_LINK,32,2,6,coarse-047,coarse-004,485,0,0.0
coarse-friendly-02,FLEX_POOL,LEGACY_DIRECTED_LINK,32,2,7,coarse-035,coarse-004,485,0,0.0
coarse-friendly-02,FLEX_POOL,LEGACY_DIRECTED_LINK,64,2,0,coarse-000,coarse-004,325,0,0.0
coarse-friendly-02,FLEX_POOL,LEGACY_DIRECTED_LINK,64,2,1,coarse-007,coarse-004,325,0,0.0
coarse-friendly-02,FLEX_POOL,LEGACY_DIRECTED_LINK,64,2,2,coarse-018,coarse-004,325,0,0.0
coarse-friendly-02,FLEX_POOL,LEGACY_DIRECTED_LINK,64,2,3,coarse-037,coarse-004,325,0,0.0
coarse-friendly-02,FLEX_POOL,LEGACY_DIRECTED_LINK,64,2,4,coarse-038,coarse-004,325,0,0.0
coarse-friendly-02,FLEX_POOL,LEGACY_DIRECTED_LINK,64,2,5,coarse-039,coarse-004,325,0,0.0
coarse-friendly-02,FLEX_POOL,LEGACY_DIRECTED_LINK,64,2,6,coarse-047,coarse-004,325,0,0.0
coarse-friendly-02,FLEX_POOL,LEGACY_DIRECTED_LINK,64,2,7,coarse-035,coarse-004,325,0,0.0
coarse-friendly-02,FLEX_POOL,LEGACY_DIRECTED_LINK,128,2,0,coarse-000,coarse-004,645,0,0.0
coarse-friendly-02,FLEX_POOL,LEGACY_DIRECTED_LINK,128,2,1,coarse-007,coarse-004,645,0,0.0
coarse-friendly-02,FLEX_POOL,LEGACY_DIRECTED_LINK,128,2,2,coarse-018,coarse-004,645,0,0.0
coarse-friendly-02,FLEX_POOL,LEGACY_DIRECTED_LINK,128,2,3,coarse-037,coarse-004,645,0,0.0
coarse-friendly-02,FLEX_POOL,LEGACY_DIRECTED_LINK,128,2,4,coarse-038,coarse-004,645,0,0.0
coarse-friendly-02,FLEX_POOL,LEGACY_DIRECTED_LINK,128,2,5,coarse-039,coarse-004,645,0,0.0
coarse-friendly-02,FLEX_POOL,LEGACY_DIRECTED_LINK,128,2,6,coarse-047,coarse-004,645,0,0.0
coarse-friendly-02,FLEX_POOL,LEGACY_DIRECTED_LINK,128,2,7,coarse-035,coarse-004,645,0,0.0
coarse-friendly-02,FLEX_POOL,SHARED_NIC,1,2,0,coarse-000,coarse-004,640,0,0.0
coarse-friendly-02,FLEX_POOL,SHARED_NIC,1,2,1,coarse-007,coarse-004,512,128,0.2
coarse-friendly-02,FLEX_POOL,SHARED_NIC,1,2,2,coarse-018,coarse-004,512,128,0.2
coarse-friendly-02,FLEX_POOL,SHARED_NIC,1,2,3,coarse-037,coarse-004,640,0,0.0
coarse-friendly-02,FLEX_POOL,SHARED_NIC,1,2,4,coarse-038,coarse-004,640,0,0.0
coarse-friendly-02,FLEX_POOL,SHARED_NIC,1,2,5,coarse-039,coarse-004,640,0,0.0
coarse-friendly-02,FLEX_POOL,SHARED_NIC,1,2,6,coarse-047,coarse-004,640,0,0.0
coarse-friendly-02,FLEX_POOL,SHARED_NIC,1,2,7,coarse-035,coarse-004,640,0,0.0
coarse-friendly-02,FLEX_POOL,SHARED_NIC,8,2,0,coarse-000,coarse-004,571,34,0.05619834710743802
coarse-friendly-02,FLEX_POOL,SHARED_NIC,8,2,1,coarse-007,coarse-004,421,184,0.30413223140495865
coarse-friendly-02,FLEX_POOL,SHARED_NIC,8,2,2,coarse-018,coarse-004,484,121,0.2
coarse-friendly-02,FLEX_POOL,SHARED_NIC,8,2,3,coarse-037,coarse-004,456,149,0.2462809917355372
coarse-friendly-02,FLEX_POOL,SHARED_NIC,8,2,4,coarse-038,coarse-004,488,117,0.1933884297520661
coarse-friendly-02,FLEX_POOL,SHARED_NIC,8,2,5,coarse-039,coarse-004,493,112,0.18512396694214875
coarse-friendly-02,FLEX_POOL,SHARED_NIC,8,2,6,coarse-047,coarse-004,489,116,0.19173553719008266
coarse-friendly-02,FLEX_POOL,SHARED_NIC,8,2,7,coarse-035,coarse-004,455,150,0.24793388429752067
coarse-friendly-02,FLEX_POOL,SHARED_NIC,32,2,0,coarse-000,coarse-004,453,32,0.06597938144329897
coarse-friendly-02,FLEX_POOL,SHARED_NIC,32,2,1,coarse-007,coarse-004,346,139,0.2865979381443299
coarse-friendly-02,FLEX_POOL,SHARED_NIC,32,2,2,coarse-018,coarse-004,386,99,0.20412371134020618
coarse-friendly-02,FLEX_POOL,SHARED_NIC,32,2,3,coarse-037,coarse-004,354,131,0.27010309278350514
coarse-friendly-02,FLEX_POOL,SHARED_NIC,32,2,4,coarse-038,coarse-004,396,89,0.18350515463917524
coarse-friendly-02,FLEX_POOL,SHARED_NIC,32,2,5,coarse-039,coarse-004,396,89,0.18350515463917524
coarse-friendly-02,FLEX_POOL,SHARED_NIC,32,2,6,coarse-047,coarse-004,400,85,0.17525773195876287
coarse-friendly-02,FLEX_POOL,SHARED_NIC,32,2,7,coarse-035,coarse-004,373,112,0.2309278350515464
coarse-friendly-02,FLEX_POOL,SHARED_NIC,64,2,0,coarse-000,coarse-004,301,24,0.07384615384615385
coarse-friendly-02,FLEX_POOL,SHARED_NIC,64,2,1,coarse-007,coarse-004,230,95,0.2923076923076923
coarse-friendly-02,FLEX_POOL,SHARED_NIC,64,2,2,coarse-018,coarse-004,269,56,0.1723076923076923
coarse-friendly-02,FLEX_POOL,SHARED_NIC,64,2,3,coarse-037,coarse-004,237,88,0.27076923076923076
coarse-friendly-02,FLEX_POOL,SHARED_NIC,64,2,4,coarse-038,coarse-004,270,55,0.16923076923076924
coarse-friendly-02,FLEX_POOL,SHARED_NIC,64,2,5,coarse-039,coarse-004,274,51,0.15692307692307692
coarse-friendly-02,FLEX_POOL,SHARED_NIC,64,2,6,coarse-047,coarse-004,260,65,0.2
coarse-friendly-02,FLEX_POOL,SHARED_NIC,64,2,7,coarse-035,coarse-004,253,72,0.22153846153846155
coarse-friendly-02,FLEX_POOL,SHARED_NIC,128,2,0,coarse-000,coarse-004,602,43,0.06666666666666667
coarse-friendly-02,FLEX_POOL,SHARED_NIC,128,2,1,coarse-007,coarse-004,478,167,0.2589147286821705
coarse-friendly-02,FLEX_POOL,SHARED_NIC,128,2,2,coarse-018,coarse-004,511,134,0.20775193798449612
coarse-friendly-02,FLEX_POOL,SHARED_NIC,128,2,3,coarse-037,coarse-004,485,160,0.24806201550387597
coarse-friendly-02,FLEX_POOL,SHARED_NIC,128,2,4,coarse-038,coarse-004,535,110,0.17054263565891473
coarse-friendly-02,FLEX_POOL,SHARED_NIC,128,2,5,coarse-039,coarse-004,527,118,0.18294573643410852
coarse-friendly-02,FLEX_POOL,SHARED_NIC,128,2,6,coarse-047,coarse-004,504,141,0.2186046511627907
coarse-friendly-02,FLEX_POOL,SHARED_NIC,128,2,7,coarse-035,coarse-004,501,144,0.22325581395348837
coarse-friendly-03,FLEX_POOL,LEGACY_DIRECTED_LINK,1,2,2,coarse-046,coarse-011,640,0,0.0
coarse-friendly-03,FLEX_POOL,LEGACY_DIRECTED_LINK,1,2,5,coarse-038,coarse-011,640,0,0.0
coarse-friendly-03,FLEX_POOL,LEGACY_DIRECTED_LINK,1,8,0,coarse-011,coarse-021,640,0,0.0
coarse-friendly-03,FLEX_POOL,LEGACY_DIRECTED_LINK,1,8,1,coarse-043,coarse-011,640,0,0.0
coarse-friendly-03,FLEX_POOL,LEGACY_DIRECTED_LINK,1,8,2,coarse-007,coarse-011,640,0,0.0
coarse-friendly-03,FLEX_POOL,LEGACY_DIRECTED_LINK,1,8,3,coarse-037,coarse-011,640,0,0.0
coarse-friendly-03,FLEX_POOL,LEGACY_DIRECTED_LINK,1,8,4,coarse-026,coarse-011,640,0,0.0
coarse-friendly-03,FLEX_POOL,LEGACY_DIRECTED_LINK,1,8,5,coarse-009,coarse-011,640,0,0.0
coarse-friendly-03,FLEX_POOL,LEGACY_DIRECTED_LINK,1,8,6,coarse-018,coarse-011,640,0,0.0
coarse-friendly-03,FLEX_POOL,LEGACY_DIRECTED_LINK,1,8,7,coarse-038,coarse-011,640,0,0.0
coarse-friendly-03,FLEX_POOL,LEGACY_DIRECTED_LINK,1,16,1,coarse-039,coarse-033,640,0,0.0
coarse-friendly-03,FLEX_POOL,LEGACY_DIRECTED_LINK,1,16,3,coarse-046,coarse-033,640,0,0.0
coarse-friendly-03,FLEX_POOL,LEGACY_DIRECTED_LINK,1,16,4,coarse-037,coarse-033,640,0,0.0
coarse-friendly-03,FLEX_POOL,LEGACY_DIRECTED_LINK,1,16,5,coarse-024,coarse-033,640,0,0.0
coarse-friendly-03,FLEX_POOL,LEGACY_DIRECTED_LINK,8,2,2,coarse-046,coarse-011,605,0,0.0
coarse-friendly-03,FLEX_POOL,LEGACY_DIRECTED_LINK,8,2,5,coarse-038,coarse-011,605,0,0.0
coarse-friendly-03,FLEX_POOL,LEGACY_DIRECTED_LINK,8,8,0,coarse-011,coarse-021,605,0,0.0
coarse-friendly-03,FLEX_POOL,LEGACY_DIRECTED_LINK,8,8,1,coarse-043,coarse-011,605,0,0.0
coarse-friendly-03,FLEX_POOL,LEGACY_DIRECTED_LINK,8,8,2,coarse-007,coarse-011,605,0,0.0
coarse-friendly-03,FLEX_POOL,LEGACY_DIRECTED_LINK,8,8,3,coarse-037,coarse-011,605,0,0.0
coarse-friendly-03,FLEX_POOL,LEGACY_DIRECTED_LINK,8,8,4,coarse-026,coarse-011,605,0,0.0
coarse-friendly-03,FLEX_POOL,LEGACY_DIRECTED_LINK,8,8,5,coarse-009,coarse-011,605,0,0.0
coarse-friendly-03,FLEX_POOL,LEGACY_DIRECTED_LINK,8,8,6,coarse-018,coarse-011,605,0,0.0
coarse-friendly-03,FLEX_POOL,LEGACY_DIRECTED_LINK,8,8,7,coarse-038,coarse-011,605,0,0.0
coarse-friendly-03,FLEX_POOL,LEGACY_DIRECTED_LINK,8,16,1,coarse-039,coarse-033,605,0,0.0
coarse-friendly-03,FLEX_POOL,LEGACY_DIRECTED_LINK,8,16,3,coarse-046,coarse-033,605,0,0.0
coarse-friendly-03,FLEX_POOL,LEGACY_DIRECTED_LINK,8,16,4,coarse-037,coarse-033,605,0,0.0
coarse-friendly-03,FLEX_POOL,LEGACY_DIRECTED_LINK,8,16,5,coarse-024,coarse-033,605,0,0.0
coarse-friendly-03,FLEX_POOL,LEGACY_DIRECTED_LINK,32,2,2,coarse-046,coarse-011,485,0,0.0
coarse-friendly-03,FLEX_POOL,LEGACY_DIRECTED_LINK,32,2,5,coarse-038,coarse-011,485,0,0.0
coarse-friendly-03,FLEX_POOL,LEGACY_DIRECTED_LINK,32,8,0,coarse-011,coarse-021,485,0,0.0
coarse-friendly-03,FLEX_POOL,LEGACY_DIRECTED_LINK,32,8,1,coarse-043,coarse-011,485,0,0.0
coarse-friendly-03,FLEX_POOL,LEGACY_DIRECTED_LINK,32,8,2,coarse-007,coarse-011,485,0,0.0
coarse-friendly-03,FLEX_POOL,LEGACY_DIRECTED_LINK,32,8,3,coarse-037,coarse-011,485,0,0.0
coarse-friendly-03,FLEX_POOL,LEGACY_DIRECTED_LINK,32,8,4,coarse-026,coarse-011,485,0,0.0
coarse-friendly-03,FLEX_POOL,LEGACY_DIRECTED_LINK,32,8,5,coarse-009,coarse-011,485,0,0.0
coarse-friendly-03,FLEX_POOL,LEGACY_DIRECTED_LINK,32,8,6,coarse-018,coarse-011,485,0,0.0
coarse-friendly-03,FLEX_POOL,LEGACY_DIRECTED_LINK,32,8,7,coarse-038,coarse-011,485,0,0.0
coarse-friendly-03,FLEX_POOL,LEGACY_DIRECTED_LINK,32,16,1,coarse-039,coarse-033,485,0,0.0
coarse-friendly-03,FLEX_POOL,LEGACY_DIRECTED_LINK,32,16,3,coarse-046,coarse-033,485,0,0.0
coarse-friendly-03,FLEX_POOL,LEGACY_DIRECTED_LINK,32,16,4,coarse-037,coarse-033,485,0,0.0
coarse-friendly-03,FLEX_POOL,LEGACY_DIRECTED_LINK,32,16,5,coarse-024,coarse-033,485,0,0.0
coarse-friendly-03,FLEX_POOL,LEGACY_DIRECTED_LINK,64,2,2,coarse-046,coarse-011,325,0,0.0
coarse-friendly-03,FLEX_POOL,LEGACY_DIRECTED_LINK,64,2,5,coarse-038,coarse-011,325,0,0.0
coarse-friendly-03,FLEX_POOL,LEGACY_DIRECTED_LINK,64,8,0,coarse-011,coarse-021,325,0,0.0
coarse-friendly-03,FLEX_POOL,LEGACY_DIRECTED_LINK,64,8,1,coarse-043,coarse-011,325,0,0.0
coarse-friendly-03,FLEX_POOL,LEGACY_DIRECTED_LINK,64,8,2,coarse-007,coarse-011,325,0,0.0
coarse-friendly-03,FLEX_POOL,LEGACY_DIRECTED_LINK,64,8,3,coarse-037,coarse-011,325,0,0.0
coarse-friendly-03,FLEX_POOL,LEGACY_DIRECTED_LINK,64,8,4,coarse-026,coarse-011,325,0,0.0
coarse-friendly-03,FLEX_POOL,LEGACY_DIRECTED_LINK,64,8,5,coarse-009,coarse-011,325,0,0.0
coarse-friendly-03,FLEX_POOL,LEGACY_DIRECTED_LINK,64,8,6,coarse-018,coarse-011,325,0,0.0
coarse-friendly-03,FLEX_POOL,LEGACY_DIRECTED_LINK,64,8,7,coarse-038,coarse-011,325,0,0.0
coarse-friendly-03,FLEX_POOL,LEGACY_DIRECTED_LINK,64,16,1,coarse-039,coarse-033,325,0,0.0
coarse-friendly-03,FLEX_POOL,LEGACY_DIRECTED_LINK,64,16,3,coarse-046,coarse-033,325,0,0.0
coarse-friendly-03,FLEX_POOL,LEGACY_DIRECTED_LINK,64,16,4,coarse-037,coarse-033,325,0,0.0
coarse-friendly-03,FLEX_POOL,LEGACY_DIRECTED_LINK,64,16,5,coarse-024,coarse-033,325,0,0.0
coarse-friendly-03,FLEX_POOL,LEGACY_DIRECTED_LINK,128,2,2,coarse-046,coarse-011,645,0,0.0
coarse-friendly-03,FLEX_POOL,LEGACY_DIRECTED_LINK,128,2,5,coarse-038,coarse-011,645,0,0.0
coarse-friendly-03,FLEX_POOL,LEGACY_DIRECTED_LINK,128,8,0,coarse-011,coarse-021,645,0,0.0
coarse-friendly-03,FLEX_POOL,LEGACY_DIRECTED_LINK,128,8,1,coarse-043,coarse-011,645,0,0.0
coarse-friendly-03,FLEX_POOL,LEGACY_DIRECTED_LINK,128,8,2,coarse-007,coarse-011,645,0,0.0
coarse-friendly-03,FLEX_POOL,LEGACY_DIRECTED_LINK,128,8,3,coarse-037,coarse-011,645,0,0.0
coarse-friendly-03,FLEX_POOL,LEGACY_DIRECTED_LINK,128,8,4,coarse-026,coarse-011,645,0,0.0
coarse-friendly-03,FLEX_POOL,LEGACY_DIRECTED_LINK,128,8,5,coarse-009,coarse-011,645,0,0.0
coarse-friendly-03,FLEX_POOL,LEGACY_DIRECTED_LINK,128,8,6,coarse-018,coarse-011,645,0,0.0
coarse-friendly-03,FLEX_POOL,LEGACY_DIRECTED_LINK,128,8,7,coarse-038,coarse-011,645,0,0.0
coarse-friendly-03,FLEX_POOL,LEGACY_DIRECTED_LINK,128,16,1,coarse-039,coarse-033,645,0,0.0
coarse-friendly-03,FLEX_POOL,LEGACY_DIRECTED_LINK,128,16,3,coarse-046,coarse-033,645,0,0.0
coarse-friendly-03,FLEX_POOL,LEGACY_DIRECTED_LINK,128,16,4,coarse-037,coarse-033,645,0,0.0
coarse-friendly-03,FLEX_POOL,LEGACY_DIRECTED_LINK,128,16,5,coarse-024,coarse-033,645,0,0.0
coarse-friendly-03,FLEX_POOL,SHARED_NIC,1,2,2,coarse-046,coarse-011,512,128,0.2
coarse-friendly-03,FLEX_POOL,SHARED_NIC,1,2,5,coarse-038,coarse-011,512,128,0.2
coarse-friendly-03,FLEX_POOL,SHARED_NIC,1,8,0,coarse-011,coarse-021,384,256,0.4
coarse-friendly-03,FLEX_POOL,SHARED_NIC,1,8,1,coarse-043,coarse-011,512,128,0.2
coarse-friendly-03,FLEX_POOL,SHARED_NIC,1,8,2,coarse-007,coarse-011,512,128,0.2
coarse-friendly-03,FLEX_POOL,SHARED_NIC,1,8,3,coarse-037,coarse-011,640,0,0.0
coarse-friendly-03,FLEX_POOL,SHARED_NIC,1,8,4,coarse-026,coarse-011,640,0,0.0
coarse-friendly-03,FLEX_POOL,SHARED_NIC,1,8,5,coarse-009,coarse-011,640,0,0.0
coarse-friendly-03,FLEX_POOL,SHARED_NIC,1,8,6,coarse-018,coarse-011,384,256,0.4
coarse-friendly-03,FLEX_POOL,SHARED_NIC,1,8,7,coarse-038,coarse-011,640,0,0.0
coarse-friendly-03,FLEX_POOL,SHARED_NIC,1,16,1,coarse-039,coarse-033,640,0,0.0
coarse-friendly-03,FLEX_POOL,SHARED_NIC,1,16,3,coarse-046,coarse-033,640,0,0.0
coarse-friendly-03,FLEX_POOL,SHARED_NIC,1,16,4,coarse-037,coarse-033,512,128,0.2
coarse-friendly-03,FLEX_POOL,SHARED_NIC,1,16,5,coarse-024,coarse-033,640,0,0.0
coarse-friendly-03,FLEX_POOL,SHARED_NIC,8,2,2,coarse-046,coarse-011,428,177,0.29256198347107437
coarse-friendly-03,FLEX_POOL,SHARED_NIC,8,2,5,coarse-038,coarse-011,512,93,0.1537190082644628
coarse-friendly-03,FLEX_POOL,SHARED_NIC,8,8,0,coarse-011,coarse-021,219,386,0.6380165289256199
coarse-friendly-03,FLEX_POOL,SHARED_NIC,8,8,1,coarse-043,coarse-011,392,213,0.35206611570247937
coarse-friendly-03,FLEX_POOL,SHARED_NIC,8,8,2,coarse-007,coarse-011,510,95,0.15702479338842976
coarse-friendly-03,FLEX_POOL,SHARED_NIC,8,8,3,coarse-037,coarse-011,332,273,0.4512396694214876
coarse-friendly-03,FLEX_POOL,SHARED_NIC,8,8,4,coarse-026,coarse-011,466,139,0.22975206611570248
coarse-friendly-03,FLEX_POOL,SHARED_NIC,8,8,5,coarse-009,coarse-011,575,30,0.049586776859504134
coarse-friendly-03,FLEX_POOL,SHARED_NIC,8,8,6,coarse-018,coarse-011,451,154,0.2545454545454545
coarse-friendly-03,FLEX_POOL,SHARED_NIC,8,8,7,coarse-038,coarse-011,483,122,0.20165289256198346
coarse-friendly-03,FLEX_POOL,SHARED_NIC,8,16,1,coarse-039,coarse-033,475,130,0.21487603305785125
coarse-friendly-03,FLEX_POOL,SHARED_NIC,8,16,3,coarse-046,coarse-033,487,118,0.19504132231404958
coarse-friendly-03,FLEX_POOL,SHARED_NIC,8,16,4,coarse-037,coarse-033,438,167,0.27603305785123966
coarse-friendly-03,FLEX_POOL,SHARED_NIC,8,16,5,coarse-024,coarse-033,450,155,0.256198347107438
coarse-friendly-03,FLEX_POOL,SHARED_NIC,32,2,2,coarse-046,coarse-011,348,137,0.2824742268041237
coarse-friendly-03,FLEX_POOL,SHARED_NIC,32,2,5,coarse-038,coarse-011,407,78,0.16082474226804125
coarse-friendly-03,FLEX_POOL,SHARED_NIC,32,8,0,coarse-011,coarse-021,162,323,0.6659793814432989
coarse-friendly-03,FLEX_POOL,SHARED_NIC,32,8,1,coarse-043,coarse-011,322,163,0.33608247422680415
coarse-friendly-03,FLEX_POOL,SHARED_NIC,32,8,2,coarse-007,coarse-011,419,66,0.1360824742268041
coarse-friendly-03,FLEX_POOL,SHARED_NIC,32,8,3,coarse-037,coarse-011,256,229,0.47216494845360824
coarse-friendly-03,FLEX_POOL,SHARED_NIC,32,8,4,coarse-026,coarse-011,365,120,0.24742268041237114
coarse-friendly-03,FLEX_POOL,SHARED_NIC,32,8,5,coarse-009,coarse-011,458,27,0.05567010309278351
coarse-friendly-03,FLEX_POOL,SHARED_NIC,32,8,6,coarse-018,coarse-011,348,137,0.2824742268041237
coarse-friendly-03,FLEX_POOL,SHARED_NIC,32,8,7,coarse-038,coarse-011,386,99,0.20412371134020618
coarse-friendly-03,FLEX_POOL,SHARED_NIC,32,16,1,coarse-039,coarse-033,383,102,0.21030927835051547
coarse-friendly-03,FLEX_POOL,SHARED_NIC,32,16,3,coarse-046,coarse-033,377,108,0.22268041237113403
coarse-friendly-03,FLEX_POOL,SHARED_NIC,32,16,4,coarse-037,coarse-033,360,125,0.25773195876288657
coarse-friendly-03,FLEX_POOL,SHARED_NIC,32,16,5,coarse-024,coarse-033,356,129,0.26597938144329897
coarse-friendly-03,FLEX_POOL,SHARED_NIC,64,2,2,coarse-046,coarse-011,239,86,0.26461538461538464
coarse-friendly-03,FLEX_POOL,SHARED_NIC,64,2,5,coarse-038,coarse-011,268,57,0.1753846153846154
coarse-friendly-03,FLEX_POOL,SHARED_NIC,64,8,0,coarse-011,coarse-021,98,227,0.6984615384615385
coarse-friendly-03,FLEX_POOL,SHARED_NIC,64,8,1,coarse-043,coarse-011,210,115,0.35384615384615387
coarse-friendly-03,FLEX_POOL,SHARED_NIC,64,8,2,coarse-007,coarse-011,284,41,0.12615384615384614
coarse-friendly-03,FLEX_POOL,SHARED_NIC,64,8,3,coarse-037,coarse-011,172,153,0.4707692307692308
coarse-friendly-03,FLEX_POOL,SHARED_NIC,64,8,4,coarse-026,coarse-011,258,67,0.20615384615384616
coarse-friendly-03,FLEX_POOL,SHARED_NIC,64,8,5,coarse-009,coarse-011,303,22,0.06769230769230769
coarse-friendly-03,FLEX_POOL,SHARED_NIC,64,8,6,coarse-018,coarse-011,245,80,0.24615384615384617
coarse-friendly-03,FLEX_POOL,SHARED_NIC,64,8,7,coarse-038,coarse-011,260,65,0.2
coarse-friendly-03,FLEX_POOL,SHARED_NIC,64,16,1,coarse-039,coarse-033,246,79,0.24307692307692308
coarse-friendly-03,FLEX_POOL,SHARED_NIC,64,16,3,coarse-046,coarse-033,245,80,0.24615384615384617
coarse-friendly-03,FLEX_POOL,SHARED_NIC,64,16,4,coarse-037,coarse-033,239,86,0.26461538461538464
coarse-friendly-03,FLEX_POOL,SHARED_NIC,64,16,5,coarse-024,coarse-033,237,88,0.27076923076923076
coarse-friendly-03,FLEX_POOL,SHARED_NIC,128,2,2,coarse-046,coarse-011,456,189,0.2930232558139535
coarse-friendly-03,FLEX_POOL,SHARED_NIC,128,2,5,coarse-038,coarse-011,548,97,0.15038759689922482
coarse-friendly-03,FLEX_POOL,SHARED_NIC,128,8,0,coarse-011,coarse-021,221,424,0.6573643410852713
coarse-friendly-03,FLEX_POOL,SHARED_NIC,128,8,1,coarse-043,coarse-011,429,216,0.33488372093023255
coarse-friendly-03,FLEX_POOL,SHARED_NIC,128,8,2,coarse-007,coarse-011,551,94,0.14573643410852713
coarse-friendly-03,FLEX_POOL,SHARED_NIC,128,8,3,coarse-037,coarse-011,352,293,0.4542635658914729
coarse-friendly-03,FLEX_POOL,SHARED_NIC,128,8,4,coarse-026,coarse-011,503,142,0.22015503875968992
coarse-friendly-03,FLEX_POOL,SHARED_NIC,128,8,5,coarse-009,coarse-011,599,46,0.07131782945736434
coarse-friendly-03,FLEX_POOL,SHARED_NIC,128,8,6,coarse-018,coarse-011,477,168,0.26046511627906976
coarse-friendly-03,FLEX_POOL,SHARED_NIC,128,8,7,coarse-038,coarse-011,498,147,0.22790697674418606
coarse-friendly-03,FLEX_POOL,SHARED_NIC,128,16,1,coarse-039,coarse-033,506,139,0.21550387596899226
coarse-friendly-03,FLEX_POOL,SHARED_NIC,128,16,3,coarse-046,coarse-033,500,145,0.2248062015503876
coarse-friendly-03,FLEX_POOL,SHARED_NIC,128,16,4,coarse-037,coarse-033,468,177,0.2744186046511628
coarse-friendly-03,FLEX_POOL,SHARED_NIC,128,16,5,coarse-024,coarse-033,478,167,0.2589147286821705
memory-fragmented-02,FLEX_FREE,SHARED_NIC,1,62,0,frag-whole-006,frag-small-079,512,128,0.2
memory-fragmented-02,FLEX_FREE,SHARED_NIC,1,62,1,frag-whole-017,frag-small-079,384,256,0.4
memory-fragmented-02,FLEX_FREE,SHARED_NIC,1,62,2,frag-small-035,frag-small-066,640,0,0.0
memory-fragmented-02,FLEX_FREE,SHARED_NIC,1,62,3,frag-small-036,frag-small-066,640,0,0.0
memory-fragmented-02,FLEX_FREE,SHARED_NIC,1,62,4,frag-small-042,frag-small-075,640,0,0.0
memory-fragmented-02,FLEX_FREE,SHARED_NIC,1,62,5,frag-small-044,frag-small-075,640,0,0.0
memory-fragmented-02,FLEX_FREE,SHARED_NIC,1,62,6,frag-small-053,frag-small-057,640,0,0.0
memory-fragmented-02,FLEX_FREE,SHARED_NIC,1,62,7,frag-small-068,frag-small-057,640,0,0.0
memory-fragmented-02,FLEX_FREE,SHARED_NIC,1,70,0,frag-small-037,frag-whole-015,640,0,0.0
memory-fragmented-02,FLEX_FREE,SHARED_NIC,1,70,1,frag-small-039,frag-whole-012,640,0,0.0
memory-fragmented-02,FLEX_FREE,SHARED_NIC,1,70,2,frag-small-043,frag-whole-020,640,0,0.0
memory-fragmented-02,FLEX_FREE,SHARED_NIC,1,70,3,frag-small-065,frag-whole-000,640,0,0.0
memory-fragmented-02,FLEX_FREE,SHARED_NIC,1,70,4,frag-whole-010,frag-whole-005,128,512,0.8
memory-fragmented-02,FLEX_FREE,SHARED_NIC,1,70,5,frag-whole-018,frag-whole-021,128,512,0.8
memory-fragmented-02,FLEX_FREE,SHARED_NIC,1,70,6,frag-whole-019,frag-whole-007,640,0,0.0
memory-fragmented-02,FLEX_FREE,SHARED_NIC,1,70,7,frag-small-035,frag-small-101,640,0,0.0
memory-fragmented-02,FLEX_FREE,SHARED_NIC,8,62,0,frag-whole-006,frag-small-079,513,92,0.15206611570247933
memory-fragmented-02,FLEX_FREE,SHARED_NIC,8,62,1,frag-whole-017,frag-small-079,405,200,0.3305785123966942
memory-fragmented-02,FLEX_FREE,SHARED_NIC,8,62,2,frag-small-035,frag-small-066,528,77,0.12727272727272726
memory-fragmented-02,FLEX_FREE,SHARED_NIC,8,62,3,frag-small-036,frag-small-066,570,35,0.05785123966942149
memory-fragmented-02,FLEX_FREE,SHARED_NIC,8,62,4,frag-small-042,frag-small-075,596,9,0.01487603305785124
memory-fragmented-02,FLEX_FREE,SHARED_NIC,8,62,5,frag-small-044,frag-small-075,506,99,0.16363636363636364
memory-fragmented-02,FLEX_FREE,SHARED_NIC,8,62,6,frag-small-053,frag-small-057,598,7,0.011570247933884297
memory-fragmented-02,FLEX_FREE,SHARED_NIC,8,62,7,frag-small-068,frag-small-057,553,52,0.0859504132231405
memory-fragmented-02,FLEX_FREE,SHARED_NIC,8,70,0,frag-small-037,frag-whole-015,561,44,0.07272727272727272
memory-fragmented-02,FLEX_FREE,SHARED_NIC,8,70,1,frag-small-039,frag-whole-012,559,46,0.07603305785123966
memory-fragmented-02,FLEX_FREE,SHARED_NIC,8,70,2,frag-small-043,frag-whole-020,550,55,0.09090909090909091
memory-fragmented-02,FLEX_FREE,SHARED_NIC,8,70,3,frag-small-065,frag-whole-000,530,75,0.12396694214876033
memory-fragmented-02,FLEX_FREE,SHARED_NIC,8,70,4,frag-whole-010,frag-whole-005,407,198,0.32727272727272727
memory-fragmented-02,FLEX_FREE,SHARED_NIC,8,70,5,frag-whole-018,frag-whole-021,311,294,0.4859504132231405
memory-fragmented-02,FLEX_FREE,SHARED_NIC,8,70,6,frag-whole-019,frag-whole-007,376,229,0.3785123966942149
memory-fragmented-02,FLEX_FREE,SHARED_NIC,8,70,7,frag-small-035,frag-small-101,582,23,0.03801652892561983
memory-fragmented-02,FLEX_FREE,SHARED_NIC,32,62,0,frag-whole-006,frag-small-079,409,76,0.15670103092783505
memory-fragmented-02,FLEX_FREE,SHARED_NIC,32,62,1,frag-whole-017,frag-small-079,346,139,0.2865979381443299
memory-fragmented-02,FLEX_FREE,SHARED_NIC,32,62,2,frag-small-035,frag-small-066,424,61,0.12577319587628866
memory-fragmented-02,FLEX_FREE,SHARED_NIC,32,62,3,frag-small-036,frag-small-066,462,23,0.04742268041237113
memory-fragmented-02,FLEX_FREE,SHARED_NIC,32,62,4,frag-small-042,frag-small-075,480,5,0.010309278350515464
memory-fragmented-02,FLEX_FREE,SHARED_NIC,32,62,5,frag-small-044,frag-small-075,409,76,0.15670103092783505
memory-fragmented-02,FLEX_FREE,SHARED_NIC,32,62,6,frag-small-053,frag-small-057,481,4,0.008247422680412371
memory-fragmented-02,FLEX_FREE,SHARED_NIC,32,62,7,frag-small-068,frag-small-057,451,34,0.07010309278350516
memory-fragmented-02,FLEX_FREE,SHARED_NIC,32,70,0,frag-small-037,frag-whole-015,452,33,0.06804123711340206
memory-fragmented-02,FLEX_FREE,SHARED_NIC,32,70,1,frag-small-039,frag-whole-012,450,35,0.07216494845360824
memory-fragmented-02,FLEX_FREE,SHARED_NIC,32,70,2,frag-small-043,frag-whole-020,443,42,0.0865979381443299
memory-fragmented-02,FLEX_FREE,SHARED_NIC,32,70,3,frag-small-065,frag-whole-000,415,70,0.14432989690721648
memory-fragmented-02,FLEX_FREE,SHARED_NIC,32,70,4,frag-whole-010,frag-whole-005,325,160,0.32989690721649484
memory-fragmented-02,FLEX_FREE,SHARED_NIC,32,70,5,frag-whole-018,frag-whole-021,262,223,0.45979381443298967
memory-fragmented-02,FLEX_FREE,SHARED_NIC,32,70,6,frag-whole-019,frag-whole-007,317,168,0.3463917525773196
memory-fragmented-02,FLEX_FREE,SHARED_NIC,32,70,7,frag-small-035,frag-small-101,462,23,0.04742268041237113
memory-fragmented-02,FLEX_FREE,SHARED_NIC,64,62,0,frag-whole-006,frag-small-079,278,47,0.14461538461538462
memory-fragmented-02,FLEX_FREE,SHARED_NIC,64,62,1,frag-whole-017,frag-small-079,223,102,0.31384615384615383
memory-fragmented-02,FLEX_FREE,SHARED_NIC,64,62,2,frag-small-035,frag-small-066,285,40,0.12307692307692308
memory-fragmented-02,FLEX_FREE,SHARED_NIC,64,62,3,frag-small-036,frag-small-066,308,17,0.052307692307692305
memory-fragmented-02,FLEX_FREE,SHARED_NIC,64,62,4,frag-small-042,frag-small-075,320,5,0.015384615384615385
memory-fragmented-02,FLEX_FREE,SHARED_NIC,64,62,5,frag-small-044,frag-small-075,273,52,0.16
memory-fragmented-02,FLEX_FREE,SHARED_NIC,64,62,6,frag-small-053,frag-small-057,318,7,0.021538461538461538
memory-fragmented-02,FLEX_FREE,SHARED_NIC,64,62,7,frag-small-068,frag-small-057,296,29,0.08923076923076922
memory-fragmented-02,FLEX_FREE,SHARED_NIC,64,70,0,frag-small-037,frag-whole-015,309,16,0.04923076923076923
memory-fragmented-02,FLEX_FREE,SHARED_NIC,64,70,1,frag-small-039,frag-whole-012,310,15,0.046153846153846156
memory-fragmented-02,FLEX_FREE,SHARED_NIC,64,70,2,frag-small-043,frag-whole-020,302,23,0.07076923076923076
memory-fragmented-02,FLEX_FREE,SHARED_NIC,64,70,3,frag-small-065,frag-whole-000,281,44,0.13538461538461538
memory-fragmented-02,FLEX_FREE,SHARED_NIC,64,70,4,frag-whole-010,frag-whole-005,230,95,0.2923076923076923
memory-fragmented-02,FLEX_FREE,SHARED_NIC,64,70,5,frag-whole-018,frag-whole-021,178,147,0.4523076923076923
memory-fragmented-02,FLEX_FREE,SHARED_NIC,64,70,6,frag-whole-019,frag-whole-007,201,124,0.38153846153846155
memory-fragmented-02,FLEX_FREE,SHARED_NIC,64,70,7,frag-small-035,frag-small-101,305,20,0.06153846153846154
memory-fragmented-02,FLEX_FREE,SHARED_NIC,128,62,0,frag-whole-006,frag-small-079,539,106,0.16434108527131783
memory-fragmented-02,FLEX_FREE,SHARED_NIC,128,62,1,frag-whole-017,frag-small-079,439,206,0.31937984496124033
memory-fragmented-02,FLEX_FREE,SHARED_NIC,128,62,2,frag-small-035,frag-small-066,571,74,0.11472868217054263
memory-fragmented-02,FLEX_FREE,SHARED_NIC,128,62,3,frag-small-036,frag-small-066,611,34,0.05271317829457364
memory-fragmented-02,FLEX_FREE,SHARED_NIC,128,62,4,frag-small-042,frag-small-075,638,7,0.010852713178294573
memory-fragmented-02,FLEX_FREE,SHARED_NIC,128,62,5,frag-small-044,frag-small-075,550,95,0.14728682170542637
memory-fragmented-02,FLEX_FREE,SHARED_NIC,128,62,6,frag-small-053,frag-small-057,640,5,0.007751937984496124
memory-fragmented-02,FLEX_FREE,SHARED_NIC,128,62,7,frag-small-068,frag-small-057,593,52,0.08062015503875969
memory-fragmented-02,FLEX_FREE,SHARED_NIC,128,70,0,frag-small-037,frag-whole-015,586,59,0.09147286821705426
memory-fragmented-02,FLEX_FREE,SHARED_NIC,128,70,1,frag-small-039,frag-whole-012,586,59,0.09147286821705426
memory-fragmented-02,FLEX_FREE,SHARED_NIC,128,70,2,frag-small-043,frag-whole-020,576,69,0.10697674418604651
memory-fragmented-02,FLEX_FREE,SHARED_NIC,128,70,3,frag-small-065,frag-whole-000,568,77,0.11937984496124031
memory-fragmented-02,FLEX_FREE,SHARED_NIC,128,70,4,frag-whole-010,frag-whole-005,418,227,0.351937984496124
memory-fragmented-02,FLEX_FREE,SHARED_NIC,128,70,5,frag-whole-018,frag-whole-021,332,313,0.48527131782945737
memory-fragmented-02,FLEX_FREE,SHARED_NIC,128,70,6,frag-whole-019,frag-whole-007,403,242,0.3751937984496124
memory-fragmented-02,FLEX_FREE,SHARED_NIC,128,70,7,frag-small-035,frag-small-101,612,33,0.05116279069767442
memory-fragmented-02,FLEX_POOL,LEGACY_DIRECTED_LINK,1,62,0,frag-whole-006,frag-small-079,640,0,0.0
memory-fragmented-02,FLEX_POOL,LEGACY_DIRECTED_LINK,1,62,1,frag-whole-017,frag-small-079,640,0,0.0
memory-fragmented-02,FLEX_POOL,LEGACY_DIRECTED_LINK,1,62,2,frag-small-035,frag-small-066,640,0,0.0
memory-fragmented-02,FLEX_POOL,LEGACY_DIRECTED_LINK,1,62,3,frag-small-036,frag-small-066,640,0,0.0
memory-fragmented-02,FLEX_POOL,LEGACY_DIRECTED_LINK,1,62,4,frag-small-042,frag-small-075,640,0,0.0
memory-fragmented-02,FLEX_POOL,LEGACY_DIRECTED_LINK,1,62,5,frag-small-044,frag-small-075,640,0,0.0
memory-fragmented-02,FLEX_POOL,LEGACY_DIRECTED_LINK,1,62,6,frag-small-053,frag-small-057,640,0,0.0
memory-fragmented-02,FLEX_POOL,LEGACY_DIRECTED_LINK,1,62,7,frag-small-068,frag-small-057,640,0,0.0
memory-fragmented-02,FLEX_POOL,LEGACY_DIRECTED_LINK,1,70,0,frag-small-037,frag-whole-015,640,0,0.0
memory-fragmented-02,FLEX_POOL,LEGACY_DIRECTED_LINK,1,70,1,frag-small-039,frag-whole-012,640,0,0.0
memory-fragmented-02,FLEX_POOL,LEGACY_DIRECTED_LINK,1,70,2,frag-small-043,frag-whole-020,640,0,0.0
memory-fragmented-02,FLEX_POOL,LEGACY_DIRECTED_LINK,1,70,3,frag-small-065,frag-whole-000,640,0,0.0
memory-fragmented-02,FLEX_POOL,LEGACY_DIRECTED_LINK,1,70,4,frag-whole-010,frag-whole-005,128,512,0.8
memory-fragmented-02,FLEX_POOL,LEGACY_DIRECTED_LINK,1,70,5,frag-whole-018,frag-whole-021,128,512,0.8
memory-fragmented-02,FLEX_POOL,LEGACY_DIRECTED_LINK,1,70,6,frag-whole-019,frag-whole-007,640,0,0.0
memory-fragmented-02,FLEX_POOL,LEGACY_DIRECTED_LINK,1,70,7,frag-small-035,frag-small-101,640,0,0.0
memory-fragmented-02,FLEX_POOL,LEGACY_DIRECTED_LINK,8,62,0,frag-whole-006,frag-small-079,605,0,0.0
memory-fragmented-02,FLEX_POOL,LEGACY_DIRECTED_LINK,8,62,1,frag-whole-017,frag-small-079,605,0,0.0
memory-fragmented-02,FLEX_POOL,LEGACY_DIRECTED_LINK,8,62,2,frag-small-035,frag-small-066,605,0,0.0
memory-fragmented-02,FLEX_POOL,LEGACY_DIRECTED_LINK,8,62,3,frag-small-036,frag-small-066,605,0,0.0
memory-fragmented-02,FLEX_POOL,LEGACY_DIRECTED_LINK,8,62,4,frag-small-042,frag-small-075,605,0,0.0
memory-fragmented-02,FLEX_POOL,LEGACY_DIRECTED_LINK,8,62,5,frag-small-044,frag-small-075,605,0,0.0
memory-fragmented-02,FLEX_POOL,LEGACY_DIRECTED_LINK,8,62,6,frag-small-053,frag-small-057,605,0,0.0
memory-fragmented-02,FLEX_POOL,LEGACY_DIRECTED_LINK,8,62,7,frag-small-068,frag-small-057,605,0,0.0
memory-fragmented-02,FLEX_POOL,LEGACY_DIRECTED_LINK,8,70,0,frag-small-037,frag-whole-015,605,0,0.0
memory-fragmented-02,FLEX_POOL,LEGACY_DIRECTED_LINK,8,70,1,frag-small-039,frag-whole-012,605,0,0.0
memory-fragmented-02,FLEX_POOL,LEGACY_DIRECTED_LINK,8,70,2,frag-small-043,frag-whole-020,605,0,0.0
memory-fragmented-02,FLEX_POOL,LEGACY_DIRECTED_LINK,8,70,3,frag-small-065,frag-whole-000,605,0,0.0
memory-fragmented-02,FLEX_POOL,LEGACY_DIRECTED_LINK,8,70,4,frag-whole-010,frag-whole-005,121,484,0.8
memory-fragmented-02,FLEX_POOL,LEGACY_DIRECTED_LINK,8,70,5,frag-whole-018,frag-whole-021,121,484,0.8
memory-fragmented-02,FLEX_POOL,LEGACY_DIRECTED_LINK,8,70,6,frag-whole-019,frag-whole-007,605,0,0.0
memory-fragmented-02,FLEX_POOL,LEGACY_DIRECTED_LINK,8,70,7,frag-small-035,frag-small-101,605,0,0.0
memory-fragmented-02,FLEX_POOL,LEGACY_DIRECTED_LINK,32,62,0,frag-whole-006,frag-small-079,485,0,0.0
memory-fragmented-02,FLEX_POOL,LEGACY_DIRECTED_LINK,32,62,1,frag-whole-017,frag-small-079,485,0,0.0
memory-fragmented-02,FLEX_POOL,LEGACY_DIRECTED_LINK,32,62,2,frag-small-035,frag-small-066,485,0,0.0
memory-fragmented-02,FLEX_POOL,LEGACY_DIRECTED_LINK,32,62,3,frag-small-036,frag-small-066,485,0,0.0
memory-fragmented-02,FLEX_POOL,LEGACY_DIRECTED_LINK,32,62,4,frag-small-042,frag-small-075,485,0,0.0
memory-fragmented-02,FLEX_POOL,LEGACY_DIRECTED_LINK,32,62,5,frag-small-044,frag-small-075,485,0,0.0
memory-fragmented-02,FLEX_POOL,LEGACY_DIRECTED_LINK,32,62,6,frag-small-053,frag-small-057,485,0,0.0
memory-fragmented-02,FLEX_POOL,LEGACY_DIRECTED_LINK,32,62,7,frag-small-068,frag-small-057,485,0,0.0
memory-fragmented-02,FLEX_POOL,LEGACY_DIRECTED_LINK,32,70,0,frag-small-037,frag-whole-015,485,0,0.0
memory-fragmented-02,FLEX_POOL,LEGACY_DIRECTED_LINK,32,70,1,frag-small-039,frag-whole-012,485,0,0.0
memory-fragmented-02,FLEX_POOL,LEGACY_DIRECTED_LINK,32,70,2,frag-small-043,frag-whole-020,485,0,0.0
memory-fragmented-02,FLEX_POOL,LEGACY_DIRECTED_LINK,32,70,3,frag-small-065,frag-whole-000,485,0,0.0
memory-fragmented-02,FLEX_POOL,LEGACY_DIRECTED_LINK,32,70,4,frag-whole-010,frag-whole-005,97,388,0.8
memory-fragmented-02,FLEX_POOL,LEGACY_DIRECTED_LINK,32,70,5,frag-whole-018,frag-whole-021,97,388,0.8
memory-fragmented-02,FLEX_POOL,LEGACY_DIRECTED_LINK,32,70,6,frag-whole-019,frag-whole-007,485,0,0.0
memory-fragmented-02,FLEX_POOL,LEGACY_DIRECTED_LINK,32,70,7,frag-small-035,frag-small-101,485,0,0.0
memory-fragmented-02,FLEX_POOL,LEGACY_DIRECTED_LINK,64,62,0,frag-whole-006,frag-small-079,325,0,0.0
memory-fragmented-02,FLEX_POOL,LEGACY_DIRECTED_LINK,64,62,1,frag-whole-017,frag-small-079,325,0,0.0
memory-fragmented-02,FLEX_POOL,LEGACY_DIRECTED_LINK,64,62,2,frag-small-035,frag-small-066,325,0,0.0
memory-fragmented-02,FLEX_POOL,LEGACY_DIRECTED_LINK,64,62,3,frag-small-036,frag-small-066,325,0,0.0
memory-fragmented-02,FLEX_POOL,LEGACY_DIRECTED_LINK,64,62,4,frag-small-042,frag-small-075,325,0,0.0
memory-fragmented-02,FLEX_POOL,LEGACY_DIRECTED_LINK,64,62,5,frag-small-044,frag-small-075,325,0,0.0
memory-fragmented-02,FLEX_POOL,LEGACY_DIRECTED_LINK,64,62,6,frag-small-053,frag-small-057,325,0,0.0
memory-fragmented-02,FLEX_POOL,LEGACY_DIRECTED_LINK,64,62,7,frag-small-068,frag-small-057,325,0,0.0
memory-fragmented-02,FLEX_POOL,LEGACY_DIRECTED_LINK,64,70,0,frag-small-037,frag-whole-015,325,0,0.0
memory-fragmented-02,FLEX_POOL,LEGACY_DIRECTED_LINK,64,70,1,frag-small-039,frag-whole-012,325,0,0.0
memory-fragmented-02,FLEX_POOL,LEGACY_DIRECTED_LINK,64,70,2,frag-small-043,frag-whole-020,325,0,0.0
memory-fragmented-02,FLEX_POOL,LEGACY_DIRECTED_LINK,64,70,3,frag-small-065,frag-whole-000,325,0,0.0
memory-fragmented-02,FLEX_POOL,LEGACY_DIRECTED_LINK,64,70,4,frag-whole-010,frag-whole-005,65,260,0.8
memory-fragmented-02,FLEX_POOL,LEGACY_DIRECTED_LINK,64,70,5,frag-whole-018,frag-whole-021,65,260,0.8
memory-fragmented-02,FLEX_POOL,LEGACY_DIRECTED_LINK,64,70,6,frag-whole-019,frag-whole-007,325,0,0.0
memory-fragmented-02,FLEX_POOL,LEGACY_DIRECTED_LINK,64,70,7,frag-small-035,frag-small-101,325,0,0.0
memory-fragmented-02,FLEX_POOL,LEGACY_DIRECTED_LINK,128,62,0,frag-whole-006,frag-small-079,645,0,0.0
memory-fragmented-02,FLEX_POOL,LEGACY_DIRECTED_LINK,128,62,1,frag-whole-017,frag-small-079,645,0,0.0
memory-fragmented-02,FLEX_POOL,LEGACY_DIRECTED_LINK,128,62,2,frag-small-035,frag-small-066,645,0,0.0
memory-fragmented-02,FLEX_POOL,LEGACY_DIRECTED_LINK,128,62,3,frag-small-036,frag-small-066,645,0,0.0
memory-fragmented-02,FLEX_POOL,LEGACY_DIRECTED_LINK,128,62,4,frag-small-042,frag-small-075,645,0,0.0
memory-fragmented-02,FLEX_POOL,LEGACY_DIRECTED_LINK,128,62,5,frag-small-044,frag-small-075,645,0,0.0
memory-fragmented-02,FLEX_POOL,LEGACY_DIRECTED_LINK,128,62,6,frag-small-053,frag-small-057,645,0,0.0
memory-fragmented-02,FLEX_POOL,LEGACY_DIRECTED_LINK,128,62,7,frag-small-068,frag-small-057,645,0,0.0
memory-fragmented-02,FLEX_POOL,LEGACY_DIRECTED_LINK,128,70,0,frag-small-037,frag-whole-015,645,0,0.0
memory-fragmented-02,FLEX_POOL,LEGACY_DIRECTED_LINK,128,70,1,frag-small-039,frag-whole-012,645,0,0.0
memory-fragmented-02,FLEX_POOL,LEGACY_DIRECTED_LINK,128,70,2,frag-small-043,frag-whole-020,645,0,0.0
memory-fragmented-02,FLEX_POOL,LEGACY_DIRECTED_LINK,128,70,3,frag-small-065,frag-whole-000,645,0,0.0
memory-fragmented-02,FLEX_POOL,LEGACY_DIRECTED_LINK,128,70,4,frag-whole-010,frag-whole-005,129,516,0.8
memory-fragmented-02,FLEX_POOL,LEGACY_DIRECTED_LINK,128,70,5,frag-whole-018,frag-whole-021,129,516,0.8
memory-fragmented-02,FLEX_POOL,LEGACY_DIRECTED_LINK,128,70,6,frag-whole-019,frag-whole-007,645,0,0.0
memory-fragmented-02,FLEX_POOL,LEGACY_DIRECTED_LINK,128,70,7,frag-small-035,frag-small-101,645,0,0.0
memory-fragmented-02,FLEX_POOL,SHARED_NIC,1,62,0,frag-whole-006,frag-small-079,512,128,0.2
memory-fragmented-02,FLEX_POOL,SHARED_NIC,1,62,1,frag-whole-017,frag-small-079,384,256,0.4
memory-fragmented-02,FLEX_POOL,SHARED_NIC,1,62,2,frag-small-035,frag-small-066,640,0,0.0
memory-fragmented-02,FLEX_POOL,SHARED_NIC,1,62,3,frag-small-036,frag-small-066,640,0,0.0
memory-fragmented-02,FLEX_POOL,SHARED_NIC,1,62,4,frag-small-042,frag-small-075,640,0,0.0
memory-fragmented-02,FLEX_POOL,SHARED_NIC,1,62,5,frag-small-044,frag-small-075,640,0,0.0
memory-fragmented-02,FLEX_POOL,SHARED_NIC,1,62,6,frag-small-053,frag-small-057,640,0,0.0
memory-fragmented-02,FLEX_POOL,SHARED_NIC,1,62,7,frag-small-068,frag-small-057,640,0,0.0
memory-fragmented-02,FLEX_POOL,SHARED_NIC,1,70,0,frag-small-037,frag-whole-015,640,0,0.0
memory-fragmented-02,FLEX_POOL,SHARED_NIC,1,70,1,frag-small-039,frag-whole-012,640,0,0.0
memory-fragmented-02,FLEX_POOL,SHARED_NIC,1,70,2,frag-small-043,frag-whole-020,640,0,0.0
memory-fragmented-02,FLEX_POOL,SHARED_NIC,1,70,3,frag-small-065,frag-whole-000,640,0,0.0
memory-fragmented-02,FLEX_POOL,SHARED_NIC,1,70,4,frag-whole-010,frag-whole-005,128,512,0.8
memory-fragmented-02,FLEX_POOL,SHARED_NIC,1,70,5,frag-whole-018,frag-whole-021,128,512,0.8
memory-fragmented-02,FLEX_POOL,SHARED_NIC,1,70,6,frag-whole-019,frag-whole-007,640,0,0.0
memory-fragmented-02,FLEX_POOL,SHARED_NIC,1,70,7,frag-small-035,frag-small-101,640,0,0.0
memory-fragmented-02,FLEX_POOL,SHARED_NIC,8,62,0,frag-whole-006,frag-small-079,513,92,0.15206611570247933
memory-fragmented-02,FLEX_POOL,SHARED_NIC,8,62,1,frag-whole-017,frag-small-079,405,200,0.3305785123966942
memory-fragmented-02,FLEX_POOL,SHARED_NIC,8,62,2,frag-small-035,frag-small-066,528,77,0.12727272727272726
memory-fragmented-02,FLEX_POOL,SHARED_NIC,8,62,3,frag-small-036,frag-small-066,570,35,0.05785123966942149
memory-fragmented-02,FLEX_POOL,SHARED_NIC,8,62,4,frag-small-042,frag-small-075,596,9,0.01487603305785124
memory-fragmented-02,FLEX_POOL,SHARED_NIC,8,62,5,frag-small-044,frag-small-075,506,99,0.16363636363636364
memory-fragmented-02,FLEX_POOL,SHARED_NIC,8,62,6,frag-small-053,frag-small-057,598,7,0.011570247933884297
memory-fragmented-02,FLEX_POOL,SHARED_NIC,8,62,7,frag-small-068,frag-small-057,553,52,0.0859504132231405
memory-fragmented-02,FLEX_POOL,SHARED_NIC,8,70,0,frag-small-037,frag-whole-015,561,44,0.07272727272727272
memory-fragmented-02,FLEX_POOL,SHARED_NIC,8,70,1,frag-small-039,frag-whole-012,559,46,0.07603305785123966
memory-fragmented-02,FLEX_POOL,SHARED_NIC,8,70,2,frag-small-043,frag-whole-020,550,55,0.09090909090909091
memory-fragmented-02,FLEX_POOL,SHARED_NIC,8,70,3,frag-small-065,frag-whole-000,530,75,0.12396694214876033
memory-fragmented-02,FLEX_POOL,SHARED_NIC,8,70,4,frag-whole-010,frag-whole-005,407,198,0.32727272727272727
memory-fragmented-02,FLEX_POOL,SHARED_NIC,8,70,5,frag-whole-018,frag-whole-021,311,294,0.4859504132231405
memory-fragmented-02,FLEX_POOL,SHARED_NIC,8,70,6,frag-whole-019,frag-whole-007,376,229,0.3785123966942149
memory-fragmented-02,FLEX_POOL,SHARED_NIC,8,70,7,frag-small-035,frag-small-101,582,23,0.03801652892561983
memory-fragmented-02,FLEX_POOL,SHARED_NIC,32,62,0,frag-whole-006,frag-small-079,409,76,0.15670103092783505
memory-fragmented-02,FLEX_POOL,SHARED_NIC,32,62,1,frag-whole-017,frag-small-079,346,139,0.2865979381443299
memory-fragmented-02,FLEX_POOL,SHARED_NIC,32,62,2,frag-small-035,frag-small-066,424,61,0.12577319587628866
memory-fragmented-02,FLEX_POOL,SHARED_NIC,32,62,3,frag-small-036,frag-small-066,462,23,0.04742268041237113
memory-fragmented-02,FLEX_POOL,SHARED_NIC,32,62,4,frag-small-042,frag-small-075,480,5,0.010309278350515464
memory-fragmented-02,FLEX_POOL,SHARED_NIC,32,62,5,frag-small-044,frag-small-075,409,76,0.15670103092783505
memory-fragmented-02,FLEX_POOL,SHARED_NIC,32,62,6,frag-small-053,frag-small-057,481,4,0.008247422680412371
memory-fragmented-02,FLEX_POOL,SHARED_NIC,32,62,7,frag-small-068,frag-small-057,451,34,0.07010309278350516
memory-fragmented-02,FLEX_POOL,SHARED_NIC,32,70,0,frag-small-037,frag-whole-015,452,33,0.06804123711340206
memory-fragmented-02,FLEX_POOL,SHARED_NIC,32,70,1,frag-small-039,frag-whole-012,450,35,0.07216494845360824
memory-fragmented-02,FLEX_POOL,SHARED_NIC,32,70,2,frag-small-043,frag-whole-020,443,42,0.0865979381443299
memory-fragmented-02,FLEX_POOL,SHARED_NIC,32,70,3,frag-small-065,frag-whole-000,415,70,0.14432989690721648
memory-fragmented-02,FLEX_POOL,SHARED_NIC,32,70,4,frag-whole-010,frag-whole-005,325,160,0.32989690721649484
memory-fragmented-02,FLEX_POOL,SHARED_NIC,32,70,5,frag-whole-018,frag-whole-021,262,223,0.45979381443298967
memory-fragmented-02,FLEX_POOL,SHARED_NIC,32,70,6,frag-whole-019,frag-whole-007,317,168,0.3463917525773196
memory-fragmented-02,FLEX_POOL,SHARED_NIC,32,70,7,frag-small-035,frag-small-101,462,23,0.04742268041237113
memory-fragmented-02,FLEX_POOL,SHARED_NIC,64,62,0,frag-whole-006,frag-small-079,278,47,0.14461538461538462
memory-fragmented-02,FLEX_POOL,SHARED_NIC,64,62,1,frag-whole-017,frag-small-079,223,102,0.31384615384615383
memory-fragmented-02,FLEX_POOL,SHARED_NIC,64,62,2,frag-small-035,frag-small-066,285,40,0.12307692307692308
memory-fragmented-02,FLEX_POOL,SHARED_NIC,64,62,3,frag-small-036,frag-small-066,308,17,0.052307692307692305
memory-fragmented-02,FLEX_POOL,SHARED_NIC,64,62,4,frag-small-042,frag-small-075,320,5,0.015384615384615385
memory-fragmented-02,FLEX_POOL,SHARED_NIC,64,62,5,frag-small-044,frag-small-075,273,52,0.16
memory-fragmented-02,FLEX_POOL,SHARED_NIC,64,62,6,frag-small-053,frag-small-057,318,7,0.021538461538461538
memory-fragmented-02,FLEX_POOL,SHARED_NIC,64,62,7,frag-small-068,frag-small-057,296,29,0.08923076923076922
memory-fragmented-02,FLEX_POOL,SHARED_NIC,64,70,0,frag-small-037,frag-whole-015,309,16,0.04923076923076923
memory-fragmented-02,FLEX_POOL,SHARED_NIC,64,70,1,frag-small-039,frag-whole-012,310,15,0.046153846153846156
memory-fragmented-02,FLEX_POOL,SHARED_NIC,64,70,2,frag-small-043,frag-whole-020,302,23,0.07076923076923076
memory-fragmented-02,FLEX_POOL,SHARED_NIC,64,70,3,frag-small-065,frag-whole-000,281,44,0.13538461538461538
memory-fragmented-02,FLEX_POOL,SHARED_NIC,64,70,4,frag-whole-010,frag-whole-005,230,95,0.2923076923076923
memory-fragmented-02,FLEX_POOL,SHARED_NIC,64,70,5,frag-whole-018,frag-whole-021,178,147,0.4523076923076923
memory-fragmented-02,FLEX_POOL,SHARED_NIC,64,70,6,frag-whole-019,frag-whole-007,201,124,0.38153846153846155
memory-fragmented-02,FLEX_POOL,SHARED_NIC,64,70,7,frag-small-035,frag-small-101,305,20,0.06153846153846154
memory-fragmented-02,FLEX_POOL,SHARED_NIC,128,62,0,frag-whole-006,frag-small-079,539,106,0.16434108527131783
memory-fragmented-02,FLEX_POOL,SHARED_NIC,128,62,1,frag-whole-017,frag-small-079,439,206,0.31937984496124033
memory-fragmented-02,FLEX_POOL,SHARED_NIC,128,62,2,frag-small-035,frag-small-066,571,74,0.11472868217054263
memory-fragmented-02,FLEX_POOL,SHARED_NIC,128,62,3,frag-small-036,frag-small-066,611,34,0.05271317829457364
memory-fragmented-02,FLEX_POOL,SHARED_NIC,128,62,4,frag-small-042,frag-small-075,638,7,0.010852713178294573
memory-fragmented-02,FLEX_POOL,SHARED_NIC,128,62,5,frag-small-044,frag-small-075,550,95,0.14728682170542637
memory-fragmented-02,FLEX_POOL,SHARED_NIC,128,62,6,frag-small-053,frag-small-057,640,5,0.007751937984496124
memory-fragmented-02,FLEX_POOL,SHARED_NIC,128,62,7,frag-small-068,frag-small-057,593,52,0.08062015503875969
memory-fragmented-02,FLEX_POOL,SHARED_NIC,128,70,0,frag-small-037,frag-whole-015,586,59,0.09147286821705426
memory-fragmented-02,FLEX_POOL,SHARED_NIC,128,70,1,frag-small-039,frag-whole-012,586,59,0.09147286821705426
memory-fragmented-02,FLEX_POOL,SHARED_NIC,128,70,2,frag-small-043,frag-whole-020,576,69,0.10697674418604651
memory-fragmented-02,FLEX_POOL,SHARED_NIC,128,70,3,frag-small-065,frag-whole-000,568,77,0.11937984496124031
memory-fragmented-02,FLEX_POOL,SHARED_NIC,128,70,4,frag-whole-010,frag-whole-005,418,227,0.351937984496124
memory-fragmented-02,FLEX_POOL,SHARED_NIC,128,70,5,frag-whole-018,frag-whole-021,332,313,0.48527131782945737
memory-fragmented-02,FLEX_POOL,SHARED_NIC,128,70,6,frag-whole-019,frag-whole-007,403,242,0.3751937984496124
memory-fragmented-02,FLEX_POOL,SHARED_NIC,128,70,7,frag-small-035,frag-small-101,612,33,0.05116279069767442
memory-fragmented-04,FLEX_FREE,SHARED_NIC,1,5,0,frag-whole-019,frag-small-072,640,0,0.0
memory-fragmented-04,FLEX_FREE,SHARED_NIC,1,5,1,frag-small-103,frag-small-072,640,0,0.0
memory-fragmented-04,FLEX_FREE,SHARED_NIC,1,5,2,frag-small-090,frag-small-055,640,0,0.0
memory-fragmented-04,FLEX_FREE,SHARED_NIC,1,5,3,frag-small-063,frag-small-055,640,0,0.0
memory-fragmented-04,FLEX_FREE,SHARED_NIC,1,5,4,frag-small-100,frag-small-057,640,0,0.0
memory-fragmented-04,FLEX_FREE,SHARED_NIC,1,5,5,frag-small-094,frag-small-057,640,0,0.0
memory-fragmented-04,FLEX_FREE,SHARED_NIC,1,5,6,frag-small-078,frag-small-046,640,0,0.0
memory-fragmented-04,FLEX_FREE,SHARED_NIC,1,5,7,frag-small-073,frag-small-046,640,0,0.0
memory-fragmented-04,FLEX_FREE,SHARED_NIC,1,74,0,frag-whole-014,frag-small-092,640,0,0.0
memory-fragmented-04,FLEX_FREE,SHARED_NIC,1,74,1,frag-whole-008,frag-small-083,640,0,0.0
memory-fragmented-04,FLEX_FREE,SHARED_NIC,1,74,2,frag-whole-003,frag-small-086,640,0,0.0
memory-fragmented-04,FLEX_FREE,SHARED_NIC,1,74,3,frag-small-026,frag-small-064,512,128,0.2
memory-fragmented-04,FLEX_FREE,SHARED_NIC,1,74,4,frag-small-032,frag-small-081,512,128,0.2
memory-fragmented-04,FLEX_FREE,SHARED_NIC,1,74,5,frag-small-033,frag-small-067,512,128,0.2
memory-fragmented-04,FLEX_FREE,SHARED_NIC,1,74,6,frag-small-042,frag-small-045,512,128,0.2
memory-fragmented-04,FLEX_FREE,SHARED_NIC,1,74,7,frag-small-045,frag-small-043,512,128,0.2
memory-fragmented-04,FLEX_FREE,SHARED_NIC,1,83,1,frag-small-066,frag-small-065,640,0,0.0
memory-fragmented-04,FLEX_FREE,SHARED_NIC,1,83,7,frag-small-031,frag-small-089,640,0,0.0
memory-fragmented-04,FLEX_FREE,SHARED_NIC,8,5,0,frag-whole-019,frag-small-072,435,170,0.2809917355371901
memory-fragmented-04,FLEX_FREE,SHARED_NIC,8,5,1,frag-small-103,frag-small-072,448,157,0.25950413223140495
memory-fragmented-04,FLEX_FREE,SHARED_NIC,8,5,2,frag-small-090,frag-small-055,482,123,0.20330578512396694
memory-fragmented-04,FLEX_FREE,SHARED_NIC,8,5,3,frag-small-063,frag-small-055,547,58,0.09586776859504133
memory-fragmented-04,FLEX_FREE,SHARED_NIC,8,5,4,frag-small-100,frag-small-057,308,297,0.4909090909090909
memory-fragmented-04,FLEX_FREE,SHARED_NIC,8,5,5,frag-small-094,frag-small-057,428,177,0.29256198347107437
memory-fragmented-04,FLEX_FREE,SHARED_NIC,8,5,6,frag-small-078,frag-small-046,306,299,0.49421487603305786
memory-fragmented-04,FLEX_FREE,SHARED_NIC,8,5,7,frag-small-073,frag-small-046,437,168,0.27768595041322314
memory-fragmented-04,FLEX_FREE,SHARED_NIC,8,74,0,frag-whole-014,frag-small-092,528,77,0.12727272727272726
memory-fragmented-04,FLEX_FREE,SHARED_NIC,8,74,1,frag-whole-008,frag-small-083,523,82,0.13553719008264462
memory-fragmented-04,FLEX_FREE,SHARED_NIC,8,74,2,frag-whole-003,frag-small-086,523,82,0.13553719008264462
memory-fragmented-04,FLEX_FREE,SHARED_NIC,8,74,3,frag-small-026,frag-small-064,493,112,0.18512396694214875
memory-fragmented-04,FLEX_FREE,SHARED_NIC,8,74,4,frag-small-032,frag-small-081,495,110,0.18181818181818182
memory-fragmented-04,FLEX_FREE,SHARED_NIC,8,74,5,frag-small-033,frag-small-067,493,112,0.18512396694214875
memory-fragmented-04,FLEX_FREE,SHARED_NIC,8,74,6,frag-small-042,frag-small-045,467,138,0.228099173553719
memory-fragmented-04,FLEX_FREE,SHARED_NIC,8,74,7,frag-small-045,frag-small-043,467,138,0.228099173553719
memory-fragmented-04,FLEX_FREE,SHARED_NIC,8,83,1,frag-small-066,frag-small-065,482,123,0.20330578512396694
memory-fragmented-04,FLEX_FREE,SHARED_NIC,8,83,7,frag-small-031,frag-small-089,589,16,0.026446280991735537
memory-fragmented-04,FLEX_FREE,SHARED_NIC,32,5,0,frag-whole-019,frag-small-072,305,180,0.3711340206185567
memory-fragmented-04,FLEX_FREE,SHARED_NIC,32,5,1,frag-small-103,frag-small-072,381,104,0.21443298969072164
memory-fragmented-04,FLEX_FREE,SHARED_NIC,32,5,2,frag-small-090,frag-small-055,379,106,0.21855670103092784
memory-fragmented-04,FLEX_FREE,SHARED_NIC,32,5,3,frag-small-063,frag-small-055,435,50,0.10309278350515463
memory-fragmented-04,FLEX_FREE,SHARED_NIC,32,5,4,frag-small-100,frag-small-057,236,249,0.51340206185567
memory-fragmented-04,FLEX_FREE,SHARED_NIC,32,5,5,frag-small-094,frag-small-057,313,172,0.354639175257732
memory-fragmented-04,FLEX_FREE,SHARED_NIC,32,5,6,frag-small-078,frag-small-046,229,256,0.5278350515463918
memory-fragmented-04,FLEX_FREE,SHARED_NIC,32,5,7,frag-small-073,frag-small-046,322,163,0.33608247422680415
memory-fragmented-04,FLEX_FREE,SHARED_NIC,32,74,0,frag-whole-014,frag-small-092,424,61,0.12577319587628866
memory-fragmented-04,FLEX_FREE,SHARED_NIC,32,74,1,frag-whole-008,frag-small-083,416,69,0.1422680412371134
memory-fragmented-04,FLEX_FREE,SHARED_NIC,32,74,2,frag-whole-003,frag-small-086,416,69,0.1422680412371134
memory-fragmented-04,FLEX_FREE,SHARED_NIC,32,74,3,frag-small-026,frag-small-064,391,94,0.19381443298969073
memory-fragmented-04,FLEX_FREE,SHARED_NIC,32,74,4,frag-small-032,frag-small-081,392,93,0.19175257731958764
memory-fragmented-04,FLEX_FREE,SHARED_NIC,32,74,5,frag-small-033,frag-small-067,391,94,0.19381443298969073
memory-fragmented-04,FLEX_FREE,SHARED_NIC,32,74,6,frag-small-042,frag-small-045,353,132,0.2721649484536082
memory-fragmented-04,FLEX_FREE,SHARED_NIC,32,74,7,frag-small-045,frag-small-043,353,132,0.2721649484536082
memory-fragmented-04,FLEX_FREE,SHARED_NIC,32,83,1,frag-small-066,frag-small-065,340,145,0.29896907216494845
memory-fragmented-04,FLEX_FREE,SHARED_NIC,32,83,7,frag-small-031,frag-small-089,463,22,0.04536082474226804
memory-fragmented-04,FLEX_FREE,SHARED_NIC,64,5,0,frag-whole-019,frag-small-072,194,131,0.40307692307692305
memory-fragmented-04,FLEX_FREE,SHARED_NIC,64,5,1,frag-small-103,frag-small-072,261,64,0.19692307692307692
memory-fragmented-04,FLEX_FREE,SHARED_NIC,64,5,2,frag-small-090,frag-small-055,247,78,0.24
memory-fragmented-04,FLEX_FREE,SHARED_NIC,64,5,3,frag-small-063,frag-small-055,297,28,0.08615384615384615
memory-fragmented-04,FLEX_FREE,SHARED_NIC,64,5,4,frag-small-100,frag-small-057,156,169,0.52
memory-fragmented-04,FLEX_FREE,SHARED_NIC,64,5,5,frag-small-094,frag-small-057,196,129,0.39692307692307693
memory-fragmented-04,FLEX_FREE,SHARED_NIC,64,5,6,frag-small-078,frag-small-046,150,175,0.5384615384615384
memory-fragmented-04,FLEX_FREE,SHARED_NIC,64,5,7,frag-small-073,frag-small-046,203,122,0.37538461538461537
memory-fragmented-04,FLEX_FREE,SHARED_NIC,64,74,0,frag-whole-014,frag-small-092,281,44,0.13538461538461538
memory-fragmented-04,FLEX_FREE,SHARED_NIC,64,74,1,frag-whole-008,frag-small-083,276,49,0.15076923076923077
memory-fragmented-04,FLEX_FREE,SHARED_NIC,64,74,2,frag-whole-003,frag-small-086,276,49,0.15076923076923077
memory-fragmented-04,FLEX_FREE,SHARED_NIC,64,74,3,frag-small-026,frag-small-064,257,68,0.20923076923076922
memory-fragmented-04,FLEX_FREE,SHARED_NIC,64,74,4,frag-small-032,frag-small-081,258,67,0.20615384615384616
memory-fragmented-04,FLEX_FREE,SHARED_NIC,64,74,5,frag-small-033,frag-small-067,257,68,0.20923076923076922
memory-fragmented-04,FLEX_FREE,SHARED_NIC,64,74,6,frag-small-042,frag-small-045,241,84,0.25846153846153846
memory-fragmented-04,FLEX_FREE,SHARED_NIC,64,74,7,frag-small-045,frag-small-043,241,84,0.25846153846153846
memory-fragmented-04,FLEX_FREE,SHARED_NIC,64,83,1,frag-small-066,frag-small-065,237,88,0.27076923076923076
memory-fragmented-04,FLEX_FREE,SHARED_NIC,64,83,7,frag-small-031,frag-small-089,306,19,0.05846153846153846
memory-fragmented-04,FLEX_FREE,SHARED_NIC,128,5,0,frag-whole-019,frag-small-072,398,247,0.3829457364341085
memory-fragmented-04,FLEX_FREE,SHARED_NIC,128,5,1,frag-small-103,frag-small-072,510,135,0.20930232558139536
memory-fragmented-04,FLEX_FREE,SHARED_NIC,128,5,2,frag-small-090,frag-small-055,494,151,0.23410852713178296
memory-fragmented-04,FLEX_FREE,SHARED_NIC,128,5,3,frag-small-063,frag-small-055,567,78,0.12093023255813953
memory-fragmented-04,FLEX_FREE,SHARED_NIC,128,5,4,frag-small-100,frag-small-057,311,334,0.517829457364341
memory-fragmented-04,FLEX_FREE,SHARED_NIC,128,5,5,frag-small-094,frag-small-057,429,216,0.33488372093023255
memory-fragmented-04,FLEX_FREE,SHARED_NIC,128,5,6,frag-small-078,frag-small-046,308,337,0.5224806201550387
memory-fragmented-04,FLEX_FREE,SHARED_NIC,128,5,7,frag-small-073,frag-small-046,435,210,0.32558139534883723
memory-fragmented-04,FLEX_FREE,SHARED_NIC,128,74,0,frag-whole-014,frag-small-092,565,80,0.12403100775193798
memory-fragmented-04,FLEX_FREE,SHARED_NIC,128,74,1,frag-whole-008,frag-small-083,550,95,0.14728682170542637
memory-fragmented-04,FLEX_FREE,SHARED_NIC,128,74,2,frag-whole-003,frag-small-086,552,93,0.14418604651162792
memory-fragmented-04,FLEX_FREE,SHARED_NIC,128,74,3,frag-small-026,frag-small-064,530,115,0.17829457364341086
memory-fragmented-04,FLEX_FREE,SHARED_NIC,128,74,4,frag-small-032,frag-small-081,530,115,0.17829457364341086
memory-fragmented-04,FLEX_FREE,SHARED_NIC,128,74,5,frag-small-033,frag-small-067,528,117,0.1813953488372093
memory-fragmented-04,FLEX_FREE,SHARED_NIC,128,74,6,frag-small-042,frag-small-045,474,171,0.2651162790697674
memory-fragmented-04,FLEX_FREE,SHARED_NIC,128,74,7,frag-small-045,frag-small-043,474,171,0.2651162790697674
memory-fragmented-04,FLEX_FREE,SHARED_NIC,128,83,1,frag-small-066,frag-small-065,460,185,0.2868217054263566
memory-fragmented-04,FLEX_FREE,SHARED_NIC,128,83,7,frag-small-031,frag-small-089,609,36,0.05581395348837209
memory-fragmented-04,FLEX_POOL,LEGACY_DIRECTED_LINK,1,5,0,frag-whole-019,frag-small-072,640,0,0.0
memory-fragmented-04,FLEX_POOL,LEGACY_DIRECTED_LINK,1,5,1,frag-small-103,frag-small-072,640,0,0.0
memory-fragmented-04,FLEX_POOL,LEGACY_DIRECTED_LINK,1,5,2,frag-small-090,frag-small-055,640,0,0.0
memory-fragmented-04,FLEX_POOL,LEGACY_DIRECTED_LINK,1,5,3,frag-small-063,frag-small-055,640,0,0.0
memory-fragmented-04,FLEX_POOL,LEGACY_DIRECTED_LINK,1,5,4,frag-small-100,frag-small-057,256,384,0.6
memory-fragmented-04,FLEX_POOL,LEGACY_DIRECTED_LINK,1,5,5,frag-small-094,frag-small-057,640,0,0.0
memory-fragmented-04,FLEX_POOL,LEGACY_DIRECTED_LINK,1,5,6,frag-small-078,frag-small-046,256,384,0.6
memory-fragmented-04,FLEX_POOL,LEGACY_DIRECTED_LINK,1,5,7,frag-small-073,frag-small-046,640,0,0.0
memory-fragmented-04,FLEX_POOL,LEGACY_DIRECTED_LINK,1,74,0,frag-whole-014,frag-small-092,640,0,0.0
memory-fragmented-04,FLEX_POOL,LEGACY_DIRECTED_LINK,1,74,1,frag-whole-008,frag-small-083,640,0,0.0
memory-fragmented-04,FLEX_POOL,LEGACY_DIRECTED_LINK,1,74,2,frag-whole-003,frag-small-086,640,0,0.0
memory-fragmented-04,FLEX_POOL,LEGACY_DIRECTED_LINK,1,74,3,frag-small-026,frag-small-064,640,0,0.0
memory-fragmented-04,FLEX_POOL,LEGACY_DIRECTED_LINK,1,74,4,frag-small-032,frag-small-081,640,0,0.0
memory-fragmented-04,FLEX_POOL,LEGACY_DIRECTED_LINK,1,74,5,frag-small-033,frag-small-067,640,0,0.0
memory-fragmented-04,FLEX_POOL,LEGACY_DIRECTED_LINK,1,74,6,frag-small-042,frag-small-045,640,0,0.0
memory-fragmented-04,FLEX_POOL,LEGACY_DIRECTED_LINK,1,74,7,frag-small-045,frag-small-043,640,0,0.0
memory-fragmented-04,FLEX_POOL,LEGACY_DIRECTED_LINK,1,83,1,frag-small-066,frag-small-065,640,0,0.0
memory-fragmented-04,FLEX_POOL,LEGACY_DIRECTED_LINK,1,83,7,frag-small-031,frag-small-089,640,0,0.0
memory-fragmented-04,FLEX_POOL,LEGACY_DIRECTED_LINK,8,5,0,frag-whole-019,frag-small-072,605,0,0.0
memory-fragmented-04,FLEX_POOL,LEGACY_DIRECTED_LINK,8,5,1,frag-small-103,frag-small-072,605,0,0.0
memory-fragmented-04,FLEX_POOL,LEGACY_DIRECTED_LINK,8,5,2,frag-small-090,frag-small-055,605,0,0.0
memory-fragmented-04,FLEX_POOL,LEGACY_DIRECTED_LINK,8,5,3,frag-small-063,frag-small-055,605,0,0.0
memory-fragmented-04,FLEX_POOL,LEGACY_DIRECTED_LINK,8,5,4,frag-small-100,frag-small-057,242,363,0.6
memory-fragmented-04,FLEX_POOL,LEGACY_DIRECTED_LINK,8,5,5,frag-small-094,frag-small-057,605,0,0.0
memory-fragmented-04,FLEX_POOL,LEGACY_DIRECTED_LINK,8,5,6,frag-small-078,frag-small-046,242,363,0.6
memory-fragmented-04,FLEX_POOL,LEGACY_DIRECTED_LINK,8,5,7,frag-small-073,frag-small-046,605,0,0.0
memory-fragmented-04,FLEX_POOL,LEGACY_DIRECTED_LINK,8,74,0,frag-whole-014,frag-small-092,605,0,0.0
memory-fragmented-04,FLEX_POOL,LEGACY_DIRECTED_LINK,8,74,1,frag-whole-008,frag-small-083,605,0,0.0
memory-fragmented-04,FLEX_POOL,LEGACY_DIRECTED_LINK,8,74,2,frag-whole-003,frag-small-086,605,0,0.0
memory-fragmented-04,FLEX_POOL,LEGACY_DIRECTED_LINK,8,74,3,frag-small-026,frag-small-064,605,0,0.0
memory-fragmented-04,FLEX_POOL,LEGACY_DIRECTED_LINK,8,74,4,frag-small-032,frag-small-081,605,0,0.0
memory-fragmented-04,FLEX_POOL,LEGACY_DIRECTED_LINK,8,74,5,frag-small-033,frag-small-067,605,0,0.0
memory-fragmented-04,FLEX_POOL,LEGACY_DIRECTED_LINK,8,74,6,frag-small-042,frag-small-045,605,0,0.0
memory-fragmented-04,FLEX_POOL,LEGACY_DIRECTED_LINK,8,74,7,frag-small-045,frag-small-043,605,0,0.0
memory-fragmented-04,FLEX_POOL,LEGACY_DIRECTED_LINK,8,83,1,frag-small-066,frag-small-065,605,0,0.0
memory-fragmented-04,FLEX_POOL,LEGACY_DIRECTED_LINK,8,83,7,frag-small-031,frag-small-089,605,0,0.0
memory-fragmented-04,FLEX_POOL,LEGACY_DIRECTED_LINK,32,5,0,frag-whole-019,frag-small-072,485,0,0.0
memory-fragmented-04,FLEX_POOL,LEGACY_DIRECTED_LINK,32,5,1,frag-small-103,frag-small-072,485,0,0.0
memory-fragmented-04,FLEX_POOL,LEGACY_DIRECTED_LINK,32,5,2,frag-small-090,frag-small-055,485,0,0.0
memory-fragmented-04,FLEX_POOL,LEGACY_DIRECTED_LINK,32,5,3,frag-small-063,frag-small-055,485,0,0.0
memory-fragmented-04,FLEX_POOL,LEGACY_DIRECTED_LINK,32,5,4,frag-small-100,frag-small-057,194,291,0.6
memory-fragmented-04,FLEX_POOL,LEGACY_DIRECTED_LINK,32,5,5,frag-small-094,frag-small-057,485,0,0.0
memory-fragmented-04,FLEX_POOL,LEGACY_DIRECTED_LINK,32,5,6,frag-small-078,frag-small-046,194,291,0.6
memory-fragmented-04,FLEX_POOL,LEGACY_DIRECTED_LINK,32,5,7,frag-small-073,frag-small-046,485,0,0.0
memory-fragmented-04,FLEX_POOL,LEGACY_DIRECTED_LINK,32,74,0,frag-whole-014,frag-small-092,485,0,0.0
memory-fragmented-04,FLEX_POOL,LEGACY_DIRECTED_LINK,32,74,1,frag-whole-008,frag-small-083,485,0,0.0
memory-fragmented-04,FLEX_POOL,LEGACY_DIRECTED_LINK,32,74,2,frag-whole-003,frag-small-086,485,0,0.0
memory-fragmented-04,FLEX_POOL,LEGACY_DIRECTED_LINK,32,74,3,frag-small-026,frag-small-064,485,0,0.0
memory-fragmented-04,FLEX_POOL,LEGACY_DIRECTED_LINK,32,74,4,frag-small-032,frag-small-081,485,0,0.0
memory-fragmented-04,FLEX_POOL,LEGACY_DIRECTED_LINK,32,74,5,frag-small-033,frag-small-067,485,0,0.0
memory-fragmented-04,FLEX_POOL,LEGACY_DIRECTED_LINK,32,74,6,frag-small-042,frag-small-045,485,0,0.0
memory-fragmented-04,FLEX_POOL,LEGACY_DIRECTED_LINK,32,74,7,frag-small-045,frag-small-043,485,0,0.0
memory-fragmented-04,FLEX_POOL,LEGACY_DIRECTED_LINK,32,83,1,frag-small-066,frag-small-065,485,0,0.0
memory-fragmented-04,FLEX_POOL,LEGACY_DIRECTED_LINK,32,83,7,frag-small-031,frag-small-089,485,0,0.0
memory-fragmented-04,FLEX_POOL,LEGACY_DIRECTED_LINK,64,5,0,frag-whole-019,frag-small-072,325,0,0.0
memory-fragmented-04,FLEX_POOL,LEGACY_DIRECTED_LINK,64,5,1,frag-small-103,frag-small-072,325,0,0.0
memory-fragmented-04,FLEX_POOL,LEGACY_DIRECTED_LINK,64,5,2,frag-small-090,frag-small-055,325,0,0.0
memory-fragmented-04,FLEX_POOL,LEGACY_DIRECTED_LINK,64,5,3,frag-small-063,frag-small-055,325,0,0.0
memory-fragmented-04,FLEX_POOL,LEGACY_DIRECTED_LINK,64,5,4,frag-small-100,frag-small-057,130,195,0.6
memory-fragmented-04,FLEX_POOL,LEGACY_DIRECTED_LINK,64,5,5,frag-small-094,frag-small-057,325,0,0.0
memory-fragmented-04,FLEX_POOL,LEGACY_DIRECTED_LINK,64,5,6,frag-small-078,frag-small-046,130,195,0.6
memory-fragmented-04,FLEX_POOL,LEGACY_DIRECTED_LINK,64,5,7,frag-small-073,frag-small-046,325,0,0.0
memory-fragmented-04,FLEX_POOL,LEGACY_DIRECTED_LINK,64,74,0,frag-whole-014,frag-small-092,325,0,0.0
memory-fragmented-04,FLEX_POOL,LEGACY_DIRECTED_LINK,64,74,1,frag-whole-008,frag-small-083,325,0,0.0
memory-fragmented-04,FLEX_POOL,LEGACY_DIRECTED_LINK,64,74,2,frag-whole-003,frag-small-086,325,0,0.0
memory-fragmented-04,FLEX_POOL,LEGACY_DIRECTED_LINK,64,74,3,frag-small-026,frag-small-064,325,0,0.0
memory-fragmented-04,FLEX_POOL,LEGACY_DIRECTED_LINK,64,74,4,frag-small-032,frag-small-081,325,0,0.0
memory-fragmented-04,FLEX_POOL,LEGACY_DIRECTED_LINK,64,74,5,frag-small-033,frag-small-067,325,0,0.0
memory-fragmented-04,FLEX_POOL,LEGACY_DIRECTED_LINK,64,74,6,frag-small-042,frag-small-045,325,0,0.0
memory-fragmented-04,FLEX_POOL,LEGACY_DIRECTED_LINK,64,74,7,frag-small-045,frag-small-043,325,0,0.0
memory-fragmented-04,FLEX_POOL,LEGACY_DIRECTED_LINK,64,83,1,frag-small-066,frag-small-065,325,0,0.0
memory-fragmented-04,FLEX_POOL,LEGACY_DIRECTED_LINK,64,83,7,frag-small-031,frag-small-089,325,0,0.0
memory-fragmented-04,FLEX_POOL,LEGACY_DIRECTED_LINK,128,5,0,frag-whole-019,frag-small-072,645,0,0.0
memory-fragmented-04,FLEX_POOL,LEGACY_DIRECTED_LINK,128,5,1,frag-small-103,frag-small-072,645,0,0.0
memory-fragmented-04,FLEX_POOL,LEGACY_DIRECTED_LINK,128,5,2,frag-small-090,frag-small-055,645,0,0.0
memory-fragmented-04,FLEX_POOL,LEGACY_DIRECTED_LINK,128,5,3,frag-small-063,frag-small-055,645,0,0.0
memory-fragmented-04,FLEX_POOL,LEGACY_DIRECTED_LINK,128,5,4,frag-small-100,frag-small-057,258,387,0.6
memory-fragmented-04,FLEX_POOL,LEGACY_DIRECTED_LINK,128,5,5,frag-small-094,frag-small-057,645,0,0.0
memory-fragmented-04,FLEX_POOL,LEGACY_DIRECTED_LINK,128,5,6,frag-small-078,frag-small-046,258,387,0.6
memory-fragmented-04,FLEX_POOL,LEGACY_DIRECTED_LINK,128,5,7,frag-small-073,frag-small-046,645,0,0.0
memory-fragmented-04,FLEX_POOL,LEGACY_DIRECTED_LINK,128,74,0,frag-whole-014,frag-small-092,645,0,0.0
memory-fragmented-04,FLEX_POOL,LEGACY_DIRECTED_LINK,128,74,1,frag-whole-008,frag-small-083,645,0,0.0
memory-fragmented-04,FLEX_POOL,LEGACY_DIRECTED_LINK,128,74,2,frag-whole-003,frag-small-086,645,0,0.0
memory-fragmented-04,FLEX_POOL,LEGACY_DIRECTED_LINK,128,74,3,frag-small-026,frag-small-064,645,0,0.0
memory-fragmented-04,FLEX_POOL,LEGACY_DIRECTED_LINK,128,74,4,frag-small-032,frag-small-081,645,0,0.0
memory-fragmented-04,FLEX_POOL,LEGACY_DIRECTED_LINK,128,74,5,frag-small-033,frag-small-067,645,0,0.0
memory-fragmented-04,FLEX_POOL,LEGACY_DIRECTED_LINK,128,74,6,frag-small-042,frag-small-045,645,0,0.0
memory-fragmented-04,FLEX_POOL,LEGACY_DIRECTED_LINK,128,74,7,frag-small-045,frag-small-043,645,0,0.0
memory-fragmented-04,FLEX_POOL,LEGACY_DIRECTED_LINK,128,83,1,frag-small-066,frag-small-065,645,0,0.0
memory-fragmented-04,FLEX_POOL,LEGACY_DIRECTED_LINK,128,83,7,frag-small-031,frag-small-089,645,0,0.0
memory-fragmented-04,FLEX_POOL,SHARED_NIC,1,5,0,frag-whole-019,frag-small-072,640,0,0.0
memory-fragmented-04,FLEX_POOL,SHARED_NIC,1,5,1,frag-small-103,frag-small-072,640,0,0.0
memory-fragmented-04,FLEX_POOL,SHARED_NIC,1,5,2,frag-small-090,frag-small-055,640,0,0.0
memory-fragmented-04,FLEX_POOL,SHARED_NIC,1,5,3,frag-small-063,frag-small-055,640,0,0.0
memory-fragmented-04,FLEX_POOL,SHARED_NIC,1,5,4,frag-small-100,frag-small-057,640,0,0.0
memory-fragmented-04,FLEX_POOL,SHARED_NIC,1,5,5,frag-small-094,frag-small-057,640,0,0.0
memory-fragmented-04,FLEX_POOL,SHARED_NIC,1,5,6,frag-small-078,frag-small-046,640,0,0.0
memory-fragmented-04,FLEX_POOL,SHARED_NIC,1,5,7,frag-small-073,frag-small-046,640,0,0.0
memory-fragmented-04,FLEX_POOL,SHARED_NIC,1,74,0,frag-whole-014,frag-small-092,640,0,0.0
memory-fragmented-04,FLEX_POOL,SHARED_NIC,1,74,1,frag-whole-008,frag-small-083,640,0,0.0
memory-fragmented-04,FLEX_POOL,SHARED_NIC,1,74,2,frag-whole-003,frag-small-086,640,0,0.0
memory-fragmented-04,FLEX_POOL,SHARED_NIC,1,74,3,frag-small-026,frag-small-064,512,128,0.2
memory-fragmented-04,FLEX_POOL,SHARED_NIC,1,74,4,frag-small-032,frag-small-081,512,128,0.2
memory-fragmented-04,FLEX_POOL,SHARED_NIC,1,74,5,frag-small-033,frag-small-067,512,128,0.2
memory-fragmented-04,FLEX_POOL,SHARED_NIC,1,74,6,frag-small-042,frag-small-045,512,128,0.2
memory-fragmented-04,FLEX_POOL,SHARED_NIC,1,74,7,frag-small-045,frag-small-043,512,128,0.2
memory-fragmented-04,FLEX_POOL,SHARED_NIC,1,83,1,frag-small-066,frag-small-065,640,0,0.0
memory-fragmented-04,FLEX_POOL,SHARED_NIC,1,83,7,frag-small-031,frag-small-089,640,0,0.0
memory-fragmented-04,FLEX_POOL,SHARED_NIC,8,5,0,frag-whole-019,frag-small-072,435,170,0.2809917355371901
memory-fragmented-04,FLEX_POOL,SHARED_NIC,8,5,1,frag-small-103,frag-small-072,448,157,0.25950413223140495
memory-fragmented-04,FLEX_POOL,SHARED_NIC,8,5,2,frag-small-090,frag-small-055,482,123,0.20330578512396694
memory-fragmented-04,FLEX_POOL,SHARED_NIC,8,5,3,frag-small-063,frag-small-055,547,58,0.09586776859504133
memory-fragmented-04,FLEX_POOL,SHARED_NIC,8,5,4,frag-small-100,frag-small-057,308,297,0.4909090909090909
memory-fragmented-04,FLEX_POOL,SHARED_NIC,8,5,5,frag-small-094,frag-small-057,428,177,0.29256198347107437
memory-fragmented-04,FLEX_POOL,SHARED_NIC,8,5,6,frag-small-078,frag-small-046,306,299,0.49421487603305786
memory-fragmented-04,FLEX_POOL,SHARED_NIC,8,5,7,frag-small-073,frag-small-046,437,168,0.27768595041322314
memory-fragmented-04,FLEX_POOL,SHARED_NIC,8,74,0,frag-whole-014,frag-small-092,528,77,0.12727272727272726
memory-fragmented-04,FLEX_POOL,SHARED_NIC,8,74,1,frag-whole-008,frag-small-083,523,82,0.13553719008264462
memory-fragmented-04,FLEX_POOL,SHARED_NIC,8,74,2,frag-whole-003,frag-small-086,523,82,0.13553719008264462
memory-fragmented-04,FLEX_POOL,SHARED_NIC,8,74,3,frag-small-026,frag-small-064,493,112,0.18512396694214875
memory-fragmented-04,FLEX_POOL,SHARED_NIC,8,74,4,frag-small-032,frag-small-081,495,110,0.18181818181818182
memory-fragmented-04,FLEX_POOL,SHARED_NIC,8,74,5,frag-small-033,frag-small-067,493,112,0.18512396694214875
memory-fragmented-04,FLEX_POOL,SHARED_NIC,8,74,6,frag-small-042,frag-small-045,467,138,0.228099173553719
memory-fragmented-04,FLEX_POOL,SHARED_NIC,8,74,7,frag-small-045,frag-small-043,467,138,0.228099173553719
memory-fragmented-04,FLEX_POOL,SHARED_NIC,8,83,1,frag-small-066,frag-small-065,482,123,0.20330578512396694
memory-fragmented-04,FLEX_POOL,SHARED_NIC,8,83,7,frag-small-031,frag-small-089,589,16,0.026446280991735537
memory-fragmented-04,FLEX_POOL,SHARED_NIC,32,5,0,frag-whole-019,frag-small-072,305,180,0.3711340206185567
memory-fragmented-04,FLEX_POOL,SHARED_NIC,32,5,1,frag-small-103,frag-small-072,381,104,0.21443298969072164
memory-fragmented-04,FLEX_POOL,SHARED_NIC,32,5,2,frag-small-090,frag-small-055,379,106,0.21855670103092784
memory-fragmented-04,FLEX_POOL,SHARED_NIC,32,5,3,frag-small-063,frag-small-055,435,50,0.10309278350515463
memory-fragmented-04,FLEX_POOL,SHARED_NIC,32,5,4,frag-small-100,frag-small-057,236,249,0.51340206185567
memory-fragmented-04,FLEX_POOL,SHARED_NIC,32,5,5,frag-small-094,frag-small-057,313,172,0.354639175257732
memory-fragmented-04,FLEX_POOL,SHARED_NIC,32,5,6,frag-small-078,frag-small-046,229,256,0.5278350515463918
memory-fragmented-04,FLEX_POOL,SHARED_NIC,32,5,7,frag-small-073,frag-small-046,322,163,0.33608247422680415
memory-fragmented-04,FLEX_POOL,SHARED_NIC,32,74,0,frag-whole-014,frag-small-092,424,61,0.12577319587628866
memory-fragmented-04,FLEX_POOL,SHARED_NIC,32,74,1,frag-whole-008,frag-small-083,416,69,0.1422680412371134
memory-fragmented-04,FLEX_POOL,SHARED_NIC,32,74,2,frag-whole-003,frag-small-086,416,69,0.1422680412371134
memory-fragmented-04,FLEX_POOL,SHARED_NIC,32,74,3,frag-small-026,frag-small-064,391,94,0.19381443298969073
memory-fragmented-04,FLEX_POOL,SHARED_NIC,32,74,4,frag-small-032,frag-small-081,392,93,0.19175257731958764
memory-fragmented-04,FLEX_POOL,SHARED_NIC,32,74,5,frag-small-033,frag-small-067,391,94,0.19381443298969073
memory-fragmented-04,FLEX_POOL,SHARED_NIC,32,74,6,frag-small-042,frag-small-045,353,132,0.2721649484536082
memory-fragmented-04,FLEX_POOL,SHARED_NIC,32,74,7,frag-small-045,frag-small-043,353,132,0.2721649484536082
memory-fragmented-04,FLEX_POOL,SHARED_NIC,32,83,1,frag-small-066,frag-small-065,340,145,0.29896907216494845
memory-fragmented-04,FLEX_POOL,SHARED_NIC,32,83,7,frag-small-031,frag-small-089,463,22,0.04536082474226804
memory-fragmented-04,FLEX_POOL,SHARED_NIC,64,5,0,frag-whole-019,frag-small-072,194,131,0.40307692307692305
memory-fragmented-04,FLEX_POOL,SHARED_NIC,64,5,1,frag-small-103,frag-small-072,261,64,0.19692307692307692
memory-fragmented-04,FLEX_POOL,SHARED_NIC,64,5,2,frag-small-090,frag-small-055,247,78,0.24
memory-fragmented-04,FLEX_POOL,SHARED_NIC,64,5,3,frag-small-063,frag-small-055,297,28,0.08615384615384615
memory-fragmented-04,FLEX_POOL,SHARED_NIC,64,5,4,frag-small-100,frag-small-057,156,169,0.52
memory-fragmented-04,FLEX_POOL,SHARED_NIC,64,5,5,frag-small-094,frag-small-057,196,129,0.39692307692307693
memory-fragmented-04,FLEX_POOL,SHARED_NIC,64,5,6,frag-small-078,frag-small-046,150,175,0.5384615384615384
memory-fragmented-04,FLEX_POOL,SHARED_NIC,64,5,7,frag-small-073,frag-small-046,203,122,0.37538461538461537
memory-fragmented-04,FLEX_POOL,SHARED_NIC,64,74,0,frag-whole-014,frag-small-092,281,44,0.13538461538461538
memory-fragmented-04,FLEX_POOL,SHARED_NIC,64,74,1,frag-whole-008,frag-small-083,276,49,0.15076923076923077
memory-fragmented-04,FLEX_POOL,SHARED_NIC,64,74,2,frag-whole-003,frag-small-086,276,49,0.15076923076923077
memory-fragmented-04,FLEX_POOL,SHARED_NIC,64,74,3,frag-small-026,frag-small-064,257,68,0.20923076923076922
memory-fragmented-04,FLEX_POOL,SHARED_NIC,64,74,4,frag-small-032,frag-small-081,258,67,0.20615384615384616
memory-fragmented-04,FLEX_POOL,SHARED_NIC,64,74,5,frag-small-033,frag-small-067,257,68,0.20923076923076922
memory-fragmented-04,FLEX_POOL,SHARED_NIC,64,74,6,frag-small-042,frag-small-045,241,84,0.25846153846153846
memory-fragmented-04,FLEX_POOL,SHARED_NIC,64,74,7,frag-small-045,frag-small-043,241,84,0.25846153846153846
memory-fragmented-04,FLEX_POOL,SHARED_NIC,64,83,1,frag-small-066,frag-small-065,237,88,0.27076923076923076
memory-fragmented-04,FLEX_POOL,SHARED_NIC,64,83,7,frag-small-031,frag-small-089,306,19,0.05846153846153846
memory-fragmented-04,FLEX_POOL,SHARED_NIC,128,5,0,frag-whole-019,frag-small-072,398,247,0.3829457364341085
memory-fragmented-04,FLEX_POOL,SHARED_NIC,128,5,1,frag-small-103,frag-small-072,510,135,0.20930232558139536
memory-fragmented-04,FLEX_POOL,SHARED_NIC,128,5,2,frag-small-090,frag-small-055,494,151,0.23410852713178296
memory-fragmented-04,FLEX_POOL,SHARED_NIC,128,5,3,frag-small-063,frag-small-055,567,78,0.12093023255813953
memory-fragmented-04,FLEX_POOL,SHARED_NIC,128,5,4,frag-small-100,frag-small-057,311,334,0.517829457364341
memory-fragmented-04,FLEX_POOL,SHARED_NIC,128,5,5,frag-small-094,frag-small-057,429,216,0.33488372093023255
memory-fragmented-04,FLEX_POOL,SHARED_NIC,128,5,6,frag-small-078,frag-small-046,308,337,0.5224806201550387
memory-fragmented-04,FLEX_POOL,SHARED_NIC,128,5,7,frag-small-073,frag-small-046,435,210,0.32558139534883723
memory-fragmented-04,FLEX_POOL,SHARED_NIC,128,74,0,frag-whole-014,frag-small-092,565,80,0.12403100775193798
memory-fragmented-04,FLEX_POOL,SHARED_NIC,128,74,1,frag-whole-008,frag-small-083,550,95,0.14728682170542637
memory-fragmented-04,FLEX_POOL,SHARED_NIC,128,74,2,frag-whole-003,frag-small-086,552,93,0.14418604651162792
memory-fragmented-04,FLEX_POOL,SHARED_NIC,128,74,3,frag-small-026,frag-small-064,530,115,0.17829457364341086
memory-fragmented-04,FLEX_POOL,SHARED_NIC,128,74,4,frag-small-032,frag-small-081,530,115,0.17829457364341086
memory-fragmented-04,FLEX_POOL,SHARED_NIC,128,74,5,frag-small-033,frag-small-067,528,117,0.1813953488372093
memory-fragmented-04,FLEX_POOL,SHARED_NIC,128,74,6,frag-small-042,frag-small-045,474,171,0.2651162790697674
memory-fragmented-04,FLEX_POOL,SHARED_NIC,128,74,7,frag-small-045,frag-small-043,474,171,0.2651162790697674
memory-fragmented-04,FLEX_POOL,SHARED_NIC,128,83,1,frag-small-066,frag-small-065,460,185,0.2868217054263566
memory-fragmented-04,FLEX_POOL,SHARED_NIC,128,83,7,frag-small-031,frag-small-089,609,36,0.05581395348837209
memory-fragmented-05,FLEX_FREE,SHARED_NIC,1,10,1,frag-whole-040,frag-whole-009,512,128,0.2
memory-fragmented-05,FLEX_FREE,SHARED_NIC,1,10,3,frag-whole-036,frag-whole-009,640,0,0.0
memory-fragmented-05,FLEX_FREE,SHARED_NIC,1,10,4,frag-whole-019,frag-whole-025,640,0,0.0
memory-fragmented-05,FLEX_FREE,SHARED_NIC,1,10,6,frag-whole-022,frag-whole-025,384,256,0.4
memory-fragmented-05,FLEX_FREE,SHARED_NIC,8,10,1,frag-whole-040,frag-whole-009,410,195,0.32231404958677684
memory-fragmented-05,FLEX_FREE,SHARED_NIC,8,10,3,frag-whole-036,frag-whole-009,460,145,0.2396694214876033
memory-fragmented-05,FLEX_FREE,SHARED_NIC,8,10,4,frag-whole-019,frag-whole-025,410,195,0.32231404958677684
memory-fragmented-05,FLEX_FREE,SHARED_NIC,8,10,6,frag-whole-022,frag-whole-025,396,209,0.34545454545454546
memory-fragmented-05,FLEX_FREE,SHARED_NIC,32,10,1,frag-whole-040,frag-whole-009,329,156,0.3216494845360825
memory-fragmented-05,FLEX_FREE,SHARED_NIC,32,10,3,frag-whole-036,frag-whole-009,368,117,0.24123711340206186
memory-fragmented-05,FLEX_FREE,SHARED_NIC,32,10,4,frag-whole-019,frag-whole-025,330,155,0.31958762886597936
memory-fragmented-05,FLEX_FREE,SHARED_NIC,32,10,6,frag-whole-022,frag-whole-025,317,168,0.3463917525773196
memory-fragmented-05,FLEX_FREE,SHARED_NIC,64,10,1,frag-whole-040,frag-whole-009,232,93,0.28615384615384615
memory-fragmented-05,FLEX_FREE,SHARED_NIC,64,10,3,frag-whole-036,frag-whole-009,253,72,0.22153846153846155
memory-fragmented-05,FLEX_FREE,SHARED_NIC,64,10,4,frag-whole-019,frag-whole-025,216,109,0.3353846153846154
memory-fragmented-05,FLEX_FREE,SHARED_NIC,64,10,6,frag-whole-022,frag-whole-025,224,101,0.31076923076923074
memory-fragmented-05,FLEX_FREE,SHARED_NIC,128,10,1,frag-whole-040,frag-whole-009,440,205,0.3178294573643411
memory-fragmented-05,FLEX_FREE,SHARED_NIC,128,10,3,frag-whole-036,frag-whole-009,498,147,0.22790697674418606
memory-fragmented-05,FLEX_FREE,SHARED_NIC,128,10,4,frag-whole-019,frag-whole-025,462,183,0.2837209302325581
memory-fragmented-05,FLEX_FREE,SHARED_NIC,128,10,6,frag-whole-022,frag-whole-025,431,214,0.33178294573643413
memory-fragmented-05,FLEX_POOL,LEGACY_DIRECTED_LINK,1,10,1,frag-whole-040,frag-whole-009,640,0,0.0
memory-fragmented-05,FLEX_POOL,LEGACY_DIRECTED_LINK,1,10,3,frag-whole-036,frag-whole-009,640,0,0.0
memory-fragmented-05,FLEX_POOL,LEGACY_DIRECTED_LINK,1,10,4,frag-whole-019,frag-whole-025,640,0,0.0
memory-fragmented-05,FLEX_POOL,LEGACY_DIRECTED_LINK,1,10,6,frag-whole-022,frag-whole-025,640,0,0.0
memory-fragmented-05,FLEX_POOL,LEGACY_DIRECTED_LINK,8,10,1,frag-whole-040,frag-whole-009,605,0,0.0
memory-fragmented-05,FLEX_POOL,LEGACY_DIRECTED_LINK,8,10,3,frag-whole-036,frag-whole-009,605,0,0.0
memory-fragmented-05,FLEX_POOL,LEGACY_DIRECTED_LINK,8,10,4,frag-whole-019,frag-whole-025,605,0,0.0
memory-fragmented-05,FLEX_POOL,LEGACY_DIRECTED_LINK,8,10,6,frag-whole-022,frag-whole-025,605,0,0.0
memory-fragmented-05,FLEX_POOL,LEGACY_DIRECTED_LINK,32,10,1,frag-whole-040,frag-whole-009,485,0,0.0
memory-fragmented-05,FLEX_POOL,LEGACY_DIRECTED_LINK,32,10,3,frag-whole-036,frag-whole-009,485,0,0.0
memory-fragmented-05,FLEX_POOL,LEGACY_DIRECTED_LINK,32,10,4,frag-whole-019,frag-whole-025,485,0,0.0
memory-fragmented-05,FLEX_POOL,LEGACY_DIRECTED_LINK,32,10,6,frag-whole-022,frag-whole-025,485,0,0.0
memory-fragmented-05,FLEX_POOL,LEGACY_DIRECTED_LINK,64,10,1,frag-whole-040,frag-whole-009,325,0,0.0
memory-fragmented-05,FLEX_POOL,LEGACY_DIRECTED_LINK,64,10,3,frag-whole-036,frag-whole-009,325,0,0.0
memory-fragmented-05,FLEX_POOL,LEGACY_DIRECTED_LINK,64,10,4,frag-whole-019,frag-whole-025,325,0,0.0
memory-fragmented-05,FLEX_POOL,LEGACY_DIRECTED_LINK,64,10,6,frag-whole-022,frag-whole-025,325,0,0.0
memory-fragmented-05,FLEX_POOL,LEGACY_DIRECTED_LINK,128,10,1,frag-whole-040,frag-whole-009,645,0,0.0
memory-fragmented-05,FLEX_POOL,LEGACY_DIRECTED_LINK,128,10,3,frag-whole-036,frag-whole-009,645,0,0.0
memory-fragmented-05,FLEX_POOL,LEGACY_DIRECTED_LINK,128,10,4,frag-whole-019,frag-whole-025,645,0,0.0
memory-fragmented-05,FLEX_POOL,LEGACY_DIRECTED_LINK,128,10,6,frag-whole-022,frag-whole-025,645,0,0.0
memory-fragmented-05,FLEX_POOL,SHARED_NIC,1,10,1,frag-whole-040,frag-whole-009,512,128,0.2
memory-fragmented-05,FLEX_POOL,SHARED_NIC,1,10,3,frag-whole-036,frag-whole-009,640,0,0.0
memory-fragmented-05,FLEX_POOL,SHARED_NIC,1,10,4,frag-whole-019,frag-whole-025,640,0,0.0
memory-fragmented-05,FLEX_POOL,SHARED_NIC,1,10,6,frag-whole-022,frag-whole-025,384,256,0.4
memory-fragmented-05,FLEX_POOL,SHARED_NIC,8,10,1,frag-whole-040,frag-whole-009,410,195,0.32231404958677684
memory-fragmented-05,FLEX_POOL,SHARED_NIC,8,10,3,frag-whole-036,frag-whole-009,460,145,0.2396694214876033
memory-fragmented-05,FLEX_POOL,SHARED_NIC,8,10,4,frag-whole-019,frag-whole-025,410,195,0.32231404958677684
memory-fragmented-05,FLEX_POOL,SHARED_NIC,8,10,6,frag-whole-022,frag-whole-025,396,209,0.34545454545454546
memory-fragmented-05,FLEX_POOL,SHARED_NIC,32,10,1,frag-whole-040,frag-whole-009,329,156,0.3216494845360825
memory-fragmented-05,FLEX_POOL,SHARED_NIC,32,10,3,frag-whole-036,frag-whole-009,368,117,0.24123711340206186
memory-fragmented-05,FLEX_POOL,SHARED_NIC,32,10,4,frag-whole-019,frag-whole-025,330,155,0.31958762886597936
memory-fragmented-05,FLEX_POOL,SHARED_NIC,32,10,6,frag-whole-022,frag-whole-025,317,168,0.3463917525773196
memory-fragmented-05,FLEX_POOL,SHARED_NIC,64,10,1,frag-whole-040,frag-whole-009,232,93,0.28615384615384615
memory-fragmented-05,FLEX_POOL,SHARED_NIC,64,10,3,frag-whole-036,frag-whole-009,253,72,0.22153846153846155
memory-fragmented-05,FLEX_POOL,SHARED_NIC,64,10,4,frag-whole-019,frag-whole-025,216,109,0.3353846153846154
memory-fragmented-05,FLEX_POOL,SHARED_NIC,64,10,6,frag-whole-022,frag-whole-025,224,101,0.31076923076923074
memory-fragmented-05,FLEX_POOL,SHARED_NIC,128,10,1,frag-whole-040,frag-whole-009,440,205,0.3178294573643411
memory-fragmented-05,FLEX_POOL,SHARED_NIC,128,10,3,frag-whole-036,frag-whole-009,498,147,0.22790697674418606
memory-fragmented-05,FLEX_POOL,SHARED_NIC,128,10,4,frag-whole-019,frag-whole-025,462,183,0.2837209302325581
memory-fragmented-05,FLEX_POOL,SHARED_NIC,128,10,6,frag-whole-022,frag-whole-025,431,214,0.33178294573643413
compute-heterogeneous-02,FLEX_FREE,SHARED_NIC,1,1,0,compute-main-024,compute-spare-055,640,0,0.0
compute-heterogeneous-02,FLEX_FREE,SHARED_NIC,1,1,1,compute-spare-055,compute-spare-059,640,0,0.0
compute-heterogeneous-02,FLEX_FREE,SHARED_NIC,1,1,2,compute-spare-057,compute-spare-055,512,128,0.2
compute-heterogeneous-02,FLEX_FREE,SHARED_NIC,1,1,3,compute-spare-059,compute-spare-055,640,0,0.0
compute-heterogeneous-02,FLEX_FREE,SHARED_NIC,1,1,4,compute-main-031,compute-spare-059,640,0,0.0
compute-heterogeneous-02,FLEX_FREE,SHARED_NIC,1,1,5,compute-main-021,compute-spare-059,640,0,0.0
compute-heterogeneous-02,FLEX_FREE,SHARED_NIC,1,1,6,compute-main-026,compute-spare-057,512,128,0.2
compute-heterogeneous-02,FLEX_FREE,SHARED_NIC,1,1,7,compute-main-028,compute-spare-057,640,0,0.0
compute-heterogeneous-02,FLEX_FREE,SHARED_NIC,8,1,0,compute-main-024,compute-spare-055,428,177,0.29256198347107437
compute-heterogeneous-02,FLEX_FREE,SHARED_NIC,8,1,1,compute-spare-055,compute-spare-059,438,167,0.27603305785123966
compute-heterogeneous-02,FLEX_FREE,SHARED_NIC,8,1,2,compute-spare-057,compute-spare-055,416,189,0.31239669421487604
compute-heterogeneous-02,FLEX_FREE,SHARED_NIC,8,1,3,compute-spare-059,compute-spare-055,192,413,0.6826446280991736
compute-heterogeneous-02,FLEX_FREE,SHARED_NIC,8,1,4,compute-main-031,compute-spare-059,363,242,0.4
compute-heterogeneous-02,FLEX_FREE,SHARED_NIC,8,1,5,compute-main-021,compute-spare-059,341,264,0.43636363636363634
compute-heterogeneous-02,FLEX_FREE,SHARED_NIC,8,1,6,compute-main-026,compute-spare-057,360,245,0.4049586776859504
compute-heterogeneous-02,FLEX_FREE,SHARED_NIC,8,1,7,compute-main-028,compute-spare-057,344,261,0.43140495867768597
compute-heterogeneous-02,FLEX_FREE,SHARED_NIC,32,1,0,compute-main-024,compute-spare-055,348,137,0.2824742268041237
compute-heterogeneous-02,FLEX_FREE,SHARED_NIC,32,1,1,compute-spare-055,compute-spare-059,358,127,0.2618556701030928
compute-heterogeneous-02,FLEX_FREE,SHARED_NIC,32,1,2,compute-spare-057,compute-spare-055,316,169,0.34845360824742266
compute-heterogeneous-02,FLEX_FREE,SHARED_NIC,32,1,3,compute-spare-059,compute-spare-055,169,316,0.6515463917525773
compute-heterogeneous-02,FLEX_FREE,SHARED_NIC,32,1,4,compute-main-031,compute-spare-059,294,191,0.3938144329896907
compute-heterogeneous-02,FLEX_FREE,SHARED_NIC,32,1,5,compute-main-021,compute-spare-059,284,201,0.4144329896907217
compute-heterogeneous-02,FLEX_FREE,SHARED_NIC,32,1,6,compute-main-026,compute-spare-057,281,204,0.42061855670103093
compute-heterogeneous-02,FLEX_FREE,SHARED_NIC,32,1,7,compute-main-028,compute-spare-057,274,211,0.4350515463917526
compute-heterogeneous-02,FLEX_FREE,SHARED_NIC,64,1,0,compute-main-024,compute-spare-055,238,87,0.2676923076923077
compute-heterogeneous-02,FLEX_FREE,SHARED_NIC,64,1,1,compute-spare-055,compute-spare-059,245,80,0.24615384615384617
compute-heterogeneous-02,FLEX_FREE,SHARED_NIC,64,1,2,compute-spare-057,compute-spare-055,205,120,0.36923076923076925
compute-heterogeneous-02,FLEX_FREE,SHARED_NIC,64,1,3,compute-spare-059,compute-spare-055,121,204,0.6276923076923077
compute-heterogeneous-02,FLEX_FREE,SHARED_NIC,64,1,4,compute-main-031,compute-spare-059,181,144,0.4430769230769231
compute-heterogeneous-02,FLEX_FREE,SHARED_NIC,64,1,5,compute-main-021,compute-spare-059,195,130,0.4
compute-heterogeneous-02,FLEX_FREE,SHARED_NIC,64,1,6,compute-main-026,compute-spare-057,175,150,0.46153846153846156
compute-heterogeneous-02,FLEX_FREE,SHARED_NIC,64,1,7,compute-main-028,compute-spare-057,166,159,0.48923076923076925
compute-heterogeneous-02,FLEX_FREE,SHARED_NIC,128,1,0,compute-main-024,compute-spare-055,460,185,0.2868217054263566
compute-heterogeneous-02,FLEX_FREE,SHARED_NIC,128,1,1,compute-spare-055,compute-spare-059,470,175,0.2713178294573643
compute-heterogeneous-02,FLEX_FREE,SHARED_NIC,128,1,2,compute-spare-057,compute-spare-055,430,215,0.3333333333333333
compute-heterogeneous-02,FLEX_FREE,SHARED_NIC,128,1,3,compute-spare-059,compute-spare-055,214,431,0.6682170542635659
compute-heterogeneous-02,FLEX_FREE,SHARED_NIC,128,1,4,compute-main-031,compute-spare-059,372,273,0.4232558139534884
compute-heterogeneous-02,FLEX_FREE,SHARED_NIC,128,1,5,compute-main-021,compute-spare-059,371,274,0.4248062015503876
compute-heterogeneous-02,FLEX_FREE,SHARED_NIC,128,1,6,compute-main-026,compute-spare-057,384,261,0.4046511627906977
compute-heterogeneous-02,FLEX_FREE,SHARED_NIC,128,1,7,compute-main-028,compute-spare-057,365,280,0.43410852713178294
compute-heterogeneous-02,FLEX_POOL,LEGACY_DIRECTED_LINK,1,1,0,compute-main-024,compute-spare-055,640,0,0.0
compute-heterogeneous-02,FLEX_POOL,LEGACY_DIRECTED_LINK,1,1,1,compute-spare-055,compute-spare-059,640,0,0.0
compute-heterogeneous-02,FLEX_POOL,LEGACY_DIRECTED_LINK,1,1,2,compute-spare-057,compute-spare-055,640,0,0.0
compute-heterogeneous-02,FLEX_POOL,LEGACY_DIRECTED_LINK,1,1,3,compute-spare-059,compute-spare-055,640,0,0.0
compute-heterogeneous-02,FLEX_POOL,LEGACY_DIRECTED_LINK,1,1,4,compute-main-031,compute-spare-059,640,0,0.0
compute-heterogeneous-02,FLEX_POOL,LEGACY_DIRECTED_LINK,1,1,5,compute-main-021,compute-spare-059,640,0,0.0
compute-heterogeneous-02,FLEX_POOL,LEGACY_DIRECTED_LINK,1,1,6,compute-main-026,compute-spare-057,640,0,0.0
compute-heterogeneous-02,FLEX_POOL,LEGACY_DIRECTED_LINK,1,1,7,compute-main-028,compute-spare-057,640,0,0.0
compute-heterogeneous-02,FLEX_POOL,LEGACY_DIRECTED_LINK,8,1,0,compute-main-024,compute-spare-055,605,0,0.0
compute-heterogeneous-02,FLEX_POOL,LEGACY_DIRECTED_LINK,8,1,1,compute-spare-055,compute-spare-059,605,0,0.0
compute-heterogeneous-02,FLEX_POOL,LEGACY_DIRECTED_LINK,8,1,2,compute-spare-057,compute-spare-055,605,0,0.0
compute-heterogeneous-02,FLEX_POOL,LEGACY_DIRECTED_LINK,8,1,3,compute-spare-059,compute-spare-055,605,0,0.0
compute-heterogeneous-02,FLEX_POOL,LEGACY_DIRECTED_LINK,8,1,4,compute-main-031,compute-spare-059,605,0,0.0
compute-heterogeneous-02,FLEX_POOL,LEGACY_DIRECTED_LINK,8,1,5,compute-main-021,compute-spare-059,605,0,0.0
compute-heterogeneous-02,FLEX_POOL,LEGACY_DIRECTED_LINK,8,1,6,compute-main-026,compute-spare-057,605,0,0.0
compute-heterogeneous-02,FLEX_POOL,LEGACY_DIRECTED_LINK,8,1,7,compute-main-028,compute-spare-057,605,0,0.0
compute-heterogeneous-02,FLEX_POOL,LEGACY_DIRECTED_LINK,32,1,0,compute-main-024,compute-spare-055,485,0,0.0
compute-heterogeneous-02,FLEX_POOL,LEGACY_DIRECTED_LINK,32,1,1,compute-spare-055,compute-spare-059,485,0,0.0
compute-heterogeneous-02,FLEX_POOL,LEGACY_DIRECTED_LINK,32,1,2,compute-spare-057,compute-spare-055,485,0,0.0
compute-heterogeneous-02,FLEX_POOL,LEGACY_DIRECTED_LINK,32,1,3,compute-spare-059,compute-spare-055,485,0,0.0
compute-heterogeneous-02,FLEX_POOL,LEGACY_DIRECTED_LINK,32,1,4,compute-main-031,compute-spare-059,485,0,0.0
compute-heterogeneous-02,FLEX_POOL,LEGACY_DIRECTED_LINK,32,1,5,compute-main-021,compute-spare-059,485,0,0.0
compute-heterogeneous-02,FLEX_POOL,LEGACY_DIRECTED_LINK,32,1,6,compute-main-026,compute-spare-057,485,0,0.0
compute-heterogeneous-02,FLEX_POOL,LEGACY_DIRECTED_LINK,32,1,7,compute-main-028,compute-spare-057,485,0,0.0
compute-heterogeneous-02,FLEX_POOL,LEGACY_DIRECTED_LINK,64,1,0,compute-main-024,compute-spare-055,325,0,0.0
compute-heterogeneous-02,FLEX_POOL,LEGACY_DIRECTED_LINK,64,1,1,compute-spare-055,compute-spare-059,325,0,0.0
compute-heterogeneous-02,FLEX_POOL,LEGACY_DIRECTED_LINK,64,1,2,compute-spare-057,compute-spare-055,325,0,0.0
compute-heterogeneous-02,FLEX_POOL,LEGACY_DIRECTED_LINK,64,1,3,compute-spare-059,compute-spare-055,325,0,0.0
compute-heterogeneous-02,FLEX_POOL,LEGACY_DIRECTED_LINK,64,1,4,compute-main-031,compute-spare-059,325,0,0.0
compute-heterogeneous-02,FLEX_POOL,LEGACY_DIRECTED_LINK,64,1,5,compute-main-021,compute-spare-059,325,0,0.0
compute-heterogeneous-02,FLEX_POOL,LEGACY_DIRECTED_LINK,64,1,6,compute-main-026,compute-spare-057,325,0,0.0
compute-heterogeneous-02,FLEX_POOL,LEGACY_DIRECTED_LINK,64,1,7,compute-main-028,compute-spare-057,325,0,0.0
compute-heterogeneous-02,FLEX_POOL,LEGACY_DIRECTED_LINK,128,1,0,compute-main-024,compute-spare-055,645,0,0.0
compute-heterogeneous-02,FLEX_POOL,LEGACY_DIRECTED_LINK,128,1,1,compute-spare-055,compute-spare-059,645,0,0.0
compute-heterogeneous-02,FLEX_POOL,LEGACY_DIRECTED_LINK,128,1,2,compute-spare-057,compute-spare-055,645,0,0.0
compute-heterogeneous-02,FLEX_POOL,LEGACY_DIRECTED_LINK,128,1,3,compute-spare-059,compute-spare-055,645,0,0.0
compute-heterogeneous-02,FLEX_POOL,LEGACY_DIRECTED_LINK,128,1,4,compute-main-031,compute-spare-059,645,0,0.0
compute-heterogeneous-02,FLEX_POOL,LEGACY_DIRECTED_LINK,128,1,5,compute-main-021,compute-spare-059,645,0,0.0
compute-heterogeneous-02,FLEX_POOL,LEGACY_DIRECTED_LINK,128,1,6,compute-main-026,compute-spare-057,645,0,0.0
compute-heterogeneous-02,FLEX_POOL,LEGACY_DIRECTED_LINK,128,1,7,compute-main-028,compute-spare-057,645,0,0.0
compute-heterogeneous-02,FLEX_POOL,SHARED_NIC,1,1,0,compute-main-024,compute-spare-055,640,0,0.0
compute-heterogeneous-02,FLEX_POOL,SHARED_NIC,1,1,1,compute-spare-055,compute-spare-059,640,0,0.0
compute-heterogeneous-02,FLEX_POOL,SHARED_NIC,1,1,2,compute-spare-057,compute-spare-055,512,128,0.2
compute-heterogeneous-02,FLEX_POOL,SHARED_NIC,1,1,3,compute-spare-059,compute-spare-055,640,0,0.0
compute-heterogeneous-02,FLEX_POOL,SHARED_NIC,1,1,4,compute-main-031,compute-spare-059,640,0,0.0
compute-heterogeneous-02,FLEX_POOL,SHARED_NIC,1,1,5,compute-main-021,compute-spare-059,640,0,0.0
compute-heterogeneous-02,FLEX_POOL,SHARED_NIC,1,1,6,compute-main-026,compute-spare-057,512,128,0.2
compute-heterogeneous-02,FLEX_POOL,SHARED_NIC,1,1,7,compute-main-028,compute-spare-057,640,0,0.0
compute-heterogeneous-02,FLEX_POOL,SHARED_NIC,8,1,0,compute-main-024,compute-spare-055,428,177,0.29256198347107437
compute-heterogeneous-02,FLEX_POOL,SHARED_NIC,8,1,1,compute-spare-055,compute-spare-059,438,167,0.27603305785123966
compute-heterogeneous-02,FLEX_POOL,SHARED_NIC,8,1,2,compute-spare-057,compute-spare-055,416,189,0.31239669421487604
compute-heterogeneous-02,FLEX_POOL,SHARED_NIC,8,1,3,compute-spare-059,compute-spare-055,192,413,0.6826446280991736
compute-heterogeneous-02,FLEX_POOL,SHARED_NIC,8,1,4,compute-main-031,compute-spare-059,363,242,0.4
compute-heterogeneous-02,FLEX_POOL,SHARED_NIC,8,1,5,compute-main-021,compute-spare-059,341,264,0.43636363636363634
compute-heterogeneous-02,FLEX_POOL,SHARED_NIC,8,1,6,compute-main-026,compute-spare-057,360,245,0.4049586776859504
compute-heterogeneous-02,FLEX_POOL,SHARED_NIC,8,1,7,compute-main-028,compute-spare-057,344,261,0.43140495867768597
compute-heterogeneous-02,FLEX_POOL,SHARED_NIC,32,1,0,compute-main-024,compute-spare-055,348,137,0.2824742268041237
compute-heterogeneous-02,FLEX_POOL,SHARED_NIC,32,1,1,compute-spare-055,compute-spare-059,358,127,0.2618556701030928
compute-heterogeneous-02,FLEX_POOL,SHARED_NIC,32,1,2,compute-spare-057,compute-spare-055,316,169,0.34845360824742266
compute-heterogeneous-02,FLEX_POOL,SHARED_NIC,32,1,3,compute-spare-059,compute-spare-055,169,316,0.6515463917525773
compute-heterogeneous-02,FLEX_POOL,SHARED_NIC,32,1,4,compute-main-031,compute-spare-059,294,191,0.3938144329896907
compute-heterogeneous-02,FLEX_POOL,SHARED_NIC,32,1,5,compute-main-021,compute-spare-059,284,201,0.4144329896907217
compute-heterogeneous-02,FLEX_POOL,SHARED_NIC,32,1,6,compute-main-026,compute-spare-057,281,204,0.42061855670103093
compute-heterogeneous-02,FLEX_POOL,SHARED_NIC,32,1,7,compute-main-028,compute-spare-057,274,211,0.4350515463917526
compute-heterogeneous-02,FLEX_POOL,SHARED_NIC,64,1,0,compute-main-024,compute-spare-055,238,87,0.2676923076923077
compute-heterogeneous-02,FLEX_POOL,SHARED_NIC,64,1,1,compute-spare-055,compute-spare-059,245,80,0.24615384615384617
compute-heterogeneous-02,FLEX_POOL,SHARED_NIC,64,1,2,compute-spare-057,compute-spare-055,205,120,0.36923076923076925
compute-heterogeneous-02,FLEX_POOL,SHARED_NIC,64,1,3,compute-spare-059,compute-spare-055,121,204,0.6276923076923077
compute-heterogeneous-02,FLEX_POOL,SHARED_NIC,64,1,4,compute-main-031,compute-spare-059,181,144,0.4430769230769231
compute-heterogeneous-02,FLEX_POOL,SHARED_NIC,64,1,5,compute-main-021,compute-spare-059,195,130,0.4
compute-heterogeneous-02,FLEX_POOL,SHARED_NIC,64,1,6,compute-main-026,compute-spare-057,175,150,0.46153846153846156
compute-heterogeneous-02,FLEX_POOL,SHARED_NIC,64,1,7,compute-main-028,compute-spare-057,166,159,0.48923076923076925
compute-heterogeneous-02,FLEX_POOL,SHARED_NIC,128,1,0,compute-main-024,compute-spare-055,460,185,0.2868217054263566
compute-heterogeneous-02,FLEX_POOL,SHARED_NIC,128,1,1,compute-spare-055,compute-spare-059,470,175,0.2713178294573643
compute-heterogeneous-02,FLEX_POOL,SHARED_NIC,128,1,2,compute-spare-057,compute-spare-055,430,215,0.3333333333333333
compute-heterogeneous-02,FLEX_POOL,SHARED_NIC,128,1,3,compute-spare-059,compute-spare-055,214,431,0.6682170542635659
compute-heterogeneous-02,FLEX_POOL,SHARED_NIC,128,1,4,compute-main-031,compute-spare-059,372,273,0.4232558139534884
compute-heterogeneous-02,FLEX_POOL,SHARED_NIC,128,1,5,compute-main-021,compute-spare-059,371,274,0.4248062015503876
compute-heterogeneous-02,FLEX_POOL,SHARED_NIC,128,1,6,compute-main-026,compute-spare-057,384,261,0.4046511627906977
compute-heterogeneous-02,FLEX_POOL,SHARED_NIC,128,1,7,compute-main-028,compute-spare-057,365,280,0.43410852713178294
compute-heterogeneous-06,FLEX_FREE,SHARED_NIC,1,43,0,compute-main-025,compute-spare-050,512,128,0.2
compute-heterogeneous-06,FLEX_FREE,SHARED_NIC,1,43,1,compute-spare-050,compute-spare-049,512,128,0.2
compute-heterogeneous-06,FLEX_FREE,SHARED_NIC,1,43,2,compute-spare-049,compute-spare-050,512,128,0.2
compute-heterogeneous-06,FLEX_FREE,SHARED_NIC,1,43,3,compute-spare-051,compute-spare-050,512,128,0.2
compute-heterogeneous-06,FLEX_FREE,SHARED_NIC,1,43,4,compute-main-027,compute-spare-049,512,128,0.2
compute-heterogeneous-06,FLEX_FREE,SHARED_NIC,1,43,5,compute-main-031,compute-spare-049,640,0,0.0
compute-heterogeneous-06,FLEX_FREE,SHARED_NIC,1,43,6,compute-main-043,compute-spare-051,512,128,0.2
compute-heterogeneous-06,FLEX_FREE,SHARED_NIC,1,43,7,compute-main-047,compute-spare-051,512,128,0.2
compute-heterogeneous-06,FLEX_FREE,SHARED_NIC,8,43,0,compute-main-025,compute-spare-050,482,123,0.20330578512396694
compute-heterogeneous-06,FLEX_FREE,SHARED_NIC,8,43,1,compute-spare-050,compute-spare-049,475,130,0.21487603305785125
compute-heterogeneous-06,FLEX_FREE,SHARED_NIC,8,43,2,compute-spare-049,compute-spare-050,418,187,0.3090909090909091
compute-heterogeneous-06,FLEX_FREE,SHARED_NIC,8,43,3,compute-spare-051,compute-spare-050,418,187,0.3090909090909091
compute-heterogeneous-06,FLEX_FREE,SHARED_NIC,8,43,4,compute-main-027,compute-spare-049,463,142,0.23471074380165288
compute-heterogeneous-06,FLEX_FREE,SHARED_NIC,8,43,5,compute-main-031,compute-spare-049,526,79,0.1305785123966942
compute-heterogeneous-06,FLEX_FREE,SHARED_NIC,8,43,6,compute-main-043,compute-spare-051,489,116,0.19173553719008266
compute-heterogeneous-06,FLEX_FREE,SHARED_NIC,8,43,7,compute-main-047,compute-spare-051,463,142,0.23471074380165288
compute-heterogeneous-06,FLEX_FREE,SHARED_NIC,32,43,0,compute-main-025,compute-spare-050,393,92,0.18969072164948453
compute-heterogeneous-06,FLEX_FREE,SHARED_NIC,32,43,1,compute-spare-050,compute-spare-049,383,102,0.21030927835051547
compute-heterogeneous-06,FLEX_FREE,SHARED_NIC,32,43,2,compute-spare-049,compute-spare-050,337,148,0.30515463917525776
compute-heterogeneous-06,FLEX_FREE,SHARED_NIC,32,43,3,compute-spare-051,compute-spare-050,322,163,0.33608247422680415
compute-heterogeneous-06,FLEX_FREE,SHARED_NIC,32,43,4,compute-main-027,compute-spare-049,367,118,0.24329896907216494
compute-heterogeneous-06,FLEX_FREE,SHARED_NIC,32,43,5,compute-main-031,compute-spare-049,427,58,0.11958762886597939
compute-heterogeneous-06,FLEX_FREE,SHARED_NIC,32,43,6,compute-main-043,compute-spare-051,369,116,0.23917525773195877
compute-heterogeneous-06,FLEX_FREE,SHARED_NIC,32,43,7,compute-main-047,compute-spare-051,373,112,0.2309278350515464
compute-heterogeneous-06,FLEX_FREE,SHARED_NIC,64,43,0,compute-main-025,compute-spare-050,254,71,0.21846153846153846
compute-heterogeneous-06,FLEX_FREE,SHARED_NIC,64,43,1,compute-spare-050,compute-spare-049,256,69,0.2123076923076923
compute-heterogeneous-06,FLEX_FREE,SHARED_NIC,64,43,2,compute-spare-049,compute-spare-050,218,107,0.3292307692307692
compute-heterogeneous-06,FLEX_FREE,SHARED_NIC,64,43,3,compute-spare-051,compute-spare-050,230,95,0.2923076923076923
compute-heterogeneous-06,FLEX_FREE,SHARED_NIC,64,43,4,compute-main-027,compute-spare-049,245,80,0.24615384615384617
compute-heterogeneous-06,FLEX_FREE,SHARED_NIC,64,43,5,compute-main-031,compute-spare-049,285,40,0.12307692307692308
compute-heterogeneous-06,FLEX_FREE,SHARED_NIC,64,43,6,compute-main-043,compute-spare-051,253,72,0.22153846153846155
compute-heterogeneous-06,FLEX_FREE,SHARED_NIC,64,43,7,compute-main-047,compute-spare-051,253,72,0.22153846153846155
compute-heterogeneous-06,FLEX_FREE,SHARED_NIC,128,43,0,compute-main-025,compute-spare-050,527,118,0.18294573643410852
compute-heterogeneous-06,FLEX_FREE,SHARED_NIC,128,43,1,compute-spare-050,compute-spare-049,506,139,0.21550387596899226
compute-heterogeneous-06,FLEX_FREE,SHARED_NIC,128,43,2,compute-spare-049,compute-spare-050,428,217,0.3364341085271318
compute-heterogeneous-06,FLEX_FREE,SHARED_NIC,128,43,3,compute-spare-051,compute-spare-050,452,193,0.2992248062015504
compute-heterogeneous-06,FLEX_FREE,SHARED_NIC,128,43,4,compute-main-027,compute-spare-049,467,178,0.27596899224806204
compute-heterogeneous-06,FLEX_FREE,SHARED_NIC,128,43,5,compute-main-031,compute-spare-049,553,92,0.14263565891472868
compute-heterogeneous-06,FLEX_FREE,SHARED_NIC,128,43,6,compute-main-043,compute-spare-051,503,142,0.22015503875968992
compute-heterogeneous-06,FLEX_FREE,SHARED_NIC,128,43,7,compute-main-047,compute-spare-051,483,162,0.25116279069767444
compute-heterogeneous-06,FLEX_POOL,LEGACY_DIRECTED_LINK,1,43,0,compute-main-025,compute-spare-050,640,0,0.0
compute-heterogeneous-06,FLEX_POOL,LEGACY_DIRECTED_LINK,1,43,1,compute-spare-050,compute-spare-049,640,0,0.0
compute-heterogeneous-06,FLEX_POOL,LEGACY_DIRECTED_LINK,1,43,2,compute-spare-049,compute-spare-050,640,0,0.0
compute-heterogeneous-06,FLEX_POOL,LEGACY_DIRECTED_LINK,1,43,3,compute-spare-051,compute-spare-050,640,0,0.0
compute-heterogeneous-06,FLEX_POOL,LEGACY_DIRECTED_LINK,1,43,4,compute-main-027,compute-spare-049,640,0,0.0
compute-heterogeneous-06,FLEX_POOL,LEGACY_DIRECTED_LINK,1,43,5,compute-main-031,compute-spare-049,640,0,0.0
compute-heterogeneous-06,FLEX_POOL,LEGACY_DIRECTED_LINK,1,43,6,compute-main-043,compute-spare-051,640,0,0.0
compute-heterogeneous-06,FLEX_POOL,LEGACY_DIRECTED_LINK,1,43,7,compute-main-047,compute-spare-051,640,0,0.0
compute-heterogeneous-06,FLEX_POOL,LEGACY_DIRECTED_LINK,8,43,0,compute-main-025,compute-spare-050,605,0,0.0
compute-heterogeneous-06,FLEX_POOL,LEGACY_DIRECTED_LINK,8,43,1,compute-spare-050,compute-spare-049,605,0,0.0
compute-heterogeneous-06,FLEX_POOL,LEGACY_DIRECTED_LINK,8,43,2,compute-spare-049,compute-spare-050,605,0,0.0
compute-heterogeneous-06,FLEX_POOL,LEGACY_DIRECTED_LINK,8,43,3,compute-spare-051,compute-spare-050,605,0,0.0
compute-heterogeneous-06,FLEX_POOL,LEGACY_DIRECTED_LINK,8,43,4,compute-main-027,compute-spare-049,605,0,0.0
compute-heterogeneous-06,FLEX_POOL,LEGACY_DIRECTED_LINK,8,43,5,compute-main-031,compute-spare-049,605,0,0.0
compute-heterogeneous-06,FLEX_POOL,LEGACY_DIRECTED_LINK,8,43,6,compute-main-043,compute-spare-051,605,0,0.0
compute-heterogeneous-06,FLEX_POOL,LEGACY_DIRECTED_LINK,8,43,7,compute-main-047,compute-spare-051,605,0,0.0
compute-heterogeneous-06,FLEX_POOL,LEGACY_DIRECTED_LINK,32,43,0,compute-main-025,compute-spare-050,485,0,0.0
compute-heterogeneous-06,FLEX_POOL,LEGACY_DIRECTED_LINK,32,43,1,compute-spare-050,compute-spare-049,485,0,0.0
compute-heterogeneous-06,FLEX_POOL,LEGACY_DIRECTED_LINK,32,43,2,compute-spare-049,compute-spare-050,485,0,0.0
compute-heterogeneous-06,FLEX_POOL,LEGACY_DIRECTED_LINK,32,43,3,compute-spare-051,compute-spare-050,485,0,0.0
compute-heterogeneous-06,FLEX_POOL,LEGACY_DIRECTED_LINK,32,43,4,compute-main-027,compute-spare-049,485,0,0.0
compute-heterogeneous-06,FLEX_POOL,LEGACY_DIRECTED_LINK,32,43,5,compute-main-031,compute-spare-049,485,0,0.0
compute-heterogeneous-06,FLEX_POOL,LEGACY_DIRECTED_LINK,32,43,6,compute-main-043,compute-spare-051,485,0,0.0
compute-heterogeneous-06,FLEX_POOL,LEGACY_DIRECTED_LINK,32,43,7,compute-main-047,compute-spare-051,485,0,0.0
compute-heterogeneous-06,FLEX_POOL,LEGACY_DIRECTED_LINK,64,43,0,compute-main-025,compute-spare-050,325,0,0.0
compute-heterogeneous-06,FLEX_POOL,LEGACY_DIRECTED_LINK,64,43,1,compute-spare-050,compute-spare-049,325,0,0.0
compute-heterogeneous-06,FLEX_POOL,LEGACY_DIRECTED_LINK,64,43,2,compute-spare-049,compute-spare-050,325,0,0.0
compute-heterogeneous-06,FLEX_POOL,LEGACY_DIRECTED_LINK,64,43,3,compute-spare-051,compute-spare-050,325,0,0.0
compute-heterogeneous-06,FLEX_POOL,LEGACY_DIRECTED_LINK,64,43,4,compute-main-027,compute-spare-049,325,0,0.0
compute-heterogeneous-06,FLEX_POOL,LEGACY_DIRECTED_LINK,64,43,5,compute-main-031,compute-spare-049,325,0,0.0
compute-heterogeneous-06,FLEX_POOL,LEGACY_DIRECTED_LINK,64,43,6,compute-main-043,compute-spare-051,325,0,0.0
compute-heterogeneous-06,FLEX_POOL,LEGACY_DIRECTED_LINK,64,43,7,compute-main-047,compute-spare-051,325,0,0.0
compute-heterogeneous-06,FLEX_POOL,LEGACY_DIRECTED_LINK,128,43,0,compute-main-025,compute-spare-050,645,0,0.0
compute-heterogeneous-06,FLEX_POOL,LEGACY_DIRECTED_LINK,128,43,1,compute-spare-050,compute-spare-049,645,0,0.0
compute-heterogeneous-06,FLEX_POOL,LEGACY_DIRECTED_LINK,128,43,2,compute-spare-049,compute-spare-050,645,0,0.0
compute-heterogeneous-06,FLEX_POOL,LEGACY_DIRECTED_LINK,128,43,3,compute-spare-051,compute-spare-050,645,0,0.0
compute-heterogeneous-06,FLEX_POOL,LEGACY_DIRECTED_LINK,128,43,4,compute-main-027,compute-spare-049,645,0,0.0
compute-heterogeneous-06,FLEX_POOL,LEGACY_DIRECTED_LINK,128,43,5,compute-main-031,compute-spare-049,645,0,0.0
compute-heterogeneous-06,FLEX_POOL,LEGACY_DIRECTED_LINK,128,43,6,compute-main-043,compute-spare-051,645,0,0.0
compute-heterogeneous-06,FLEX_POOL,LEGACY_DIRECTED_LINK,128,43,7,compute-main-047,compute-spare-051,645,0,0.0
compute-heterogeneous-06,FLEX_POOL,SHARED_NIC,1,43,0,compute-main-025,compute-spare-050,512,128,0.2
compute-heterogeneous-06,FLEX_POOL,SHARED_NIC,1,43,1,compute-spare-050,compute-spare-049,512,128,0.2
compute-heterogeneous-06,FLEX_POOL,SHARED_NIC,1,43,2,compute-spare-049,compute-spare-050,512,128,0.2
compute-heterogeneous-06,FLEX_POOL,SHARED_NIC,1,43,3,compute-spare-051,compute-spare-050,512,128,0.2
compute-heterogeneous-06,FLEX_POOL,SHARED_NIC,1,43,4,compute-main-027,compute-spare-049,512,128,0.2
compute-heterogeneous-06,FLEX_POOL,SHARED_NIC,1,43,5,compute-main-031,compute-spare-049,640,0,0.0
compute-heterogeneous-06,FLEX_POOL,SHARED_NIC,1,43,6,compute-main-043,compute-spare-051,512,128,0.2
compute-heterogeneous-06,FLEX_POOL,SHARED_NIC,1,43,7,compute-main-047,compute-spare-051,512,128,0.2
compute-heterogeneous-06,FLEX_POOL,SHARED_NIC,8,43,0,compute-main-025,compute-spare-050,482,123,0.20330578512396694
compute-heterogeneous-06,FLEX_POOL,SHARED_NIC,8,43,1,compute-spare-050,compute-spare-049,475,130,0.21487603305785125
compute-heterogeneous-06,FLEX_POOL,SHARED_NIC,8,43,2,compute-spare-049,compute-spare-050,418,187,0.3090909090909091
compute-heterogeneous-06,FLEX_POOL,SHARED_NIC,8,43,3,compute-spare-051,compute-spare-050,418,187,0.3090909090909091
compute-heterogeneous-06,FLEX_POOL,SHARED_NIC,8,43,4,compute-main-027,compute-spare-049,463,142,0.23471074380165288
compute-heterogeneous-06,FLEX_POOL,SHARED_NIC,8,43,5,compute-main-031,compute-spare-049,526,79,0.1305785123966942
compute-heterogeneous-06,FLEX_POOL,SHARED_NIC,8,43,6,compute-main-043,compute-spare-051,489,116,0.19173553719008266
compute-heterogeneous-06,FLEX_POOL,SHARED_NIC,8,43,7,compute-main-047,compute-spare-051,463,142,0.23471074380165288
compute-heterogeneous-06,FLEX_POOL,SHARED_NIC,32,43,0,compute-main-025,compute-spare-050,393,92,0.18969072164948453
compute-heterogeneous-06,FLEX_POOL,SHARED_NIC,32,43,1,compute-spare-050,compute-spare-049,383,102,0.21030927835051547
compute-heterogeneous-06,FLEX_POOL,SHARED_NIC,32,43,2,compute-spare-049,compute-spare-050,337,148,0.30515463917525776
compute-heterogeneous-06,FLEX_POOL,SHARED_NIC,32,43,3,compute-spare-051,compute-spare-050,322,163,0.33608247422680415
compute-heterogeneous-06,FLEX_POOL,SHARED_NIC,32,43,4,compute-main-027,compute-spare-049,367,118,0.24329896907216494
compute-heterogeneous-06,FLEX_POOL,SHARED_NIC,32,43,5,compute-main-031,compute-spare-049,427,58,0.11958762886597939
compute-heterogeneous-06,FLEX_POOL,SHARED_NIC,32,43,6,compute-main-043,compute-spare-051,369,116,0.23917525773195877
compute-heterogeneous-06,FLEX_POOL,SHARED_NIC,32,43,7,compute-main-047,compute-spare-051,373,112,0.2309278350515464
compute-heterogeneous-06,FLEX_POOL,SHARED_NIC,64,43,0,compute-main-025,compute-spare-050,254,71,0.21846153846153846
compute-heterogeneous-06,FLEX_POOL,SHARED_NIC,64,43,1,compute-spare-050,compute-spare-049,256,69,0.2123076923076923
compute-heterogeneous-06,FLEX_POOL,SHARED_NIC,64,43,2,compute-spare-049,compute-spare-050,218,107,0.3292307692307692
compute-heterogeneous-06,FLEX_POOL,SHARED_NIC,64,43,3,compute-spare-051,compute-spare-050,230,95,0.2923076923076923
compute-heterogeneous-06,FLEX_POOL,SHARED_NIC,64,43,4,compute-main-027,compute-spare-049,245,80,0.24615384615384617
compute-heterogeneous-06,FLEX_POOL,SHARED_NIC,64,43,5,compute-main-031,compute-spare-049,285,40,0.12307692307692308
compute-heterogeneous-06,FLEX_POOL,SHARED_NIC,64,43,6,compute-main-043,compute-spare-051,253,72,0.22153846153846155
compute-heterogeneous-06,FLEX_POOL,SHARED_NIC,64,43,7,compute-main-047,compute-spare-051,253,72,0.22153846153846155
compute-heterogeneous-06,FLEX_POOL,SHARED_NIC,128,43,0,compute-main-025,compute-spare-050,527,118,0.18294573643410852
compute-heterogeneous-06,FLEX_POOL,SHARED_NIC,128,43,1,compute-spare-050,compute-spare-049,506,139,0.21550387596899226
compute-heterogeneous-06,FLEX_POOL,SHARED_NIC,128,43,2,compute-spare-049,compute-spare-050,428,217,0.3364341085271318
compute-heterogeneous-06,FLEX_POOL,SHARED_NIC,128,43,3,compute-spare-051,compute-spare-050,452,193,0.2992248062015504
compute-heterogeneous-06,FLEX_POOL,SHARED_NIC,128,43,4,compute-main-027,compute-spare-049,467,178,0.27596899224806204
compute-heterogeneous-06,FLEX_POOL,SHARED_NIC,128,43,5,compute-main-031,compute-spare-049,553,92,0.14263565891472868
compute-heterogeneous-06,FLEX_POOL,SHARED_NIC,128,43,6,compute-main-043,compute-spare-051,503,142,0.22015503875968992
compute-heterogeneous-06,FLEX_POOL,SHARED_NIC,128,43,7,compute-main-047,compute-spare-051,483,162,0.25116279069767444
network-heterogeneous-01,FLEX_FREE,SHARED_NIC,1,2,0,network-main-023,network-main-004,640,0,0.0
network-heterogeneous-01,FLEX_FREE,SHARED_NIC,1,2,3,network-main-012,network-main-004,512,128,0.2
network-heterogeneous-01,FLEX_FREE,SHARED_NIC,1,3,1,network-main-019,network-main-037,512,128,0.2
network-heterogeneous-01,FLEX_FREE,SHARED_NIC,1,3,3,network-main-004,network-main-037,640,0,0.0
network-heterogeneous-01,FLEX_FREE,SHARED_NIC,8,2,0,network-main-023,network-main-004,506,99,0.16363636363636364
network-heterogeneous-01,FLEX_FREE,SHARED_NIC,8,2,3,network-main-012,network-main-004,601,4,0.006611570247933884
network-heterogeneous-01,FLEX_FREE,SHARED_NIC,8,3,1,network-main-019,network-main-037,482,123,0.20330578512396694
network-heterogeneous-01,FLEX_FREE,SHARED_NIC,8,3,3,network-main-004,network-main-037,59,546,0.9024793388429752
network-heterogeneous-01,FLEX_FREE,SHARED_NIC,32,2,0,network-main-023,network-main-004,348,137,0.2824742268041237
network-heterogeneous-01,FLEX_FREE,SHARED_NIC,32,2,3,network-main-012,network-main-004,442,43,0.088659793814433
network-heterogeneous-01,FLEX_FREE,SHARED_NIC,32,3,1,network-main-019,network-main-037,375,110,0.2268041237113402
network-heterogeneous-01,FLEX_FREE,SHARED_NIC,32,3,3,network-main-004,network-main-037,61,424,0.8742268041237113
network-heterogeneous-01,FLEX_FREE,SHARED_NIC,64,2,0,network-main-023,network-main-004,231,94,0.28923076923076924
network-heterogeneous-01,FLEX_FREE,SHARED_NIC,64,2,3,network-main-012,network-main-004,303,22,0.06769230769230769
network-heterogeneous-01,FLEX_FREE,SHARED_NIC,64,3,1,network-main-019,network-main-037,256,69,0.2123076923076923
network-heterogeneous-01,FLEX_FREE,SHARED_NIC,64,3,3,network-main-004,network-main-037,45,280,0.8615384615384616
network-heterogeneous-01,FLEX_FREE,SHARED_NIC,128,2,0,network-main-023,network-main-004,470,175,0.2713178294573643
network-heterogeneous-01,FLEX_FREE,SHARED_NIC,128,2,3,network-main-012,network-main-004,600,45,0.06976744186046512
network-heterogeneous-01,FLEX_FREE,SHARED_NIC,128,3,1,network-main-019,network-main-037,537,108,0.16744186046511628
network-heterogeneous-01,FLEX_FREE,SHARED_NIC,128,3,3,network-main-004,network-main-037,82,563,0.8728682170542635
network-heterogeneous-01,FLEX_POOL,LEGACY_DIRECTED_LINK,1,2,0,network-main-023,network-main-004,640,0,0.0
network-heterogeneous-01,FLEX_POOL,LEGACY_DIRECTED_LINK,1,2,3,network-main-012,network-main-004,640,0,0.0
network-heterogeneous-01,FLEX_POOL,LEGACY_DIRECTED_LINK,1,3,1,network-main-019,network-main-037,640,0,0.0
network-heterogeneous-01,FLEX_POOL,LEGACY_DIRECTED_LINK,1,3,3,network-main-004,network-main-037,640,0,0.0
network-heterogeneous-01,FLEX_POOL,LEGACY_DIRECTED_LINK,8,2,0,network-main-023,network-main-004,605,0,0.0
network-heterogeneous-01,FLEX_POOL,LEGACY_DIRECTED_LINK,8,2,3,network-main-012,network-main-004,605,0,0.0
network-heterogeneous-01,FLEX_POOL,LEGACY_DIRECTED_LINK,8,3,1,network-main-019,network-main-037,605,0,0.0
network-heterogeneous-01,FLEX_POOL,LEGACY_DIRECTED_LINK,8,3,3,network-main-004,network-main-037,605,0,0.0
network-heterogeneous-01,FLEX_POOL,LEGACY_DIRECTED_LINK,32,2,0,network-main-023,network-main-004,485,0,0.0
network-heterogeneous-01,FLEX_POOL,LEGACY_DIRECTED_LINK,32,2,3,network-main-012,network-main-004,485,0,0.0
network-heterogeneous-01,FLEX_POOL,LEGACY_DIRECTED_LINK,32,3,1,network-main-019,network-main-037,485,0,0.0
network-heterogeneous-01,FLEX_POOL,LEGACY_DIRECTED_LINK,32,3,3,network-main-004,network-main-037,485,0,0.0
network-heterogeneous-01,FLEX_POOL,LEGACY_DIRECTED_LINK,64,2,0,network-main-023,network-main-004,325,0,0.0
network-heterogeneous-01,FLEX_POOL,LEGACY_DIRECTED_LINK,64,2,3,network-main-012,network-main-004,325,0,0.0
network-heterogeneous-01,FLEX_POOL,LEGACY_DIRECTED_LINK,64,3,1,network-main-019,network-main-037,325,0,0.0
network-heterogeneous-01,FLEX_POOL,LEGACY_DIRECTED_LINK,64,3,3,network-main-004,network-main-037,325,0,0.0
network-heterogeneous-01,FLEX_POOL,LEGACY_DIRECTED_LINK,128,2,0,network-main-023,network-main-004,645,0,0.0
network-heterogeneous-01,FLEX_POOL,LEGACY_DIRECTED_LINK,128,2,3,network-main-012,network-main-004,645,0,0.0
network-heterogeneous-01,FLEX_POOL,LEGACY_DIRECTED_LINK,128,3,1,network-main-019,network-main-037,645,0,0.0
network-heterogeneous-01,FLEX_POOL,LEGACY_DIRECTED_LINK,128,3,3,network-main-004,network-main-037,645,0,0.0
network-heterogeneous-01,FLEX_POOL,SHARED_NIC,1,2,0,network-main-023,network-main-004,640,0,0.0
network-heterogeneous-01,FLEX_POOL,SHARED_NIC,1,2,3,network-main-012,network-main-004,512,128,0.2
network-heterogeneous-01,FLEX_POOL,SHARED_NIC,1,3,1,network-main-019,network-main-037,512,128,0.2
network-heterogeneous-01,FLEX_POOL,SHARED_NIC,1,3,3,network-main-004,network-main-037,640,0,0.0
network-heterogeneous-01,FLEX_POOL,SHARED_NIC,8,2,0,network-main-023,network-main-004,506,99,0.16363636363636364
network-heterogeneous-01,FLEX_POOL,SHARED_NIC,8,2,3,network-main-012,network-main-004,601,4,0.006611570247933884
network-heterogeneous-01,FLEX_POOL,SHARED_NIC,8,3,1,network-main-019,network-main-037,482,123,0.20330578512396694
network-heterogeneous-01,FLEX_POOL,SHARED_NIC,8,3,3,network-main-004,network-main-037,59,546,0.9024793388429752
network-heterogeneous-01,FLEX_POOL,SHARED_NIC,32,2,0,network-main-023,network-main-004,348,137,0.2824742268041237
network-heterogeneous-01,FLEX_POOL,SHARED_NIC,32,2,3,network-main-012,network-main-004,442,43,0.088659793814433
network-heterogeneous-01,FLEX_POOL,SHARED_NIC,32,3,1,network-main-019,network-main-037,375,110,0.2268041237113402
network-heterogeneous-01,FLEX_POOL,SHARED_NIC,32,3,3,network-main-004,network-main-037,61,424,0.8742268041237113
network-heterogeneous-01,FLEX_POOL,SHARED_NIC,64,2,0,network-main-023,network-main-004,231,94,0.28923076923076924
network-heterogeneous-01,FLEX_POOL,SHARED_NIC,64,2,3,network-main-012,network-main-004,303,22,0.06769230769230769
network-heterogeneous-01,FLEX_POOL,SHARED_NIC,64,3,1,network-main-019,network-main-037,256,69,0.2123076923076923
network-heterogeneous-01,FLEX_POOL,SHARED_NIC,64,3,3,network-main-004,network-main-037,45,280,0.8615384615384616
network-heterogeneous-01,FLEX_POOL,SHARED_NIC,128,2,0,network-main-023,network-main-004,470,175,0.2713178294573643
network-heterogeneous-01,FLEX_POOL,SHARED_NIC,128,2,3,network-main-012,network-main-004,600,45,0.06976744186046512
network-heterogeneous-01,FLEX_POOL,SHARED_NIC,128,3,1,network-main-019,network-main-037,537,108,0.16744186046511628
network-heterogeneous-01,FLEX_POOL,SHARED_NIC,128,3,3,network-main-004,network-main-037,82,563,0.8728682170542635
network-heterogeneous-02,FLEX_FREE,SHARED_NIC,1,12,2,network-main-042,network-main-023,640,0,0.0
network-heterogeneous-02,FLEX_FREE,SHARED_NIC,1,12,3,network-main-033,network-main-023,640,0,0.0
network-heterogeneous-02,FLEX_FREE,SHARED_NIC,8,12,2,network-main-042,network-main-023,393,212,0.3504132231404959
network-heterogeneous-02,FLEX_FREE,SHARED_NIC,8,12,3,network-main-033,network-main-023,363,242,0.4
network-heterogeneous-02,FLEX_FREE,SHARED_NIC,32,12,2,network-main-042,network-main-023,366,119,0.24536082474226803
network-heterogeneous-02,FLEX_FREE,SHARED_NIC,32,12,3,network-main-033,network-main-023,301,184,0.37938144329896906
network-heterogeneous-02,FLEX_FREE,SHARED_NIC,64,12,2,network-main-042,network-main-023,246,79,0.24307692307692308
network-heterogeneous-02,FLEX_FREE,SHARED_NIC,64,12,3,network-main-033,network-main-023,215,110,0.3384615384615385
network-heterogeneous-02,FLEX_FREE,SHARED_NIC,128,12,2,network-main-042,network-main-023,484,161,0.2496124031007752
network-heterogeneous-02,FLEX_FREE,SHARED_NIC,128,12,3,network-main-033,network-main-023,416,229,0.3550387596899225
network-heterogeneous-02,FLEX_POOL,LEGACY_DIRECTED_LINK,1,1,6,network-main-035,network-main-029,640,0,0.0
network-heterogeneous-02,FLEX_POOL,LEGACY_DIRECTED_LINK,1,1,7,network-main-011,network-main-029,640,0,0.0
network-heterogeneous-02,FLEX_POOL,LEGACY_DIRECTED_LINK,1,2,0,network-main-035,network-small-060,640,0,0.0
network-heterogeneous-02,FLEX_POOL,LEGACY_DIRECTED_LINK,1,2,1,network-small-060,network-main-035,640,0,0.0
network-heterogeneous-02,FLEX_POOL,LEGACY_DIRECTED_LINK,1,2,2,network-main-045,network-small-060,640,0,0.0
network-heterogeneous-02,FLEX_POOL,LEGACY_DIRECTED_LINK,1,2,3,network-main-042,network-small-060,640,0,0.0
network-heterogeneous-02,FLEX_POOL,LEGACY_DIRECTED_LINK,1,2,4,network-main-023,network-main-035,640,0,0.0
network-heterogeneous-02,FLEX_POOL,LEGACY_DIRECTED_LINK,1,2,5,network-main-028,network-main-043,640,0,0.0
network-heterogeneous-02,FLEX_POOL,LEGACY_DIRECTED_LINK,1,2,6,network-main-033,network-main-043,640,0,0.0
network-heterogeneous-02,FLEX_POOL,LEGACY_DIRECTED_LINK,1,2,7,network-main-015,network-main-043,640,0,0.0
network-heterogeneous-02,FLEX_POOL,LEGACY_DIRECTED_LINK,8,1,6,network-main-035,network-main-029,605,0,0.0
network-heterogeneous-02,FLEX_POOL,LEGACY_DIRECTED_LINK,8,1,7,network-main-011,network-main-029,605,0,0.0
network-heterogeneous-02,FLEX_POOL,LEGACY_DIRECTED_LINK,8,2,0,network-main-035,network-small-060,605,0,0.0
network-heterogeneous-02,FLEX_POOL,LEGACY_DIRECTED_LINK,8,2,1,network-small-060,network-main-035,605,0,0.0
network-heterogeneous-02,FLEX_POOL,LEGACY_DIRECTED_LINK,8,2,2,network-main-045,network-small-060,605,0,0.0
network-heterogeneous-02,FLEX_POOL,LEGACY_DIRECTED_LINK,8,2,3,network-main-042,network-small-060,605,0,0.0
network-heterogeneous-02,FLEX_POOL,LEGACY_DIRECTED_LINK,8,2,4,network-main-023,network-main-035,605,0,0.0
network-heterogeneous-02,FLEX_POOL,LEGACY_DIRECTED_LINK,8,2,5,network-main-028,network-main-043,605,0,0.0
network-heterogeneous-02,FLEX_POOL,LEGACY_DIRECTED_LINK,8,2,6,network-main-033,network-main-043,605,0,0.0
network-heterogeneous-02,FLEX_POOL,LEGACY_DIRECTED_LINK,8,2,7,network-main-015,network-main-043,605,0,0.0
network-heterogeneous-02,FLEX_POOL,LEGACY_DIRECTED_LINK,32,1,6,network-main-035,network-main-029,485,0,0.0
network-heterogeneous-02,FLEX_POOL,LEGACY_DIRECTED_LINK,32,1,7,network-main-011,network-main-029,485,0,0.0
network-heterogeneous-02,FLEX_POOL,LEGACY_DIRECTED_LINK,32,2,0,network-main-035,network-small-060,485,0,0.0
network-heterogeneous-02,FLEX_POOL,LEGACY_DIRECTED_LINK,32,2,1,network-small-060,network-main-035,485,0,0.0
network-heterogeneous-02,FLEX_POOL,LEGACY_DIRECTED_LINK,32,2,2,network-main-045,network-small-060,485,0,0.0
network-heterogeneous-02,FLEX_POOL,LEGACY_DIRECTED_LINK,32,2,3,network-main-042,network-small-060,485,0,0.0
network-heterogeneous-02,FLEX_POOL,LEGACY_DIRECTED_LINK,32,2,4,network-main-023,network-main-035,485,0,0.0
network-heterogeneous-02,FLEX_POOL,LEGACY_DIRECTED_LINK,32,2,5,network-main-028,network-main-043,485,0,0.0
network-heterogeneous-02,FLEX_POOL,LEGACY_DIRECTED_LINK,32,2,6,network-main-033,network-main-043,485,0,0.0
network-heterogeneous-02,FLEX_POOL,LEGACY_DIRECTED_LINK,32,2,7,network-main-015,network-main-043,485,0,0.0
network-heterogeneous-02,FLEX_POOL,LEGACY_DIRECTED_LINK,64,1,6,network-main-035,network-main-029,325,0,0.0
network-heterogeneous-02,FLEX_POOL,LEGACY_DIRECTED_LINK,64,1,7,network-main-011,network-main-029,325,0,0.0
network-heterogeneous-02,FLEX_POOL,LEGACY_DIRECTED_LINK,64,2,0,network-main-035,network-small-060,325,0,0.0
network-heterogeneous-02,FLEX_POOL,LEGACY_DIRECTED_LINK,64,2,1,network-small-060,network-main-035,325,0,0.0
network-heterogeneous-02,FLEX_POOL,LEGACY_DIRECTED_LINK,64,2,2,network-main-045,network-small-060,325,0,0.0
network-heterogeneous-02,FLEX_POOL,LEGACY_DIRECTED_LINK,64,2,3,network-main-042,network-small-060,325,0,0.0
network-heterogeneous-02,FLEX_POOL,LEGACY_DIRECTED_LINK,64,2,4,network-main-023,network-main-035,325,0,0.0
network-heterogeneous-02,FLEX_POOL,LEGACY_DIRECTED_LINK,64,2,5,network-main-028,network-main-043,325,0,0.0
network-heterogeneous-02,FLEX_POOL,LEGACY_DIRECTED_LINK,64,2,6,network-main-033,network-main-043,325,0,0.0
network-heterogeneous-02,FLEX_POOL,LEGACY_DIRECTED_LINK,64,2,7,network-main-015,network-main-043,325,0,0.0
network-heterogeneous-02,FLEX_POOL,LEGACY_DIRECTED_LINK,128,1,6,network-main-035,network-main-029,645,0,0.0
network-heterogeneous-02,FLEX_POOL,LEGACY_DIRECTED_LINK,128,1,7,network-main-011,network-main-029,645,0,0.0
network-heterogeneous-02,FLEX_POOL,LEGACY_DIRECTED_LINK,128,2,0,network-main-035,network-small-060,645,0,0.0
network-heterogeneous-02,FLEX_POOL,LEGACY_DIRECTED_LINK,128,2,1,network-small-060,network-main-035,645,0,0.0
network-heterogeneous-02,FLEX_POOL,LEGACY_DIRECTED_LINK,128,2,2,network-main-045,network-small-060,645,0,0.0
network-heterogeneous-02,FLEX_POOL,LEGACY_DIRECTED_LINK,128,2,3,network-main-042,network-small-060,645,0,0.0
network-heterogeneous-02,FLEX_POOL,LEGACY_DIRECTED_LINK,128,2,4,network-main-023,network-main-035,645,0,0.0
network-heterogeneous-02,FLEX_POOL,LEGACY_DIRECTED_LINK,128,2,5,network-main-028,network-main-043,645,0,0.0
network-heterogeneous-02,FLEX_POOL,LEGACY_DIRECTED_LINK,128,2,6,network-main-033,network-main-043,645,0,0.0
network-heterogeneous-02,FLEX_POOL,LEGACY_DIRECTED_LINK,128,2,7,network-main-015,network-main-043,645,0,0.0
network-heterogeneous-02,FLEX_POOL,SHARED_NIC,1,1,6,network-main-035,network-main-029,512,128,0.2
network-heterogeneous-02,FLEX_POOL,SHARED_NIC,1,1,7,network-main-011,network-main-029,640,0,0.0
network-heterogeneous-02,FLEX_POOL,SHARED_NIC,1,2,0,network-main-035,network-small-060,640,0,0.0
network-heterogeneous-02,FLEX_POOL,SHARED_NIC,1,2,1,network-small-060,network-main-035,512,128,0.2
network-heterogeneous-02,FLEX_POOL,SHARED_NIC,1,2,2,network-main-045,network-small-060,640,0,0.0
network-heterogeneous-02,FLEX_POOL,SHARED_NIC,1,2,3,network-main-042,network-small-060,640,0,0.0
network-heterogeneous-02,FLEX_POOL,SHARED_NIC,1,2,4,network-main-023,network-main-035,384,256,0.4
network-heterogeneous-02,FLEX_POOL,SHARED_NIC,1,2,5,network-main-028,network-main-043,640,0,0.0
network-heterogeneous-02,FLEX_POOL,SHARED_NIC,1,2,6,network-main-033,network-main-043,128,512,0.8
network-heterogeneous-02,FLEX_POOL,SHARED_NIC,1,2,7,network-main-015,network-main-043,512,128,0.2
network-heterogeneous-02,FLEX_POOL,SHARED_NIC,8,1,6,network-main-035,network-main-029,141,464,0.7669421487603306
network-heterogeneous-02,FLEX_POOL,SHARED_NIC,8,1,7,network-main-011,network-main-029,469,136,0.22479338842975208
network-heterogeneous-02,FLEX_POOL,SHARED_NIC,8,2,0,network-main-035,network-small-060,512,93,0.1537190082644628
network-heterogeneous-02,FLEX_POOL,SHARED_NIC,8,2,1,network-small-060,network-main-035,332,273,0.4512396694214876
network-heterogeneous-02,FLEX_POOL,SHARED_NIC,8,2,2,network-main-045,network-small-060,470,135,0.2231404958677686
network-heterogeneous-02,FLEX_POOL,SHARED_NIC,8,2,3,network-main-042,network-small-060,407,198,0.32727272727272727
network-heterogeneous-02,FLEX_POOL,SHARED_NIC,8,2,4,network-main-023,network-main-035,348,257,0.42479338842975206
network-heterogeneous-02,FLEX_POOL,SHARED_NIC,8,2,5,network-main-028,network-main-043,439,166,0.2743801652892562
network-heterogeneous-02,FLEX_POOL,SHARED_NIC,8,2,6,network-main-033,network-main-043,365,240,0.39669421487603307
network-heterogeneous-02,FLEX_POOL,SHARED_NIC,8,2,7,network-main-015,network-main-043,513,92,0.15206611570247933
network-heterogeneous-02,FLEX_POOL,SHARED_NIC,32,1,6,network-main-035,network-main-029,83,402,0.8288659793814434
network-heterogeneous-02,FLEX_POOL,SHARED_NIC,32,1,7,network-main-011,network-main-029,375,110,0.2268041237113402
network-heterogeneous-02,FLEX_POOL,SHARED_NIC,32,2,0,network-main-035,network-small-060,379,106,0.21855670103092784
network-heterogeneous-02,FLEX_POOL,SHARED_NIC,32,2,1,network-small-060,network-main-035,255,230,0.4742268041237113
network-heterogeneous-02,FLEX_POOL,SHARED_NIC,32,2,2,network-main-045,network-small-060,345,140,0.28865979381443296
network-heterogeneous-02,FLEX_POOL,SHARED_NIC,32,2,3,network-main-042,network-small-060,329,156,0.3216494845360825
network-heterogeneous-02,FLEX_POOL,SHARED_NIC,32,2,4,network-main-023,network-main-035,319,166,0.3422680412371134
network-heterogeneous-02,FLEX_POOL,SHARED_NIC,32,2,5,network-main-028,network-main-043,316,169,0.34845360824742266
network-heterogeneous-02,FLEX_POOL,SHARED_NIC,32,2,6,network-main-033,network-main-043,313,172,0.354639175257732
network-heterogeneous-02,FLEX_POOL,SHARED_NIC,32,2,7,network-main-015,network-main-043,415,70,0.14432989690721648
network-heterogeneous-02,FLEX_POOL,SHARED_NIC,64,1,6,network-main-035,network-main-029,66,259,0.796923076923077
network-heterogeneous-02,FLEX_POOL,SHARED_NIC,64,1,7,network-main-011,network-main-029,246,79,0.24307692307692308
network-heterogeneous-02,FLEX_POOL,SHARED_NIC,64,2,0,network-main-035,network-small-060,256,69,0.2123076923076923
network-heterogeneous-02,FLEX_POOL,SHARED_NIC,64,2,1,network-small-060,network-main-035,166,159,0.48923076923076925
network-heterogeneous-02,FLEX_POOL,SHARED_NIC,64,2,2,network-main-045,network-small-060,224,101,0.31076923076923074
network-heterogeneous-02,FLEX_POOL,SHARED_NIC,64,2,3,network-main-042,network-small-060,212,113,0.3476923076923077
network-heterogeneous-02,FLEX_POOL,SHARED_NIC,64,2,4,network-main-023,network-main-035,222,103,0.3169230769230769
network-heterogeneous-02,FLEX_POOL,SHARED_NIC,64,2,5,network-main-028,network-main-043,210,115,0.35384615384615387
network-heterogeneous-02,FLEX_POOL,SHARED_NIC,64,2,6,network-main-033,network-main-043,215,110,0.3384615384615385
network-heterogeneous-02,FLEX_POOL,SHARED_NIC,64,2,7,network-main-015,network-main-043,269,56,0.1723076923076923
network-heterogeneous-02,FLEX_POOL,SHARED_NIC,128,1,6,network-main-035,network-main-029,130,515,0.7984496124031008
network-heterogeneous-02,FLEX_POOL,SHARED_NIC,128,1,7,network-main-011,network-main-029,500,145,0.2248062015503876
network-heterogeneous-02,FLEX_POOL,SHARED_NIC,128,2,0,network-main-035,network-small-060,472,173,0.2682170542635659
network-heterogeneous-02,FLEX_POOL,SHARED_NIC,128,2,1,network-small-060,network-main-035,324,321,0.49767441860465117
network-heterogeneous-02,FLEX_POOL,SHARED_NIC,128,2,2,network-main-045,network-small-060,443,202,0.31317829457364343
network-heterogeneous-02,FLEX_POOL,SHARED_NIC,128,2,3,network-main-042,network-small-060,430,215,0.3333333333333333
network-heterogeneous-02,FLEX_POOL,SHARED_NIC,128,2,4,network-main-023,network-main-035,415,230,0.35658914728682173
network-heterogeneous-02,FLEX_POOL,SHARED_NIC,128,2,5,network-main-028,network-main-043,413,232,0.35968992248062015
network-heterogeneous-02,FLEX_POOL,SHARED_NIC,128,2,6,network-main-033,network-main-043,432,213,0.3302325581395349
network-heterogeneous-02,FLEX_POOL,SHARED_NIC,128,2,7,network-main-015,network-main-043,513,132,0.20465116279069767
network-heterogeneous-04,FLEX_FREE,SHARED_NIC,1,3,0,network-main-008,network-main-036,640,0,0.0
network-heterogeneous-04,FLEX_FREE,SHARED_NIC,1,3,1,network-main-017,network-main-036,640,0,0.0
network-heterogeneous-04,FLEX_FREE,SHARED_NIC,1,3,2,network-main-044,network-main-036,640,0,0.0
network-heterogeneous-04,FLEX_FREE,SHARED_NIC,1,3,3,network-main-029,network-main-036,640,0,0.0
network-heterogeneous-04,FLEX_FREE,SHARED_NIC,1,3,4,network-main-031,network-main-012,640,0,0.0
network-heterogeneous-04,FLEX_FREE,SHARED_NIC,1,3,5,network-main-046,network-main-012,640,0,0.0
network-heterogeneous-04,FLEX_FREE,SHARED_NIC,1,3,6,network-main-009,network-main-012,512,128,0.2
network-heterogeneous-04,FLEX_FREE,SHARED_NIC,1,3,7,network-main-003,network-main-012,640,0,0.0
network-heterogeneous-04,FLEX_FREE,SHARED_NIC,8,3,0,network-main-008,network-main-036,499,106,0.17520661157024794
network-heterogeneous-04,FLEX_FREE,SHARED_NIC,8,3,1,network-main-017,network-main-036,447,158,0.2611570247933884
network-heterogeneous-04,FLEX_FREE,SHARED_NIC,8,3,2,network-main-044,network-main-036,433,172,0.28429752066115704
network-heterogeneous-04,FLEX_FREE,SHARED_NIC,8,3,3,network-main-029,network-main-036,445,160,0.2644628099173554
network-heterogeneous-04,FLEX_FREE,SHARED_NIC,8,3,4,network-main-031,network-main-012,455,150,0.24793388429752067
network-heterogeneous-04,FLEX_FREE,SHARED_NIC,8,3,5,network-main-046,network-main-012,445,160,0.2644628099173554
network-heterogeneous-04,FLEX_FREE,SHARED_NIC,8,3,6,network-main-009,network-main-012,459,146,0.2413223140495868
network-heterogeneous-04,FLEX_FREE,SHARED_NIC,8,3,7,network-main-003,network-main-012,436,169,0.2793388429752066
network-heterogeneous-04,FLEX_FREE,SHARED_NIC,32,3,0,network-main-008,network-main-036,390,95,0.1958762886597938
network-heterogeneous-04,FLEX_FREE,SHARED_NIC,32,3,1,network-main-017,network-main-036,357,128,0.2639175257731959
network-heterogeneous-04,FLEX_FREE,SHARED_NIC,32,3,2,network-main-044,network-main-036,352,133,0.27422680412371137
network-heterogeneous-04,FLEX_FREE,SHARED_NIC,32,3,3,network-main-029,network-main-036,376,109,0.22474226804123712
network-heterogeneous-04,FLEX_FREE,SHARED_NIC,32,3,4,network-main-031,network-main-012,359,126,0.2597938144329897
network-heterogeneous-04,FLEX_FREE,SHARED_NIC,32,3,5,network-main-046,network-main-012,361,124,0.2556701030927835
network-heterogeneous-04,FLEX_FREE,SHARED_NIC,32,3,6,network-main-009,network-main-012,356,129,0.26597938144329897
network-heterogeneous-04,FLEX_FREE,SHARED_NIC,32,3,7,network-main-003,network-main-012,345,140,0.28865979381443296
network-heterogeneous-04,FLEX_FREE,SHARED_NIC,64,3,0,network-main-008,network-main-036,270,55,0.16923076923076924
network-heterogeneous-04,FLEX_FREE,SHARED_NIC,64,3,1,network-main-017,network-main-036,229,96,0.2953846153846154
network-heterogeneous-04,FLEX_FREE,SHARED_NIC,64,3,2,network-main-044,network-main-036,233,92,0.28307692307692306
network-heterogeneous-04,FLEX_FREE,SHARED_NIC,64,3,3,network-main-029,network-main-036,252,73,0.2246153846153846
network-heterogeneous-04,FLEX_FREE,SHARED_NIC,64,3,4,network-main-031,network-main-012,240,85,0.26153846153846155
network-heterogeneous-04,FLEX_FREE,SHARED_NIC,64,3,5,network-main-046,network-main-012,231,94,0.28923076923076924
network-heterogeneous-04,FLEX_FREE,SHARED_NIC,64,3,6,network-main-009,network-main-012,244,81,0.24923076923076923
network-heterogeneous-04,FLEX_FREE,SHARED_NIC,64,3,7,network-main-003,network-main-012,241,84,0.25846153846153846
network-heterogeneous-04,FLEX_FREE,SHARED_NIC,128,3,0,network-main-008,network-main-036,536,109,0.16899224806201552
network-heterogeneous-04,FLEX_FREE,SHARED_NIC,128,3,1,network-main-017,network-main-036,473,172,0.26666666666666666
network-heterogeneous-04,FLEX_FREE,SHARED_NIC,128,3,2,network-main-044,network-main-036,455,190,0.29457364341085274
network-heterogeneous-04,FLEX_FREE,SHARED_NIC,128,3,3,network-main-029,network-main-036,486,159,0.24651162790697675
network-heterogeneous-04,FLEX_FREE,SHARED_NIC,128,3,4,network-main-031,network-main-012,488,157,0.2434108527131783
network-heterogeneous-04,FLEX_FREE,SHARED_NIC,128,3,5,network-main-046,network-main-012,466,179,0.2775193798449612
network-heterogeneous-04,FLEX_FREE,SHARED_NIC,128,3,6,network-main-009,network-main-012,492,153,0.2372093023255814
network-heterogeneous-04,FLEX_FREE,SHARED_NIC,128,3,7,network-main-003,network-main-012,444,201,0.3116279069767442
network-heterogeneous-04,FLEX_POOL,LEGACY_DIRECTED_LINK,1,3,0,network-main-008,network-main-036,640,0,0.0
network-heterogeneous-04,FLEX_POOL,LEGACY_DIRECTED_LINK,1,3,1,network-main-017,network-main-036,640,0,0.0
network-heterogeneous-04,FLEX_POOL,LEGACY_DIRECTED_LINK,1,3,2,network-main-044,network-main-036,640,0,0.0
network-heterogeneous-04,FLEX_POOL,LEGACY_DIRECTED_LINK,1,3,3,network-main-029,network-main-036,640,0,0.0
network-heterogeneous-04,FLEX_POOL,LEGACY_DIRECTED_LINK,1,3,4,network-main-031,network-main-012,640,0,0.0
network-heterogeneous-04,FLEX_POOL,LEGACY_DIRECTED_LINK,1,3,5,network-main-046,network-main-012,640,0,0.0
network-heterogeneous-04,FLEX_POOL,LEGACY_DIRECTED_LINK,1,3,6,network-main-009,network-main-012,640,0,0.0
network-heterogeneous-04,FLEX_POOL,LEGACY_DIRECTED_LINK,1,3,7,network-main-003,network-main-012,640,0,0.0
network-heterogeneous-04,FLEX_POOL,LEGACY_DIRECTED_LINK,8,3,0,network-main-008,network-main-036,605,0,0.0
network-heterogeneous-04,FLEX_POOL,LEGACY_DIRECTED_LINK,8,3,1,network-main-017,network-main-036,605,0,0.0
network-heterogeneous-04,FLEX_POOL,LEGACY_DIRECTED_LINK,8,3,2,network-main-044,network-main-036,605,0,0.0
network-heterogeneous-04,FLEX_POOL,LEGACY_DIRECTED_LINK,8,3,3,network-main-029,network-main-036,605,0,0.0
network-heterogeneous-04,FLEX_POOL,LEGACY_DIRECTED_LINK,8,3,4,network-main-031,network-main-012,605,0,0.0
network-heterogeneous-04,FLEX_POOL,LEGACY_DIRECTED_LINK,8,3,5,network-main-046,network-main-012,605,0,0.0
network-heterogeneous-04,FLEX_POOL,LEGACY_DIRECTED_LINK,8,3,6,network-main-009,network-main-012,605,0,0.0
network-heterogeneous-04,FLEX_POOL,LEGACY_DIRECTED_LINK,8,3,7,network-main-003,network-main-012,605,0,0.0
network-heterogeneous-04,FLEX_POOL,LEGACY_DIRECTED_LINK,32,3,0,network-main-008,network-main-036,485,0,0.0
network-heterogeneous-04,FLEX_POOL,LEGACY_DIRECTED_LINK,32,3,1,network-main-017,network-main-036,485,0,0.0
network-heterogeneous-04,FLEX_POOL,LEGACY_DIRECTED_LINK,32,3,2,network-main-044,network-main-036,485,0,0.0
network-heterogeneous-04,FLEX_POOL,LEGACY_DIRECTED_LINK,32,3,3,network-main-029,network-main-036,485,0,0.0
network-heterogeneous-04,FLEX_POOL,LEGACY_DIRECTED_LINK,32,3,4,network-main-031,network-main-012,485,0,0.0
network-heterogeneous-04,FLEX_POOL,LEGACY_DIRECTED_LINK,32,3,5,network-main-046,network-main-012,485,0,0.0
network-heterogeneous-04,FLEX_POOL,LEGACY_DIRECTED_LINK,32,3,6,network-main-009,network-main-012,485,0,0.0
network-heterogeneous-04,FLEX_POOL,LEGACY_DIRECTED_LINK,32,3,7,network-main-003,network-main-012,485,0,0.0
network-heterogeneous-04,FLEX_POOL,LEGACY_DIRECTED_LINK,64,3,0,network-main-008,network-main-036,325,0,0.0
network-heterogeneous-04,FLEX_POOL,LEGACY_DIRECTED_LINK,64,3,1,network-main-017,network-main-036,325,0,0.0
network-heterogeneous-04,FLEX_POOL,LEGACY_DIRECTED_LINK,64,3,2,network-main-044,network-main-036,325,0,0.0
network-heterogeneous-04,FLEX_POOL,LEGACY_DIRECTED_LINK,64,3,3,network-main-029,network-main-036,325,0,0.0
network-heterogeneous-04,FLEX_POOL,LEGACY_DIRECTED_LINK,64,3,4,network-main-031,network-main-012,325,0,0.0
network-heterogeneous-04,FLEX_POOL,LEGACY_DIRECTED_LINK,64,3,5,network-main-046,network-main-012,325,0,0.0
network-heterogeneous-04,FLEX_POOL,LEGACY_DIRECTED_LINK,64,3,6,network-main-009,network-main-012,325,0,0.0
network-heterogeneous-04,FLEX_POOL,LEGACY_DIRECTED_LINK,64,3,7,network-main-003,network-main-012,325,0,0.0
network-heterogeneous-04,FLEX_POOL,LEGACY_DIRECTED_LINK,128,3,0,network-main-008,network-main-036,645,0,0.0
network-heterogeneous-04,FLEX_POOL,LEGACY_DIRECTED_LINK,128,3,1,network-main-017,network-main-036,645,0,0.0
network-heterogeneous-04,FLEX_POOL,LEGACY_DIRECTED_LINK,128,3,2,network-main-044,network-main-036,645,0,0.0
network-heterogeneous-04,FLEX_POOL,LEGACY_DIRECTED_LINK,128,3,3,network-main-029,network-main-036,645,0,0.0
network-heterogeneous-04,FLEX_POOL,LEGACY_DIRECTED_LINK,128,3,4,network-main-031,network-main-012,645,0,0.0
network-heterogeneous-04,FLEX_POOL,LEGACY_DIRECTED_LINK,128,3,5,network-main-046,network-main-012,645,0,0.0
network-heterogeneous-04,FLEX_POOL,LEGACY_DIRECTED_LINK,128,3,6,network-main-009,network-main-012,645,0,0.0
network-heterogeneous-04,FLEX_POOL,LEGACY_DIRECTED_LINK,128,3,7,network-main-003,network-main-012,645,0,0.0
network-heterogeneous-04,FLEX_POOL,SHARED_NIC,1,3,0,network-main-008,network-main-036,640,0,0.0
network-heterogeneous-04,FLEX_POOL,SHARED_NIC,1,3,1,network-main-017,network-main-036,640,0,0.0
network-heterogeneous-04,FLEX_POOL,SHARED_NIC,1,3,2,network-main-044,network-main-036,640,0,0.0
network-heterogeneous-04,FLEX_POOL,SHARED_NIC,1,3,3,network-main-029,network-main-036,640,0,0.0
network-heterogeneous-04,FLEX_POOL,SHARED_NIC,1,3,4,network-main-031,network-main-012,640,0,0.0
network-heterogeneous-04,FLEX_POOL,SHARED_NIC,1,3,5,network-main-046,network-main-012,640,0,0.0
network-heterogeneous-04,FLEX_POOL,SHARED_NIC,1,3,6,network-main-009,network-main-012,512,128,0.2
network-heterogeneous-04,FLEX_POOL,SHARED_NIC,1,3,7,network-main-003,network-main-012,640,0,0.0
network-heterogeneous-04,FLEX_POOL,SHARED_NIC,8,3,0,network-main-008,network-main-036,499,106,0.17520661157024794
network-heterogeneous-04,FLEX_POOL,SHARED_NIC,8,3,1,network-main-017,network-main-036,447,158,0.2611570247933884
network-heterogeneous-04,FLEX_POOL,SHARED_NIC,8,3,2,network-main-044,network-main-036,433,172,0.28429752066115704
network-heterogeneous-04,FLEX_POOL,SHARED_NIC,8,3,3,network-main-029,network-main-036,445,160,0.2644628099173554
network-heterogeneous-04,FLEX_POOL,SHARED_NIC,8,3,4,network-main-031,network-main-012,455,150,0.24793388429752067
network-heterogeneous-04,FLEX_POOL,SHARED_NIC,8,3,5,network-main-046,network-main-012,445,160,0.2644628099173554
network-heterogeneous-04,FLEX_POOL,SHARED_NIC,8,3,6,network-main-009,network-main-012,459,146,0.2413223140495868
network-heterogeneous-04,FLEX_POOL,SHARED_NIC,8,3,7,network-main-003,network-main-012,436,169,0.2793388429752066
network-heterogeneous-04,FLEX_POOL,SHARED_NIC,32,3,0,network-main-008,network-main-036,390,95,0.1958762886597938
network-heterogeneous-04,FLEX_POOL,SHARED_NIC,32,3,1,network-main-017,network-main-036,357,128,0.2639175257731959
network-heterogeneous-04,FLEX_POOL,SHARED_NIC,32,3,2,network-main-044,network-main-036,352,133,0.27422680412371137
network-heterogeneous-04,FLEX_POOL,SHARED_NIC,32,3,3,network-main-029,network-main-036,376,109,0.22474226804123712
network-heterogeneous-04,FLEX_POOL,SHARED_NIC,32,3,4,network-main-031,network-main-012,359,126,0.2597938144329897
network-heterogeneous-04,FLEX_POOL,SHARED_NIC,32,3,5,network-main-046,network-main-012,361,124,0.2556701030927835
network-heterogeneous-04,FLEX_POOL,SHARED_NIC,32,3,6,network-main-009,network-main-012,356,129,0.26597938144329897
network-heterogeneous-04,FLEX_POOL,SHARED_NIC,32,3,7,network-main-003,network-main-012,345,140,0.28865979381443296
network-heterogeneous-04,FLEX_POOL,SHARED_NIC,64,3,0,network-main-008,network-main-036,270,55,0.16923076923076924
network-heterogeneous-04,FLEX_POOL,SHARED_NIC,64,3,1,network-main-017,network-main-036,229,96,0.2953846153846154
network-heterogeneous-04,FLEX_POOL,SHARED_NIC,64,3,2,network-main-044,network-main-036,233,92,0.28307692307692306
network-heterogeneous-04,FLEX_POOL,SHARED_NIC,64,3,3,network-main-029,network-main-036,252,73,0.2246153846153846
network-heterogeneous-04,FLEX_POOL,SHARED_NIC,64,3,4,network-main-031,network-main-012,240,85,0.26153846153846155
network-heterogeneous-04,FLEX_POOL,SHARED_NIC,64,3,5,network-main-046,network-main-012,231,94,0.28923076923076924
network-heterogeneous-04,FLEX_POOL,SHARED_NIC,64,3,6,network-main-009,network-main-012,244,81,0.24923076923076923
network-heterogeneous-04,FLEX_POOL,SHARED_NIC,64,3,7,network-main-003,network-main-012,241,84,0.25846153846153846
network-heterogeneous-04,FLEX_POOL,SHARED_NIC,128,3,0,network-main-008,network-main-036,536,109,0.16899224806201552
network-heterogeneous-04,FLEX_POOL,SHARED_NIC,128,3,1,network-main-017,network-main-036,473,172,0.26666666666666666
network-heterogeneous-04,FLEX_POOL,SHARED_NIC,128,3,2,network-main-044,network-main-036,455,190,0.29457364341085274
network-heterogeneous-04,FLEX_POOL,SHARED_NIC,128,3,3,network-main-029,network-main-036,486,159,0.24651162790697675
network-heterogeneous-04,FLEX_POOL,SHARED_NIC,128,3,4,network-main-031,network-main-012,488,157,0.2434108527131783
network-heterogeneous-04,FLEX_POOL,SHARED_NIC,128,3,5,network-main-046,network-main-012,466,179,0.2775193798449612
network-heterogeneous-04,FLEX_POOL,SHARED_NIC,128,3,6,network-main-009,network-main-012,492,153,0.2372093023255814
network-heterogeneous-04,FLEX_POOL,SHARED_NIC,128,3,7,network-main-003,network-main-012,444,201,0.3116279069767442
network-heterogeneous-05,FLEX_FREE,SHARED_NIC,1,3,0,network-main-004,network-main-029,640,0,0.0
network-heterogeneous-05,FLEX_FREE,SHARED_NIC,1,3,6,network-main-034,network-main-029,640,0,0.0
network-heterogeneous-05,FLEX_FREE,SHARED_NIC,8,3,0,network-main-004,network-main-029,346,259,0.428099173553719
network-heterogeneous-05,FLEX_FREE,SHARED_NIC,8,3,6,network-main-034,network-main-029,428,177,0.29256198347107437
network-heterogeneous-05,FLEX_FREE,SHARED_NIC,32,3,0,network-main-004,network-main-029,273,212,0.43711340206185567
network-heterogeneous-05,FLEX_FREE,SHARED_NIC,32,3,6,network-main-034,network-main-029,337,148,0.30515463917525776
network-heterogeneous-05,FLEX_FREE,SHARED_NIC,64,3,0,network-main-004,network-main-029,194,131,0.40307692307692305
network-heterogeneous-05,FLEX_FREE,SHARED_NIC,64,3,6,network-main-034,network-main-029,217,108,0.3323076923076923
network-heterogeneous-05,FLEX_FREE,SHARED_NIC,128,3,0,network-main-004,network-main-029,389,256,0.39689922480620154
network-heterogeneous-05,FLEX_FREE,SHARED_NIC,128,3,6,network-main-034,network-main-029,452,193,0.2992248062015504
network-heterogeneous-05,FLEX_POOL,LEGACY_DIRECTED_LINK,1,3,0,network-main-004,network-main-029,640,0,0.0
network-heterogeneous-05,FLEX_POOL,LEGACY_DIRECTED_LINK,1,3,6,network-main-034,network-main-029,640,0,0.0
network-heterogeneous-05,FLEX_POOL,LEGACY_DIRECTED_LINK,8,3,0,network-main-004,network-main-029,605,0,0.0
network-heterogeneous-05,FLEX_POOL,LEGACY_DIRECTED_LINK,8,3,6,network-main-034,network-main-029,605,0,0.0
network-heterogeneous-05,FLEX_POOL,LEGACY_DIRECTED_LINK,32,3,0,network-main-004,network-main-029,485,0,0.0
network-heterogeneous-05,FLEX_POOL,LEGACY_DIRECTED_LINK,32,3,6,network-main-034,network-main-029,485,0,0.0
network-heterogeneous-05,FLEX_POOL,LEGACY_DIRECTED_LINK,64,3,0,network-main-004,network-main-029,325,0,0.0
network-heterogeneous-05,FLEX_POOL,LEGACY_DIRECTED_LINK,64,3,6,network-main-034,network-main-029,325,0,0.0
network-heterogeneous-05,FLEX_POOL,LEGACY_DIRECTED_LINK,128,3,0,network-main-004,network-main-029,645,0,0.0
network-heterogeneous-05,FLEX_POOL,LEGACY_DIRECTED_LINK,128,3,6,network-main-034,network-main-029,645,0,0.0
network-heterogeneous-05,FLEX_POOL,SHARED_NIC,1,3,0,network-main-004,network-main-029,640,0,0.0
network-heterogeneous-05,FLEX_POOL,SHARED_NIC,1,3,6,network-main-034,network-main-029,640,0,0.0
network-heterogeneous-05,FLEX_POOL,SHARED_NIC,8,3,0,network-main-004,network-main-029,346,259,0.428099173553719
network-heterogeneous-05,FLEX_POOL,SHARED_NIC,8,3,6,network-main-034,network-main-029,428,177,0.29256198347107437
network-heterogeneous-05,FLEX_POOL,SHARED_NIC,32,3,0,network-main-004,network-main-029,273,212,0.43711340206185567
network-heterogeneous-05,FLEX_POOL,SHARED_NIC,32,3,6,network-main-034,network-main-029,337,148,0.30515463917525776
network-heterogeneous-05,FLEX_POOL,SHARED_NIC,64,3,0,network-main-004,network-main-029,194,131,0.40307692307692305
network-heterogeneous-05,FLEX_POOL,SHARED_NIC,64,3,6,network-main-034,network-main-029,217,108,0.3323076923076923
network-heterogeneous-05,FLEX_POOL,SHARED_NIC,128,3,0,network-main-004,network-main-029,389,256,0.39689922480620154
network-heterogeneous-05,FLEX_POOL,SHARED_NIC,128,3,6,network-main-034,network-main-029,452,193,0.2992248062015504
network-heterogeneous-06,FLEX_FREE,SHARED_NIC,1,4,0,network-main-028,network-main-029,640,0,0.0
network-heterogeneous-06,FLEX_FREE,SHARED_NIC,1,4,4,network-main-032,network-main-028,640,0,0.0
network-heterogeneous-06,FLEX_FREE,SHARED_NIC,1,4,5,network-main-043,network-main-028,512,128,0.2
network-heterogeneous-06,FLEX_FREE,SHARED_NIC,1,4,7,network-main-035,network-main-028,640,0,0.0
network-heterogeneous-06,FLEX_FREE,SHARED_NIC,8,4,0,network-main-028,network-main-029,218,387,0.6396694214876033
network-heterogeneous-06,FLEX_FREE,SHARED_NIC,8,4,4,network-main-032,network-main-028,417,188,0.31074380165289256
network-heterogeneous-06,FLEX_FREE,SHARED_NIC,8,4,5,network-main-043,network-main-028,411,194,0.32066115702479336
network-heterogeneous-06,FLEX_FREE,SHARED_NIC,8,4,7,network-main-035,network-main-028,422,183,0.30247933884297523
network-heterogeneous-06,FLEX_FREE,SHARED_NIC,32,4,0,network-main-028,network-main-029,179,306,0.6309278350515464
network-heterogeneous-06,FLEX_FREE,SHARED_NIC,32,4,4,network-main-032,network-main-028,328,157,0.3237113402061856
network-heterogeneous-06,FLEX_FREE,SHARED_NIC,32,4,5,network-main-043,network-main-028,334,151,0.311340206185567
network-heterogeneous-06,FLEX_FREE,SHARED_NIC,32,4,7,network-main-035,network-main-028,335,150,0.30927835051546393
network-heterogeneous-06,FLEX_FREE,SHARED_NIC,64,4,0,network-main-028,network-main-029,129,196,0.6030769230769231
network-heterogeneous-06,FLEX_FREE,SHARED_NIC,64,4,4,network-main-032,network-main-028,234,91,0.28
network-heterogeneous-06,FLEX_FREE,SHARED_NIC,64,4,5,network-main-043,network-main-028,213,112,0.3446153846153846
network-heterogeneous-06,FLEX_FREE,SHARED_NIC,64,4,7,network-main-035,network-main-028,226,99,0.3046153846153846
network-heterogeneous-06,FLEX_FREE,SHARED_NIC,128,4,0,network-main-028,network-main-029,258,387,0.6
network-heterogeneous-06,FLEX_FREE,SHARED_NIC,128,4,4,network-main-032,network-main-028,465,180,0.27906976744186046
network-heterogeneous-06,FLEX_FREE,SHARED_NIC,128,4,5,network-main-043,network-main-028,437,208,0.32248062015503876
network-heterogeneous-06,FLEX_FREE,SHARED_NIC,128,4,7,network-main-035,network-main-028,437,208,0.32248062015503876
network-heterogeneous-06,FLEX_POOL,LEGACY_DIRECTED_LINK,1,1,0,network-main-000,network-main-035,640,0,0.0
network-heterogeneous-06,FLEX_POOL,LEGACY_DIRECTED_LINK,1,1,6,network-main-022,network-main-035,640,0,0.0
network-heterogeneous-06,FLEX_POOL,LEGACY_DIRECTED_LINK,1,6,0,network-main-007,network-main-029,640,0,0.0
network-heterogeneous-06,FLEX_POOL,LEGACY_DIRECTED_LINK,1,6,1,network-main-022,network-main-029,640,0,0.0
network-heterogeneous-06,FLEX_POOL,LEGACY_DIRECTED_LINK,1,6,5,network-main-040,network-main-029,640,0,0.0
network-heterogeneous-06,FLEX_POOL,LEGACY_DIRECTED_LINK,1,6,7,network-main-015,network-main-029,128,512,0.8
network-heterogeneous-06,FLEX_POOL,LEGACY_DIRECTED_LINK,8,1,0,network-main-000,network-main-035,605,0,0.0
network-heterogeneous-06,FLEX_POOL,LEGACY_DIRECTED_LINK,8,1,6,network-main-022,network-main-035,605,0,0.0
network-heterogeneous-06,FLEX_POOL,LEGACY_DIRECTED_LINK,8,6,0,network-main-007,network-main-029,605,0,0.0
network-heterogeneous-06,FLEX_POOL,LEGACY_DIRECTED_LINK,8,6,1,network-main-022,network-main-029,605,0,0.0
network-heterogeneous-06,FLEX_POOL,LEGACY_DIRECTED_LINK,8,6,5,network-main-040,network-main-029,605,0,0.0
network-heterogeneous-06,FLEX_POOL,LEGACY_DIRECTED_LINK,8,6,7,network-main-015,network-main-029,121,484,0.8
network-heterogeneous-06,FLEX_POOL,LEGACY_DIRECTED_LINK,32,1,0,network-main-000,network-main-035,485,0,0.0
network-heterogeneous-06,FLEX_POOL,LEGACY_DIRECTED_LINK,32,1,6,network-main-022,network-main-035,485,0,0.0
network-heterogeneous-06,FLEX_POOL,LEGACY_DIRECTED_LINK,32,6,0,network-main-007,network-main-029,485,0,0.0
network-heterogeneous-06,FLEX_POOL,LEGACY_DIRECTED_LINK,32,6,1,network-main-022,network-main-029,485,0,0.0
network-heterogeneous-06,FLEX_POOL,LEGACY_DIRECTED_LINK,32,6,5,network-main-040,network-main-029,485,0,0.0
network-heterogeneous-06,FLEX_POOL,LEGACY_DIRECTED_LINK,32,6,7,network-main-015,network-main-029,97,388,0.8
network-heterogeneous-06,FLEX_POOL,LEGACY_DIRECTED_LINK,64,1,0,network-main-000,network-main-035,325,0,0.0
network-heterogeneous-06,FLEX_POOL,LEGACY_DIRECTED_LINK,64,1,6,network-main-022,network-main-035,325,0,0.0
network-heterogeneous-06,FLEX_POOL,LEGACY_DIRECTED_LINK,64,6,0,network-main-007,network-main-029,325,0,0.0
network-heterogeneous-06,FLEX_POOL,LEGACY_DIRECTED_LINK,64,6,1,network-main-022,network-main-029,325,0,0.0
network-heterogeneous-06,FLEX_POOL,LEGACY_DIRECTED_LINK,64,6,5,network-main-040,network-main-029,325,0,0.0
network-heterogeneous-06,FLEX_POOL,LEGACY_DIRECTED_LINK,64,6,7,network-main-015,network-main-029,65,260,0.8
network-heterogeneous-06,FLEX_POOL,LEGACY_DIRECTED_LINK,128,1,0,network-main-000,network-main-035,645,0,0.0
network-heterogeneous-06,FLEX_POOL,LEGACY_DIRECTED_LINK,128,1,6,network-main-022,network-main-035,645,0,0.0
network-heterogeneous-06,FLEX_POOL,LEGACY_DIRECTED_LINK,128,6,0,network-main-007,network-main-029,645,0,0.0
network-heterogeneous-06,FLEX_POOL,LEGACY_DIRECTED_LINK,128,6,1,network-main-022,network-main-029,645,0,0.0
network-heterogeneous-06,FLEX_POOL,LEGACY_DIRECTED_LINK,128,6,5,network-main-040,network-main-029,645,0,0.0
network-heterogeneous-06,FLEX_POOL,LEGACY_DIRECTED_LINK,128,6,7,network-main-015,network-main-029,129,516,0.8
network-heterogeneous-06,FLEX_POOL,SHARED_NIC,1,1,0,network-main-000,network-main-035,640,0,0.0
network-heterogeneous-06,FLEX_POOL,SHARED_NIC,1,1,6,network-main-022,network-main-035,512,128,0.2
network-heterogeneous-06,FLEX_POOL,SHARED_NIC,1,6,0,network-main-007,network-main-029,640,0,0.0
network-heterogeneous-06,FLEX_POOL,SHARED_NIC,1,6,1,network-main-022,network-main-029,512,128,0.2
network-heterogeneous-06,FLEX_POOL,SHARED_NIC,1,6,5,network-main-040,network-main-029,640,0,0.0
network-heterogeneous-06,FLEX_POOL,SHARED_NIC,1,6,7,network-main-015,network-main-029,128,512,0.8
network-heterogeneous-06,FLEX_POOL,SHARED_NIC,8,1,0,network-main-000,network-main-035,349,256,0.4231404958677686
network-heterogeneous-06,FLEX_POOL,SHARED_NIC,8,1,6,network-main-022,network-main-035,308,297,0.4909090909090909
network-heterogeneous-06,FLEX_POOL,SHARED_NIC,8,6,0,network-main-007,network-main-029,459,146,0.2413223140495868
network-heterogeneous-06,FLEX_POOL,SHARED_NIC,8,6,1,network-main-022,network-main-029,411,194,0.32066115702479336
network-heterogeneous-06,FLEX_POOL,SHARED_NIC,8,6,5,network-main-040,network-main-029,500,105,0.17355371900826447
network-heterogeneous-06,FLEX_POOL,SHARED_NIC,8,6,7,network-main-015,network-main-029,344,261,0.43140495867768597
network-heterogeneous-06,FLEX_POOL,SHARED_NIC,32,1,0,network-main-000,network-main-035,287,198,0.40824742268041236
network-heterogeneous-06,FLEX_POOL,SHARED_NIC,32,1,6,network-main-022,network-main-035,254,231,0.4762886597938144
network-heterogeneous-06,FLEX_POOL,SHARED_NIC,32,6,0,network-main-007,network-main-029,371,114,0.23505154639175257
network-heterogeneous-06,FLEX_POOL,SHARED_NIC,32,6,1,network-main-022,network-main-029,327,158,0.32577319587628867
network-heterogeneous-06,FLEX_POOL,SHARED_NIC,32,6,5,network-main-040,network-main-029,385,100,0.20618556701030927
network-heterogeneous-06,FLEX_POOL,SHARED_NIC,32,6,7,network-main-015,network-main-029,294,191,0.3938144329896907
network-heterogeneous-06,FLEX_POOL,SHARED_NIC,64,1,0,network-main-000,network-main-035,195,130,0.4
network-heterogeneous-06,FLEX_POOL,SHARED_NIC,64,1,6,network-main-022,network-main-035,182,143,0.44
network-heterogeneous-06,FLEX_POOL,SHARED_NIC,64,6,0,network-main-007,network-main-029,238,87,0.2676923076923077
network-heterogeneous-06,FLEX_POOL,SHARED_NIC,64,6,1,network-main-022,network-main-029,225,100,0.3076923076923077
network-heterogeneous-06,FLEX_POOL,SHARED_NIC,64,6,5,network-main-040,network-main-029,249,76,0.23384615384615384
network-heterogeneous-06,FLEX_POOL,SHARED_NIC,64,6,7,network-main-015,network-main-029,191,134,0.4123076923076923
network-heterogeneous-06,FLEX_POOL,SHARED_NIC,128,1,0,network-main-000,network-main-035,382,263,0.4077519379844961
network-heterogeneous-06,FLEX_POOL,SHARED_NIC,128,1,6,network-main-022,network-main-035,303,342,0.5302325581395348
network-heterogeneous-06,FLEX_POOL,SHARED_NIC,128,6,0,network-main-007,network-main-029,487,158,0.24496124031007752
network-heterogeneous-06,FLEX_POOL,SHARED_NIC,128,6,1,network-main-022,network-main-029,439,206,0.31937984496124033
network-heterogeneous-06,FLEX_POOL,SHARED_NIC,128,6,5,network-main-040,network-main-029,528,117,0.1813953488372093
network-heterogeneous-06,FLEX_POOL,SHARED_NIC,128,6,7,network-main-015,network-main-029,394,251,0.3891472868217054
full-mixed-01,FLEX_POOL,LEGACY_DIRECTED_LINK,1,3,2,mixed-small-073,mixed-one-059,640,0,0.0
full-mixed-01,FLEX_POOL,LEGACY_DIRECTED_LINK,1,3,3,mixed-one-052,mixed-one-053,640,0,0.0
full-mixed-01,FLEX_POOL,LEGACY_DIRECTED_LINK,1,3,6,mixed-one-048,mixed-one-058,512,128,0.2
full-mixed-01,FLEX_POOL,LEGACY_DIRECTED_LINK,1,3,7,mixed-one-037,mixed-one-048,640,0,0.0
full-mixed-01,FLEX_POOL,LEGACY_DIRECTED_LINK,8,3,2,mixed-small-073,mixed-one-059,605,0,0.0
full-mixed-01,FLEX_POOL,LEGACY_DIRECTED_LINK,8,3,3,mixed-one-052,mixed-one-053,605,0,0.0
full-mixed-01,FLEX_POOL,LEGACY_DIRECTED_LINK,8,3,6,mixed-one-048,mixed-one-058,484,121,0.2
full-mixed-01,FLEX_POOL,LEGACY_DIRECTED_LINK,8,3,7,mixed-one-037,mixed-one-048,605,0,0.0
full-mixed-01,FLEX_POOL,LEGACY_DIRECTED_LINK,32,3,2,mixed-small-073,mixed-one-059,485,0,0.0
full-mixed-01,FLEX_POOL,LEGACY_DIRECTED_LINK,32,3,3,mixed-one-052,mixed-one-053,485,0,0.0
full-mixed-01,FLEX_POOL,LEGACY_DIRECTED_LINK,32,3,6,mixed-one-048,mixed-one-058,388,97,0.2
full-mixed-01,FLEX_POOL,LEGACY_DIRECTED_LINK,32,3,7,mixed-one-037,mixed-one-048,485,0,0.0
full-mixed-01,FLEX_POOL,LEGACY_DIRECTED_LINK,64,3,2,mixed-small-073,mixed-one-059,325,0,0.0
full-mixed-01,FLEX_POOL,LEGACY_DIRECTED_LINK,64,3,3,mixed-one-052,mixed-one-053,325,0,0.0
full-mixed-01,FLEX_POOL,LEGACY_DIRECTED_LINK,64,3,6,mixed-one-048,mixed-one-058,260,65,0.2
full-mixed-01,FLEX_POOL,LEGACY_DIRECTED_LINK,64,3,7,mixed-one-037,mixed-one-048,325,0,0.0
full-mixed-01,FLEX_POOL,LEGACY_DIRECTED_LINK,128,3,2,mixed-small-073,mixed-one-059,645,0,0.0
full-mixed-01,FLEX_POOL,LEGACY_DIRECTED_LINK,128,3,3,mixed-one-052,mixed-one-053,645,0,0.0
full-mixed-01,FLEX_POOL,LEGACY_DIRECTED_LINK,128,3,6,mixed-one-048,mixed-one-058,516,129,0.2
full-mixed-01,FLEX_POOL,LEGACY_DIRECTED_LINK,128,3,7,mixed-one-037,mixed-one-048,645,0,0.0
full-mixed-01,FLEX_POOL,SHARED_NIC,1,3,2,mixed-small-073,mixed-one-059,640,0,0.0
full-mixed-01,FLEX_POOL,SHARED_NIC,1,3,3,mixed-one-052,mixed-one-053,640,0,0.0
full-mixed-01,FLEX_POOL,SHARED_NIC,1,3,6,mixed-one-048,mixed-one-058,640,0,0.0
full-mixed-01,FLEX_POOL,SHARED_NIC,1,3,7,mixed-one-037,mixed-one-048,640,0,0.0
full-mixed-01,FLEX_POOL,SHARED_NIC,8,3,2,mixed-small-073,mixed-one-059,468,137,0.22644628099173553
full-mixed-01,FLEX_POOL,SHARED_NIC,8,3,3,mixed-one-052,mixed-one-053,533,72,0.11900826446280992
full-mixed-01,FLEX_POOL,SHARED_NIC,8,3,6,mixed-one-048,mixed-one-058,512,93,0.1537190082644628
full-mixed-01,FLEX_POOL,SHARED_NIC,8,3,7,mixed-one-037,mixed-one-048,593,12,0.019834710743801654
full-mixed-01,FLEX_POOL,SHARED_NIC,32,3,2,mixed-small-073,mixed-one-059,294,191,0.3938144329896907
full-mixed-01,FLEX_POOL,SHARED_NIC,32,3,3,mixed-one-052,mixed-one-053,375,110,0.2268041237113402
full-mixed-01,FLEX_POOL,SHARED_NIC,32,3,6,mixed-one-048,mixed-one-058,399,86,0.177319587628866
full-mixed-01,FLEX_POOL,SHARED_NIC,32,3,7,mixed-one-037,mixed-one-048,462,23,0.04742268041237113
full-mixed-01,FLEX_POOL,SHARED_NIC,64,3,2,mixed-small-073,mixed-one-059,200,125,0.38461538461538464
full-mixed-01,FLEX_POOL,SHARED_NIC,64,3,3,mixed-one-052,mixed-one-053,249,76,0.23384615384615384
full-mixed-01,FLEX_POOL,SHARED_NIC,64,3,6,mixed-one-048,mixed-one-058,272,53,0.16307692307692306
full-mixed-01,FLEX_POOL,SHARED_NIC,64,3,7,mixed-one-037,mixed-one-048,304,21,0.06461538461538462
full-mixed-01,FLEX_POOL,SHARED_NIC,128,3,2,mixed-small-073,mixed-one-059,400,245,0.3798449612403101
full-mixed-01,FLEX_POOL,SHARED_NIC,128,3,3,mixed-one-052,mixed-one-053,490,155,0.24031007751937986
full-mixed-01,FLEX_POOL,SHARED_NIC,128,3,6,mixed-one-048,mixed-one-058,535,110,0.17054263565891473
full-mixed-01,FLEX_POOL,SHARED_NIC,128,3,7,mixed-one-037,mixed-one-048,616,29,0.04496124031007752
full-mixed-02,FLEX_FREE,SHARED_NIC,1,2,3,mixed-one-055,mixed-one-048,640,0,0.0
full-mixed-02,FLEX_FREE,SHARED_NIC,1,2,4,mixed-one-045,mixed-one-052,512,128,0.2
full-mixed-02,FLEX_FREE,SHARED_NIC,1,2,6,mixed-one-051,mixed-one-045,512,128,0.2
full-mixed-02,FLEX_FREE,SHARED_NIC,1,2,7,mixed-one-047,mixed-one-055,640,0,0.0
full-mixed-02,FLEX_FREE,SHARED_NIC,8,2,3,mixed-one-055,mixed-one-048,427,178,0.29421487603305785
full-mixed-02,FLEX_FREE,SHARED_NIC,8,2,4,mixed-one-045,mixed-one-052,387,218,0.3603305785123967
full-mixed-02,FLEX_FREE,SHARED_NIC,8,2,6,mixed-one-051,mixed-one-045,379,226,0.37355371900826445
full-mixed-02,FLEX_FREE,SHARED_NIC,8,2,7,mixed-one-047,mixed-one-055,543,62,0.1024793388429752
full-mixed-02,FLEX_FREE,SHARED_NIC,32,2,3,mixed-one-055,mixed-one-048,366,119,0.24536082474226803
full-mixed-02,FLEX_FREE,SHARED_NIC,32,2,4,mixed-one-045,mixed-one-052,333,152,0.3134020618556701
full-mixed-02,FLEX_FREE,SHARED_NIC,32,2,6,mixed-one-051,mixed-one-045,334,151,0.311340206185567
full-mixed-02,FLEX_FREE,SHARED_NIC,32,2,7,mixed-one-047,mixed-one-055,431,54,0.11134020618556702
full-mixed-02,FLEX_FREE,SHARED_NIC,64,2,3,mixed-one-055,mixed-one-048,240,85,0.26153846153846155
full-mixed-02,FLEX_FREE,SHARED_NIC,64,2,4,mixed-one-045,mixed-one-052,191,134,0.4123076923076923
full-mixed-02,FLEX_FREE,SHARED_NIC,64,2,6,mixed-one-051,mixed-one-045,193,132,0.40615384615384614
full-mixed-02,FLEX_FREE,SHARED_NIC,64,2,7,mixed-one-047,mixed-one-055,286,39,0.12
full-mixed-02,FLEX_FREE,SHARED_NIC,128,2,3,mixed-one-055,mixed-one-048,475,170,0.26356589147286824
full-mixed-02,FLEX_FREE,SHARED_NIC,128,2,4,mixed-one-045,mixed-one-052,398,247,0.3829457364341085
full-mixed-02,FLEX_FREE,SHARED_NIC,128,2,6,mixed-one-051,mixed-one-045,397,248,0.38449612403100775
full-mixed-02,FLEX_FREE,SHARED_NIC,128,2,7,mixed-one-047,mixed-one-055,573,72,0.11162790697674418
full-mixed-02,FLEX_POOL,LEGACY_DIRECTED_LINK,1,2,3,mixed-one-055,mixed-one-048,640,0,0.0
full-mixed-02,FLEX_POOL,LEGACY_DIRECTED_LINK,1,2,4,mixed-one-045,mixed-one-052,512,128,0.2
full-mixed-02,FLEX_POOL,LEGACY_DIRECTED_LINK,1,2,6,mixed-one-051,mixed-one-045,640,0,0.0
full-mixed-02,FLEX_POOL,LEGACY_DIRECTED_LINK,1,2,7,mixed-one-047,mixed-one-055,640,0,0.0
full-mixed-02,FLEX_POOL,LEGACY_DIRECTED_LINK,8,2,3,mixed-one-055,mixed-one-048,605,0,0.0
full-mixed-02,FLEX_POOL,LEGACY_DIRECTED_LINK,8,2,4,mixed-one-045,mixed-one-052,484,121,0.2
full-mixed-02,FLEX_POOL,LEGACY_DIRECTED_LINK,8,2,6,mixed-one-051,mixed-one-045,605,0,0.0
full-mixed-02,FLEX_POOL,LEGACY_DIRECTED_LINK,8,2,7,mixed-one-047,mixed-one-055,605,0,0.0
full-mixed-02,FLEX_POOL,LEGACY_DIRECTED_LINK,32,2,3,mixed-one-055,mixed-one-048,485,0,0.0
full-mixed-02,FLEX_POOL,LEGACY_DIRECTED_LINK,32,2,4,mixed-one-045,mixed-one-052,388,97,0.2
full-mixed-02,FLEX_POOL,LEGACY_DIRECTED_LINK,32,2,6,mixed-one-051,mixed-one-045,485,0,0.0
full-mixed-02,FLEX_POOL,LEGACY_DIRECTED_LINK,32,2,7,mixed-one-047,mixed-one-055,485,0,0.0
full-mixed-02,FLEX_POOL,LEGACY_DIRECTED_LINK,64,2,3,mixed-one-055,mixed-one-048,325,0,0.0
full-mixed-02,FLEX_POOL,LEGACY_DIRECTED_LINK,64,2,4,mixed-one-045,mixed-one-052,260,65,0.2
full-mixed-02,FLEX_POOL,LEGACY_DIRECTED_LINK,64,2,6,mixed-one-051,mixed-one-045,325,0,0.0
full-mixed-02,FLEX_POOL,LEGACY_DIRECTED_LINK,64,2,7,mixed-one-047,mixed-one-055,325,0,0.0
full-mixed-02,FLEX_POOL,LEGACY_DIRECTED_LINK,128,2,3,mixed-one-055,mixed-one-048,645,0,0.0
full-mixed-02,FLEX_POOL,LEGACY_DIRECTED_LINK,128,2,4,mixed-one-045,mixed-one-052,516,129,0.2
full-mixed-02,FLEX_POOL,LEGACY_DIRECTED_LINK,128,2,6,mixed-one-051,mixed-one-045,645,0,0.0
full-mixed-02,FLEX_POOL,LEGACY_DIRECTED_LINK,128,2,7,mixed-one-047,mixed-one-055,645,0,0.0
full-mixed-02,FLEX_POOL,SHARED_NIC,1,2,3,mixed-one-055,mixed-one-048,640,0,0.0
full-mixed-02,FLEX_POOL,SHARED_NIC,1,2,4,mixed-one-045,mixed-one-052,512,128,0.2
full-mixed-02,FLEX_POOL,SHARED_NIC,1,2,6,mixed-one-051,mixed-one-045,512,128,0.2
full-mixed-02,FLEX_POOL,SHARED_NIC,1,2,7,mixed-one-047,mixed-one-055,640,0,0.0
full-mixed-02,FLEX_POOL,SHARED_NIC,8,2,3,mixed-one-055,mixed-one-048,427,178,0.29421487603305785
full-mixed-02,FLEX_POOL,SHARED_NIC,8,2,4,mixed-one-045,mixed-one-052,387,218,0.3603305785123967
full-mixed-02,FLEX_POOL,SHARED_NIC,8,2,6,mixed-one-051,mixed-one-045,379,226,0.37355371900826445
full-mixed-02,FLEX_POOL,SHARED_NIC,8,2,7,mixed-one-047,mixed-one-055,543,62,0.1024793388429752
full-mixed-02,FLEX_POOL,SHARED_NIC,32,2,3,mixed-one-055,mixed-one-048,366,119,0.24536082474226803
full-mixed-02,FLEX_POOL,SHARED_NIC,32,2,4,mixed-one-045,mixed-one-052,333,152,0.3134020618556701
full-mixed-02,FLEX_POOL,SHARED_NIC,32,2,6,mixed-one-051,mixed-one-045,334,151,0.311340206185567
full-mixed-02,FLEX_POOL,SHARED_NIC,32,2,7,mixed-one-047,mixed-one-055,431,54,0.11134020618556702
full-mixed-02,FLEX_POOL,SHARED_NIC,64,2,3,mixed-one-055,mixed-one-048,240,85,0.26153846153846155
full-mixed-02,FLEX_POOL,SHARED_NIC,64,2,4,mixed-one-045,mixed-one-052,191,134,0.4123076923076923
full-mixed-02,FLEX_POOL,SHARED_NIC,64,2,6,mixed-one-051,mixed-one-045,193,132,0.40615384615384614
full-mixed-02,FLEX_POOL,SHARED_NIC,64,2,7,mixed-one-047,mixed-one-055,286,39,0.12
full-mixed-02,FLEX_POOL,SHARED_NIC,128,2,3,mixed-one-055,mixed-one-048,475,170,0.26356589147286824
full-mixed-02,FLEX_POOL,SHARED_NIC,128,2,4,mixed-one-045,mixed-one-052,398,247,0.3829457364341085
full-mixed-02,FLEX_POOL,SHARED_NIC,128,2,6,mixed-one-051,mixed-one-045,397,248,0.38449612403100775
full-mixed-02,FLEX_POOL,SHARED_NIC,128,2,7,mixed-one-047,mixed-one-055,573,72,0.11162790697674418
full-mixed-03,FLEX_FREE,SHARED_NIC,1,3,6,mixed-one-052,mixed-one-051,640,0,0.0
full-mixed-03,FLEX_FREE,SHARED_NIC,1,3,7,mixed-one-050,mixed-one-046,512,128,0.2
full-mixed-03,FLEX_FREE,SHARED_NIC,1,7,0,mixed-one-049,mixed-small-081,640,0,0.0
full-mixed-03,FLEX_FREE,SHARED_NIC,1,7,1,mixed-small-081,mixed-small-089,640,0,0.0
full-mixed-03,FLEX_FREE,SHARED_NIC,1,7,2,mixed-small-089,mixed-small-081,640,0,0.0
full-mixed-03,FLEX_FREE,SHARED_NIC,1,7,3,mixed-one-052,mixed-small-089,640,0,0.0
full-mixed-03,FLEX_FREE,SHARED_NIC,1,7,4,mixed-small-074,mixed-small-083,640,0,0.0
full-mixed-03,FLEX_FREE,SHARED_NIC,1,7,5,mixed-small-083,mixed-small-074,640,0,0.0
full-mixed-03,FLEX_FREE,SHARED_NIC,1,7,6,mixed-one-051,mixed-small-074,512,128,0.2
full-mixed-03,FLEX_FREE,SHARED_NIC,1,7,7,mixed-one-050,mixed-small-083,640,0,0.0
full-mixed-03,FLEX_FREE,SHARED_NIC,8,3,6,mixed-one-052,mixed-one-051,378,227,0.3752066115702479
full-mixed-03,FLEX_FREE,SHARED_NIC,8,3,7,mixed-one-050,mixed-one-046,409,196,0.3239669421487603
full-mixed-03,FLEX_FREE,SHARED_NIC,8,7,0,mixed-one-049,mixed-small-081,526,79,0.1305785123966942
full-mixed-03,FLEX_FREE,SHARED_NIC,8,7,1,mixed-small-081,mixed-small-089,437,168,0.27768595041322314
full-mixed-03,FLEX_FREE,SHARED_NIC,8,7,2,mixed-small-089,mixed-small-081,436,169,0.2793388429752066
full-mixed-03,FLEX_FREE,SHARED_NIC,8,7,3,mixed-one-052,mixed-small-089,503,102,0.16859504132231404
full-mixed-03,FLEX_FREE,SHARED_NIC,8,7,4,mixed-small-074,mixed-small-083,562,43,0.07107438016528926
full-mixed-03,FLEX_FREE,SHARED_NIC,8,7,5,mixed-small-083,mixed-small-074,560,45,0.0743801652892562
full-mixed-03,FLEX_FREE,SHARED_NIC,8,7,6,mixed-one-051,mixed-small-074,384,221,0.3652892561983471
full-mixed-03,FLEX_FREE,SHARED_NIC,8,7,7,mixed-one-050,mixed-small-083,529,76,0.1256198347107438
full-mixed-03,FLEX_FREE,SHARED_NIC,32,3,6,mixed-one-052,mixed-one-051,322,163,0.33608247422680415
full-mixed-03,FLEX_FREE,SHARED_NIC,32,3,7,mixed-one-050,mixed-one-046,345,140,0.28865979381443296
full-mixed-03,FLEX_FREE,SHARED_NIC,32,7,0,mixed-one-049,mixed-small-081,408,77,0.15876288659793814
full-mixed-03,FLEX_FREE,SHARED_NIC,32,7,1,mixed-small-081,mixed-small-089,339,146,0.30103092783505153
full-mixed-03,FLEX_FREE,SHARED_NIC,32,7,2,mixed-small-089,mixed-small-081,339,146,0.30103092783505153
full-mixed-03,FLEX_FREE,SHARED_NIC,32,7,3,mixed-one-052,mixed-small-089,402,83,0.1711340206185567
full-mixed-03,FLEX_FREE,SHARED_NIC,32,7,4,mixed-small-074,mixed-small-083,433,52,0.10721649484536082
full-mixed-03,FLEX_FREE,SHARED_NIC,32,7,5,mixed-small-083,mixed-small-074,431,54,0.11134020618556702
full-mixed-03,FLEX_FREE,SHARED_NIC,32,7,6,mixed-one-051,mixed-small-074,303,182,0.3752577319587629
full-mixed-03,FLEX_FREE,SHARED_NIC,32,7,7,mixed-one-050,mixed-small-083,407,78,0.16082474226804125
full-mixed-03,FLEX_FREE,SHARED_NIC,64,3,6,mixed-one-052,mixed-one-051,208,117,0.36
full-mixed-03,FLEX_FREE,SHARED_NIC,64,3,7,mixed-one-050,mixed-one-046,213,112,0.3446153846153846
full-mixed-03,FLEX_FREE,SHARED_NIC,64,7,0,mixed-one-049,mixed-small-081,279,46,0.14153846153846153
full-mixed-03,FLEX_FREE,SHARED_NIC,64,7,1,mixed-small-081,mixed-small-089,236,89,0.27384615384615385
full-mixed-03,FLEX_FREE,SHARED_NIC,64,7,2,mixed-small-089,mixed-small-081,236,89,0.27384615384615385
full-mixed-03,FLEX_FREE,SHARED_NIC,64,7,3,mixed-one-052,mixed-small-089,269,56,0.1723076923076923
full-mixed-03,FLEX_FREE,SHARED_NIC,64,7,4,mixed-small-074,mixed-small-083,300,25,0.07692307692307693
full-mixed-03,FLEX_FREE,SHARED_NIC,64,7,5,mixed-small-083,mixed-small-074,300,25,0.07692307692307693
full-mixed-03,FLEX_FREE,SHARED_NIC,64,7,6,mixed-one-051,mixed-small-074,198,127,0.39076923076923076
full-mixed-03,FLEX_FREE,SHARED_NIC,64,7,7,mixed-one-050,mixed-small-083,285,40,0.12307692307692308
full-mixed-03,FLEX_FREE,SHARED_NIC,128,3,6,mixed-one-052,mixed-one-051,396,249,0.386046511627907
full-mixed-03,FLEX_FREE,SHARED_NIC,128,3,7,mixed-one-050,mixed-one-046,415,230,0.35658914728682173
full-mixed-03,FLEX_FREE,SHARED_NIC,128,7,0,mixed-one-049,mixed-small-081,551,94,0.14573643410852713
full-mixed-03,FLEX_FREE,SHARED_NIC,128,7,1,mixed-small-081,mixed-small-089,444,201,0.3116279069767442
full-mixed-03,FLEX_FREE,SHARED_NIC,128,7,2,mixed-small-089,mixed-small-081,443,202,0.31317829457364343
full-mixed-03,FLEX_FREE,SHARED_NIC,128,7,3,mixed-one-052,mixed-small-089,520,125,0.1937984496124031
full-mixed-03,FLEX_FREE,SHARED_NIC,128,7,4,mixed-small-074,mixed-small-083,593,52,0.08062015503875969
full-mixed-03,FLEX_FREE,SHARED_NIC,128,7,5,mixed-small-083,mixed-small-074,592,53,0.08217054263565891
full-mixed-03,FLEX_FREE,SHARED_NIC,128,7,6,mixed-one-051,mixed-small-074,397,248,0.38449612403100775
full-mixed-03,FLEX_FREE,SHARED_NIC,128,7,7,mixed-one-050,mixed-small-083,564,81,0.12558139534883722
full-mixed-03,FLEX_POOL,LEGACY_DIRECTED_LINK,1,3,6,mixed-one-052,mixed-one-051,640,0,0.0
full-mixed-03,FLEX_POOL,LEGACY_DIRECTED_LINK,1,3,7,mixed-one-050,mixed-one-046,384,256,0.4
full-mixed-03,FLEX_POOL,LEGACY_DIRECTED_LINK,1,7,0,mixed-one-049,mixed-small-081,640,0,0.0
full-mixed-03,FLEX_POOL,LEGACY_DIRECTED_LINK,1,7,1,mixed-small-081,mixed-small-089,640,0,0.0
full-mixed-03,FLEX_POOL,LEGACY_DIRECTED_LINK,1,7,2,mixed-small-089,mixed-small-081,640,0,0.0
full-mixed-03,FLEX_POOL,LEGACY_DIRECTED_LINK,1,7,3,mixed-one-052,mixed-small-089,640,0,0.0
full-mixed-03,FLEX_POOL,LEGACY_DIRECTED_LINK,1,7,4,mixed-small-074,mixed-small-083,640,0,0.0
full-mixed-03,FLEX_POOL,LEGACY_DIRECTED_LINK,1,7,5,mixed-small-083,mixed-small-074,640,0,0.0
full-mixed-03,FLEX_POOL,LEGACY_DIRECTED_LINK,1,7,6,mixed-one-051,mixed-small-074,256,384,0.6
full-mixed-03,FLEX_POOL,LEGACY_DIRECTED_LINK,1,7,7,mixed-one-050,mixed-small-083,512,128,0.2
full-mixed-03,FLEX_POOL,LEGACY_DIRECTED_LINK,8,3,6,mixed-one-052,mixed-one-051,605,0,0.0
full-mixed-03,FLEX_POOL,LEGACY_DIRECTED_LINK,8,3,7,mixed-one-050,mixed-one-046,363,242,0.4
full-mixed-03,FLEX_POOL,LEGACY_DIRECTED_LINK,8,7,0,mixed-one-049,mixed-small-081,605,0,0.0
full-mixed-03,FLEX_POOL,LEGACY_DIRECTED_LINK,8,7,1,mixed-small-081,mixed-small-089,605,0,0.0
full-mixed-03,FLEX_POOL,LEGACY_DIRECTED_LINK,8,7,2,mixed-small-089,mixed-small-081,605,0,0.0
full-mixed-03,FLEX_POOL,LEGACY_DIRECTED_LINK,8,7,3,mixed-one-052,mixed-small-089,605,0,0.0
full-mixed-03,FLEX_POOL,LEGACY_DIRECTED_LINK,8,7,4,mixed-small-074,mixed-small-083,605,0,0.0
full-mixed-03,FLEX_POOL,LEGACY_DIRECTED_LINK,8,7,5,mixed-small-083,mixed-small-074,605,0,0.0
full-mixed-03,FLEX_POOL,LEGACY_DIRECTED_LINK,8,7,6,mixed-one-051,mixed-small-074,242,363,0.6
full-mixed-03,FLEX_POOL,LEGACY_DIRECTED_LINK,8,7,7,mixed-one-050,mixed-small-083,484,121,0.2
full-mixed-03,FLEX_POOL,LEGACY_DIRECTED_LINK,32,3,6,mixed-one-052,mixed-one-051,485,0,0.0
full-mixed-03,FLEX_POOL,LEGACY_DIRECTED_LINK,32,3,7,mixed-one-050,mixed-one-046,291,194,0.4
full-mixed-03,FLEX_POOL,LEGACY_DIRECTED_LINK,32,7,0,mixed-one-049,mixed-small-081,485,0,0.0
full-mixed-03,FLEX_POOL,LEGACY_DIRECTED_LINK,32,7,1,mixed-small-081,mixed-small-089,485,0,0.0
full-mixed-03,FLEX_POOL,LEGACY_DIRECTED_LINK,32,7,2,mixed-small-089,mixed-small-081,485,0,0.0
full-mixed-03,FLEX_POOL,LEGACY_DIRECTED_LINK,32,7,3,mixed-one-052,mixed-small-089,485,0,0.0
full-mixed-03,FLEX_POOL,LEGACY_DIRECTED_LINK,32,7,4,mixed-small-074,mixed-small-083,485,0,0.0
full-mixed-03,FLEX_POOL,LEGACY_DIRECTED_LINK,32,7,5,mixed-small-083,mixed-small-074,485,0,0.0
full-mixed-03,FLEX_POOL,LEGACY_DIRECTED_LINK,32,7,6,mixed-one-051,mixed-small-074,194,291,0.6
full-mixed-03,FLEX_POOL,LEGACY_DIRECTED_LINK,32,7,7,mixed-one-050,mixed-small-083,388,97,0.2
full-mixed-03,FLEX_POOL,LEGACY_DIRECTED_LINK,64,3,6,mixed-one-052,mixed-one-051,325,0,0.0
full-mixed-03,FLEX_POOL,LEGACY_DIRECTED_LINK,64,3,7,mixed-one-050,mixed-one-046,195,130,0.4
full-mixed-03,FLEX_POOL,LEGACY_DIRECTED_LINK,64,7,0,mixed-one-049,mixed-small-081,325,0,0.0
full-mixed-03,FLEX_POOL,LEGACY_DIRECTED_LINK,64,7,1,mixed-small-081,mixed-small-089,325,0,0.0
full-mixed-03,FLEX_POOL,LEGACY_DIRECTED_LINK,64,7,2,mixed-small-089,mixed-small-081,325,0,0.0
full-mixed-03,FLEX_POOL,LEGACY_DIRECTED_LINK,64,7,3,mixed-one-052,mixed-small-089,325,0,0.0
full-mixed-03,FLEX_POOL,LEGACY_DIRECTED_LINK,64,7,4,mixed-small-074,mixed-small-083,325,0,0.0
full-mixed-03,FLEX_POOL,LEGACY_DIRECTED_LINK,64,7,5,mixed-small-083,mixed-small-074,325,0,0.0
full-mixed-03,FLEX_POOL,LEGACY_DIRECTED_LINK,64,7,6,mixed-one-051,mixed-small-074,130,195,0.6
full-mixed-03,FLEX_POOL,LEGACY_DIRECTED_LINK,64,7,7,mixed-one-050,mixed-small-083,260,65,0.2
full-mixed-03,FLEX_POOL,LEGACY_DIRECTED_LINK,128,3,6,mixed-one-052,mixed-one-051,645,0,0.0
full-mixed-03,FLEX_POOL,LEGACY_DIRECTED_LINK,128,3,7,mixed-one-050,mixed-one-046,387,258,0.4
full-mixed-03,FLEX_POOL,LEGACY_DIRECTED_LINK,128,7,0,mixed-one-049,mixed-small-081,645,0,0.0
full-mixed-03,FLEX_POOL,LEGACY_DIRECTED_LINK,128,7,1,mixed-small-081,mixed-small-089,645,0,0.0
full-mixed-03,FLEX_POOL,LEGACY_DIRECTED_LINK,128,7,2,mixed-small-089,mixed-small-081,645,0,0.0
full-mixed-03,FLEX_POOL,LEGACY_DIRECTED_LINK,128,7,3,mixed-one-052,mixed-small-089,645,0,0.0
full-mixed-03,FLEX_POOL,LEGACY_DIRECTED_LINK,128,7,4,mixed-small-074,mixed-small-083,645,0,0.0
full-mixed-03,FLEX_POOL,LEGACY_DIRECTED_LINK,128,7,5,mixed-small-083,mixed-small-074,645,0,0.0
full-mixed-03,FLEX_POOL,LEGACY_DIRECTED_LINK,128,7,6,mixed-one-051,mixed-small-074,258,387,0.6
full-mixed-03,FLEX_POOL,LEGACY_DIRECTED_LINK,128,7,7,mixed-one-050,mixed-small-083,516,129,0.2
full-mixed-03,FLEX_POOL,SHARED_NIC,1,3,6,mixed-one-052,mixed-one-051,640,0,0.0
full-mixed-03,FLEX_POOL,SHARED_NIC,1,3,7,mixed-one-050,mixed-one-046,512,128,0.2
full-mixed-03,FLEX_POOL,SHARED_NIC,1,7,0,mixed-one-049,mixed-small-081,640,0,0.0
full-mixed-03,FLEX_POOL,SHARED_NIC,1,7,1,mixed-small-081,mixed-small-089,640,0,0.0
full-mixed-03,FLEX_POOL,SHARED_NIC,1,7,2,mixed-small-089,mixed-small-081,640,0,0.0
full-mixed-03,FLEX_POOL,SHARED_NIC,1,7,3,mixed-one-052,mixed-small-089,640,0,0.0
full-mixed-03,FLEX_POOL,SHARED_NIC,1,7,4,mixed-small-074,mixed-small-083,640,0,0.0
full-mixed-03,FLEX_POOL,SHARED_NIC,1,7,5,mixed-small-083,mixed-small-074,640,0,0.0
full-mixed-03,FLEX_POOL,SHARED_NIC,1,7,6,mixed-one-051,mixed-small-074,512,128,0.2
full-mixed-03,FLEX_POOL,SHARED_NIC,1,7,7,mixed-one-050,mixed-small-083,640,0,0.0
full-mixed-03,FLEX_POOL,SHARED_NIC,8,3,6,mixed-one-052,mixed-one-051,378,227,0.3752066115702479
full-mixed-03,FLEX_POOL,SHARED_NIC,8,3,7,mixed-one-050,mixed-one-046,409,196,0.3239669421487603
full-mixed-03,FLEX_POOL,SHARED_NIC,8,7,0,mixed-one-049,mixed-small-081,526,79,0.1305785123966942
full-mixed-03,FLEX_POOL,SHARED_NIC,8,7,1,mixed-small-081,mixed-small-089,437,168,0.27768595041322314
full-mixed-03,FLEX_POOL,SHARED_NIC,8,7,2,mixed-small-089,mixed-small-081,436,169,0.2793388429752066
full-mixed-03,FLEX_POOL,SHARED_NIC,8,7,3,mixed-one-052,mixed-small-089,503,102,0.16859504132231404
full-mixed-03,FLEX_POOL,SHARED_NIC,8,7,4,mixed-small-074,mixed-small-083,562,43,0.07107438016528926
full-mixed-03,FLEX_POOL,SHARED_NIC,8,7,5,mixed-small-083,mixed-small-074,560,45,0.0743801652892562
full-mixed-03,FLEX_POOL,SHARED_NIC,8,7,6,mixed-one-051,mixed-small-074,384,221,0.3652892561983471
full-mixed-03,FLEX_POOL,SHARED_NIC,8,7,7,mixed-one-050,mixed-small-083,529,76,0.1256198347107438
full-mixed-03,FLEX_POOL,SHARED_NIC,32,3,6,mixed-one-052,mixed-one-051,322,163,0.33608247422680415
full-mixed-03,FLEX_POOL,SHARED_NIC,32,3,7,mixed-one-050,mixed-one-046,345,140,0.28865979381443296
full-mixed-03,FLEX_POOL,SHARED_NIC,32,7,0,mixed-one-049,mixed-small-081,408,77,0.15876288659793814
full-mixed-03,FLEX_POOL,SHARED_NIC,32,7,1,mixed-small-081,mixed-small-089,339,146,0.30103092783505153
full-mixed-03,FLEX_POOL,SHARED_NIC,32,7,2,mixed-small-089,mixed-small-081,339,146,0.30103092783505153
full-mixed-03,FLEX_POOL,SHARED_NIC,32,7,3,mixed-one-052,mixed-small-089,402,83,0.1711340206185567
full-mixed-03,FLEX_POOL,SHARED_NIC,32,7,4,mixed-small-074,mixed-small-083,433,52,0.10721649484536082
full-mixed-03,FLEX_POOL,SHARED_NIC,32,7,5,mixed-small-083,mixed-small-074,431,54,0.11134020618556702
full-mixed-03,FLEX_POOL,SHARED_NIC,32,7,6,mixed-one-051,mixed-small-074,303,182,0.3752577319587629
full-mixed-03,FLEX_POOL,SHARED_NIC,32,7,7,mixed-one-050,mixed-small-083,407,78,0.16082474226804125
full-mixed-03,FLEX_POOL,SHARED_NIC,64,3,6,mixed-one-052,mixed-one-051,208,117,0.36
full-mixed-03,FLEX_POOL,SHARED_NIC,64,3,7,mixed-one-050,mixed-one-046,213,112,0.3446153846153846
full-mixed-03,FLEX_POOL,SHARED_NIC,64,7,0,mixed-one-049,mixed-small-081,279,46,0.14153846153846153
full-mixed-03,FLEX_POOL,SHARED_NIC,64,7,1,mixed-small-081,mixed-small-089,236,89,0.27384615384615385
full-mixed-03,FLEX_POOL,SHARED_NIC,64,7,2,mixed-small-089,mixed-small-081,236,89,0.27384615384615385
full-mixed-03,FLEX_POOL,SHARED_NIC,64,7,3,mixed-one-052,mixed-small-089,269,56,0.1723076923076923
full-mixed-03,FLEX_POOL,SHARED_NIC,64,7,4,mixed-small-074,mixed-small-083,300,25,0.07692307692307693
full-mixed-03,FLEX_POOL,SHARED_NIC,64,7,5,mixed-small-083,mixed-small-074,300,25,0.07692307692307693
full-mixed-03,FLEX_POOL,SHARED_NIC,64,7,6,mixed-one-051,mixed-small-074,198,127,0.39076923076923076
full-mixed-03,FLEX_POOL,SHARED_NIC,64,7,7,mixed-one-050,mixed-small-083,285,40,0.12307692307692308
full-mixed-03,FLEX_POOL,SHARED_NIC,128,3,6,mixed-one-052,mixed-one-051,396,249,0.386046511627907
full-mixed-03,FLEX_POOL,SHARED_NIC,128,3,7,mixed-one-050,mixed-one-046,415,230,0.35658914728682173
full-mixed-03,FLEX_POOL,SHARED_NIC,128,7,0,mixed-one-049,mixed-small-081,551,94,0.14573643410852713
full-mixed-03,FLEX_POOL,SHARED_NIC,128,7,1,mixed-small-081,mixed-small-089,444,201,0.3116279069767442
full-mixed-03,FLEX_POOL,SHARED_NIC,128,7,2,mixed-small-089,mixed-small-081,443,202,0.31317829457364343
full-mixed-03,FLEX_POOL,SHARED_NIC,128,7,3,mixed-one-052,mixed-small-089,520,125,0.1937984496124031
full-mixed-03,FLEX_POOL,SHARED_NIC,128,7,4,mixed-small-074,mixed-small-083,593,52,0.08062015503875969
full-mixed-03,FLEX_POOL,SHARED_NIC,128,7,5,mixed-small-083,mixed-small-074,592,53,0.08217054263565891
full-mixed-03,FLEX_POOL,SHARED_NIC,128,7,6,mixed-one-051,mixed-small-074,397,248,0.38449612403100775
full-mixed-03,FLEX_POOL,SHARED_NIC,128,7,7,mixed-one-050,mixed-small-083,564,81,0.12558139534883722
full-mixed-04,FLEX_FREE,SHARED_NIC,1,89,0,mixed-small-060,mixed-small-078,640,0,0.0
full-mixed-04,FLEX_FREE,SHARED_NIC,1,89,3,mixed-one-024,mixed-small-078,640,0,0.0
full-mixed-04,FLEX_FREE,SHARED_NIC,8,89,0,mixed-small-060,mixed-small-078,363,242,0.4
full-mixed-04,FLEX_FREE,SHARED_NIC,8,89,3,mixed-one-024,mixed-small-078,242,363,0.6
full-mixed-04,FLEX_FREE,SHARED_NIC,32,89,0,mixed-small-060,mixed-small-078,291,194,0.4
full-mixed-04,FLEX_FREE,SHARED_NIC,32,89,3,mixed-one-024,mixed-small-078,145,340,0.7010309278350515
full-mixed-04,FLEX_FREE,SHARED_NIC,64,89,0,mixed-small-060,mixed-small-078,195,130,0.4
full-mixed-04,FLEX_FREE,SHARED_NIC,64,89,3,mixed-one-024,mixed-small-078,97,228,0.7015384615384616
full-mixed-04,FLEX_FREE,SHARED_NIC,128,89,0,mixed-small-060,mixed-small-078,387,258,0.4
full-mixed-04,FLEX_FREE,SHARED_NIC,128,89,3,mixed-one-024,mixed-small-078,193,452,0.7007751937984497
full-mixed-04,FLEX_POOL,LEGACY_DIRECTED_LINK,1,3,0,mixed-small-057,mixed-small-090,640,0,0.0
full-mixed-04,FLEX_POOL,LEGACY_DIRECTED_LINK,1,3,4,mixed-one-027,mixed-small-057,640,0,0.0
full-mixed-04,FLEX_POOL,LEGACY_DIRECTED_LINK,1,9,0,mixed-multi-006,mixed-small-104,640,0,0.0
full-mixed-04,FLEX_POOL,LEGACY_DIRECTED_LINK,1,9,1,mixed-multi-020,mixed-small-076,640,0,0.0
full-mixed-04,FLEX_POOL,LEGACY_DIRECTED_LINK,1,11,2,mixed-small-107,mixed-one-040,640,0,0.0
full-mixed-04,FLEX_POOL,LEGACY_DIRECTED_LINK,1,11,7,mixed-one-027,mixed-one-044,640,0,0.0
full-mixed-04,FLEX_POOL,LEGACY_DIRECTED_LINK,1,27,0,mixed-small-108,mixed-small-078,640,0,0.0
full-mixed-04,FLEX_POOL,LEGACY_DIRECTED_LINK,1,27,1,mixed-small-088,mixed-small-107,640,0,0.0
full-mixed-04,FLEX_POOL,LEGACY_DIRECTED_LINK,1,89,0,mixed-small-060,mixed-small-078,640,0,0.0
full-mixed-04,FLEX_POOL,LEGACY_DIRECTED_LINK,1,89,3,mixed-one-024,mixed-small-078,640,0,0.0
full-mixed-04,FLEX_POOL,LEGACY_DIRECTED_LINK,8,3,0,mixed-small-057,mixed-small-090,605,0,0.0
full-mixed-04,FLEX_POOL,LEGACY_DIRECTED_LINK,8,3,4,mixed-one-027,mixed-small-057,605,0,0.0
full-mixed-04,FLEX_POOL,LEGACY_DIRECTED_LINK,8,9,0,mixed-multi-006,mixed-small-104,605,0,0.0
full-mixed-04,FLEX_POOL,LEGACY_DIRECTED_LINK,8,9,1,mixed-multi-020,mixed-small-076,605,0,0.0
full-mixed-04,FLEX_POOL,LEGACY_DIRECTED_LINK,8,11,2,mixed-small-107,mixed-one-040,605,0,0.0
full-mixed-04,FLEX_POOL,LEGACY_DIRECTED_LINK,8,11,7,mixed-one-027,mixed-one-044,605,0,0.0
full-mixed-04,FLEX_POOL,LEGACY_DIRECTED_LINK,8,27,0,mixed-small-108,mixed-small-078,605,0,0.0
full-mixed-04,FLEX_POOL,LEGACY_DIRECTED_LINK,8,27,1,mixed-small-088,mixed-small-107,605,0,0.0
full-mixed-04,FLEX_POOL,LEGACY_DIRECTED_LINK,8,89,0,mixed-small-060,mixed-small-078,605,0,0.0
full-mixed-04,FLEX_POOL,LEGACY_DIRECTED_LINK,8,89,3,mixed-one-024,mixed-small-078,605,0,0.0
full-mixed-04,FLEX_POOL,LEGACY_DIRECTED_LINK,32,3,0,mixed-small-057,mixed-small-090,485,0,0.0
full-mixed-04,FLEX_POOL,LEGACY_DIRECTED_LINK,32,3,4,mixed-one-027,mixed-small-057,485,0,0.0
full-mixed-04,FLEX_POOL,LEGACY_DIRECTED_LINK,32,9,0,mixed-multi-006,mixed-small-104,485,0,0.0
full-mixed-04,FLEX_POOL,LEGACY_DIRECTED_LINK,32,9,1,mixed-multi-020,mixed-small-076,485,0,0.0
full-mixed-04,FLEX_POOL,LEGACY_DIRECTED_LINK,32,11,2,mixed-small-107,mixed-one-040,485,0,0.0
full-mixed-04,FLEX_POOL,LEGACY_DIRECTED_LINK,32,11,7,mixed-one-027,mixed-one-044,485,0,0.0
full-mixed-04,FLEX_POOL,LEGACY_DIRECTED_LINK,32,27,0,mixed-small-108,mixed-small-078,485,0,0.0
full-mixed-04,FLEX_POOL,LEGACY_DIRECTED_LINK,32,27,1,mixed-small-088,mixed-small-107,485,0,0.0
full-mixed-04,FLEX_POOL,LEGACY_DIRECTED_LINK,32,89,0,mixed-small-060,mixed-small-078,485,0,0.0
full-mixed-04,FLEX_POOL,LEGACY_DIRECTED_LINK,32,89,3,mixed-one-024,mixed-small-078,485,0,0.0
full-mixed-04,FLEX_POOL,LEGACY_DIRECTED_LINK,64,3,0,mixed-small-057,mixed-small-090,325,0,0.0
full-mixed-04,FLEX_POOL,LEGACY_DIRECTED_LINK,64,3,4,mixed-one-027,mixed-small-057,325,0,0.0
full-mixed-04,FLEX_POOL,LEGACY_DIRECTED_LINK,64,9,0,mixed-multi-006,mixed-small-104,325,0,0.0
full-mixed-04,FLEX_POOL,LEGACY_DIRECTED_LINK,64,9,1,mixed-multi-020,mixed-small-076,325,0,0.0
full-mixed-04,FLEX_POOL,LEGACY_DIRECTED_LINK,64,11,2,mixed-small-107,mixed-one-040,325,0,0.0
full-mixed-04,FLEX_POOL,LEGACY_DIRECTED_LINK,64,11,7,mixed-one-027,mixed-one-044,325,0,0.0
full-mixed-04,FLEX_POOL,LEGACY_DIRECTED_LINK,64,27,0,mixed-small-108,mixed-small-078,325,0,0.0
full-mixed-04,FLEX_POOL,LEGACY_DIRECTED_LINK,64,27,1,mixed-small-088,mixed-small-107,325,0,0.0
full-mixed-04,FLEX_POOL,LEGACY_DIRECTED_LINK,64,89,0,mixed-small-060,mixed-small-078,325,0,0.0
full-mixed-04,FLEX_POOL,LEGACY_DIRECTED_LINK,64,89,3,mixed-one-024,mixed-small-078,325,0,0.0
full-mixed-04,FLEX_POOL,LEGACY_DIRECTED_LINK,128,3,0,mixed-small-057,mixed-small-090,645,0,0.0
full-mixed-04,FLEX_POOL,LEGACY_DIRECTED_LINK,128,3,4,mixed-one-027,mixed-small-057,645,0,0.0
full-mixed-04,FLEX_POOL,LEGACY_DIRECTED_LINK,128,9,0,mixed-multi-006,mixed-small-104,645,0,0.0
full-mixed-04,FLEX_POOL,LEGACY_DIRECTED_LINK,128,9,1,mixed-multi-020,mixed-small-076,645,0,0.0
full-mixed-04,FLEX_POOL,LEGACY_DIRECTED_LINK,128,11,2,mixed-small-107,mixed-one-040,645,0,0.0
full-mixed-04,FLEX_POOL,LEGACY_DIRECTED_LINK,128,11,7,mixed-one-027,mixed-one-044,645,0,0.0
full-mixed-04,FLEX_POOL,LEGACY_DIRECTED_LINK,128,27,0,mixed-small-108,mixed-small-078,645,0,0.0
full-mixed-04,FLEX_POOL,LEGACY_DIRECTED_LINK,128,27,1,mixed-small-088,mixed-small-107,645,0,0.0
full-mixed-04,FLEX_POOL,LEGACY_DIRECTED_LINK,128,89,0,mixed-small-060,mixed-small-078,645,0,0.0
full-mixed-04,FLEX_POOL,LEGACY_DIRECTED_LINK,128,89,3,mixed-one-024,mixed-small-078,645,0,0.0
full-mixed-04,FLEX_POOL,SHARED_NIC,1,3,0,mixed-small-057,mixed-small-090,640,0,0.0
full-mixed-04,FLEX_POOL,SHARED_NIC,1,3,4,mixed-one-027,mixed-small-057,512,128,0.2
full-mixed-04,FLEX_POOL,SHARED_NIC,1,9,0,mixed-multi-006,mixed-small-104,640,0,0.0
full-mixed-04,FLEX_POOL,SHARED_NIC,1,9,1,mixed-multi-020,mixed-small-076,640,0,0.0
full-mixed-04,FLEX_POOL,SHARED_NIC,1,11,2,mixed-small-107,mixed-one-040,512,128,0.2
full-mixed-04,FLEX_POOL,SHARED_NIC,1,11,7,mixed-one-027,mixed-one-044,640,0,0.0
full-mixed-04,FLEX_POOL,SHARED_NIC,1,27,0,mixed-small-108,mixed-small-078,512,128,0.2
full-mixed-04,FLEX_POOL,SHARED_NIC,1,27,1,mixed-small-088,mixed-small-107,640,0,0.0
full-mixed-04,FLEX_POOL,SHARED_NIC,1,89,0,mixed-small-060,mixed-small-078,640,0,0.0
full-mixed-04,FLEX_POOL,SHARED_NIC,1,89,3,mixed-one-024,mixed-small-078,640,0,0.0
full-mixed-04,FLEX_POOL,SHARED_NIC,8,3,0,mixed-small-057,mixed-small-090,345,260,0.4297520661157025
full-mixed-04,FLEX_POOL,SHARED_NIC,8,3,4,mixed-one-027,mixed-small-057,119,486,0.8033057851239669
full-mixed-04,FLEX_POOL,SHARED_NIC,8,9,0,mixed-multi-006,mixed-small-104,422,183,0.30247933884297523
full-mixed-04,FLEX_POOL,SHARED_NIC,8,9,1,mixed-multi-020,mixed-small-076,309,296,0.48925619834710743
full-mixed-04,FLEX_POOL,SHARED_NIC,8,11,2,mixed-small-107,mixed-one-040,605,0,0.0
full-mixed-04,FLEX_POOL,SHARED_NIC,8,11,7,mixed-one-027,mixed-one-044,363,242,0.4
full-mixed-04,FLEX_POOL,SHARED_NIC,8,27,0,mixed-small-108,mixed-small-078,421,184,0.30413223140495865
full-mixed-04,FLEX_POOL,SHARED_NIC,8,27,1,mixed-small-088,mixed-small-107,510,95,0.15702479338842976
full-mixed-04,FLEX_POOL,SHARED_NIC,8,89,0,mixed-small-060,mixed-small-078,363,242,0.4
full-mixed-04,FLEX_POOL,SHARED_NIC,8,89,3,mixed-one-024,mixed-small-078,242,363,0.6
full-mixed-04,FLEX_POOL,SHARED_NIC,32,3,0,mixed-small-057,mixed-small-090,251,234,0.4824742268041237
full-mixed-04,FLEX_POOL,SHARED_NIC,32,3,4,mixed-one-027,mixed-small-057,112,373,0.7690721649484537
full-mixed-04,FLEX_POOL,SHARED_NIC,32,9,0,mixed-multi-006,mixed-small-104,291,194,0.4
full-mixed-04,FLEX_POOL,SHARED_NIC,32,9,1,mixed-multi-020,mixed-small-076,202,283,0.5835051546391753
full-mixed-04,FLEX_POOL,SHARED_NIC,32,11,2,mixed-small-107,mixed-one-040,450,35,0.07216494845360824
full-mixed-04,FLEX_POOL,SHARED_NIC,32,11,7,mixed-one-027,mixed-one-044,199,286,0.5896907216494846
full-mixed-04,FLEX_POOL,SHARED_NIC,32,27,0,mixed-small-108,mixed-small-078,382,103,0.21237113402061855
full-mixed-04,FLEX_POOL,SHARED_NIC,32,27,1,mixed-small-088,mixed-small-107,411,74,0.15257731958762888
full-mixed-04,FLEX_POOL,SHARED_NIC,32,89,0,mixed-small-060,mixed-small-078,291,194,0.4
full-mixed-04,FLEX_POOL,SHARED_NIC,32,89,3,mixed-one-024,mixed-small-078,146,339,0.6989690721649484
full-mixed-04,FLEX_POOL,SHARED_NIC,64,3,0,mixed-small-057,mixed-small-090,167,158,0.48615384615384616
full-mixed-04,FLEX_POOL,SHARED_NIC,64,3,4,mixed-one-027,mixed-small-057,93,232,0.7138461538461538
full-mixed-04,FLEX_POOL,SHARED_NIC,64,9,0,mixed-multi-006,mixed-small-104,195,130,0.4
full-mixed-04,FLEX_POOL,SHARED_NIC,64,9,1,mixed-multi-020,mixed-small-076,142,183,0.563076923076923
full-mixed-04,FLEX_POOL,SHARED_NIC,64,11,2,mixed-small-107,mixed-one-040,286,39,0.12
full-mixed-04,FLEX_POOL,SHARED_NIC,64,11,7,mixed-one-027,mixed-one-044,174,151,0.4646153846153846
full-mixed-04,FLEX_POOL,SHARED_NIC,64,27,0,mixed-small-108,mixed-small-078,263,62,0.19076923076923077
full-mixed-04,FLEX_POOL,SHARED_NIC,64,27,1,mixed-small-088,mixed-small-107,274,51,0.15692307692307692
full-mixed-04,FLEX_POOL,SHARED_NIC,64,89,0,mixed-small-060,mixed-small-078,195,130,0.4
full-mixed-04,FLEX_POOL,SHARED_NIC,64,89,3,mixed-one-024,mixed-small-078,98,227,0.6984615384615385
full-mixed-04,FLEX_POOL,SHARED_NIC,128,3,0,mixed-small-057,mixed-small-090,277,368,0.5705426356589147
full-mixed-04,FLEX_POOL,SHARED_NIC,128,3,4,mixed-one-027,mixed-small-057,185,460,0.7131782945736435
full-mixed-04,FLEX_POOL,SHARED_NIC,128,9,0,mixed-multi-006,mixed-small-104,395,250,0.3875968992248062
full-mixed-04,FLEX_POOL,SHARED_NIC,128,9,1,mixed-multi-020,mixed-small-076,233,412,0.6387596899224807
full-mixed-04,FLEX_POOL,SHARED_NIC,128,11,2,mixed-small-107,mixed-one-040,571,74,0.11472868217054263
full-mixed-04,FLEX_POOL,SHARED_NIC,128,11,7,mixed-one-027,mixed-one-044,291,354,0.5488372093023256
full-mixed-04,FLEX_POOL,SHARED_NIC,128,27,0,mixed-small-108,mixed-small-078,519,126,0.19534883720930232
full-mixed-04,FLEX_POOL,SHARED_NIC,128,27,1,mixed-small-088,mixed-small-107,563,82,0.12713178294573643
full-mixed-04,FLEX_POOL,SHARED_NIC,128,89,0,mixed-small-060,mixed-small-078,387,258,0.4
full-mixed-04,FLEX_POOL,SHARED_NIC,128,89,3,mixed-one-024,mixed-small-078,194,451,0.6992248062015504
full-mixed-06,FLEX_FREE,SHARED_NIC,1,11,0,mixed-small-090,mixed-one-043,640,0,0.0
full-mixed-06,FLEX_FREE,SHARED_NIC,1,11,1,mixed-small-088,mixed-one-043,640,0,0.0
full-mixed-06,FLEX_FREE,SHARED_NIC,1,11,2,mixed-small-073,mixed-small-106,640,0,0.0
full-mixed-06,FLEX_FREE,SHARED_NIC,1,11,3,mixed-small-060,mixed-small-106,640,0,0.0
full-mixed-06,FLEX_FREE,SHARED_NIC,1,11,4,mixed-small-092,mixed-small-099,640,0,0.0
full-mixed-06,FLEX_FREE,SHARED_NIC,1,11,5,mixed-small-081,mixed-small-099,640,0,0.0
full-mixed-06,FLEX_FREE,SHARED_NIC,1,11,6,mixed-small-107,mixed-one-032,640,0,0.0
full-mixed-06,FLEX_FREE,SHARED_NIC,1,11,7,mixed-small-104,mixed-one-039,640,0,0.0
full-mixed-06,FLEX_FREE,SHARED_NIC,8,11,0,mixed-small-090,mixed-one-043,452,153,0.2528925619834711
full-mixed-06,FLEX_FREE,SHARED_NIC,8,11,1,mixed-small-088,mixed-one-043,430,175,0.2892561983471074
full-mixed-06,FLEX_FREE,SHARED_NIC,8,11,2,mixed-small-073,mixed-small-106,417,188,0.31074380165289256
full-mixed-06,FLEX_FREE,SHARED_NIC,8,11,3,mixed-small-060,mixed-small-106,543,62,0.1024793388429752
full-mixed-06,FLEX_FREE,SHARED_NIC,8,11,4,mixed-small-092,mixed-small-099,515,90,0.1487603305785124
full-mixed-06,FLEX_FREE,SHARED_NIC,8,11,5,mixed-small-081,mixed-small-099,578,27,0.04462809917355372
full-mixed-06,FLEX_FREE,SHARED_NIC,8,11,6,mixed-small-107,mixed-one-032,399,206,0.34049586776859503
full-mixed-06,FLEX_FREE,SHARED_NIC,8,11,7,mixed-small-104,mixed-one-039,415,190,0.3140495867768595
full-mixed-06,FLEX_FREE,SHARED_NIC,32,11,0,mixed-small-090,mixed-one-043,338,147,0.3030927835051546
full-mixed-06,FLEX_FREE,SHARED_NIC,32,11,1,mixed-small-088,mixed-one-043,331,154,0.31752577319587627
full-mixed-06,FLEX_FREE,SHARED_NIC,32,11,2,mixed-small-073,mixed-small-106,330,155,0.31958762886597936
full-mixed-06,FLEX_FREE,SHARED_NIC,32,11,3,mixed-small-060,mixed-small-106,421,64,0.13195876288659794
full-mixed-06,FLEX_FREE,SHARED_NIC,32,11,4,mixed-small-092,mixed-small-099,393,92,0.18969072164948453
full-mixed-06,FLEX_FREE,SHARED_NIC,32,11,5,mixed-small-081,mixed-small-099,452,33,0.06804123711340206
full-mixed-06,FLEX_FREE,SHARED_NIC,32,11,6,mixed-small-107,mixed-one-032,320,165,0.3402061855670103
full-mixed-06,FLEX_FREE,SHARED_NIC,32,11,7,mixed-small-104,mixed-one-039,345,140,0.28865979381443296
full-mixed-06,FLEX_FREE,SHARED_NIC,64,11,0,mixed-small-090,mixed-one-043,225,100,0.3076923076923077
full-mixed-06,FLEX_FREE,SHARED_NIC,64,11,1,mixed-small-088,mixed-one-043,217,108,0.3323076923076923
full-mixed-06,FLEX_FREE,SHARED_NIC,64,11,2,mixed-small-073,mixed-small-106,214,111,0.3415384615384615
full-mixed-06,FLEX_FREE,SHARED_NIC,64,11,3,mixed-small-060,mixed-small-106,276,49,0.15076923076923077
full-mixed-06,FLEX_FREE,SHARED_NIC,64,11,4,mixed-small-092,mixed-small-099,262,63,0.19384615384615383
full-mixed-06,FLEX_FREE,SHARED_NIC,64,11,5,mixed-small-081,mixed-small-099,293,32,0.09846153846153846
full-mixed-06,FLEX_FREE,SHARED_NIC,64,11,6,mixed-small-107,mixed-one-032,197,128,0.39384615384615385
full-mixed-06,FLEX_FREE,SHARED_NIC,64,11,7,mixed-small-104,mixed-one-039,213,112,0.3446153846153846
full-mixed-06,FLEX_FREE,SHARED_NIC,128,11,0,mixed-small-090,mixed-one-043,431,214,0.33178294573643413
full-mixed-06,FLEX_FREE,SHARED_NIC,128,11,1,mixed-small-088,mixed-one-043,439,206,0.31937984496124033
full-mixed-06,FLEX_FREE,SHARED_NIC,128,11,2,mixed-small-073,mixed-small-106,413,232,0.35968992248062015
full-mixed-06,FLEX_FREE,SHARED_NIC,128,11,3,mixed-small-060,mixed-small-106,568,77,0.11937984496124031
full-mixed-06,FLEX_FREE,SHARED_NIC,128,11,4,mixed-small-092,mixed-small-099,518,127,0.19689922480620156
full-mixed-06,FLEX_FREE,SHARED_NIC,128,11,5,mixed-small-081,mixed-small-099,596,49,0.07596899224806201
full-mixed-06,FLEX_FREE,SHARED_NIC,128,11,6,mixed-small-107,mixed-one-032,395,250,0.3875968992248062
full-mixed-06,FLEX_FREE,SHARED_NIC,128,11,7,mixed-small-104,mixed-one-039,411,234,0.3627906976744186
full-mixed-06,FLEX_POOL,LEGACY_DIRECTED_LINK,1,9,0,mixed-small-090,mixed-one-043,640,0,0.0
full-mixed-06,FLEX_POOL,LEGACY_DIRECTED_LINK,1,9,1,mixed-small-088,mixed-one-043,640,0,0.0
full-mixed-06,FLEX_POOL,LEGACY_DIRECTED_LINK,1,9,2,mixed-small-073,mixed-small-106,640,0,0.0
full-mixed-06,FLEX_POOL,LEGACY_DIRECTED_LINK,1,9,3,mixed-small-060,mixed-small-106,640,0,0.0
full-mixed-06,FLEX_POOL,LEGACY_DIRECTED_LINK,1,9,4,mixed-small-092,mixed-small-099,640,0,0.0
full-mixed-06,FLEX_POOL,LEGACY_DIRECTED_LINK,1,9,5,mixed-small-081,mixed-small-099,640,0,0.0
full-mixed-06,FLEX_POOL,LEGACY_DIRECTED_LINK,1,9,6,mixed-small-107,mixed-one-032,640,0,0.0
full-mixed-06,FLEX_POOL,LEGACY_DIRECTED_LINK,1,9,7,mixed-small-104,mixed-one-039,640,0,0.0
full-mixed-06,FLEX_POOL,LEGACY_DIRECTED_LINK,8,9,0,mixed-small-090,mixed-one-043,605,0,0.0
full-mixed-06,FLEX_POOL,LEGACY_DIRECTED_LINK,8,9,1,mixed-small-088,mixed-one-043,605,0,0.0
full-mixed-06,FLEX_POOL,LEGACY_DIRECTED_LINK,8,9,2,mixed-small-073,mixed-small-106,605,0,0.0
full-mixed-06,FLEX_POOL,LEGACY_DIRECTED_LINK,8,9,3,mixed-small-060,mixed-small-106,605,0,0.0
full-mixed-06,FLEX_POOL,LEGACY_DIRECTED_LINK,8,9,4,mixed-small-092,mixed-small-099,605,0,0.0
full-mixed-06,FLEX_POOL,LEGACY_DIRECTED_LINK,8,9,5,mixed-small-081,mixed-small-099,605,0,0.0
full-mixed-06,FLEX_POOL,LEGACY_DIRECTED_LINK,8,9,6,mixed-small-107,mixed-one-032,605,0,0.0
full-mixed-06,FLEX_POOL,LEGACY_DIRECTED_LINK,8,9,7,mixed-small-104,mixed-one-039,605,0,0.0
full-mixed-06,FLEX_POOL,LEGACY_DIRECTED_LINK,32,9,0,mixed-small-090,mixed-one-043,485,0,0.0
full-mixed-06,FLEX_POOL,LEGACY_DIRECTED_LINK,32,9,1,mixed-small-088,mixed-one-043,485,0,0.0
full-mixed-06,FLEX_POOL,LEGACY_DIRECTED_LINK,32,9,2,mixed-small-073,mixed-small-106,485,0,0.0
full-mixed-06,FLEX_POOL,LEGACY_DIRECTED_LINK,32,9,3,mixed-small-060,mixed-small-106,485,0,0.0
full-mixed-06,FLEX_POOL,LEGACY_DIRECTED_LINK,32,9,4,mixed-small-092,mixed-small-099,485,0,0.0
full-mixed-06,FLEX_POOL,LEGACY_DIRECTED_LINK,32,9,5,mixed-small-081,mixed-small-099,485,0,0.0
full-mixed-06,FLEX_POOL,LEGACY_DIRECTED_LINK,32,9,6,mixed-small-107,mixed-one-032,485,0,0.0
full-mixed-06,FLEX_POOL,LEGACY_DIRECTED_LINK,32,9,7,mixed-small-104,mixed-one-039,485,0,0.0
full-mixed-06,FLEX_POOL,LEGACY_DIRECTED_LINK,64,9,0,mixed-small-090,mixed-one-043,325,0,0.0
full-mixed-06,FLEX_POOL,LEGACY_DIRECTED_LINK,64,9,1,mixed-small-088,mixed-one-043,325,0,0.0
full-mixed-06,FLEX_POOL,LEGACY_DIRECTED_LINK,64,9,2,mixed-small-073,mixed-small-106,325,0,0.0
full-mixed-06,FLEX_POOL,LEGACY_DIRECTED_LINK,64,9,3,mixed-small-060,mixed-small-106,325,0,0.0
full-mixed-06,FLEX_POOL,LEGACY_DIRECTED_LINK,64,9,4,mixed-small-092,mixed-small-099,325,0,0.0
full-mixed-06,FLEX_POOL,LEGACY_DIRECTED_LINK,64,9,5,mixed-small-081,mixed-small-099,325,0,0.0
full-mixed-06,FLEX_POOL,LEGACY_DIRECTED_LINK,64,9,6,mixed-small-107,mixed-one-032,325,0,0.0
full-mixed-06,FLEX_POOL,LEGACY_DIRECTED_LINK,64,9,7,mixed-small-104,mixed-one-039,325,0,0.0
full-mixed-06,FLEX_POOL,LEGACY_DIRECTED_LINK,128,9,0,mixed-small-090,mixed-one-043,645,0,0.0
full-mixed-06,FLEX_POOL,LEGACY_DIRECTED_LINK,128,9,1,mixed-small-088,mixed-one-043,645,0,0.0
full-mixed-06,FLEX_POOL,LEGACY_DIRECTED_LINK,128,9,2,mixed-small-073,mixed-small-106,645,0,0.0
full-mixed-06,FLEX_POOL,LEGACY_DIRECTED_LINK,128,9,3,mixed-small-060,mixed-small-106,645,0,0.0
full-mixed-06,FLEX_POOL,LEGACY_DIRECTED_LINK,128,9,4,mixed-small-092,mixed-small-099,645,0,0.0
full-mixed-06,FLEX_POOL,LEGACY_DIRECTED_LINK,128,9,5,mixed-small-081,mixed-small-099,645,0,0.0
full-mixed-06,FLEX_POOL,LEGACY_DIRECTED_LINK,128,9,6,mixed-small-107,mixed-one-032,645,0,0.0
full-mixed-06,FLEX_POOL,LEGACY_DIRECTED_LINK,128,9,7,mixed-small-104,mixed-one-039,645,0,0.0
full-mixed-06,FLEX_POOL,SHARED_NIC,1,9,0,mixed-small-090,mixed-one-043,640,0,0.0
full-mixed-06,FLEX_POOL,SHARED_NIC,1,9,1,mixed-small-088,mixed-one-043,640,0,0.0
full-mixed-06,FLEX_POOL,SHARED_NIC,1,9,2,mixed-small-073,mixed-small-106,640,0,0.0
full-mixed-06,FLEX_POOL,SHARED_NIC,1,9,3,mixed-small-060,mixed-small-106,640,0,0.0
full-mixed-06,FLEX_POOL,SHARED_NIC,1,9,4,mixed-small-092,mixed-small-099,640,0,0.0
full-mixed-06,FLEX_POOL,SHARED_NIC,1,9,5,mixed-small-081,mixed-small-099,640,0,0.0
full-mixed-06,FLEX_POOL,SHARED_NIC,1,9,6,mixed-small-107,mixed-one-032,640,0,0.0
full-mixed-06,FLEX_POOL,SHARED_NIC,1,9,7,mixed-small-104,mixed-one-039,640,0,0.0
full-mixed-06,FLEX_POOL,SHARED_NIC,8,9,0,mixed-small-090,mixed-one-043,459,146,0.2413223140495868
full-mixed-06,FLEX_POOL,SHARED_NIC,8,9,1,mixed-small-088,mixed-one-043,421,184,0.30413223140495865
full-mixed-06,FLEX_POOL,SHARED_NIC,8,9,2,mixed-small-073,mixed-small-106,384,221,0.3652892561983471
full-mixed-06,FLEX_POOL,SHARED_NIC,8,9,3,mixed-small-060,mixed-small-106,514,91,0.15041322314049588
full-mixed-06,FLEX_POOL,SHARED_NIC,8,9,4,mixed-small-092,mixed-small-099,491,114,0.1884297520661157
full-mixed-06,FLEX_POOL,SHARED_NIC,8,9,5,mixed-small-081,mixed-small-099,569,36,0.05950413223140496
full-mixed-06,FLEX_POOL,SHARED_NIC,8,9,6,mixed-small-107,mixed-one-032,388,217,0.3586776859504132
full-mixed-06,FLEX_POOL,SHARED_NIC,8,9,7,mixed-small-104,mixed-one-039,443,162,0.26776859504132233
full-mixed-06,FLEX_POOL,SHARED_NIC,32,9,0,mixed-small-090,mixed-one-043,354,131,0.27010309278350514
full-mixed-06,FLEX_POOL,SHARED_NIC,32,9,1,mixed-small-088,mixed-one-043,328,157,0.3237113402061856
full-mixed-06,FLEX_POOL,SHARED_NIC,32,9,2,mixed-small-073,mixed-small-106,297,188,0.38762886597938145
full-mixed-06,FLEX_POOL,SHARED_NIC,32,9,3,mixed-small-060,mixed-small-106,404,81,0.1670103092783505
full-mixed-06,FLEX_POOL,SHARED_NIC,32,9,4,mixed-small-092,mixed-small-099,397,88,0.18144329896907216
full-mixed-06,FLEX_POOL,SHARED_NIC,32,9,5,mixed-small-081,mixed-small-099,451,34,0.07010309278350516
full-mixed-06,FLEX_POOL,SHARED_NIC,32,9,6,mixed-small-107,mixed-one-032,311,174,0.35876288659793815
full-mixed-06,FLEX_POOL,SHARED_NIC,32,9,7,mixed-small-104,mixed-one-039,351,134,0.27628865979381445
full-mixed-06,FLEX_POOL,SHARED_NIC,64,9,0,mixed-small-090,mixed-one-043,239,86,0.26461538461538464
full-mixed-06,FLEX_POOL,SHARED_NIC,64,9,1,mixed-small-088,mixed-one-043,216,109,0.3353846153846154
full-mixed-06,FLEX_POOL,SHARED_NIC,64,9,2,mixed-small-073,mixed-small-106,191,134,0.4123076923076923
full-mixed-06,FLEX_POOL,SHARED_NIC,64,9,3,mixed-small-060,mixed-small-106,262,63,0.19384615384615383
full-mixed-06,FLEX_POOL,SHARED_NIC,64,9,4,mixed-small-092,mixed-small-099,266,59,0.18153846153846154
full-mixed-06,FLEX_POOL,SHARED_NIC,64,9,5,mixed-small-081,mixed-small-099,299,26,0.08
full-mixed-06,FLEX_POOL,SHARED_NIC,64,9,6,mixed-small-107,mixed-one-032,204,121,0.3723076923076923
full-mixed-06,FLEX_POOL,SHARED_NIC,64,9,7,mixed-small-104,mixed-one-039,241,84,0.25846153846153846
full-mixed-06,FLEX_POOL,SHARED_NIC,128,9,0,mixed-small-090,mixed-one-043,488,157,0.2434108527131783
full-mixed-06,FLEX_POOL,SHARED_NIC,128,9,1,mixed-small-088,mixed-one-043,418,227,0.351937984496124
full-mixed-06,FLEX_POOL,SHARED_NIC,128,9,2,mixed-small-073,mixed-small-106,401,244,0.37829457364341085
full-mixed-06,FLEX_POOL,SHARED_NIC,128,9,3,mixed-small-060,mixed-small-106,554,91,0.14108527131782947
full-mixed-06,FLEX_POOL,SHARED_NIC,128,9,4,mixed-small-092,mixed-small-099,525,120,0.18604651162790697
full-mixed-06,FLEX_POOL,SHARED_NIC,128,9,5,mixed-small-081,mixed-small-099,609,36,0.05581395348837209
full-mixed-06,FLEX_POOL,SHARED_NIC,128,9,6,mixed-small-107,mixed-one-032,399,246,0.3813953488372093
full-mixed-06,FLEX_POOL,SHARED_NIC,128,9,7,mixed-small-104,mixed-one-039,466,179,0.2775193798449612
