layer,layer_type,operation,degree,rows,p50_ms,source_layer,measurement_kind,candidate_id,evidence_class
0,DENSE,whole_layer,1,1,3.13075,0,DIRECT_PHYSICAL,layer-00:WHOLE_LAYER:p1,PHYSICAL
0,DENSE,whole_layer,1,2,6.26535,0,DIRECT_PHYSICAL,layer-00:WHOLE_LAYER:p1,PHYSICAL
0,DENSE,whole_layer,1,4,12.564499999999999,0,DIRECT_PHYSICAL,layer-00:WHOLE_LAYER:p1,PHYSICAL
1,KDA,attention_common,1,1,0.050699999999999995,45,FRESH_PHYSICAL_TYPE_CONDITIONED,layer-01:FULL_MIXED_STRIPE:p8,PHYSICALLY_GROUNDED_MODEL_INPUT
1,KDA,attention_preprocess,1,1,0.3388,45,FRESH_PHYSICAL_TYPE_CONDITIONED,layer-01:FULL_MIXED_STRIPE:p8,PHYSICALLY_GROUNDED_MODEL_INPUT
1,KDA,attention_reduction,8,1,1.5225,45,FRESH_PHYSICAL_TYPE_CONDITIONED,layer-01:FULL_MIXED_STRIPE:p8,PHYSICALLY_GROUNDED_MODEL_INPUT
1,KDA,attention_shard,8,1,0.3079,45,FRESH_PHYSICAL_TYPE_CONDITIONED,layer-01:FULL_MIXED_STRIPE:p8,PHYSICALLY_GROUNDED_MODEL_INPUT
1,KDA,expert_reduction,8,1,1.183,45,FRESH_PHYSICAL_TYPE_CONDITIONED,layer-01:FULL_MIXED_STRIPE:p8,PHYSICALLY_GROUNDED_MODEL_INPUT
1,KDA,expert_stripe,8,1,0.23620000000000002,45,FRESH_PHYSICAL_TYPE_CONDITIONED,layer-01:FULL_MIXED_STRIPE:p8,PHYSICALLY_GROUNDED_MODEL_INPUT
1,KDA,latent_down,8,1,0.0447,45,FRESH_PHYSICAL_TYPE_CONDITIONED,layer-01:FULL_MIXED_STRIPE:p8,PHYSICALLY_GROUNDED_MODEL_INPUT
1,KDA,latent_up,8,1,0.0463,45,FRESH_PHYSICAL_TYPE_CONDITIONED,layer-01:FULL_MIXED_STRIPE:p8,PHYSICALLY_GROUNDED_MODEL_INPUT
1,KDA,latent_up_reduction,8,1,1.46,45,FRESH_PHYSICAL_TYPE_CONDITIONED,layer-01:FULL_MIXED_STRIPE:p8,PHYSICALLY_GROUNDED_MODEL_INPUT
1,KDA,output_state_commit,1,1,0.15115,45,FRESH_PHYSICAL_TYPE_CONDITIONED,layer-01:FULL_MIXED_STRIPE:p8,PHYSICALLY_GROUNDED_MODEL_INPUT
1,KDA,post_attention_preprocess,1,1,0.3276,45,FRESH_PHYSICAL_TYPE_CONDITIONED,layer-01:FULL_MIXED_STRIPE:p8,PHYSICALLY_GROUNDED_MODEL_INPUT
1,KDA,routed_norm,1,1,0.13645000000000002,45,FRESH_PHYSICAL_TYPE_CONDITIONED,layer-01:FULL_MIXED_STRIPE:p8,PHYSICALLY_GROUNDED_MODEL_INPUT
1,KDA,routed_shared_reduction,2,1,1.1742,45,FRESH_PHYSICAL_TYPE_CONDITIONED,layer-01:FULL_MIXED_STRIPE:p8,PHYSICALLY_GROUNDED_MODEL_INPUT
1,KDA,router,1,1,0.6472,45,FRESH_PHYSICAL_TYPE_CONDITIONED,layer-01:FULL_MIXED_STRIPE:p8,PHYSICALLY_GROUNDED_MODEL_INPUT
1,KDA,shared_expert,8,1,0.1073,45,FRESH_PHYSICAL_TYPE_CONDITIONED,layer-01:FULL_MIXED_STRIPE:p8,PHYSICALLY_GROUNDED_MODEL_INPUT
1,KDA,shared_reduction,8,1,1.46,45,FRESH_PHYSICAL_TYPE_CONDITIONED,layer-01:FULL_MIXED_STRIPE:p8,PHYSICALLY_GROUNDED_MODEL_INPUT
1,KDA,worker_protocol,1,1,0.3813,45,FROZEN_PHYSICAL_AUTHENTICATED_FRAME,layer-01:FULL_MIXED_STRIPE:p8,PHYSICAL_INHERITED_E022
1,KDA,whole_layer,1,1,4.212,45,PHYSICAL_TYPE_CONDITIONED,layer-01:WHOLE_LAYER:p1,PHYSICALLY_GROUNDED_MODEL_INPUT
1,KDA,attention_common,1,2,0.05115,45,FRESH_PHYSICAL_TYPE_CONDITIONED,layer-01:FULL_MIXED_STRIPE:p8,PHYSICALLY_GROUNDED_MODEL_INPUT
1,KDA,attention_preprocess,1,2,0.5454,45,FRESH_PHYSICAL_TYPE_CONDITIONED,layer-01:FULL_MIXED_STRIPE:p8,PHYSICALLY_GROUNDED_MODEL_INPUT
1,KDA,attention_reduction,8,2,1.52125,45,FRESH_PHYSICAL_TYPE_CONDITIONED,layer-01:FULL_MIXED_STRIPE:p8,PHYSICALLY_GROUNDED_MODEL_INPUT
1,KDA,attention_shard,8,2,0.40215,45,FRESH_PHYSICAL_TYPE_CONDITIONED,layer-01:FULL_MIXED_STRIPE:p8,PHYSICALLY_GROUNDED_MODEL_INPUT
1,KDA,expert_reduction,8,2,1.0752,45,FRESH_PHYSICAL_TYPE_CONDITIONED,layer-01:FULL_MIXED_STRIPE:p8,PHYSICALLY_GROUNDED_MODEL_INPUT
1,KDA,expert_stripe,8,2,0.39315,45,FRESH_PHYSICAL_TYPE_CONDITIONED,layer-01:FULL_MIXED_STRIPE:p8,PHYSICALLY_GROUNDED_MODEL_INPUT
1,KDA,latent_down,8,2,0.05,45,FRESH_PHYSICAL_TYPE_CONDITIONED,layer-01:FULL_MIXED_STRIPE:p8,PHYSICALLY_GROUNDED_MODEL_INPUT
1,KDA,latent_up,8,2,0.0584,45,FRESH_PHYSICAL_TYPE_CONDITIONED,layer-01:FULL_MIXED_STRIPE:p8,PHYSICALLY_GROUNDED_MODEL_INPUT
1,KDA,latent_up_reduction,8,2,1.46,45,FRESH_PHYSICAL_TYPE_CONDITIONED,layer-01:FULL_MIXED_STRIPE:p8,PHYSICALLY_GROUNDED_MODEL_INPUT
1,KDA,output_state_commit,1,2,0.15510000000000002,45,FRESH_PHYSICAL_TYPE_CONDITIONED,layer-01:FULL_MIXED_STRIPE:p8,PHYSICALLY_GROUNDED_MODEL_INPUT
1,KDA,post_attention_preprocess,1,2,0.54325,45,FRESH_PHYSICAL_TYPE_CONDITIONED,layer-01:FULL_MIXED_STRIPE:p8,PHYSICALLY_GROUNDED_MODEL_INPUT
1,KDA,routed_norm,1,2,0.1233,45,FRESH_PHYSICAL_TYPE_CONDITIONED,layer-01:FULL_MIXED_STRIPE:p8,PHYSICALLY_GROUNDED_MODEL_INPUT
1,KDA,routed_shared_reduction,2,2,1.2424,45,FRESH_PHYSICAL_TYPE_CONDITIONED,layer-01:FULL_MIXED_STRIPE:p8,PHYSICALLY_GROUNDED_MODEL_INPUT
1,KDA,router,1,2,0.6437,45,FRESH_PHYSICAL_TYPE_CONDITIONED,layer-01:FULL_MIXED_STRIPE:p8,PHYSICALLY_GROUNDED_MODEL_INPUT
1,KDA,shared_expert,8,2,0.12365000000000001,45,FRESH_PHYSICAL_TYPE_CONDITIONED,layer-01:FULL_MIXED_STRIPE:p8,PHYSICALLY_GROUNDED_MODEL_INPUT
1,KDA,shared_reduction,8,2,1.46,45,FRESH_PHYSICAL_TYPE_CONDITIONED,layer-01:FULL_MIXED_STRIPE:p8,PHYSICALLY_GROUNDED_MODEL_INPUT
1,KDA,worker_protocol,1,2,0.4718,45,FROZEN_PHYSICAL_AUTHENTICATED_FRAME,layer-01:FULL_MIXED_STRIPE:p8,PHYSICAL_INHERITED_E022
1,KDA,whole_layer,1,2,5.8731,45,PHYSICAL_TYPE_CONDITIONED,layer-01:WHOLE_LAYER:p1,PHYSICALLY_GROUNDED_MODEL_INPUT
1,KDA,attention_common,1,4,0.0511,45,FRESH_PHYSICAL_TYPE_CONDITIONED,layer-01:FULL_MIXED_STRIPE:p8,PHYSICALLY_GROUNDED_MODEL_INPUT
1,KDA,attention_preprocess,1,4,0.9714,45,FRESH_PHYSICAL_TYPE_CONDITIONED,layer-01:FULL_MIXED_STRIPE:p8,PHYSICALLY_GROUNDED_MODEL_INPUT
1,KDA,attention_reduction,8,4,1.6047500000000001,45,FRESH_PHYSICAL_TYPE_CONDITIONED,layer-01:FULL_MIXED_STRIPE:p8,PHYSICALLY_GROUNDED_MODEL_INPUT
1,KDA,attention_shard,8,4,0.6811,45,FRESH_PHYSICAL_TYPE_CONDITIONED,layer-01:FULL_MIXED_STRIPE:p8,PHYSICALLY_GROUNDED_MODEL_INPUT
1,KDA,expert_reduction,8,4,1.466,45,FRESH_PHYSICAL_TYPE_CONDITIONED,layer-01:FULL_MIXED_STRIPE:p8,PHYSICALLY_GROUNDED_MODEL_INPUT
1,KDA,expert_stripe,8,4,0.6790499999999999,45,FRESH_PHYSICAL_TYPE_CONDITIONED,layer-01:FULL_MIXED_STRIPE:p8,PHYSICALLY_GROUNDED_MODEL_INPUT
1,KDA,latent_down,8,4,0.0902,45,FRESH_PHYSICAL_TYPE_CONDITIONED,layer-01:FULL_MIXED_STRIPE:p8,PHYSICALLY_GROUNDED_MODEL_INPUT
1,KDA,latent_up,8,4,0.0815,45,FRESH_PHYSICAL_TYPE_CONDITIONED,layer-01:FULL_MIXED_STRIPE:p8,PHYSICALLY_GROUNDED_MODEL_INPUT
1,KDA,latent_up_reduction,8,4,1.5376,45,FRESH_PHYSICAL_TYPE_CONDITIONED,layer-01:FULL_MIXED_STRIPE:p8,PHYSICALLY_GROUNDED_MODEL_INPUT
1,KDA,output_state_commit,1,4,0.18295,45,FRESH_PHYSICAL_TYPE_CONDITIONED,layer-01:FULL_MIXED_STRIPE:p8,PHYSICALLY_GROUNDED_MODEL_INPUT
1,KDA,post_attention_preprocess,1,4,0.9783,45,FRESH_PHYSICAL_TYPE_CONDITIONED,layer-01:FULL_MIXED_STRIPE:p8,PHYSICALLY_GROUNDED_MODEL_INPUT
1,KDA,routed_norm,1,4,0.1302,45,FRESH_PHYSICAL_TYPE_CONDITIONED,layer-01:FULL_MIXED_STRIPE:p8,PHYSICALLY_GROUNDED_MODEL_INPUT
1,KDA,routed_shared_reduction,2,4,1.2015,45,FRESH_PHYSICAL_TYPE_CONDITIONED,layer-01:FULL_MIXED_STRIPE:p8,PHYSICALLY_GROUNDED_MODEL_INPUT
1,KDA,router,1,4,0.64645,45,FRESH_PHYSICAL_TYPE_CONDITIONED,layer-01:FULL_MIXED_STRIPE:p8,PHYSICALLY_GROUNDED_MODEL_INPUT
1,KDA,shared_expert,8,4,0.2192,45,FRESH_PHYSICAL_TYPE_CONDITIONED,layer-01:FULL_MIXED_STRIPE:p8,PHYSICALLY_GROUNDED_MODEL_INPUT
1,KDA,shared_reduction,8,4,1.5376,45,FRESH_PHYSICAL_TYPE_CONDITIONED,layer-01:FULL_MIXED_STRIPE:p8,PHYSICALLY_GROUNDED_MODEL_INPUT
1,KDA,worker_protocol,1,4,0.6952,45,FROZEN_PHYSICAL_AUTHENTICATED_FRAME,layer-01:FULL_MIXED_STRIPE:p8,PHYSICAL_INHERITED_E022
1,KDA,whole_layer,1,4,8.604849999999999,45,PHYSICAL_TYPE_CONDITIONED,layer-01:WHOLE_LAYER:p1,PHYSICALLY_GROUNDED_MODEL_INPUT
2,KDA,attention_common,1,1,0.050699999999999995,45,FRESH_PHYSICAL_TYPE_CONDITIONED,layer-02:FULL_MIXED_STRIPE:p8,PHYSICALLY_GROUNDED_MODEL_INPUT
2,KDA,attention_preprocess,1,1,0.3388,45,FRESH_PHYSICAL_TYPE_CONDITIONED,layer-02:FULL_MIXED_STRIPE:p8,PHYSICALLY_GROUNDED_MODEL_INPUT
2,KDA,attention_reduction,8,1,1.5225,45,FRESH_PHYSICAL_TYPE_CONDITIONED,layer-02:FULL_MIXED_STRIPE:p8,PHYSICALLY_GROUNDED_MODEL_INPUT
2,KDA,attention_shard,8,1,0.3079,45,FRESH_PHYSICAL_TYPE_CONDITIONED,layer-02:FULL_MIXED_STRIPE:p8,PHYSICALLY_GROUNDED_MODEL_INPUT
2,KDA,expert_reduction,8,1,1.183,45,FRESH_PHYSICAL_TYPE_CONDITIONED,layer-02:FULL_MIXED_STRIPE:p8,PHYSICALLY_GROUNDED_MODEL_INPUT
2,KDA,expert_stripe,8,1,0.23620000000000002,45,FRESH_PHYSICAL_TYPE_CONDITIONED,layer-02:FULL_MIXED_STRIPE:p8,PHYSICALLY_GROUNDED_MODEL_INPUT
2,KDA,latent_down,8,1,0.0447,45,FRESH_PHYSICAL_TYPE_CONDITIONED,layer-02:FULL_MIXED_STRIPE:p8,PHYSICALLY_GROUNDED_MODEL_INPUT
2,KDA,latent_up,8,1,0.0463,45,FRESH_PHYSICAL_TYPE_CONDITIONED,layer-02:FULL_MIXED_STRIPE:p8,PHYSICALLY_GROUNDED_MODEL_INPUT
2,KDA,latent_up_reduction,8,1,1.46,45,FRESH_PHYSICAL_TYPE_CONDITIONED,layer-02:FULL_MIXED_STRIPE:p8,PHYSICALLY_GROUNDED_MODEL_INPUT
2,KDA,output_state_commit,1,1,0.15115,45,FRESH_PHYSICAL_TYPE_CONDITIONED,layer-02:FULL_MIXED_STRIPE:p8,PHYSICALLY_GROUNDED_MODEL_INPUT
2,KDA,post_attention_preprocess,1,1,0.3276,45,FRESH_PHYSICAL_TYPE_CONDITIONED,layer-02:FULL_MIXED_STRIPE:p8,PHYSICALLY_GROUNDED_MODEL_INPUT
2,KDA,routed_norm,1,1,0.13645000000000002,45,FRESH_PHYSICAL_TYPE_CONDITIONED,layer-02:FULL_MIXED_STRIPE:p8,PHYSICALLY_GROUNDED_MODEL_INPUT
2,KDA,routed_shared_reduction,2,1,1.1742,45,FRESH_PHYSICAL_TYPE_CONDITIONED,layer-02:FULL_MIXED_STRIPE:p8,PHYSICALLY_GROUNDED_MODEL_INPUT
2,KDA,router,1,1,0.6472,45,FRESH_PHYSICAL_TYPE_CONDITIONED,layer-02:FULL_MIXED_STRIPE:p8,PHYSICALLY_GROUNDED_MODEL_INPUT
2,KDA,shared_expert,8,1,0.1073,45,FRESH_PHYSICAL_TYPE_CONDITIONED,layer-02:FULL_MIXED_STRIPE:p8,PHYSICALLY_GROUNDED_MODEL_INPUT
2,KDA,shared_reduction,8,1,1.46,45,FRESH_PHYSICAL_TYPE_CONDITIONED,layer-02:FULL_MIXED_STRIPE:p8,PHYSICALLY_GROUNDED_MODEL_INPUT
2,KDA,worker_protocol,1,1,0.3813,45,FROZEN_PHYSICAL_AUTHENTICATED_FRAME,layer-02:FULL_MIXED_STRIPE:p8,PHYSICAL_INHERITED_E022
2,KDA,whole_layer,1,1,4.212,45,PHYSICAL_TYPE_CONDITIONED,layer-02:WHOLE_LAYER:p1,PHYSICALLY_GROUNDED_MODEL_INPUT
2,KDA,attention_common,1,2,0.05115,45,FRESH_PHYSICAL_TYPE_CONDITIONED,layer-02:FULL_MIXED_STRIPE:p8,PHYSICALLY_GROUNDED_MODEL_INPUT
2,KDA,attention_preprocess,1,2,0.5454,45,FRESH_PHYSICAL_TYPE_CONDITIONED,layer-02:FULL_MIXED_STRIPE:p8,PHYSICALLY_GROUNDED_MODEL_INPUT
2,KDA,attention_reduction,8,2,1.52125,45,FRESH_PHYSICAL_TYPE_CONDITIONED,layer-02:FULL_MIXED_STRIPE:p8,PHYSICALLY_GROUNDED_MODEL_INPUT
2,KDA,attention_shard,8,2,0.40215,45,FRESH_PHYSICAL_TYPE_CONDITIONED,layer-02:FULL_MIXED_STRIPE:p8,PHYSICALLY_GROUNDED_MODEL_INPUT
2,KDA,expert_reduction,8,2,1.0752,45,FRESH_PHYSICAL_TYPE_CONDITIONED,layer-02:FULL_MIXED_STRIPE:p8,PHYSICALLY_GROUNDED_MODEL_INPUT
2,KDA,expert_stripe,8,2,0.39315,45,FRESH_PHYSICAL_TYPE_CONDITIONED,layer-02:FULL_MIXED_STRIPE:p8,PHYSICALLY_GROUNDED_MODEL_INPUT
2,KDA,latent_down,8,2,0.05,45,FRESH_PHYSICAL_TYPE_CONDITIONED,layer-02:FULL_MIXED_STRIPE:p8,PHYSICALLY_GROUNDED_MODEL_INPUT
2,KDA,latent_up,8,2,0.0584,45,FRESH_PHYSICAL_TYPE_CONDITIONED,layer-02:FULL_MIXED_STRIPE:p8,PHYSICALLY_GROUNDED_MODEL_INPUT
2,KDA,latent_up_reduction,8,2,1.46,45,FRESH_PHYSICAL_TYPE_CONDITIONED,layer-02:FULL_MIXED_STRIPE:p8,PHYSICALLY_GROUNDED_MODEL_INPUT
2,KDA,output_state_commit,1,2,0.15510000000000002,45,FRESH_PHYSICAL_TYPE_CONDITIONED,layer-02:FULL_MIXED_STRIPE:p8,PHYSICALLY_GROUNDED_MODEL_INPUT
2,KDA,post_attention_preprocess,1,2,0.54325,45,FRESH_PHYSICAL_TYPE_CONDITIONED,layer-02:FULL_MIXED_STRIPE:p8,PHYSICALLY_GROUNDED_MODEL_INPUT
2,KDA,routed_norm,1,2,0.1233,45,FRESH_PHYSICAL_TYPE_CONDITIONED,layer-02:FULL_MIXED_STRIPE:p8,PHYSICALLY_GROUNDED_MODEL_INPUT
2,KDA,routed_shared_reduction,2,2,1.2424,45,FRESH_PHYSICAL_TYPE_CONDITIONED,layer-02:FULL_MIXED_STRIPE:p8,PHYSICALLY_GROUNDED_MODEL_INPUT
2,KDA,router,1,2,0.6437,45,FRESH_PHYSICAL_TYPE_CONDITIONED,layer-02:FULL_MIXED_STRIPE:p8,PHYSICALLY_GROUNDED_MODEL_INPUT
2,KDA,shared_expert,8,2,0.12365000000000001,45,FRESH_PHYSICAL_TYPE_CONDITIONED,layer-02:FULL_MIXED_STRIPE:p8,PHYSICALLY_GROUNDED_MODEL_INPUT
2,KDA,shared_reduction,8,2,1.46,45,FRESH_PHYSICAL_TYPE_CONDITIONED,layer-02:FULL_MIXED_STRIPE:p8,PHYSICALLY_GROUNDED_MODEL_INPUT
2,KDA,worker_protocol,1,2,0.4718,45,FROZEN_PHYSICAL_AUTHENTICATED_FRAME,layer-02:FULL_MIXED_STRIPE:p8,PHYSICAL_INHERITED_E022
2,KDA,whole_layer,1,2,5.8731,45,PHYSICAL_TYPE_CONDITIONED,layer-02:WHOLE_LAYER:p1,PHYSICALLY_GROUNDED_MODEL_INPUT
2,KDA,attention_common,1,4,0.0511,45,FRESH_PHYSICAL_TYPE_CONDITIONED,layer-02:FULL_MIXED_STRIPE:p8,PHYSICALLY_GROUNDED_MODEL_INPUT
2,KDA,attention_preprocess,1,4,0.9714,45,FRESH_PHYSICAL_TYPE_CONDITIONED,layer-02:FULL_MIXED_STRIPE:p8,PHYSICALLY_GROUNDED_MODEL_INPUT
2,KDA,attention_reduction,8,4,1.6047500000000001,45,FRESH_PHYSICAL_TYPE_CONDITIONED,layer-02:FULL_MIXED_STRIPE:p8,PHYSICALLY_GROUNDED_MODEL_INPUT
2,KDA,attention_shard,8,4,0.6811,45,FRESH_PHYSICAL_TYPE_CONDITIONED,layer-02:FULL_MIXED_STRIPE:p8,PHYSICALLY_GROUNDED_MODEL_INPUT
2,KDA,expert_reduction,8,4,1.466,45,FRESH_PHYSICAL_TYPE_CONDITIONED,layer-02:FULL_MIXED_STRIPE:p8,PHYSICALLY_GROUNDED_MODEL_INPUT
2,KDA,expert_stripe,8,4,0.6790499999999999,45,FRESH_PHYSICAL_TYPE_CONDITIONED,layer-02:FULL_MIXED_STRIPE:p8,PHYSICALLY_GROUNDED_MODEL_INPUT
2,KDA,latent_down,8,4,0.0902,45,FRESH_PHYSICAL_TYPE_CONDITIONED,layer-02:FULL_MIXED_STRIPE:p8,PHYSICALLY_GROUNDED_MODEL_INPUT
2,KDA,latent_up,8,4,0.0815,45,FRESH_PHYSICAL_TYPE_CONDITIONED,layer-02:FULL_MIXED_STRIPE:p8,PHYSICALLY_GROUNDED_MODEL_INPUT
2,KDA,latent_up_reduction,8,4,1.5376,45,FRESH_PHYSICAL_TYPE_CONDITIONED,layer-02:FULL_MIXED_STRIPE:p8,PHYSICALLY_GROUNDED_MODEL_INPUT
2,KDA,output_state_commit,1,4,0.18295,45,FRESH_PHYSICAL_TYPE_CONDITIONED,layer-02:FULL_MIXED_STRIPE:p8,PHYSICALLY_GROUNDED_MODEL_INPUT
2,KDA,post_attention_preprocess,1,4,0.9783,45,FRESH_PHYSICAL_TYPE_CONDITIONED,layer-02:FULL_MIXED_STRIPE:p8,PHYSICALLY_GROUNDED_MODEL_INPUT
2,KDA,routed_norm,1,4,0.1302,45,FRESH_PHYSICAL_TYPE_CONDITIONED,layer-02:FULL_MIXED_STRIPE:p8,PHYSICALLY_GROUNDED_MODEL_INPUT
2,KDA,routed_shared_reduction,2,4,1.2015,45,FRESH_PHYSICAL_TYPE_CONDITIONED,layer-02:FULL_MIXED_STRIPE:p8,PHYSICALLY_GROUNDED_MODEL_INPUT
2,KDA,router,1,4,0.64645,45,FRESH_PHYSICAL_TYPE_CONDITIONED,layer-02:FULL_MIXED_STRIPE:p8,PHYSICALLY_GROUNDED_MODEL_INPUT
2,KDA,shared_expert,8,4,0.2192,45,FRESH_PHYSICAL_TYPE_CONDITIONED,layer-02:FULL_MIXED_STRIPE:p8,PHYSICALLY_GROUNDED_MODEL_INPUT
2,KDA,shared_reduction,8,4,1.5376,45,FRESH_PHYSICAL_TYPE_CONDITIONED,layer-02:FULL_MIXED_STRIPE:p8,PHYSICALLY_GROUNDED_MODEL_INPUT
2,KDA,worker_protocol,1,4,0.6952,45,FROZEN_PHYSICAL_AUTHENTICATED_FRAME,layer-02:FULL_MIXED_STRIPE:p8,PHYSICAL_INHERITED_E022
2,KDA,whole_layer,1,4,8.604849999999999,45,PHYSICAL_TYPE_CONDITIONED,layer-02:WHOLE_LAYER:p1,PHYSICALLY_GROUNDED_MODEL_INPUT
3,GATED_MLA,attention_common,1,1,0.0867,47,FRESH_PHYSICAL_TYPE_CONDITIONED,layer-03:FULL_MIXED_STRIPE:p8,PHYSICALLY_GROUNDED_MODEL_INPUT
3,GATED_MLA,attention_preprocess,1,1,0.34825,47,FRESH_PHYSICAL_TYPE_CONDITIONED,layer-03:FULL_MIXED_STRIPE:p8,PHYSICALLY_GROUNDED_MODEL_INPUT
3,GATED_MLA,attention_reduction,8,1,1.5127,47,FRESH_PHYSICAL_TYPE_CONDITIONED,layer-03:FULL_MIXED_STRIPE:p8,PHYSICALLY_GROUNDED_MODEL_INPUT
3,GATED_MLA,attention_shard,8,1,0.1987,47,FRESH_PHYSICAL_TYPE_CONDITIONED,layer-03:FULL_MIXED_STRIPE:p8,PHYSICALLY_GROUNDED_MODEL_INPUT
3,GATED_MLA,expert_reduction,8,1,1.183,47,FRESH_PHYSICAL_TYPE_CONDITIONED,layer-03:FULL_MIXED_STRIPE:p8,PHYSICALLY_GROUNDED_MODEL_INPUT
3,GATED_MLA,expert_stripe,8,1,0.2368,47,FRESH_PHYSICAL_TYPE_CONDITIONED,layer-03:FULL_MIXED_STRIPE:p8,PHYSICALLY_GROUNDED_MODEL_INPUT
3,GATED_MLA,latent_down,8,1,0.0443,47,FRESH_PHYSICAL_TYPE_CONDITIONED,layer-03:FULL_MIXED_STRIPE:p8,PHYSICALLY_GROUNDED_MODEL_INPUT
3,GATED_MLA,latent_up,8,1,0.04985,47,FRESH_PHYSICAL_TYPE_CONDITIONED,layer-03:FULL_MIXED_STRIPE:p8,PHYSICALLY_GROUNDED_MODEL_INPUT
3,GATED_MLA,latent_up_reduction,8,1,1.46,47,FRESH_PHYSICAL_TYPE_CONDITIONED,layer-03:FULL_MIXED_STRIPE:p8,PHYSICALLY_GROUNDED_MODEL_INPUT
3,GATED_MLA,output_state_commit,1,1,0.1533,47,FRESH_PHYSICAL_TYPE_CONDITIONED,layer-03:FULL_MIXED_STRIPE:p8,PHYSICALLY_GROUNDED_MODEL_INPUT
3,GATED_MLA,post_attention_preprocess,1,1,0.33235000000000003,47,FRESH_PHYSICAL_TYPE_CONDITIONED,layer-03:FULL_MIXED_STRIPE:p8,PHYSICALLY_GROUNDED_MODEL_INPUT
3,GATED_MLA,routed_norm,1,1,0.12535000000000002,47,FRESH_PHYSICAL_TYPE_CONDITIONED,layer-03:FULL_MIXED_STRIPE:p8,PHYSICALLY_GROUNDED_MODEL_INPUT
3,GATED_MLA,routed_shared_reduction,2,1,1.1742,47,FRESH_PHYSICAL_TYPE_CONDITIONED,layer-03:FULL_MIXED_STRIPE:p8,PHYSICALLY_GROUNDED_MODEL_INPUT
3,GATED_MLA,router,1,1,0.6397999999999999,47,FRESH_PHYSICAL_TYPE_CONDITIONED,layer-03:FULL_MIXED_STRIPE:p8,PHYSICALLY_GROUNDED_MODEL_INPUT
3,GATED_MLA,shared_expert,8,1,0.10835,47,FRESH_PHYSICAL_TYPE_CONDITIONED,layer-03:FULL_MIXED_STRIPE:p8,PHYSICALLY_GROUNDED_MODEL_INPUT
3,GATED_MLA,shared_reduction,8,1,1.46,47,FRESH_PHYSICAL_TYPE_CONDITIONED,layer-03:FULL_MIXED_STRIPE:p8,PHYSICALLY_GROUNDED_MODEL_INPUT
3,GATED_MLA,worker_protocol,1,1,0.3813,47,FROZEN_PHYSICAL_AUTHENTICATED_FRAME,layer-03:FULL_MIXED_STRIPE:p8,PHYSICAL_INHERITED_E022
3,GATED_MLA,whole_layer,1,1,3.6313,47,PHYSICAL_TYPE_CONDITIONED,layer-03:WHOLE_LAYER:p1,PHYSICALLY_GROUNDED_MODEL_INPUT
3,GATED_MLA,attention_common,1,2,0.0963,47,FRESH_PHYSICAL_TYPE_CONDITIONED,layer-03:FULL_MIXED_STRIPE:p8,PHYSICALLY_GROUNDED_MODEL_INPUT
3,GATED_MLA,attention_preprocess,1,2,0.54495,47,FRESH_PHYSICAL_TYPE_CONDITIONED,layer-03:FULL_MIXED_STRIPE:p8,PHYSICALLY_GROUNDED_MODEL_INPUT
3,GATED_MLA,attention_reduction,8,2,1.51195,47,FRESH_PHYSICAL_TYPE_CONDITIONED,layer-03:FULL_MIXED_STRIPE:p8,PHYSICALLY_GROUNDED_MODEL_INPUT
3,GATED_MLA,attention_shard,8,2,0.28745,47,FRESH_PHYSICAL_TYPE_CONDITIONED,layer-03:FULL_MIXED_STRIPE:p8,PHYSICALLY_GROUNDED_MODEL_INPUT
3,GATED_MLA,expert_reduction,8,2,1.0752,47,FRESH_PHYSICAL_TYPE_CONDITIONED,layer-03:FULL_MIXED_STRIPE:p8,PHYSICALLY_GROUNDED_MODEL_INPUT
3,GATED_MLA,expert_stripe,8,2,0.378,47,FRESH_PHYSICAL_TYPE_CONDITIONED,layer-03:FULL_MIXED_STRIPE:p8,PHYSICALLY_GROUNDED_MODEL_INPUT
3,GATED_MLA,latent_down,8,2,0.0489,47,FRESH_PHYSICAL_TYPE_CONDITIONED,layer-03:FULL_MIXED_STRIPE:p8,PHYSICALLY_GROUNDED_MODEL_INPUT
3,GATED_MLA,latent_up,8,2,0.05835,47,FRESH_PHYSICAL_TYPE_CONDITIONED,layer-03:FULL_MIXED_STRIPE:p8,PHYSICALLY_GROUNDED_MODEL_INPUT
3,GATED_MLA,latent_up_reduction,8,2,1.46,47,FRESH_PHYSICAL_TYPE_CONDITIONED,layer-03:FULL_MIXED_STRIPE:p8,PHYSICALLY_GROUNDED_MODEL_INPUT
3,GATED_MLA,output_state_commit,1,2,0.15645,47,FRESH_PHYSICAL_TYPE_CONDITIONED,layer-03:FULL_MIXED_STRIPE:p8,PHYSICALLY_GROUNDED_MODEL_INPUT
3,GATED_MLA,post_attention_preprocess,1,2,0.541,47,FRESH_PHYSICAL_TYPE_CONDITIONED,layer-03:FULL_MIXED_STRIPE:p8,PHYSICALLY_GROUNDED_MODEL_INPUT
3,GATED_MLA,routed_norm,1,2,0.1384,47,FRESH_PHYSICAL_TYPE_CONDITIONED,layer-03:FULL_MIXED_STRIPE:p8,PHYSICALLY_GROUNDED_MODEL_INPUT
3,GATED_MLA,routed_shared_reduction,2,2,1.2424,47,FRESH_PHYSICAL_TYPE_CONDITIONED,layer-03:FULL_MIXED_STRIPE:p8,PHYSICALLY_GROUNDED_MODEL_INPUT
3,GATED_MLA,router,1,2,0.6346,47,FRESH_PHYSICAL_TYPE_CONDITIONED,layer-03:FULL_MIXED_STRIPE:p8,PHYSICALLY_GROUNDED_MODEL_INPUT
3,GATED_MLA,shared_expert,8,2,0.1232,47,FRESH_PHYSICAL_TYPE_CONDITIONED,layer-03:FULL_MIXED_STRIPE:p8,PHYSICALLY_GROUNDED_MODEL_INPUT
3,GATED_MLA,shared_reduction,8,2,1.46,47,FRESH_PHYSICAL_TYPE_CONDITIONED,layer-03:FULL_MIXED_STRIPE:p8,PHYSICALLY_GROUNDED_MODEL_INPUT
3,GATED_MLA,worker_protocol,1,2,0.4718,47,FROZEN_PHYSICAL_AUTHENTICATED_FRAME,layer-03:FULL_MIXED_STRIPE:p8,PHYSICAL_INHERITED_E022
3,GATED_MLA,whole_layer,1,2,5.43685,47,PHYSICAL_TYPE_CONDITIONED,layer-03:WHOLE_LAYER:p1,PHYSICALLY_GROUNDED_MODEL_INPUT
3,GATED_MLA,attention_common,1,4,0.17265,47,FRESH_PHYSICAL_TYPE_CONDITIONED,layer-03:FULL_MIXED_STRIPE:p8,PHYSICALLY_GROUNDED_MODEL_INPUT
3,GATED_MLA,attention_preprocess,1,4,0.98235,47,FRESH_PHYSICAL_TYPE_CONDITIONED,layer-03:FULL_MIXED_STRIPE:p8,PHYSICALLY_GROUNDED_MODEL_INPUT
3,GATED_MLA,attention_reduction,8,4,1.601,47,FRESH_PHYSICAL_TYPE_CONDITIONED,layer-03:FULL_MIXED_STRIPE:p8,PHYSICALLY_GROUNDED_MODEL_INPUT
3,GATED_MLA,attention_shard,8,4,0.4851,47,FRESH_PHYSICAL_TYPE_CONDITIONED,layer-03:FULL_MIXED_STRIPE:p8,PHYSICALLY_GROUNDED_MODEL_INPUT
3,GATED_MLA,expert_reduction,8,4,1.466,47,FRESH_PHYSICAL_TYPE_CONDITIONED,layer-03:FULL_MIXED_STRIPE:p8,PHYSICALLY_GROUNDED_MODEL_INPUT
3,GATED_MLA,expert_stripe,8,4,0.66125,47,FRESH_PHYSICAL_TYPE_CONDITIONED,layer-03:FULL_MIXED_STRIPE:p8,PHYSICALLY_GROUNDED_MODEL_INPUT
3,GATED_MLA,latent_down,8,4,0.08595,47,FRESH_PHYSICAL_TYPE_CONDITIONED,layer-03:FULL_MIXED_STRIPE:p8,PHYSICALLY_GROUNDED_MODEL_INPUT
3,GATED_MLA,latent_up,8,4,0.0813,47,FRESH_PHYSICAL_TYPE_CONDITIONED,layer-03:FULL_MIXED_STRIPE:p8,PHYSICALLY_GROUNDED_MODEL_INPUT
3,GATED_MLA,latent_up_reduction,8,4,1.5376,47,FRESH_PHYSICAL_TYPE_CONDITIONED,layer-03:FULL_MIXED_STRIPE:p8,PHYSICALLY_GROUNDED_MODEL_INPUT
3,GATED_MLA,output_state_commit,1,4,0.1817,47,FRESH_PHYSICAL_TYPE_CONDITIONED,layer-03:FULL_MIXED_STRIPE:p8,PHYSICALLY_GROUNDED_MODEL_INPUT
3,GATED_MLA,post_attention_preprocess,1,4,0.9854,47,FRESH_PHYSICAL_TYPE_CONDITIONED,layer-03:FULL_MIXED_STRIPE:p8,PHYSICALLY_GROUNDED_MODEL_INPUT
3,GATED_MLA,routed_norm,1,4,0.14075,47,FRESH_PHYSICAL_TYPE_CONDITIONED,layer-03:FULL_MIXED_STRIPE:p8,PHYSICALLY_GROUNDED_MODEL_INPUT
3,GATED_MLA,routed_shared_reduction,2,4,1.2015,47,FRESH_PHYSICAL_TYPE_CONDITIONED,layer-03:FULL_MIXED_STRIPE:p8,PHYSICALLY_GROUNDED_MODEL_INPUT
3,GATED_MLA,router,1,4,0.63985,47,FRESH_PHYSICAL_TYPE_CONDITIONED,layer-03:FULL_MIXED_STRIPE:p8,PHYSICALLY_GROUNDED_MODEL_INPUT
3,GATED_MLA,shared_expert,8,4,0.2192,47,FRESH_PHYSICAL_TYPE_CONDITIONED,layer-03:FULL_MIXED_STRIPE:p8,PHYSICALLY_GROUNDED_MODEL_INPUT
3,GATED_MLA,shared_reduction,8,4,1.5376,47,FRESH_PHYSICAL_TYPE_CONDITIONED,layer-03:FULL_MIXED_STRIPE:p8,PHYSICALLY_GROUNDED_MODEL_INPUT
3,GATED_MLA,worker_protocol,1,4,0.6952,47,FROZEN_PHYSICAL_AUTHENTICATED_FRAME,layer-03:FULL_MIXED_STRIPE:p8,PHYSICAL_INHERITED_E022
3,GATED_MLA,whole_layer,1,4,7.946199999999999,47,PHYSICAL_TYPE_CONDITIONED,layer-03:WHOLE_LAYER:p1,PHYSICALLY_GROUNDED_MODEL_INPUT
4,KDA,attention_common,1,1,0.050699999999999995,45,FRESH_PHYSICAL_TYPE_CONDITIONED,layer-04:FULL_MIXED_STRIPE:p8,PHYSICALLY_GROUNDED_MODEL_INPUT
4,KDA,attention_preprocess,1,1,0.3388,45,FRESH_PHYSICAL_TYPE_CONDITIONED,layer-04:FULL_MIXED_STRIPE:p8,PHYSICALLY_GROUNDED_MODEL_INPUT
4,KDA,attention_reduction,8,1,1.5225,45,FRESH_PHYSICAL_TYPE_CONDITIONED,layer-04:FULL_MIXED_STRIPE:p8,PHYSICALLY_GROUNDED_MODEL_INPUT
4,KDA,attention_shard,8,1,0.3079,45,FRESH_PHYSICAL_TYPE_CONDITIONED,layer-04:FULL_MIXED_STRIPE:p8,PHYSICALLY_GROUNDED_MODEL_INPUT
4,KDA,expert_reduction,8,1,1.183,45,FRESH_PHYSICAL_TYPE_CONDITIONED,layer-04:FULL_MIXED_STRIPE:p8,PHYSICALLY_GROUNDED_MODEL_INPUT
4,KDA,expert_stripe,8,1,0.23620000000000002,45,FRESH_PHYSICAL_TYPE_CONDITIONED,layer-04:FULL_MIXED_STRIPE:p8,PHYSICALLY_GROUNDED_MODEL_INPUT
4,KDA,latent_down,8,1,0.0447,45,FRESH_PHYSICAL_TYPE_CONDITIONED,layer-04:FULL_MIXED_STRIPE:p8,PHYSICALLY_GROUNDED_MODEL_INPUT
4,KDA,latent_up,8,1,0.0463,45,FRESH_PHYSICAL_TYPE_CONDITIONED,layer-04:FULL_MIXED_STRIPE:p8,PHYSICALLY_GROUNDED_MODEL_INPUT
4,KDA,latent_up_reduction,8,1,1.46,45,FRESH_PHYSICAL_TYPE_CONDITIONED,layer-04:FULL_MIXED_STRIPE:p8,PHYSICALLY_GROUNDED_MODEL_INPUT
4,KDA,output_state_commit,1,1,0.15115,45,FRESH_PHYSICAL_TYPE_CONDITIONED,layer-04:FULL_MIXED_STRIPE:p8,PHYSICALLY_GROUNDED_MODEL_INPUT
4,KDA,post_attention_preprocess,1,1,0.3276,45,FRESH_PHYSICAL_TYPE_CONDITIONED,layer-04:FULL_MIXED_STRIPE:p8,PHYSICALLY_GROUNDED_MODEL_INPUT
4,KDA,routed_norm,1,1,0.13645000000000002,45,FRESH_PHYSICAL_TYPE_CONDITIONED,layer-04:FULL_MIXED_STRIPE:p8,PHYSICALLY_GROUNDED_MODEL_INPUT
4,KDA,routed_shared_reduction,2,1,1.1742,45,FRESH_PHYSICAL_TYPE_CONDITIONED,layer-04:FULL_MIXED_STRIPE:p8,PHYSICALLY_GROUNDED_MODEL_INPUT
4,KDA,router,1,1,0.6472,45,FRESH_PHYSICAL_TYPE_CONDITIONED,layer-04:FULL_MIXED_STRIPE:p8,PHYSICALLY_GROUNDED_MODEL_INPUT
4,KDA,shared_expert,8,1,0.1073,45,FRESH_PHYSICAL_TYPE_CONDITIONED,layer-04:FULL_MIXED_STRIPE:p8,PHYSICALLY_GROUNDED_MODEL_INPUT
4,KDA,shared_reduction,8,1,1.46,45,FRESH_PHYSICAL_TYPE_CONDITIONED,layer-04:FULL_MIXED_STRIPE:p8,PHYSICALLY_GROUNDED_MODEL_INPUT
4,KDA,worker_protocol,1,1,0.3813,45,FROZEN_PHYSICAL_AUTHENTICATED_FRAME,layer-04:FULL_MIXED_STRIPE:p8,PHYSICAL_INHERITED_E022
4,KDA,whole_layer,1,1,4.212,45,PHYSICAL_TYPE_CONDITIONED,layer-04:WHOLE_LAYER:p1,PHYSICALLY_GROUNDED_MODEL_INPUT
4,KDA,attention_common,1,2,0.05115,45,FRESH_PHYSICAL_TYPE_CONDITIONED,layer-04:FULL_MIXED_STRIPE:p8,PHYSICALLY_GROUNDED_MODEL_INPUT
4,KDA,attention_preprocess,1,2,0.5454,45,FRESH_PHYSICAL_TYPE_CONDITIONED,layer-04:FULL_MIXED_STRIPE:p8,PHYSICALLY_GROUNDED_MODEL_INPUT
4,KDA,attention_reduction,8,2,1.52125,45,FRESH_PHYSICAL_TYPE_CONDITIONED,layer-04:FULL_MIXED_STRIPE:p8,PHYSICALLY_GROUNDED_MODEL_INPUT
4,KDA,attention_shard,8,2,0.40215,45,FRESH_PHYSICAL_TYPE_CONDITIONED,layer-04:FULL_MIXED_STRIPE:p8,PHYSICALLY_GROUNDED_MODEL_INPUT
4,KDA,expert_reduction,8,2,1.0752,45,FRESH_PHYSICAL_TYPE_CONDITIONED,layer-04:FULL_MIXED_STRIPE:p8,PHYSICALLY_GROUNDED_MODEL_INPUT
4,KDA,expert_stripe,8,2,0.39315,45,FRESH_PHYSICAL_TYPE_CONDITIONED,layer-04:FULL_MIXED_STRIPE:p8,PHYSICALLY_GROUNDED_MODEL_INPUT
4,KDA,latent_down,8,2,0.05,45,FRESH_PHYSICAL_TYPE_CONDITIONED,layer-04:FULL_MIXED_STRIPE:p8,PHYSICALLY_GROUNDED_MODEL_INPUT
4,KDA,latent_up,8,2,0.0584,45,FRESH_PHYSICAL_TYPE_CONDITIONED,layer-04:FULL_MIXED_STRIPE:p8,PHYSICALLY_GROUNDED_MODEL_INPUT
4,KDA,latent_up_reduction,8,2,1.46,45,FRESH_PHYSICAL_TYPE_CONDITIONED,layer-04:FULL_MIXED_STRIPE:p8,PHYSICALLY_GROUNDED_MODEL_INPUT
4,KDA,output_state_commit,1,2,0.15510000000000002,45,FRESH_PHYSICAL_TYPE_CONDITIONED,layer-04:FULL_MIXED_STRIPE:p8,PHYSICALLY_GROUNDED_MODEL_INPUT
4,KDA,post_attention_preprocess,1,2,0.54325,45,FRESH_PHYSICAL_TYPE_CONDITIONED,layer-04:FULL_MIXED_STRIPE:p8,PHYSICALLY_GROUNDED_MODEL_INPUT
4,KDA,routed_norm,1,2,0.1233,45,FRESH_PHYSICAL_TYPE_CONDITIONED,layer-04:FULL_MIXED_STRIPE:p8,PHYSICALLY_GROUNDED_MODEL_INPUT
4,KDA,routed_shared_reduction,2,2,1.2424,45,FRESH_PHYSICAL_TYPE_CONDITIONED,layer-04:FULL_MIXED_STRIPE:p8,PHYSICALLY_GROUNDED_MODEL_INPUT
4,KDA,router,1,2,0.6437,45,FRESH_PHYSICAL_TYPE_CONDITIONED,layer-04:FULL_MIXED_STRIPE:p8,PHYSICALLY_GROUNDED_MODEL_INPUT
4,KDA,shared_expert,8,2,0.12365000000000001,45,FRESH_PHYSICAL_TYPE_CONDITIONED,layer-04:FULL_MIXED_STRIPE:p8,PHYSICALLY_GROUNDED_MODEL_INPUT
4,KDA,shared_reduction,8,2,1.46,45,FRESH_PHYSICAL_TYPE_CONDITIONED,layer-04:FULL_MIXED_STRIPE:p8,PHYSICALLY_GROUNDED_MODEL_INPUT
4,KDA,worker_protocol,1,2,0.4718,45,FROZEN_PHYSICAL_AUTHENTICATED_FRAME,layer-04:FULL_MIXED_STRIPE:p8,PHYSICAL_INHERITED_E022
4,KDA,whole_layer,1,2,5.8731,45,PHYSICAL_TYPE_CONDITIONED,layer-04:WHOLE_LAYER:p1,PHYSICALLY_GROUNDED_MODEL_INPUT
4,KDA,attention_common,1,4,0.0511,45,FRESH_PHYSICAL_TYPE_CONDITIONED,layer-04:FULL_MIXED_STRIPE:p8,PHYSICALLY_GROUNDED_MODEL_INPUT
4,KDA,attention_preprocess,1,4,0.9714,45,FRESH_PHYSICAL_TYPE_CONDITIONED,layer-04:FULL_MIXED_STRIPE:p8,PHYSICALLY_GROUNDED_MODEL_INPUT
4,KDA,attention_reduction,8,4,1.6047500000000001,45,FRESH_PHYSICAL_TYPE_CONDITIONED,layer-04:FULL_MIXED_STRIPE:p8,PHYSICALLY_GROUNDED_MODEL_INPUT
4,KDA,attention_shard,8,4,0.6811,45,FRESH_PHYSICAL_TYPE_CONDITIONED,layer-04:FULL_MIXED_STRIPE:p8,PHYSICALLY_GROUNDED_MODEL_INPUT
4,KDA,expert_reduction,8,4,1.466,45,FRESH_PHYSICAL_TYPE_CONDITIONED,layer-04:FULL_MIXED_STRIPE:p8,PHYSICALLY_GROUNDED_MODEL_INPUT
4,KDA,expert_stripe,8,4,0.6790499999999999,45,FRESH_PHYSICAL_TYPE_CONDITIONED,layer-04:FULL_MIXED_STRIPE:p8,PHYSICALLY_GROUNDED_MODEL_INPUT
4,KDA,latent_down,8,4,0.0902,45,FRESH_PHYSICAL_TYPE_CONDITIONED,layer-04:FULL_MIXED_STRIPE:p8,PHYSICALLY_GROUNDED_MODEL_INPUT
4,KDA,latent_up,8,4,0.0815,45,FRESH_PHYSICAL_TYPE_CONDITIONED,layer-04:FULL_MIXED_STRIPE:p8,PHYSICALLY_GROUNDED_MODEL_INPUT
4,KDA,latent_up_reduction,8,4,1.5376,45,FRESH_PHYSICAL_TYPE_CONDITIONED,layer-04:FULL_MIXED_STRIPE:p8,PHYSICALLY_GROUNDED_MODEL_INPUT
4,KDA,output_state_commit,1,4,0.18295,45,FRESH_PHYSICAL_TYPE_CONDITIONED,layer-04:FULL_MIXED_STRIPE:p8,PHYSICALLY_GROUNDED_MODEL_INPUT
4,KDA,post_attention_preprocess,1,4,0.9783,45,FRESH_PHYSICAL_TYPE_CONDITIONED,layer-04:FULL_MIXED_STRIPE:p8,PHYSICALLY_GROUNDED_MODEL_INPUT
4,KDA,routed_norm,1,4,0.1302,45,FRESH_PHYSICAL_TYPE_CONDITIONED,layer-04:FULL_MIXED_STRIPE:p8,PHYSICALLY_GROUNDED_MODEL_INPUT
4,KDA,routed_shared_reduction,2,4,1.2015,45,FRESH_PHYSICAL_TYPE_CONDITIONED,layer-04:FULL_MIXED_STRIPE:p8,PHYSICALLY_GROUNDED_MODEL_INPUT
4,KDA,router,1,4,0.64645,45,FRESH_PHYSICAL_TYPE_CONDITIONED,layer-04:FULL_MIXED_STRIPE:p8,PHYSICALLY_GROUNDED_MODEL_INPUT
4,KDA,shared_expert,8,4,0.2192,45,FRESH_PHYSICAL_TYPE_CONDITIONED,layer-04:FULL_MIXED_STRIPE:p8,PHYSICALLY_GROUNDED_MODEL_INPUT
4,KDA,shared_reduction,8,4,1.5376,45,FRESH_PHYSICAL_TYPE_CONDITIONED,layer-04:FULL_MIXED_STRIPE:p8,PHYSICALLY_GROUNDED_MODEL_INPUT
4,KDA,worker_protocol,1,4,0.6952,45,FROZEN_PHYSICAL_AUTHENTICATED_FRAME,layer-04:FULL_MIXED_STRIPE:p8,PHYSICAL_INHERITED_E022
4,KDA,whole_layer,1,4,8.604849999999999,45,PHYSICAL_TYPE_CONDITIONED,layer-04:WHOLE_LAYER:p1,PHYSICALLY_GROUNDED_MODEL_INPUT
5,KDA,attention_common,1,1,0.050699999999999995,45,FRESH_PHYSICAL_TYPE_CONDITIONED,layer-05:FULL_MIXED_STRIPE:p8,PHYSICALLY_GROUNDED_MODEL_INPUT
5,KDA,attention_preprocess,1,1,0.3388,45,FRESH_PHYSICAL_TYPE_CONDITIONED,layer-05:FULL_MIXED_STRIPE:p8,PHYSICALLY_GROUNDED_MODEL_INPUT
5,KDA,attention_reduction,8,1,1.5225,45,FRESH_PHYSICAL_TYPE_CONDITIONED,layer-05:FULL_MIXED_STRIPE:p8,PHYSICALLY_GROUNDED_MODEL_INPUT
5,KDA,attention_shard,8,1,0.3079,45,FRESH_PHYSICAL_TYPE_CONDITIONED,layer-05:FULL_MIXED_STRIPE:p8,PHYSICALLY_GROUNDED_MODEL_INPUT
5,KDA,expert_reduction,8,1,1.183,45,FRESH_PHYSICAL_TYPE_CONDITIONED,layer-05:FULL_MIXED_STRIPE:p8,PHYSICALLY_GROUNDED_MODEL_INPUT
5,KDA,expert_stripe,8,1,0.23620000000000002,45,FRESH_PHYSICAL_TYPE_CONDITIONED,layer-05:FULL_MIXED_STRIPE:p8,PHYSICALLY_GROUNDED_MODEL_INPUT
5,KDA,latent_down,8,1,0.0447,45,FRESH_PHYSICAL_TYPE_CONDITIONED,layer-05:FULL_MIXED_STRIPE:p8,PHYSICALLY_GROUNDED_MODEL_INPUT
5,KDA,latent_up,8,1,0.0463,45,FRESH_PHYSICAL_TYPE_CONDITIONED,layer-05:FULL_MIXED_STRIPE:p8,PHYSICALLY_GROUNDED_MODEL_INPUT
5,KDA,latent_up_reduction,8,1,1.46,45,FRESH_PHYSICAL_TYPE_CONDITIONED,layer-05:FULL_MIXED_STRIPE:p8,PHYSICALLY_GROUNDED_MODEL_INPUT
5,KDA,output_state_commit,1,1,0.15115,45,FRESH_PHYSICAL_TYPE_CONDITIONED,layer-05:FULL_MIXED_STRIPE:p8,PHYSICALLY_GROUNDED_MODEL_INPUT
5,KDA,post_attention_preprocess,1,1,0.3276,45,FRESH_PHYSICAL_TYPE_CONDITIONED,layer-05:FULL_MIXED_STRIPE:p8,PHYSICALLY_GROUNDED_MODEL_INPUT
5,KDA,routed_norm,1,1,0.13645000000000002,45,FRESH_PHYSICAL_TYPE_CONDITIONED,layer-05:FULL_MIXED_STRIPE:p8,PHYSICALLY_GROUNDED_MODEL_INPUT
5,KDA,routed_shared_reduction,2,1,1.1742,45,FRESH_PHYSICAL_TYPE_CONDITIONED,layer-05:FULL_MIXED_STRIPE:p8,PHYSICALLY_GROUNDED_MODEL_INPUT
5,KDA,router,1,1,0.6472,45,FRESH_PHYSICAL_TYPE_CONDITIONED,layer-05:FULL_MIXED_STRIPE:p8,PHYSICALLY_GROUNDED_MODEL_INPUT
5,KDA,shared_expert,8,1,0.1073,45,FRESH_PHYSICAL_TYPE_CONDITIONED,layer-05:FULL_MIXED_STRIPE:p8,PHYSICALLY_GROUNDED_MODEL_INPUT
5,KDA,shared_reduction,8,1,1.46,45,FRESH_PHYSICAL_TYPE_CONDITIONED,layer-05:FULL_MIXED_STRIPE:p8,PHYSICALLY_GROUNDED_MODEL_INPUT
5,KDA,worker_protocol,1,1,0.3813,45,FROZEN_PHYSICAL_AUTHENTICATED_FRAME,layer-05:FULL_MIXED_STRIPE:p8,PHYSICAL_INHERITED_E022
5,KDA,whole_layer,1,1,4.212,45,PHYSICAL_TYPE_CONDITIONED,layer-05:WHOLE_LAYER:p1,PHYSICALLY_GROUNDED_MODEL_INPUT
5,KDA,attention_common,1,2,0.05115,45,FRESH_PHYSICAL_TYPE_CONDITIONED,layer-05:FULL_MIXED_STRIPE:p8,PHYSICALLY_GROUNDED_MODEL_INPUT
5,KDA,attention_preprocess,1,2,0.5454,45,FRESH_PHYSICAL_TYPE_CONDITIONED,layer-05:FULL_MIXED_STRIPE:p8,PHYSICALLY_GROUNDED_MODEL_INPUT
5,KDA,attention_reduction,8,2,1.52125,45,FRESH_PHYSICAL_TYPE_CONDITIONED,layer-05:FULL_MIXED_STRIPE:p8,PHYSICALLY_GROUNDED_MODEL_INPUT
5,KDA,attention_shard,8,2,0.40215,45,FRESH_PHYSICAL_TYPE_CONDITIONED,layer-05:FULL_MIXED_STRIPE:p8,PHYSICALLY_GROUNDED_MODEL_INPUT
5,KDA,expert_reduction,8,2,1.0752,45,FRESH_PHYSICAL_TYPE_CONDITIONED,layer-05:FULL_MIXED_STRIPE:p8,PHYSICALLY_GROUNDED_MODEL_INPUT
5,KDA,expert_stripe,8,2,0.39315,45,FRESH_PHYSICAL_TYPE_CONDITIONED,layer-05:FULL_MIXED_STRIPE:p8,PHYSICALLY_GROUNDED_MODEL_INPUT
5,KDA,latent_down,8,2,0.05,45,FRESH_PHYSICAL_TYPE_CONDITIONED,layer-05:FULL_MIXED_STRIPE:p8,PHYSICALLY_GROUNDED_MODEL_INPUT
5,KDA,latent_up,8,2,0.0584,45,FRESH_PHYSICAL_TYPE_CONDITIONED,layer-05:FULL_MIXED_STRIPE:p8,PHYSICALLY_GROUNDED_MODEL_INPUT
5,KDA,latent_up_reduction,8,2,1.46,45,FRESH_PHYSICAL_TYPE_CONDITIONED,layer-05:FULL_MIXED_STRIPE:p8,PHYSICALLY_GROUNDED_MODEL_INPUT
5,KDA,output_state_commit,1,2,0.15510000000000002,45,FRESH_PHYSICAL_TYPE_CONDITIONED,layer-05:FULL_MIXED_STRIPE:p8,PHYSICALLY_GROUNDED_MODEL_INPUT
5,KDA,post_attention_preprocess,1,2,0.54325,45,FRESH_PHYSICAL_TYPE_CONDITIONED,layer-05:FULL_MIXED_STRIPE:p8,PHYSICALLY_GROUNDED_MODEL_INPUT
5,KDA,routed_norm,1,2,0.1233,45,FRESH_PHYSICAL_TYPE_CONDITIONED,layer-05:FULL_MIXED_STRIPE:p8,PHYSICALLY_GROUNDED_MODEL_INPUT
5,KDA,routed_shared_reduction,2,2,1.2424,45,FRESH_PHYSICAL_TYPE_CONDITIONED,layer-05:FULL_MIXED_STRIPE:p8,PHYSICALLY_GROUNDED_MODEL_INPUT
5,KDA,router,1,2,0.6437,45,FRESH_PHYSICAL_TYPE_CONDITIONED,layer-05:FULL_MIXED_STRIPE:p8,PHYSICALLY_GROUNDED_MODEL_INPUT
5,KDA,shared_expert,8,2,0.12365000000000001,45,FRESH_PHYSICAL_TYPE_CONDITIONED,layer-05:FULL_MIXED_STRIPE:p8,PHYSICALLY_GROUNDED_MODEL_INPUT
5,KDA,shared_reduction,8,2,1.46,45,FRESH_PHYSICAL_TYPE_CONDITIONED,layer-05:FULL_MIXED_STRIPE:p8,PHYSICALLY_GROUNDED_MODEL_INPUT
5,KDA,worker_protocol,1,2,0.4718,45,FROZEN_PHYSICAL_AUTHENTICATED_FRAME,layer-05:FULL_MIXED_STRIPE:p8,PHYSICAL_INHERITED_E022
5,KDA,whole_layer,1,2,5.8731,45,PHYSICAL_TYPE_CONDITIONED,layer-05:WHOLE_LAYER:p1,PHYSICALLY_GROUNDED_MODEL_INPUT
5,KDA,attention_common,1,4,0.0511,45,FRESH_PHYSICAL_TYPE_CONDITIONED,layer-05:FULL_MIXED_STRIPE:p8,PHYSICALLY_GROUNDED_MODEL_INPUT
5,KDA,attention_preprocess,1,4,0.9714,45,FRESH_PHYSICAL_TYPE_CONDITIONED,layer-05:FULL_MIXED_STRIPE:p8,PHYSICALLY_GROUNDED_MODEL_INPUT
5,KDA,attention_reduction,8,4,1.6047500000000001,45,FRESH_PHYSICAL_TYPE_CONDITIONED,layer-05:FULL_MIXED_STRIPE:p8,PHYSICALLY_GROUNDED_MODEL_INPUT
5,KDA,attention_shard,8,4,0.6811,45,FRESH_PHYSICAL_TYPE_CONDITIONED,layer-05:FULL_MIXED_STRIPE:p8,PHYSICALLY_GROUNDED_MODEL_INPUT
5,KDA,expert_reduction,8,4,1.466,45,FRESH_PHYSICAL_TYPE_CONDITIONED,layer-05:FULL_MIXED_STRIPE:p8,PHYSICALLY_GROUNDED_MODEL_INPUT
5,KDA,expert_stripe,8,4,0.6790499999999999,45,FRESH_PHYSICAL_TYPE_CONDITIONED,layer-05:FULL_MIXED_STRIPE:p8,PHYSICALLY_GROUNDED_MODEL_INPUT
5,KDA,latent_down,8,4,0.0902,45,FRESH_PHYSICAL_TYPE_CONDITIONED,layer-05:FULL_MIXED_STRIPE:p8,PHYSICALLY_GROUNDED_MODEL_INPUT
5,KDA,latent_up,8,4,0.0815,45,FRESH_PHYSICAL_TYPE_CONDITIONED,layer-05:FULL_MIXED_STRIPE:p8,PHYSICALLY_GROUNDED_MODEL_INPUT
5,KDA,latent_up_reduction,8,4,1.5376,45,FRESH_PHYSICAL_TYPE_CONDITIONED,layer-05:FULL_MIXED_STRIPE:p8,PHYSICALLY_GROUNDED_MODEL_INPUT
5,KDA,output_state_commit,1,4,0.18295,45,FRESH_PHYSICAL_TYPE_CONDITIONED,layer-05:FULL_MIXED_STRIPE:p8,PHYSICALLY_GROUNDED_MODEL_INPUT
5,KDA,post_attention_preprocess,1,4,0.9783,45,FRESH_PHYSICAL_TYPE_CONDITIONED,layer-05:FULL_MIXED_STRIPE:p8,PHYSICALLY_GROUNDED_MODEL_INPUT
5,KDA,routed_norm,1,4,0.1302,45,FRESH_PHYSICAL_TYPE_CONDITIONED,layer-05:FULL_MIXED_STRIPE:p8,PHYSICALLY_GROUNDED_MODEL_INPUT
5,KDA,routed_shared_reduction,2,4,1.2015,45,FRESH_PHYSICAL_TYPE_CONDITIONED,layer-05:FULL_MIXED_STRIPE:p8,PHYSICALLY_GROUNDED_MODEL_INPUT
5,KDA,router,1,4,0.64645,45,FRESH_PHYSICAL_TYPE_CONDITIONED,layer-05:FULL_MIXED_STRIPE:p8,PHYSICALLY_GROUNDED_MODEL_INPUT
5,KDA,shared_expert,8,4,0.2192,45,FRESH_PHYSICAL_TYPE_CONDITIONED,layer-05:FULL_MIXED_STRIPE:p8,PHYSICALLY_GROUNDED_MODEL_INPUT
5,KDA,shared_reduction,8,4,1.5376,45,FRESH_PHYSICAL_TYPE_CONDITIONED,layer-05:FULL_MIXED_STRIPE:p8,PHYSICALLY_GROUNDED_MODEL_INPUT
5,KDA,worker_protocol,1,4,0.6952,45,FROZEN_PHYSICAL_AUTHENTICATED_FRAME,layer-05:FULL_MIXED_STRIPE:p8,PHYSICAL_INHERITED_E022
5,KDA,whole_layer,1,4,8.604849999999999,45,PHYSICAL_TYPE_CONDITIONED,layer-05:WHOLE_LAYER:p1,PHYSICALLY_GROUNDED_MODEL_INPUT
6,KDA,attention_common,1,1,0.050699999999999995,45,FRESH_PHYSICAL_TYPE_CONDITIONED,layer-06:FULL_MIXED_STRIPE:p8,PHYSICALLY_GROUNDED_MODEL_INPUT
6,KDA,attention_preprocess,1,1,0.3388,45,FRESH_PHYSICAL_TYPE_CONDITIONED,layer-06:FULL_MIXED_STRIPE:p8,PHYSICALLY_GROUNDED_MODEL_INPUT
6,KDA,attention_reduction,8,1,1.5225,45,FRESH_PHYSICAL_TYPE_CONDITIONED,layer-06:FULL_MIXED_STRIPE:p8,PHYSICALLY_GROUNDED_MODEL_INPUT
6,KDA,attention_shard,8,1,0.3079,45,FRESH_PHYSICAL_TYPE_CONDITIONED,layer-06:FULL_MIXED_STRIPE:p8,PHYSICALLY_GROUNDED_MODEL_INPUT
6,KDA,expert_reduction,8,1,1.183,45,FRESH_PHYSICAL_TYPE_CONDITIONED,layer-06:FULL_MIXED_STRIPE:p8,PHYSICALLY_GROUNDED_MODEL_INPUT
6,KDA,expert_stripe,8,1,0.23620000000000002,45,FRESH_PHYSICAL_TYPE_CONDITIONED,layer-06:FULL_MIXED_STRIPE:p8,PHYSICALLY_GROUNDED_MODEL_INPUT
6,KDA,latent_down,8,1,0.0447,45,FRESH_PHYSICAL_TYPE_CONDITIONED,layer-06:FULL_MIXED_STRIPE:p8,PHYSICALLY_GROUNDED_MODEL_INPUT
6,KDA,latent_up,8,1,0.0463,45,FRESH_PHYSICAL_TYPE_CONDITIONED,layer-06:FULL_MIXED_STRIPE:p8,PHYSICALLY_GROUNDED_MODEL_INPUT
6,KDA,latent_up_reduction,8,1,1.46,45,FRESH_PHYSICAL_TYPE_CONDITIONED,layer-06:FULL_MIXED_STRIPE:p8,PHYSICALLY_GROUNDED_MODEL_INPUT
6,KDA,output_state_commit,1,1,0.15115,45,FRESH_PHYSICAL_TYPE_CONDITIONED,layer-06:FULL_MIXED_STRIPE:p8,PHYSICALLY_GROUNDED_MODEL_INPUT
6,KDA,post_attention_preprocess,1,1,0.3276,45,FRESH_PHYSICAL_TYPE_CONDITIONED,layer-06:FULL_MIXED_STRIPE:p8,PHYSICALLY_GROUNDED_MODEL_INPUT
6,KDA,routed_norm,1,1,0.13645000000000002,45,FRESH_PHYSICAL_TYPE_CONDITIONED,layer-06:FULL_MIXED_STRIPE:p8,PHYSICALLY_GROUNDED_MODEL_INPUT
6,KDA,routed_shared_reduction,2,1,1.1742,45,FRESH_PHYSICAL_TYPE_CONDITIONED,layer-06:FULL_MIXED_STRIPE:p8,PHYSICALLY_GROUNDED_MODEL_INPUT
6,KDA,router,1,1,0.6472,45,FRESH_PHYSICAL_TYPE_CONDITIONED,layer-06:FULL_MIXED_STRIPE:p8,PHYSICALLY_GROUNDED_MODEL_INPUT
6,KDA,shared_expert,8,1,0.1073,45,FRESH_PHYSICAL_TYPE_CONDITIONED,layer-06:FULL_MIXED_STRIPE:p8,PHYSICALLY_GROUNDED_MODEL_INPUT
6,KDA,shared_reduction,8,1,1.46,45,FRESH_PHYSICAL_TYPE_CONDITIONED,layer-06:FULL_MIXED_STRIPE:p8,PHYSICALLY_GROUNDED_MODEL_INPUT
6,KDA,worker_protocol,1,1,0.3813,45,FROZEN_PHYSICAL_AUTHENTICATED_FRAME,layer-06:FULL_MIXED_STRIPE:p8,PHYSICAL_INHERITED_E022
6,KDA,whole_layer,1,1,4.212,45,PHYSICAL_TYPE_CONDITIONED,layer-06:WHOLE_LAYER:p1,PHYSICALLY_GROUNDED_MODEL_INPUT
6,KDA,attention_common,1,2,0.05115,45,FRESH_PHYSICAL_TYPE_CONDITIONED,layer-06:FULL_MIXED_STRIPE:p8,PHYSICALLY_GROUNDED_MODEL_INPUT
6,KDA,attention_preprocess,1,2,0.5454,45,FRESH_PHYSICAL_TYPE_CONDITIONED,layer-06:FULL_MIXED_STRIPE:p8,PHYSICALLY_GROUNDED_MODEL_INPUT
6,KDA,attention_reduction,8,2,1.52125,45,FRESH_PHYSICAL_TYPE_CONDITIONED,layer-06:FULL_MIXED_STRIPE:p8,PHYSICALLY_GROUNDED_MODEL_INPUT
6,KDA,attention_shard,8,2,0.40215,45,FRESH_PHYSICAL_TYPE_CONDITIONED,layer-06:FULL_MIXED_STRIPE:p8,PHYSICALLY_GROUNDED_MODEL_INPUT
6,KDA,expert_reduction,8,2,1.0752,45,FRESH_PHYSICAL_TYPE_CONDITIONED,layer-06:FULL_MIXED_STRIPE:p8,PHYSICALLY_GROUNDED_MODEL_INPUT
6,KDA,expert_stripe,8,2,0.39315,45,FRESH_PHYSICAL_TYPE_CONDITIONED,layer-06:FULL_MIXED_STRIPE:p8,PHYSICALLY_GROUNDED_MODEL_INPUT
6,KDA,latent_down,8,2,0.05,45,FRESH_PHYSICAL_TYPE_CONDITIONED,layer-06:FULL_MIXED_STRIPE:p8,PHYSICALLY_GROUNDED_MODEL_INPUT
6,KDA,latent_up,8,2,0.0584,45,FRESH_PHYSICAL_TYPE_CONDITIONED,layer-06:FULL_MIXED_STRIPE:p8,PHYSICALLY_GROUNDED_MODEL_INPUT
6,KDA,latent_up_reduction,8,2,1.46,45,FRESH_PHYSICAL_TYPE_CONDITIONED,layer-06:FULL_MIXED_STRIPE:p8,PHYSICALLY_GROUNDED_MODEL_INPUT
6,KDA,output_state_commit,1,2,0.15510000000000002,45,FRESH_PHYSICAL_TYPE_CONDITIONED,layer-06:FULL_MIXED_STRIPE:p8,PHYSICALLY_GROUNDED_MODEL_INPUT
6,KDA,post_attention_preprocess,1,2,0.54325,45,FRESH_PHYSICAL_TYPE_CONDITIONED,layer-06:FULL_MIXED_STRIPE:p8,PHYSICALLY_GROUNDED_MODEL_INPUT
6,KDA,routed_norm,1,2,0.1233,45,FRESH_PHYSICAL_TYPE_CONDITIONED,layer-06:FULL_MIXED_STRIPE:p8,PHYSICALLY_GROUNDED_MODEL_INPUT
6,KDA,routed_shared_reduction,2,2,1.2424,45,FRESH_PHYSICAL_TYPE_CONDITIONED,layer-06:FULL_MIXED_STRIPE:p8,PHYSICALLY_GROUNDED_MODEL_INPUT
6,KDA,router,1,2,0.6437,45,FRESH_PHYSICAL_TYPE_CONDITIONED,layer-06:FULL_MIXED_STRIPE:p8,PHYSICALLY_GROUNDED_MODEL_INPUT
6,KDA,shared_expert,8,2,0.12365000000000001,45,FRESH_PHYSICAL_TYPE_CONDITIONED,layer-06:FULL_MIXED_STRIPE:p8,PHYSICALLY_GROUNDED_MODEL_INPUT
6,KDA,shared_reduction,8,2,1.46,45,FRESH_PHYSICAL_TYPE_CONDITIONED,layer-06:FULL_MIXED_STRIPE:p8,PHYSICALLY_GROUNDED_MODEL_INPUT
6,KDA,worker_protocol,1,2,0.4718,45,FROZEN_PHYSICAL_AUTHENTICATED_FRAME,layer-06:FULL_MIXED_STRIPE:p8,PHYSICAL_INHERITED_E022
6,KDA,whole_layer,1,2,5.8731,45,PHYSICAL_TYPE_CONDITIONED,layer-06:WHOLE_LAYER:p1,PHYSICALLY_GROUNDED_MODEL_INPUT
6,KDA,attention_common,1,4,0.0511,45,FRESH_PHYSICAL_TYPE_CONDITIONED,layer-06:FULL_MIXED_STRIPE:p8,PHYSICALLY_GROUNDED_MODEL_INPUT
6,KDA,attention_preprocess,1,4,0.9714,45,FRESH_PHYSICAL_TYPE_CONDITIONED,layer-06:FULL_MIXED_STRIPE:p8,PHYSICALLY_GROUNDED_MODEL_INPUT
6,KDA,attention_reduction,8,4,1.6047500000000001,45,FRESH_PHYSICAL_TYPE_CONDITIONED,layer-06:FULL_MIXED_STRIPE:p8,PHYSICALLY_GROUNDED_MODEL_INPUT
6,KDA,attention_shard,8,4,0.6811,45,FRESH_PHYSICAL_TYPE_CONDITIONED,layer-06:FULL_MIXED_STRIPE:p8,PHYSICALLY_GROUNDED_MODEL_INPUT
6,KDA,expert_reduction,8,4,1.466,45,FRESH_PHYSICAL_TYPE_CONDITIONED,layer-06:FULL_MIXED_STRIPE:p8,PHYSICALLY_GROUNDED_MODEL_INPUT
6,KDA,expert_stripe,8,4,0.6790499999999999,45,FRESH_PHYSICAL_TYPE_CONDITIONED,layer-06:FULL_MIXED_STRIPE:p8,PHYSICALLY_GROUNDED_MODEL_INPUT
6,KDA,latent_down,8,4,0.0902,45,FRESH_PHYSICAL_TYPE_CONDITIONED,layer-06:FULL_MIXED_STRIPE:p8,PHYSICALLY_GROUNDED_MODEL_INPUT
6,KDA,latent_up,8,4,0.0815,45,FRESH_PHYSICAL_TYPE_CONDITIONED,layer-06:FULL_MIXED_STRIPE:p8,PHYSICALLY_GROUNDED_MODEL_INPUT
6,KDA,latent_up_reduction,8,4,1.5376,45,FRESH_PHYSICAL_TYPE_CONDITIONED,layer-06:FULL_MIXED_STRIPE:p8,PHYSICALLY_GROUNDED_MODEL_INPUT
6,KDA,output_state_commit,1,4,0.18295,45,FRESH_PHYSICAL_TYPE_CONDITIONED,layer-06:FULL_MIXED_STRIPE:p8,PHYSICALLY_GROUNDED_MODEL_INPUT
6,KDA,post_attention_preprocess,1,4,0.9783,45,FRESH_PHYSICAL_TYPE_CONDITIONED,layer-06:FULL_MIXED_STRIPE:p8,PHYSICALLY_GROUNDED_MODEL_INPUT
6,KDA,routed_norm,1,4,0.1302,45,FRESH_PHYSICAL_TYPE_CONDITIONED,layer-06:FULL_MIXED_STRIPE:p8,PHYSICALLY_GROUNDED_MODEL_INPUT
6,KDA,routed_shared_reduction,2,4,1.2015,45,FRESH_PHYSICAL_TYPE_CONDITIONED,layer-06:FULL_MIXED_STRIPE:p8,PHYSICALLY_GROUNDED_MODEL_INPUT
6,KDA,router,1,4,0.64645,45,FRESH_PHYSICAL_TYPE_CONDITIONED,layer-06:FULL_MIXED_STRIPE:p8,PHYSICALLY_GROUNDED_MODEL_INPUT
6,KDA,shared_expert,8,4,0.2192,45,FRESH_PHYSICAL_TYPE_CONDITIONED,layer-06:FULL_MIXED_STRIPE:p8,PHYSICALLY_GROUNDED_MODEL_INPUT
6,KDA,shared_reduction,8,4,1.5376,45,FRESH_PHYSICAL_TYPE_CONDITIONED,layer-06:FULL_MIXED_STRIPE:p8,PHYSICALLY_GROUNDED_MODEL_INPUT
6,KDA,worker_protocol,1,4,0.6952,45,FROZEN_PHYSICAL_AUTHENTICATED_FRAME,layer-06:FULL_MIXED_STRIPE:p8,PHYSICAL_INHERITED_E022
6,KDA,whole_layer,1,4,8.604849999999999,45,PHYSICAL_TYPE_CONDITIONED,layer-06:WHOLE_LAYER:p1,PHYSICALLY_GROUNDED_MODEL_INPUT
7,GATED_MLA,attention_common,1,1,0.0867,47,FRESH_PHYSICAL_TYPE_CONDITIONED,layer-07:FULL_MIXED_STRIPE:p8,PHYSICALLY_GROUNDED_MODEL_INPUT
7,GATED_MLA,attention_preprocess,1,1,0.34825,47,FRESH_PHYSICAL_TYPE_CONDITIONED,layer-07:FULL_MIXED_STRIPE:p8,PHYSICALLY_GROUNDED_MODEL_INPUT
7,GATED_MLA,attention_reduction,8,1,1.5127,47,FRESH_PHYSICAL_TYPE_CONDITIONED,layer-07:FULL_MIXED_STRIPE:p8,PHYSICALLY_GROUNDED_MODEL_INPUT
7,GATED_MLA,attention_shard,8,1,0.1987,47,FRESH_PHYSICAL_TYPE_CONDITIONED,layer-07:FULL_MIXED_STRIPE:p8,PHYSICALLY_GROUNDED_MODEL_INPUT
7,GATED_MLA,expert_reduction,8,1,1.183,47,FRESH_PHYSICAL_TYPE_CONDITIONED,layer-07:FULL_MIXED_STRIPE:p8,PHYSICALLY_GROUNDED_MODEL_INPUT
7,GATED_MLA,expert_stripe,8,1,0.2368,47,FRESH_PHYSICAL_TYPE_CONDITIONED,layer-07:FULL_MIXED_STRIPE:p8,PHYSICALLY_GROUNDED_MODEL_INPUT
7,GATED_MLA,latent_down,8,1,0.0443,47,FRESH_PHYSICAL_TYPE_CONDITIONED,layer-07:FULL_MIXED_STRIPE:p8,PHYSICALLY_GROUNDED_MODEL_INPUT
7,GATED_MLA,latent_up,8,1,0.04985,47,FRESH_PHYSICAL_TYPE_CONDITIONED,layer-07:FULL_MIXED_STRIPE:p8,PHYSICALLY_GROUNDED_MODEL_INPUT
7,GATED_MLA,latent_up_reduction,8,1,1.46,47,FRESH_PHYSICAL_TYPE_CONDITIONED,layer-07:FULL_MIXED_STRIPE:p8,PHYSICALLY_GROUNDED_MODEL_INPUT
7,GATED_MLA,output_state_commit,1,1,0.1533,47,FRESH_PHYSICAL_TYPE_CONDITIONED,layer-07:FULL_MIXED_STRIPE:p8,PHYSICALLY_GROUNDED_MODEL_INPUT
7,GATED_MLA,post_attention_preprocess,1,1,0.33235000000000003,47,FRESH_PHYSICAL_TYPE_CONDITIONED,layer-07:FULL_MIXED_STRIPE:p8,PHYSICALLY_GROUNDED_MODEL_INPUT
7,GATED_MLA,routed_norm,1,1,0.12535000000000002,47,FRESH_PHYSICAL_TYPE_CONDITIONED,layer-07:FULL_MIXED_STRIPE:p8,PHYSICALLY_GROUNDED_MODEL_INPUT
7,GATED_MLA,routed_shared_reduction,2,1,1.1742,47,FRESH_PHYSICAL_TYPE_CONDITIONED,layer-07:FULL_MIXED_STRIPE:p8,PHYSICALLY_GROUNDED_MODEL_INPUT
7,GATED_MLA,router,1,1,0.6397999999999999,47,FRESH_PHYSICAL_TYPE_CONDITIONED,layer-07:FULL_MIXED_STRIPE:p8,PHYSICALLY_GROUNDED_MODEL_INPUT
7,GATED_MLA,shared_expert,8,1,0.10835,47,FRESH_PHYSICAL_TYPE_CONDITIONED,layer-07:FULL_MIXED_STRIPE:p8,PHYSICALLY_GROUNDED_MODEL_INPUT
7,GATED_MLA,shared_reduction,8,1,1.46,47,FRESH_PHYSICAL_TYPE_CONDITIONED,layer-07:FULL_MIXED_STRIPE:p8,PHYSICALLY_GROUNDED_MODEL_INPUT
7,GATED_MLA,worker_protocol,1,1,0.3813,47,FROZEN_PHYSICAL_AUTHENTICATED_FRAME,layer-07:FULL_MIXED_STRIPE:p8,PHYSICAL_INHERITED_E022
7,GATED_MLA,whole_layer,1,1,3.6313,47,PHYSICAL_TYPE_CONDITIONED,layer-07:WHOLE_LAYER:p1,PHYSICALLY_GROUNDED_MODEL_INPUT
7,GATED_MLA,attention_common,1,2,0.0963,47,FRESH_PHYSICAL_TYPE_CONDITIONED,layer-07:FULL_MIXED_STRIPE:p8,PHYSICALLY_GROUNDED_MODEL_INPUT
7,GATED_MLA,attention_preprocess,1,2,0.54495,47,FRESH_PHYSICAL_TYPE_CONDITIONED,layer-07:FULL_MIXED_STRIPE:p8,PHYSICALLY_GROUNDED_MODEL_INPUT
7,GATED_MLA,attention_reduction,8,2,1.51195,47,FRESH_PHYSICAL_TYPE_CONDITIONED,layer-07:FULL_MIXED_STRIPE:p8,PHYSICALLY_GROUNDED_MODEL_INPUT
7,GATED_MLA,attention_shard,8,2,0.28745,47,FRESH_PHYSICAL_TYPE_CONDITIONED,layer-07:FULL_MIXED_STRIPE:p8,PHYSICALLY_GROUNDED_MODEL_INPUT
7,GATED_MLA,expert_reduction,8,2,1.0752,47,FRESH_PHYSICAL_TYPE_CONDITIONED,layer-07:FULL_MIXED_STRIPE:p8,PHYSICALLY_GROUNDED_MODEL_INPUT
7,GATED_MLA,expert_stripe,8,2,0.378,47,FRESH_PHYSICAL_TYPE_CONDITIONED,layer-07:FULL_MIXED_STRIPE:p8,PHYSICALLY_GROUNDED_MODEL_INPUT
7,GATED_MLA,latent_down,8,2,0.0489,47,FRESH_PHYSICAL_TYPE_CONDITIONED,layer-07:FULL_MIXED_STRIPE:p8,PHYSICALLY_GROUNDED_MODEL_INPUT
7,GATED_MLA,latent_up,8,2,0.05835,47,FRESH_PHYSICAL_TYPE_CONDITIONED,layer-07:FULL_MIXED_STRIPE:p8,PHYSICALLY_GROUNDED_MODEL_INPUT
7,GATED_MLA,latent_up_reduction,8,2,1.46,47,FRESH_PHYSICAL_TYPE_CONDITIONED,layer-07:FULL_MIXED_STRIPE:p8,PHYSICALLY_GROUNDED_MODEL_INPUT
7,GATED_MLA,output_state_commit,1,2,0.15645,47,FRESH_PHYSICAL_TYPE_CONDITIONED,layer-07:FULL_MIXED_STRIPE:p8,PHYSICALLY_GROUNDED_MODEL_INPUT
7,GATED_MLA,post_attention_preprocess,1,2,0.541,47,FRESH_PHYSICAL_TYPE_CONDITIONED,layer-07:FULL_MIXED_STRIPE:p8,PHYSICALLY_GROUNDED_MODEL_INPUT
7,GATED_MLA,routed_norm,1,2,0.1384,47,FRESH_PHYSICAL_TYPE_CONDITIONED,layer-07:FULL_MIXED_STRIPE:p8,PHYSICALLY_GROUNDED_MODEL_INPUT
7,GATED_MLA,routed_shared_reduction,2,2,1.2424,47,FRESH_PHYSICAL_TYPE_CONDITIONED,layer-07:FULL_MIXED_STRIPE:p8,PHYSICALLY_GROUNDED_MODEL_INPUT
7,GATED_MLA,router,1,2,0.6346,47,FRESH_PHYSICAL_TYPE_CONDITIONED,layer-07:FULL_MIXED_STRIPE:p8,PHYSICALLY_GROUNDED_MODEL_INPUT
7,GATED_MLA,shared_expert,8,2,0.1232,47,FRESH_PHYSICAL_TYPE_CONDITIONED,layer-07:FULL_MIXED_STRIPE:p8,PHYSICALLY_GROUNDED_MODEL_INPUT
7,GATED_MLA,shared_reduction,8,2,1.46,47,FRESH_PHYSICAL_TYPE_CONDITIONED,layer-07:FULL_MIXED_STRIPE:p8,PHYSICALLY_GROUNDED_MODEL_INPUT
7,GATED_MLA,worker_protocol,1,2,0.4718,47,FROZEN_PHYSICAL_AUTHENTICATED_FRAME,layer-07:FULL_MIXED_STRIPE:p8,PHYSICAL_INHERITED_E022
7,GATED_MLA,whole_layer,1,2,5.43685,47,PHYSICAL_TYPE_CONDITIONED,layer-07:WHOLE_LAYER:p1,PHYSICALLY_GROUNDED_MODEL_INPUT
7,GATED_MLA,attention_common,1,4,0.17265,47,FRESH_PHYSICAL_TYPE_CONDITIONED,layer-07:FULL_MIXED_STRIPE:p8,PHYSICALLY_GROUNDED_MODEL_INPUT
7,GATED_MLA,attention_preprocess,1,4,0.98235,47,FRESH_PHYSICAL_TYPE_CONDITIONED,layer-07:FULL_MIXED_STRIPE:p8,PHYSICALLY_GROUNDED_MODEL_INPUT
7,GATED_MLA,attention_reduction,8,4,1.601,47,FRESH_PHYSICAL_TYPE_CONDITIONED,layer-07:FULL_MIXED_STRIPE:p8,PHYSICALLY_GROUNDED_MODEL_INPUT
7,GATED_MLA,attention_shard,8,4,0.4851,47,FRESH_PHYSICAL_TYPE_CONDITIONED,layer-07:FULL_MIXED_STRIPE:p8,PHYSICALLY_GROUNDED_MODEL_INPUT
7,GATED_MLA,expert_reduction,8,4,1.466,47,FRESH_PHYSICAL_TYPE_CONDITIONED,layer-07:FULL_MIXED_STRIPE:p8,PHYSICALLY_GROUNDED_MODEL_INPUT
7,GATED_MLA,expert_stripe,8,4,0.66125,47,FRESH_PHYSICAL_TYPE_CONDITIONED,layer-07:FULL_MIXED_STRIPE:p8,PHYSICALLY_GROUNDED_MODEL_INPUT
7,GATED_MLA,latent_down,8,4,0.08595,47,FRESH_PHYSICAL_TYPE_CONDITIONED,layer-07:FULL_MIXED_STRIPE:p8,PHYSICALLY_GROUNDED_MODEL_INPUT
7,GATED_MLA,latent_up,8,4,0.0813,47,FRESH_PHYSICAL_TYPE_CONDITIONED,layer-07:FULL_MIXED_STRIPE:p8,PHYSICALLY_GROUNDED_MODEL_INPUT
7,GATED_MLA,latent_up_reduction,8,4,1.5376,47,FRESH_PHYSICAL_TYPE_CONDITIONED,layer-07:FULL_MIXED_STRIPE:p8,PHYSICALLY_GROUNDED_MODEL_INPUT
7,GATED_MLA,output_state_commit,1,4,0.1817,47,FRESH_PHYSICAL_TYPE_CONDITIONED,layer-07:FULL_MIXED_STRIPE:p8,PHYSICALLY_GROUNDED_MODEL_INPUT
7,GATED_MLA,post_attention_preprocess,1,4,0.9854,47,FRESH_PHYSICAL_TYPE_CONDITIONED,layer-07:FULL_MIXED_STRIPE:p8,PHYSICALLY_GROUNDED_MODEL_INPUT
7,GATED_MLA,routed_norm,1,4,0.14075,47,FRESH_PHYSICAL_TYPE_CONDITIONED,layer-07:FULL_MIXED_STRIPE:p8,PHYSICALLY_GROUNDED_MODEL_INPUT
7,GATED_MLA,routed_shared_reduction,2,4,1.2015,47,FRESH_PHYSICAL_TYPE_CONDITIONED,layer-07:FULL_MIXED_STRIPE:p8,PHYSICALLY_GROUNDED_MODEL_INPUT
7,GATED_MLA,router,1,4,0.63985,47,FRESH_PHYSICAL_TYPE_CONDITIONED,layer-07:FULL_MIXED_STRIPE:p8,PHYSICALLY_GROUNDED_MODEL_INPUT
7,GATED_MLA,shared_expert,8,4,0.2192,47,FRESH_PHYSICAL_TYPE_CONDITIONED,layer-07:FULL_MIXED_STRIPE:p8,PHYSICALLY_GROUNDED_MODEL_INPUT
7,GATED_MLA,shared_reduction,8,4,1.5376,47,FRESH_PHYSICAL_TYPE_CONDITIONED,layer-07:FULL_MIXED_STRIPE:p8,PHYSICALLY_GROUNDED_MODEL_INPUT
7,GATED_MLA,worker_protocol,1,4,0.6952,47,FROZEN_PHYSICAL_AUTHENTICATED_FRAME,layer-07:FULL_MIXED_STRIPE:p8,PHYSICAL_INHERITED_E022
7,GATED_MLA,whole_layer,1,4,7.946199999999999,47,PHYSICAL_TYPE_CONDITIONED,layer-07:WHOLE_LAYER:p1,PHYSICALLY_GROUNDED_MODEL_INPUT
8,KDA,attention_common,1,1,0.050699999999999995,45,FRESH_PHYSICAL_TYPE_CONDITIONED,layer-08:FULL_MIXED_STRIPE:p8,PHYSICALLY_GROUNDED_MODEL_INPUT
8,KDA,attention_preprocess,1,1,0.3388,45,FRESH_PHYSICAL_TYPE_CONDITIONED,layer-08:FULL_MIXED_STRIPE:p8,PHYSICALLY_GROUNDED_MODEL_INPUT
8,KDA,attention_reduction,8,1,1.5225,45,FRESH_PHYSICAL_TYPE_CONDITIONED,layer-08:FULL_MIXED_STRIPE:p8,PHYSICALLY_GROUNDED_MODEL_INPUT
8,KDA,attention_shard,8,1,0.3079,45,FRESH_PHYSICAL_TYPE_CONDITIONED,layer-08:FULL_MIXED_STRIPE:p8,PHYSICALLY_GROUNDED_MODEL_INPUT
8,KDA,expert_reduction,8,1,1.183,45,FRESH_PHYSICAL_TYPE_CONDITIONED,layer-08:FULL_MIXED_STRIPE:p8,PHYSICALLY_GROUNDED_MODEL_INPUT
8,KDA,expert_stripe,8,1,0.23620000000000002,45,FRESH_PHYSICAL_TYPE_CONDITIONED,layer-08:FULL_MIXED_STRIPE:p8,PHYSICALLY_GROUNDED_MODEL_INPUT
8,KDA,latent_down,8,1,0.0447,45,FRESH_PHYSICAL_TYPE_CONDITIONED,layer-08:FULL_MIXED_STRIPE:p8,PHYSICALLY_GROUNDED_MODEL_INPUT
8,KDA,latent_up,8,1,0.0463,45,FRESH_PHYSICAL_TYPE_CONDITIONED,layer-08:FULL_MIXED_STRIPE:p8,PHYSICALLY_GROUNDED_MODEL_INPUT
8,KDA,latent_up_reduction,8,1,1.46,45,FRESH_PHYSICAL_TYPE_CONDITIONED,layer-08:FULL_MIXED_STRIPE:p8,PHYSICALLY_GROUNDED_MODEL_INPUT
8,KDA,output_state_commit,1,1,0.15115,45,FRESH_PHYSICAL_TYPE_CONDITIONED,layer-08:FULL_MIXED_STRIPE:p8,PHYSICALLY_GROUNDED_MODEL_INPUT
8,KDA,post_attention_preprocess,1,1,0.3276,45,FRESH_PHYSICAL_TYPE_CONDITIONED,layer-08:FULL_MIXED_STRIPE:p8,PHYSICALLY_GROUNDED_MODEL_INPUT
8,KDA,routed_norm,1,1,0.13645000000000002,45,FRESH_PHYSICAL_TYPE_CONDITIONED,layer-08:FULL_MIXED_STRIPE:p8,PHYSICALLY_GROUNDED_MODEL_INPUT
8,KDA,routed_shared_reduction,2,1,1.1742,45,FRESH_PHYSICAL_TYPE_CONDITIONED,layer-08:FULL_MIXED_STRIPE:p8,PHYSICALLY_GROUNDED_MODEL_INPUT
8,KDA,router,1,1,0.6472,45,FRESH_PHYSICAL_TYPE_CONDITIONED,layer-08:FULL_MIXED_STRIPE:p8,PHYSICALLY_GROUNDED_MODEL_INPUT
8,KDA,shared_expert,8,1,0.1073,45,FRESH_PHYSICAL_TYPE_CONDITIONED,layer-08:FULL_MIXED_STRIPE:p8,PHYSICALLY_GROUNDED_MODEL_INPUT
8,KDA,shared_reduction,8,1,1.46,45,FRESH_PHYSICAL_TYPE_CONDITIONED,layer-08:FULL_MIXED_STRIPE:p8,PHYSICALLY_GROUNDED_MODEL_INPUT
8,KDA,worker_protocol,1,1,0.3813,45,FROZEN_PHYSICAL_AUTHENTICATED_FRAME,layer-08:FULL_MIXED_STRIPE:p8,PHYSICAL_INHERITED_E022
8,KDA,whole_layer,1,1,4.212,45,PHYSICAL_TYPE_CONDITIONED,layer-08:WHOLE_LAYER:p1,PHYSICALLY_GROUNDED_MODEL_INPUT
8,KDA,attention_common,1,2,0.05115,45,FRESH_PHYSICAL_TYPE_CONDITIONED,layer-08:FULL_MIXED_STRIPE:p8,PHYSICALLY_GROUNDED_MODEL_INPUT
8,KDA,attention_preprocess,1,2,0.5454,45,FRESH_PHYSICAL_TYPE_CONDITIONED,layer-08:FULL_MIXED_STRIPE:p8,PHYSICALLY_GROUNDED_MODEL_INPUT
8,KDA,attention_reduction,8,2,1.52125,45,FRESH_PHYSICAL_TYPE_CONDITIONED,layer-08:FULL_MIXED_STRIPE:p8,PHYSICALLY_GROUNDED_MODEL_INPUT
8,KDA,attention_shard,8,2,0.40215,45,FRESH_PHYSICAL_TYPE_CONDITIONED,layer-08:FULL_MIXED_STRIPE:p8,PHYSICALLY_GROUNDED_MODEL_INPUT
8,KDA,expert_reduction,8,2,1.0752,45,FRESH_PHYSICAL_TYPE_CONDITIONED,layer-08:FULL_MIXED_STRIPE:p8,PHYSICALLY_GROUNDED_MODEL_INPUT
8,KDA,expert_stripe,8,2,0.39315,45,FRESH_PHYSICAL_TYPE_CONDITIONED,layer-08:FULL_MIXED_STRIPE:p8,PHYSICALLY_GROUNDED_MODEL_INPUT
8,KDA,latent_down,8,2,0.05,45,FRESH_PHYSICAL_TYPE_CONDITIONED,layer-08:FULL_MIXED_STRIPE:p8,PHYSICALLY_GROUNDED_MODEL_INPUT
8,KDA,latent_up,8,2,0.0584,45,FRESH_PHYSICAL_TYPE_CONDITIONED,layer-08:FULL_MIXED_STRIPE:p8,PHYSICALLY_GROUNDED_MODEL_INPUT
8,KDA,latent_up_reduction,8,2,1.46,45,FRESH_PHYSICAL_TYPE_CONDITIONED,layer-08:FULL_MIXED_STRIPE:p8,PHYSICALLY_GROUNDED_MODEL_INPUT
8,KDA,output_state_commit,1,2,0.15510000000000002,45,FRESH_PHYSICAL_TYPE_CONDITIONED,layer-08:FULL_MIXED_STRIPE:p8,PHYSICALLY_GROUNDED_MODEL_INPUT
8,KDA,post_attention_preprocess,1,2,0.54325,45,FRESH_PHYSICAL_TYPE_CONDITIONED,layer-08:FULL_MIXED_STRIPE:p8,PHYSICALLY_GROUNDED_MODEL_INPUT
8,KDA,routed_norm,1,2,0.1233,45,FRESH_PHYSICAL_TYPE_CONDITIONED,layer-08:FULL_MIXED_STRIPE:p8,PHYSICALLY_GROUNDED_MODEL_INPUT
8,KDA,routed_shared_reduction,2,2,1.2424,45,FRESH_PHYSICAL_TYPE_CONDITIONED,layer-08:FULL_MIXED_STRIPE:p8,PHYSICALLY_GROUNDED_MODEL_INPUT
8,KDA,router,1,2,0.6437,45,FRESH_PHYSICAL_TYPE_CONDITIONED,layer-08:FULL_MIXED_STRIPE:p8,PHYSICALLY_GROUNDED_MODEL_INPUT
8,KDA,shared_expert,8,2,0.12365000000000001,45,FRESH_PHYSICAL_TYPE_CONDITIONED,layer-08:FULL_MIXED_STRIPE:p8,PHYSICALLY_GROUNDED_MODEL_INPUT
8,KDA,shared_reduction,8,2,1.46,45,FRESH_PHYSICAL_TYPE_CONDITIONED,layer-08:FULL_MIXED_STRIPE:p8,PHYSICALLY_GROUNDED_MODEL_INPUT
8,KDA,worker_protocol,1,2,0.4718,45,FROZEN_PHYSICAL_AUTHENTICATED_FRAME,layer-08:FULL_MIXED_STRIPE:p8,PHYSICAL_INHERITED_E022
8,KDA,whole_layer,1,2,5.8731,45,PHYSICAL_TYPE_CONDITIONED,layer-08:WHOLE_LAYER:p1,PHYSICALLY_GROUNDED_MODEL_INPUT
8,KDA,attention_common,1,4,0.0511,45,FRESH_PHYSICAL_TYPE_CONDITIONED,layer-08:FULL_MIXED_STRIPE:p8,PHYSICALLY_GROUNDED_MODEL_INPUT
8,KDA,attention_preprocess,1,4,0.9714,45,FRESH_PHYSICAL_TYPE_CONDITIONED,layer-08:FULL_MIXED_STRIPE:p8,PHYSICALLY_GROUNDED_MODEL_INPUT
8,KDA,attention_reduction,8,4,1.6047500000000001,45,FRESH_PHYSICAL_TYPE_CONDITIONED,layer-08:FULL_MIXED_STRIPE:p8,PHYSICALLY_GROUNDED_MODEL_INPUT
8,KDA,attention_shard,8,4,0.6811,45,FRESH_PHYSICAL_TYPE_CONDITIONED,layer-08:FULL_MIXED_STRIPE:p8,PHYSICALLY_GROUNDED_MODEL_INPUT
8,KDA,expert_reduction,8,4,1.466,45,FRESH_PHYSICAL_TYPE_CONDITIONED,layer-08:FULL_MIXED_STRIPE:p8,PHYSICALLY_GROUNDED_MODEL_INPUT
8,KDA,expert_stripe,8,4,0.6790499999999999,45,FRESH_PHYSICAL_TYPE_CONDITIONED,layer-08:FULL_MIXED_STRIPE:p8,PHYSICALLY_GROUNDED_MODEL_INPUT
8,KDA,latent_down,8,4,0.0902,45,FRESH_PHYSICAL_TYPE_CONDITIONED,layer-08:FULL_MIXED_STRIPE:p8,PHYSICALLY_GROUNDED_MODEL_INPUT
8,KDA,latent_up,8,4,0.0815,45,FRESH_PHYSICAL_TYPE_CONDITIONED,layer-08:FULL_MIXED_STRIPE:p8,PHYSICALLY_GROUNDED_MODEL_INPUT
8,KDA,latent_up_reduction,8,4,1.5376,45,FRESH_PHYSICAL_TYPE_CONDITIONED,layer-08:FULL_MIXED_STRIPE:p8,PHYSICALLY_GROUNDED_MODEL_INPUT
8,KDA,output_state_commit,1,4,0.18295,45,FRESH_PHYSICAL_TYPE_CONDITIONED,layer-08:FULL_MIXED_STRIPE:p8,PHYSICALLY_GROUNDED_MODEL_INPUT
8,KDA,post_attention_preprocess,1,4,0.9783,45,FRESH_PHYSICAL_TYPE_CONDITIONED,layer-08:FULL_MIXED_STRIPE:p8,PHYSICALLY_GROUNDED_MODEL_INPUT
8,KDA,routed_norm,1,4,0.1302,45,FRESH_PHYSICAL_TYPE_CONDITIONED,layer-08:FULL_MIXED_STRIPE:p8,PHYSICALLY_GROUNDED_MODEL_INPUT
8,KDA,routed_shared_reduction,2,4,1.2015,45,FRESH_PHYSICAL_TYPE_CONDITIONED,layer-08:FULL_MIXED_STRIPE:p8,PHYSICALLY_GROUNDED_MODEL_INPUT
8,KDA,router,1,4,0.64645,45,FRESH_PHYSICAL_TYPE_CONDITIONED,layer-08:FULL_MIXED_STRIPE:p8,PHYSICALLY_GROUNDED_MODEL_INPUT
8,KDA,shared_expert,8,4,0.2192,45,FRESH_PHYSICAL_TYPE_CONDITIONED,layer-08:FULL_MIXED_STRIPE:p8,PHYSICALLY_GROUNDED_MODEL_INPUT
8,KDA,shared_reduction,8,4,1.5376,45,FRESH_PHYSICAL_TYPE_CONDITIONED,layer-08:FULL_MIXED_STRIPE:p8,PHYSICALLY_GROUNDED_MODEL_INPUT
8,KDA,worker_protocol,1,4,0.6952,45,FROZEN_PHYSICAL_AUTHENTICATED_FRAME,layer-08:FULL_MIXED_STRIPE:p8,PHYSICAL_INHERITED_E022
8,KDA,whole_layer,1,4,8.604849999999999,45,PHYSICAL_TYPE_CONDITIONED,layer-08:WHOLE_LAYER:p1,PHYSICALLY_GROUNDED_MODEL_INPUT
9,KDA,attention_common,1,1,0.050699999999999995,45,FRESH_PHYSICAL_TYPE_CONDITIONED,layer-09:FULL_MIXED_STRIPE:p8,PHYSICALLY_GROUNDED_MODEL_INPUT
9,KDA,attention_preprocess,1,1,0.3388,45,FRESH_PHYSICAL_TYPE_CONDITIONED,layer-09:FULL_MIXED_STRIPE:p8,PHYSICALLY_GROUNDED_MODEL_INPUT
9,KDA,attention_reduction,8,1,1.5225,45,FRESH_PHYSICAL_TYPE_CONDITIONED,layer-09:FULL_MIXED_STRIPE:p8,PHYSICALLY_GROUNDED_MODEL_INPUT
9,KDA,attention_shard,8,1,0.3079,45,FRESH_PHYSICAL_TYPE_CONDITIONED,layer-09:FULL_MIXED_STRIPE:p8,PHYSICALLY_GROUNDED_MODEL_INPUT
9,KDA,expert_reduction,8,1,1.183,45,FRESH_PHYSICAL_TYPE_CONDITIONED,layer-09:FULL_MIXED_STRIPE:p8,PHYSICALLY_GROUNDED_MODEL_INPUT
9,KDA,expert_stripe,8,1,0.23620000000000002,45,FRESH_PHYSICAL_TYPE_CONDITIONED,layer-09:FULL_MIXED_STRIPE:p8,PHYSICALLY_GROUNDED_MODEL_INPUT
9,KDA,latent_down,8,1,0.0447,45,FRESH_PHYSICAL_TYPE_CONDITIONED,layer-09:FULL_MIXED_STRIPE:p8,PHYSICALLY_GROUNDED_MODEL_INPUT
9,KDA,latent_up,8,1,0.0463,45,FRESH_PHYSICAL_TYPE_CONDITIONED,layer-09:FULL_MIXED_STRIPE:p8,PHYSICALLY_GROUNDED_MODEL_INPUT
9,KDA,latent_up_reduction,8,1,1.46,45,FRESH_PHYSICAL_TYPE_CONDITIONED,layer-09:FULL_MIXED_STRIPE:p8,PHYSICALLY_GROUNDED_MODEL_INPUT
9,KDA,output_state_commit,1,1,0.15115,45,FRESH_PHYSICAL_TYPE_CONDITIONED,layer-09:FULL_MIXED_STRIPE:p8,PHYSICALLY_GROUNDED_MODEL_INPUT
9,KDA,post_attention_preprocess,1,1,0.3276,45,FRESH_PHYSICAL_TYPE_CONDITIONED,layer-09:FULL_MIXED_STRIPE:p8,PHYSICALLY_GROUNDED_MODEL_INPUT
9,KDA,routed_norm,1,1,0.13645000000000002,45,FRESH_PHYSICAL_TYPE_CONDITIONED,layer-09:FULL_MIXED_STRIPE:p8,PHYSICALLY_GROUNDED_MODEL_INPUT
9,KDA,routed_shared_reduction,2,1,1.1742,45,FRESH_PHYSICAL_TYPE_CONDITIONED,layer-09:FULL_MIXED_STRIPE:p8,PHYSICALLY_GROUNDED_MODEL_INPUT
9,KDA,router,1,1,0.6472,45,FRESH_PHYSICAL_TYPE_CONDITIONED,layer-09:FULL_MIXED_STRIPE:p8,PHYSICALLY_GROUNDED_MODEL_INPUT
9,KDA,shared_expert,8,1,0.1073,45,FRESH_PHYSICAL_TYPE_CONDITIONED,layer-09:FULL_MIXED_STRIPE:p8,PHYSICALLY_GROUNDED_MODEL_INPUT
9,KDA,shared_reduction,8,1,1.46,45,FRESH_PHYSICAL_TYPE_CONDITIONED,layer-09:FULL_MIXED_STRIPE:p8,PHYSICALLY_GROUNDED_MODEL_INPUT
9,KDA,worker_protocol,1,1,0.3813,45,FROZEN_PHYSICAL_AUTHENTICATED_FRAME,layer-09:FULL_MIXED_STRIPE:p8,PHYSICAL_INHERITED_E022
9,KDA,whole_layer,1,1,4.212,45,PHYSICAL_TYPE_CONDITIONED,layer-09:WHOLE_LAYER:p1,PHYSICALLY_GROUNDED_MODEL_INPUT
9,KDA,attention_common,1,2,0.05115,45,FRESH_PHYSICAL_TYPE_CONDITIONED,layer-09:FULL_MIXED_STRIPE:p8,PHYSICALLY_GROUNDED_MODEL_INPUT
9,KDA,attention_preprocess,1,2,0.5454,45,FRESH_PHYSICAL_TYPE_CONDITIONED,layer-09:FULL_MIXED_STRIPE:p8,PHYSICALLY_GROUNDED_MODEL_INPUT
9,KDA,attention_reduction,8,2,1.52125,45,FRESH_PHYSICAL_TYPE_CONDITIONED,layer-09:FULL_MIXED_STRIPE:p8,PHYSICALLY_GROUNDED_MODEL_INPUT
9,KDA,attention_shard,8,2,0.40215,45,FRESH_PHYSICAL_TYPE_CONDITIONED,layer-09:FULL_MIXED_STRIPE:p8,PHYSICALLY_GROUNDED_MODEL_INPUT
9,KDA,expert_reduction,8,2,1.0752,45,FRESH_PHYSICAL_TYPE_CONDITIONED,layer-09:FULL_MIXED_STRIPE:p8,PHYSICALLY_GROUNDED_MODEL_INPUT
9,KDA,expert_stripe,8,2,0.39315,45,FRESH_PHYSICAL_TYPE_CONDITIONED,layer-09:FULL_MIXED_STRIPE:p8,PHYSICALLY_GROUNDED_MODEL_INPUT
9,KDA,latent_down,8,2,0.05,45,FRESH_PHYSICAL_TYPE_CONDITIONED,layer-09:FULL_MIXED_STRIPE:p8,PHYSICALLY_GROUNDED_MODEL_INPUT
9,KDA,latent_up,8,2,0.0584,45,FRESH_PHYSICAL_TYPE_CONDITIONED,layer-09:FULL_MIXED_STRIPE:p8,PHYSICALLY_GROUNDED_MODEL_INPUT
9,KDA,latent_up_reduction,8,2,1.46,45,FRESH_PHYSICAL_TYPE_CONDITIONED,layer-09:FULL_MIXED_STRIPE:p8,PHYSICALLY_GROUNDED_MODEL_INPUT
9,KDA,output_state_commit,1,2,0.15510000000000002,45,FRESH_PHYSICAL_TYPE_CONDITIONED,layer-09:FULL_MIXED_STRIPE:p8,PHYSICALLY_GROUNDED_MODEL_INPUT
9,KDA,post_attention_preprocess,1,2,0.54325,45,FRESH_PHYSICAL_TYPE_CONDITIONED,layer-09:FULL_MIXED_STRIPE:p8,PHYSICALLY_GROUNDED_MODEL_INPUT
9,KDA,routed_norm,1,2,0.1233,45,FRESH_PHYSICAL_TYPE_CONDITIONED,layer-09:FULL_MIXED_STRIPE:p8,PHYSICALLY_GROUNDED_MODEL_INPUT
9,KDA,routed_shared_reduction,2,2,1.2424,45,FRESH_PHYSICAL_TYPE_CONDITIONED,layer-09:FULL_MIXED_STRIPE:p8,PHYSICALLY_GROUNDED_MODEL_INPUT
9,KDA,router,1,2,0.6437,45,FRESH_PHYSICAL_TYPE_CONDITIONED,layer-09:FULL_MIXED_STRIPE:p8,PHYSICALLY_GROUNDED_MODEL_INPUT
9,KDA,shared_expert,8,2,0.12365000000000001,45,FRESH_PHYSICAL_TYPE_CONDITIONED,layer-09:FULL_MIXED_STRIPE:p8,PHYSICALLY_GROUNDED_MODEL_INPUT
9,KDA,shared_reduction,8,2,1.46,45,FRESH_PHYSICAL_TYPE_CONDITIONED,layer-09:FULL_MIXED_STRIPE:p8,PHYSICALLY_GROUNDED_MODEL_INPUT
9,KDA,worker_protocol,1,2,0.4718,45,FROZEN_PHYSICAL_AUTHENTICATED_FRAME,layer-09:FULL_MIXED_STRIPE:p8,PHYSICAL_INHERITED_E022
9,KDA,whole_layer,1,2,5.8731,45,PHYSICAL_TYPE_CONDITIONED,layer-09:WHOLE_LAYER:p1,PHYSICALLY_GROUNDED_MODEL_INPUT
9,KDA,attention_common,1,4,0.0511,45,FRESH_PHYSICAL_TYPE_CONDITIONED,layer-09:FULL_MIXED_STRIPE:p8,PHYSICALLY_GROUNDED_MODEL_INPUT
9,KDA,attention_preprocess,1,4,0.9714,45,FRESH_PHYSICAL_TYPE_CONDITIONED,layer-09:FULL_MIXED_STRIPE:p8,PHYSICALLY_GROUNDED_MODEL_INPUT
9,KDA,attention_reduction,8,4,1.6047500000000001,45,FRESH_PHYSICAL_TYPE_CONDITIONED,layer-09:FULL_MIXED_STRIPE:p8,PHYSICALLY_GROUNDED_MODEL_INPUT
9,KDA,attention_shard,8,4,0.6811,45,FRESH_PHYSICAL_TYPE_CONDITIONED,layer-09:FULL_MIXED_STRIPE:p8,PHYSICALLY_GROUNDED_MODEL_INPUT
9,KDA,expert_reduction,8,4,1.466,45,FRESH_PHYSICAL_TYPE_CONDITIONED,layer-09:FULL_MIXED_STRIPE:p8,PHYSICALLY_GROUNDED_MODEL_INPUT
9,KDA,expert_stripe,8,4,0.6790499999999999,45,FRESH_PHYSICAL_TYPE_CONDITIONED,layer-09:FULL_MIXED_STRIPE:p8,PHYSICALLY_GROUNDED_MODEL_INPUT
9,KDA,latent_down,8,4,0.0902,45,FRESH_PHYSICAL_TYPE_CONDITIONED,layer-09:FULL_MIXED_STRIPE:p8,PHYSICALLY_GROUNDED_MODEL_INPUT
9,KDA,latent_up,8,4,0.0815,45,FRESH_PHYSICAL_TYPE_CONDITIONED,layer-09:FULL_MIXED_STRIPE:p8,PHYSICALLY_GROUNDED_MODEL_INPUT
9,KDA,latent_up_reduction,8,4,1.5376,45,FRESH_PHYSICAL_TYPE_CONDITIONED,layer-09:FULL_MIXED_STRIPE:p8,PHYSICALLY_GROUNDED_MODEL_INPUT
9,KDA,output_state_commit,1,4,0.18295,45,FRESH_PHYSICAL_TYPE_CONDITIONED,layer-09:FULL_MIXED_STRIPE:p8,PHYSICALLY_GROUNDED_MODEL_INPUT
9,KDA,post_attention_preprocess,1,4,0.9783,45,FRESH_PHYSICAL_TYPE_CONDITIONED,layer-09:FULL_MIXED_STRIPE:p8,PHYSICALLY_GROUNDED_MODEL_INPUT
9,KDA,routed_norm,1,4,0.1302,45,FRESH_PHYSICAL_TYPE_CONDITIONED,layer-09:FULL_MIXED_STRIPE:p8,PHYSICALLY_GROUNDED_MODEL_INPUT
9,KDA,routed_shared_reduction,2,4,1.2015,45,FRESH_PHYSICAL_TYPE_CONDITIONED,layer-09:FULL_MIXED_STRIPE:p8,PHYSICALLY_GROUNDED_MODEL_INPUT
9,KDA,router,1,4,0.64645,45,FRESH_PHYSICAL_TYPE_CONDITIONED,layer-09:FULL_MIXED_STRIPE:p8,PHYSICALLY_GROUNDED_MODEL_INPUT
9,KDA,shared_expert,8,4,0.2192,45,FRESH_PHYSICAL_TYPE_CONDITIONED,layer-09:FULL_MIXED_STRIPE:p8,PHYSICALLY_GROUNDED_MODEL_INPUT
9,KDA,shared_reduction,8,4,1.5376,45,FRESH_PHYSICAL_TYPE_CONDITIONED,layer-09:FULL_MIXED_STRIPE:p8,PHYSICALLY_GROUNDED_MODEL_INPUT
9,KDA,worker_protocol,1,4,0.6952,45,FROZEN_PHYSICAL_AUTHENTICATED_FRAME,layer-09:FULL_MIXED_STRIPE:p8,PHYSICAL_INHERITED_E022
9,KDA,whole_layer,1,4,8.604849999999999,45,PHYSICAL_TYPE_CONDITIONED,layer-09:WHOLE_LAYER:p1,PHYSICALLY_GROUNDED_MODEL_INPUT
10,KDA,attention_common,1,1,0.050699999999999995,45,FRESH_PHYSICAL_TYPE_CONDITIONED,layer-10:FULL_MIXED_STRIPE:p8,PHYSICALLY_GROUNDED_MODEL_INPUT
10,KDA,attention_preprocess,1,1,0.3388,45,FRESH_PHYSICAL_TYPE_CONDITIONED,layer-10:FULL_MIXED_STRIPE:p8,PHYSICALLY_GROUNDED_MODEL_INPUT
10,KDA,attention_reduction,8,1,1.5225,45,FRESH_PHYSICAL_TYPE_CONDITIONED,layer-10:FULL_MIXED_STRIPE:p8,PHYSICALLY_GROUNDED_MODEL_INPUT
10,KDA,attention_shard,8,1,0.3079,45,FRESH_PHYSICAL_TYPE_CONDITIONED,layer-10:FULL_MIXED_STRIPE:p8,PHYSICALLY_GROUNDED_MODEL_INPUT
10,KDA,expert_reduction,8,1,1.183,45,FRESH_PHYSICAL_TYPE_CONDITIONED,layer-10:FULL_MIXED_STRIPE:p8,PHYSICALLY_GROUNDED_MODEL_INPUT
10,KDA,expert_stripe,8,1,0.23620000000000002,45,FRESH_PHYSICAL_TYPE_CONDITIONED,layer-10:FULL_MIXED_STRIPE:p8,PHYSICALLY_GROUNDED_MODEL_INPUT
10,KDA,latent_down,8,1,0.0447,45,FRESH_PHYSICAL_TYPE_CONDITIONED,layer-10:FULL_MIXED_STRIPE:p8,PHYSICALLY_GROUNDED_MODEL_INPUT
10,KDA,latent_up,8,1,0.0463,45,FRESH_PHYSICAL_TYPE_CONDITIONED,layer-10:FULL_MIXED_STRIPE:p8,PHYSICALLY_GROUNDED_MODEL_INPUT
10,KDA,latent_up_reduction,8,1,1.46,45,FRESH_PHYSICAL_TYPE_CONDITIONED,layer-10:FULL_MIXED_STRIPE:p8,PHYSICALLY_GROUNDED_MODEL_INPUT
10,KDA,output_state_commit,1,1,0.15115,45,FRESH_PHYSICAL_TYPE_CONDITIONED,layer-10:FULL_MIXED_STRIPE:p8,PHYSICALLY_GROUNDED_MODEL_INPUT
10,KDA,post_attention_preprocess,1,1,0.3276,45,FRESH_PHYSICAL_TYPE_CONDITIONED,layer-10:FULL_MIXED_STRIPE:p8,PHYSICALLY_GROUNDED_MODEL_INPUT
10,KDA,routed_norm,1,1,0.13645000000000002,45,FRESH_PHYSICAL_TYPE_CONDITIONED,layer-10:FULL_MIXED_STRIPE:p8,PHYSICALLY_GROUNDED_MODEL_INPUT
10,KDA,routed_shared_reduction,2,1,1.1742,45,FRESH_PHYSICAL_TYPE_CONDITIONED,layer-10:FULL_MIXED_STRIPE:p8,PHYSICALLY_GROUNDED_MODEL_INPUT
10,KDA,router,1,1,0.6472,45,FRESH_PHYSICAL_TYPE_CONDITIONED,layer-10:FULL_MIXED_STRIPE:p8,PHYSICALLY_GROUNDED_MODEL_INPUT
10,KDA,shared_expert,8,1,0.1073,45,FRESH_PHYSICAL_TYPE_CONDITIONED,layer-10:FULL_MIXED_STRIPE:p8,PHYSICALLY_GROUNDED_MODEL_INPUT
10,KDA,shared_reduction,8,1,1.46,45,FRESH_PHYSICAL_TYPE_CONDITIONED,layer-10:FULL_MIXED_STRIPE:p8,PHYSICALLY_GROUNDED_MODEL_INPUT
10,KDA,worker_protocol,1,1,0.3813,45,FROZEN_PHYSICAL_AUTHENTICATED_FRAME,layer-10:FULL_MIXED_STRIPE:p8,PHYSICAL_INHERITED_E022
10,KDA,whole_layer,1,1,4.212,45,PHYSICAL_TYPE_CONDITIONED,layer-10:WHOLE_LAYER:p1,PHYSICALLY_GROUNDED_MODEL_INPUT
10,KDA,attention_common,1,2,0.05115,45,FRESH_PHYSICAL_TYPE_CONDITIONED,layer-10:FULL_MIXED_STRIPE:p8,PHYSICALLY_GROUNDED_MODEL_INPUT
10,KDA,attention_preprocess,1,2,0.5454,45,FRESH_PHYSICAL_TYPE_CONDITIONED,layer-10:FULL_MIXED_STRIPE:p8,PHYSICALLY_GROUNDED_MODEL_INPUT
10,KDA,attention_reduction,8,2,1.52125,45,FRESH_PHYSICAL_TYPE_CONDITIONED,layer-10:FULL_MIXED_STRIPE:p8,PHYSICALLY_GROUNDED_MODEL_INPUT
10,KDA,attention_shard,8,2,0.40215,45,FRESH_PHYSICAL_TYPE_CONDITIONED,layer-10:FULL_MIXED_STRIPE:p8,PHYSICALLY_GROUNDED_MODEL_INPUT
10,KDA,expert_reduction,8,2,1.0752,45,FRESH_PHYSICAL_TYPE_CONDITIONED,layer-10:FULL_MIXED_STRIPE:p8,PHYSICALLY_GROUNDED_MODEL_INPUT
10,KDA,expert_stripe,8,2,0.39315,45,FRESH_PHYSICAL_TYPE_CONDITIONED,layer-10:FULL_MIXED_STRIPE:p8,PHYSICALLY_GROUNDED_MODEL_INPUT
10,KDA,latent_down,8,2,0.05,45,FRESH_PHYSICAL_TYPE_CONDITIONED,layer-10:FULL_MIXED_STRIPE:p8,PHYSICALLY_GROUNDED_MODEL_INPUT
10,KDA,latent_up,8,2,0.0584,45,FRESH_PHYSICAL_TYPE_CONDITIONED,layer-10:FULL_MIXED_STRIPE:p8,PHYSICALLY_GROUNDED_MODEL_INPUT
10,KDA,latent_up_reduction,8,2,1.46,45,FRESH_PHYSICAL_TYPE_CONDITIONED,layer-10:FULL_MIXED_STRIPE:p8,PHYSICALLY_GROUNDED_MODEL_INPUT
10,KDA,output_state_commit,1,2,0.15510000000000002,45,FRESH_PHYSICAL_TYPE_CONDITIONED,layer-10:FULL_MIXED_STRIPE:p8,PHYSICALLY_GROUNDED_MODEL_INPUT
10,KDA,post_attention_preprocess,1,2,0.54325,45,FRESH_PHYSICAL_TYPE_CONDITIONED,layer-10:FULL_MIXED_STRIPE:p8,PHYSICALLY_GROUNDED_MODEL_INPUT
10,KDA,routed_norm,1,2,0.1233,45,FRESH_PHYSICAL_TYPE_CONDITIONED,layer-10:FULL_MIXED_STRIPE:p8,PHYSICALLY_GROUNDED_MODEL_INPUT
10,KDA,routed_shared_reduction,2,2,1.2424,45,FRESH_PHYSICAL_TYPE_CONDITIONED,layer-10:FULL_MIXED_STRIPE:p8,PHYSICALLY_GROUNDED_MODEL_INPUT
10,KDA,router,1,2,0.6437,45,FRESH_PHYSICAL_TYPE_CONDITIONED,layer-10:FULL_MIXED_STRIPE:p8,PHYSICALLY_GROUNDED_MODEL_INPUT
10,KDA,shared_expert,8,2,0.12365000000000001,45,FRESH_PHYSICAL_TYPE_CONDITIONED,layer-10:FULL_MIXED_STRIPE:p8,PHYSICALLY_GROUNDED_MODEL_INPUT
10,KDA,shared_reduction,8,2,1.46,45,FRESH_PHYSICAL_TYPE_CONDITIONED,layer-10:FULL_MIXED_STRIPE:p8,PHYSICALLY_GROUNDED_MODEL_INPUT
10,KDA,worker_protocol,1,2,0.4718,45,FROZEN_PHYSICAL_AUTHENTICATED_FRAME,layer-10:FULL_MIXED_STRIPE:p8,PHYSICAL_INHERITED_E022
10,KDA,whole_layer,1,2,5.8731,45,PHYSICAL_TYPE_CONDITIONED,layer-10:WHOLE_LAYER:p1,PHYSICALLY_GROUNDED_MODEL_INPUT
10,KDA,attention_common,1,4,0.0511,45,FRESH_PHYSICAL_TYPE_CONDITIONED,layer-10:FULL_MIXED_STRIPE:p8,PHYSICALLY_GROUNDED_MODEL_INPUT
10,KDA,attention_preprocess,1,4,0.9714,45,FRESH_PHYSICAL_TYPE_CONDITIONED,layer-10:FULL_MIXED_STRIPE:p8,PHYSICALLY_GROUNDED_MODEL_INPUT
10,KDA,attention_reduction,8,4,1.6047500000000001,45,FRESH_PHYSICAL_TYPE_CONDITIONED,layer-10:FULL_MIXED_STRIPE:p8,PHYSICALLY_GROUNDED_MODEL_INPUT
10,KDA,attention_shard,8,4,0.6811,45,FRESH_PHYSICAL_TYPE_CONDITIONED,layer-10:FULL_MIXED_STRIPE:p8,PHYSICALLY_GROUNDED_MODEL_INPUT
10,KDA,expert_reduction,8,4,1.466,45,FRESH_PHYSICAL_TYPE_CONDITIONED,layer-10:FULL_MIXED_STRIPE:p8,PHYSICALLY_GROUNDED_MODEL_INPUT
10,KDA,expert_stripe,8,4,0.6790499999999999,45,FRESH_PHYSICAL_TYPE_CONDITIONED,layer-10:FULL_MIXED_STRIPE:p8,PHYSICALLY_GROUNDED_MODEL_INPUT
10,KDA,latent_down,8,4,0.0902,45,FRESH_PHYSICAL_TYPE_CONDITIONED,layer-10:FULL_MIXED_STRIPE:p8,PHYSICALLY_GROUNDED_MODEL_INPUT
10,KDA,latent_up,8,4,0.0815,45,FRESH_PHYSICAL_TYPE_CONDITIONED,layer-10:FULL_MIXED_STRIPE:p8,PHYSICALLY_GROUNDED_MODEL_INPUT
10,KDA,latent_up_reduction,8,4,1.5376,45,FRESH_PHYSICAL_TYPE_CONDITIONED,layer-10:FULL_MIXED_STRIPE:p8,PHYSICALLY_GROUNDED_MODEL_INPUT
10,KDA,output_state_commit,1,4,0.18295,45,FRESH_PHYSICAL_TYPE_CONDITIONED,layer-10:FULL_MIXED_STRIPE:p8,PHYSICALLY_GROUNDED_MODEL_INPUT
10,KDA,post_attention_preprocess,1,4,0.9783,45,FRESH_PHYSICAL_TYPE_CONDITIONED,layer-10:FULL_MIXED_STRIPE:p8,PHYSICALLY_GROUNDED_MODEL_INPUT
10,KDA,routed_norm,1,4,0.1302,45,FRESH_PHYSICAL_TYPE_CONDITIONED,layer-10:FULL_MIXED_STRIPE:p8,PHYSICALLY_GROUNDED_MODEL_INPUT
10,KDA,routed_shared_reduction,2,4,1.2015,45,FRESH_PHYSICAL_TYPE_CONDITIONED,layer-10:FULL_MIXED_STRIPE:p8,PHYSICALLY_GROUNDED_MODEL_INPUT
10,KDA,router,1,4,0.64645,45,FRESH_PHYSICAL_TYPE_CONDITIONED,layer-10:FULL_MIXED_STRIPE:p8,PHYSICALLY_GROUNDED_MODEL_INPUT
10,KDA,shared_expert,8,4,0.2192,45,FRESH_PHYSICAL_TYPE_CONDITIONED,layer-10:FULL_MIXED_STRIPE:p8,PHYSICALLY_GROUNDED_MODEL_INPUT
10,KDA,shared_reduction,8,4,1.5376,45,FRESH_PHYSICAL_TYPE_CONDITIONED,layer-10:FULL_MIXED_STRIPE:p8,PHYSICALLY_GROUNDED_MODEL_INPUT
10,KDA,worker_protocol,1,4,0.6952,45,FROZEN_PHYSICAL_AUTHENTICATED_FRAME,layer-10:FULL_MIXED_STRIPE:p8,PHYSICAL_INHERITED_E022
10,KDA,whole_layer,1,4,8.604849999999999,45,PHYSICAL_TYPE_CONDITIONED,layer-10:WHOLE_LAYER:p1,PHYSICALLY_GROUNDED_MODEL_INPUT
11,GATED_MLA,attention_common,1,1,0.0867,47,FRESH_PHYSICAL_TYPE_CONDITIONED,layer-11:FULL_MIXED_STRIPE:p8,PHYSICALLY_GROUNDED_MODEL_INPUT
11,GATED_MLA,attention_preprocess,1,1,0.34825,47,FRESH_PHYSICAL_TYPE_CONDITIONED,layer-11:FULL_MIXED_STRIPE:p8,PHYSICALLY_GROUNDED_MODEL_INPUT
11,GATED_MLA,attention_reduction,8,1,1.5127,47,FRESH_PHYSICAL_TYPE_CONDITIONED,layer-11:FULL_MIXED_STRIPE:p8,PHYSICALLY_GROUNDED_MODEL_INPUT
11,GATED_MLA,attention_shard,8,1,0.1987,47,FRESH_PHYSICAL_TYPE_CONDITIONED,layer-11:FULL_MIXED_STRIPE:p8,PHYSICALLY_GROUNDED_MODEL_INPUT
11,GATED_MLA,expert_reduction,8,1,1.183,47,FRESH_PHYSICAL_TYPE_CONDITIONED,layer-11:FULL_MIXED_STRIPE:p8,PHYSICALLY_GROUNDED_MODEL_INPUT
11,GATED_MLA,expert_stripe,8,1,0.2368,47,FRESH_PHYSICAL_TYPE_CONDITIONED,layer-11:FULL_MIXED_STRIPE:p8,PHYSICALLY_GROUNDED_MODEL_INPUT
11,GATED_MLA,latent_down,8,1,0.0443,47,FRESH_PHYSICAL_TYPE_CONDITIONED,layer-11:FULL_MIXED_STRIPE:p8,PHYSICALLY_GROUNDED_MODEL_INPUT
11,GATED_MLA,latent_up,8,1,0.04985,47,FRESH_PHYSICAL_TYPE_CONDITIONED,layer-11:FULL_MIXED_STRIPE:p8,PHYSICALLY_GROUNDED_MODEL_INPUT
11,GATED_MLA,latent_up_reduction,8,1,1.46,47,FRESH_PHYSICAL_TYPE_CONDITIONED,layer-11:FULL_MIXED_STRIPE:p8,PHYSICALLY_GROUNDED_MODEL_INPUT
11,GATED_MLA,output_state_commit,1,1,0.1533,47,FRESH_PHYSICAL_TYPE_CONDITIONED,layer-11:FULL_MIXED_STRIPE:p8,PHYSICALLY_GROUNDED_MODEL_INPUT
11,GATED_MLA,post_attention_preprocess,1,1,0.33235000000000003,47,FRESH_PHYSICAL_TYPE_CONDITIONED,layer-11:FULL_MIXED_STRIPE:p8,PHYSICALLY_GROUNDED_MODEL_INPUT
11,GATED_MLA,routed_norm,1,1,0.12535000000000002,47,FRESH_PHYSICAL_TYPE_CONDITIONED,layer-11:FULL_MIXED_STRIPE:p8,PHYSICALLY_GROUNDED_MODEL_INPUT
11,GATED_MLA,routed_shared_reduction,2,1,1.1742,47,FRESH_PHYSICAL_TYPE_CONDITIONED,layer-11:FULL_MIXED_STRIPE:p8,PHYSICALLY_GROUNDED_MODEL_INPUT
11,GATED_MLA,router,1,1,0.6397999999999999,47,FRESH_PHYSICAL_TYPE_CONDITIONED,layer-11:FULL_MIXED_STRIPE:p8,PHYSICALLY_GROUNDED_MODEL_INPUT
11,GATED_MLA,shared_expert,8,1,0.10835,47,FRESH_PHYSICAL_TYPE_CONDITIONED,layer-11:FULL_MIXED_STRIPE:p8,PHYSICALLY_GROUNDED_MODEL_INPUT
11,GATED_MLA,shared_reduction,8,1,1.46,47,FRESH_PHYSICAL_TYPE_CONDITIONED,layer-11:FULL_MIXED_STRIPE:p8,PHYSICALLY_GROUNDED_MODEL_INPUT
11,GATED_MLA,worker_protocol,1,1,0.3813,47,FROZEN_PHYSICAL_AUTHENTICATED_FRAME,layer-11:FULL_MIXED_STRIPE:p8,PHYSICAL_INHERITED_E022
11,GATED_MLA,whole_layer,1,1,3.6313,47,PHYSICAL_TYPE_CONDITIONED,layer-11:WHOLE_LAYER:p1,PHYSICALLY_GROUNDED_MODEL_INPUT
11,GATED_MLA,attention_common,1,2,0.0963,47,FRESH_PHYSICAL_TYPE_CONDITIONED,layer-11:FULL_MIXED_STRIPE:p8,PHYSICALLY_GROUNDED_MODEL_INPUT
11,GATED_MLA,attention_preprocess,1,2,0.54495,47,FRESH_PHYSICAL_TYPE_CONDITIONED,layer-11:FULL_MIXED_STRIPE:p8,PHYSICALLY_GROUNDED_MODEL_INPUT
11,GATED_MLA,attention_reduction,8,2,1.51195,47,FRESH_PHYSICAL_TYPE_CONDITIONED,layer-11:FULL_MIXED_STRIPE:p8,PHYSICALLY_GROUNDED_MODEL_INPUT
11,GATED_MLA,attention_shard,8,2,0.28745,47,FRESH_PHYSICAL_TYPE_CONDITIONED,layer-11:FULL_MIXED_STRIPE:p8,PHYSICALLY_GROUNDED_MODEL_INPUT
11,GATED_MLA,expert_reduction,8,2,1.0752,47,FRESH_PHYSICAL_TYPE_CONDITIONED,layer-11:FULL_MIXED_STRIPE:p8,PHYSICALLY_GROUNDED_MODEL_INPUT
11,GATED_MLA,expert_stripe,8,2,0.378,47,FRESH_PHYSICAL_TYPE_CONDITIONED,layer-11:FULL_MIXED_STRIPE:p8,PHYSICALLY_GROUNDED_MODEL_INPUT
11,GATED_MLA,latent_down,8,2,0.0489,47,FRESH_PHYSICAL_TYPE_CONDITIONED,layer-11:FULL_MIXED_STRIPE:p8,PHYSICALLY_GROUNDED_MODEL_INPUT
11,GATED_MLA,latent_up,8,2,0.05835,47,FRESH_PHYSICAL_TYPE_CONDITIONED,layer-11:FULL_MIXED_STRIPE:p8,PHYSICALLY_GROUNDED_MODEL_INPUT
11,GATED_MLA,latent_up_reduction,8,2,1.46,47,FRESH_PHYSICAL_TYPE_CONDITIONED,layer-11:FULL_MIXED_STRIPE:p8,PHYSICALLY_GROUNDED_MODEL_INPUT
11,GATED_MLA,output_state_commit,1,2,0.15645,47,FRESH_PHYSICAL_TYPE_CONDITIONED,layer-11:FULL_MIXED_STRIPE:p8,PHYSICALLY_GROUNDED_MODEL_INPUT
11,GATED_MLA,post_attention_preprocess,1,2,0.541,47,FRESH_PHYSICAL_TYPE_CONDITIONED,layer-11:FULL_MIXED_STRIPE:p8,PHYSICALLY_GROUNDED_MODEL_INPUT
11,GATED_MLA,routed_norm,1,2,0.1384,47,FRESH_PHYSICAL_TYPE_CONDITIONED,layer-11:FULL_MIXED_STRIPE:p8,PHYSICALLY_GROUNDED_MODEL_INPUT
11,GATED_MLA,routed_shared_reduction,2,2,1.2424,47,FRESH_PHYSICAL_TYPE_CONDITIONED,layer-11:FULL_MIXED_STRIPE:p8,PHYSICALLY_GROUNDED_MODEL_INPUT
11,GATED_MLA,router,1,2,0.6346,47,FRESH_PHYSICAL_TYPE_CONDITIONED,layer-11:FULL_MIXED_STRIPE:p8,PHYSICALLY_GROUNDED_MODEL_INPUT
11,GATED_MLA,shared_expert,8,2,0.1232,47,FRESH_PHYSICAL_TYPE_CONDITIONED,layer-11:FULL_MIXED_STRIPE:p8,PHYSICALLY_GROUNDED_MODEL_INPUT
11,GATED_MLA,shared_reduction,8,2,1.46,47,FRESH_PHYSICAL_TYPE_CONDITIONED,layer-11:FULL_MIXED_STRIPE:p8,PHYSICALLY_GROUNDED_MODEL_INPUT
11,GATED_MLA,worker_protocol,1,2,0.4718,47,FROZEN_PHYSICAL_AUTHENTICATED_FRAME,layer-11:FULL_MIXED_STRIPE:p8,PHYSICAL_INHERITED_E022
11,GATED_MLA,whole_layer,1,2,5.43685,47,PHYSICAL_TYPE_CONDITIONED,layer-11:WHOLE_LAYER:p1,PHYSICALLY_GROUNDED_MODEL_INPUT
11,GATED_MLA,attention_common,1,4,0.17265,47,FRESH_PHYSICAL_TYPE_CONDITIONED,layer-11:FULL_MIXED_STRIPE:p8,PHYSICALLY_GROUNDED_MODEL_INPUT
11,GATED_MLA,attention_preprocess,1,4,0.98235,47,FRESH_PHYSICAL_TYPE_CONDITIONED,layer-11:FULL_MIXED_STRIPE:p8,PHYSICALLY_GROUNDED_MODEL_INPUT
11,GATED_MLA,attention_reduction,8,4,1.601,47,FRESH_PHYSICAL_TYPE_CONDITIONED,layer-11:FULL_MIXED_STRIPE:p8,PHYSICALLY_GROUNDED_MODEL_INPUT
11,GATED_MLA,attention_shard,8,4,0.4851,47,FRESH_PHYSICAL_TYPE_CONDITIONED,layer-11:FULL_MIXED_STRIPE:p8,PHYSICALLY_GROUNDED_MODEL_INPUT
11,GATED_MLA,expert_reduction,8,4,1.466,47,FRESH_PHYSICAL_TYPE_CONDITIONED,layer-11:FULL_MIXED_STRIPE:p8,PHYSICALLY_GROUNDED_MODEL_INPUT
11,GATED_MLA,expert_stripe,8,4,0.66125,47,FRESH_PHYSICAL_TYPE_CONDITIONED,layer-11:FULL_MIXED_STRIPE:p8,PHYSICALLY_GROUNDED_MODEL_INPUT
11,GATED_MLA,latent_down,8,4,0.08595,47,FRESH_PHYSICAL_TYPE_CONDITIONED,layer-11:FULL_MIXED_STRIPE:p8,PHYSICALLY_GROUNDED_MODEL_INPUT
11,GATED_MLA,latent_up,8,4,0.0813,47,FRESH_PHYSICAL_TYPE_CONDITIONED,layer-11:FULL_MIXED_STRIPE:p8,PHYSICALLY_GROUNDED_MODEL_INPUT
11,GATED_MLA,latent_up_reduction,8,4,1.5376,47,FRESH_PHYSICAL_TYPE_CONDITIONED,layer-11:FULL_MIXED_STRIPE:p8,PHYSICALLY_GROUNDED_MODEL_INPUT
11,GATED_MLA,output_state_commit,1,4,0.1817,47,FRESH_PHYSICAL_TYPE_CONDITIONED,layer-11:FULL_MIXED_STRIPE:p8,PHYSICALLY_GROUNDED_MODEL_INPUT
11,GATED_MLA,post_attention_preprocess,1,4,0.9854,47,FRESH_PHYSICAL_TYPE_CONDITIONED,layer-11:FULL_MIXED_STRIPE:p8,PHYSICALLY_GROUNDED_MODEL_INPUT
11,GATED_MLA,routed_norm,1,4,0.14075,47,FRESH_PHYSICAL_TYPE_CONDITIONED,layer-11:FULL_MIXED_STRIPE:p8,PHYSICALLY_GROUNDED_MODEL_INPUT
11,GATED_MLA,routed_shared_reduction,2,4,1.2015,47,FRESH_PHYSICAL_TYPE_CONDITIONED,layer-11:FULL_MIXED_STRIPE:p8,PHYSICALLY_GROUNDED_MODEL_INPUT
11,GATED_MLA,router,1,4,0.63985,47,FRESH_PHYSICAL_TYPE_CONDITIONED,layer-11:FULL_MIXED_STRIPE:p8,PHYSICALLY_GROUNDED_MODEL_INPUT
11,GATED_MLA,shared_expert,8,4,0.2192,47,FRESH_PHYSICAL_TYPE_CONDITIONED,layer-11:FULL_MIXED_STRIPE:p8,PHYSICALLY_GROUNDED_MODEL_INPUT
11,GATED_MLA,shared_reduction,8,4,1.5376,47,FRESH_PHYSICAL_TYPE_CONDITIONED,layer-11:FULL_MIXED_STRIPE:p8,PHYSICALLY_GROUNDED_MODEL_INPUT
11,GATED_MLA,worker_protocol,1,4,0.6952,47,FROZEN_PHYSICAL_AUTHENTICATED_FRAME,layer-11:FULL_MIXED_STRIPE:p8,PHYSICAL_INHERITED_E022
11,GATED_MLA,whole_layer,1,4,7.946199999999999,47,PHYSICAL_TYPE_CONDITIONED,layer-11:WHOLE_LAYER:p1,PHYSICALLY_GROUNDED_MODEL_INPUT
12,KDA,attention_common,1,1,0.050699999999999995,45,FRESH_PHYSICAL_TYPE_CONDITIONED,layer-12:FULL_MIXED_STRIPE:p8,PHYSICALLY_GROUNDED_MODEL_INPUT
12,KDA,attention_preprocess,1,1,0.3388,45,FRESH_PHYSICAL_TYPE_CONDITIONED,layer-12:FULL_MIXED_STRIPE:p8,PHYSICALLY_GROUNDED_MODEL_INPUT
12,KDA,attention_reduction,8,1,1.5225,45,FRESH_PHYSICAL_TYPE_CONDITIONED,layer-12:FULL_MIXED_STRIPE:p8,PHYSICALLY_GROUNDED_MODEL_INPUT
12,KDA,attention_shard,8,1,0.3079,45,FRESH_PHYSICAL_TYPE_CONDITIONED,layer-12:FULL_MIXED_STRIPE:p8,PHYSICALLY_GROUNDED_MODEL_INPUT
12,KDA,expert_reduction,8,1,1.183,45,FRESH_PHYSICAL_TYPE_CONDITIONED,layer-12:FULL_MIXED_STRIPE:p8,PHYSICALLY_GROUNDED_MODEL_INPUT
12,KDA,expert_stripe,8,1,0.23620000000000002,45,FRESH_PHYSICAL_TYPE_CONDITIONED,layer-12:FULL_MIXED_STRIPE:p8,PHYSICALLY_GROUNDED_MODEL_INPUT
12,KDA,latent_down,8,1,0.0447,45,FRESH_PHYSICAL_TYPE_CONDITIONED,layer-12:FULL_MIXED_STRIPE:p8,PHYSICALLY_GROUNDED_MODEL_INPUT
12,KDA,latent_up,8,1,0.0463,45,FRESH_PHYSICAL_TYPE_CONDITIONED,layer-12:FULL_MIXED_STRIPE:p8,PHYSICALLY_GROUNDED_MODEL_INPUT
12,KDA,latent_up_reduction,8,1,1.46,45,FRESH_PHYSICAL_TYPE_CONDITIONED,layer-12:FULL_MIXED_STRIPE:p8,PHYSICALLY_GROUNDED_MODEL_INPUT
12,KDA,output_state_commit,1,1,0.15115,45,FRESH_PHYSICAL_TYPE_CONDITIONED,layer-12:FULL_MIXED_STRIPE:p8,PHYSICALLY_GROUNDED_MODEL_INPUT
12,KDA,post_attention_preprocess,1,1,0.3276,45,FRESH_PHYSICAL_TYPE_CONDITIONED,layer-12:FULL_MIXED_STRIPE:p8,PHYSICALLY_GROUNDED_MODEL_INPUT
12,KDA,routed_norm,1,1,0.13645000000000002,45,FRESH_PHYSICAL_TYPE_CONDITIONED,layer-12:FULL_MIXED_STRIPE:p8,PHYSICALLY_GROUNDED_MODEL_INPUT
12,KDA,routed_shared_reduction,2,1,1.1742,45,FRESH_PHYSICAL_TYPE_CONDITIONED,layer-12:FULL_MIXED_STRIPE:p8,PHYSICALLY_GROUNDED_MODEL_INPUT
12,KDA,router,1,1,0.6472,45,FRESH_PHYSICAL_TYPE_CONDITIONED,layer-12:FULL_MIXED_STRIPE:p8,PHYSICALLY_GROUNDED_MODEL_INPUT
12,KDA,shared_expert,8,1,0.1073,45,FRESH_PHYSICAL_TYPE_CONDITIONED,layer-12:FULL_MIXED_STRIPE:p8,PHYSICALLY_GROUNDED_MODEL_INPUT
12,KDA,shared_reduction,8,1,1.46,45,FRESH_PHYSICAL_TYPE_CONDITIONED,layer-12:FULL_MIXED_STRIPE:p8,PHYSICALLY_GROUNDED_MODEL_INPUT
12,KDA,worker_protocol,1,1,0.3813,45,FROZEN_PHYSICAL_AUTHENTICATED_FRAME,layer-12:FULL_MIXED_STRIPE:p8,PHYSICAL_INHERITED_E022
12,KDA,whole_layer,1,1,4.212,45,PHYSICAL_TYPE_CONDITIONED,layer-12:WHOLE_LAYER:p1,PHYSICALLY_GROUNDED_MODEL_INPUT
12,KDA,attention_common,1,2,0.05115,45,FRESH_PHYSICAL_TYPE_CONDITIONED,layer-12:FULL_MIXED_STRIPE:p8,PHYSICALLY_GROUNDED_MODEL_INPUT
12,KDA,attention_preprocess,1,2,0.5454,45,FRESH_PHYSICAL_TYPE_CONDITIONED,layer-12:FULL_MIXED_STRIPE:p8,PHYSICALLY_GROUNDED_MODEL_INPUT
12,KDA,attention_reduction,8,2,1.52125,45,FRESH_PHYSICAL_TYPE_CONDITIONED,layer-12:FULL_MIXED_STRIPE:p8,PHYSICALLY_GROUNDED_MODEL_INPUT
12,KDA,attention_shard,8,2,0.40215,45,FRESH_PHYSICAL_TYPE_CONDITIONED,layer-12:FULL_MIXED_STRIPE:p8,PHYSICALLY_GROUNDED_MODEL_INPUT
12,KDA,expert_reduction,8,2,1.0752,45,FRESH_PHYSICAL_TYPE_CONDITIONED,layer-12:FULL_MIXED_STRIPE:p8,PHYSICALLY_GROUNDED_MODEL_INPUT
12,KDA,expert_stripe,8,2,0.39315,45,FRESH_PHYSICAL_TYPE_CONDITIONED,layer-12:FULL_MIXED_STRIPE:p8,PHYSICALLY_GROUNDED_MODEL_INPUT
12,KDA,latent_down,8,2,0.05,45,FRESH_PHYSICAL_TYPE_CONDITIONED,layer-12:FULL_MIXED_STRIPE:p8,PHYSICALLY_GROUNDED_MODEL_INPUT
12,KDA,latent_up,8,2,0.0584,45,FRESH_PHYSICAL_TYPE_CONDITIONED,layer-12:FULL_MIXED_STRIPE:p8,PHYSICALLY_GROUNDED_MODEL_INPUT
12,KDA,latent_up_reduction,8,2,1.46,45,FRESH_PHYSICAL_TYPE_CONDITIONED,layer-12:FULL_MIXED_STRIPE:p8,PHYSICALLY_GROUNDED_MODEL_INPUT
12,KDA,output_state_commit,1,2,0.15510000000000002,45,FRESH_PHYSICAL_TYPE_CONDITIONED,layer-12:FULL_MIXED_STRIPE:p8,PHYSICALLY_GROUNDED_MODEL_INPUT
12,KDA,post_attention_preprocess,1,2,0.54325,45,FRESH_PHYSICAL_TYPE_CONDITIONED,layer-12:FULL_MIXED_STRIPE:p8,PHYSICALLY_GROUNDED_MODEL_INPUT
12,KDA,routed_norm,1,2,0.1233,45,FRESH_PHYSICAL_TYPE_CONDITIONED,layer-12:FULL_MIXED_STRIPE:p8,PHYSICALLY_GROUNDED_MODEL_INPUT
12,KDA,routed_shared_reduction,2,2,1.2424,45,FRESH_PHYSICAL_TYPE_CONDITIONED,layer-12:FULL_MIXED_STRIPE:p8,PHYSICALLY_GROUNDED_MODEL_INPUT
12,KDA,router,1,2,0.6437,45,FRESH_PHYSICAL_TYPE_CONDITIONED,layer-12:FULL_MIXED_STRIPE:p8,PHYSICALLY_GROUNDED_MODEL_INPUT
12,KDA,shared_expert,8,2,0.12365000000000001,45,FRESH_PHYSICAL_TYPE_CONDITIONED,layer-12:FULL_MIXED_STRIPE:p8,PHYSICALLY_GROUNDED_MODEL_INPUT
12,KDA,shared_reduction,8,2,1.46,45,FRESH_PHYSICAL_TYPE_CONDITIONED,layer-12:FULL_MIXED_STRIPE:p8,PHYSICALLY_GROUNDED_MODEL_INPUT
12,KDA,worker_protocol,1,2,0.4718,45,FROZEN_PHYSICAL_AUTHENTICATED_FRAME,layer-12:FULL_MIXED_STRIPE:p8,PHYSICAL_INHERITED_E022
12,KDA,whole_layer,1,2,5.8731,45,PHYSICAL_TYPE_CONDITIONED,layer-12:WHOLE_LAYER:p1,PHYSICALLY_GROUNDED_MODEL_INPUT
12,KDA,attention_common,1,4,0.0511,45,FRESH_PHYSICAL_TYPE_CONDITIONED,layer-12:FULL_MIXED_STRIPE:p8,PHYSICALLY_GROUNDED_MODEL_INPUT
12,KDA,attention_preprocess,1,4,0.9714,45,FRESH_PHYSICAL_TYPE_CONDITIONED,layer-12:FULL_MIXED_STRIPE:p8,PHYSICALLY_GROUNDED_MODEL_INPUT
12,KDA,attention_reduction,8,4,1.6047500000000001,45,FRESH_PHYSICAL_TYPE_CONDITIONED,layer-12:FULL_MIXED_STRIPE:p8,PHYSICALLY_GROUNDED_MODEL_INPUT
12,KDA,attention_shard,8,4,0.6811,45,FRESH_PHYSICAL_TYPE_CONDITIONED,layer-12:FULL_MIXED_STRIPE:p8,PHYSICALLY_GROUNDED_MODEL_INPUT
12,KDA,expert_reduction,8,4,1.466,45,FRESH_PHYSICAL_TYPE_CONDITIONED,layer-12:FULL_MIXED_STRIPE:p8,PHYSICALLY_GROUNDED_MODEL_INPUT
12,KDA,expert_stripe,8,4,0.6790499999999999,45,FRESH_PHYSICAL_TYPE_CONDITIONED,layer-12:FULL_MIXED_STRIPE:p8,PHYSICALLY_GROUNDED_MODEL_INPUT
12,KDA,latent_down,8,4,0.0902,45,FRESH_PHYSICAL_TYPE_CONDITIONED,layer-12:FULL_MIXED_STRIPE:p8,PHYSICALLY_GROUNDED_MODEL_INPUT
12,KDA,latent_up,8,4,0.0815,45,FRESH_PHYSICAL_TYPE_CONDITIONED,layer-12:FULL_MIXED_STRIPE:p8,PHYSICALLY_GROUNDED_MODEL_INPUT
12,KDA,latent_up_reduction,8,4,1.5376,45,FRESH_PHYSICAL_TYPE_CONDITIONED,layer-12:FULL_MIXED_STRIPE:p8,PHYSICALLY_GROUNDED_MODEL_INPUT
12,KDA,output_state_commit,1,4,0.18295,45,FRESH_PHYSICAL_TYPE_CONDITIONED,layer-12:FULL_MIXED_STRIPE:p8,PHYSICALLY_GROUNDED_MODEL_INPUT
12,KDA,post_attention_preprocess,1,4,0.9783,45,FRESH_PHYSICAL_TYPE_CONDITIONED,layer-12:FULL_MIXED_STRIPE:p8,PHYSICALLY_GROUNDED_MODEL_INPUT
12,KDA,routed_norm,1,4,0.1302,45,FRESH_PHYSICAL_TYPE_CONDITIONED,layer-12:FULL_MIXED_STRIPE:p8,PHYSICALLY_GROUNDED_MODEL_INPUT
12,KDA,routed_shared_reduction,2,4,1.2015,45,FRESH_PHYSICAL_TYPE_CONDITIONED,layer-12:FULL_MIXED_STRIPE:p8,PHYSICALLY_GROUNDED_MODEL_INPUT
12,KDA,router,1,4,0.64645,45,FRESH_PHYSICAL_TYPE_CONDITIONED,layer-12:FULL_MIXED_STRIPE:p8,PHYSICALLY_GROUNDED_MODEL_INPUT
12,KDA,shared_expert,8,4,0.2192,45,FRESH_PHYSICAL_TYPE_CONDITIONED,layer-12:FULL_MIXED_STRIPE:p8,PHYSICALLY_GROUNDED_MODEL_INPUT
12,KDA,shared_reduction,8,4,1.5376,45,FRESH_PHYSICAL_TYPE_CONDITIONED,layer-12:FULL_MIXED_STRIPE:p8,PHYSICALLY_GROUNDED_MODEL_INPUT
12,KDA,worker_protocol,1,4,0.6952,45,FROZEN_PHYSICAL_AUTHENTICATED_FRAME,layer-12:FULL_MIXED_STRIPE:p8,PHYSICAL_INHERITED_E022
12,KDA,whole_layer,1,4,8.604849999999999,45,PHYSICAL_TYPE_CONDITIONED,layer-12:WHOLE_LAYER:p1,PHYSICALLY_GROUNDED_MODEL_INPUT
13,KDA,attention_common,1,1,0.050699999999999995,45,FRESH_PHYSICAL_TYPE_CONDITIONED,layer-13:FULL_MIXED_STRIPE:p8,PHYSICALLY_GROUNDED_MODEL_INPUT
13,KDA,attention_preprocess,1,1,0.3388,45,FRESH_PHYSICAL_TYPE_CONDITIONED,layer-13:FULL_MIXED_STRIPE:p8,PHYSICALLY_GROUNDED_MODEL_INPUT
13,KDA,attention_reduction,8,1,1.5225,45,FRESH_PHYSICAL_TYPE_CONDITIONED,layer-13:FULL_MIXED_STRIPE:p8,PHYSICALLY_GROUNDED_MODEL_INPUT
13,KDA,attention_shard,8,1,0.3079,45,FRESH_PHYSICAL_TYPE_CONDITIONED,layer-13:FULL_MIXED_STRIPE:p8,PHYSICALLY_GROUNDED_MODEL_INPUT
13,KDA,expert_reduction,8,1,1.183,45,FRESH_PHYSICAL_TYPE_CONDITIONED,layer-13:FULL_MIXED_STRIPE:p8,PHYSICALLY_GROUNDED_MODEL_INPUT
13,KDA,expert_stripe,8,1,0.23620000000000002,45,FRESH_PHYSICAL_TYPE_CONDITIONED,layer-13:FULL_MIXED_STRIPE:p8,PHYSICALLY_GROUNDED_MODEL_INPUT
13,KDA,latent_down,8,1,0.0447,45,FRESH_PHYSICAL_TYPE_CONDITIONED,layer-13:FULL_MIXED_STRIPE:p8,PHYSICALLY_GROUNDED_MODEL_INPUT
13,KDA,latent_up,8,1,0.0463,45,FRESH_PHYSICAL_TYPE_CONDITIONED,layer-13:FULL_MIXED_STRIPE:p8,PHYSICALLY_GROUNDED_MODEL_INPUT
13,KDA,latent_up_reduction,8,1,1.46,45,FRESH_PHYSICAL_TYPE_CONDITIONED,layer-13:FULL_MIXED_STRIPE:p8,PHYSICALLY_GROUNDED_MODEL_INPUT
13,KDA,output_state_commit,1,1,0.15115,45,FRESH_PHYSICAL_TYPE_CONDITIONED,layer-13:FULL_MIXED_STRIPE:p8,PHYSICALLY_GROUNDED_MODEL_INPUT
13,KDA,post_attention_preprocess,1,1,0.3276,45,FRESH_PHYSICAL_TYPE_CONDITIONED,layer-13:FULL_MIXED_STRIPE:p8,PHYSICALLY_GROUNDED_MODEL_INPUT
13,KDA,routed_norm,1,1,0.13645000000000002,45,FRESH_PHYSICAL_TYPE_CONDITIONED,layer-13:FULL_MIXED_STRIPE:p8,PHYSICALLY_GROUNDED_MODEL_INPUT
13,KDA,routed_shared_reduction,2,1,1.1742,45,FRESH_PHYSICAL_TYPE_CONDITIONED,layer-13:FULL_MIXED_STRIPE:p8,PHYSICALLY_GROUNDED_MODEL_INPUT
13,KDA,router,1,1,0.6472,45,FRESH_PHYSICAL_TYPE_CONDITIONED,layer-13:FULL_MIXED_STRIPE:p8,PHYSICALLY_GROUNDED_MODEL_INPUT
13,KDA,shared_expert,8,1,0.1073,45,FRESH_PHYSICAL_TYPE_CONDITIONED,layer-13:FULL_MIXED_STRIPE:p8,PHYSICALLY_GROUNDED_MODEL_INPUT
13,KDA,shared_reduction,8,1,1.46,45,FRESH_PHYSICAL_TYPE_CONDITIONED,layer-13:FULL_MIXED_STRIPE:p8,PHYSICALLY_GROUNDED_MODEL_INPUT
13,KDA,worker_protocol,1,1,0.3813,45,FROZEN_PHYSICAL_AUTHENTICATED_FRAME,layer-13:FULL_MIXED_STRIPE:p8,PHYSICAL_INHERITED_E022
13,KDA,whole_layer,1,1,4.212,45,PHYSICAL_TYPE_CONDITIONED,layer-13:WHOLE_LAYER:p1,PHYSICALLY_GROUNDED_MODEL_INPUT
13,KDA,attention_common,1,2,0.05115,45,FRESH_PHYSICAL_TYPE_CONDITIONED,layer-13:FULL_MIXED_STRIPE:p8,PHYSICALLY_GROUNDED_MODEL_INPUT
13,KDA,attention_preprocess,1,2,0.5454,45,FRESH_PHYSICAL_TYPE_CONDITIONED,layer-13:FULL_MIXED_STRIPE:p8,PHYSICALLY_GROUNDED_MODEL_INPUT
13,KDA,attention_reduction,8,2,1.52125,45,FRESH_PHYSICAL_TYPE_CONDITIONED,layer-13:FULL_MIXED_STRIPE:p8,PHYSICALLY_GROUNDED_MODEL_INPUT
13,KDA,attention_shard,8,2,0.40215,45,FRESH_PHYSICAL_TYPE_CONDITIONED,layer-13:FULL_MIXED_STRIPE:p8,PHYSICALLY_GROUNDED_MODEL_INPUT
13,KDA,expert_reduction,8,2,1.0752,45,FRESH_PHYSICAL_TYPE_CONDITIONED,layer-13:FULL_MIXED_STRIPE:p8,PHYSICALLY_GROUNDED_MODEL_INPUT
13,KDA,expert_stripe,8,2,0.39315,45,FRESH_PHYSICAL_TYPE_CONDITIONED,layer-13:FULL_MIXED_STRIPE:p8,PHYSICALLY_GROUNDED_MODEL_INPUT
13,KDA,latent_down,8,2,0.05,45,FRESH_PHYSICAL_TYPE_CONDITIONED,layer-13:FULL_MIXED_STRIPE:p8,PHYSICALLY_GROUNDED_MODEL_INPUT
13,KDA,latent_up,8,2,0.0584,45,FRESH_PHYSICAL_TYPE_CONDITIONED,layer-13:FULL_MIXED_STRIPE:p8,PHYSICALLY_GROUNDED_MODEL_INPUT
13,KDA,latent_up_reduction,8,2,1.46,45,FRESH_PHYSICAL_TYPE_CONDITIONED,layer-13:FULL_MIXED_STRIPE:p8,PHYSICALLY_GROUNDED_MODEL_INPUT
13,KDA,output_state_commit,1,2,0.15510000000000002,45,FRESH_PHYSICAL_TYPE_CONDITIONED,layer-13:FULL_MIXED_STRIPE:p8,PHYSICALLY_GROUNDED_MODEL_INPUT
13,KDA,post_attention_preprocess,1,2,0.54325,45,FRESH_PHYSICAL_TYPE_CONDITIONED,layer-13:FULL_MIXED_STRIPE:p8,PHYSICALLY_GROUNDED_MODEL_INPUT
13,KDA,routed_norm,1,2,0.1233,45,FRESH_PHYSICAL_TYPE_CONDITIONED,layer-13:FULL_MIXED_STRIPE:p8,PHYSICALLY_GROUNDED_MODEL_INPUT
13,KDA,routed_shared_reduction,2,2,1.2424,45,FRESH_PHYSICAL_TYPE_CONDITIONED,layer-13:FULL_MIXED_STRIPE:p8,PHYSICALLY_GROUNDED_MODEL_INPUT
13,KDA,router,1,2,0.6437,45,FRESH_PHYSICAL_TYPE_CONDITIONED,layer-13:FULL_MIXED_STRIPE:p8,PHYSICALLY_GROUNDED_MODEL_INPUT
13,KDA,shared_expert,8,2,0.12365000000000001,45,FRESH_PHYSICAL_TYPE_CONDITIONED,layer-13:FULL_MIXED_STRIPE:p8,PHYSICALLY_GROUNDED_MODEL_INPUT
13,KDA,shared_reduction,8,2,1.46,45,FRESH_PHYSICAL_TYPE_CONDITIONED,layer-13:FULL_MIXED_STRIPE:p8,PHYSICALLY_GROUNDED_MODEL_INPUT
13,KDA,worker_protocol,1,2,0.4718,45,FROZEN_PHYSICAL_AUTHENTICATED_FRAME,layer-13:FULL_MIXED_STRIPE:p8,PHYSICAL_INHERITED_E022
13,KDA,whole_layer,1,2,5.8731,45,PHYSICAL_TYPE_CONDITIONED,layer-13:WHOLE_LAYER:p1,PHYSICALLY_GROUNDED_MODEL_INPUT
13,KDA,attention_common,1,4,0.0511,45,FRESH_PHYSICAL_TYPE_CONDITIONED,layer-13:FULL_MIXED_STRIPE:p8,PHYSICALLY_GROUNDED_MODEL_INPUT
13,KDA,attention_preprocess,1,4,0.9714,45,FRESH_PHYSICAL_TYPE_CONDITIONED,layer-13:FULL_MIXED_STRIPE:p8,PHYSICALLY_GROUNDED_MODEL_INPUT
13,KDA,attention_reduction,8,4,1.6047500000000001,45,FRESH_PHYSICAL_TYPE_CONDITIONED,layer-13:FULL_MIXED_STRIPE:p8,PHYSICALLY_GROUNDED_MODEL_INPUT
13,KDA,attention_shard,8,4,0.6811,45,FRESH_PHYSICAL_TYPE_CONDITIONED,layer-13:FULL_MIXED_STRIPE:p8,PHYSICALLY_GROUNDED_MODEL_INPUT
13,KDA,expert_reduction,8,4,1.466,45,FRESH_PHYSICAL_TYPE_CONDITIONED,layer-13:FULL_MIXED_STRIPE:p8,PHYSICALLY_GROUNDED_MODEL_INPUT
13,KDA,expert_stripe,8,4,0.6790499999999999,45,FRESH_PHYSICAL_TYPE_CONDITIONED,layer-13:FULL_MIXED_STRIPE:p8,PHYSICALLY_GROUNDED_MODEL_INPUT
13,KDA,latent_down,8,4,0.0902,45,FRESH_PHYSICAL_TYPE_CONDITIONED,layer-13:FULL_MIXED_STRIPE:p8,PHYSICALLY_GROUNDED_MODEL_INPUT
13,KDA,latent_up,8,4,0.0815,45,FRESH_PHYSICAL_TYPE_CONDITIONED,layer-13:FULL_MIXED_STRIPE:p8,PHYSICALLY_GROUNDED_MODEL_INPUT
13,KDA,latent_up_reduction,8,4,1.5376,45,FRESH_PHYSICAL_TYPE_CONDITIONED,layer-13:FULL_MIXED_STRIPE:p8,PHYSICALLY_GROUNDED_MODEL_INPUT
13,KDA,output_state_commit,1,4,0.18295,45,FRESH_PHYSICAL_TYPE_CONDITIONED,layer-13:FULL_MIXED_STRIPE:p8,PHYSICALLY_GROUNDED_MODEL_INPUT
13,KDA,post_attention_preprocess,1,4,0.9783,45,FRESH_PHYSICAL_TYPE_CONDITIONED,layer-13:FULL_MIXED_STRIPE:p8,PHYSICALLY_GROUNDED_MODEL_INPUT
13,KDA,routed_norm,1,4,0.1302,45,FRESH_PHYSICAL_TYPE_CONDITIONED,layer-13:FULL_MIXED_STRIPE:p8,PHYSICALLY_GROUNDED_MODEL_INPUT
13,KDA,routed_shared_reduction,2,4,1.2015,45,FRESH_PHYSICAL_TYPE_CONDITIONED,layer-13:FULL_MIXED_STRIPE:p8,PHYSICALLY_GROUNDED_MODEL_INPUT
13,KDA,router,1,4,0.64645,45,FRESH_PHYSICAL_TYPE_CONDITIONED,layer-13:FULL_MIXED_STRIPE:p8,PHYSICALLY_GROUNDED_MODEL_INPUT
13,KDA,shared_expert,8,4,0.2192,45,FRESH_PHYSICAL_TYPE_CONDITIONED,layer-13:FULL_MIXED_STRIPE:p8,PHYSICALLY_GROUNDED_MODEL_INPUT
13,KDA,shared_reduction,8,4,1.5376,45,FRESH_PHYSICAL_TYPE_CONDITIONED,layer-13:FULL_MIXED_STRIPE:p8,PHYSICALLY_GROUNDED_MODEL_INPUT
13,KDA,worker_protocol,1,4,0.6952,45,FROZEN_PHYSICAL_AUTHENTICATED_FRAME,layer-13:FULL_MIXED_STRIPE:p8,PHYSICAL_INHERITED_E022
13,KDA,whole_layer,1,4,8.604849999999999,45,PHYSICAL_TYPE_CONDITIONED,layer-13:WHOLE_LAYER:p1,PHYSICALLY_GROUNDED_MODEL_INPUT
14,KDA,attention_common,1,1,0.050699999999999995,45,FRESH_PHYSICAL_TYPE_CONDITIONED,layer-14:FULL_MIXED_STRIPE:p8,PHYSICALLY_GROUNDED_MODEL_INPUT
14,KDA,attention_preprocess,1,1,0.3388,45,FRESH_PHYSICAL_TYPE_CONDITIONED,layer-14:FULL_MIXED_STRIPE:p8,PHYSICALLY_GROUNDED_MODEL_INPUT
14,KDA,attention_reduction,8,1,1.5225,45,FRESH_PHYSICAL_TYPE_CONDITIONED,layer-14:FULL_MIXED_STRIPE:p8,PHYSICALLY_GROUNDED_MODEL_INPUT
14,KDA,attention_shard,8,1,0.3079,45,FRESH_PHYSICAL_TYPE_CONDITIONED,layer-14:FULL_MIXED_STRIPE:p8,PHYSICALLY_GROUNDED_MODEL_INPUT
14,KDA,expert_reduction,8,1,1.183,45,FRESH_PHYSICAL_TYPE_CONDITIONED,layer-14:FULL_MIXED_STRIPE:p8,PHYSICALLY_GROUNDED_MODEL_INPUT
14,KDA,expert_stripe,8,1,0.23620000000000002,45,FRESH_PHYSICAL_TYPE_CONDITIONED,layer-14:FULL_MIXED_STRIPE:p8,PHYSICALLY_GROUNDED_MODEL_INPUT
14,KDA,latent_down,8,1,0.0447,45,FRESH_PHYSICAL_TYPE_CONDITIONED,layer-14:FULL_MIXED_STRIPE:p8,PHYSICALLY_GROUNDED_MODEL_INPUT
14,KDA,latent_up,8,1,0.0463,45,FRESH_PHYSICAL_TYPE_CONDITIONED,layer-14:FULL_MIXED_STRIPE:p8,PHYSICALLY_GROUNDED_MODEL_INPUT
14,KDA,latent_up_reduction,8,1,1.46,45,FRESH_PHYSICAL_TYPE_CONDITIONED,layer-14:FULL_MIXED_STRIPE:p8,PHYSICALLY_GROUNDED_MODEL_INPUT
14,KDA,output_state_commit,1,1,0.15115,45,FRESH_PHYSICAL_TYPE_CONDITIONED,layer-14:FULL_MIXED_STRIPE:p8,PHYSICALLY_GROUNDED_MODEL_INPUT
14,KDA,post_attention_preprocess,1,1,0.3276,45,FRESH_PHYSICAL_TYPE_CONDITIONED,layer-14:FULL_MIXED_STRIPE:p8,PHYSICALLY_GROUNDED_MODEL_INPUT
14,KDA,routed_norm,1,1,0.13645000000000002,45,FRESH_PHYSICAL_TYPE_CONDITIONED,layer-14:FULL_MIXED_STRIPE:p8,PHYSICALLY_GROUNDED_MODEL_INPUT
14,KDA,routed_shared_reduction,2,1,1.1742,45,FRESH_PHYSICAL_TYPE_CONDITIONED,layer-14:FULL_MIXED_STRIPE:p8,PHYSICALLY_GROUNDED_MODEL_INPUT
14,KDA,router,1,1,0.6472,45,FRESH_PHYSICAL_TYPE_CONDITIONED,layer-14:FULL_MIXED_STRIPE:p8,PHYSICALLY_GROUNDED_MODEL_INPUT
14,KDA,shared_expert,8,1,0.1073,45,FRESH_PHYSICAL_TYPE_CONDITIONED,layer-14:FULL_MIXED_STRIPE:p8,PHYSICALLY_GROUNDED_MODEL_INPUT
14,KDA,shared_reduction,8,1,1.46,45,FRESH_PHYSICAL_TYPE_CONDITIONED,layer-14:FULL_MIXED_STRIPE:p8,PHYSICALLY_GROUNDED_MODEL_INPUT
14,KDA,worker_protocol,1,1,0.3813,45,FROZEN_PHYSICAL_AUTHENTICATED_FRAME,layer-14:FULL_MIXED_STRIPE:p8,PHYSICAL_INHERITED_E022
14,KDA,whole_layer,1,1,4.212,45,PHYSICAL_TYPE_CONDITIONED,layer-14:WHOLE_LAYER:p1,PHYSICALLY_GROUNDED_MODEL_INPUT
14,KDA,attention_common,1,2,0.05115,45,FRESH_PHYSICAL_TYPE_CONDITIONED,layer-14:FULL_MIXED_STRIPE:p8,PHYSICALLY_GROUNDED_MODEL_INPUT
14,KDA,attention_preprocess,1,2,0.5454,45,FRESH_PHYSICAL_TYPE_CONDITIONED,layer-14:FULL_MIXED_STRIPE:p8,PHYSICALLY_GROUNDED_MODEL_INPUT
14,KDA,attention_reduction,8,2,1.52125,45,FRESH_PHYSICAL_TYPE_CONDITIONED,layer-14:FULL_MIXED_STRIPE:p8,PHYSICALLY_GROUNDED_MODEL_INPUT
14,KDA,attention_shard,8,2,0.40215,45,FRESH_PHYSICAL_TYPE_CONDITIONED,layer-14:FULL_MIXED_STRIPE:p8,PHYSICALLY_GROUNDED_MODEL_INPUT
14,KDA,expert_reduction,8,2,1.0752,45,FRESH_PHYSICAL_TYPE_CONDITIONED,layer-14:FULL_MIXED_STRIPE:p8,PHYSICALLY_GROUNDED_MODEL_INPUT
14,KDA,expert_stripe,8,2,0.39315,45,FRESH_PHYSICAL_TYPE_CONDITIONED,layer-14:FULL_MIXED_STRIPE:p8,PHYSICALLY_GROUNDED_MODEL_INPUT
14,KDA,latent_down,8,2,0.05,45,FRESH_PHYSICAL_TYPE_CONDITIONED,layer-14:FULL_MIXED_STRIPE:p8,PHYSICALLY_GROUNDED_MODEL_INPUT
14,KDA,latent_up,8,2,0.0584,45,FRESH_PHYSICAL_TYPE_CONDITIONED,layer-14:FULL_MIXED_STRIPE:p8,PHYSICALLY_GROUNDED_MODEL_INPUT
14,KDA,latent_up_reduction,8,2,1.46,45,FRESH_PHYSICAL_TYPE_CONDITIONED,layer-14:FULL_MIXED_STRIPE:p8,PHYSICALLY_GROUNDED_MODEL_INPUT
14,KDA,output_state_commit,1,2,0.15510000000000002,45,FRESH_PHYSICAL_TYPE_CONDITIONED,layer-14:FULL_MIXED_STRIPE:p8,PHYSICALLY_GROUNDED_MODEL_INPUT
14,KDA,post_attention_preprocess,1,2,0.54325,45,FRESH_PHYSICAL_TYPE_CONDITIONED,layer-14:FULL_MIXED_STRIPE:p8,PHYSICALLY_GROUNDED_MODEL_INPUT
14,KDA,routed_norm,1,2,0.1233,45,FRESH_PHYSICAL_TYPE_CONDITIONED,layer-14:FULL_MIXED_STRIPE:p8,PHYSICALLY_GROUNDED_MODEL_INPUT
14,KDA,routed_shared_reduction,2,2,1.2424,45,FRESH_PHYSICAL_TYPE_CONDITIONED,layer-14:FULL_MIXED_STRIPE:p8,PHYSICALLY_GROUNDED_MODEL_INPUT
14,KDA,router,1,2,0.6437,45,FRESH_PHYSICAL_TYPE_CONDITIONED,layer-14:FULL_MIXED_STRIPE:p8,PHYSICALLY_GROUNDED_MODEL_INPUT
14,KDA,shared_expert,8,2,0.12365000000000001,45,FRESH_PHYSICAL_TYPE_CONDITIONED,layer-14:FULL_MIXED_STRIPE:p8,PHYSICALLY_GROUNDED_MODEL_INPUT
14,KDA,shared_reduction,8,2,1.46,45,FRESH_PHYSICAL_TYPE_CONDITIONED,layer-14:FULL_MIXED_STRIPE:p8,PHYSICALLY_GROUNDED_MODEL_INPUT
14,KDA,worker_protocol,1,2,0.4718,45,FROZEN_PHYSICAL_AUTHENTICATED_FRAME,layer-14:FULL_MIXED_STRIPE:p8,PHYSICAL_INHERITED_E022
14,KDA,whole_layer,1,2,5.8731,45,PHYSICAL_TYPE_CONDITIONED,layer-14:WHOLE_LAYER:p1,PHYSICALLY_GROUNDED_MODEL_INPUT
14,KDA,attention_common,1,4,0.0511,45,FRESH_PHYSICAL_TYPE_CONDITIONED,layer-14:FULL_MIXED_STRIPE:p8,PHYSICALLY_GROUNDED_MODEL_INPUT
14,KDA,attention_preprocess,1,4,0.9714,45,FRESH_PHYSICAL_TYPE_CONDITIONED,layer-14:FULL_MIXED_STRIPE:p8,PHYSICALLY_GROUNDED_MODEL_INPUT
14,KDA,attention_reduction,8,4,1.6047500000000001,45,FRESH_PHYSICAL_TYPE_CONDITIONED,layer-14:FULL_MIXED_STRIPE:p8,PHYSICALLY_GROUNDED_MODEL_INPUT
14,KDA,attention_shard,8,4,0.6811,45,FRESH_PHYSICAL_TYPE_CONDITIONED,layer-14:FULL_MIXED_STRIPE:p8,PHYSICALLY_GROUNDED_MODEL_INPUT
14,KDA,expert_reduction,8,4,1.466,45,FRESH_PHYSICAL_TYPE_CONDITIONED,layer-14:FULL_MIXED_STRIPE:p8,PHYSICALLY_GROUNDED_MODEL_INPUT
14,KDA,expert_stripe,8,4,0.6790499999999999,45,FRESH_PHYSICAL_TYPE_CONDITIONED,layer-14:FULL_MIXED_STRIPE:p8,PHYSICALLY_GROUNDED_MODEL_INPUT
14,KDA,latent_down,8,4,0.0902,45,FRESH_PHYSICAL_TYPE_CONDITIONED,layer-14:FULL_MIXED_STRIPE:p8,PHYSICALLY_GROUNDED_MODEL_INPUT
14,KDA,latent_up,8,4,0.0815,45,FRESH_PHYSICAL_TYPE_CONDITIONED,layer-14:FULL_MIXED_STRIPE:p8,PHYSICALLY_GROUNDED_MODEL_INPUT
14,KDA,latent_up_reduction,8,4,1.5376,45,FRESH_PHYSICAL_TYPE_CONDITIONED,layer-14:FULL_MIXED_STRIPE:p8,PHYSICALLY_GROUNDED_MODEL_INPUT
14,KDA,output_state_commit,1,4,0.18295,45,FRESH_PHYSICAL_TYPE_CONDITIONED,layer-14:FULL_MIXED_STRIPE:p8,PHYSICALLY_GROUNDED_MODEL_INPUT
14,KDA,post_attention_preprocess,1,4,0.9783,45,FRESH_PHYSICAL_TYPE_CONDITIONED,layer-14:FULL_MIXED_STRIPE:p8,PHYSICALLY_GROUNDED_MODEL_INPUT
14,KDA,routed_norm,1,4,0.1302,45,FRESH_PHYSICAL_TYPE_CONDITIONED,layer-14:FULL_MIXED_STRIPE:p8,PHYSICALLY_GROUNDED_MODEL_INPUT
14,KDA,routed_shared_reduction,2,4,1.2015,45,FRESH_PHYSICAL_TYPE_CONDITIONED,layer-14:FULL_MIXED_STRIPE:p8,PHYSICALLY_GROUNDED_MODEL_INPUT
14,KDA,router,1,4,0.64645,45,FRESH_PHYSICAL_TYPE_CONDITIONED,layer-14:FULL_MIXED_STRIPE:p8,PHYSICALLY_GROUNDED_MODEL_INPUT
14,KDA,shared_expert,8,4,0.2192,45,FRESH_PHYSICAL_TYPE_CONDITIONED,layer-14:FULL_MIXED_STRIPE:p8,PHYSICALLY_GROUNDED_MODEL_INPUT
14,KDA,shared_reduction,8,4,1.5376,45,FRESH_PHYSICAL_TYPE_CONDITIONED,layer-14:FULL_MIXED_STRIPE:p8,PHYSICALLY_GROUNDED_MODEL_INPUT
14,KDA,worker_protocol,1,4,0.6952,45,FROZEN_PHYSICAL_AUTHENTICATED_FRAME,layer-14:FULL_MIXED_STRIPE:p8,PHYSICAL_INHERITED_E022
14,KDA,whole_layer,1,4,8.604849999999999,45,PHYSICAL_TYPE_CONDITIONED,layer-14:WHOLE_LAYER:p1,PHYSICALLY_GROUNDED_MODEL_INPUT
15,GATED_MLA,attention_common,1,1,0.0867,47,FRESH_PHYSICAL_TYPE_CONDITIONED,layer-15:FULL_MIXED_STRIPE:p8,PHYSICALLY_GROUNDED_MODEL_INPUT
15,GATED_MLA,attention_preprocess,1,1,0.34825,47,FRESH_PHYSICAL_TYPE_CONDITIONED,layer-15:FULL_MIXED_STRIPE:p8,PHYSICALLY_GROUNDED_MODEL_INPUT
15,GATED_MLA,attention_reduction,8,1,1.5127,47,FRESH_PHYSICAL_TYPE_CONDITIONED,layer-15:FULL_MIXED_STRIPE:p8,PHYSICALLY_GROUNDED_MODEL_INPUT
15,GATED_MLA,attention_shard,8,1,0.1987,47,FRESH_PHYSICAL_TYPE_CONDITIONED,layer-15:FULL_MIXED_STRIPE:p8,PHYSICALLY_GROUNDED_MODEL_INPUT
15,GATED_MLA,expert_reduction,8,1,1.183,47,FRESH_PHYSICAL_TYPE_CONDITIONED,layer-15:FULL_MIXED_STRIPE:p8,PHYSICALLY_GROUNDED_MODEL_INPUT
15,GATED_MLA,expert_stripe,8,1,0.2368,47,FRESH_PHYSICAL_TYPE_CONDITIONED,layer-15:FULL_MIXED_STRIPE:p8,PHYSICALLY_GROUNDED_MODEL_INPUT
15,GATED_MLA,latent_down,8,1,0.0443,47,FRESH_PHYSICAL_TYPE_CONDITIONED,layer-15:FULL_MIXED_STRIPE:p8,PHYSICALLY_GROUNDED_MODEL_INPUT
15,GATED_MLA,latent_up,8,1,0.04985,47,FRESH_PHYSICAL_TYPE_CONDITIONED,layer-15:FULL_MIXED_STRIPE:p8,PHYSICALLY_GROUNDED_MODEL_INPUT
15,GATED_MLA,latent_up_reduction,8,1,1.46,47,FRESH_PHYSICAL_TYPE_CONDITIONED,layer-15:FULL_MIXED_STRIPE:p8,PHYSICALLY_GROUNDED_MODEL_INPUT
15,GATED_MLA,output_state_commit,1,1,0.1533,47,FRESH_PHYSICAL_TYPE_CONDITIONED,layer-15:FULL_MIXED_STRIPE:p8,PHYSICALLY_GROUNDED_MODEL_INPUT
15,GATED_MLA,post_attention_preprocess,1,1,0.33235000000000003,47,FRESH_PHYSICAL_TYPE_CONDITIONED,layer-15:FULL_MIXED_STRIPE:p8,PHYSICALLY_GROUNDED_MODEL_INPUT
15,GATED_MLA,routed_norm,1,1,0.12535000000000002,47,FRESH_PHYSICAL_TYPE_CONDITIONED,layer-15:FULL_MIXED_STRIPE:p8,PHYSICALLY_GROUNDED_MODEL_INPUT
15,GATED_MLA,routed_shared_reduction,2,1,1.1742,47,FRESH_PHYSICAL_TYPE_CONDITIONED,layer-15:FULL_MIXED_STRIPE:p8,PHYSICALLY_GROUNDED_MODEL_INPUT
15,GATED_MLA,router,1,1,0.6397999999999999,47,FRESH_PHYSICAL_TYPE_CONDITIONED,layer-15:FULL_MIXED_STRIPE:p8,PHYSICALLY_GROUNDED_MODEL_INPUT
15,GATED_MLA,shared_expert,8,1,0.10835,47,FRESH_PHYSICAL_TYPE_CONDITIONED,layer-15:FULL_MIXED_STRIPE:p8,PHYSICALLY_GROUNDED_MODEL_INPUT
15,GATED_MLA,shared_reduction,8,1,1.46,47,FRESH_PHYSICAL_TYPE_CONDITIONED,layer-15:FULL_MIXED_STRIPE:p8,PHYSICALLY_GROUNDED_MODEL_INPUT
15,GATED_MLA,worker_protocol,1,1,0.3813,47,FROZEN_PHYSICAL_AUTHENTICATED_FRAME,layer-15:FULL_MIXED_STRIPE:p8,PHYSICAL_INHERITED_E022
15,GATED_MLA,whole_layer,1,1,3.6313,47,PHYSICAL_TYPE_CONDITIONED,layer-15:WHOLE_LAYER:p1,PHYSICALLY_GROUNDED_MODEL_INPUT
15,GATED_MLA,attention_common,1,2,0.0963,47,FRESH_PHYSICAL_TYPE_CONDITIONED,layer-15:FULL_MIXED_STRIPE:p8,PHYSICALLY_GROUNDED_MODEL_INPUT
15,GATED_MLA,attention_preprocess,1,2,0.54495,47,FRESH_PHYSICAL_TYPE_CONDITIONED,layer-15:FULL_MIXED_STRIPE:p8,PHYSICALLY_GROUNDED_MODEL_INPUT
15,GATED_MLA,attention_reduction,8,2,1.51195,47,FRESH_PHYSICAL_TYPE_CONDITIONED,layer-15:FULL_MIXED_STRIPE:p8,PHYSICALLY_GROUNDED_MODEL_INPUT
15,GATED_MLA,attention_shard,8,2,0.28745,47,FRESH_PHYSICAL_TYPE_CONDITIONED,layer-15:FULL_MIXED_STRIPE:p8,PHYSICALLY_GROUNDED_MODEL_INPUT
15,GATED_MLA,expert_reduction,8,2,1.0752,47,FRESH_PHYSICAL_TYPE_CONDITIONED,layer-15:FULL_MIXED_STRIPE:p8,PHYSICALLY_GROUNDED_MODEL_INPUT
15,GATED_MLA,expert_stripe,8,2,0.378,47,FRESH_PHYSICAL_TYPE_CONDITIONED,layer-15:FULL_MIXED_STRIPE:p8,PHYSICALLY_GROUNDED_MODEL_INPUT
15,GATED_MLA,latent_down,8,2,0.0489,47,FRESH_PHYSICAL_TYPE_CONDITIONED,layer-15:FULL_MIXED_STRIPE:p8,PHYSICALLY_GROUNDED_MODEL_INPUT
15,GATED_MLA,latent_up,8,2,0.05835,47,FRESH_PHYSICAL_TYPE_CONDITIONED,layer-15:FULL_MIXED_STRIPE:p8,PHYSICALLY_GROUNDED_MODEL_INPUT
15,GATED_MLA,latent_up_reduction,8,2,1.46,47,FRESH_PHYSICAL_TYPE_CONDITIONED,layer-15:FULL_MIXED_STRIPE:p8,PHYSICALLY_GROUNDED_MODEL_INPUT
15,GATED_MLA,output_state_commit,1,2,0.15645,47,FRESH_PHYSICAL_TYPE_CONDITIONED,layer-15:FULL_MIXED_STRIPE:p8,PHYSICALLY_GROUNDED_MODEL_INPUT
15,GATED_MLA,post_attention_preprocess,1,2,0.541,47,FRESH_PHYSICAL_TYPE_CONDITIONED,layer-15:FULL_MIXED_STRIPE:p8,PHYSICALLY_GROUNDED_MODEL_INPUT
15,GATED_MLA,routed_norm,1,2,0.1384,47,FRESH_PHYSICAL_TYPE_CONDITIONED,layer-15:FULL_MIXED_STRIPE:p8,PHYSICALLY_GROUNDED_MODEL_INPUT
15,GATED_MLA,routed_shared_reduction,2,2,1.2424,47,FRESH_PHYSICAL_TYPE_CONDITIONED,layer-15:FULL_MIXED_STRIPE:p8,PHYSICALLY_GROUNDED_MODEL_INPUT
15,GATED_MLA,router,1,2,0.6346,47,FRESH_PHYSICAL_TYPE_CONDITIONED,layer-15:FULL_MIXED_STRIPE:p8,PHYSICALLY_GROUNDED_MODEL_INPUT
15,GATED_MLA,shared_expert,8,2,0.1232,47,FRESH_PHYSICAL_TYPE_CONDITIONED,layer-15:FULL_MIXED_STRIPE:p8,PHYSICALLY_GROUNDED_MODEL_INPUT
15,GATED_MLA,shared_reduction,8,2,1.46,47,FRESH_PHYSICAL_TYPE_CONDITIONED,layer-15:FULL_MIXED_STRIPE:p8,PHYSICALLY_GROUNDED_MODEL_INPUT
15,GATED_MLA,worker_protocol,1,2,0.4718,47,FROZEN_PHYSICAL_AUTHENTICATED_FRAME,layer-15:FULL_MIXED_STRIPE:p8,PHYSICAL_INHERITED_E022
15,GATED_MLA,whole_layer,1,2,5.43685,47,PHYSICAL_TYPE_CONDITIONED,layer-15:WHOLE_LAYER:p1,PHYSICALLY_GROUNDED_MODEL_INPUT
15,GATED_MLA,attention_common,1,4,0.17265,47,FRESH_PHYSICAL_TYPE_CONDITIONED,layer-15:FULL_MIXED_STRIPE:p8,PHYSICALLY_GROUNDED_MODEL_INPUT
15,GATED_MLA,attention_preprocess,1,4,0.98235,47,FRESH_PHYSICAL_TYPE_CONDITIONED,layer-15:FULL_MIXED_STRIPE:p8,PHYSICALLY_GROUNDED_MODEL_INPUT
15,GATED_MLA,attention_reduction,8,4,1.601,47,FRESH_PHYSICAL_TYPE_CONDITIONED,layer-15:FULL_MIXED_STRIPE:p8,PHYSICALLY_GROUNDED_MODEL_INPUT
15,GATED_MLA,attention_shard,8,4,0.4851,47,FRESH_PHYSICAL_TYPE_CONDITIONED,layer-15:FULL_MIXED_STRIPE:p8,PHYSICALLY_GROUNDED_MODEL_INPUT
15,GATED_MLA,expert_reduction,8,4,1.466,47,FRESH_PHYSICAL_TYPE_CONDITIONED,layer-15:FULL_MIXED_STRIPE:p8,PHYSICALLY_GROUNDED_MODEL_INPUT
15,GATED_MLA,expert_stripe,8,4,0.66125,47,FRESH_PHYSICAL_TYPE_CONDITIONED,layer-15:FULL_MIXED_STRIPE:p8,PHYSICALLY_GROUNDED_MODEL_INPUT
15,GATED_MLA,latent_down,8,4,0.08595,47,FRESH_PHYSICAL_TYPE_CONDITIONED,layer-15:FULL_MIXED_STRIPE:p8,PHYSICALLY_GROUNDED_MODEL_INPUT
15,GATED_MLA,latent_up,8,4,0.0813,47,FRESH_PHYSICAL_TYPE_CONDITIONED,layer-15:FULL_MIXED_STRIPE:p8,PHYSICALLY_GROUNDED_MODEL_INPUT
15,GATED_MLA,latent_up_reduction,8,4,1.5376,47,FRESH_PHYSICAL_TYPE_CONDITIONED,layer-15:FULL_MIXED_STRIPE:p8,PHYSICALLY_GROUNDED_MODEL_INPUT
15,GATED_MLA,output_state_commit,1,4,0.1817,47,FRESH_PHYSICAL_TYPE_CONDITIONED,layer-15:FULL_MIXED_STRIPE:p8,PHYSICALLY_GROUNDED_MODEL_INPUT
15,GATED_MLA,post_attention_preprocess,1,4,0.9854,47,FRESH_PHYSICAL_TYPE_CONDITIONED,layer-15:FULL_MIXED_STRIPE:p8,PHYSICALLY_GROUNDED_MODEL_INPUT
15,GATED_MLA,routed_norm,1,4,0.14075,47,FRESH_PHYSICAL_TYPE_CONDITIONED,layer-15:FULL_MIXED_STRIPE:p8,PHYSICALLY_GROUNDED_MODEL_INPUT
15,GATED_MLA,routed_shared_reduction,2,4,1.2015,47,FRESH_PHYSICAL_TYPE_CONDITIONED,layer-15:FULL_MIXED_STRIPE:p8,PHYSICALLY_GROUNDED_MODEL_INPUT
15,GATED_MLA,router,1,4,0.63985,47,FRESH_PHYSICAL_TYPE_CONDITIONED,layer-15:FULL_MIXED_STRIPE:p8,PHYSICALLY_GROUNDED_MODEL_INPUT
15,GATED_MLA,shared_expert,8,4,0.2192,47,FRESH_PHYSICAL_TYPE_CONDITIONED,layer-15:FULL_MIXED_STRIPE:p8,PHYSICALLY_GROUNDED_MODEL_INPUT
15,GATED_MLA,shared_reduction,8,4,1.5376,47,FRESH_PHYSICAL_TYPE_CONDITIONED,layer-15:FULL_MIXED_STRIPE:p8,PHYSICALLY_GROUNDED_MODEL_INPUT
15,GATED_MLA,worker_protocol,1,4,0.6952,47,FROZEN_PHYSICAL_AUTHENTICATED_FRAME,layer-15:FULL_MIXED_STRIPE:p8,PHYSICAL_INHERITED_E022
15,GATED_MLA,whole_layer,1,4,7.946199999999999,47,PHYSICAL_TYPE_CONDITIONED,layer-15:WHOLE_LAYER:p1,PHYSICALLY_GROUNDED_MODEL_INPUT
16,KDA,attention_common,1,1,0.050699999999999995,45,FRESH_PHYSICAL_TYPE_CONDITIONED,layer-16:FULL_MIXED_STRIPE:p8,PHYSICALLY_GROUNDED_MODEL_INPUT
16,KDA,attention_preprocess,1,1,0.3388,45,FRESH_PHYSICAL_TYPE_CONDITIONED,layer-16:FULL_MIXED_STRIPE:p8,PHYSICALLY_GROUNDED_MODEL_INPUT
16,KDA,attention_reduction,8,1,1.5225,45,FRESH_PHYSICAL_TYPE_CONDITIONED,layer-16:FULL_MIXED_STRIPE:p8,PHYSICALLY_GROUNDED_MODEL_INPUT
16,KDA,attention_shard,8,1,0.3079,45,FRESH_PHYSICAL_TYPE_CONDITIONED,layer-16:FULL_MIXED_STRIPE:p8,PHYSICALLY_GROUNDED_MODEL_INPUT
16,KDA,expert_reduction,8,1,1.183,45,FRESH_PHYSICAL_TYPE_CONDITIONED,layer-16:FULL_MIXED_STRIPE:p8,PHYSICALLY_GROUNDED_MODEL_INPUT
16,KDA,expert_stripe,8,1,0.23620000000000002,45,FRESH_PHYSICAL_TYPE_CONDITIONED,layer-16:FULL_MIXED_STRIPE:p8,PHYSICALLY_GROUNDED_MODEL_INPUT
16,KDA,latent_down,8,1,0.0447,45,FRESH_PHYSICAL_TYPE_CONDITIONED,layer-16:FULL_MIXED_STRIPE:p8,PHYSICALLY_GROUNDED_MODEL_INPUT
16,KDA,latent_up,8,1,0.0463,45,FRESH_PHYSICAL_TYPE_CONDITIONED,layer-16:FULL_MIXED_STRIPE:p8,PHYSICALLY_GROUNDED_MODEL_INPUT
16,KDA,latent_up_reduction,8,1,1.46,45,FRESH_PHYSICAL_TYPE_CONDITIONED,layer-16:FULL_MIXED_STRIPE:p8,PHYSICALLY_GROUNDED_MODEL_INPUT
16,KDA,output_state_commit,1,1,0.15115,45,FRESH_PHYSICAL_TYPE_CONDITIONED,layer-16:FULL_MIXED_STRIPE:p8,PHYSICALLY_GROUNDED_MODEL_INPUT
16,KDA,post_attention_preprocess,1,1,0.3276,45,FRESH_PHYSICAL_TYPE_CONDITIONED,layer-16:FULL_MIXED_STRIPE:p8,PHYSICALLY_GROUNDED_MODEL_INPUT
16,KDA,routed_norm,1,1,0.13645000000000002,45,FRESH_PHYSICAL_TYPE_CONDITIONED,layer-16:FULL_MIXED_STRIPE:p8,PHYSICALLY_GROUNDED_MODEL_INPUT
16,KDA,routed_shared_reduction,2,1,1.1742,45,FRESH_PHYSICAL_TYPE_CONDITIONED,layer-16:FULL_MIXED_STRIPE:p8,PHYSICALLY_GROUNDED_MODEL_INPUT
16,KDA,router,1,1,0.6472,45,FRESH_PHYSICAL_TYPE_CONDITIONED,layer-16:FULL_MIXED_STRIPE:p8,PHYSICALLY_GROUNDED_MODEL_INPUT
16,KDA,shared_expert,8,1,0.1073,45,FRESH_PHYSICAL_TYPE_CONDITIONED,layer-16:FULL_MIXED_STRIPE:p8,PHYSICALLY_GROUNDED_MODEL_INPUT
16,KDA,shared_reduction,8,1,1.46,45,FRESH_PHYSICAL_TYPE_CONDITIONED,layer-16:FULL_MIXED_STRIPE:p8,PHYSICALLY_GROUNDED_MODEL_INPUT
16,KDA,worker_protocol,1,1,0.3813,45,FROZEN_PHYSICAL_AUTHENTICATED_FRAME,layer-16:FULL_MIXED_STRIPE:p8,PHYSICAL_INHERITED_E022
16,KDA,whole_layer,1,1,4.212,45,PHYSICAL_TYPE_CONDITIONED,layer-16:WHOLE_LAYER:p1,PHYSICALLY_GROUNDED_MODEL_INPUT
16,KDA,attention_common,1,2,0.05115,45,FRESH_PHYSICAL_TYPE_CONDITIONED,layer-16:FULL_MIXED_STRIPE:p8,PHYSICALLY_GROUNDED_MODEL_INPUT
16,KDA,attention_preprocess,1,2,0.5454,45,FRESH_PHYSICAL_TYPE_CONDITIONED,layer-16:FULL_MIXED_STRIPE:p8,PHYSICALLY_GROUNDED_MODEL_INPUT
16,KDA,attention_reduction,8,2,1.52125,45,FRESH_PHYSICAL_TYPE_CONDITIONED,layer-16:FULL_MIXED_STRIPE:p8,PHYSICALLY_GROUNDED_MODEL_INPUT
16,KDA,attention_shard,8,2,0.40215,45,FRESH_PHYSICAL_TYPE_CONDITIONED,layer-16:FULL_MIXED_STRIPE:p8,PHYSICALLY_GROUNDED_MODEL_INPUT
16,KDA,expert_reduction,8,2,1.0752,45,FRESH_PHYSICAL_TYPE_CONDITIONED,layer-16:FULL_MIXED_STRIPE:p8,PHYSICALLY_GROUNDED_MODEL_INPUT
16,KDA,expert_stripe,8,2,0.39315,45,FRESH_PHYSICAL_TYPE_CONDITIONED,layer-16:FULL_MIXED_STRIPE:p8,PHYSICALLY_GROUNDED_MODEL_INPUT
16,KDA,latent_down,8,2,0.05,45,FRESH_PHYSICAL_TYPE_CONDITIONED,layer-16:FULL_MIXED_STRIPE:p8,PHYSICALLY_GROUNDED_MODEL_INPUT
16,KDA,latent_up,8,2,0.0584,45,FRESH_PHYSICAL_TYPE_CONDITIONED,layer-16:FULL_MIXED_STRIPE:p8,PHYSICALLY_GROUNDED_MODEL_INPUT
16,KDA,latent_up_reduction,8,2,1.46,45,FRESH_PHYSICAL_TYPE_CONDITIONED,layer-16:FULL_MIXED_STRIPE:p8,PHYSICALLY_GROUNDED_MODEL_INPUT
16,KDA,output_state_commit,1,2,0.15510000000000002,45,FRESH_PHYSICAL_TYPE_CONDITIONED,layer-16:FULL_MIXED_STRIPE:p8,PHYSICALLY_GROUNDED_MODEL_INPUT
16,KDA,post_attention_preprocess,1,2,0.54325,45,FRESH_PHYSICAL_TYPE_CONDITIONED,layer-16:FULL_MIXED_STRIPE:p8,PHYSICALLY_GROUNDED_MODEL_INPUT
16,KDA,routed_norm,1,2,0.1233,45,FRESH_PHYSICAL_TYPE_CONDITIONED,layer-16:FULL_MIXED_STRIPE:p8,PHYSICALLY_GROUNDED_MODEL_INPUT
16,KDA,routed_shared_reduction,2,2,1.2424,45,FRESH_PHYSICAL_TYPE_CONDITIONED,layer-16:FULL_MIXED_STRIPE:p8,PHYSICALLY_GROUNDED_MODEL_INPUT
16,KDA,router,1,2,0.6437,45,FRESH_PHYSICAL_TYPE_CONDITIONED,layer-16:FULL_MIXED_STRIPE:p8,PHYSICALLY_GROUNDED_MODEL_INPUT
16,KDA,shared_expert,8,2,0.12365000000000001,45,FRESH_PHYSICAL_TYPE_CONDITIONED,layer-16:FULL_MIXED_STRIPE:p8,PHYSICALLY_GROUNDED_MODEL_INPUT
16,KDA,shared_reduction,8,2,1.46,45,FRESH_PHYSICAL_TYPE_CONDITIONED,layer-16:FULL_MIXED_STRIPE:p8,PHYSICALLY_GROUNDED_MODEL_INPUT
16,KDA,worker_protocol,1,2,0.4718,45,FROZEN_PHYSICAL_AUTHENTICATED_FRAME,layer-16:FULL_MIXED_STRIPE:p8,PHYSICAL_INHERITED_E022
16,KDA,whole_layer,1,2,5.8731,45,PHYSICAL_TYPE_CONDITIONED,layer-16:WHOLE_LAYER:p1,PHYSICALLY_GROUNDED_MODEL_INPUT
16,KDA,attention_common,1,4,0.0511,45,FRESH_PHYSICAL_TYPE_CONDITIONED,layer-16:FULL_MIXED_STRIPE:p8,PHYSICALLY_GROUNDED_MODEL_INPUT
16,KDA,attention_preprocess,1,4,0.9714,45,FRESH_PHYSICAL_TYPE_CONDITIONED,layer-16:FULL_MIXED_STRIPE:p8,PHYSICALLY_GROUNDED_MODEL_INPUT
16,KDA,attention_reduction,8,4,1.6047500000000001,45,FRESH_PHYSICAL_TYPE_CONDITIONED,layer-16:FULL_MIXED_STRIPE:p8,PHYSICALLY_GROUNDED_MODEL_INPUT
16,KDA,attention_shard,8,4,0.6811,45,FRESH_PHYSICAL_TYPE_CONDITIONED,layer-16:FULL_MIXED_STRIPE:p8,PHYSICALLY_GROUNDED_MODEL_INPUT
16,KDA,expert_reduction,8,4,1.466,45,FRESH_PHYSICAL_TYPE_CONDITIONED,layer-16:FULL_MIXED_STRIPE:p8,PHYSICALLY_GROUNDED_MODEL_INPUT
16,KDA,expert_stripe,8,4,0.6790499999999999,45,FRESH_PHYSICAL_TYPE_CONDITIONED,layer-16:FULL_MIXED_STRIPE:p8,PHYSICALLY_GROUNDED_MODEL_INPUT
16,KDA,latent_down,8,4,0.0902,45,FRESH_PHYSICAL_TYPE_CONDITIONED,layer-16:FULL_MIXED_STRIPE:p8,PHYSICALLY_GROUNDED_MODEL_INPUT
16,KDA,latent_up,8,4,0.0815,45,FRESH_PHYSICAL_TYPE_CONDITIONED,layer-16:FULL_MIXED_STRIPE:p8,PHYSICALLY_GROUNDED_MODEL_INPUT
16,KDA,latent_up_reduction,8,4,1.5376,45,FRESH_PHYSICAL_TYPE_CONDITIONED,layer-16:FULL_MIXED_STRIPE:p8,PHYSICALLY_GROUNDED_MODEL_INPUT
16,KDA,output_state_commit,1,4,0.18295,45,FRESH_PHYSICAL_TYPE_CONDITIONED,layer-16:FULL_MIXED_STRIPE:p8,PHYSICALLY_GROUNDED_MODEL_INPUT
16,KDA,post_attention_preprocess,1,4,0.9783,45,FRESH_PHYSICAL_TYPE_CONDITIONED,layer-16:FULL_MIXED_STRIPE:p8,PHYSICALLY_GROUNDED_MODEL_INPUT
16,KDA,routed_norm,1,4,0.1302,45,FRESH_PHYSICAL_TYPE_CONDITIONED,layer-16:FULL_MIXED_STRIPE:p8,PHYSICALLY_GROUNDED_MODEL_INPUT
16,KDA,routed_shared_reduction,2,4,1.2015,45,FRESH_PHYSICAL_TYPE_CONDITIONED,layer-16:FULL_MIXED_STRIPE:p8,PHYSICALLY_GROUNDED_MODEL_INPUT
16,KDA,router,1,4,0.64645,45,FRESH_PHYSICAL_TYPE_CONDITIONED,layer-16:FULL_MIXED_STRIPE:p8,PHYSICALLY_GROUNDED_MODEL_INPUT
16,KDA,shared_expert,8,4,0.2192,45,FRESH_PHYSICAL_TYPE_CONDITIONED,layer-16:FULL_MIXED_STRIPE:p8,PHYSICALLY_GROUNDED_MODEL_INPUT
16,KDA,shared_reduction,8,4,1.5376,45,FRESH_PHYSICAL_TYPE_CONDITIONED,layer-16:FULL_MIXED_STRIPE:p8,PHYSICALLY_GROUNDED_MODEL_INPUT
16,KDA,worker_protocol,1,4,0.6952,45,FROZEN_PHYSICAL_AUTHENTICATED_FRAME,layer-16:FULL_MIXED_STRIPE:p8,PHYSICAL_INHERITED_E022
16,KDA,whole_layer,1,4,8.604849999999999,45,PHYSICAL_TYPE_CONDITIONED,layer-16:WHOLE_LAYER:p1,PHYSICALLY_GROUNDED_MODEL_INPUT
17,KDA,attention_common,1,1,0.050699999999999995,45,FRESH_PHYSICAL_TYPE_CONDITIONED,layer-17:FULL_MIXED_STRIPE:p8,PHYSICALLY_GROUNDED_MODEL_INPUT
17,KDA,attention_preprocess,1,1,0.3388,45,FRESH_PHYSICAL_TYPE_CONDITIONED,layer-17:FULL_MIXED_STRIPE:p8,PHYSICALLY_GROUNDED_MODEL_INPUT
17,KDA,attention_reduction,8,1,1.5225,45,FRESH_PHYSICAL_TYPE_CONDITIONED,layer-17:FULL_MIXED_STRIPE:p8,PHYSICALLY_GROUNDED_MODEL_INPUT
17,KDA,attention_shard,8,1,0.3079,45,FRESH_PHYSICAL_TYPE_CONDITIONED,layer-17:FULL_MIXED_STRIPE:p8,PHYSICALLY_GROUNDED_MODEL_INPUT
17,KDA,expert_reduction,8,1,1.183,45,FRESH_PHYSICAL_TYPE_CONDITIONED,layer-17:FULL_MIXED_STRIPE:p8,PHYSICALLY_GROUNDED_MODEL_INPUT
17,KDA,expert_stripe,8,1,0.23620000000000002,45,FRESH_PHYSICAL_TYPE_CONDITIONED,layer-17:FULL_MIXED_STRIPE:p8,PHYSICALLY_GROUNDED_MODEL_INPUT
17,KDA,latent_down,8,1,0.0447,45,FRESH_PHYSICAL_TYPE_CONDITIONED,layer-17:FULL_MIXED_STRIPE:p8,PHYSICALLY_GROUNDED_MODEL_INPUT
17,KDA,latent_up,8,1,0.0463,45,FRESH_PHYSICAL_TYPE_CONDITIONED,layer-17:FULL_MIXED_STRIPE:p8,PHYSICALLY_GROUNDED_MODEL_INPUT
17,KDA,latent_up_reduction,8,1,1.46,45,FRESH_PHYSICAL_TYPE_CONDITIONED,layer-17:FULL_MIXED_STRIPE:p8,PHYSICALLY_GROUNDED_MODEL_INPUT
17,KDA,output_state_commit,1,1,0.15115,45,FRESH_PHYSICAL_TYPE_CONDITIONED,layer-17:FULL_MIXED_STRIPE:p8,PHYSICALLY_GROUNDED_MODEL_INPUT
17,KDA,post_attention_preprocess,1,1,0.3276,45,FRESH_PHYSICAL_TYPE_CONDITIONED,layer-17:FULL_MIXED_STRIPE:p8,PHYSICALLY_GROUNDED_MODEL_INPUT
17,KDA,routed_norm,1,1,0.13645000000000002,45,FRESH_PHYSICAL_TYPE_CONDITIONED,layer-17:FULL_MIXED_STRIPE:p8,PHYSICALLY_GROUNDED_MODEL_INPUT
17,KDA,routed_shared_reduction,2,1,1.1742,45,FRESH_PHYSICAL_TYPE_CONDITIONED,layer-17:FULL_MIXED_STRIPE:p8,PHYSICALLY_GROUNDED_MODEL_INPUT
17,KDA,router,1,1,0.6472,45,FRESH_PHYSICAL_TYPE_CONDITIONED,layer-17:FULL_MIXED_STRIPE:p8,PHYSICALLY_GROUNDED_MODEL_INPUT
17,KDA,shared_expert,8,1,0.1073,45,FRESH_PHYSICAL_TYPE_CONDITIONED,layer-17:FULL_MIXED_STRIPE:p8,PHYSICALLY_GROUNDED_MODEL_INPUT
17,KDA,shared_reduction,8,1,1.46,45,FRESH_PHYSICAL_TYPE_CONDITIONED,layer-17:FULL_MIXED_STRIPE:p8,PHYSICALLY_GROUNDED_MODEL_INPUT
17,KDA,worker_protocol,1,1,0.3813,45,FROZEN_PHYSICAL_AUTHENTICATED_FRAME,layer-17:FULL_MIXED_STRIPE:p8,PHYSICAL_INHERITED_E022
17,KDA,whole_layer,1,1,4.212,45,PHYSICAL_TYPE_CONDITIONED,layer-17:WHOLE_LAYER:p1,PHYSICALLY_GROUNDED_MODEL_INPUT
17,KDA,attention_common,1,2,0.05115,45,FRESH_PHYSICAL_TYPE_CONDITIONED,layer-17:FULL_MIXED_STRIPE:p8,PHYSICALLY_GROUNDED_MODEL_INPUT
17,KDA,attention_preprocess,1,2,0.5454,45,FRESH_PHYSICAL_TYPE_CONDITIONED,layer-17:FULL_MIXED_STRIPE:p8,PHYSICALLY_GROUNDED_MODEL_INPUT
17,KDA,attention_reduction,8,2,1.52125,45,FRESH_PHYSICAL_TYPE_CONDITIONED,layer-17:FULL_MIXED_STRIPE:p8,PHYSICALLY_GROUNDED_MODEL_INPUT
17,KDA,attention_shard,8,2,0.40215,45,FRESH_PHYSICAL_TYPE_CONDITIONED,layer-17:FULL_MIXED_STRIPE:p8,PHYSICALLY_GROUNDED_MODEL_INPUT
17,KDA,expert_reduction,8,2,1.0752,45,FRESH_PHYSICAL_TYPE_CONDITIONED,layer-17:FULL_MIXED_STRIPE:p8,PHYSICALLY_GROUNDED_MODEL_INPUT
17,KDA,expert_stripe,8,2,0.39315,45,FRESH_PHYSICAL_TYPE_CONDITIONED,layer-17:FULL_MIXED_STRIPE:p8,PHYSICALLY_GROUNDED_MODEL_INPUT
17,KDA,latent_down,8,2,0.05,45,FRESH_PHYSICAL_TYPE_CONDITIONED,layer-17:FULL_MIXED_STRIPE:p8,PHYSICALLY_GROUNDED_MODEL_INPUT
17,KDA,latent_up,8,2,0.0584,45,FRESH_PHYSICAL_TYPE_CONDITIONED,layer-17:FULL_MIXED_STRIPE:p8,PHYSICALLY_GROUNDED_MODEL_INPUT
17,KDA,latent_up_reduction,8,2,1.46,45,FRESH_PHYSICAL_TYPE_CONDITIONED,layer-17:FULL_MIXED_STRIPE:p8,PHYSICALLY_GROUNDED_MODEL_INPUT
17,KDA,output_state_commit,1,2,0.15510000000000002,45,FRESH_PHYSICAL_TYPE_CONDITIONED,layer-17:FULL_MIXED_STRIPE:p8,PHYSICALLY_GROUNDED_MODEL_INPUT
17,KDA,post_attention_preprocess,1,2,0.54325,45,FRESH_PHYSICAL_TYPE_CONDITIONED,layer-17:FULL_MIXED_STRIPE:p8,PHYSICALLY_GROUNDED_MODEL_INPUT
17,KDA,routed_norm,1,2,0.1233,45,FRESH_PHYSICAL_TYPE_CONDITIONED,layer-17:FULL_MIXED_STRIPE:p8,PHYSICALLY_GROUNDED_MODEL_INPUT
17,KDA,routed_shared_reduction,2,2,1.2424,45,FRESH_PHYSICAL_TYPE_CONDITIONED,layer-17:FULL_MIXED_STRIPE:p8,PHYSICALLY_GROUNDED_MODEL_INPUT
17,KDA,router,1,2,0.6437,45,FRESH_PHYSICAL_TYPE_CONDITIONED,layer-17:FULL_MIXED_STRIPE:p8,PHYSICALLY_GROUNDED_MODEL_INPUT
17,KDA,shared_expert,8,2,0.12365000000000001,45,FRESH_PHYSICAL_TYPE_CONDITIONED,layer-17:FULL_MIXED_STRIPE:p8,PHYSICALLY_GROUNDED_MODEL_INPUT
17,KDA,shared_reduction,8,2,1.46,45,FRESH_PHYSICAL_TYPE_CONDITIONED,layer-17:FULL_MIXED_STRIPE:p8,PHYSICALLY_GROUNDED_MODEL_INPUT
17,KDA,worker_protocol,1,2,0.4718,45,FROZEN_PHYSICAL_AUTHENTICATED_FRAME,layer-17:FULL_MIXED_STRIPE:p8,PHYSICAL_INHERITED_E022
17,KDA,whole_layer,1,2,5.8731,45,PHYSICAL_TYPE_CONDITIONED,layer-17:WHOLE_LAYER:p1,PHYSICALLY_GROUNDED_MODEL_INPUT
17,KDA,attention_common,1,4,0.0511,45,FRESH_PHYSICAL_TYPE_CONDITIONED,layer-17:FULL_MIXED_STRIPE:p8,PHYSICALLY_GROUNDED_MODEL_INPUT
17,KDA,attention_preprocess,1,4,0.9714,45,FRESH_PHYSICAL_TYPE_CONDITIONED,layer-17:FULL_MIXED_STRIPE:p8,PHYSICALLY_GROUNDED_MODEL_INPUT
17,KDA,attention_reduction,8,4,1.6047500000000001,45,FRESH_PHYSICAL_TYPE_CONDITIONED,layer-17:FULL_MIXED_STRIPE:p8,PHYSICALLY_GROUNDED_MODEL_INPUT
17,KDA,attention_shard,8,4,0.6811,45,FRESH_PHYSICAL_TYPE_CONDITIONED,layer-17:FULL_MIXED_STRIPE:p8,PHYSICALLY_GROUNDED_MODEL_INPUT
17,KDA,expert_reduction,8,4,1.466,45,FRESH_PHYSICAL_TYPE_CONDITIONED,layer-17:FULL_MIXED_STRIPE:p8,PHYSICALLY_GROUNDED_MODEL_INPUT
17,KDA,expert_stripe,8,4,0.6790499999999999,45,FRESH_PHYSICAL_TYPE_CONDITIONED,layer-17:FULL_MIXED_STRIPE:p8,PHYSICALLY_GROUNDED_MODEL_INPUT
17,KDA,latent_down,8,4,0.0902,45,FRESH_PHYSICAL_TYPE_CONDITIONED,layer-17:FULL_MIXED_STRIPE:p8,PHYSICALLY_GROUNDED_MODEL_INPUT
17,KDA,latent_up,8,4,0.0815,45,FRESH_PHYSICAL_TYPE_CONDITIONED,layer-17:FULL_MIXED_STRIPE:p8,PHYSICALLY_GROUNDED_MODEL_INPUT
17,KDA,latent_up_reduction,8,4,1.5376,45,FRESH_PHYSICAL_TYPE_CONDITIONED,layer-17:FULL_MIXED_STRIPE:p8,PHYSICALLY_GROUNDED_MODEL_INPUT
17,KDA,output_state_commit,1,4,0.18295,45,FRESH_PHYSICAL_TYPE_CONDITIONED,layer-17:FULL_MIXED_STRIPE:p8,PHYSICALLY_GROUNDED_MODEL_INPUT
17,KDA,post_attention_preprocess,1,4,0.9783,45,FRESH_PHYSICAL_TYPE_CONDITIONED,layer-17:FULL_MIXED_STRIPE:p8,PHYSICALLY_GROUNDED_MODEL_INPUT
17,KDA,routed_norm,1,4,0.1302,45,FRESH_PHYSICAL_TYPE_CONDITIONED,layer-17:FULL_MIXED_STRIPE:p8,PHYSICALLY_GROUNDED_MODEL_INPUT
17,KDA,routed_shared_reduction,2,4,1.2015,45,FRESH_PHYSICAL_TYPE_CONDITIONED,layer-17:FULL_MIXED_STRIPE:p8,PHYSICALLY_GROUNDED_MODEL_INPUT
17,KDA,router,1,4,0.64645,45,FRESH_PHYSICAL_TYPE_CONDITIONED,layer-17:FULL_MIXED_STRIPE:p8,PHYSICALLY_GROUNDED_MODEL_INPUT
17,KDA,shared_expert,8,4,0.2192,45,FRESH_PHYSICAL_TYPE_CONDITIONED,layer-17:FULL_MIXED_STRIPE:p8,PHYSICALLY_GROUNDED_MODEL_INPUT
17,KDA,shared_reduction,8,4,1.5376,45,FRESH_PHYSICAL_TYPE_CONDITIONED,layer-17:FULL_MIXED_STRIPE:p8,PHYSICALLY_GROUNDED_MODEL_INPUT
17,KDA,worker_protocol,1,4,0.6952,45,FROZEN_PHYSICAL_AUTHENTICATED_FRAME,layer-17:FULL_MIXED_STRIPE:p8,PHYSICAL_INHERITED_E022
17,KDA,whole_layer,1,4,8.604849999999999,45,PHYSICAL_TYPE_CONDITIONED,layer-17:WHOLE_LAYER:p1,PHYSICALLY_GROUNDED_MODEL_INPUT
18,KDA,attention_common,1,1,0.050699999999999995,45,FRESH_PHYSICAL_TYPE_CONDITIONED,layer-18:FULL_MIXED_STRIPE:p8,PHYSICALLY_GROUNDED_MODEL_INPUT
18,KDA,attention_preprocess,1,1,0.3388,45,FRESH_PHYSICAL_TYPE_CONDITIONED,layer-18:FULL_MIXED_STRIPE:p8,PHYSICALLY_GROUNDED_MODEL_INPUT
18,KDA,attention_reduction,8,1,1.5225,45,FRESH_PHYSICAL_TYPE_CONDITIONED,layer-18:FULL_MIXED_STRIPE:p8,PHYSICALLY_GROUNDED_MODEL_INPUT
18,KDA,attention_shard,8,1,0.3079,45,FRESH_PHYSICAL_TYPE_CONDITIONED,layer-18:FULL_MIXED_STRIPE:p8,PHYSICALLY_GROUNDED_MODEL_INPUT
18,KDA,expert_reduction,8,1,1.183,45,FRESH_PHYSICAL_TYPE_CONDITIONED,layer-18:FULL_MIXED_STRIPE:p8,PHYSICALLY_GROUNDED_MODEL_INPUT
18,KDA,expert_stripe,8,1,0.23620000000000002,45,FRESH_PHYSICAL_TYPE_CONDITIONED,layer-18:FULL_MIXED_STRIPE:p8,PHYSICALLY_GROUNDED_MODEL_INPUT
18,KDA,latent_down,8,1,0.0447,45,FRESH_PHYSICAL_TYPE_CONDITIONED,layer-18:FULL_MIXED_STRIPE:p8,PHYSICALLY_GROUNDED_MODEL_INPUT
18,KDA,latent_up,8,1,0.0463,45,FRESH_PHYSICAL_TYPE_CONDITIONED,layer-18:FULL_MIXED_STRIPE:p8,PHYSICALLY_GROUNDED_MODEL_INPUT
18,KDA,latent_up_reduction,8,1,1.46,45,FRESH_PHYSICAL_TYPE_CONDITIONED,layer-18:FULL_MIXED_STRIPE:p8,PHYSICALLY_GROUNDED_MODEL_INPUT
18,KDA,output_state_commit,1,1,0.15115,45,FRESH_PHYSICAL_TYPE_CONDITIONED,layer-18:FULL_MIXED_STRIPE:p8,PHYSICALLY_GROUNDED_MODEL_INPUT
18,KDA,post_attention_preprocess,1,1,0.3276,45,FRESH_PHYSICAL_TYPE_CONDITIONED,layer-18:FULL_MIXED_STRIPE:p8,PHYSICALLY_GROUNDED_MODEL_INPUT
18,KDA,routed_norm,1,1,0.13645000000000002,45,FRESH_PHYSICAL_TYPE_CONDITIONED,layer-18:FULL_MIXED_STRIPE:p8,PHYSICALLY_GROUNDED_MODEL_INPUT
18,KDA,routed_shared_reduction,2,1,1.1742,45,FRESH_PHYSICAL_TYPE_CONDITIONED,layer-18:FULL_MIXED_STRIPE:p8,PHYSICALLY_GROUNDED_MODEL_INPUT
18,KDA,router,1,1,0.6472,45,FRESH_PHYSICAL_TYPE_CONDITIONED,layer-18:FULL_MIXED_STRIPE:p8,PHYSICALLY_GROUNDED_MODEL_INPUT
18,KDA,shared_expert,8,1,0.1073,45,FRESH_PHYSICAL_TYPE_CONDITIONED,layer-18:FULL_MIXED_STRIPE:p8,PHYSICALLY_GROUNDED_MODEL_INPUT
18,KDA,shared_reduction,8,1,1.46,45,FRESH_PHYSICAL_TYPE_CONDITIONED,layer-18:FULL_MIXED_STRIPE:p8,PHYSICALLY_GROUNDED_MODEL_INPUT
18,KDA,worker_protocol,1,1,0.3813,45,FROZEN_PHYSICAL_AUTHENTICATED_FRAME,layer-18:FULL_MIXED_STRIPE:p8,PHYSICAL_INHERITED_E022
18,KDA,whole_layer,1,1,4.212,45,PHYSICAL_TYPE_CONDITIONED,layer-18:WHOLE_LAYER:p1,PHYSICALLY_GROUNDED_MODEL_INPUT
18,KDA,attention_common,1,2,0.05115,45,FRESH_PHYSICAL_TYPE_CONDITIONED,layer-18:FULL_MIXED_STRIPE:p8,PHYSICALLY_GROUNDED_MODEL_INPUT
18,KDA,attention_preprocess,1,2,0.5454,45,FRESH_PHYSICAL_TYPE_CONDITIONED,layer-18:FULL_MIXED_STRIPE:p8,PHYSICALLY_GROUNDED_MODEL_INPUT
18,KDA,attention_reduction,8,2,1.52125,45,FRESH_PHYSICAL_TYPE_CONDITIONED,layer-18:FULL_MIXED_STRIPE:p8,PHYSICALLY_GROUNDED_MODEL_INPUT
18,KDA,attention_shard,8,2,0.40215,45,FRESH_PHYSICAL_TYPE_CONDITIONED,layer-18:FULL_MIXED_STRIPE:p8,PHYSICALLY_GROUNDED_MODEL_INPUT
18,KDA,expert_reduction,8,2,1.0752,45,FRESH_PHYSICAL_TYPE_CONDITIONED,layer-18:FULL_MIXED_STRIPE:p8,PHYSICALLY_GROUNDED_MODEL_INPUT
18,KDA,expert_stripe,8,2,0.39315,45,FRESH_PHYSICAL_TYPE_CONDITIONED,layer-18:FULL_MIXED_STRIPE:p8,PHYSICALLY_GROUNDED_MODEL_INPUT
18,KDA,latent_down,8,2,0.05,45,FRESH_PHYSICAL_TYPE_CONDITIONED,layer-18:FULL_MIXED_STRIPE:p8,PHYSICALLY_GROUNDED_MODEL_INPUT
18,KDA,latent_up,8,2,0.0584,45,FRESH_PHYSICAL_TYPE_CONDITIONED,layer-18:FULL_MIXED_STRIPE:p8,PHYSICALLY_GROUNDED_MODEL_INPUT
18,KDA,latent_up_reduction,8,2,1.46,45,FRESH_PHYSICAL_TYPE_CONDITIONED,layer-18:FULL_MIXED_STRIPE:p8,PHYSICALLY_GROUNDED_MODEL_INPUT
18,KDA,output_state_commit,1,2,0.15510000000000002,45,FRESH_PHYSICAL_TYPE_CONDITIONED,layer-18:FULL_MIXED_STRIPE:p8,PHYSICALLY_GROUNDED_MODEL_INPUT
18,KDA,post_attention_preprocess,1,2,0.54325,45,FRESH_PHYSICAL_TYPE_CONDITIONED,layer-18:FULL_MIXED_STRIPE:p8,PHYSICALLY_GROUNDED_MODEL_INPUT
18,KDA,routed_norm,1,2,0.1233,45,FRESH_PHYSICAL_TYPE_CONDITIONED,layer-18:FULL_MIXED_STRIPE:p8,PHYSICALLY_GROUNDED_MODEL_INPUT
18,KDA,routed_shared_reduction,2,2,1.2424,45,FRESH_PHYSICAL_TYPE_CONDITIONED,layer-18:FULL_MIXED_STRIPE:p8,PHYSICALLY_GROUNDED_MODEL_INPUT
18,KDA,router,1,2,0.6437,45,FRESH_PHYSICAL_TYPE_CONDITIONED,layer-18:FULL_MIXED_STRIPE:p8,PHYSICALLY_GROUNDED_MODEL_INPUT
18,KDA,shared_expert,8,2,0.12365000000000001,45,FRESH_PHYSICAL_TYPE_CONDITIONED,layer-18:FULL_MIXED_STRIPE:p8,PHYSICALLY_GROUNDED_MODEL_INPUT
18,KDA,shared_reduction,8,2,1.46,45,FRESH_PHYSICAL_TYPE_CONDITIONED,layer-18:FULL_MIXED_STRIPE:p8,PHYSICALLY_GROUNDED_MODEL_INPUT
18,KDA,worker_protocol,1,2,0.4718,45,FROZEN_PHYSICAL_AUTHENTICATED_FRAME,layer-18:FULL_MIXED_STRIPE:p8,PHYSICAL_INHERITED_E022
18,KDA,whole_layer,1,2,5.8731,45,PHYSICAL_TYPE_CONDITIONED,layer-18:WHOLE_LAYER:p1,PHYSICALLY_GROUNDED_MODEL_INPUT
18,KDA,attention_common,1,4,0.0511,45,FRESH_PHYSICAL_TYPE_CONDITIONED,layer-18:FULL_MIXED_STRIPE:p8,PHYSICALLY_GROUNDED_MODEL_INPUT
18,KDA,attention_preprocess,1,4,0.9714,45,FRESH_PHYSICAL_TYPE_CONDITIONED,layer-18:FULL_MIXED_STRIPE:p8,PHYSICALLY_GROUNDED_MODEL_INPUT
18,KDA,attention_reduction,8,4,1.6047500000000001,45,FRESH_PHYSICAL_TYPE_CONDITIONED,layer-18:FULL_MIXED_STRIPE:p8,PHYSICALLY_GROUNDED_MODEL_INPUT
18,KDA,attention_shard,8,4,0.6811,45,FRESH_PHYSICAL_TYPE_CONDITIONED,layer-18:FULL_MIXED_STRIPE:p8,PHYSICALLY_GROUNDED_MODEL_INPUT
18,KDA,expert_reduction,8,4,1.466,45,FRESH_PHYSICAL_TYPE_CONDITIONED,layer-18:FULL_MIXED_STRIPE:p8,PHYSICALLY_GROUNDED_MODEL_INPUT
18,KDA,expert_stripe,8,4,0.6790499999999999,45,FRESH_PHYSICAL_TYPE_CONDITIONED,layer-18:FULL_MIXED_STRIPE:p8,PHYSICALLY_GROUNDED_MODEL_INPUT
18,KDA,latent_down,8,4,0.0902,45,FRESH_PHYSICAL_TYPE_CONDITIONED,layer-18:FULL_MIXED_STRIPE:p8,PHYSICALLY_GROUNDED_MODEL_INPUT
18,KDA,latent_up,8,4,0.0815,45,FRESH_PHYSICAL_TYPE_CONDITIONED,layer-18:FULL_MIXED_STRIPE:p8,PHYSICALLY_GROUNDED_MODEL_INPUT
18,KDA,latent_up_reduction,8,4,1.5376,45,FRESH_PHYSICAL_TYPE_CONDITIONED,layer-18:FULL_MIXED_STRIPE:p8,PHYSICALLY_GROUNDED_MODEL_INPUT
18,KDA,output_state_commit,1,4,0.18295,45,FRESH_PHYSICAL_TYPE_CONDITIONED,layer-18:FULL_MIXED_STRIPE:p8,PHYSICALLY_GROUNDED_MODEL_INPUT
18,KDA,post_attention_preprocess,1,4,0.9783,45,FRESH_PHYSICAL_TYPE_CONDITIONED,layer-18:FULL_MIXED_STRIPE:p8,PHYSICALLY_GROUNDED_MODEL_INPUT
18,KDA,routed_norm,1,4,0.1302,45,FRESH_PHYSICAL_TYPE_CONDITIONED,layer-18:FULL_MIXED_STRIPE:p8,PHYSICALLY_GROUNDED_MODEL_INPUT
18,KDA,routed_shared_reduction,2,4,1.2015,45,FRESH_PHYSICAL_TYPE_CONDITIONED,layer-18:FULL_MIXED_STRIPE:p8,PHYSICALLY_GROUNDED_MODEL_INPUT
18,KDA,router,1,4,0.64645,45,FRESH_PHYSICAL_TYPE_CONDITIONED,layer-18:FULL_MIXED_STRIPE:p8,PHYSICALLY_GROUNDED_MODEL_INPUT
18,KDA,shared_expert,8,4,0.2192,45,FRESH_PHYSICAL_TYPE_CONDITIONED,layer-18:FULL_MIXED_STRIPE:p8,PHYSICALLY_GROUNDED_MODEL_INPUT
18,KDA,shared_reduction,8,4,1.5376,45,FRESH_PHYSICAL_TYPE_CONDITIONED,layer-18:FULL_MIXED_STRIPE:p8,PHYSICALLY_GROUNDED_MODEL_INPUT
18,KDA,worker_protocol,1,4,0.6952,45,FROZEN_PHYSICAL_AUTHENTICATED_FRAME,layer-18:FULL_MIXED_STRIPE:p8,PHYSICAL_INHERITED_E022
18,KDA,whole_layer,1,4,8.604849999999999,45,PHYSICAL_TYPE_CONDITIONED,layer-18:WHOLE_LAYER:p1,PHYSICALLY_GROUNDED_MODEL_INPUT
19,GATED_MLA,attention_common,1,1,0.0867,47,FRESH_PHYSICAL_TYPE_CONDITIONED,layer-19:FULL_MIXED_STRIPE:p8,PHYSICALLY_GROUNDED_MODEL_INPUT
19,GATED_MLA,attention_preprocess,1,1,0.34825,47,FRESH_PHYSICAL_TYPE_CONDITIONED,layer-19:FULL_MIXED_STRIPE:p8,PHYSICALLY_GROUNDED_MODEL_INPUT
19,GATED_MLA,attention_reduction,8,1,1.5127,47,FRESH_PHYSICAL_TYPE_CONDITIONED,layer-19:FULL_MIXED_STRIPE:p8,PHYSICALLY_GROUNDED_MODEL_INPUT
19,GATED_MLA,attention_shard,8,1,0.1987,47,FRESH_PHYSICAL_TYPE_CONDITIONED,layer-19:FULL_MIXED_STRIPE:p8,PHYSICALLY_GROUNDED_MODEL_INPUT
19,GATED_MLA,expert_reduction,8,1,1.183,47,FRESH_PHYSICAL_TYPE_CONDITIONED,layer-19:FULL_MIXED_STRIPE:p8,PHYSICALLY_GROUNDED_MODEL_INPUT
19,GATED_MLA,expert_stripe,8,1,0.2368,47,FRESH_PHYSICAL_TYPE_CONDITIONED,layer-19:FULL_MIXED_STRIPE:p8,PHYSICALLY_GROUNDED_MODEL_INPUT
19,GATED_MLA,latent_down,8,1,0.0443,47,FRESH_PHYSICAL_TYPE_CONDITIONED,layer-19:FULL_MIXED_STRIPE:p8,PHYSICALLY_GROUNDED_MODEL_INPUT
19,GATED_MLA,latent_up,8,1,0.04985,47,FRESH_PHYSICAL_TYPE_CONDITIONED,layer-19:FULL_MIXED_STRIPE:p8,PHYSICALLY_GROUNDED_MODEL_INPUT
19,GATED_MLA,latent_up_reduction,8,1,1.46,47,FRESH_PHYSICAL_TYPE_CONDITIONED,layer-19:FULL_MIXED_STRIPE:p8,PHYSICALLY_GROUNDED_MODEL_INPUT
19,GATED_MLA,output_state_commit,1,1,0.1533,47,FRESH_PHYSICAL_TYPE_CONDITIONED,layer-19:FULL_MIXED_STRIPE:p8,PHYSICALLY_GROUNDED_MODEL_INPUT
19,GATED_MLA,post_attention_preprocess,1,1,0.33235000000000003,47,FRESH_PHYSICAL_TYPE_CONDITIONED,layer-19:FULL_MIXED_STRIPE:p8,PHYSICALLY_GROUNDED_MODEL_INPUT
19,GATED_MLA,routed_norm,1,1,0.12535000000000002,47,FRESH_PHYSICAL_TYPE_CONDITIONED,layer-19:FULL_MIXED_STRIPE:p8,PHYSICALLY_GROUNDED_MODEL_INPUT
19,GATED_MLA,routed_shared_reduction,2,1,1.1742,47,FRESH_PHYSICAL_TYPE_CONDITIONED,layer-19:FULL_MIXED_STRIPE:p8,PHYSICALLY_GROUNDED_MODEL_INPUT
19,GATED_MLA,router,1,1,0.6397999999999999,47,FRESH_PHYSICAL_TYPE_CONDITIONED,layer-19:FULL_MIXED_STRIPE:p8,PHYSICALLY_GROUNDED_MODEL_INPUT
19,GATED_MLA,shared_expert,8,1,0.10835,47,FRESH_PHYSICAL_TYPE_CONDITIONED,layer-19:FULL_MIXED_STRIPE:p8,PHYSICALLY_GROUNDED_MODEL_INPUT
19,GATED_MLA,shared_reduction,8,1,1.46,47,FRESH_PHYSICAL_TYPE_CONDITIONED,layer-19:FULL_MIXED_STRIPE:p8,PHYSICALLY_GROUNDED_MODEL_INPUT
19,GATED_MLA,worker_protocol,1,1,0.3813,47,FROZEN_PHYSICAL_AUTHENTICATED_FRAME,layer-19:FULL_MIXED_STRIPE:p8,PHYSICAL_INHERITED_E022
19,GATED_MLA,whole_layer,1,1,3.6313,47,PHYSICAL_TYPE_CONDITIONED,layer-19:WHOLE_LAYER:p1,PHYSICALLY_GROUNDED_MODEL_INPUT
19,GATED_MLA,attention_common,1,2,0.0963,47,FRESH_PHYSICAL_TYPE_CONDITIONED,layer-19:FULL_MIXED_STRIPE:p8,PHYSICALLY_GROUNDED_MODEL_INPUT
19,GATED_MLA,attention_preprocess,1,2,0.54495,47,FRESH_PHYSICAL_TYPE_CONDITIONED,layer-19:FULL_MIXED_STRIPE:p8,PHYSICALLY_GROUNDED_MODEL_INPUT
19,GATED_MLA,attention_reduction,8,2,1.51195,47,FRESH_PHYSICAL_TYPE_CONDITIONED,layer-19:FULL_MIXED_STRIPE:p8,PHYSICALLY_GROUNDED_MODEL_INPUT
19,GATED_MLA,attention_shard,8,2,0.28745,47,FRESH_PHYSICAL_TYPE_CONDITIONED,layer-19:FULL_MIXED_STRIPE:p8,PHYSICALLY_GROUNDED_MODEL_INPUT
19,GATED_MLA,expert_reduction,8,2,1.0752,47,FRESH_PHYSICAL_TYPE_CONDITIONED,layer-19:FULL_MIXED_STRIPE:p8,PHYSICALLY_GROUNDED_MODEL_INPUT
19,GATED_MLA,expert_stripe,8,2,0.378,47,FRESH_PHYSICAL_TYPE_CONDITIONED,layer-19:FULL_MIXED_STRIPE:p8,PHYSICALLY_GROUNDED_MODEL_INPUT
19,GATED_MLA,latent_down,8,2,0.0489,47,FRESH_PHYSICAL_TYPE_CONDITIONED,layer-19:FULL_MIXED_STRIPE:p8,PHYSICALLY_GROUNDED_MODEL_INPUT
19,GATED_MLA,latent_up,8,2,0.05835,47,FRESH_PHYSICAL_TYPE_CONDITIONED,layer-19:FULL_MIXED_STRIPE:p8,PHYSICALLY_GROUNDED_MODEL_INPUT
19,GATED_MLA,latent_up_reduction,8,2,1.46,47,FRESH_PHYSICAL_TYPE_CONDITIONED,layer-19:FULL_MIXED_STRIPE:p8,PHYSICALLY_GROUNDED_MODEL_INPUT
19,GATED_MLA,output_state_commit,1,2,0.15645,47,FRESH_PHYSICAL_TYPE_CONDITIONED,layer-19:FULL_MIXED_STRIPE:p8,PHYSICALLY_GROUNDED_MODEL_INPUT
19,GATED_MLA,post_attention_preprocess,1,2,0.541,47,FRESH_PHYSICAL_TYPE_CONDITIONED,layer-19:FULL_MIXED_STRIPE:p8,PHYSICALLY_GROUNDED_MODEL_INPUT
19,GATED_MLA,routed_norm,1,2,0.1384,47,FRESH_PHYSICAL_TYPE_CONDITIONED,layer-19:FULL_MIXED_STRIPE:p8,PHYSICALLY_GROUNDED_MODEL_INPUT
19,GATED_MLA,routed_shared_reduction,2,2,1.2424,47,FRESH_PHYSICAL_TYPE_CONDITIONED,layer-19:FULL_MIXED_STRIPE:p8,PHYSICALLY_GROUNDED_MODEL_INPUT
19,GATED_MLA,router,1,2,0.6346,47,FRESH_PHYSICAL_TYPE_CONDITIONED,layer-19:FULL_MIXED_STRIPE:p8,PHYSICALLY_GROUNDED_MODEL_INPUT
19,GATED_MLA,shared_expert,8,2,0.1232,47,FRESH_PHYSICAL_TYPE_CONDITIONED,layer-19:FULL_MIXED_STRIPE:p8,PHYSICALLY_GROUNDED_MODEL_INPUT
19,GATED_MLA,shared_reduction,8,2,1.46,47,FRESH_PHYSICAL_TYPE_CONDITIONED,layer-19:FULL_MIXED_STRIPE:p8,PHYSICALLY_GROUNDED_MODEL_INPUT
19,GATED_MLA,worker_protocol,1,2,0.4718,47,FROZEN_PHYSICAL_AUTHENTICATED_FRAME,layer-19:FULL_MIXED_STRIPE:p8,PHYSICAL_INHERITED_E022
19,GATED_MLA,whole_layer,1,2,5.43685,47,PHYSICAL_TYPE_CONDITIONED,layer-19:WHOLE_LAYER:p1,PHYSICALLY_GROUNDED_MODEL_INPUT
19,GATED_MLA,attention_common,1,4,0.17265,47,FRESH_PHYSICAL_TYPE_CONDITIONED,layer-19:FULL_MIXED_STRIPE:p8,PHYSICALLY_GROUNDED_MODEL_INPUT
19,GATED_MLA,attention_preprocess,1,4,0.98235,47,FRESH_PHYSICAL_TYPE_CONDITIONED,layer-19:FULL_MIXED_STRIPE:p8,PHYSICALLY_GROUNDED_MODEL_INPUT
19,GATED_MLA,attention_reduction,8,4,1.601,47,FRESH_PHYSICAL_TYPE_CONDITIONED,layer-19:FULL_MIXED_STRIPE:p8,PHYSICALLY_GROUNDED_MODEL_INPUT
19,GATED_MLA,attention_shard,8,4,0.4851,47,FRESH_PHYSICAL_TYPE_CONDITIONED,layer-19:FULL_MIXED_STRIPE:p8,PHYSICALLY_GROUNDED_MODEL_INPUT
19,GATED_MLA,expert_reduction,8,4,1.466,47,FRESH_PHYSICAL_TYPE_CONDITIONED,layer-19:FULL_MIXED_STRIPE:p8,PHYSICALLY_GROUNDED_MODEL_INPUT
19,GATED_MLA,expert_stripe,8,4,0.66125,47,FRESH_PHYSICAL_TYPE_CONDITIONED,layer-19:FULL_MIXED_STRIPE:p8,PHYSICALLY_GROUNDED_MODEL_INPUT
19,GATED_MLA,latent_down,8,4,0.08595,47,FRESH_PHYSICAL_TYPE_CONDITIONED,layer-19:FULL_MIXED_STRIPE:p8,PHYSICALLY_GROUNDED_MODEL_INPUT
19,GATED_MLA,latent_up,8,4,0.0813,47,FRESH_PHYSICAL_TYPE_CONDITIONED,layer-19:FULL_MIXED_STRIPE:p8,PHYSICALLY_GROUNDED_MODEL_INPUT
19,GATED_MLA,latent_up_reduction,8,4,1.5376,47,FRESH_PHYSICAL_TYPE_CONDITIONED,layer-19:FULL_MIXED_STRIPE:p8,PHYSICALLY_GROUNDED_MODEL_INPUT
19,GATED_MLA,output_state_commit,1,4,0.1817,47,FRESH_PHYSICAL_TYPE_CONDITIONED,layer-19:FULL_MIXED_STRIPE:p8,PHYSICALLY_GROUNDED_MODEL_INPUT
19,GATED_MLA,post_attention_preprocess,1,4,0.9854,47,FRESH_PHYSICAL_TYPE_CONDITIONED,layer-19:FULL_MIXED_STRIPE:p8,PHYSICALLY_GROUNDED_MODEL_INPUT
19,GATED_MLA,routed_norm,1,4,0.14075,47,FRESH_PHYSICAL_TYPE_CONDITIONED,layer-19:FULL_MIXED_STRIPE:p8,PHYSICALLY_GROUNDED_MODEL_INPUT
19,GATED_MLA,routed_shared_reduction,2,4,1.2015,47,FRESH_PHYSICAL_TYPE_CONDITIONED,layer-19:FULL_MIXED_STRIPE:p8,PHYSICALLY_GROUNDED_MODEL_INPUT
19,GATED_MLA,router,1,4,0.63985,47,FRESH_PHYSICAL_TYPE_CONDITIONED,layer-19:FULL_MIXED_STRIPE:p8,PHYSICALLY_GROUNDED_MODEL_INPUT
19,GATED_MLA,shared_expert,8,4,0.2192,47,FRESH_PHYSICAL_TYPE_CONDITIONED,layer-19:FULL_MIXED_STRIPE:p8,PHYSICALLY_GROUNDED_MODEL_INPUT
19,GATED_MLA,shared_reduction,8,4,1.5376,47,FRESH_PHYSICAL_TYPE_CONDITIONED,layer-19:FULL_MIXED_STRIPE:p8,PHYSICALLY_GROUNDED_MODEL_INPUT
19,GATED_MLA,worker_protocol,1,4,0.6952,47,FROZEN_PHYSICAL_AUTHENTICATED_FRAME,layer-19:FULL_MIXED_STRIPE:p8,PHYSICAL_INHERITED_E022
19,GATED_MLA,whole_layer,1,4,7.946199999999999,47,PHYSICAL_TYPE_CONDITIONED,layer-19:WHOLE_LAYER:p1,PHYSICALLY_GROUNDED_MODEL_INPUT
20,KDA,attention_common,1,1,0.050699999999999995,45,FRESH_PHYSICAL_TYPE_CONDITIONED,layer-20:FULL_MIXED_STRIPE:p8,PHYSICALLY_GROUNDED_MODEL_INPUT
20,KDA,attention_preprocess,1,1,0.3388,45,FRESH_PHYSICAL_TYPE_CONDITIONED,layer-20:FULL_MIXED_STRIPE:p8,PHYSICALLY_GROUNDED_MODEL_INPUT
20,KDA,attention_reduction,8,1,1.5225,45,FRESH_PHYSICAL_TYPE_CONDITIONED,layer-20:FULL_MIXED_STRIPE:p8,PHYSICALLY_GROUNDED_MODEL_INPUT
20,KDA,attention_shard,8,1,0.3079,45,FRESH_PHYSICAL_TYPE_CONDITIONED,layer-20:FULL_MIXED_STRIPE:p8,PHYSICALLY_GROUNDED_MODEL_INPUT
20,KDA,expert_reduction,8,1,1.183,45,FRESH_PHYSICAL_TYPE_CONDITIONED,layer-20:FULL_MIXED_STRIPE:p8,PHYSICALLY_GROUNDED_MODEL_INPUT
20,KDA,expert_stripe,8,1,0.23620000000000002,45,FRESH_PHYSICAL_TYPE_CONDITIONED,layer-20:FULL_MIXED_STRIPE:p8,PHYSICALLY_GROUNDED_MODEL_INPUT
20,KDA,latent_down,8,1,0.0447,45,FRESH_PHYSICAL_TYPE_CONDITIONED,layer-20:FULL_MIXED_STRIPE:p8,PHYSICALLY_GROUNDED_MODEL_INPUT
20,KDA,latent_up,8,1,0.0463,45,FRESH_PHYSICAL_TYPE_CONDITIONED,layer-20:FULL_MIXED_STRIPE:p8,PHYSICALLY_GROUNDED_MODEL_INPUT
20,KDA,latent_up_reduction,8,1,1.46,45,FRESH_PHYSICAL_TYPE_CONDITIONED,layer-20:FULL_MIXED_STRIPE:p8,PHYSICALLY_GROUNDED_MODEL_INPUT
20,KDA,output_state_commit,1,1,0.15115,45,FRESH_PHYSICAL_TYPE_CONDITIONED,layer-20:FULL_MIXED_STRIPE:p8,PHYSICALLY_GROUNDED_MODEL_INPUT
20,KDA,post_attention_preprocess,1,1,0.3276,45,FRESH_PHYSICAL_TYPE_CONDITIONED,layer-20:FULL_MIXED_STRIPE:p8,PHYSICALLY_GROUNDED_MODEL_INPUT
20,KDA,routed_norm,1,1,0.13645000000000002,45,FRESH_PHYSICAL_TYPE_CONDITIONED,layer-20:FULL_MIXED_STRIPE:p8,PHYSICALLY_GROUNDED_MODEL_INPUT
20,KDA,routed_shared_reduction,2,1,1.1742,45,FRESH_PHYSICAL_TYPE_CONDITIONED,layer-20:FULL_MIXED_STRIPE:p8,PHYSICALLY_GROUNDED_MODEL_INPUT
20,KDA,router,1,1,0.6472,45,FRESH_PHYSICAL_TYPE_CONDITIONED,layer-20:FULL_MIXED_STRIPE:p8,PHYSICALLY_GROUNDED_MODEL_INPUT
20,KDA,shared_expert,8,1,0.1073,45,FRESH_PHYSICAL_TYPE_CONDITIONED,layer-20:FULL_MIXED_STRIPE:p8,PHYSICALLY_GROUNDED_MODEL_INPUT
20,KDA,shared_reduction,8,1,1.46,45,FRESH_PHYSICAL_TYPE_CONDITIONED,layer-20:FULL_MIXED_STRIPE:p8,PHYSICALLY_GROUNDED_MODEL_INPUT
20,KDA,worker_protocol,1,1,0.3813,45,FROZEN_PHYSICAL_AUTHENTICATED_FRAME,layer-20:FULL_MIXED_STRIPE:p8,PHYSICAL_INHERITED_E022
20,KDA,whole_layer,1,1,4.212,45,PHYSICAL_TYPE_CONDITIONED,layer-20:WHOLE_LAYER:p1,PHYSICALLY_GROUNDED_MODEL_INPUT
20,KDA,attention_common,1,2,0.05115,45,FRESH_PHYSICAL_TYPE_CONDITIONED,layer-20:FULL_MIXED_STRIPE:p8,PHYSICALLY_GROUNDED_MODEL_INPUT
20,KDA,attention_preprocess,1,2,0.5454,45,FRESH_PHYSICAL_TYPE_CONDITIONED,layer-20:FULL_MIXED_STRIPE:p8,PHYSICALLY_GROUNDED_MODEL_INPUT
20,KDA,attention_reduction,8,2,1.52125,45,FRESH_PHYSICAL_TYPE_CONDITIONED,layer-20:FULL_MIXED_STRIPE:p8,PHYSICALLY_GROUNDED_MODEL_INPUT
20,KDA,attention_shard,8,2,0.40215,45,FRESH_PHYSICAL_TYPE_CONDITIONED,layer-20:FULL_MIXED_STRIPE:p8,PHYSICALLY_GROUNDED_MODEL_INPUT
20,KDA,expert_reduction,8,2,1.0752,45,FRESH_PHYSICAL_TYPE_CONDITIONED,layer-20:FULL_MIXED_STRIPE:p8,PHYSICALLY_GROUNDED_MODEL_INPUT
20,KDA,expert_stripe,8,2,0.39315,45,FRESH_PHYSICAL_TYPE_CONDITIONED,layer-20:FULL_MIXED_STRIPE:p8,PHYSICALLY_GROUNDED_MODEL_INPUT
20,KDA,latent_down,8,2,0.05,45,FRESH_PHYSICAL_TYPE_CONDITIONED,layer-20:FULL_MIXED_STRIPE:p8,PHYSICALLY_GROUNDED_MODEL_INPUT
20,KDA,latent_up,8,2,0.0584,45,FRESH_PHYSICAL_TYPE_CONDITIONED,layer-20:FULL_MIXED_STRIPE:p8,PHYSICALLY_GROUNDED_MODEL_INPUT
20,KDA,latent_up_reduction,8,2,1.46,45,FRESH_PHYSICAL_TYPE_CONDITIONED,layer-20:FULL_MIXED_STRIPE:p8,PHYSICALLY_GROUNDED_MODEL_INPUT
20,KDA,output_state_commit,1,2,0.15510000000000002,45,FRESH_PHYSICAL_TYPE_CONDITIONED,layer-20:FULL_MIXED_STRIPE:p8,PHYSICALLY_GROUNDED_MODEL_INPUT
20,KDA,post_attention_preprocess,1,2,0.54325,45,FRESH_PHYSICAL_TYPE_CONDITIONED,layer-20:FULL_MIXED_STRIPE:p8,PHYSICALLY_GROUNDED_MODEL_INPUT
20,KDA,routed_norm,1,2,0.1233,45,FRESH_PHYSICAL_TYPE_CONDITIONED,layer-20:FULL_MIXED_STRIPE:p8,PHYSICALLY_GROUNDED_MODEL_INPUT
20,KDA,routed_shared_reduction,2,2,1.2424,45,FRESH_PHYSICAL_TYPE_CONDITIONED,layer-20:FULL_MIXED_STRIPE:p8,PHYSICALLY_GROUNDED_MODEL_INPUT
20,KDA,router,1,2,0.6437,45,FRESH_PHYSICAL_TYPE_CONDITIONED,layer-20:FULL_MIXED_STRIPE:p8,PHYSICALLY_GROUNDED_MODEL_INPUT
20,KDA,shared_expert,8,2,0.12365000000000001,45,FRESH_PHYSICAL_TYPE_CONDITIONED,layer-20:FULL_MIXED_STRIPE:p8,PHYSICALLY_GROUNDED_MODEL_INPUT
20,KDA,shared_reduction,8,2,1.46,45,FRESH_PHYSICAL_TYPE_CONDITIONED,layer-20:FULL_MIXED_STRIPE:p8,PHYSICALLY_GROUNDED_MODEL_INPUT
20,KDA,worker_protocol,1,2,0.4718,45,FROZEN_PHYSICAL_AUTHENTICATED_FRAME,layer-20:FULL_MIXED_STRIPE:p8,PHYSICAL_INHERITED_E022
20,KDA,whole_layer,1,2,5.8731,45,PHYSICAL_TYPE_CONDITIONED,layer-20:WHOLE_LAYER:p1,PHYSICALLY_GROUNDED_MODEL_INPUT
20,KDA,attention_common,1,4,0.0511,45,FRESH_PHYSICAL_TYPE_CONDITIONED,layer-20:FULL_MIXED_STRIPE:p8,PHYSICALLY_GROUNDED_MODEL_INPUT
20,KDA,attention_preprocess,1,4,0.9714,45,FRESH_PHYSICAL_TYPE_CONDITIONED,layer-20:FULL_MIXED_STRIPE:p8,PHYSICALLY_GROUNDED_MODEL_INPUT
20,KDA,attention_reduction,8,4,1.6047500000000001,45,FRESH_PHYSICAL_TYPE_CONDITIONED,layer-20:FULL_MIXED_STRIPE:p8,PHYSICALLY_GROUNDED_MODEL_INPUT
20,KDA,attention_shard,8,4,0.6811,45,FRESH_PHYSICAL_TYPE_CONDITIONED,layer-20:FULL_MIXED_STRIPE:p8,PHYSICALLY_GROUNDED_MODEL_INPUT
20,KDA,expert_reduction,8,4,1.466,45,FRESH_PHYSICAL_TYPE_CONDITIONED,layer-20:FULL_MIXED_STRIPE:p8,PHYSICALLY_GROUNDED_MODEL_INPUT
20,KDA,expert_stripe,8,4,0.6790499999999999,45,FRESH_PHYSICAL_TYPE_CONDITIONED,layer-20:FULL_MIXED_STRIPE:p8,PHYSICALLY_GROUNDED_MODEL_INPUT
20,KDA,latent_down,8,4,0.0902,45,FRESH_PHYSICAL_TYPE_CONDITIONED,layer-20:FULL_MIXED_STRIPE:p8,PHYSICALLY_GROUNDED_MODEL_INPUT
20,KDA,latent_up,8,4,0.0815,45,FRESH_PHYSICAL_TYPE_CONDITIONED,layer-20:FULL_MIXED_STRIPE:p8,PHYSICALLY_GROUNDED_MODEL_INPUT
20,KDA,latent_up_reduction,8,4,1.5376,45,FRESH_PHYSICAL_TYPE_CONDITIONED,layer-20:FULL_MIXED_STRIPE:p8,PHYSICALLY_GROUNDED_MODEL_INPUT
20,KDA,output_state_commit,1,4,0.18295,45,FRESH_PHYSICAL_TYPE_CONDITIONED,layer-20:FULL_MIXED_STRIPE:p8,PHYSICALLY_GROUNDED_MODEL_INPUT
20,KDA,post_attention_preprocess,1,4,0.9783,45,FRESH_PHYSICAL_TYPE_CONDITIONED,layer-20:FULL_MIXED_STRIPE:p8,PHYSICALLY_GROUNDED_MODEL_INPUT
20,KDA,routed_norm,1,4,0.1302,45,FRESH_PHYSICAL_TYPE_CONDITIONED,layer-20:FULL_MIXED_STRIPE:p8,PHYSICALLY_GROUNDED_MODEL_INPUT
20,KDA,routed_shared_reduction,2,4,1.2015,45,FRESH_PHYSICAL_TYPE_CONDITIONED,layer-20:FULL_MIXED_STRIPE:p8,PHYSICALLY_GROUNDED_MODEL_INPUT
20,KDA,router,1,4,0.64645,45,FRESH_PHYSICAL_TYPE_CONDITIONED,layer-20:FULL_MIXED_STRIPE:p8,PHYSICALLY_GROUNDED_MODEL_INPUT
20,KDA,shared_expert,8,4,0.2192,45,FRESH_PHYSICAL_TYPE_CONDITIONED,layer-20:FULL_MIXED_STRIPE:p8,PHYSICALLY_GROUNDED_MODEL_INPUT
20,KDA,shared_reduction,8,4,1.5376,45,FRESH_PHYSICAL_TYPE_CONDITIONED,layer-20:FULL_MIXED_STRIPE:p8,PHYSICALLY_GROUNDED_MODEL_INPUT
20,KDA,worker_protocol,1,4,0.6952,45,FROZEN_PHYSICAL_AUTHENTICATED_FRAME,layer-20:FULL_MIXED_STRIPE:p8,PHYSICAL_INHERITED_E022
20,KDA,whole_layer,1,4,8.604849999999999,45,PHYSICAL_TYPE_CONDITIONED,layer-20:WHOLE_LAYER:p1,PHYSICALLY_GROUNDED_MODEL_INPUT
21,KDA,attention_common,1,1,0.050699999999999995,45,FRESH_PHYSICAL_TYPE_CONDITIONED,layer-21:FULL_MIXED_STRIPE:p8,PHYSICALLY_GROUNDED_MODEL_INPUT
21,KDA,attention_preprocess,1,1,0.3388,45,FRESH_PHYSICAL_TYPE_CONDITIONED,layer-21:FULL_MIXED_STRIPE:p8,PHYSICALLY_GROUNDED_MODEL_INPUT
21,KDA,attention_reduction,8,1,1.5225,45,FRESH_PHYSICAL_TYPE_CONDITIONED,layer-21:FULL_MIXED_STRIPE:p8,PHYSICALLY_GROUNDED_MODEL_INPUT
21,KDA,attention_shard,8,1,0.3079,45,FRESH_PHYSICAL_TYPE_CONDITIONED,layer-21:FULL_MIXED_STRIPE:p8,PHYSICALLY_GROUNDED_MODEL_INPUT
21,KDA,expert_reduction,8,1,1.183,45,FRESH_PHYSICAL_TYPE_CONDITIONED,layer-21:FULL_MIXED_STRIPE:p8,PHYSICALLY_GROUNDED_MODEL_INPUT
21,KDA,expert_stripe,8,1,0.23620000000000002,45,FRESH_PHYSICAL_TYPE_CONDITIONED,layer-21:FULL_MIXED_STRIPE:p8,PHYSICALLY_GROUNDED_MODEL_INPUT
21,KDA,latent_down,8,1,0.0447,45,FRESH_PHYSICAL_TYPE_CONDITIONED,layer-21:FULL_MIXED_STRIPE:p8,PHYSICALLY_GROUNDED_MODEL_INPUT
21,KDA,latent_up,8,1,0.0463,45,FRESH_PHYSICAL_TYPE_CONDITIONED,layer-21:FULL_MIXED_STRIPE:p8,PHYSICALLY_GROUNDED_MODEL_INPUT
21,KDA,latent_up_reduction,8,1,1.46,45,FRESH_PHYSICAL_TYPE_CONDITIONED,layer-21:FULL_MIXED_STRIPE:p8,PHYSICALLY_GROUNDED_MODEL_INPUT
21,KDA,output_state_commit,1,1,0.15115,45,FRESH_PHYSICAL_TYPE_CONDITIONED,layer-21:FULL_MIXED_STRIPE:p8,PHYSICALLY_GROUNDED_MODEL_INPUT
21,KDA,post_attention_preprocess,1,1,0.3276,45,FRESH_PHYSICAL_TYPE_CONDITIONED,layer-21:FULL_MIXED_STRIPE:p8,PHYSICALLY_GROUNDED_MODEL_INPUT
21,KDA,routed_norm,1,1,0.13645000000000002,45,FRESH_PHYSICAL_TYPE_CONDITIONED,layer-21:FULL_MIXED_STRIPE:p8,PHYSICALLY_GROUNDED_MODEL_INPUT
21,KDA,routed_shared_reduction,2,1,1.1742,45,FRESH_PHYSICAL_TYPE_CONDITIONED,layer-21:FULL_MIXED_STRIPE:p8,PHYSICALLY_GROUNDED_MODEL_INPUT
21,KDA,router,1,1,0.6472,45,FRESH_PHYSICAL_TYPE_CONDITIONED,layer-21:FULL_MIXED_STRIPE:p8,PHYSICALLY_GROUNDED_MODEL_INPUT
21,KDA,shared_expert,8,1,0.1073,45,FRESH_PHYSICAL_TYPE_CONDITIONED,layer-21:FULL_MIXED_STRIPE:p8,PHYSICALLY_GROUNDED_MODEL_INPUT
21,KDA,shared_reduction,8,1,1.46,45,FRESH_PHYSICAL_TYPE_CONDITIONED,layer-21:FULL_MIXED_STRIPE:p8,PHYSICALLY_GROUNDED_MODEL_INPUT
21,KDA,worker_protocol,1,1,0.3813,45,FROZEN_PHYSICAL_AUTHENTICATED_FRAME,layer-21:FULL_MIXED_STRIPE:p8,PHYSICAL_INHERITED_E022
21,KDA,whole_layer,1,1,4.212,45,PHYSICAL_TYPE_CONDITIONED,layer-21:WHOLE_LAYER:p1,PHYSICALLY_GROUNDED_MODEL_INPUT
21,KDA,attention_common,1,2,0.05115,45,FRESH_PHYSICAL_TYPE_CONDITIONED,layer-21:FULL_MIXED_STRIPE:p8,PHYSICALLY_GROUNDED_MODEL_INPUT
21,KDA,attention_preprocess,1,2,0.5454,45,FRESH_PHYSICAL_TYPE_CONDITIONED,layer-21:FULL_MIXED_STRIPE:p8,PHYSICALLY_GROUNDED_MODEL_INPUT
21,KDA,attention_reduction,8,2,1.52125,45,FRESH_PHYSICAL_TYPE_CONDITIONED,layer-21:FULL_MIXED_STRIPE:p8,PHYSICALLY_GROUNDED_MODEL_INPUT
21,KDA,attention_shard,8,2,0.40215,45,FRESH_PHYSICAL_TYPE_CONDITIONED,layer-21:FULL_MIXED_STRIPE:p8,PHYSICALLY_GROUNDED_MODEL_INPUT
21,KDA,expert_reduction,8,2,1.0752,45,FRESH_PHYSICAL_TYPE_CONDITIONED,layer-21:FULL_MIXED_STRIPE:p8,PHYSICALLY_GROUNDED_MODEL_INPUT
21,KDA,expert_stripe,8,2,0.39315,45,FRESH_PHYSICAL_TYPE_CONDITIONED,layer-21:FULL_MIXED_STRIPE:p8,PHYSICALLY_GROUNDED_MODEL_INPUT
21,KDA,latent_down,8,2,0.05,45,FRESH_PHYSICAL_TYPE_CONDITIONED,layer-21:FULL_MIXED_STRIPE:p8,PHYSICALLY_GROUNDED_MODEL_INPUT
21,KDA,latent_up,8,2,0.0584,45,FRESH_PHYSICAL_TYPE_CONDITIONED,layer-21:FULL_MIXED_STRIPE:p8,PHYSICALLY_GROUNDED_MODEL_INPUT
21,KDA,latent_up_reduction,8,2,1.46,45,FRESH_PHYSICAL_TYPE_CONDITIONED,layer-21:FULL_MIXED_STRIPE:p8,PHYSICALLY_GROUNDED_MODEL_INPUT
21,KDA,output_state_commit,1,2,0.15510000000000002,45,FRESH_PHYSICAL_TYPE_CONDITIONED,layer-21:FULL_MIXED_STRIPE:p8,PHYSICALLY_GROUNDED_MODEL_INPUT
21,KDA,post_attention_preprocess,1,2,0.54325,45,FRESH_PHYSICAL_TYPE_CONDITIONED,layer-21:FULL_MIXED_STRIPE:p8,PHYSICALLY_GROUNDED_MODEL_INPUT
21,KDA,routed_norm,1,2,0.1233,45,FRESH_PHYSICAL_TYPE_CONDITIONED,layer-21:FULL_MIXED_STRIPE:p8,PHYSICALLY_GROUNDED_MODEL_INPUT
21,KDA,routed_shared_reduction,2,2,1.2424,45,FRESH_PHYSICAL_TYPE_CONDITIONED,layer-21:FULL_MIXED_STRIPE:p8,PHYSICALLY_GROUNDED_MODEL_INPUT
21,KDA,router,1,2,0.6437,45,FRESH_PHYSICAL_TYPE_CONDITIONED,layer-21:FULL_MIXED_STRIPE:p8,PHYSICALLY_GROUNDED_MODEL_INPUT
21,KDA,shared_expert,8,2,0.12365000000000001,45,FRESH_PHYSICAL_TYPE_CONDITIONED,layer-21:FULL_MIXED_STRIPE:p8,PHYSICALLY_GROUNDED_MODEL_INPUT
21,KDA,shared_reduction,8,2,1.46,45,FRESH_PHYSICAL_TYPE_CONDITIONED,layer-21:FULL_MIXED_STRIPE:p8,PHYSICALLY_GROUNDED_MODEL_INPUT
21,KDA,worker_protocol,1,2,0.4718,45,FROZEN_PHYSICAL_AUTHENTICATED_FRAME,layer-21:FULL_MIXED_STRIPE:p8,PHYSICAL_INHERITED_E022
21,KDA,whole_layer,1,2,5.8731,45,PHYSICAL_TYPE_CONDITIONED,layer-21:WHOLE_LAYER:p1,PHYSICALLY_GROUNDED_MODEL_INPUT
21,KDA,attention_common,1,4,0.0511,45,FRESH_PHYSICAL_TYPE_CONDITIONED,layer-21:FULL_MIXED_STRIPE:p8,PHYSICALLY_GROUNDED_MODEL_INPUT
21,KDA,attention_preprocess,1,4,0.9714,45,FRESH_PHYSICAL_TYPE_CONDITIONED,layer-21:FULL_MIXED_STRIPE:p8,PHYSICALLY_GROUNDED_MODEL_INPUT
21,KDA,attention_reduction,8,4,1.6047500000000001,45,FRESH_PHYSICAL_TYPE_CONDITIONED,layer-21:FULL_MIXED_STRIPE:p8,PHYSICALLY_GROUNDED_MODEL_INPUT
21,KDA,attention_shard,8,4,0.6811,45,FRESH_PHYSICAL_TYPE_CONDITIONED,layer-21:FULL_MIXED_STRIPE:p8,PHYSICALLY_GROUNDED_MODEL_INPUT
21,KDA,expert_reduction,8,4,1.466,45,FRESH_PHYSICAL_TYPE_CONDITIONED,layer-21:FULL_MIXED_STRIPE:p8,PHYSICALLY_GROUNDED_MODEL_INPUT
21,KDA,expert_stripe,8,4,0.6790499999999999,45,FRESH_PHYSICAL_TYPE_CONDITIONED,layer-21:FULL_MIXED_STRIPE:p8,PHYSICALLY_GROUNDED_MODEL_INPUT
21,KDA,latent_down,8,4,0.0902,45,FRESH_PHYSICAL_TYPE_CONDITIONED,layer-21:FULL_MIXED_STRIPE:p8,PHYSICALLY_GROUNDED_MODEL_INPUT
21,KDA,latent_up,8,4,0.0815,45,FRESH_PHYSICAL_TYPE_CONDITIONED,layer-21:FULL_MIXED_STRIPE:p8,PHYSICALLY_GROUNDED_MODEL_INPUT
21,KDA,latent_up_reduction,8,4,1.5376,45,FRESH_PHYSICAL_TYPE_CONDITIONED,layer-21:FULL_MIXED_STRIPE:p8,PHYSICALLY_GROUNDED_MODEL_INPUT
21,KDA,output_state_commit,1,4,0.18295,45,FRESH_PHYSICAL_TYPE_CONDITIONED,layer-21:FULL_MIXED_STRIPE:p8,PHYSICALLY_GROUNDED_MODEL_INPUT
21,KDA,post_attention_preprocess,1,4,0.9783,45,FRESH_PHYSICAL_TYPE_CONDITIONED,layer-21:FULL_MIXED_STRIPE:p8,PHYSICALLY_GROUNDED_MODEL_INPUT
21,KDA,routed_norm,1,4,0.1302,45,FRESH_PHYSICAL_TYPE_CONDITIONED,layer-21:FULL_MIXED_STRIPE:p8,PHYSICALLY_GROUNDED_MODEL_INPUT
21,KDA,routed_shared_reduction,2,4,1.2015,45,FRESH_PHYSICAL_TYPE_CONDITIONED,layer-21:FULL_MIXED_STRIPE:p8,PHYSICALLY_GROUNDED_MODEL_INPUT
21,KDA,router,1,4,0.64645,45,FRESH_PHYSICAL_TYPE_CONDITIONED,layer-21:FULL_MIXED_STRIPE:p8,PHYSICALLY_GROUNDED_MODEL_INPUT
21,KDA,shared_expert,8,4,0.2192,45,FRESH_PHYSICAL_TYPE_CONDITIONED,layer-21:FULL_MIXED_STRIPE:p8,PHYSICALLY_GROUNDED_MODEL_INPUT
21,KDA,shared_reduction,8,4,1.5376,45,FRESH_PHYSICAL_TYPE_CONDITIONED,layer-21:FULL_MIXED_STRIPE:p8,PHYSICALLY_GROUNDED_MODEL_INPUT
21,KDA,worker_protocol,1,4,0.6952,45,FROZEN_PHYSICAL_AUTHENTICATED_FRAME,layer-21:FULL_MIXED_STRIPE:p8,PHYSICAL_INHERITED_E022
21,KDA,whole_layer,1,4,8.604849999999999,45,PHYSICAL_TYPE_CONDITIONED,layer-21:WHOLE_LAYER:p1,PHYSICALLY_GROUNDED_MODEL_INPUT
22,KDA,attention_common,1,1,0.050699999999999995,45,FRESH_PHYSICAL_TYPE_CONDITIONED,layer-22:FULL_MIXED_STRIPE:p8,PHYSICALLY_GROUNDED_MODEL_INPUT
22,KDA,attention_preprocess,1,1,0.3388,45,FRESH_PHYSICAL_TYPE_CONDITIONED,layer-22:FULL_MIXED_STRIPE:p8,PHYSICALLY_GROUNDED_MODEL_INPUT
22,KDA,attention_reduction,8,1,1.5225,45,FRESH_PHYSICAL_TYPE_CONDITIONED,layer-22:FULL_MIXED_STRIPE:p8,PHYSICALLY_GROUNDED_MODEL_INPUT
22,KDA,attention_shard,8,1,0.3079,45,FRESH_PHYSICAL_TYPE_CONDITIONED,layer-22:FULL_MIXED_STRIPE:p8,PHYSICALLY_GROUNDED_MODEL_INPUT
22,KDA,expert_reduction,8,1,1.183,45,FRESH_PHYSICAL_TYPE_CONDITIONED,layer-22:FULL_MIXED_STRIPE:p8,PHYSICALLY_GROUNDED_MODEL_INPUT
22,KDA,expert_stripe,8,1,0.23620000000000002,45,FRESH_PHYSICAL_TYPE_CONDITIONED,layer-22:FULL_MIXED_STRIPE:p8,PHYSICALLY_GROUNDED_MODEL_INPUT
22,KDA,latent_down,8,1,0.0447,45,FRESH_PHYSICAL_TYPE_CONDITIONED,layer-22:FULL_MIXED_STRIPE:p8,PHYSICALLY_GROUNDED_MODEL_INPUT
22,KDA,latent_up,8,1,0.0463,45,FRESH_PHYSICAL_TYPE_CONDITIONED,layer-22:FULL_MIXED_STRIPE:p8,PHYSICALLY_GROUNDED_MODEL_INPUT
22,KDA,latent_up_reduction,8,1,1.46,45,FRESH_PHYSICAL_TYPE_CONDITIONED,layer-22:FULL_MIXED_STRIPE:p8,PHYSICALLY_GROUNDED_MODEL_INPUT
22,KDA,output_state_commit,1,1,0.15115,45,FRESH_PHYSICAL_TYPE_CONDITIONED,layer-22:FULL_MIXED_STRIPE:p8,PHYSICALLY_GROUNDED_MODEL_INPUT
22,KDA,post_attention_preprocess,1,1,0.3276,45,FRESH_PHYSICAL_TYPE_CONDITIONED,layer-22:FULL_MIXED_STRIPE:p8,PHYSICALLY_GROUNDED_MODEL_INPUT
22,KDA,routed_norm,1,1,0.13645000000000002,45,FRESH_PHYSICAL_TYPE_CONDITIONED,layer-22:FULL_MIXED_STRIPE:p8,PHYSICALLY_GROUNDED_MODEL_INPUT
22,KDA,routed_shared_reduction,2,1,1.1742,45,FRESH_PHYSICAL_TYPE_CONDITIONED,layer-22:FULL_MIXED_STRIPE:p8,PHYSICALLY_GROUNDED_MODEL_INPUT
22,KDA,router,1,1,0.6472,45,FRESH_PHYSICAL_TYPE_CONDITIONED,layer-22:FULL_MIXED_STRIPE:p8,PHYSICALLY_GROUNDED_MODEL_INPUT
22,KDA,shared_expert,8,1,0.1073,45,FRESH_PHYSICAL_TYPE_CONDITIONED,layer-22:FULL_MIXED_STRIPE:p8,PHYSICALLY_GROUNDED_MODEL_INPUT
22,KDA,shared_reduction,8,1,1.46,45,FRESH_PHYSICAL_TYPE_CONDITIONED,layer-22:FULL_MIXED_STRIPE:p8,PHYSICALLY_GROUNDED_MODEL_INPUT
22,KDA,worker_protocol,1,1,0.3813,45,FROZEN_PHYSICAL_AUTHENTICATED_FRAME,layer-22:FULL_MIXED_STRIPE:p8,PHYSICAL_INHERITED_E022
22,KDA,whole_layer,1,1,4.212,45,PHYSICAL_TYPE_CONDITIONED,layer-22:WHOLE_LAYER:p1,PHYSICALLY_GROUNDED_MODEL_INPUT
22,KDA,attention_common,1,2,0.05115,45,FRESH_PHYSICAL_TYPE_CONDITIONED,layer-22:FULL_MIXED_STRIPE:p8,PHYSICALLY_GROUNDED_MODEL_INPUT
22,KDA,attention_preprocess,1,2,0.5454,45,FRESH_PHYSICAL_TYPE_CONDITIONED,layer-22:FULL_MIXED_STRIPE:p8,PHYSICALLY_GROUNDED_MODEL_INPUT
22,KDA,attention_reduction,8,2,1.52125,45,FRESH_PHYSICAL_TYPE_CONDITIONED,layer-22:FULL_MIXED_STRIPE:p8,PHYSICALLY_GROUNDED_MODEL_INPUT
22,KDA,attention_shard,8,2,0.40215,45,FRESH_PHYSICAL_TYPE_CONDITIONED,layer-22:FULL_MIXED_STRIPE:p8,PHYSICALLY_GROUNDED_MODEL_INPUT
22,KDA,expert_reduction,8,2,1.0752,45,FRESH_PHYSICAL_TYPE_CONDITIONED,layer-22:FULL_MIXED_STRIPE:p8,PHYSICALLY_GROUNDED_MODEL_INPUT
22,KDA,expert_stripe,8,2,0.39315,45,FRESH_PHYSICAL_TYPE_CONDITIONED,layer-22:FULL_MIXED_STRIPE:p8,PHYSICALLY_GROUNDED_MODEL_INPUT
22,KDA,latent_down,8,2,0.05,45,FRESH_PHYSICAL_TYPE_CONDITIONED,layer-22:FULL_MIXED_STRIPE:p8,PHYSICALLY_GROUNDED_MODEL_INPUT
22,KDA,latent_up,8,2,0.0584,45,FRESH_PHYSICAL_TYPE_CONDITIONED,layer-22:FULL_MIXED_STRIPE:p8,PHYSICALLY_GROUNDED_MODEL_INPUT
22,KDA,latent_up_reduction,8,2,1.46,45,FRESH_PHYSICAL_TYPE_CONDITIONED,layer-22:FULL_MIXED_STRIPE:p8,PHYSICALLY_GROUNDED_MODEL_INPUT
22,KDA,output_state_commit,1,2,0.15510000000000002,45,FRESH_PHYSICAL_TYPE_CONDITIONED,layer-22:FULL_MIXED_STRIPE:p8,PHYSICALLY_GROUNDED_MODEL_INPUT
22,KDA,post_attention_preprocess,1,2,0.54325,45,FRESH_PHYSICAL_TYPE_CONDITIONED,layer-22:FULL_MIXED_STRIPE:p8,PHYSICALLY_GROUNDED_MODEL_INPUT
22,KDA,routed_norm,1,2,0.1233,45,FRESH_PHYSICAL_TYPE_CONDITIONED,layer-22:FULL_MIXED_STRIPE:p8,PHYSICALLY_GROUNDED_MODEL_INPUT
22,KDA,routed_shared_reduction,2,2,1.2424,45,FRESH_PHYSICAL_TYPE_CONDITIONED,layer-22:FULL_MIXED_STRIPE:p8,PHYSICALLY_GROUNDED_MODEL_INPUT
22,KDA,router,1,2,0.6437,45,FRESH_PHYSICAL_TYPE_CONDITIONED,layer-22:FULL_MIXED_STRIPE:p8,PHYSICALLY_GROUNDED_MODEL_INPUT
22,KDA,shared_expert,8,2,0.12365000000000001,45,FRESH_PHYSICAL_TYPE_CONDITIONED,layer-22:FULL_MIXED_STRIPE:p8,PHYSICALLY_GROUNDED_MODEL_INPUT
22,KDA,shared_reduction,8,2,1.46,45,FRESH_PHYSICAL_TYPE_CONDITIONED,layer-22:FULL_MIXED_STRIPE:p8,PHYSICALLY_GROUNDED_MODEL_INPUT
22,KDA,worker_protocol,1,2,0.4718,45,FROZEN_PHYSICAL_AUTHENTICATED_FRAME,layer-22:FULL_MIXED_STRIPE:p8,PHYSICAL_INHERITED_E022
22,KDA,whole_layer,1,2,5.8731,45,PHYSICAL_TYPE_CONDITIONED,layer-22:WHOLE_LAYER:p1,PHYSICALLY_GROUNDED_MODEL_INPUT
22,KDA,attention_common,1,4,0.0511,45,FRESH_PHYSICAL_TYPE_CONDITIONED,layer-22:FULL_MIXED_STRIPE:p8,PHYSICALLY_GROUNDED_MODEL_INPUT
22,KDA,attention_preprocess,1,4,0.9714,45,FRESH_PHYSICAL_TYPE_CONDITIONED,layer-22:FULL_MIXED_STRIPE:p8,PHYSICALLY_GROUNDED_MODEL_INPUT
22,KDA,attention_reduction,8,4,1.6047500000000001,45,FRESH_PHYSICAL_TYPE_CONDITIONED,layer-22:FULL_MIXED_STRIPE:p8,PHYSICALLY_GROUNDED_MODEL_INPUT
22,KDA,attention_shard,8,4,0.6811,45,FRESH_PHYSICAL_TYPE_CONDITIONED,layer-22:FULL_MIXED_STRIPE:p8,PHYSICALLY_GROUNDED_MODEL_INPUT
22,KDA,expert_reduction,8,4,1.466,45,FRESH_PHYSICAL_TYPE_CONDITIONED,layer-22:FULL_MIXED_STRIPE:p8,PHYSICALLY_GROUNDED_MODEL_INPUT
22,KDA,expert_stripe,8,4,0.6790499999999999,45,FRESH_PHYSICAL_TYPE_CONDITIONED,layer-22:FULL_MIXED_STRIPE:p8,PHYSICALLY_GROUNDED_MODEL_INPUT
22,KDA,latent_down,8,4,0.0902,45,FRESH_PHYSICAL_TYPE_CONDITIONED,layer-22:FULL_MIXED_STRIPE:p8,PHYSICALLY_GROUNDED_MODEL_INPUT
22,KDA,latent_up,8,4,0.0815,45,FRESH_PHYSICAL_TYPE_CONDITIONED,layer-22:FULL_MIXED_STRIPE:p8,PHYSICALLY_GROUNDED_MODEL_INPUT
22,KDA,latent_up_reduction,8,4,1.5376,45,FRESH_PHYSICAL_TYPE_CONDITIONED,layer-22:FULL_MIXED_STRIPE:p8,PHYSICALLY_GROUNDED_MODEL_INPUT
22,KDA,output_state_commit,1,4,0.18295,45,FRESH_PHYSICAL_TYPE_CONDITIONED,layer-22:FULL_MIXED_STRIPE:p8,PHYSICALLY_GROUNDED_MODEL_INPUT
22,KDA,post_attention_preprocess,1,4,0.9783,45,FRESH_PHYSICAL_TYPE_CONDITIONED,layer-22:FULL_MIXED_STRIPE:p8,PHYSICALLY_GROUNDED_MODEL_INPUT
22,KDA,routed_norm,1,4,0.1302,45,FRESH_PHYSICAL_TYPE_CONDITIONED,layer-22:FULL_MIXED_STRIPE:p8,PHYSICALLY_GROUNDED_MODEL_INPUT
22,KDA,routed_shared_reduction,2,4,1.2015,45,FRESH_PHYSICAL_TYPE_CONDITIONED,layer-22:FULL_MIXED_STRIPE:p8,PHYSICALLY_GROUNDED_MODEL_INPUT
22,KDA,router,1,4,0.64645,45,FRESH_PHYSICAL_TYPE_CONDITIONED,layer-22:FULL_MIXED_STRIPE:p8,PHYSICALLY_GROUNDED_MODEL_INPUT
22,KDA,shared_expert,8,4,0.2192,45,FRESH_PHYSICAL_TYPE_CONDITIONED,layer-22:FULL_MIXED_STRIPE:p8,PHYSICALLY_GROUNDED_MODEL_INPUT
22,KDA,shared_reduction,8,4,1.5376,45,FRESH_PHYSICAL_TYPE_CONDITIONED,layer-22:FULL_MIXED_STRIPE:p8,PHYSICALLY_GROUNDED_MODEL_INPUT
22,KDA,worker_protocol,1,4,0.6952,45,FROZEN_PHYSICAL_AUTHENTICATED_FRAME,layer-22:FULL_MIXED_STRIPE:p8,PHYSICAL_INHERITED_E022
22,KDA,whole_layer,1,4,8.604849999999999,45,PHYSICAL_TYPE_CONDITIONED,layer-22:WHOLE_LAYER:p1,PHYSICALLY_GROUNDED_MODEL_INPUT
23,GATED_MLA,attention_common,1,1,0.0867,47,FRESH_PHYSICAL_TYPE_CONDITIONED,layer-23:FULL_MIXED_STRIPE:p8,PHYSICALLY_GROUNDED_MODEL_INPUT
23,GATED_MLA,attention_preprocess,1,1,0.34825,47,FRESH_PHYSICAL_TYPE_CONDITIONED,layer-23:FULL_MIXED_STRIPE:p8,PHYSICALLY_GROUNDED_MODEL_INPUT
23,GATED_MLA,attention_reduction,8,1,1.5127,47,FRESH_PHYSICAL_TYPE_CONDITIONED,layer-23:FULL_MIXED_STRIPE:p8,PHYSICALLY_GROUNDED_MODEL_INPUT
23,GATED_MLA,attention_shard,8,1,0.1987,47,FRESH_PHYSICAL_TYPE_CONDITIONED,layer-23:FULL_MIXED_STRIPE:p8,PHYSICALLY_GROUNDED_MODEL_INPUT
23,GATED_MLA,expert_reduction,8,1,1.183,47,FRESH_PHYSICAL_TYPE_CONDITIONED,layer-23:FULL_MIXED_STRIPE:p8,PHYSICALLY_GROUNDED_MODEL_INPUT
23,GATED_MLA,expert_stripe,8,1,0.2368,47,FRESH_PHYSICAL_TYPE_CONDITIONED,layer-23:FULL_MIXED_STRIPE:p8,PHYSICALLY_GROUNDED_MODEL_INPUT
23,GATED_MLA,latent_down,8,1,0.0443,47,FRESH_PHYSICAL_TYPE_CONDITIONED,layer-23:FULL_MIXED_STRIPE:p8,PHYSICALLY_GROUNDED_MODEL_INPUT
23,GATED_MLA,latent_up,8,1,0.04985,47,FRESH_PHYSICAL_TYPE_CONDITIONED,layer-23:FULL_MIXED_STRIPE:p8,PHYSICALLY_GROUNDED_MODEL_INPUT
23,GATED_MLA,latent_up_reduction,8,1,1.46,47,FRESH_PHYSICAL_TYPE_CONDITIONED,layer-23:FULL_MIXED_STRIPE:p8,PHYSICALLY_GROUNDED_MODEL_INPUT
23,GATED_MLA,output_state_commit,1,1,0.1533,47,FRESH_PHYSICAL_TYPE_CONDITIONED,layer-23:FULL_MIXED_STRIPE:p8,PHYSICALLY_GROUNDED_MODEL_INPUT
23,GATED_MLA,post_attention_preprocess,1,1,0.33235000000000003,47,FRESH_PHYSICAL_TYPE_CONDITIONED,layer-23:FULL_MIXED_STRIPE:p8,PHYSICALLY_GROUNDED_MODEL_INPUT
23,GATED_MLA,routed_norm,1,1,0.12535000000000002,47,FRESH_PHYSICAL_TYPE_CONDITIONED,layer-23:FULL_MIXED_STRIPE:p8,PHYSICALLY_GROUNDED_MODEL_INPUT
23,GATED_MLA,routed_shared_reduction,2,1,1.1742,47,FRESH_PHYSICAL_TYPE_CONDITIONED,layer-23:FULL_MIXED_STRIPE:p8,PHYSICALLY_GROUNDED_MODEL_INPUT
23,GATED_MLA,router,1,1,0.6397999999999999,47,FRESH_PHYSICAL_TYPE_CONDITIONED,layer-23:FULL_MIXED_STRIPE:p8,PHYSICALLY_GROUNDED_MODEL_INPUT
23,GATED_MLA,shared_expert,8,1,0.10835,47,FRESH_PHYSICAL_TYPE_CONDITIONED,layer-23:FULL_MIXED_STRIPE:p8,PHYSICALLY_GROUNDED_MODEL_INPUT
23,GATED_MLA,shared_reduction,8,1,1.46,47,FRESH_PHYSICAL_TYPE_CONDITIONED,layer-23:FULL_MIXED_STRIPE:p8,PHYSICALLY_GROUNDED_MODEL_INPUT
23,GATED_MLA,worker_protocol,1,1,0.3813,47,FROZEN_PHYSICAL_AUTHENTICATED_FRAME,layer-23:FULL_MIXED_STRIPE:p8,PHYSICAL_INHERITED_E022
23,GATED_MLA,whole_layer,1,1,3.6313,47,PHYSICAL_TYPE_CONDITIONED,layer-23:WHOLE_LAYER:p1,PHYSICALLY_GROUNDED_MODEL_INPUT
23,GATED_MLA,attention_common,1,2,0.0963,47,FRESH_PHYSICAL_TYPE_CONDITIONED,layer-23:FULL_MIXED_STRIPE:p8,PHYSICALLY_GROUNDED_MODEL_INPUT
23,GATED_MLA,attention_preprocess,1,2,0.54495,47,FRESH_PHYSICAL_TYPE_CONDITIONED,layer-23:FULL_MIXED_STRIPE:p8,PHYSICALLY_GROUNDED_MODEL_INPUT
23,GATED_MLA,attention_reduction,8,2,1.51195,47,FRESH_PHYSICAL_TYPE_CONDITIONED,layer-23:FULL_MIXED_STRIPE:p8,PHYSICALLY_GROUNDED_MODEL_INPUT
23,GATED_MLA,attention_shard,8,2,0.28745,47,FRESH_PHYSICAL_TYPE_CONDITIONED,layer-23:FULL_MIXED_STRIPE:p8,PHYSICALLY_GROUNDED_MODEL_INPUT
23,GATED_MLA,expert_reduction,8,2,1.0752,47,FRESH_PHYSICAL_TYPE_CONDITIONED,layer-23:FULL_MIXED_STRIPE:p8,PHYSICALLY_GROUNDED_MODEL_INPUT
23,GATED_MLA,expert_stripe,8,2,0.378,47,FRESH_PHYSICAL_TYPE_CONDITIONED,layer-23:FULL_MIXED_STRIPE:p8,PHYSICALLY_GROUNDED_MODEL_INPUT
23,GATED_MLA,latent_down,8,2,0.0489,47,FRESH_PHYSICAL_TYPE_CONDITIONED,layer-23:FULL_MIXED_STRIPE:p8,PHYSICALLY_GROUNDED_MODEL_INPUT
23,GATED_MLA,latent_up,8,2,0.05835,47,FRESH_PHYSICAL_TYPE_CONDITIONED,layer-23:FULL_MIXED_STRIPE:p8,PHYSICALLY_GROUNDED_MODEL_INPUT
23,GATED_MLA,latent_up_reduction,8,2,1.46,47,FRESH_PHYSICAL_TYPE_CONDITIONED,layer-23:FULL_MIXED_STRIPE:p8,PHYSICALLY_GROUNDED_MODEL_INPUT
23,GATED_MLA,output_state_commit,1,2,0.15645,47,FRESH_PHYSICAL_TYPE_CONDITIONED,layer-23:FULL_MIXED_STRIPE:p8,PHYSICALLY_GROUNDED_MODEL_INPUT
23,GATED_MLA,post_attention_preprocess,1,2,0.541,47,FRESH_PHYSICAL_TYPE_CONDITIONED,layer-23:FULL_MIXED_STRIPE:p8,PHYSICALLY_GROUNDED_MODEL_INPUT
23,GATED_MLA,routed_norm,1,2,0.1384,47,FRESH_PHYSICAL_TYPE_CONDITIONED,layer-23:FULL_MIXED_STRIPE:p8,PHYSICALLY_GROUNDED_MODEL_INPUT
23,GATED_MLA,routed_shared_reduction,2,2,1.2424,47,FRESH_PHYSICAL_TYPE_CONDITIONED,layer-23:FULL_MIXED_STRIPE:p8,PHYSICALLY_GROUNDED_MODEL_INPUT
23,GATED_MLA,router,1,2,0.6346,47,FRESH_PHYSICAL_TYPE_CONDITIONED,layer-23:FULL_MIXED_STRIPE:p8,PHYSICALLY_GROUNDED_MODEL_INPUT
23,GATED_MLA,shared_expert,8,2,0.1232,47,FRESH_PHYSICAL_TYPE_CONDITIONED,layer-23:FULL_MIXED_STRIPE:p8,PHYSICALLY_GROUNDED_MODEL_INPUT
23,GATED_MLA,shared_reduction,8,2,1.46,47,FRESH_PHYSICAL_TYPE_CONDITIONED,layer-23:FULL_MIXED_STRIPE:p8,PHYSICALLY_GROUNDED_MODEL_INPUT
23,GATED_MLA,worker_protocol,1,2,0.4718,47,FROZEN_PHYSICAL_AUTHENTICATED_FRAME,layer-23:FULL_MIXED_STRIPE:p8,PHYSICAL_INHERITED_E022
23,GATED_MLA,whole_layer,1,2,5.43685,47,PHYSICAL_TYPE_CONDITIONED,layer-23:WHOLE_LAYER:p1,PHYSICALLY_GROUNDED_MODEL_INPUT
23,GATED_MLA,attention_common,1,4,0.17265,47,FRESH_PHYSICAL_TYPE_CONDITIONED,layer-23:FULL_MIXED_STRIPE:p8,PHYSICALLY_GROUNDED_MODEL_INPUT
23,GATED_MLA,attention_preprocess,1,4,0.98235,47,FRESH_PHYSICAL_TYPE_CONDITIONED,layer-23:FULL_MIXED_STRIPE:p8,PHYSICALLY_GROUNDED_MODEL_INPUT
23,GATED_MLA,attention_reduction,8,4,1.601,47,FRESH_PHYSICAL_TYPE_CONDITIONED,layer-23:FULL_MIXED_STRIPE:p8,PHYSICALLY_GROUNDED_MODEL_INPUT
23,GATED_MLA,attention_shard,8,4,0.4851,47,FRESH_PHYSICAL_TYPE_CONDITIONED,layer-23:FULL_MIXED_STRIPE:p8,PHYSICALLY_GROUNDED_MODEL_INPUT
23,GATED_MLA,expert_reduction,8,4,1.466,47,FRESH_PHYSICAL_TYPE_CONDITIONED,layer-23:FULL_MIXED_STRIPE:p8,PHYSICALLY_GROUNDED_MODEL_INPUT
23,GATED_MLA,expert_stripe,8,4,0.66125,47,FRESH_PHYSICAL_TYPE_CONDITIONED,layer-23:FULL_MIXED_STRIPE:p8,PHYSICALLY_GROUNDED_MODEL_INPUT
23,GATED_MLA,latent_down,8,4,0.08595,47,FRESH_PHYSICAL_TYPE_CONDITIONED,layer-23:FULL_MIXED_STRIPE:p8,PHYSICALLY_GROUNDED_MODEL_INPUT
23,GATED_MLA,latent_up,8,4,0.0813,47,FRESH_PHYSICAL_TYPE_CONDITIONED,layer-23:FULL_MIXED_STRIPE:p8,PHYSICALLY_GROUNDED_MODEL_INPUT
23,GATED_MLA,latent_up_reduction,8,4,1.5376,47,FRESH_PHYSICAL_TYPE_CONDITIONED,layer-23:FULL_MIXED_STRIPE:p8,PHYSICALLY_GROUNDED_MODEL_INPUT
23,GATED_MLA,output_state_commit,1,4,0.1817,47,FRESH_PHYSICAL_TYPE_CONDITIONED,layer-23:FULL_MIXED_STRIPE:p8,PHYSICALLY_GROUNDED_MODEL_INPUT
23,GATED_MLA,post_attention_preprocess,1,4,0.9854,47,FRESH_PHYSICAL_TYPE_CONDITIONED,layer-23:FULL_MIXED_STRIPE:p8,PHYSICALLY_GROUNDED_MODEL_INPUT
23,GATED_MLA,routed_norm,1,4,0.14075,47,FRESH_PHYSICAL_TYPE_CONDITIONED,layer-23:FULL_MIXED_STRIPE:p8,PHYSICALLY_GROUNDED_MODEL_INPUT
23,GATED_MLA,routed_shared_reduction,2,4,1.2015,47,FRESH_PHYSICAL_TYPE_CONDITIONED,layer-23:FULL_MIXED_STRIPE:p8,PHYSICALLY_GROUNDED_MODEL_INPUT
23,GATED_MLA,router,1,4,0.63985,47,FRESH_PHYSICAL_TYPE_CONDITIONED,layer-23:FULL_MIXED_STRIPE:p8,PHYSICALLY_GROUNDED_MODEL_INPUT
23,GATED_MLA,shared_expert,8,4,0.2192,47,FRESH_PHYSICAL_TYPE_CONDITIONED,layer-23:FULL_MIXED_STRIPE:p8,PHYSICALLY_GROUNDED_MODEL_INPUT
23,GATED_MLA,shared_reduction,8,4,1.5376,47,FRESH_PHYSICAL_TYPE_CONDITIONED,layer-23:FULL_MIXED_STRIPE:p8,PHYSICALLY_GROUNDED_MODEL_INPUT
23,GATED_MLA,worker_protocol,1,4,0.6952,47,FROZEN_PHYSICAL_AUTHENTICATED_FRAME,layer-23:FULL_MIXED_STRIPE:p8,PHYSICAL_INHERITED_E022
23,GATED_MLA,whole_layer,1,4,7.946199999999999,47,PHYSICAL_TYPE_CONDITIONED,layer-23:WHOLE_LAYER:p1,PHYSICALLY_GROUNDED_MODEL_INPUT
24,KDA,attention_common,1,1,0.050699999999999995,45,FRESH_PHYSICAL_TYPE_CONDITIONED,layer-24:FULL_MIXED_STRIPE:p8,PHYSICALLY_GROUNDED_MODEL_INPUT
24,KDA,attention_preprocess,1,1,0.3388,45,FRESH_PHYSICAL_TYPE_CONDITIONED,layer-24:FULL_MIXED_STRIPE:p8,PHYSICALLY_GROUNDED_MODEL_INPUT
24,KDA,attention_reduction,8,1,1.5225,45,FRESH_PHYSICAL_TYPE_CONDITIONED,layer-24:FULL_MIXED_STRIPE:p8,PHYSICALLY_GROUNDED_MODEL_INPUT
24,KDA,attention_shard,8,1,0.3079,45,FRESH_PHYSICAL_TYPE_CONDITIONED,layer-24:FULL_MIXED_STRIPE:p8,PHYSICALLY_GROUNDED_MODEL_INPUT
24,KDA,expert_reduction,8,1,1.183,45,FRESH_PHYSICAL_TYPE_CONDITIONED,layer-24:FULL_MIXED_STRIPE:p8,PHYSICALLY_GROUNDED_MODEL_INPUT
24,KDA,expert_stripe,8,1,0.23620000000000002,45,FRESH_PHYSICAL_TYPE_CONDITIONED,layer-24:FULL_MIXED_STRIPE:p8,PHYSICALLY_GROUNDED_MODEL_INPUT
24,KDA,latent_down,8,1,0.0447,45,FRESH_PHYSICAL_TYPE_CONDITIONED,layer-24:FULL_MIXED_STRIPE:p8,PHYSICALLY_GROUNDED_MODEL_INPUT
24,KDA,latent_up,8,1,0.0463,45,FRESH_PHYSICAL_TYPE_CONDITIONED,layer-24:FULL_MIXED_STRIPE:p8,PHYSICALLY_GROUNDED_MODEL_INPUT
24,KDA,latent_up_reduction,8,1,1.46,45,FRESH_PHYSICAL_TYPE_CONDITIONED,layer-24:FULL_MIXED_STRIPE:p8,PHYSICALLY_GROUNDED_MODEL_INPUT
24,KDA,output_state_commit,1,1,0.15115,45,FRESH_PHYSICAL_TYPE_CONDITIONED,layer-24:FULL_MIXED_STRIPE:p8,PHYSICALLY_GROUNDED_MODEL_INPUT
24,KDA,post_attention_preprocess,1,1,0.3276,45,FRESH_PHYSICAL_TYPE_CONDITIONED,layer-24:FULL_MIXED_STRIPE:p8,PHYSICALLY_GROUNDED_MODEL_INPUT
24,KDA,routed_norm,1,1,0.13645000000000002,45,FRESH_PHYSICAL_TYPE_CONDITIONED,layer-24:FULL_MIXED_STRIPE:p8,PHYSICALLY_GROUNDED_MODEL_INPUT
24,KDA,routed_shared_reduction,2,1,1.1742,45,FRESH_PHYSICAL_TYPE_CONDITIONED,layer-24:FULL_MIXED_STRIPE:p8,PHYSICALLY_GROUNDED_MODEL_INPUT
24,KDA,router,1,1,0.6472,45,FRESH_PHYSICAL_TYPE_CONDITIONED,layer-24:FULL_MIXED_STRIPE:p8,PHYSICALLY_GROUNDED_MODEL_INPUT
24,KDA,shared_expert,8,1,0.1073,45,FRESH_PHYSICAL_TYPE_CONDITIONED,layer-24:FULL_MIXED_STRIPE:p8,PHYSICALLY_GROUNDED_MODEL_INPUT
24,KDA,shared_reduction,8,1,1.46,45,FRESH_PHYSICAL_TYPE_CONDITIONED,layer-24:FULL_MIXED_STRIPE:p8,PHYSICALLY_GROUNDED_MODEL_INPUT
24,KDA,worker_protocol,1,1,0.3813,45,FROZEN_PHYSICAL_AUTHENTICATED_FRAME,layer-24:FULL_MIXED_STRIPE:p8,PHYSICAL_INHERITED_E022
24,KDA,whole_layer,1,1,4.212,45,PHYSICAL_TYPE_CONDITIONED,layer-24:WHOLE_LAYER:p1,PHYSICALLY_GROUNDED_MODEL_INPUT
24,KDA,attention_common,1,2,0.05115,45,FRESH_PHYSICAL_TYPE_CONDITIONED,layer-24:FULL_MIXED_STRIPE:p8,PHYSICALLY_GROUNDED_MODEL_INPUT
24,KDA,attention_preprocess,1,2,0.5454,45,FRESH_PHYSICAL_TYPE_CONDITIONED,layer-24:FULL_MIXED_STRIPE:p8,PHYSICALLY_GROUNDED_MODEL_INPUT
24,KDA,attention_reduction,8,2,1.52125,45,FRESH_PHYSICAL_TYPE_CONDITIONED,layer-24:FULL_MIXED_STRIPE:p8,PHYSICALLY_GROUNDED_MODEL_INPUT
24,KDA,attention_shard,8,2,0.40215,45,FRESH_PHYSICAL_TYPE_CONDITIONED,layer-24:FULL_MIXED_STRIPE:p8,PHYSICALLY_GROUNDED_MODEL_INPUT
24,KDA,expert_reduction,8,2,1.0752,45,FRESH_PHYSICAL_TYPE_CONDITIONED,layer-24:FULL_MIXED_STRIPE:p8,PHYSICALLY_GROUNDED_MODEL_INPUT
24,KDA,expert_stripe,8,2,0.39315,45,FRESH_PHYSICAL_TYPE_CONDITIONED,layer-24:FULL_MIXED_STRIPE:p8,PHYSICALLY_GROUNDED_MODEL_INPUT
24,KDA,latent_down,8,2,0.05,45,FRESH_PHYSICAL_TYPE_CONDITIONED,layer-24:FULL_MIXED_STRIPE:p8,PHYSICALLY_GROUNDED_MODEL_INPUT
24,KDA,latent_up,8,2,0.0584,45,FRESH_PHYSICAL_TYPE_CONDITIONED,layer-24:FULL_MIXED_STRIPE:p8,PHYSICALLY_GROUNDED_MODEL_INPUT
24,KDA,latent_up_reduction,8,2,1.46,45,FRESH_PHYSICAL_TYPE_CONDITIONED,layer-24:FULL_MIXED_STRIPE:p8,PHYSICALLY_GROUNDED_MODEL_INPUT
24,KDA,output_state_commit,1,2,0.15510000000000002,45,FRESH_PHYSICAL_TYPE_CONDITIONED,layer-24:FULL_MIXED_STRIPE:p8,PHYSICALLY_GROUNDED_MODEL_INPUT
24,KDA,post_attention_preprocess,1,2,0.54325,45,FRESH_PHYSICAL_TYPE_CONDITIONED,layer-24:FULL_MIXED_STRIPE:p8,PHYSICALLY_GROUNDED_MODEL_INPUT
24,KDA,routed_norm,1,2,0.1233,45,FRESH_PHYSICAL_TYPE_CONDITIONED,layer-24:FULL_MIXED_STRIPE:p8,PHYSICALLY_GROUNDED_MODEL_INPUT
24,KDA,routed_shared_reduction,2,2,1.2424,45,FRESH_PHYSICAL_TYPE_CONDITIONED,layer-24:FULL_MIXED_STRIPE:p8,PHYSICALLY_GROUNDED_MODEL_INPUT
24,KDA,router,1,2,0.6437,45,FRESH_PHYSICAL_TYPE_CONDITIONED,layer-24:FULL_MIXED_STRIPE:p8,PHYSICALLY_GROUNDED_MODEL_INPUT
24,KDA,shared_expert,8,2,0.12365000000000001,45,FRESH_PHYSICAL_TYPE_CONDITIONED,layer-24:FULL_MIXED_STRIPE:p8,PHYSICALLY_GROUNDED_MODEL_INPUT
24,KDA,shared_reduction,8,2,1.46,45,FRESH_PHYSICAL_TYPE_CONDITIONED,layer-24:FULL_MIXED_STRIPE:p8,PHYSICALLY_GROUNDED_MODEL_INPUT
24,KDA,worker_protocol,1,2,0.4718,45,FROZEN_PHYSICAL_AUTHENTICATED_FRAME,layer-24:FULL_MIXED_STRIPE:p8,PHYSICAL_INHERITED_E022
24,KDA,whole_layer,1,2,5.8731,45,PHYSICAL_TYPE_CONDITIONED,layer-24:WHOLE_LAYER:p1,PHYSICALLY_GROUNDED_MODEL_INPUT
24,KDA,attention_common,1,4,0.0511,45,FRESH_PHYSICAL_TYPE_CONDITIONED,layer-24:FULL_MIXED_STRIPE:p8,PHYSICALLY_GROUNDED_MODEL_INPUT
24,KDA,attention_preprocess,1,4,0.9714,45,FRESH_PHYSICAL_TYPE_CONDITIONED,layer-24:FULL_MIXED_STRIPE:p8,PHYSICALLY_GROUNDED_MODEL_INPUT
24,KDA,attention_reduction,8,4,1.6047500000000001,45,FRESH_PHYSICAL_TYPE_CONDITIONED,layer-24:FULL_MIXED_STRIPE:p8,PHYSICALLY_GROUNDED_MODEL_INPUT
24,KDA,attention_shard,8,4,0.6811,45,FRESH_PHYSICAL_TYPE_CONDITIONED,layer-24:FULL_MIXED_STRIPE:p8,PHYSICALLY_GROUNDED_MODEL_INPUT
24,KDA,expert_reduction,8,4,1.466,45,FRESH_PHYSICAL_TYPE_CONDITIONED,layer-24:FULL_MIXED_STRIPE:p8,PHYSICALLY_GROUNDED_MODEL_INPUT
24,KDA,expert_stripe,8,4,0.6790499999999999,45,FRESH_PHYSICAL_TYPE_CONDITIONED,layer-24:FULL_MIXED_STRIPE:p8,PHYSICALLY_GROUNDED_MODEL_INPUT
24,KDA,latent_down,8,4,0.0902,45,FRESH_PHYSICAL_TYPE_CONDITIONED,layer-24:FULL_MIXED_STRIPE:p8,PHYSICALLY_GROUNDED_MODEL_INPUT
24,KDA,latent_up,8,4,0.0815,45,FRESH_PHYSICAL_TYPE_CONDITIONED,layer-24:FULL_MIXED_STRIPE:p8,PHYSICALLY_GROUNDED_MODEL_INPUT
24,KDA,latent_up_reduction,8,4,1.5376,45,FRESH_PHYSICAL_TYPE_CONDITIONED,layer-24:FULL_MIXED_STRIPE:p8,PHYSICALLY_GROUNDED_MODEL_INPUT
24,KDA,output_state_commit,1,4,0.18295,45,FRESH_PHYSICAL_TYPE_CONDITIONED,layer-24:FULL_MIXED_STRIPE:p8,PHYSICALLY_GROUNDED_MODEL_INPUT
24,KDA,post_attention_preprocess,1,4,0.9783,45,FRESH_PHYSICAL_TYPE_CONDITIONED,layer-24:FULL_MIXED_STRIPE:p8,PHYSICALLY_GROUNDED_MODEL_INPUT
24,KDA,routed_norm,1,4,0.1302,45,FRESH_PHYSICAL_TYPE_CONDITIONED,layer-24:FULL_MIXED_STRIPE:p8,PHYSICALLY_GROUNDED_MODEL_INPUT
24,KDA,routed_shared_reduction,2,4,1.2015,45,FRESH_PHYSICAL_TYPE_CONDITIONED,layer-24:FULL_MIXED_STRIPE:p8,PHYSICALLY_GROUNDED_MODEL_INPUT
24,KDA,router,1,4,0.64645,45,FRESH_PHYSICAL_TYPE_CONDITIONED,layer-24:FULL_MIXED_STRIPE:p8,PHYSICALLY_GROUNDED_MODEL_INPUT
24,KDA,shared_expert,8,4,0.2192,45,FRESH_PHYSICAL_TYPE_CONDITIONED,layer-24:FULL_MIXED_STRIPE:p8,PHYSICALLY_GROUNDED_MODEL_INPUT
24,KDA,shared_reduction,8,4,1.5376,45,FRESH_PHYSICAL_TYPE_CONDITIONED,layer-24:FULL_MIXED_STRIPE:p8,PHYSICALLY_GROUNDED_MODEL_INPUT
24,KDA,worker_protocol,1,4,0.6952,45,FROZEN_PHYSICAL_AUTHENTICATED_FRAME,layer-24:FULL_MIXED_STRIPE:p8,PHYSICAL_INHERITED_E022
24,KDA,whole_layer,1,4,8.604849999999999,45,PHYSICAL_TYPE_CONDITIONED,layer-24:WHOLE_LAYER:p1,PHYSICALLY_GROUNDED_MODEL_INPUT
25,KDA,attention_common,1,1,0.050699999999999995,45,FRESH_PHYSICAL_TYPE_CONDITIONED,layer-25:FULL_MIXED_STRIPE:p8,PHYSICALLY_GROUNDED_MODEL_INPUT
25,KDA,attention_preprocess,1,1,0.3388,45,FRESH_PHYSICAL_TYPE_CONDITIONED,layer-25:FULL_MIXED_STRIPE:p8,PHYSICALLY_GROUNDED_MODEL_INPUT
25,KDA,attention_reduction,8,1,1.5225,45,FRESH_PHYSICAL_TYPE_CONDITIONED,layer-25:FULL_MIXED_STRIPE:p8,PHYSICALLY_GROUNDED_MODEL_INPUT
25,KDA,attention_shard,8,1,0.3079,45,FRESH_PHYSICAL_TYPE_CONDITIONED,layer-25:FULL_MIXED_STRIPE:p8,PHYSICALLY_GROUNDED_MODEL_INPUT
25,KDA,expert_reduction,8,1,1.183,45,FRESH_PHYSICAL_TYPE_CONDITIONED,layer-25:FULL_MIXED_STRIPE:p8,PHYSICALLY_GROUNDED_MODEL_INPUT
25,KDA,expert_stripe,8,1,0.23620000000000002,45,FRESH_PHYSICAL_TYPE_CONDITIONED,layer-25:FULL_MIXED_STRIPE:p8,PHYSICALLY_GROUNDED_MODEL_INPUT
25,KDA,latent_down,8,1,0.0447,45,FRESH_PHYSICAL_TYPE_CONDITIONED,layer-25:FULL_MIXED_STRIPE:p8,PHYSICALLY_GROUNDED_MODEL_INPUT
25,KDA,latent_up,8,1,0.0463,45,FRESH_PHYSICAL_TYPE_CONDITIONED,layer-25:FULL_MIXED_STRIPE:p8,PHYSICALLY_GROUNDED_MODEL_INPUT
25,KDA,latent_up_reduction,8,1,1.46,45,FRESH_PHYSICAL_TYPE_CONDITIONED,layer-25:FULL_MIXED_STRIPE:p8,PHYSICALLY_GROUNDED_MODEL_INPUT
25,KDA,output_state_commit,1,1,0.15115,45,FRESH_PHYSICAL_TYPE_CONDITIONED,layer-25:FULL_MIXED_STRIPE:p8,PHYSICALLY_GROUNDED_MODEL_INPUT
25,KDA,post_attention_preprocess,1,1,0.3276,45,FRESH_PHYSICAL_TYPE_CONDITIONED,layer-25:FULL_MIXED_STRIPE:p8,PHYSICALLY_GROUNDED_MODEL_INPUT
25,KDA,routed_norm,1,1,0.13645000000000002,45,FRESH_PHYSICAL_TYPE_CONDITIONED,layer-25:FULL_MIXED_STRIPE:p8,PHYSICALLY_GROUNDED_MODEL_INPUT
25,KDA,routed_shared_reduction,2,1,1.1742,45,FRESH_PHYSICAL_TYPE_CONDITIONED,layer-25:FULL_MIXED_STRIPE:p8,PHYSICALLY_GROUNDED_MODEL_INPUT
25,KDA,router,1,1,0.6472,45,FRESH_PHYSICAL_TYPE_CONDITIONED,layer-25:FULL_MIXED_STRIPE:p8,PHYSICALLY_GROUNDED_MODEL_INPUT
25,KDA,shared_expert,8,1,0.1073,45,FRESH_PHYSICAL_TYPE_CONDITIONED,layer-25:FULL_MIXED_STRIPE:p8,PHYSICALLY_GROUNDED_MODEL_INPUT
25,KDA,shared_reduction,8,1,1.46,45,FRESH_PHYSICAL_TYPE_CONDITIONED,layer-25:FULL_MIXED_STRIPE:p8,PHYSICALLY_GROUNDED_MODEL_INPUT
25,KDA,worker_protocol,1,1,0.3813,45,FROZEN_PHYSICAL_AUTHENTICATED_FRAME,layer-25:FULL_MIXED_STRIPE:p8,PHYSICAL_INHERITED_E022
25,KDA,whole_layer,1,1,4.212,45,PHYSICAL_TYPE_CONDITIONED,layer-25:WHOLE_LAYER:p1,PHYSICALLY_GROUNDED_MODEL_INPUT
25,KDA,attention_common,1,2,0.05115,45,FRESH_PHYSICAL_TYPE_CONDITIONED,layer-25:FULL_MIXED_STRIPE:p8,PHYSICALLY_GROUNDED_MODEL_INPUT
25,KDA,attention_preprocess,1,2,0.5454,45,FRESH_PHYSICAL_TYPE_CONDITIONED,layer-25:FULL_MIXED_STRIPE:p8,PHYSICALLY_GROUNDED_MODEL_INPUT
25,KDA,attention_reduction,8,2,1.52125,45,FRESH_PHYSICAL_TYPE_CONDITIONED,layer-25:FULL_MIXED_STRIPE:p8,PHYSICALLY_GROUNDED_MODEL_INPUT
25,KDA,attention_shard,8,2,0.40215,45,FRESH_PHYSICAL_TYPE_CONDITIONED,layer-25:FULL_MIXED_STRIPE:p8,PHYSICALLY_GROUNDED_MODEL_INPUT
25,KDA,expert_reduction,8,2,1.0752,45,FRESH_PHYSICAL_TYPE_CONDITIONED,layer-25:FULL_MIXED_STRIPE:p8,PHYSICALLY_GROUNDED_MODEL_INPUT
25,KDA,expert_stripe,8,2,0.39315,45,FRESH_PHYSICAL_TYPE_CONDITIONED,layer-25:FULL_MIXED_STRIPE:p8,PHYSICALLY_GROUNDED_MODEL_INPUT
25,KDA,latent_down,8,2,0.05,45,FRESH_PHYSICAL_TYPE_CONDITIONED,layer-25:FULL_MIXED_STRIPE:p8,PHYSICALLY_GROUNDED_MODEL_INPUT
25,KDA,latent_up,8,2,0.0584,45,FRESH_PHYSICAL_TYPE_CONDITIONED,layer-25:FULL_MIXED_STRIPE:p8,PHYSICALLY_GROUNDED_MODEL_INPUT
25,KDA,latent_up_reduction,8,2,1.46,45,FRESH_PHYSICAL_TYPE_CONDITIONED,layer-25:FULL_MIXED_STRIPE:p8,PHYSICALLY_GROUNDED_MODEL_INPUT
25,KDA,output_state_commit,1,2,0.15510000000000002,45,FRESH_PHYSICAL_TYPE_CONDITIONED,layer-25:FULL_MIXED_STRIPE:p8,PHYSICALLY_GROUNDED_MODEL_INPUT
25,KDA,post_attention_preprocess,1,2,0.54325,45,FRESH_PHYSICAL_TYPE_CONDITIONED,layer-25:FULL_MIXED_STRIPE:p8,PHYSICALLY_GROUNDED_MODEL_INPUT
25,KDA,routed_norm,1,2,0.1233,45,FRESH_PHYSICAL_TYPE_CONDITIONED,layer-25:FULL_MIXED_STRIPE:p8,PHYSICALLY_GROUNDED_MODEL_INPUT
25,KDA,routed_shared_reduction,2,2,1.2424,45,FRESH_PHYSICAL_TYPE_CONDITIONED,layer-25:FULL_MIXED_STRIPE:p8,PHYSICALLY_GROUNDED_MODEL_INPUT
25,KDA,router,1,2,0.6437,45,FRESH_PHYSICAL_TYPE_CONDITIONED,layer-25:FULL_MIXED_STRIPE:p8,PHYSICALLY_GROUNDED_MODEL_INPUT
25,KDA,shared_expert,8,2,0.12365000000000001,45,FRESH_PHYSICAL_TYPE_CONDITIONED,layer-25:FULL_MIXED_STRIPE:p8,PHYSICALLY_GROUNDED_MODEL_INPUT
25,KDA,shared_reduction,8,2,1.46,45,FRESH_PHYSICAL_TYPE_CONDITIONED,layer-25:FULL_MIXED_STRIPE:p8,PHYSICALLY_GROUNDED_MODEL_INPUT
25,KDA,worker_protocol,1,2,0.4718,45,FROZEN_PHYSICAL_AUTHENTICATED_FRAME,layer-25:FULL_MIXED_STRIPE:p8,PHYSICAL_INHERITED_E022
25,KDA,whole_layer,1,2,5.8731,45,PHYSICAL_TYPE_CONDITIONED,layer-25:WHOLE_LAYER:p1,PHYSICALLY_GROUNDED_MODEL_INPUT
25,KDA,attention_common,1,4,0.0511,45,FRESH_PHYSICAL_TYPE_CONDITIONED,layer-25:FULL_MIXED_STRIPE:p8,PHYSICALLY_GROUNDED_MODEL_INPUT
25,KDA,attention_preprocess,1,4,0.9714,45,FRESH_PHYSICAL_TYPE_CONDITIONED,layer-25:FULL_MIXED_STRIPE:p8,PHYSICALLY_GROUNDED_MODEL_INPUT
25,KDA,attention_reduction,8,4,1.6047500000000001,45,FRESH_PHYSICAL_TYPE_CONDITIONED,layer-25:FULL_MIXED_STRIPE:p8,PHYSICALLY_GROUNDED_MODEL_INPUT
25,KDA,attention_shard,8,4,0.6811,45,FRESH_PHYSICAL_TYPE_CONDITIONED,layer-25:FULL_MIXED_STRIPE:p8,PHYSICALLY_GROUNDED_MODEL_INPUT
25,KDA,expert_reduction,8,4,1.466,45,FRESH_PHYSICAL_TYPE_CONDITIONED,layer-25:FULL_MIXED_STRIPE:p8,PHYSICALLY_GROUNDED_MODEL_INPUT
25,KDA,expert_stripe,8,4,0.6790499999999999,45,FRESH_PHYSICAL_TYPE_CONDITIONED,layer-25:FULL_MIXED_STRIPE:p8,PHYSICALLY_GROUNDED_MODEL_INPUT
25,KDA,latent_down,8,4,0.0902,45,FRESH_PHYSICAL_TYPE_CONDITIONED,layer-25:FULL_MIXED_STRIPE:p8,PHYSICALLY_GROUNDED_MODEL_INPUT
25,KDA,latent_up,8,4,0.0815,45,FRESH_PHYSICAL_TYPE_CONDITIONED,layer-25:FULL_MIXED_STRIPE:p8,PHYSICALLY_GROUNDED_MODEL_INPUT
25,KDA,latent_up_reduction,8,4,1.5376,45,FRESH_PHYSICAL_TYPE_CONDITIONED,layer-25:FULL_MIXED_STRIPE:p8,PHYSICALLY_GROUNDED_MODEL_INPUT
25,KDA,output_state_commit,1,4,0.18295,45,FRESH_PHYSICAL_TYPE_CONDITIONED,layer-25:FULL_MIXED_STRIPE:p8,PHYSICALLY_GROUNDED_MODEL_INPUT
25,KDA,post_attention_preprocess,1,4,0.9783,45,FRESH_PHYSICAL_TYPE_CONDITIONED,layer-25:FULL_MIXED_STRIPE:p8,PHYSICALLY_GROUNDED_MODEL_INPUT
25,KDA,routed_norm,1,4,0.1302,45,FRESH_PHYSICAL_TYPE_CONDITIONED,layer-25:FULL_MIXED_STRIPE:p8,PHYSICALLY_GROUNDED_MODEL_INPUT
25,KDA,routed_shared_reduction,2,4,1.2015,45,FRESH_PHYSICAL_TYPE_CONDITIONED,layer-25:FULL_MIXED_STRIPE:p8,PHYSICALLY_GROUNDED_MODEL_INPUT
25,KDA,router,1,4,0.64645,45,FRESH_PHYSICAL_TYPE_CONDITIONED,layer-25:FULL_MIXED_STRIPE:p8,PHYSICALLY_GROUNDED_MODEL_INPUT
25,KDA,shared_expert,8,4,0.2192,45,FRESH_PHYSICAL_TYPE_CONDITIONED,layer-25:FULL_MIXED_STRIPE:p8,PHYSICALLY_GROUNDED_MODEL_INPUT
25,KDA,shared_reduction,8,4,1.5376,45,FRESH_PHYSICAL_TYPE_CONDITIONED,layer-25:FULL_MIXED_STRIPE:p8,PHYSICALLY_GROUNDED_MODEL_INPUT
25,KDA,worker_protocol,1,4,0.6952,45,FROZEN_PHYSICAL_AUTHENTICATED_FRAME,layer-25:FULL_MIXED_STRIPE:p8,PHYSICAL_INHERITED_E022
25,KDA,whole_layer,1,4,8.604849999999999,45,PHYSICAL_TYPE_CONDITIONED,layer-25:WHOLE_LAYER:p1,PHYSICALLY_GROUNDED_MODEL_INPUT
26,KDA,attention_common,1,1,0.050699999999999995,45,FRESH_PHYSICAL_TYPE_CONDITIONED,layer-26:FULL_MIXED_STRIPE:p8,PHYSICALLY_GROUNDED_MODEL_INPUT
26,KDA,attention_preprocess,1,1,0.3388,45,FRESH_PHYSICAL_TYPE_CONDITIONED,layer-26:FULL_MIXED_STRIPE:p8,PHYSICALLY_GROUNDED_MODEL_INPUT
26,KDA,attention_reduction,8,1,1.5225,45,FRESH_PHYSICAL_TYPE_CONDITIONED,layer-26:FULL_MIXED_STRIPE:p8,PHYSICALLY_GROUNDED_MODEL_INPUT
26,KDA,attention_shard,8,1,0.3079,45,FRESH_PHYSICAL_TYPE_CONDITIONED,layer-26:FULL_MIXED_STRIPE:p8,PHYSICALLY_GROUNDED_MODEL_INPUT
26,KDA,expert_reduction,8,1,1.183,45,FRESH_PHYSICAL_TYPE_CONDITIONED,layer-26:FULL_MIXED_STRIPE:p8,PHYSICALLY_GROUNDED_MODEL_INPUT
26,KDA,expert_stripe,8,1,0.23620000000000002,45,FRESH_PHYSICAL_TYPE_CONDITIONED,layer-26:FULL_MIXED_STRIPE:p8,PHYSICALLY_GROUNDED_MODEL_INPUT
26,KDA,latent_down,8,1,0.0447,45,FRESH_PHYSICAL_TYPE_CONDITIONED,layer-26:FULL_MIXED_STRIPE:p8,PHYSICALLY_GROUNDED_MODEL_INPUT
26,KDA,latent_up,8,1,0.0463,45,FRESH_PHYSICAL_TYPE_CONDITIONED,layer-26:FULL_MIXED_STRIPE:p8,PHYSICALLY_GROUNDED_MODEL_INPUT
26,KDA,latent_up_reduction,8,1,1.46,45,FRESH_PHYSICAL_TYPE_CONDITIONED,layer-26:FULL_MIXED_STRIPE:p8,PHYSICALLY_GROUNDED_MODEL_INPUT
26,KDA,output_state_commit,1,1,0.15115,45,FRESH_PHYSICAL_TYPE_CONDITIONED,layer-26:FULL_MIXED_STRIPE:p8,PHYSICALLY_GROUNDED_MODEL_INPUT
26,KDA,post_attention_preprocess,1,1,0.3276,45,FRESH_PHYSICAL_TYPE_CONDITIONED,layer-26:FULL_MIXED_STRIPE:p8,PHYSICALLY_GROUNDED_MODEL_INPUT
26,KDA,routed_norm,1,1,0.13645000000000002,45,FRESH_PHYSICAL_TYPE_CONDITIONED,layer-26:FULL_MIXED_STRIPE:p8,PHYSICALLY_GROUNDED_MODEL_INPUT
26,KDA,routed_shared_reduction,2,1,1.1742,45,FRESH_PHYSICAL_TYPE_CONDITIONED,layer-26:FULL_MIXED_STRIPE:p8,PHYSICALLY_GROUNDED_MODEL_INPUT
26,KDA,router,1,1,0.6472,45,FRESH_PHYSICAL_TYPE_CONDITIONED,layer-26:FULL_MIXED_STRIPE:p8,PHYSICALLY_GROUNDED_MODEL_INPUT
26,KDA,shared_expert,8,1,0.1073,45,FRESH_PHYSICAL_TYPE_CONDITIONED,layer-26:FULL_MIXED_STRIPE:p8,PHYSICALLY_GROUNDED_MODEL_INPUT
26,KDA,shared_reduction,8,1,1.46,45,FRESH_PHYSICAL_TYPE_CONDITIONED,layer-26:FULL_MIXED_STRIPE:p8,PHYSICALLY_GROUNDED_MODEL_INPUT
26,KDA,worker_protocol,1,1,0.3813,45,FROZEN_PHYSICAL_AUTHENTICATED_FRAME,layer-26:FULL_MIXED_STRIPE:p8,PHYSICAL_INHERITED_E022
26,KDA,whole_layer,1,1,4.212,45,PHYSICAL_TYPE_CONDITIONED,layer-26:WHOLE_LAYER:p1,PHYSICALLY_GROUNDED_MODEL_INPUT
26,KDA,attention_common,1,2,0.05115,45,FRESH_PHYSICAL_TYPE_CONDITIONED,layer-26:FULL_MIXED_STRIPE:p8,PHYSICALLY_GROUNDED_MODEL_INPUT
26,KDA,attention_preprocess,1,2,0.5454,45,FRESH_PHYSICAL_TYPE_CONDITIONED,layer-26:FULL_MIXED_STRIPE:p8,PHYSICALLY_GROUNDED_MODEL_INPUT
26,KDA,attention_reduction,8,2,1.52125,45,FRESH_PHYSICAL_TYPE_CONDITIONED,layer-26:FULL_MIXED_STRIPE:p8,PHYSICALLY_GROUNDED_MODEL_INPUT
26,KDA,attention_shard,8,2,0.40215,45,FRESH_PHYSICAL_TYPE_CONDITIONED,layer-26:FULL_MIXED_STRIPE:p8,PHYSICALLY_GROUNDED_MODEL_INPUT
26,KDA,expert_reduction,8,2,1.0752,45,FRESH_PHYSICAL_TYPE_CONDITIONED,layer-26:FULL_MIXED_STRIPE:p8,PHYSICALLY_GROUNDED_MODEL_INPUT
26,KDA,expert_stripe,8,2,0.39315,45,FRESH_PHYSICAL_TYPE_CONDITIONED,layer-26:FULL_MIXED_STRIPE:p8,PHYSICALLY_GROUNDED_MODEL_INPUT
26,KDA,latent_down,8,2,0.05,45,FRESH_PHYSICAL_TYPE_CONDITIONED,layer-26:FULL_MIXED_STRIPE:p8,PHYSICALLY_GROUNDED_MODEL_INPUT
26,KDA,latent_up,8,2,0.0584,45,FRESH_PHYSICAL_TYPE_CONDITIONED,layer-26:FULL_MIXED_STRIPE:p8,PHYSICALLY_GROUNDED_MODEL_INPUT
26,KDA,latent_up_reduction,8,2,1.46,45,FRESH_PHYSICAL_TYPE_CONDITIONED,layer-26:FULL_MIXED_STRIPE:p8,PHYSICALLY_GROUNDED_MODEL_INPUT
26,KDA,output_state_commit,1,2,0.15510000000000002,45,FRESH_PHYSICAL_TYPE_CONDITIONED,layer-26:FULL_MIXED_STRIPE:p8,PHYSICALLY_GROUNDED_MODEL_INPUT
26,KDA,post_attention_preprocess,1,2,0.54325,45,FRESH_PHYSICAL_TYPE_CONDITIONED,layer-26:FULL_MIXED_STRIPE:p8,PHYSICALLY_GROUNDED_MODEL_INPUT
26,KDA,routed_norm,1,2,0.1233,45,FRESH_PHYSICAL_TYPE_CONDITIONED,layer-26:FULL_MIXED_STRIPE:p8,PHYSICALLY_GROUNDED_MODEL_INPUT
26,KDA,routed_shared_reduction,2,2,1.2424,45,FRESH_PHYSICAL_TYPE_CONDITIONED,layer-26:FULL_MIXED_STRIPE:p8,PHYSICALLY_GROUNDED_MODEL_INPUT
26,KDA,router,1,2,0.6437,45,FRESH_PHYSICAL_TYPE_CONDITIONED,layer-26:FULL_MIXED_STRIPE:p8,PHYSICALLY_GROUNDED_MODEL_INPUT
26,KDA,shared_expert,8,2,0.12365000000000001,45,FRESH_PHYSICAL_TYPE_CONDITIONED,layer-26:FULL_MIXED_STRIPE:p8,PHYSICALLY_GROUNDED_MODEL_INPUT
26,KDA,shared_reduction,8,2,1.46,45,FRESH_PHYSICAL_TYPE_CONDITIONED,layer-26:FULL_MIXED_STRIPE:p8,PHYSICALLY_GROUNDED_MODEL_INPUT
26,KDA,worker_protocol,1,2,0.4718,45,FROZEN_PHYSICAL_AUTHENTICATED_FRAME,layer-26:FULL_MIXED_STRIPE:p8,PHYSICAL_INHERITED_E022
26,KDA,whole_layer,1,2,5.8731,45,PHYSICAL_TYPE_CONDITIONED,layer-26:WHOLE_LAYER:p1,PHYSICALLY_GROUNDED_MODEL_INPUT
26,KDA,attention_common,1,4,0.0511,45,FRESH_PHYSICAL_TYPE_CONDITIONED,layer-26:FULL_MIXED_STRIPE:p8,PHYSICALLY_GROUNDED_MODEL_INPUT
26,KDA,attention_preprocess,1,4,0.9714,45,FRESH_PHYSICAL_TYPE_CONDITIONED,layer-26:FULL_MIXED_STRIPE:p8,PHYSICALLY_GROUNDED_MODEL_INPUT
26,KDA,attention_reduction,8,4,1.6047500000000001,45,FRESH_PHYSICAL_TYPE_CONDITIONED,layer-26:FULL_MIXED_STRIPE:p8,PHYSICALLY_GROUNDED_MODEL_INPUT
26,KDA,attention_shard,8,4,0.6811,45,FRESH_PHYSICAL_TYPE_CONDITIONED,layer-26:FULL_MIXED_STRIPE:p8,PHYSICALLY_GROUNDED_MODEL_INPUT
26,KDA,expert_reduction,8,4,1.466,45,FRESH_PHYSICAL_TYPE_CONDITIONED,layer-26:FULL_MIXED_STRIPE:p8,PHYSICALLY_GROUNDED_MODEL_INPUT
26,KDA,expert_stripe,8,4,0.6790499999999999,45,FRESH_PHYSICAL_TYPE_CONDITIONED,layer-26:FULL_MIXED_STRIPE:p8,PHYSICALLY_GROUNDED_MODEL_INPUT
26,KDA,latent_down,8,4,0.0902,45,FRESH_PHYSICAL_TYPE_CONDITIONED,layer-26:FULL_MIXED_STRIPE:p8,PHYSICALLY_GROUNDED_MODEL_INPUT
26,KDA,latent_up,8,4,0.0815,45,FRESH_PHYSICAL_TYPE_CONDITIONED,layer-26:FULL_MIXED_STRIPE:p8,PHYSICALLY_GROUNDED_MODEL_INPUT
26,KDA,latent_up_reduction,8,4,1.5376,45,FRESH_PHYSICAL_TYPE_CONDITIONED,layer-26:FULL_MIXED_STRIPE:p8,PHYSICALLY_GROUNDED_MODEL_INPUT
26,KDA,output_state_commit,1,4,0.18295,45,FRESH_PHYSICAL_TYPE_CONDITIONED,layer-26:FULL_MIXED_STRIPE:p8,PHYSICALLY_GROUNDED_MODEL_INPUT
26,KDA,post_attention_preprocess,1,4,0.9783,45,FRESH_PHYSICAL_TYPE_CONDITIONED,layer-26:FULL_MIXED_STRIPE:p8,PHYSICALLY_GROUNDED_MODEL_INPUT
26,KDA,routed_norm,1,4,0.1302,45,FRESH_PHYSICAL_TYPE_CONDITIONED,layer-26:FULL_MIXED_STRIPE:p8,PHYSICALLY_GROUNDED_MODEL_INPUT
26,KDA,routed_shared_reduction,2,4,1.2015,45,FRESH_PHYSICAL_TYPE_CONDITIONED,layer-26:FULL_MIXED_STRIPE:p8,PHYSICALLY_GROUNDED_MODEL_INPUT
26,KDA,router,1,4,0.64645,45,FRESH_PHYSICAL_TYPE_CONDITIONED,layer-26:FULL_MIXED_STRIPE:p8,PHYSICALLY_GROUNDED_MODEL_INPUT
26,KDA,shared_expert,8,4,0.2192,45,FRESH_PHYSICAL_TYPE_CONDITIONED,layer-26:FULL_MIXED_STRIPE:p8,PHYSICALLY_GROUNDED_MODEL_INPUT
26,KDA,shared_reduction,8,4,1.5376,45,FRESH_PHYSICAL_TYPE_CONDITIONED,layer-26:FULL_MIXED_STRIPE:p8,PHYSICALLY_GROUNDED_MODEL_INPUT
26,KDA,worker_protocol,1,4,0.6952,45,FROZEN_PHYSICAL_AUTHENTICATED_FRAME,layer-26:FULL_MIXED_STRIPE:p8,PHYSICAL_INHERITED_E022
26,KDA,whole_layer,1,4,8.604849999999999,45,PHYSICAL_TYPE_CONDITIONED,layer-26:WHOLE_LAYER:p1,PHYSICALLY_GROUNDED_MODEL_INPUT
27,GATED_MLA,attention_common,1,1,0.0867,47,FRESH_PHYSICAL_TYPE_CONDITIONED,layer-27:FULL_MIXED_STRIPE:p8,PHYSICALLY_GROUNDED_MODEL_INPUT
27,GATED_MLA,attention_preprocess,1,1,0.34825,47,FRESH_PHYSICAL_TYPE_CONDITIONED,layer-27:FULL_MIXED_STRIPE:p8,PHYSICALLY_GROUNDED_MODEL_INPUT
27,GATED_MLA,attention_reduction,8,1,1.5127,47,FRESH_PHYSICAL_TYPE_CONDITIONED,layer-27:FULL_MIXED_STRIPE:p8,PHYSICALLY_GROUNDED_MODEL_INPUT
27,GATED_MLA,attention_shard,8,1,0.1987,47,FRESH_PHYSICAL_TYPE_CONDITIONED,layer-27:FULL_MIXED_STRIPE:p8,PHYSICALLY_GROUNDED_MODEL_INPUT
27,GATED_MLA,expert_reduction,8,1,1.183,47,FRESH_PHYSICAL_TYPE_CONDITIONED,layer-27:FULL_MIXED_STRIPE:p8,PHYSICALLY_GROUNDED_MODEL_INPUT
27,GATED_MLA,expert_stripe,8,1,0.2368,47,FRESH_PHYSICAL_TYPE_CONDITIONED,layer-27:FULL_MIXED_STRIPE:p8,PHYSICALLY_GROUNDED_MODEL_INPUT
27,GATED_MLA,latent_down,8,1,0.0443,47,FRESH_PHYSICAL_TYPE_CONDITIONED,layer-27:FULL_MIXED_STRIPE:p8,PHYSICALLY_GROUNDED_MODEL_INPUT
27,GATED_MLA,latent_up,8,1,0.04985,47,FRESH_PHYSICAL_TYPE_CONDITIONED,layer-27:FULL_MIXED_STRIPE:p8,PHYSICALLY_GROUNDED_MODEL_INPUT
27,GATED_MLA,latent_up_reduction,8,1,1.46,47,FRESH_PHYSICAL_TYPE_CONDITIONED,layer-27:FULL_MIXED_STRIPE:p8,PHYSICALLY_GROUNDED_MODEL_INPUT
27,GATED_MLA,output_state_commit,1,1,0.1533,47,FRESH_PHYSICAL_TYPE_CONDITIONED,layer-27:FULL_MIXED_STRIPE:p8,PHYSICALLY_GROUNDED_MODEL_INPUT
27,GATED_MLA,post_attention_preprocess,1,1,0.33235000000000003,47,FRESH_PHYSICAL_TYPE_CONDITIONED,layer-27:FULL_MIXED_STRIPE:p8,PHYSICALLY_GROUNDED_MODEL_INPUT
27,GATED_MLA,routed_norm,1,1,0.12535000000000002,47,FRESH_PHYSICAL_TYPE_CONDITIONED,layer-27:FULL_MIXED_STRIPE:p8,PHYSICALLY_GROUNDED_MODEL_INPUT
27,GATED_MLA,routed_shared_reduction,2,1,1.1742,47,FRESH_PHYSICAL_TYPE_CONDITIONED,layer-27:FULL_MIXED_STRIPE:p8,PHYSICALLY_GROUNDED_MODEL_INPUT
27,GATED_MLA,router,1,1,0.6397999999999999,47,FRESH_PHYSICAL_TYPE_CONDITIONED,layer-27:FULL_MIXED_STRIPE:p8,PHYSICALLY_GROUNDED_MODEL_INPUT
27,GATED_MLA,shared_expert,8,1,0.10835,47,FRESH_PHYSICAL_TYPE_CONDITIONED,layer-27:FULL_MIXED_STRIPE:p8,PHYSICALLY_GROUNDED_MODEL_INPUT
27,GATED_MLA,shared_reduction,8,1,1.46,47,FRESH_PHYSICAL_TYPE_CONDITIONED,layer-27:FULL_MIXED_STRIPE:p8,PHYSICALLY_GROUNDED_MODEL_INPUT
27,GATED_MLA,worker_protocol,1,1,0.3813,47,FROZEN_PHYSICAL_AUTHENTICATED_FRAME,layer-27:FULL_MIXED_STRIPE:p8,PHYSICAL_INHERITED_E022
27,GATED_MLA,whole_layer,1,1,3.6313,47,PHYSICAL_TYPE_CONDITIONED,layer-27:WHOLE_LAYER:p1,PHYSICALLY_GROUNDED_MODEL_INPUT
27,GATED_MLA,attention_common,1,2,0.0963,47,FRESH_PHYSICAL_TYPE_CONDITIONED,layer-27:FULL_MIXED_STRIPE:p8,PHYSICALLY_GROUNDED_MODEL_INPUT
27,GATED_MLA,attention_preprocess,1,2,0.54495,47,FRESH_PHYSICAL_TYPE_CONDITIONED,layer-27:FULL_MIXED_STRIPE:p8,PHYSICALLY_GROUNDED_MODEL_INPUT
27,GATED_MLA,attention_reduction,8,2,1.51195,47,FRESH_PHYSICAL_TYPE_CONDITIONED,layer-27:FULL_MIXED_STRIPE:p8,PHYSICALLY_GROUNDED_MODEL_INPUT
27,GATED_MLA,attention_shard,8,2,0.28745,47,FRESH_PHYSICAL_TYPE_CONDITIONED,layer-27:FULL_MIXED_STRIPE:p8,PHYSICALLY_GROUNDED_MODEL_INPUT
27,GATED_MLA,expert_reduction,8,2,1.0752,47,FRESH_PHYSICAL_TYPE_CONDITIONED,layer-27:FULL_MIXED_STRIPE:p8,PHYSICALLY_GROUNDED_MODEL_INPUT
27,GATED_MLA,expert_stripe,8,2,0.378,47,FRESH_PHYSICAL_TYPE_CONDITIONED,layer-27:FULL_MIXED_STRIPE:p8,PHYSICALLY_GROUNDED_MODEL_INPUT
27,GATED_MLA,latent_down,8,2,0.0489,47,FRESH_PHYSICAL_TYPE_CONDITIONED,layer-27:FULL_MIXED_STRIPE:p8,PHYSICALLY_GROUNDED_MODEL_INPUT
27,GATED_MLA,latent_up,8,2,0.05835,47,FRESH_PHYSICAL_TYPE_CONDITIONED,layer-27:FULL_MIXED_STRIPE:p8,PHYSICALLY_GROUNDED_MODEL_INPUT
27,GATED_MLA,latent_up_reduction,8,2,1.46,47,FRESH_PHYSICAL_TYPE_CONDITIONED,layer-27:FULL_MIXED_STRIPE:p8,PHYSICALLY_GROUNDED_MODEL_INPUT
27,GATED_MLA,output_state_commit,1,2,0.15645,47,FRESH_PHYSICAL_TYPE_CONDITIONED,layer-27:FULL_MIXED_STRIPE:p8,PHYSICALLY_GROUNDED_MODEL_INPUT
27,GATED_MLA,post_attention_preprocess,1,2,0.541,47,FRESH_PHYSICAL_TYPE_CONDITIONED,layer-27:FULL_MIXED_STRIPE:p8,PHYSICALLY_GROUNDED_MODEL_INPUT
27,GATED_MLA,routed_norm,1,2,0.1384,47,FRESH_PHYSICAL_TYPE_CONDITIONED,layer-27:FULL_MIXED_STRIPE:p8,PHYSICALLY_GROUNDED_MODEL_INPUT
27,GATED_MLA,routed_shared_reduction,2,2,1.2424,47,FRESH_PHYSICAL_TYPE_CONDITIONED,layer-27:FULL_MIXED_STRIPE:p8,PHYSICALLY_GROUNDED_MODEL_INPUT
27,GATED_MLA,router,1,2,0.6346,47,FRESH_PHYSICAL_TYPE_CONDITIONED,layer-27:FULL_MIXED_STRIPE:p8,PHYSICALLY_GROUNDED_MODEL_INPUT
27,GATED_MLA,shared_expert,8,2,0.1232,47,FRESH_PHYSICAL_TYPE_CONDITIONED,layer-27:FULL_MIXED_STRIPE:p8,PHYSICALLY_GROUNDED_MODEL_INPUT
27,GATED_MLA,shared_reduction,8,2,1.46,47,FRESH_PHYSICAL_TYPE_CONDITIONED,layer-27:FULL_MIXED_STRIPE:p8,PHYSICALLY_GROUNDED_MODEL_INPUT
27,GATED_MLA,worker_protocol,1,2,0.4718,47,FROZEN_PHYSICAL_AUTHENTICATED_FRAME,layer-27:FULL_MIXED_STRIPE:p8,PHYSICAL_INHERITED_E022
27,GATED_MLA,whole_layer,1,2,5.43685,47,PHYSICAL_TYPE_CONDITIONED,layer-27:WHOLE_LAYER:p1,PHYSICALLY_GROUNDED_MODEL_INPUT
27,GATED_MLA,attention_common,1,4,0.17265,47,FRESH_PHYSICAL_TYPE_CONDITIONED,layer-27:FULL_MIXED_STRIPE:p8,PHYSICALLY_GROUNDED_MODEL_INPUT
27,GATED_MLA,attention_preprocess,1,4,0.98235,47,FRESH_PHYSICAL_TYPE_CONDITIONED,layer-27:FULL_MIXED_STRIPE:p8,PHYSICALLY_GROUNDED_MODEL_INPUT
27,GATED_MLA,attention_reduction,8,4,1.601,47,FRESH_PHYSICAL_TYPE_CONDITIONED,layer-27:FULL_MIXED_STRIPE:p8,PHYSICALLY_GROUNDED_MODEL_INPUT
27,GATED_MLA,attention_shard,8,4,0.4851,47,FRESH_PHYSICAL_TYPE_CONDITIONED,layer-27:FULL_MIXED_STRIPE:p8,PHYSICALLY_GROUNDED_MODEL_INPUT
27,GATED_MLA,expert_reduction,8,4,1.466,47,FRESH_PHYSICAL_TYPE_CONDITIONED,layer-27:FULL_MIXED_STRIPE:p8,PHYSICALLY_GROUNDED_MODEL_INPUT
27,GATED_MLA,expert_stripe,8,4,0.66125,47,FRESH_PHYSICAL_TYPE_CONDITIONED,layer-27:FULL_MIXED_STRIPE:p8,PHYSICALLY_GROUNDED_MODEL_INPUT
27,GATED_MLA,latent_down,8,4,0.08595,47,FRESH_PHYSICAL_TYPE_CONDITIONED,layer-27:FULL_MIXED_STRIPE:p8,PHYSICALLY_GROUNDED_MODEL_INPUT
27,GATED_MLA,latent_up,8,4,0.0813,47,FRESH_PHYSICAL_TYPE_CONDITIONED,layer-27:FULL_MIXED_STRIPE:p8,PHYSICALLY_GROUNDED_MODEL_INPUT
27,GATED_MLA,latent_up_reduction,8,4,1.5376,47,FRESH_PHYSICAL_TYPE_CONDITIONED,layer-27:FULL_MIXED_STRIPE:p8,PHYSICALLY_GROUNDED_MODEL_INPUT
27,GATED_MLA,output_state_commit,1,4,0.1817,47,FRESH_PHYSICAL_TYPE_CONDITIONED,layer-27:FULL_MIXED_STRIPE:p8,PHYSICALLY_GROUNDED_MODEL_INPUT
27,GATED_MLA,post_attention_preprocess,1,4,0.9854,47,FRESH_PHYSICAL_TYPE_CONDITIONED,layer-27:FULL_MIXED_STRIPE:p8,PHYSICALLY_GROUNDED_MODEL_INPUT
27,GATED_MLA,routed_norm,1,4,0.14075,47,FRESH_PHYSICAL_TYPE_CONDITIONED,layer-27:FULL_MIXED_STRIPE:p8,PHYSICALLY_GROUNDED_MODEL_INPUT
27,GATED_MLA,routed_shared_reduction,2,4,1.2015,47,FRESH_PHYSICAL_TYPE_CONDITIONED,layer-27:FULL_MIXED_STRIPE:p8,PHYSICALLY_GROUNDED_MODEL_INPUT
27,GATED_MLA,router,1,4,0.63985,47,FRESH_PHYSICAL_TYPE_CONDITIONED,layer-27:FULL_MIXED_STRIPE:p8,PHYSICALLY_GROUNDED_MODEL_INPUT
27,GATED_MLA,shared_expert,8,4,0.2192,47,FRESH_PHYSICAL_TYPE_CONDITIONED,layer-27:FULL_MIXED_STRIPE:p8,PHYSICALLY_GROUNDED_MODEL_INPUT
27,GATED_MLA,shared_reduction,8,4,1.5376,47,FRESH_PHYSICAL_TYPE_CONDITIONED,layer-27:FULL_MIXED_STRIPE:p8,PHYSICALLY_GROUNDED_MODEL_INPUT
27,GATED_MLA,worker_protocol,1,4,0.6952,47,FROZEN_PHYSICAL_AUTHENTICATED_FRAME,layer-27:FULL_MIXED_STRIPE:p8,PHYSICAL_INHERITED_E022
27,GATED_MLA,whole_layer,1,4,7.946199999999999,47,PHYSICAL_TYPE_CONDITIONED,layer-27:WHOLE_LAYER:p1,PHYSICALLY_GROUNDED_MODEL_INPUT
28,KDA,attention_common,1,1,0.050699999999999995,45,FRESH_PHYSICAL_TYPE_CONDITIONED,layer-28:FULL_MIXED_STRIPE:p8,PHYSICALLY_GROUNDED_MODEL_INPUT
28,KDA,attention_preprocess,1,1,0.3388,45,FRESH_PHYSICAL_TYPE_CONDITIONED,layer-28:FULL_MIXED_STRIPE:p8,PHYSICALLY_GROUNDED_MODEL_INPUT
28,KDA,attention_reduction,8,1,1.5225,45,FRESH_PHYSICAL_TYPE_CONDITIONED,layer-28:FULL_MIXED_STRIPE:p8,PHYSICALLY_GROUNDED_MODEL_INPUT
28,KDA,attention_shard,8,1,0.3079,45,FRESH_PHYSICAL_TYPE_CONDITIONED,layer-28:FULL_MIXED_STRIPE:p8,PHYSICALLY_GROUNDED_MODEL_INPUT
28,KDA,expert_reduction,8,1,1.183,45,FRESH_PHYSICAL_TYPE_CONDITIONED,layer-28:FULL_MIXED_STRIPE:p8,PHYSICALLY_GROUNDED_MODEL_INPUT
28,KDA,expert_stripe,8,1,0.23620000000000002,45,FRESH_PHYSICAL_TYPE_CONDITIONED,layer-28:FULL_MIXED_STRIPE:p8,PHYSICALLY_GROUNDED_MODEL_INPUT
28,KDA,latent_down,8,1,0.0447,45,FRESH_PHYSICAL_TYPE_CONDITIONED,layer-28:FULL_MIXED_STRIPE:p8,PHYSICALLY_GROUNDED_MODEL_INPUT
28,KDA,latent_up,8,1,0.0463,45,FRESH_PHYSICAL_TYPE_CONDITIONED,layer-28:FULL_MIXED_STRIPE:p8,PHYSICALLY_GROUNDED_MODEL_INPUT
28,KDA,latent_up_reduction,8,1,1.46,45,FRESH_PHYSICAL_TYPE_CONDITIONED,layer-28:FULL_MIXED_STRIPE:p8,PHYSICALLY_GROUNDED_MODEL_INPUT
28,KDA,output_state_commit,1,1,0.15115,45,FRESH_PHYSICAL_TYPE_CONDITIONED,layer-28:FULL_MIXED_STRIPE:p8,PHYSICALLY_GROUNDED_MODEL_INPUT
28,KDA,post_attention_preprocess,1,1,0.3276,45,FRESH_PHYSICAL_TYPE_CONDITIONED,layer-28:FULL_MIXED_STRIPE:p8,PHYSICALLY_GROUNDED_MODEL_INPUT
28,KDA,routed_norm,1,1,0.13645000000000002,45,FRESH_PHYSICAL_TYPE_CONDITIONED,layer-28:FULL_MIXED_STRIPE:p8,PHYSICALLY_GROUNDED_MODEL_INPUT
28,KDA,routed_shared_reduction,2,1,1.1742,45,FRESH_PHYSICAL_TYPE_CONDITIONED,layer-28:FULL_MIXED_STRIPE:p8,PHYSICALLY_GROUNDED_MODEL_INPUT
28,KDA,router,1,1,0.6472,45,FRESH_PHYSICAL_TYPE_CONDITIONED,layer-28:FULL_MIXED_STRIPE:p8,PHYSICALLY_GROUNDED_MODEL_INPUT
28,KDA,shared_expert,8,1,0.1073,45,FRESH_PHYSICAL_TYPE_CONDITIONED,layer-28:FULL_MIXED_STRIPE:p8,PHYSICALLY_GROUNDED_MODEL_INPUT
28,KDA,shared_reduction,8,1,1.46,45,FRESH_PHYSICAL_TYPE_CONDITIONED,layer-28:FULL_MIXED_STRIPE:p8,PHYSICALLY_GROUNDED_MODEL_INPUT
28,KDA,worker_protocol,1,1,0.3813,45,FROZEN_PHYSICAL_AUTHENTICATED_FRAME,layer-28:FULL_MIXED_STRIPE:p8,PHYSICAL_INHERITED_E022
28,KDA,whole_layer,1,1,4.212,45,PHYSICAL_TYPE_CONDITIONED,layer-28:WHOLE_LAYER:p1,PHYSICALLY_GROUNDED_MODEL_INPUT
28,KDA,attention_common,1,2,0.05115,45,FRESH_PHYSICAL_TYPE_CONDITIONED,layer-28:FULL_MIXED_STRIPE:p8,PHYSICALLY_GROUNDED_MODEL_INPUT
28,KDA,attention_preprocess,1,2,0.5454,45,FRESH_PHYSICAL_TYPE_CONDITIONED,layer-28:FULL_MIXED_STRIPE:p8,PHYSICALLY_GROUNDED_MODEL_INPUT
28,KDA,attention_reduction,8,2,1.52125,45,FRESH_PHYSICAL_TYPE_CONDITIONED,layer-28:FULL_MIXED_STRIPE:p8,PHYSICALLY_GROUNDED_MODEL_INPUT
28,KDA,attention_shard,8,2,0.40215,45,FRESH_PHYSICAL_TYPE_CONDITIONED,layer-28:FULL_MIXED_STRIPE:p8,PHYSICALLY_GROUNDED_MODEL_INPUT
28,KDA,expert_reduction,8,2,1.0752,45,FRESH_PHYSICAL_TYPE_CONDITIONED,layer-28:FULL_MIXED_STRIPE:p8,PHYSICALLY_GROUNDED_MODEL_INPUT
28,KDA,expert_stripe,8,2,0.39315,45,FRESH_PHYSICAL_TYPE_CONDITIONED,layer-28:FULL_MIXED_STRIPE:p8,PHYSICALLY_GROUNDED_MODEL_INPUT
28,KDA,latent_down,8,2,0.05,45,FRESH_PHYSICAL_TYPE_CONDITIONED,layer-28:FULL_MIXED_STRIPE:p8,PHYSICALLY_GROUNDED_MODEL_INPUT
28,KDA,latent_up,8,2,0.0584,45,FRESH_PHYSICAL_TYPE_CONDITIONED,layer-28:FULL_MIXED_STRIPE:p8,PHYSICALLY_GROUNDED_MODEL_INPUT
28,KDA,latent_up_reduction,8,2,1.46,45,FRESH_PHYSICAL_TYPE_CONDITIONED,layer-28:FULL_MIXED_STRIPE:p8,PHYSICALLY_GROUNDED_MODEL_INPUT
28,KDA,output_state_commit,1,2,0.15510000000000002,45,FRESH_PHYSICAL_TYPE_CONDITIONED,layer-28:FULL_MIXED_STRIPE:p8,PHYSICALLY_GROUNDED_MODEL_INPUT
28,KDA,post_attention_preprocess,1,2,0.54325,45,FRESH_PHYSICAL_TYPE_CONDITIONED,layer-28:FULL_MIXED_STRIPE:p8,PHYSICALLY_GROUNDED_MODEL_INPUT
28,KDA,routed_norm,1,2,0.1233,45,FRESH_PHYSICAL_TYPE_CONDITIONED,layer-28:FULL_MIXED_STRIPE:p8,PHYSICALLY_GROUNDED_MODEL_INPUT
28,KDA,routed_shared_reduction,2,2,1.2424,45,FRESH_PHYSICAL_TYPE_CONDITIONED,layer-28:FULL_MIXED_STRIPE:p8,PHYSICALLY_GROUNDED_MODEL_INPUT
28,KDA,router,1,2,0.6437,45,FRESH_PHYSICAL_TYPE_CONDITIONED,layer-28:FULL_MIXED_STRIPE:p8,PHYSICALLY_GROUNDED_MODEL_INPUT
28,KDA,shared_expert,8,2,0.12365000000000001,45,FRESH_PHYSICAL_TYPE_CONDITIONED,layer-28:FULL_MIXED_STRIPE:p8,PHYSICALLY_GROUNDED_MODEL_INPUT
28,KDA,shared_reduction,8,2,1.46,45,FRESH_PHYSICAL_TYPE_CONDITIONED,layer-28:FULL_MIXED_STRIPE:p8,PHYSICALLY_GROUNDED_MODEL_INPUT
28,KDA,worker_protocol,1,2,0.4718,45,FROZEN_PHYSICAL_AUTHENTICATED_FRAME,layer-28:FULL_MIXED_STRIPE:p8,PHYSICAL_INHERITED_E022
28,KDA,whole_layer,1,2,5.8731,45,PHYSICAL_TYPE_CONDITIONED,layer-28:WHOLE_LAYER:p1,PHYSICALLY_GROUNDED_MODEL_INPUT
28,KDA,attention_common,1,4,0.0511,45,FRESH_PHYSICAL_TYPE_CONDITIONED,layer-28:FULL_MIXED_STRIPE:p8,PHYSICALLY_GROUNDED_MODEL_INPUT
28,KDA,attention_preprocess,1,4,0.9714,45,FRESH_PHYSICAL_TYPE_CONDITIONED,layer-28:FULL_MIXED_STRIPE:p8,PHYSICALLY_GROUNDED_MODEL_INPUT
28,KDA,attention_reduction,8,4,1.6047500000000001,45,FRESH_PHYSICAL_TYPE_CONDITIONED,layer-28:FULL_MIXED_STRIPE:p8,PHYSICALLY_GROUNDED_MODEL_INPUT
28,KDA,attention_shard,8,4,0.6811,45,FRESH_PHYSICAL_TYPE_CONDITIONED,layer-28:FULL_MIXED_STRIPE:p8,PHYSICALLY_GROUNDED_MODEL_INPUT
28,KDA,expert_reduction,8,4,1.466,45,FRESH_PHYSICAL_TYPE_CONDITIONED,layer-28:FULL_MIXED_STRIPE:p8,PHYSICALLY_GROUNDED_MODEL_INPUT
28,KDA,expert_stripe,8,4,0.6790499999999999,45,FRESH_PHYSICAL_TYPE_CONDITIONED,layer-28:FULL_MIXED_STRIPE:p8,PHYSICALLY_GROUNDED_MODEL_INPUT
28,KDA,latent_down,8,4,0.0902,45,FRESH_PHYSICAL_TYPE_CONDITIONED,layer-28:FULL_MIXED_STRIPE:p8,PHYSICALLY_GROUNDED_MODEL_INPUT
28,KDA,latent_up,8,4,0.0815,45,FRESH_PHYSICAL_TYPE_CONDITIONED,layer-28:FULL_MIXED_STRIPE:p8,PHYSICALLY_GROUNDED_MODEL_INPUT
28,KDA,latent_up_reduction,8,4,1.5376,45,FRESH_PHYSICAL_TYPE_CONDITIONED,layer-28:FULL_MIXED_STRIPE:p8,PHYSICALLY_GROUNDED_MODEL_INPUT
28,KDA,output_state_commit,1,4,0.18295,45,FRESH_PHYSICAL_TYPE_CONDITIONED,layer-28:FULL_MIXED_STRIPE:p8,PHYSICALLY_GROUNDED_MODEL_INPUT
28,KDA,post_attention_preprocess,1,4,0.9783,45,FRESH_PHYSICAL_TYPE_CONDITIONED,layer-28:FULL_MIXED_STRIPE:p8,PHYSICALLY_GROUNDED_MODEL_INPUT
28,KDA,routed_norm,1,4,0.1302,45,FRESH_PHYSICAL_TYPE_CONDITIONED,layer-28:FULL_MIXED_STRIPE:p8,PHYSICALLY_GROUNDED_MODEL_INPUT
28,KDA,routed_shared_reduction,2,4,1.2015,45,FRESH_PHYSICAL_TYPE_CONDITIONED,layer-28:FULL_MIXED_STRIPE:p8,PHYSICALLY_GROUNDED_MODEL_INPUT
28,KDA,router,1,4,0.64645,45,FRESH_PHYSICAL_TYPE_CONDITIONED,layer-28:FULL_MIXED_STRIPE:p8,PHYSICALLY_GROUNDED_MODEL_INPUT
28,KDA,shared_expert,8,4,0.2192,45,FRESH_PHYSICAL_TYPE_CONDITIONED,layer-28:FULL_MIXED_STRIPE:p8,PHYSICALLY_GROUNDED_MODEL_INPUT
28,KDA,shared_reduction,8,4,1.5376,45,FRESH_PHYSICAL_TYPE_CONDITIONED,layer-28:FULL_MIXED_STRIPE:p8,PHYSICALLY_GROUNDED_MODEL_INPUT
28,KDA,worker_protocol,1,4,0.6952,45,FROZEN_PHYSICAL_AUTHENTICATED_FRAME,layer-28:FULL_MIXED_STRIPE:p8,PHYSICAL_INHERITED_E022
28,KDA,whole_layer,1,4,8.604849999999999,45,PHYSICAL_TYPE_CONDITIONED,layer-28:WHOLE_LAYER:p1,PHYSICALLY_GROUNDED_MODEL_INPUT
29,KDA,attention_common,1,1,0.050699999999999995,45,FRESH_PHYSICAL_TYPE_CONDITIONED,layer-29:FULL_MIXED_STRIPE:p8,PHYSICALLY_GROUNDED_MODEL_INPUT
29,KDA,attention_preprocess,1,1,0.3388,45,FRESH_PHYSICAL_TYPE_CONDITIONED,layer-29:FULL_MIXED_STRIPE:p8,PHYSICALLY_GROUNDED_MODEL_INPUT
29,KDA,attention_reduction,8,1,1.5225,45,FRESH_PHYSICAL_TYPE_CONDITIONED,layer-29:FULL_MIXED_STRIPE:p8,PHYSICALLY_GROUNDED_MODEL_INPUT
29,KDA,attention_shard,8,1,0.3079,45,FRESH_PHYSICAL_TYPE_CONDITIONED,layer-29:FULL_MIXED_STRIPE:p8,PHYSICALLY_GROUNDED_MODEL_INPUT
29,KDA,expert_reduction,8,1,1.183,45,FRESH_PHYSICAL_TYPE_CONDITIONED,layer-29:FULL_MIXED_STRIPE:p8,PHYSICALLY_GROUNDED_MODEL_INPUT
29,KDA,expert_stripe,8,1,0.23620000000000002,45,FRESH_PHYSICAL_TYPE_CONDITIONED,layer-29:FULL_MIXED_STRIPE:p8,PHYSICALLY_GROUNDED_MODEL_INPUT
29,KDA,latent_down,8,1,0.0447,45,FRESH_PHYSICAL_TYPE_CONDITIONED,layer-29:FULL_MIXED_STRIPE:p8,PHYSICALLY_GROUNDED_MODEL_INPUT
29,KDA,latent_up,8,1,0.0463,45,FRESH_PHYSICAL_TYPE_CONDITIONED,layer-29:FULL_MIXED_STRIPE:p8,PHYSICALLY_GROUNDED_MODEL_INPUT
29,KDA,latent_up_reduction,8,1,1.46,45,FRESH_PHYSICAL_TYPE_CONDITIONED,layer-29:FULL_MIXED_STRIPE:p8,PHYSICALLY_GROUNDED_MODEL_INPUT
29,KDA,output_state_commit,1,1,0.15115,45,FRESH_PHYSICAL_TYPE_CONDITIONED,layer-29:FULL_MIXED_STRIPE:p8,PHYSICALLY_GROUNDED_MODEL_INPUT
29,KDA,post_attention_preprocess,1,1,0.3276,45,FRESH_PHYSICAL_TYPE_CONDITIONED,layer-29:FULL_MIXED_STRIPE:p8,PHYSICALLY_GROUNDED_MODEL_INPUT
29,KDA,routed_norm,1,1,0.13645000000000002,45,FRESH_PHYSICAL_TYPE_CONDITIONED,layer-29:FULL_MIXED_STRIPE:p8,PHYSICALLY_GROUNDED_MODEL_INPUT
29,KDA,routed_shared_reduction,2,1,1.1742,45,FRESH_PHYSICAL_TYPE_CONDITIONED,layer-29:FULL_MIXED_STRIPE:p8,PHYSICALLY_GROUNDED_MODEL_INPUT
29,KDA,router,1,1,0.6472,45,FRESH_PHYSICAL_TYPE_CONDITIONED,layer-29:FULL_MIXED_STRIPE:p8,PHYSICALLY_GROUNDED_MODEL_INPUT
29,KDA,shared_expert,8,1,0.1073,45,FRESH_PHYSICAL_TYPE_CONDITIONED,layer-29:FULL_MIXED_STRIPE:p8,PHYSICALLY_GROUNDED_MODEL_INPUT
29,KDA,shared_reduction,8,1,1.46,45,FRESH_PHYSICAL_TYPE_CONDITIONED,layer-29:FULL_MIXED_STRIPE:p8,PHYSICALLY_GROUNDED_MODEL_INPUT
29,KDA,worker_protocol,1,1,0.3813,45,FROZEN_PHYSICAL_AUTHENTICATED_FRAME,layer-29:FULL_MIXED_STRIPE:p8,PHYSICAL_INHERITED_E022
29,KDA,whole_layer,1,1,4.212,45,PHYSICAL_TYPE_CONDITIONED,layer-29:WHOLE_LAYER:p1,PHYSICALLY_GROUNDED_MODEL_INPUT
29,KDA,attention_common,1,2,0.05115,45,FRESH_PHYSICAL_TYPE_CONDITIONED,layer-29:FULL_MIXED_STRIPE:p8,PHYSICALLY_GROUNDED_MODEL_INPUT
29,KDA,attention_preprocess,1,2,0.5454,45,FRESH_PHYSICAL_TYPE_CONDITIONED,layer-29:FULL_MIXED_STRIPE:p8,PHYSICALLY_GROUNDED_MODEL_INPUT
29,KDA,attention_reduction,8,2,1.52125,45,FRESH_PHYSICAL_TYPE_CONDITIONED,layer-29:FULL_MIXED_STRIPE:p8,PHYSICALLY_GROUNDED_MODEL_INPUT
29,KDA,attention_shard,8,2,0.40215,45,FRESH_PHYSICAL_TYPE_CONDITIONED,layer-29:FULL_MIXED_STRIPE:p8,PHYSICALLY_GROUNDED_MODEL_INPUT
29,KDA,expert_reduction,8,2,1.0752,45,FRESH_PHYSICAL_TYPE_CONDITIONED,layer-29:FULL_MIXED_STRIPE:p8,PHYSICALLY_GROUNDED_MODEL_INPUT
29,KDA,expert_stripe,8,2,0.39315,45,FRESH_PHYSICAL_TYPE_CONDITIONED,layer-29:FULL_MIXED_STRIPE:p8,PHYSICALLY_GROUNDED_MODEL_INPUT
29,KDA,latent_down,8,2,0.05,45,FRESH_PHYSICAL_TYPE_CONDITIONED,layer-29:FULL_MIXED_STRIPE:p8,PHYSICALLY_GROUNDED_MODEL_INPUT
29,KDA,latent_up,8,2,0.0584,45,FRESH_PHYSICAL_TYPE_CONDITIONED,layer-29:FULL_MIXED_STRIPE:p8,PHYSICALLY_GROUNDED_MODEL_INPUT
29,KDA,latent_up_reduction,8,2,1.46,45,FRESH_PHYSICAL_TYPE_CONDITIONED,layer-29:FULL_MIXED_STRIPE:p8,PHYSICALLY_GROUNDED_MODEL_INPUT
29,KDA,output_state_commit,1,2,0.15510000000000002,45,FRESH_PHYSICAL_TYPE_CONDITIONED,layer-29:FULL_MIXED_STRIPE:p8,PHYSICALLY_GROUNDED_MODEL_INPUT
29,KDA,post_attention_preprocess,1,2,0.54325,45,FRESH_PHYSICAL_TYPE_CONDITIONED,layer-29:FULL_MIXED_STRIPE:p8,PHYSICALLY_GROUNDED_MODEL_INPUT
29,KDA,routed_norm,1,2,0.1233,45,FRESH_PHYSICAL_TYPE_CONDITIONED,layer-29:FULL_MIXED_STRIPE:p8,PHYSICALLY_GROUNDED_MODEL_INPUT
29,KDA,routed_shared_reduction,2,2,1.2424,45,FRESH_PHYSICAL_TYPE_CONDITIONED,layer-29:FULL_MIXED_STRIPE:p8,PHYSICALLY_GROUNDED_MODEL_INPUT
29,KDA,router,1,2,0.6437,45,FRESH_PHYSICAL_TYPE_CONDITIONED,layer-29:FULL_MIXED_STRIPE:p8,PHYSICALLY_GROUNDED_MODEL_INPUT
29,KDA,shared_expert,8,2,0.12365000000000001,45,FRESH_PHYSICAL_TYPE_CONDITIONED,layer-29:FULL_MIXED_STRIPE:p8,PHYSICALLY_GROUNDED_MODEL_INPUT
29,KDA,shared_reduction,8,2,1.46,45,FRESH_PHYSICAL_TYPE_CONDITIONED,layer-29:FULL_MIXED_STRIPE:p8,PHYSICALLY_GROUNDED_MODEL_INPUT
29,KDA,worker_protocol,1,2,0.4718,45,FROZEN_PHYSICAL_AUTHENTICATED_FRAME,layer-29:FULL_MIXED_STRIPE:p8,PHYSICAL_INHERITED_E022
29,KDA,whole_layer,1,2,5.8731,45,PHYSICAL_TYPE_CONDITIONED,layer-29:WHOLE_LAYER:p1,PHYSICALLY_GROUNDED_MODEL_INPUT
29,KDA,attention_common,1,4,0.0511,45,FRESH_PHYSICAL_TYPE_CONDITIONED,layer-29:FULL_MIXED_STRIPE:p8,PHYSICALLY_GROUNDED_MODEL_INPUT
29,KDA,attention_preprocess,1,4,0.9714,45,FRESH_PHYSICAL_TYPE_CONDITIONED,layer-29:FULL_MIXED_STRIPE:p8,PHYSICALLY_GROUNDED_MODEL_INPUT
29,KDA,attention_reduction,8,4,1.6047500000000001,45,FRESH_PHYSICAL_TYPE_CONDITIONED,layer-29:FULL_MIXED_STRIPE:p8,PHYSICALLY_GROUNDED_MODEL_INPUT
29,KDA,attention_shard,8,4,0.6811,45,FRESH_PHYSICAL_TYPE_CONDITIONED,layer-29:FULL_MIXED_STRIPE:p8,PHYSICALLY_GROUNDED_MODEL_INPUT
29,KDA,expert_reduction,8,4,1.466,45,FRESH_PHYSICAL_TYPE_CONDITIONED,layer-29:FULL_MIXED_STRIPE:p8,PHYSICALLY_GROUNDED_MODEL_INPUT
29,KDA,expert_stripe,8,4,0.6790499999999999,45,FRESH_PHYSICAL_TYPE_CONDITIONED,layer-29:FULL_MIXED_STRIPE:p8,PHYSICALLY_GROUNDED_MODEL_INPUT
29,KDA,latent_down,8,4,0.0902,45,FRESH_PHYSICAL_TYPE_CONDITIONED,layer-29:FULL_MIXED_STRIPE:p8,PHYSICALLY_GROUNDED_MODEL_INPUT
29,KDA,latent_up,8,4,0.0815,45,FRESH_PHYSICAL_TYPE_CONDITIONED,layer-29:FULL_MIXED_STRIPE:p8,PHYSICALLY_GROUNDED_MODEL_INPUT
29,KDA,latent_up_reduction,8,4,1.5376,45,FRESH_PHYSICAL_TYPE_CONDITIONED,layer-29:FULL_MIXED_STRIPE:p8,PHYSICALLY_GROUNDED_MODEL_INPUT
29,KDA,output_state_commit,1,4,0.18295,45,FRESH_PHYSICAL_TYPE_CONDITIONED,layer-29:FULL_MIXED_STRIPE:p8,PHYSICALLY_GROUNDED_MODEL_INPUT
29,KDA,post_attention_preprocess,1,4,0.9783,45,FRESH_PHYSICAL_TYPE_CONDITIONED,layer-29:FULL_MIXED_STRIPE:p8,PHYSICALLY_GROUNDED_MODEL_INPUT
29,KDA,routed_norm,1,4,0.1302,45,FRESH_PHYSICAL_TYPE_CONDITIONED,layer-29:FULL_MIXED_STRIPE:p8,PHYSICALLY_GROUNDED_MODEL_INPUT
29,KDA,routed_shared_reduction,2,4,1.2015,45,FRESH_PHYSICAL_TYPE_CONDITIONED,layer-29:FULL_MIXED_STRIPE:p8,PHYSICALLY_GROUNDED_MODEL_INPUT
29,KDA,router,1,4,0.64645,45,FRESH_PHYSICAL_TYPE_CONDITIONED,layer-29:FULL_MIXED_STRIPE:p8,PHYSICALLY_GROUNDED_MODEL_INPUT
29,KDA,shared_expert,8,4,0.2192,45,FRESH_PHYSICAL_TYPE_CONDITIONED,layer-29:FULL_MIXED_STRIPE:p8,PHYSICALLY_GROUNDED_MODEL_INPUT
29,KDA,shared_reduction,8,4,1.5376,45,FRESH_PHYSICAL_TYPE_CONDITIONED,layer-29:FULL_MIXED_STRIPE:p8,PHYSICALLY_GROUNDED_MODEL_INPUT
29,KDA,worker_protocol,1,4,0.6952,45,FROZEN_PHYSICAL_AUTHENTICATED_FRAME,layer-29:FULL_MIXED_STRIPE:p8,PHYSICAL_INHERITED_E022
29,KDA,whole_layer,1,4,8.604849999999999,45,PHYSICAL_TYPE_CONDITIONED,layer-29:WHOLE_LAYER:p1,PHYSICALLY_GROUNDED_MODEL_INPUT
30,KDA,attention_common,1,1,0.050699999999999995,45,FRESH_PHYSICAL_TYPE_CONDITIONED,layer-30:FULL_MIXED_STRIPE:p8,PHYSICALLY_GROUNDED_MODEL_INPUT
30,KDA,attention_preprocess,1,1,0.3388,45,FRESH_PHYSICAL_TYPE_CONDITIONED,layer-30:FULL_MIXED_STRIPE:p8,PHYSICALLY_GROUNDED_MODEL_INPUT
30,KDA,attention_reduction,8,1,1.5225,45,FRESH_PHYSICAL_TYPE_CONDITIONED,layer-30:FULL_MIXED_STRIPE:p8,PHYSICALLY_GROUNDED_MODEL_INPUT
30,KDA,attention_shard,8,1,0.3079,45,FRESH_PHYSICAL_TYPE_CONDITIONED,layer-30:FULL_MIXED_STRIPE:p8,PHYSICALLY_GROUNDED_MODEL_INPUT
30,KDA,expert_reduction,8,1,1.183,45,FRESH_PHYSICAL_TYPE_CONDITIONED,layer-30:FULL_MIXED_STRIPE:p8,PHYSICALLY_GROUNDED_MODEL_INPUT
30,KDA,expert_stripe,8,1,0.23620000000000002,45,FRESH_PHYSICAL_TYPE_CONDITIONED,layer-30:FULL_MIXED_STRIPE:p8,PHYSICALLY_GROUNDED_MODEL_INPUT
30,KDA,latent_down,8,1,0.0447,45,FRESH_PHYSICAL_TYPE_CONDITIONED,layer-30:FULL_MIXED_STRIPE:p8,PHYSICALLY_GROUNDED_MODEL_INPUT
30,KDA,latent_up,8,1,0.0463,45,FRESH_PHYSICAL_TYPE_CONDITIONED,layer-30:FULL_MIXED_STRIPE:p8,PHYSICALLY_GROUNDED_MODEL_INPUT
30,KDA,latent_up_reduction,8,1,1.46,45,FRESH_PHYSICAL_TYPE_CONDITIONED,layer-30:FULL_MIXED_STRIPE:p8,PHYSICALLY_GROUNDED_MODEL_INPUT
30,KDA,output_state_commit,1,1,0.15115,45,FRESH_PHYSICAL_TYPE_CONDITIONED,layer-30:FULL_MIXED_STRIPE:p8,PHYSICALLY_GROUNDED_MODEL_INPUT
30,KDA,post_attention_preprocess,1,1,0.3276,45,FRESH_PHYSICAL_TYPE_CONDITIONED,layer-30:FULL_MIXED_STRIPE:p8,PHYSICALLY_GROUNDED_MODEL_INPUT
30,KDA,routed_norm,1,1,0.13645000000000002,45,FRESH_PHYSICAL_TYPE_CONDITIONED,layer-30:FULL_MIXED_STRIPE:p8,PHYSICALLY_GROUNDED_MODEL_INPUT
30,KDA,routed_shared_reduction,2,1,1.1742,45,FRESH_PHYSICAL_TYPE_CONDITIONED,layer-30:FULL_MIXED_STRIPE:p8,PHYSICALLY_GROUNDED_MODEL_INPUT
30,KDA,router,1,1,0.6472,45,FRESH_PHYSICAL_TYPE_CONDITIONED,layer-30:FULL_MIXED_STRIPE:p8,PHYSICALLY_GROUNDED_MODEL_INPUT
30,KDA,shared_expert,8,1,0.1073,45,FRESH_PHYSICAL_TYPE_CONDITIONED,layer-30:FULL_MIXED_STRIPE:p8,PHYSICALLY_GROUNDED_MODEL_INPUT
30,KDA,shared_reduction,8,1,1.46,45,FRESH_PHYSICAL_TYPE_CONDITIONED,layer-30:FULL_MIXED_STRIPE:p8,PHYSICALLY_GROUNDED_MODEL_INPUT
30,KDA,worker_protocol,1,1,0.3813,45,FROZEN_PHYSICAL_AUTHENTICATED_FRAME,layer-30:FULL_MIXED_STRIPE:p8,PHYSICAL_INHERITED_E022
30,KDA,whole_layer,1,1,4.212,45,PHYSICAL_TYPE_CONDITIONED,layer-30:WHOLE_LAYER:p1,PHYSICALLY_GROUNDED_MODEL_INPUT
30,KDA,attention_common,1,2,0.05115,45,FRESH_PHYSICAL_TYPE_CONDITIONED,layer-30:FULL_MIXED_STRIPE:p8,PHYSICALLY_GROUNDED_MODEL_INPUT
30,KDA,attention_preprocess,1,2,0.5454,45,FRESH_PHYSICAL_TYPE_CONDITIONED,layer-30:FULL_MIXED_STRIPE:p8,PHYSICALLY_GROUNDED_MODEL_INPUT
30,KDA,attention_reduction,8,2,1.52125,45,FRESH_PHYSICAL_TYPE_CONDITIONED,layer-30:FULL_MIXED_STRIPE:p8,PHYSICALLY_GROUNDED_MODEL_INPUT
30,KDA,attention_shard,8,2,0.40215,45,FRESH_PHYSICAL_TYPE_CONDITIONED,layer-30:FULL_MIXED_STRIPE:p8,PHYSICALLY_GROUNDED_MODEL_INPUT
30,KDA,expert_reduction,8,2,1.0752,45,FRESH_PHYSICAL_TYPE_CONDITIONED,layer-30:FULL_MIXED_STRIPE:p8,PHYSICALLY_GROUNDED_MODEL_INPUT
30,KDA,expert_stripe,8,2,0.39315,45,FRESH_PHYSICAL_TYPE_CONDITIONED,layer-30:FULL_MIXED_STRIPE:p8,PHYSICALLY_GROUNDED_MODEL_INPUT
30,KDA,latent_down,8,2,0.05,45,FRESH_PHYSICAL_TYPE_CONDITIONED,layer-30:FULL_MIXED_STRIPE:p8,PHYSICALLY_GROUNDED_MODEL_INPUT
30,KDA,latent_up,8,2,0.0584,45,FRESH_PHYSICAL_TYPE_CONDITIONED,layer-30:FULL_MIXED_STRIPE:p8,PHYSICALLY_GROUNDED_MODEL_INPUT
30,KDA,latent_up_reduction,8,2,1.46,45,FRESH_PHYSICAL_TYPE_CONDITIONED,layer-30:FULL_MIXED_STRIPE:p8,PHYSICALLY_GROUNDED_MODEL_INPUT
30,KDA,output_state_commit,1,2,0.15510000000000002,45,FRESH_PHYSICAL_TYPE_CONDITIONED,layer-30:FULL_MIXED_STRIPE:p8,PHYSICALLY_GROUNDED_MODEL_INPUT
30,KDA,post_attention_preprocess,1,2,0.54325,45,FRESH_PHYSICAL_TYPE_CONDITIONED,layer-30:FULL_MIXED_STRIPE:p8,PHYSICALLY_GROUNDED_MODEL_INPUT
30,KDA,routed_norm,1,2,0.1233,45,FRESH_PHYSICAL_TYPE_CONDITIONED,layer-30:FULL_MIXED_STRIPE:p8,PHYSICALLY_GROUNDED_MODEL_INPUT
30,KDA,routed_shared_reduction,2,2,1.2424,45,FRESH_PHYSICAL_TYPE_CONDITIONED,layer-30:FULL_MIXED_STRIPE:p8,PHYSICALLY_GROUNDED_MODEL_INPUT
30,KDA,router,1,2,0.6437,45,FRESH_PHYSICAL_TYPE_CONDITIONED,layer-30:FULL_MIXED_STRIPE:p8,PHYSICALLY_GROUNDED_MODEL_INPUT
30,KDA,shared_expert,8,2,0.12365000000000001,45,FRESH_PHYSICAL_TYPE_CONDITIONED,layer-30:FULL_MIXED_STRIPE:p8,PHYSICALLY_GROUNDED_MODEL_INPUT
30,KDA,shared_reduction,8,2,1.46,45,FRESH_PHYSICAL_TYPE_CONDITIONED,layer-30:FULL_MIXED_STRIPE:p8,PHYSICALLY_GROUNDED_MODEL_INPUT
30,KDA,worker_protocol,1,2,0.4718,45,FROZEN_PHYSICAL_AUTHENTICATED_FRAME,layer-30:FULL_MIXED_STRIPE:p8,PHYSICAL_INHERITED_E022
30,KDA,whole_layer,1,2,5.8731,45,PHYSICAL_TYPE_CONDITIONED,layer-30:WHOLE_LAYER:p1,PHYSICALLY_GROUNDED_MODEL_INPUT
30,KDA,attention_common,1,4,0.0511,45,FRESH_PHYSICAL_TYPE_CONDITIONED,layer-30:FULL_MIXED_STRIPE:p8,PHYSICALLY_GROUNDED_MODEL_INPUT
30,KDA,attention_preprocess,1,4,0.9714,45,FRESH_PHYSICAL_TYPE_CONDITIONED,layer-30:FULL_MIXED_STRIPE:p8,PHYSICALLY_GROUNDED_MODEL_INPUT
30,KDA,attention_reduction,8,4,1.6047500000000001,45,FRESH_PHYSICAL_TYPE_CONDITIONED,layer-30:FULL_MIXED_STRIPE:p8,PHYSICALLY_GROUNDED_MODEL_INPUT
30,KDA,attention_shard,8,4,0.6811,45,FRESH_PHYSICAL_TYPE_CONDITIONED,layer-30:FULL_MIXED_STRIPE:p8,PHYSICALLY_GROUNDED_MODEL_INPUT
30,KDA,expert_reduction,8,4,1.466,45,FRESH_PHYSICAL_TYPE_CONDITIONED,layer-30:FULL_MIXED_STRIPE:p8,PHYSICALLY_GROUNDED_MODEL_INPUT
30,KDA,expert_stripe,8,4,0.6790499999999999,45,FRESH_PHYSICAL_TYPE_CONDITIONED,layer-30:FULL_MIXED_STRIPE:p8,PHYSICALLY_GROUNDED_MODEL_INPUT
30,KDA,latent_down,8,4,0.0902,45,FRESH_PHYSICAL_TYPE_CONDITIONED,layer-30:FULL_MIXED_STRIPE:p8,PHYSICALLY_GROUNDED_MODEL_INPUT
30,KDA,latent_up,8,4,0.0815,45,FRESH_PHYSICAL_TYPE_CONDITIONED,layer-30:FULL_MIXED_STRIPE:p8,PHYSICALLY_GROUNDED_MODEL_INPUT
30,KDA,latent_up_reduction,8,4,1.5376,45,FRESH_PHYSICAL_TYPE_CONDITIONED,layer-30:FULL_MIXED_STRIPE:p8,PHYSICALLY_GROUNDED_MODEL_INPUT
30,KDA,output_state_commit,1,4,0.18295,45,FRESH_PHYSICAL_TYPE_CONDITIONED,layer-30:FULL_MIXED_STRIPE:p8,PHYSICALLY_GROUNDED_MODEL_INPUT
30,KDA,post_attention_preprocess,1,4,0.9783,45,FRESH_PHYSICAL_TYPE_CONDITIONED,layer-30:FULL_MIXED_STRIPE:p8,PHYSICALLY_GROUNDED_MODEL_INPUT
30,KDA,routed_norm,1,4,0.1302,45,FRESH_PHYSICAL_TYPE_CONDITIONED,layer-30:FULL_MIXED_STRIPE:p8,PHYSICALLY_GROUNDED_MODEL_INPUT
30,KDA,routed_shared_reduction,2,4,1.2015,45,FRESH_PHYSICAL_TYPE_CONDITIONED,layer-30:FULL_MIXED_STRIPE:p8,PHYSICALLY_GROUNDED_MODEL_INPUT
30,KDA,router,1,4,0.64645,45,FRESH_PHYSICAL_TYPE_CONDITIONED,layer-30:FULL_MIXED_STRIPE:p8,PHYSICALLY_GROUNDED_MODEL_INPUT
30,KDA,shared_expert,8,4,0.2192,45,FRESH_PHYSICAL_TYPE_CONDITIONED,layer-30:FULL_MIXED_STRIPE:p8,PHYSICALLY_GROUNDED_MODEL_INPUT
30,KDA,shared_reduction,8,4,1.5376,45,FRESH_PHYSICAL_TYPE_CONDITIONED,layer-30:FULL_MIXED_STRIPE:p8,PHYSICALLY_GROUNDED_MODEL_INPUT
30,KDA,worker_protocol,1,4,0.6952,45,FROZEN_PHYSICAL_AUTHENTICATED_FRAME,layer-30:FULL_MIXED_STRIPE:p8,PHYSICAL_INHERITED_E022
30,KDA,whole_layer,1,4,8.604849999999999,45,PHYSICAL_TYPE_CONDITIONED,layer-30:WHOLE_LAYER:p1,PHYSICALLY_GROUNDED_MODEL_INPUT
31,GATED_MLA,attention_common,1,1,0.0867,47,FRESH_PHYSICAL_TYPE_CONDITIONED,layer-31:FULL_MIXED_STRIPE:p8,PHYSICALLY_GROUNDED_MODEL_INPUT
31,GATED_MLA,attention_preprocess,1,1,0.34825,47,FRESH_PHYSICAL_TYPE_CONDITIONED,layer-31:FULL_MIXED_STRIPE:p8,PHYSICALLY_GROUNDED_MODEL_INPUT
31,GATED_MLA,attention_reduction,8,1,1.5127,47,FRESH_PHYSICAL_TYPE_CONDITIONED,layer-31:FULL_MIXED_STRIPE:p8,PHYSICALLY_GROUNDED_MODEL_INPUT
31,GATED_MLA,attention_shard,8,1,0.1987,47,FRESH_PHYSICAL_TYPE_CONDITIONED,layer-31:FULL_MIXED_STRIPE:p8,PHYSICALLY_GROUNDED_MODEL_INPUT
31,GATED_MLA,expert_reduction,8,1,1.183,47,FRESH_PHYSICAL_TYPE_CONDITIONED,layer-31:FULL_MIXED_STRIPE:p8,PHYSICALLY_GROUNDED_MODEL_INPUT
31,GATED_MLA,expert_stripe,8,1,0.2368,47,FRESH_PHYSICAL_TYPE_CONDITIONED,layer-31:FULL_MIXED_STRIPE:p8,PHYSICALLY_GROUNDED_MODEL_INPUT
31,GATED_MLA,latent_down,8,1,0.0443,47,FRESH_PHYSICAL_TYPE_CONDITIONED,layer-31:FULL_MIXED_STRIPE:p8,PHYSICALLY_GROUNDED_MODEL_INPUT
31,GATED_MLA,latent_up,8,1,0.04985,47,FRESH_PHYSICAL_TYPE_CONDITIONED,layer-31:FULL_MIXED_STRIPE:p8,PHYSICALLY_GROUNDED_MODEL_INPUT
31,GATED_MLA,latent_up_reduction,8,1,1.46,47,FRESH_PHYSICAL_TYPE_CONDITIONED,layer-31:FULL_MIXED_STRIPE:p8,PHYSICALLY_GROUNDED_MODEL_INPUT
31,GATED_MLA,output_state_commit,1,1,0.1533,47,FRESH_PHYSICAL_TYPE_CONDITIONED,layer-31:FULL_MIXED_STRIPE:p8,PHYSICALLY_GROUNDED_MODEL_INPUT
31,GATED_MLA,post_attention_preprocess,1,1,0.33235000000000003,47,FRESH_PHYSICAL_TYPE_CONDITIONED,layer-31:FULL_MIXED_STRIPE:p8,PHYSICALLY_GROUNDED_MODEL_INPUT
31,GATED_MLA,routed_norm,1,1,0.12535000000000002,47,FRESH_PHYSICAL_TYPE_CONDITIONED,layer-31:FULL_MIXED_STRIPE:p8,PHYSICALLY_GROUNDED_MODEL_INPUT
31,GATED_MLA,routed_shared_reduction,2,1,1.1742,47,FRESH_PHYSICAL_TYPE_CONDITIONED,layer-31:FULL_MIXED_STRIPE:p8,PHYSICALLY_GROUNDED_MODEL_INPUT
31,GATED_MLA,router,1,1,0.6397999999999999,47,FRESH_PHYSICAL_TYPE_CONDITIONED,layer-31:FULL_MIXED_STRIPE:p8,PHYSICALLY_GROUNDED_MODEL_INPUT
31,GATED_MLA,shared_expert,8,1,0.10835,47,FRESH_PHYSICAL_TYPE_CONDITIONED,layer-31:FULL_MIXED_STRIPE:p8,PHYSICALLY_GROUNDED_MODEL_INPUT
31,GATED_MLA,shared_reduction,8,1,1.46,47,FRESH_PHYSICAL_TYPE_CONDITIONED,layer-31:FULL_MIXED_STRIPE:p8,PHYSICALLY_GROUNDED_MODEL_INPUT
31,GATED_MLA,worker_protocol,1,1,0.3813,47,FROZEN_PHYSICAL_AUTHENTICATED_FRAME,layer-31:FULL_MIXED_STRIPE:p8,PHYSICAL_INHERITED_E022
31,GATED_MLA,whole_layer,1,1,3.6313,47,PHYSICAL_TYPE_CONDITIONED,layer-31:WHOLE_LAYER:p1,PHYSICALLY_GROUNDED_MODEL_INPUT
31,GATED_MLA,attention_common,1,2,0.0963,47,FRESH_PHYSICAL_TYPE_CONDITIONED,layer-31:FULL_MIXED_STRIPE:p8,PHYSICALLY_GROUNDED_MODEL_INPUT
31,GATED_MLA,attention_preprocess,1,2,0.54495,47,FRESH_PHYSICAL_TYPE_CONDITIONED,layer-31:FULL_MIXED_STRIPE:p8,PHYSICALLY_GROUNDED_MODEL_INPUT
31,GATED_MLA,attention_reduction,8,2,1.51195,47,FRESH_PHYSICAL_TYPE_CONDITIONED,layer-31:FULL_MIXED_STRIPE:p8,PHYSICALLY_GROUNDED_MODEL_INPUT
31,GATED_MLA,attention_shard,8,2,0.28745,47,FRESH_PHYSICAL_TYPE_CONDITIONED,layer-31:FULL_MIXED_STRIPE:p8,PHYSICALLY_GROUNDED_MODEL_INPUT
31,GATED_MLA,expert_reduction,8,2,1.0752,47,FRESH_PHYSICAL_TYPE_CONDITIONED,layer-31:FULL_MIXED_STRIPE:p8,PHYSICALLY_GROUNDED_MODEL_INPUT
31,GATED_MLA,expert_stripe,8,2,0.378,47,FRESH_PHYSICAL_TYPE_CONDITIONED,layer-31:FULL_MIXED_STRIPE:p8,PHYSICALLY_GROUNDED_MODEL_INPUT
31,GATED_MLA,latent_down,8,2,0.0489,47,FRESH_PHYSICAL_TYPE_CONDITIONED,layer-31:FULL_MIXED_STRIPE:p8,PHYSICALLY_GROUNDED_MODEL_INPUT
31,GATED_MLA,latent_up,8,2,0.05835,47,FRESH_PHYSICAL_TYPE_CONDITIONED,layer-31:FULL_MIXED_STRIPE:p8,PHYSICALLY_GROUNDED_MODEL_INPUT
31,GATED_MLA,latent_up_reduction,8,2,1.46,47,FRESH_PHYSICAL_TYPE_CONDITIONED,layer-31:FULL_MIXED_STRIPE:p8,PHYSICALLY_GROUNDED_MODEL_INPUT
31,GATED_MLA,output_state_commit,1,2,0.15645,47,FRESH_PHYSICAL_TYPE_CONDITIONED,layer-31:FULL_MIXED_STRIPE:p8,PHYSICALLY_GROUNDED_MODEL_INPUT
31,GATED_MLA,post_attention_preprocess,1,2,0.541,47,FRESH_PHYSICAL_TYPE_CONDITIONED,layer-31:FULL_MIXED_STRIPE:p8,PHYSICALLY_GROUNDED_MODEL_INPUT
31,GATED_MLA,routed_norm,1,2,0.1384,47,FRESH_PHYSICAL_TYPE_CONDITIONED,layer-31:FULL_MIXED_STRIPE:p8,PHYSICALLY_GROUNDED_MODEL_INPUT
31,GATED_MLA,routed_shared_reduction,2,2,1.2424,47,FRESH_PHYSICAL_TYPE_CONDITIONED,layer-31:FULL_MIXED_STRIPE:p8,PHYSICALLY_GROUNDED_MODEL_INPUT
31,GATED_MLA,router,1,2,0.6346,47,FRESH_PHYSICAL_TYPE_CONDITIONED,layer-31:FULL_MIXED_STRIPE:p8,PHYSICALLY_GROUNDED_MODEL_INPUT
31,GATED_MLA,shared_expert,8,2,0.1232,47,FRESH_PHYSICAL_TYPE_CONDITIONED,layer-31:FULL_MIXED_STRIPE:p8,PHYSICALLY_GROUNDED_MODEL_INPUT
31,GATED_MLA,shared_reduction,8,2,1.46,47,FRESH_PHYSICAL_TYPE_CONDITIONED,layer-31:FULL_MIXED_STRIPE:p8,PHYSICALLY_GROUNDED_MODEL_INPUT
31,GATED_MLA,worker_protocol,1,2,0.4718,47,FROZEN_PHYSICAL_AUTHENTICATED_FRAME,layer-31:FULL_MIXED_STRIPE:p8,PHYSICAL_INHERITED_E022
31,GATED_MLA,whole_layer,1,2,5.43685,47,PHYSICAL_TYPE_CONDITIONED,layer-31:WHOLE_LAYER:p1,PHYSICALLY_GROUNDED_MODEL_INPUT
31,GATED_MLA,attention_common,1,4,0.17265,47,FRESH_PHYSICAL_TYPE_CONDITIONED,layer-31:FULL_MIXED_STRIPE:p8,PHYSICALLY_GROUNDED_MODEL_INPUT
31,GATED_MLA,attention_preprocess,1,4,0.98235,47,FRESH_PHYSICAL_TYPE_CONDITIONED,layer-31:FULL_MIXED_STRIPE:p8,PHYSICALLY_GROUNDED_MODEL_INPUT
31,GATED_MLA,attention_reduction,8,4,1.601,47,FRESH_PHYSICAL_TYPE_CONDITIONED,layer-31:FULL_MIXED_STRIPE:p8,PHYSICALLY_GROUNDED_MODEL_INPUT
31,GATED_MLA,attention_shard,8,4,0.4851,47,FRESH_PHYSICAL_TYPE_CONDITIONED,layer-31:FULL_MIXED_STRIPE:p8,PHYSICALLY_GROUNDED_MODEL_INPUT
31,GATED_MLA,expert_reduction,8,4,1.466,47,FRESH_PHYSICAL_TYPE_CONDITIONED,layer-31:FULL_MIXED_STRIPE:p8,PHYSICALLY_GROUNDED_MODEL_INPUT
31,GATED_MLA,expert_stripe,8,4,0.66125,47,FRESH_PHYSICAL_TYPE_CONDITIONED,layer-31:FULL_MIXED_STRIPE:p8,PHYSICALLY_GROUNDED_MODEL_INPUT
31,GATED_MLA,latent_down,8,4,0.08595,47,FRESH_PHYSICAL_TYPE_CONDITIONED,layer-31:FULL_MIXED_STRIPE:p8,PHYSICALLY_GROUNDED_MODEL_INPUT
31,GATED_MLA,latent_up,8,4,0.0813,47,FRESH_PHYSICAL_TYPE_CONDITIONED,layer-31:FULL_MIXED_STRIPE:p8,PHYSICALLY_GROUNDED_MODEL_INPUT
31,GATED_MLA,latent_up_reduction,8,4,1.5376,47,FRESH_PHYSICAL_TYPE_CONDITIONED,layer-31:FULL_MIXED_STRIPE:p8,PHYSICALLY_GROUNDED_MODEL_INPUT
31,GATED_MLA,output_state_commit,1,4,0.1817,47,FRESH_PHYSICAL_TYPE_CONDITIONED,layer-31:FULL_MIXED_STRIPE:p8,PHYSICALLY_GROUNDED_MODEL_INPUT
31,GATED_MLA,post_attention_preprocess,1,4,0.9854,47,FRESH_PHYSICAL_TYPE_CONDITIONED,layer-31:FULL_MIXED_STRIPE:p8,PHYSICALLY_GROUNDED_MODEL_INPUT
31,GATED_MLA,routed_norm,1,4,0.14075,47,FRESH_PHYSICAL_TYPE_CONDITIONED,layer-31:FULL_MIXED_STRIPE:p8,PHYSICALLY_GROUNDED_MODEL_INPUT
31,GATED_MLA,routed_shared_reduction,2,4,1.2015,47,FRESH_PHYSICAL_TYPE_CONDITIONED,layer-31:FULL_MIXED_STRIPE:p8,PHYSICALLY_GROUNDED_MODEL_INPUT
31,GATED_MLA,router,1,4,0.63985,47,FRESH_PHYSICAL_TYPE_CONDITIONED,layer-31:FULL_MIXED_STRIPE:p8,PHYSICALLY_GROUNDED_MODEL_INPUT
31,GATED_MLA,shared_expert,8,4,0.2192,47,FRESH_PHYSICAL_TYPE_CONDITIONED,layer-31:FULL_MIXED_STRIPE:p8,PHYSICALLY_GROUNDED_MODEL_INPUT
31,GATED_MLA,shared_reduction,8,4,1.5376,47,FRESH_PHYSICAL_TYPE_CONDITIONED,layer-31:FULL_MIXED_STRIPE:p8,PHYSICALLY_GROUNDED_MODEL_INPUT
31,GATED_MLA,worker_protocol,1,4,0.6952,47,FROZEN_PHYSICAL_AUTHENTICATED_FRAME,layer-31:FULL_MIXED_STRIPE:p8,PHYSICAL_INHERITED_E022
31,GATED_MLA,whole_layer,1,4,7.946199999999999,47,PHYSICAL_TYPE_CONDITIONED,layer-31:WHOLE_LAYER:p1,PHYSICALLY_GROUNDED_MODEL_INPUT
32,KDA,attention_common,1,1,0.050699999999999995,45,FRESH_PHYSICAL_TYPE_CONDITIONED,layer-32:FULL_MIXED_STRIPE:p8,PHYSICALLY_GROUNDED_MODEL_INPUT
32,KDA,attention_preprocess,1,1,0.3388,45,FRESH_PHYSICAL_TYPE_CONDITIONED,layer-32:FULL_MIXED_STRIPE:p8,PHYSICALLY_GROUNDED_MODEL_INPUT
32,KDA,attention_reduction,8,1,1.5225,45,FRESH_PHYSICAL_TYPE_CONDITIONED,layer-32:FULL_MIXED_STRIPE:p8,PHYSICALLY_GROUNDED_MODEL_INPUT
32,KDA,attention_shard,8,1,0.3079,45,FRESH_PHYSICAL_TYPE_CONDITIONED,layer-32:FULL_MIXED_STRIPE:p8,PHYSICALLY_GROUNDED_MODEL_INPUT
32,KDA,expert_reduction,8,1,1.183,45,FRESH_PHYSICAL_TYPE_CONDITIONED,layer-32:FULL_MIXED_STRIPE:p8,PHYSICALLY_GROUNDED_MODEL_INPUT
32,KDA,expert_stripe,8,1,0.23620000000000002,45,FRESH_PHYSICAL_TYPE_CONDITIONED,layer-32:FULL_MIXED_STRIPE:p8,PHYSICALLY_GROUNDED_MODEL_INPUT
32,KDA,latent_down,8,1,0.0447,45,FRESH_PHYSICAL_TYPE_CONDITIONED,layer-32:FULL_MIXED_STRIPE:p8,PHYSICALLY_GROUNDED_MODEL_INPUT
32,KDA,latent_up,8,1,0.0463,45,FRESH_PHYSICAL_TYPE_CONDITIONED,layer-32:FULL_MIXED_STRIPE:p8,PHYSICALLY_GROUNDED_MODEL_INPUT
32,KDA,latent_up_reduction,8,1,1.46,45,FRESH_PHYSICAL_TYPE_CONDITIONED,layer-32:FULL_MIXED_STRIPE:p8,PHYSICALLY_GROUNDED_MODEL_INPUT
32,KDA,output_state_commit,1,1,0.15115,45,FRESH_PHYSICAL_TYPE_CONDITIONED,layer-32:FULL_MIXED_STRIPE:p8,PHYSICALLY_GROUNDED_MODEL_INPUT
32,KDA,post_attention_preprocess,1,1,0.3276,45,FRESH_PHYSICAL_TYPE_CONDITIONED,layer-32:FULL_MIXED_STRIPE:p8,PHYSICALLY_GROUNDED_MODEL_INPUT
32,KDA,routed_norm,1,1,0.13645000000000002,45,FRESH_PHYSICAL_TYPE_CONDITIONED,layer-32:FULL_MIXED_STRIPE:p8,PHYSICALLY_GROUNDED_MODEL_INPUT
32,KDA,routed_shared_reduction,2,1,1.1742,45,FRESH_PHYSICAL_TYPE_CONDITIONED,layer-32:FULL_MIXED_STRIPE:p8,PHYSICALLY_GROUNDED_MODEL_INPUT
32,KDA,router,1,1,0.6472,45,FRESH_PHYSICAL_TYPE_CONDITIONED,layer-32:FULL_MIXED_STRIPE:p8,PHYSICALLY_GROUNDED_MODEL_INPUT
32,KDA,shared_expert,8,1,0.1073,45,FRESH_PHYSICAL_TYPE_CONDITIONED,layer-32:FULL_MIXED_STRIPE:p8,PHYSICALLY_GROUNDED_MODEL_INPUT
32,KDA,shared_reduction,8,1,1.46,45,FRESH_PHYSICAL_TYPE_CONDITIONED,layer-32:FULL_MIXED_STRIPE:p8,PHYSICALLY_GROUNDED_MODEL_INPUT
32,KDA,worker_protocol,1,1,0.3813,45,FROZEN_PHYSICAL_AUTHENTICATED_FRAME,layer-32:FULL_MIXED_STRIPE:p8,PHYSICAL_INHERITED_E022
32,KDA,whole_layer,1,1,4.212,45,PHYSICAL_TYPE_CONDITIONED,layer-32:WHOLE_LAYER:p1,PHYSICALLY_GROUNDED_MODEL_INPUT
32,KDA,attention_common,1,2,0.05115,45,FRESH_PHYSICAL_TYPE_CONDITIONED,layer-32:FULL_MIXED_STRIPE:p8,PHYSICALLY_GROUNDED_MODEL_INPUT
32,KDA,attention_preprocess,1,2,0.5454,45,FRESH_PHYSICAL_TYPE_CONDITIONED,layer-32:FULL_MIXED_STRIPE:p8,PHYSICALLY_GROUNDED_MODEL_INPUT
32,KDA,attention_reduction,8,2,1.52125,45,FRESH_PHYSICAL_TYPE_CONDITIONED,layer-32:FULL_MIXED_STRIPE:p8,PHYSICALLY_GROUNDED_MODEL_INPUT
32,KDA,attention_shard,8,2,0.40215,45,FRESH_PHYSICAL_TYPE_CONDITIONED,layer-32:FULL_MIXED_STRIPE:p8,PHYSICALLY_GROUNDED_MODEL_INPUT
32,KDA,expert_reduction,8,2,1.0752,45,FRESH_PHYSICAL_TYPE_CONDITIONED,layer-32:FULL_MIXED_STRIPE:p8,PHYSICALLY_GROUNDED_MODEL_INPUT
32,KDA,expert_stripe,8,2,0.39315,45,FRESH_PHYSICAL_TYPE_CONDITIONED,layer-32:FULL_MIXED_STRIPE:p8,PHYSICALLY_GROUNDED_MODEL_INPUT
32,KDA,latent_down,8,2,0.05,45,FRESH_PHYSICAL_TYPE_CONDITIONED,layer-32:FULL_MIXED_STRIPE:p8,PHYSICALLY_GROUNDED_MODEL_INPUT
32,KDA,latent_up,8,2,0.0584,45,FRESH_PHYSICAL_TYPE_CONDITIONED,layer-32:FULL_MIXED_STRIPE:p8,PHYSICALLY_GROUNDED_MODEL_INPUT
32,KDA,latent_up_reduction,8,2,1.46,45,FRESH_PHYSICAL_TYPE_CONDITIONED,layer-32:FULL_MIXED_STRIPE:p8,PHYSICALLY_GROUNDED_MODEL_INPUT
32,KDA,output_state_commit,1,2,0.15510000000000002,45,FRESH_PHYSICAL_TYPE_CONDITIONED,layer-32:FULL_MIXED_STRIPE:p8,PHYSICALLY_GROUNDED_MODEL_INPUT
32,KDA,post_attention_preprocess,1,2,0.54325,45,FRESH_PHYSICAL_TYPE_CONDITIONED,layer-32:FULL_MIXED_STRIPE:p8,PHYSICALLY_GROUNDED_MODEL_INPUT
32,KDA,routed_norm,1,2,0.1233,45,FRESH_PHYSICAL_TYPE_CONDITIONED,layer-32:FULL_MIXED_STRIPE:p8,PHYSICALLY_GROUNDED_MODEL_INPUT
32,KDA,routed_shared_reduction,2,2,1.2424,45,FRESH_PHYSICAL_TYPE_CONDITIONED,layer-32:FULL_MIXED_STRIPE:p8,PHYSICALLY_GROUNDED_MODEL_INPUT
32,KDA,router,1,2,0.6437,45,FRESH_PHYSICAL_TYPE_CONDITIONED,layer-32:FULL_MIXED_STRIPE:p8,PHYSICALLY_GROUNDED_MODEL_INPUT
32,KDA,shared_expert,8,2,0.12365000000000001,45,FRESH_PHYSICAL_TYPE_CONDITIONED,layer-32:FULL_MIXED_STRIPE:p8,PHYSICALLY_GROUNDED_MODEL_INPUT
32,KDA,shared_reduction,8,2,1.46,45,FRESH_PHYSICAL_TYPE_CONDITIONED,layer-32:FULL_MIXED_STRIPE:p8,PHYSICALLY_GROUNDED_MODEL_INPUT
32,KDA,worker_protocol,1,2,0.4718,45,FROZEN_PHYSICAL_AUTHENTICATED_FRAME,layer-32:FULL_MIXED_STRIPE:p8,PHYSICAL_INHERITED_E022
32,KDA,whole_layer,1,2,5.8731,45,PHYSICAL_TYPE_CONDITIONED,layer-32:WHOLE_LAYER:p1,PHYSICALLY_GROUNDED_MODEL_INPUT
32,KDA,attention_common,1,4,0.0511,45,FRESH_PHYSICAL_TYPE_CONDITIONED,layer-32:FULL_MIXED_STRIPE:p8,PHYSICALLY_GROUNDED_MODEL_INPUT
32,KDA,attention_preprocess,1,4,0.9714,45,FRESH_PHYSICAL_TYPE_CONDITIONED,layer-32:FULL_MIXED_STRIPE:p8,PHYSICALLY_GROUNDED_MODEL_INPUT
32,KDA,attention_reduction,8,4,1.6047500000000001,45,FRESH_PHYSICAL_TYPE_CONDITIONED,layer-32:FULL_MIXED_STRIPE:p8,PHYSICALLY_GROUNDED_MODEL_INPUT
32,KDA,attention_shard,8,4,0.6811,45,FRESH_PHYSICAL_TYPE_CONDITIONED,layer-32:FULL_MIXED_STRIPE:p8,PHYSICALLY_GROUNDED_MODEL_INPUT
32,KDA,expert_reduction,8,4,1.466,45,FRESH_PHYSICAL_TYPE_CONDITIONED,layer-32:FULL_MIXED_STRIPE:p8,PHYSICALLY_GROUNDED_MODEL_INPUT
32,KDA,expert_stripe,8,4,0.6790499999999999,45,FRESH_PHYSICAL_TYPE_CONDITIONED,layer-32:FULL_MIXED_STRIPE:p8,PHYSICALLY_GROUNDED_MODEL_INPUT
32,KDA,latent_down,8,4,0.0902,45,FRESH_PHYSICAL_TYPE_CONDITIONED,layer-32:FULL_MIXED_STRIPE:p8,PHYSICALLY_GROUNDED_MODEL_INPUT
32,KDA,latent_up,8,4,0.0815,45,FRESH_PHYSICAL_TYPE_CONDITIONED,layer-32:FULL_MIXED_STRIPE:p8,PHYSICALLY_GROUNDED_MODEL_INPUT
32,KDA,latent_up_reduction,8,4,1.5376,45,FRESH_PHYSICAL_TYPE_CONDITIONED,layer-32:FULL_MIXED_STRIPE:p8,PHYSICALLY_GROUNDED_MODEL_INPUT
32,KDA,output_state_commit,1,4,0.18295,45,FRESH_PHYSICAL_TYPE_CONDITIONED,layer-32:FULL_MIXED_STRIPE:p8,PHYSICALLY_GROUNDED_MODEL_INPUT
32,KDA,post_attention_preprocess,1,4,0.9783,45,FRESH_PHYSICAL_TYPE_CONDITIONED,layer-32:FULL_MIXED_STRIPE:p8,PHYSICALLY_GROUNDED_MODEL_INPUT
32,KDA,routed_norm,1,4,0.1302,45,FRESH_PHYSICAL_TYPE_CONDITIONED,layer-32:FULL_MIXED_STRIPE:p8,PHYSICALLY_GROUNDED_MODEL_INPUT
32,KDA,routed_shared_reduction,2,4,1.2015,45,FRESH_PHYSICAL_TYPE_CONDITIONED,layer-32:FULL_MIXED_STRIPE:p8,PHYSICALLY_GROUNDED_MODEL_INPUT
32,KDA,router,1,4,0.64645,45,FRESH_PHYSICAL_TYPE_CONDITIONED,layer-32:FULL_MIXED_STRIPE:p8,PHYSICALLY_GROUNDED_MODEL_INPUT
32,KDA,shared_expert,8,4,0.2192,45,FRESH_PHYSICAL_TYPE_CONDITIONED,layer-32:FULL_MIXED_STRIPE:p8,PHYSICALLY_GROUNDED_MODEL_INPUT
32,KDA,shared_reduction,8,4,1.5376,45,FRESH_PHYSICAL_TYPE_CONDITIONED,layer-32:FULL_MIXED_STRIPE:p8,PHYSICALLY_GROUNDED_MODEL_INPUT
32,KDA,worker_protocol,1,4,0.6952,45,FROZEN_PHYSICAL_AUTHENTICATED_FRAME,layer-32:FULL_MIXED_STRIPE:p8,PHYSICAL_INHERITED_E022
32,KDA,whole_layer,1,4,8.604849999999999,45,PHYSICAL_TYPE_CONDITIONED,layer-32:WHOLE_LAYER:p1,PHYSICALLY_GROUNDED_MODEL_INPUT
33,KDA,attention_common,1,1,0.050699999999999995,45,FRESH_PHYSICAL_TYPE_CONDITIONED,layer-33:FULL_MIXED_STRIPE:p8,PHYSICALLY_GROUNDED_MODEL_INPUT
33,KDA,attention_preprocess,1,1,0.3388,45,FRESH_PHYSICAL_TYPE_CONDITIONED,layer-33:FULL_MIXED_STRIPE:p8,PHYSICALLY_GROUNDED_MODEL_INPUT
33,KDA,attention_reduction,8,1,1.5225,45,FRESH_PHYSICAL_TYPE_CONDITIONED,layer-33:FULL_MIXED_STRIPE:p8,PHYSICALLY_GROUNDED_MODEL_INPUT
33,KDA,attention_shard,8,1,0.3079,45,FRESH_PHYSICAL_TYPE_CONDITIONED,layer-33:FULL_MIXED_STRIPE:p8,PHYSICALLY_GROUNDED_MODEL_INPUT
33,KDA,expert_reduction,8,1,1.183,45,FRESH_PHYSICAL_TYPE_CONDITIONED,layer-33:FULL_MIXED_STRIPE:p8,PHYSICALLY_GROUNDED_MODEL_INPUT
33,KDA,expert_stripe,8,1,0.23620000000000002,45,FRESH_PHYSICAL_TYPE_CONDITIONED,layer-33:FULL_MIXED_STRIPE:p8,PHYSICALLY_GROUNDED_MODEL_INPUT
33,KDA,latent_down,8,1,0.0447,45,FRESH_PHYSICAL_TYPE_CONDITIONED,layer-33:FULL_MIXED_STRIPE:p8,PHYSICALLY_GROUNDED_MODEL_INPUT
33,KDA,latent_up,8,1,0.0463,45,FRESH_PHYSICAL_TYPE_CONDITIONED,layer-33:FULL_MIXED_STRIPE:p8,PHYSICALLY_GROUNDED_MODEL_INPUT
33,KDA,latent_up_reduction,8,1,1.46,45,FRESH_PHYSICAL_TYPE_CONDITIONED,layer-33:FULL_MIXED_STRIPE:p8,PHYSICALLY_GROUNDED_MODEL_INPUT
33,KDA,output_state_commit,1,1,0.15115,45,FRESH_PHYSICAL_TYPE_CONDITIONED,layer-33:FULL_MIXED_STRIPE:p8,PHYSICALLY_GROUNDED_MODEL_INPUT
33,KDA,post_attention_preprocess,1,1,0.3276,45,FRESH_PHYSICAL_TYPE_CONDITIONED,layer-33:FULL_MIXED_STRIPE:p8,PHYSICALLY_GROUNDED_MODEL_INPUT
33,KDA,routed_norm,1,1,0.13645000000000002,45,FRESH_PHYSICAL_TYPE_CONDITIONED,layer-33:FULL_MIXED_STRIPE:p8,PHYSICALLY_GROUNDED_MODEL_INPUT
33,KDA,routed_shared_reduction,2,1,1.1742,45,FRESH_PHYSICAL_TYPE_CONDITIONED,layer-33:FULL_MIXED_STRIPE:p8,PHYSICALLY_GROUNDED_MODEL_INPUT
33,KDA,router,1,1,0.6472,45,FRESH_PHYSICAL_TYPE_CONDITIONED,layer-33:FULL_MIXED_STRIPE:p8,PHYSICALLY_GROUNDED_MODEL_INPUT
33,KDA,shared_expert,8,1,0.1073,45,FRESH_PHYSICAL_TYPE_CONDITIONED,layer-33:FULL_MIXED_STRIPE:p8,PHYSICALLY_GROUNDED_MODEL_INPUT
33,KDA,shared_reduction,8,1,1.46,45,FRESH_PHYSICAL_TYPE_CONDITIONED,layer-33:FULL_MIXED_STRIPE:p8,PHYSICALLY_GROUNDED_MODEL_INPUT
33,KDA,worker_protocol,1,1,0.3813,45,FROZEN_PHYSICAL_AUTHENTICATED_FRAME,layer-33:FULL_MIXED_STRIPE:p8,PHYSICAL_INHERITED_E022
33,KDA,whole_layer,1,1,4.212,45,PHYSICAL_TYPE_CONDITIONED,layer-33:WHOLE_LAYER:p1,PHYSICALLY_GROUNDED_MODEL_INPUT
33,KDA,attention_common,1,2,0.05115,45,FRESH_PHYSICAL_TYPE_CONDITIONED,layer-33:FULL_MIXED_STRIPE:p8,PHYSICALLY_GROUNDED_MODEL_INPUT
33,KDA,attention_preprocess,1,2,0.5454,45,FRESH_PHYSICAL_TYPE_CONDITIONED,layer-33:FULL_MIXED_STRIPE:p8,PHYSICALLY_GROUNDED_MODEL_INPUT
33,KDA,attention_reduction,8,2,1.52125,45,FRESH_PHYSICAL_TYPE_CONDITIONED,layer-33:FULL_MIXED_STRIPE:p8,PHYSICALLY_GROUNDED_MODEL_INPUT
33,KDA,attention_shard,8,2,0.40215,45,FRESH_PHYSICAL_TYPE_CONDITIONED,layer-33:FULL_MIXED_STRIPE:p8,PHYSICALLY_GROUNDED_MODEL_INPUT
33,KDA,expert_reduction,8,2,1.0752,45,FRESH_PHYSICAL_TYPE_CONDITIONED,layer-33:FULL_MIXED_STRIPE:p8,PHYSICALLY_GROUNDED_MODEL_INPUT
33,KDA,expert_stripe,8,2,0.39315,45,FRESH_PHYSICAL_TYPE_CONDITIONED,layer-33:FULL_MIXED_STRIPE:p8,PHYSICALLY_GROUNDED_MODEL_INPUT
33,KDA,latent_down,8,2,0.05,45,FRESH_PHYSICAL_TYPE_CONDITIONED,layer-33:FULL_MIXED_STRIPE:p8,PHYSICALLY_GROUNDED_MODEL_INPUT
33,KDA,latent_up,8,2,0.0584,45,FRESH_PHYSICAL_TYPE_CONDITIONED,layer-33:FULL_MIXED_STRIPE:p8,PHYSICALLY_GROUNDED_MODEL_INPUT
33,KDA,latent_up_reduction,8,2,1.46,45,FRESH_PHYSICAL_TYPE_CONDITIONED,layer-33:FULL_MIXED_STRIPE:p8,PHYSICALLY_GROUNDED_MODEL_INPUT
33,KDA,output_state_commit,1,2,0.15510000000000002,45,FRESH_PHYSICAL_TYPE_CONDITIONED,layer-33:FULL_MIXED_STRIPE:p8,PHYSICALLY_GROUNDED_MODEL_INPUT
33,KDA,post_attention_preprocess,1,2,0.54325,45,FRESH_PHYSICAL_TYPE_CONDITIONED,layer-33:FULL_MIXED_STRIPE:p8,PHYSICALLY_GROUNDED_MODEL_INPUT
33,KDA,routed_norm,1,2,0.1233,45,FRESH_PHYSICAL_TYPE_CONDITIONED,layer-33:FULL_MIXED_STRIPE:p8,PHYSICALLY_GROUNDED_MODEL_INPUT
33,KDA,routed_shared_reduction,2,2,1.2424,45,FRESH_PHYSICAL_TYPE_CONDITIONED,layer-33:FULL_MIXED_STRIPE:p8,PHYSICALLY_GROUNDED_MODEL_INPUT
33,KDA,router,1,2,0.6437,45,FRESH_PHYSICAL_TYPE_CONDITIONED,layer-33:FULL_MIXED_STRIPE:p8,PHYSICALLY_GROUNDED_MODEL_INPUT
33,KDA,shared_expert,8,2,0.12365000000000001,45,FRESH_PHYSICAL_TYPE_CONDITIONED,layer-33:FULL_MIXED_STRIPE:p8,PHYSICALLY_GROUNDED_MODEL_INPUT
33,KDA,shared_reduction,8,2,1.46,45,FRESH_PHYSICAL_TYPE_CONDITIONED,layer-33:FULL_MIXED_STRIPE:p8,PHYSICALLY_GROUNDED_MODEL_INPUT
33,KDA,worker_protocol,1,2,0.4718,45,FROZEN_PHYSICAL_AUTHENTICATED_FRAME,layer-33:FULL_MIXED_STRIPE:p8,PHYSICAL_INHERITED_E022
33,KDA,whole_layer,1,2,5.8731,45,PHYSICAL_TYPE_CONDITIONED,layer-33:WHOLE_LAYER:p1,PHYSICALLY_GROUNDED_MODEL_INPUT
33,KDA,attention_common,1,4,0.0511,45,FRESH_PHYSICAL_TYPE_CONDITIONED,layer-33:FULL_MIXED_STRIPE:p8,PHYSICALLY_GROUNDED_MODEL_INPUT
33,KDA,attention_preprocess,1,4,0.9714,45,FRESH_PHYSICAL_TYPE_CONDITIONED,layer-33:FULL_MIXED_STRIPE:p8,PHYSICALLY_GROUNDED_MODEL_INPUT
33,KDA,attention_reduction,8,4,1.6047500000000001,45,FRESH_PHYSICAL_TYPE_CONDITIONED,layer-33:FULL_MIXED_STRIPE:p8,PHYSICALLY_GROUNDED_MODEL_INPUT
33,KDA,attention_shard,8,4,0.6811,45,FRESH_PHYSICAL_TYPE_CONDITIONED,layer-33:FULL_MIXED_STRIPE:p8,PHYSICALLY_GROUNDED_MODEL_INPUT
33,KDA,expert_reduction,8,4,1.466,45,FRESH_PHYSICAL_TYPE_CONDITIONED,layer-33:FULL_MIXED_STRIPE:p8,PHYSICALLY_GROUNDED_MODEL_INPUT
33,KDA,expert_stripe,8,4,0.6790499999999999,45,FRESH_PHYSICAL_TYPE_CONDITIONED,layer-33:FULL_MIXED_STRIPE:p8,PHYSICALLY_GROUNDED_MODEL_INPUT
33,KDA,latent_down,8,4,0.0902,45,FRESH_PHYSICAL_TYPE_CONDITIONED,layer-33:FULL_MIXED_STRIPE:p8,PHYSICALLY_GROUNDED_MODEL_INPUT
33,KDA,latent_up,8,4,0.0815,45,FRESH_PHYSICAL_TYPE_CONDITIONED,layer-33:FULL_MIXED_STRIPE:p8,PHYSICALLY_GROUNDED_MODEL_INPUT
33,KDA,latent_up_reduction,8,4,1.5376,45,FRESH_PHYSICAL_TYPE_CONDITIONED,layer-33:FULL_MIXED_STRIPE:p8,PHYSICALLY_GROUNDED_MODEL_INPUT
33,KDA,output_state_commit,1,4,0.18295,45,FRESH_PHYSICAL_TYPE_CONDITIONED,layer-33:FULL_MIXED_STRIPE:p8,PHYSICALLY_GROUNDED_MODEL_INPUT
33,KDA,post_attention_preprocess,1,4,0.9783,45,FRESH_PHYSICAL_TYPE_CONDITIONED,layer-33:FULL_MIXED_STRIPE:p8,PHYSICALLY_GROUNDED_MODEL_INPUT
33,KDA,routed_norm,1,4,0.1302,45,FRESH_PHYSICAL_TYPE_CONDITIONED,layer-33:FULL_MIXED_STRIPE:p8,PHYSICALLY_GROUNDED_MODEL_INPUT
33,KDA,routed_shared_reduction,2,4,1.2015,45,FRESH_PHYSICAL_TYPE_CONDITIONED,layer-33:FULL_MIXED_STRIPE:p8,PHYSICALLY_GROUNDED_MODEL_INPUT
33,KDA,router,1,4,0.64645,45,FRESH_PHYSICAL_TYPE_CONDITIONED,layer-33:FULL_MIXED_STRIPE:p8,PHYSICALLY_GROUNDED_MODEL_INPUT
33,KDA,shared_expert,8,4,0.2192,45,FRESH_PHYSICAL_TYPE_CONDITIONED,layer-33:FULL_MIXED_STRIPE:p8,PHYSICALLY_GROUNDED_MODEL_INPUT
33,KDA,shared_reduction,8,4,1.5376,45,FRESH_PHYSICAL_TYPE_CONDITIONED,layer-33:FULL_MIXED_STRIPE:p8,PHYSICALLY_GROUNDED_MODEL_INPUT
33,KDA,worker_protocol,1,4,0.6952,45,FROZEN_PHYSICAL_AUTHENTICATED_FRAME,layer-33:FULL_MIXED_STRIPE:p8,PHYSICAL_INHERITED_E022
33,KDA,whole_layer,1,4,8.604849999999999,45,PHYSICAL_TYPE_CONDITIONED,layer-33:WHOLE_LAYER:p1,PHYSICALLY_GROUNDED_MODEL_INPUT
34,KDA,attention_common,1,1,0.050699999999999995,45,FRESH_PHYSICAL_TYPE_CONDITIONED,layer-34:FULL_MIXED_STRIPE:p8,PHYSICALLY_GROUNDED_MODEL_INPUT
34,KDA,attention_preprocess,1,1,0.3388,45,FRESH_PHYSICAL_TYPE_CONDITIONED,layer-34:FULL_MIXED_STRIPE:p8,PHYSICALLY_GROUNDED_MODEL_INPUT
34,KDA,attention_reduction,8,1,1.5225,45,FRESH_PHYSICAL_TYPE_CONDITIONED,layer-34:FULL_MIXED_STRIPE:p8,PHYSICALLY_GROUNDED_MODEL_INPUT
34,KDA,attention_shard,8,1,0.3079,45,FRESH_PHYSICAL_TYPE_CONDITIONED,layer-34:FULL_MIXED_STRIPE:p8,PHYSICALLY_GROUNDED_MODEL_INPUT
34,KDA,expert_reduction,8,1,1.183,45,FRESH_PHYSICAL_TYPE_CONDITIONED,layer-34:FULL_MIXED_STRIPE:p8,PHYSICALLY_GROUNDED_MODEL_INPUT
34,KDA,expert_stripe,8,1,0.23620000000000002,45,FRESH_PHYSICAL_TYPE_CONDITIONED,layer-34:FULL_MIXED_STRIPE:p8,PHYSICALLY_GROUNDED_MODEL_INPUT
34,KDA,latent_down,8,1,0.0447,45,FRESH_PHYSICAL_TYPE_CONDITIONED,layer-34:FULL_MIXED_STRIPE:p8,PHYSICALLY_GROUNDED_MODEL_INPUT
34,KDA,latent_up,8,1,0.0463,45,FRESH_PHYSICAL_TYPE_CONDITIONED,layer-34:FULL_MIXED_STRIPE:p8,PHYSICALLY_GROUNDED_MODEL_INPUT
34,KDA,latent_up_reduction,8,1,1.46,45,FRESH_PHYSICAL_TYPE_CONDITIONED,layer-34:FULL_MIXED_STRIPE:p8,PHYSICALLY_GROUNDED_MODEL_INPUT
34,KDA,output_state_commit,1,1,0.15115,45,FRESH_PHYSICAL_TYPE_CONDITIONED,layer-34:FULL_MIXED_STRIPE:p8,PHYSICALLY_GROUNDED_MODEL_INPUT
34,KDA,post_attention_preprocess,1,1,0.3276,45,FRESH_PHYSICAL_TYPE_CONDITIONED,layer-34:FULL_MIXED_STRIPE:p8,PHYSICALLY_GROUNDED_MODEL_INPUT
34,KDA,routed_norm,1,1,0.13645000000000002,45,FRESH_PHYSICAL_TYPE_CONDITIONED,layer-34:FULL_MIXED_STRIPE:p8,PHYSICALLY_GROUNDED_MODEL_INPUT
34,KDA,routed_shared_reduction,2,1,1.1742,45,FRESH_PHYSICAL_TYPE_CONDITIONED,layer-34:FULL_MIXED_STRIPE:p8,PHYSICALLY_GROUNDED_MODEL_INPUT
34,KDA,router,1,1,0.6472,45,FRESH_PHYSICAL_TYPE_CONDITIONED,layer-34:FULL_MIXED_STRIPE:p8,PHYSICALLY_GROUNDED_MODEL_INPUT
34,KDA,shared_expert,8,1,0.1073,45,FRESH_PHYSICAL_TYPE_CONDITIONED,layer-34:FULL_MIXED_STRIPE:p8,PHYSICALLY_GROUNDED_MODEL_INPUT
34,KDA,shared_reduction,8,1,1.46,45,FRESH_PHYSICAL_TYPE_CONDITIONED,layer-34:FULL_MIXED_STRIPE:p8,PHYSICALLY_GROUNDED_MODEL_INPUT
34,KDA,worker_protocol,1,1,0.3813,45,FROZEN_PHYSICAL_AUTHENTICATED_FRAME,layer-34:FULL_MIXED_STRIPE:p8,PHYSICAL_INHERITED_E022
34,KDA,whole_layer,1,1,4.212,45,PHYSICAL_TYPE_CONDITIONED,layer-34:WHOLE_LAYER:p1,PHYSICALLY_GROUNDED_MODEL_INPUT
34,KDA,attention_common,1,2,0.05115,45,FRESH_PHYSICAL_TYPE_CONDITIONED,layer-34:FULL_MIXED_STRIPE:p8,PHYSICALLY_GROUNDED_MODEL_INPUT
34,KDA,attention_preprocess,1,2,0.5454,45,FRESH_PHYSICAL_TYPE_CONDITIONED,layer-34:FULL_MIXED_STRIPE:p8,PHYSICALLY_GROUNDED_MODEL_INPUT
34,KDA,attention_reduction,8,2,1.52125,45,FRESH_PHYSICAL_TYPE_CONDITIONED,layer-34:FULL_MIXED_STRIPE:p8,PHYSICALLY_GROUNDED_MODEL_INPUT
34,KDA,attention_shard,8,2,0.40215,45,FRESH_PHYSICAL_TYPE_CONDITIONED,layer-34:FULL_MIXED_STRIPE:p8,PHYSICALLY_GROUNDED_MODEL_INPUT
34,KDA,expert_reduction,8,2,1.0752,45,FRESH_PHYSICAL_TYPE_CONDITIONED,layer-34:FULL_MIXED_STRIPE:p8,PHYSICALLY_GROUNDED_MODEL_INPUT
34,KDA,expert_stripe,8,2,0.39315,45,FRESH_PHYSICAL_TYPE_CONDITIONED,layer-34:FULL_MIXED_STRIPE:p8,PHYSICALLY_GROUNDED_MODEL_INPUT
34,KDA,latent_down,8,2,0.05,45,FRESH_PHYSICAL_TYPE_CONDITIONED,layer-34:FULL_MIXED_STRIPE:p8,PHYSICALLY_GROUNDED_MODEL_INPUT
34,KDA,latent_up,8,2,0.0584,45,FRESH_PHYSICAL_TYPE_CONDITIONED,layer-34:FULL_MIXED_STRIPE:p8,PHYSICALLY_GROUNDED_MODEL_INPUT
34,KDA,latent_up_reduction,8,2,1.46,45,FRESH_PHYSICAL_TYPE_CONDITIONED,layer-34:FULL_MIXED_STRIPE:p8,PHYSICALLY_GROUNDED_MODEL_INPUT
34,KDA,output_state_commit,1,2,0.15510000000000002,45,FRESH_PHYSICAL_TYPE_CONDITIONED,layer-34:FULL_MIXED_STRIPE:p8,PHYSICALLY_GROUNDED_MODEL_INPUT
34,KDA,post_attention_preprocess,1,2,0.54325,45,FRESH_PHYSICAL_TYPE_CONDITIONED,layer-34:FULL_MIXED_STRIPE:p8,PHYSICALLY_GROUNDED_MODEL_INPUT
34,KDA,routed_norm,1,2,0.1233,45,FRESH_PHYSICAL_TYPE_CONDITIONED,layer-34:FULL_MIXED_STRIPE:p8,PHYSICALLY_GROUNDED_MODEL_INPUT
34,KDA,routed_shared_reduction,2,2,1.2424,45,FRESH_PHYSICAL_TYPE_CONDITIONED,layer-34:FULL_MIXED_STRIPE:p8,PHYSICALLY_GROUNDED_MODEL_INPUT
34,KDA,router,1,2,0.6437,45,FRESH_PHYSICAL_TYPE_CONDITIONED,layer-34:FULL_MIXED_STRIPE:p8,PHYSICALLY_GROUNDED_MODEL_INPUT
34,KDA,shared_expert,8,2,0.12365000000000001,45,FRESH_PHYSICAL_TYPE_CONDITIONED,layer-34:FULL_MIXED_STRIPE:p8,PHYSICALLY_GROUNDED_MODEL_INPUT
34,KDA,shared_reduction,8,2,1.46,45,FRESH_PHYSICAL_TYPE_CONDITIONED,layer-34:FULL_MIXED_STRIPE:p8,PHYSICALLY_GROUNDED_MODEL_INPUT
34,KDA,worker_protocol,1,2,0.4718,45,FROZEN_PHYSICAL_AUTHENTICATED_FRAME,layer-34:FULL_MIXED_STRIPE:p8,PHYSICAL_INHERITED_E022
34,KDA,whole_layer,1,2,5.8731,45,PHYSICAL_TYPE_CONDITIONED,layer-34:WHOLE_LAYER:p1,PHYSICALLY_GROUNDED_MODEL_INPUT
34,KDA,attention_common,1,4,0.0511,45,FRESH_PHYSICAL_TYPE_CONDITIONED,layer-34:FULL_MIXED_STRIPE:p8,PHYSICALLY_GROUNDED_MODEL_INPUT
34,KDA,attention_preprocess,1,4,0.9714,45,FRESH_PHYSICAL_TYPE_CONDITIONED,layer-34:FULL_MIXED_STRIPE:p8,PHYSICALLY_GROUNDED_MODEL_INPUT
34,KDA,attention_reduction,8,4,1.6047500000000001,45,FRESH_PHYSICAL_TYPE_CONDITIONED,layer-34:FULL_MIXED_STRIPE:p8,PHYSICALLY_GROUNDED_MODEL_INPUT
34,KDA,attention_shard,8,4,0.6811,45,FRESH_PHYSICAL_TYPE_CONDITIONED,layer-34:FULL_MIXED_STRIPE:p8,PHYSICALLY_GROUNDED_MODEL_INPUT
34,KDA,expert_reduction,8,4,1.466,45,FRESH_PHYSICAL_TYPE_CONDITIONED,layer-34:FULL_MIXED_STRIPE:p8,PHYSICALLY_GROUNDED_MODEL_INPUT
34,KDA,expert_stripe,8,4,0.6790499999999999,45,FRESH_PHYSICAL_TYPE_CONDITIONED,layer-34:FULL_MIXED_STRIPE:p8,PHYSICALLY_GROUNDED_MODEL_INPUT
34,KDA,latent_down,8,4,0.0902,45,FRESH_PHYSICAL_TYPE_CONDITIONED,layer-34:FULL_MIXED_STRIPE:p8,PHYSICALLY_GROUNDED_MODEL_INPUT
34,KDA,latent_up,8,4,0.0815,45,FRESH_PHYSICAL_TYPE_CONDITIONED,layer-34:FULL_MIXED_STRIPE:p8,PHYSICALLY_GROUNDED_MODEL_INPUT
34,KDA,latent_up_reduction,8,4,1.5376,45,FRESH_PHYSICAL_TYPE_CONDITIONED,layer-34:FULL_MIXED_STRIPE:p8,PHYSICALLY_GROUNDED_MODEL_INPUT
34,KDA,output_state_commit,1,4,0.18295,45,FRESH_PHYSICAL_TYPE_CONDITIONED,layer-34:FULL_MIXED_STRIPE:p8,PHYSICALLY_GROUNDED_MODEL_INPUT
34,KDA,post_attention_preprocess,1,4,0.9783,45,FRESH_PHYSICAL_TYPE_CONDITIONED,layer-34:FULL_MIXED_STRIPE:p8,PHYSICALLY_GROUNDED_MODEL_INPUT
34,KDA,routed_norm,1,4,0.1302,45,FRESH_PHYSICAL_TYPE_CONDITIONED,layer-34:FULL_MIXED_STRIPE:p8,PHYSICALLY_GROUNDED_MODEL_INPUT
34,KDA,routed_shared_reduction,2,4,1.2015,45,FRESH_PHYSICAL_TYPE_CONDITIONED,layer-34:FULL_MIXED_STRIPE:p8,PHYSICALLY_GROUNDED_MODEL_INPUT
34,KDA,router,1,4,0.64645,45,FRESH_PHYSICAL_TYPE_CONDITIONED,layer-34:FULL_MIXED_STRIPE:p8,PHYSICALLY_GROUNDED_MODEL_INPUT
34,KDA,shared_expert,8,4,0.2192,45,FRESH_PHYSICAL_TYPE_CONDITIONED,layer-34:FULL_MIXED_STRIPE:p8,PHYSICALLY_GROUNDED_MODEL_INPUT
34,KDA,shared_reduction,8,4,1.5376,45,FRESH_PHYSICAL_TYPE_CONDITIONED,layer-34:FULL_MIXED_STRIPE:p8,PHYSICALLY_GROUNDED_MODEL_INPUT
34,KDA,worker_protocol,1,4,0.6952,45,FROZEN_PHYSICAL_AUTHENTICATED_FRAME,layer-34:FULL_MIXED_STRIPE:p8,PHYSICAL_INHERITED_E022
34,KDA,whole_layer,1,4,8.604849999999999,45,PHYSICAL_TYPE_CONDITIONED,layer-34:WHOLE_LAYER:p1,PHYSICALLY_GROUNDED_MODEL_INPUT
35,GATED_MLA,attention_common,1,1,0.0867,47,FRESH_PHYSICAL_TYPE_CONDITIONED,layer-35:FULL_MIXED_STRIPE:p8,PHYSICALLY_GROUNDED_MODEL_INPUT
35,GATED_MLA,attention_preprocess,1,1,0.34825,47,FRESH_PHYSICAL_TYPE_CONDITIONED,layer-35:FULL_MIXED_STRIPE:p8,PHYSICALLY_GROUNDED_MODEL_INPUT
35,GATED_MLA,attention_reduction,8,1,1.5127,47,FRESH_PHYSICAL_TYPE_CONDITIONED,layer-35:FULL_MIXED_STRIPE:p8,PHYSICALLY_GROUNDED_MODEL_INPUT
35,GATED_MLA,attention_shard,8,1,0.1987,47,FRESH_PHYSICAL_TYPE_CONDITIONED,layer-35:FULL_MIXED_STRIPE:p8,PHYSICALLY_GROUNDED_MODEL_INPUT
35,GATED_MLA,expert_reduction,8,1,1.183,47,FRESH_PHYSICAL_TYPE_CONDITIONED,layer-35:FULL_MIXED_STRIPE:p8,PHYSICALLY_GROUNDED_MODEL_INPUT
35,GATED_MLA,expert_stripe,8,1,0.2368,47,FRESH_PHYSICAL_TYPE_CONDITIONED,layer-35:FULL_MIXED_STRIPE:p8,PHYSICALLY_GROUNDED_MODEL_INPUT
35,GATED_MLA,latent_down,8,1,0.0443,47,FRESH_PHYSICAL_TYPE_CONDITIONED,layer-35:FULL_MIXED_STRIPE:p8,PHYSICALLY_GROUNDED_MODEL_INPUT
35,GATED_MLA,latent_up,8,1,0.04985,47,FRESH_PHYSICAL_TYPE_CONDITIONED,layer-35:FULL_MIXED_STRIPE:p8,PHYSICALLY_GROUNDED_MODEL_INPUT
35,GATED_MLA,latent_up_reduction,8,1,1.46,47,FRESH_PHYSICAL_TYPE_CONDITIONED,layer-35:FULL_MIXED_STRIPE:p8,PHYSICALLY_GROUNDED_MODEL_INPUT
35,GATED_MLA,output_state_commit,1,1,0.1533,47,FRESH_PHYSICAL_TYPE_CONDITIONED,layer-35:FULL_MIXED_STRIPE:p8,PHYSICALLY_GROUNDED_MODEL_INPUT
35,GATED_MLA,post_attention_preprocess,1,1,0.33235000000000003,47,FRESH_PHYSICAL_TYPE_CONDITIONED,layer-35:FULL_MIXED_STRIPE:p8,PHYSICALLY_GROUNDED_MODEL_INPUT
35,GATED_MLA,routed_norm,1,1,0.12535000000000002,47,FRESH_PHYSICAL_TYPE_CONDITIONED,layer-35:FULL_MIXED_STRIPE:p8,PHYSICALLY_GROUNDED_MODEL_INPUT
35,GATED_MLA,routed_shared_reduction,2,1,1.1742,47,FRESH_PHYSICAL_TYPE_CONDITIONED,layer-35:FULL_MIXED_STRIPE:p8,PHYSICALLY_GROUNDED_MODEL_INPUT
35,GATED_MLA,router,1,1,0.6397999999999999,47,FRESH_PHYSICAL_TYPE_CONDITIONED,layer-35:FULL_MIXED_STRIPE:p8,PHYSICALLY_GROUNDED_MODEL_INPUT
35,GATED_MLA,shared_expert,8,1,0.10835,47,FRESH_PHYSICAL_TYPE_CONDITIONED,layer-35:FULL_MIXED_STRIPE:p8,PHYSICALLY_GROUNDED_MODEL_INPUT
35,GATED_MLA,shared_reduction,8,1,1.46,47,FRESH_PHYSICAL_TYPE_CONDITIONED,layer-35:FULL_MIXED_STRIPE:p8,PHYSICALLY_GROUNDED_MODEL_INPUT
35,GATED_MLA,worker_protocol,1,1,0.3813,47,FROZEN_PHYSICAL_AUTHENTICATED_FRAME,layer-35:FULL_MIXED_STRIPE:p8,PHYSICAL_INHERITED_E022
35,GATED_MLA,whole_layer,1,1,3.6313,47,PHYSICAL_TYPE_CONDITIONED,layer-35:WHOLE_LAYER:p1,PHYSICALLY_GROUNDED_MODEL_INPUT
35,GATED_MLA,attention_common,1,2,0.0963,47,FRESH_PHYSICAL_TYPE_CONDITIONED,layer-35:FULL_MIXED_STRIPE:p8,PHYSICALLY_GROUNDED_MODEL_INPUT
35,GATED_MLA,attention_preprocess,1,2,0.54495,47,FRESH_PHYSICAL_TYPE_CONDITIONED,layer-35:FULL_MIXED_STRIPE:p8,PHYSICALLY_GROUNDED_MODEL_INPUT
35,GATED_MLA,attention_reduction,8,2,1.51195,47,FRESH_PHYSICAL_TYPE_CONDITIONED,layer-35:FULL_MIXED_STRIPE:p8,PHYSICALLY_GROUNDED_MODEL_INPUT
35,GATED_MLA,attention_shard,8,2,0.28745,47,FRESH_PHYSICAL_TYPE_CONDITIONED,layer-35:FULL_MIXED_STRIPE:p8,PHYSICALLY_GROUNDED_MODEL_INPUT
35,GATED_MLA,expert_reduction,8,2,1.0752,47,FRESH_PHYSICAL_TYPE_CONDITIONED,layer-35:FULL_MIXED_STRIPE:p8,PHYSICALLY_GROUNDED_MODEL_INPUT
35,GATED_MLA,expert_stripe,8,2,0.378,47,FRESH_PHYSICAL_TYPE_CONDITIONED,layer-35:FULL_MIXED_STRIPE:p8,PHYSICALLY_GROUNDED_MODEL_INPUT
35,GATED_MLA,latent_down,8,2,0.0489,47,FRESH_PHYSICAL_TYPE_CONDITIONED,layer-35:FULL_MIXED_STRIPE:p8,PHYSICALLY_GROUNDED_MODEL_INPUT
35,GATED_MLA,latent_up,8,2,0.05835,47,FRESH_PHYSICAL_TYPE_CONDITIONED,layer-35:FULL_MIXED_STRIPE:p8,PHYSICALLY_GROUNDED_MODEL_INPUT
35,GATED_MLA,latent_up_reduction,8,2,1.46,47,FRESH_PHYSICAL_TYPE_CONDITIONED,layer-35:FULL_MIXED_STRIPE:p8,PHYSICALLY_GROUNDED_MODEL_INPUT
35,GATED_MLA,output_state_commit,1,2,0.15645,47,FRESH_PHYSICAL_TYPE_CONDITIONED,layer-35:FULL_MIXED_STRIPE:p8,PHYSICALLY_GROUNDED_MODEL_INPUT
35,GATED_MLA,post_attention_preprocess,1,2,0.541,47,FRESH_PHYSICAL_TYPE_CONDITIONED,layer-35:FULL_MIXED_STRIPE:p8,PHYSICALLY_GROUNDED_MODEL_INPUT
35,GATED_MLA,routed_norm,1,2,0.1384,47,FRESH_PHYSICAL_TYPE_CONDITIONED,layer-35:FULL_MIXED_STRIPE:p8,PHYSICALLY_GROUNDED_MODEL_INPUT
35,GATED_MLA,routed_shared_reduction,2,2,1.2424,47,FRESH_PHYSICAL_TYPE_CONDITIONED,layer-35:FULL_MIXED_STRIPE:p8,PHYSICALLY_GROUNDED_MODEL_INPUT
35,GATED_MLA,router,1,2,0.6346,47,FRESH_PHYSICAL_TYPE_CONDITIONED,layer-35:FULL_MIXED_STRIPE:p8,PHYSICALLY_GROUNDED_MODEL_INPUT
35,GATED_MLA,shared_expert,8,2,0.1232,47,FRESH_PHYSICAL_TYPE_CONDITIONED,layer-35:FULL_MIXED_STRIPE:p8,PHYSICALLY_GROUNDED_MODEL_INPUT
35,GATED_MLA,shared_reduction,8,2,1.46,47,FRESH_PHYSICAL_TYPE_CONDITIONED,layer-35:FULL_MIXED_STRIPE:p8,PHYSICALLY_GROUNDED_MODEL_INPUT
35,GATED_MLA,worker_protocol,1,2,0.4718,47,FROZEN_PHYSICAL_AUTHENTICATED_FRAME,layer-35:FULL_MIXED_STRIPE:p8,PHYSICAL_INHERITED_E022
35,GATED_MLA,whole_layer,1,2,5.43685,47,PHYSICAL_TYPE_CONDITIONED,layer-35:WHOLE_LAYER:p1,PHYSICALLY_GROUNDED_MODEL_INPUT
35,GATED_MLA,attention_common,1,4,0.17265,47,FRESH_PHYSICAL_TYPE_CONDITIONED,layer-35:FULL_MIXED_STRIPE:p8,PHYSICALLY_GROUNDED_MODEL_INPUT
35,GATED_MLA,attention_preprocess,1,4,0.98235,47,FRESH_PHYSICAL_TYPE_CONDITIONED,layer-35:FULL_MIXED_STRIPE:p8,PHYSICALLY_GROUNDED_MODEL_INPUT
35,GATED_MLA,attention_reduction,8,4,1.601,47,FRESH_PHYSICAL_TYPE_CONDITIONED,layer-35:FULL_MIXED_STRIPE:p8,PHYSICALLY_GROUNDED_MODEL_INPUT
35,GATED_MLA,attention_shard,8,4,0.4851,47,FRESH_PHYSICAL_TYPE_CONDITIONED,layer-35:FULL_MIXED_STRIPE:p8,PHYSICALLY_GROUNDED_MODEL_INPUT
35,GATED_MLA,expert_reduction,8,4,1.466,47,FRESH_PHYSICAL_TYPE_CONDITIONED,layer-35:FULL_MIXED_STRIPE:p8,PHYSICALLY_GROUNDED_MODEL_INPUT
35,GATED_MLA,expert_stripe,8,4,0.66125,47,FRESH_PHYSICAL_TYPE_CONDITIONED,layer-35:FULL_MIXED_STRIPE:p8,PHYSICALLY_GROUNDED_MODEL_INPUT
35,GATED_MLA,latent_down,8,4,0.08595,47,FRESH_PHYSICAL_TYPE_CONDITIONED,layer-35:FULL_MIXED_STRIPE:p8,PHYSICALLY_GROUNDED_MODEL_INPUT
35,GATED_MLA,latent_up,8,4,0.0813,47,FRESH_PHYSICAL_TYPE_CONDITIONED,layer-35:FULL_MIXED_STRIPE:p8,PHYSICALLY_GROUNDED_MODEL_INPUT
35,GATED_MLA,latent_up_reduction,8,4,1.5376,47,FRESH_PHYSICAL_TYPE_CONDITIONED,layer-35:FULL_MIXED_STRIPE:p8,PHYSICALLY_GROUNDED_MODEL_INPUT
35,GATED_MLA,output_state_commit,1,4,0.1817,47,FRESH_PHYSICAL_TYPE_CONDITIONED,layer-35:FULL_MIXED_STRIPE:p8,PHYSICALLY_GROUNDED_MODEL_INPUT
35,GATED_MLA,post_attention_preprocess,1,4,0.9854,47,FRESH_PHYSICAL_TYPE_CONDITIONED,layer-35:FULL_MIXED_STRIPE:p8,PHYSICALLY_GROUNDED_MODEL_INPUT
35,GATED_MLA,routed_norm,1,4,0.14075,47,FRESH_PHYSICAL_TYPE_CONDITIONED,layer-35:FULL_MIXED_STRIPE:p8,PHYSICALLY_GROUNDED_MODEL_INPUT
35,GATED_MLA,routed_shared_reduction,2,4,1.2015,47,FRESH_PHYSICAL_TYPE_CONDITIONED,layer-35:FULL_MIXED_STRIPE:p8,PHYSICALLY_GROUNDED_MODEL_INPUT
35,GATED_MLA,router,1,4,0.63985,47,FRESH_PHYSICAL_TYPE_CONDITIONED,layer-35:FULL_MIXED_STRIPE:p8,PHYSICALLY_GROUNDED_MODEL_INPUT
35,GATED_MLA,shared_expert,8,4,0.2192,47,FRESH_PHYSICAL_TYPE_CONDITIONED,layer-35:FULL_MIXED_STRIPE:p8,PHYSICALLY_GROUNDED_MODEL_INPUT
35,GATED_MLA,shared_reduction,8,4,1.5376,47,FRESH_PHYSICAL_TYPE_CONDITIONED,layer-35:FULL_MIXED_STRIPE:p8,PHYSICALLY_GROUNDED_MODEL_INPUT
35,GATED_MLA,worker_protocol,1,4,0.6952,47,FROZEN_PHYSICAL_AUTHENTICATED_FRAME,layer-35:FULL_MIXED_STRIPE:p8,PHYSICAL_INHERITED_E022
35,GATED_MLA,whole_layer,1,4,7.946199999999999,47,PHYSICAL_TYPE_CONDITIONED,layer-35:WHOLE_LAYER:p1,PHYSICALLY_GROUNDED_MODEL_INPUT
36,KDA,attention_common,1,1,0.050699999999999995,45,FRESH_PHYSICAL_TYPE_CONDITIONED,layer-36:FULL_MIXED_STRIPE:p8,PHYSICALLY_GROUNDED_MODEL_INPUT
36,KDA,attention_preprocess,1,1,0.3388,45,FRESH_PHYSICAL_TYPE_CONDITIONED,layer-36:FULL_MIXED_STRIPE:p8,PHYSICALLY_GROUNDED_MODEL_INPUT
36,KDA,attention_reduction,8,1,1.5225,45,FRESH_PHYSICAL_TYPE_CONDITIONED,layer-36:FULL_MIXED_STRIPE:p8,PHYSICALLY_GROUNDED_MODEL_INPUT
36,KDA,attention_shard,8,1,0.3079,45,FRESH_PHYSICAL_TYPE_CONDITIONED,layer-36:FULL_MIXED_STRIPE:p8,PHYSICALLY_GROUNDED_MODEL_INPUT
36,KDA,expert_reduction,8,1,1.183,45,FRESH_PHYSICAL_TYPE_CONDITIONED,layer-36:FULL_MIXED_STRIPE:p8,PHYSICALLY_GROUNDED_MODEL_INPUT
36,KDA,expert_stripe,8,1,0.23620000000000002,45,FRESH_PHYSICAL_TYPE_CONDITIONED,layer-36:FULL_MIXED_STRIPE:p8,PHYSICALLY_GROUNDED_MODEL_INPUT
36,KDA,latent_down,8,1,0.0447,45,FRESH_PHYSICAL_TYPE_CONDITIONED,layer-36:FULL_MIXED_STRIPE:p8,PHYSICALLY_GROUNDED_MODEL_INPUT
36,KDA,latent_up,8,1,0.0463,45,FRESH_PHYSICAL_TYPE_CONDITIONED,layer-36:FULL_MIXED_STRIPE:p8,PHYSICALLY_GROUNDED_MODEL_INPUT
36,KDA,latent_up_reduction,8,1,1.46,45,FRESH_PHYSICAL_TYPE_CONDITIONED,layer-36:FULL_MIXED_STRIPE:p8,PHYSICALLY_GROUNDED_MODEL_INPUT
36,KDA,output_state_commit,1,1,0.15115,45,FRESH_PHYSICAL_TYPE_CONDITIONED,layer-36:FULL_MIXED_STRIPE:p8,PHYSICALLY_GROUNDED_MODEL_INPUT
36,KDA,post_attention_preprocess,1,1,0.3276,45,FRESH_PHYSICAL_TYPE_CONDITIONED,layer-36:FULL_MIXED_STRIPE:p8,PHYSICALLY_GROUNDED_MODEL_INPUT
36,KDA,routed_norm,1,1,0.13645000000000002,45,FRESH_PHYSICAL_TYPE_CONDITIONED,layer-36:FULL_MIXED_STRIPE:p8,PHYSICALLY_GROUNDED_MODEL_INPUT
36,KDA,routed_shared_reduction,2,1,1.1742,45,FRESH_PHYSICAL_TYPE_CONDITIONED,layer-36:FULL_MIXED_STRIPE:p8,PHYSICALLY_GROUNDED_MODEL_INPUT
36,KDA,router,1,1,0.6472,45,FRESH_PHYSICAL_TYPE_CONDITIONED,layer-36:FULL_MIXED_STRIPE:p8,PHYSICALLY_GROUNDED_MODEL_INPUT
36,KDA,shared_expert,8,1,0.1073,45,FRESH_PHYSICAL_TYPE_CONDITIONED,layer-36:FULL_MIXED_STRIPE:p8,PHYSICALLY_GROUNDED_MODEL_INPUT
36,KDA,shared_reduction,8,1,1.46,45,FRESH_PHYSICAL_TYPE_CONDITIONED,layer-36:FULL_MIXED_STRIPE:p8,PHYSICALLY_GROUNDED_MODEL_INPUT
36,KDA,worker_protocol,1,1,0.3813,45,FROZEN_PHYSICAL_AUTHENTICATED_FRAME,layer-36:FULL_MIXED_STRIPE:p8,PHYSICAL_INHERITED_E022
36,KDA,whole_layer,1,1,4.212,45,PHYSICAL_TYPE_CONDITIONED,layer-36:WHOLE_LAYER:p1,PHYSICALLY_GROUNDED_MODEL_INPUT
36,KDA,attention_common,1,2,0.05115,45,FRESH_PHYSICAL_TYPE_CONDITIONED,layer-36:FULL_MIXED_STRIPE:p8,PHYSICALLY_GROUNDED_MODEL_INPUT
36,KDA,attention_preprocess,1,2,0.5454,45,FRESH_PHYSICAL_TYPE_CONDITIONED,layer-36:FULL_MIXED_STRIPE:p8,PHYSICALLY_GROUNDED_MODEL_INPUT
36,KDA,attention_reduction,8,2,1.52125,45,FRESH_PHYSICAL_TYPE_CONDITIONED,layer-36:FULL_MIXED_STRIPE:p8,PHYSICALLY_GROUNDED_MODEL_INPUT
36,KDA,attention_shard,8,2,0.40215,45,FRESH_PHYSICAL_TYPE_CONDITIONED,layer-36:FULL_MIXED_STRIPE:p8,PHYSICALLY_GROUNDED_MODEL_INPUT
36,KDA,expert_reduction,8,2,1.0752,45,FRESH_PHYSICAL_TYPE_CONDITIONED,layer-36:FULL_MIXED_STRIPE:p8,PHYSICALLY_GROUNDED_MODEL_INPUT
36,KDA,expert_stripe,8,2,0.39315,45,FRESH_PHYSICAL_TYPE_CONDITIONED,layer-36:FULL_MIXED_STRIPE:p8,PHYSICALLY_GROUNDED_MODEL_INPUT
36,KDA,latent_down,8,2,0.05,45,FRESH_PHYSICAL_TYPE_CONDITIONED,layer-36:FULL_MIXED_STRIPE:p8,PHYSICALLY_GROUNDED_MODEL_INPUT
36,KDA,latent_up,8,2,0.0584,45,FRESH_PHYSICAL_TYPE_CONDITIONED,layer-36:FULL_MIXED_STRIPE:p8,PHYSICALLY_GROUNDED_MODEL_INPUT
36,KDA,latent_up_reduction,8,2,1.46,45,FRESH_PHYSICAL_TYPE_CONDITIONED,layer-36:FULL_MIXED_STRIPE:p8,PHYSICALLY_GROUNDED_MODEL_INPUT
36,KDA,output_state_commit,1,2,0.15510000000000002,45,FRESH_PHYSICAL_TYPE_CONDITIONED,layer-36:FULL_MIXED_STRIPE:p8,PHYSICALLY_GROUNDED_MODEL_INPUT
36,KDA,post_attention_preprocess,1,2,0.54325,45,FRESH_PHYSICAL_TYPE_CONDITIONED,layer-36:FULL_MIXED_STRIPE:p8,PHYSICALLY_GROUNDED_MODEL_INPUT
36,KDA,routed_norm,1,2,0.1233,45,FRESH_PHYSICAL_TYPE_CONDITIONED,layer-36:FULL_MIXED_STRIPE:p8,PHYSICALLY_GROUNDED_MODEL_INPUT
36,KDA,routed_shared_reduction,2,2,1.2424,45,FRESH_PHYSICAL_TYPE_CONDITIONED,layer-36:FULL_MIXED_STRIPE:p8,PHYSICALLY_GROUNDED_MODEL_INPUT
36,KDA,router,1,2,0.6437,45,FRESH_PHYSICAL_TYPE_CONDITIONED,layer-36:FULL_MIXED_STRIPE:p8,PHYSICALLY_GROUNDED_MODEL_INPUT
36,KDA,shared_expert,8,2,0.12365000000000001,45,FRESH_PHYSICAL_TYPE_CONDITIONED,layer-36:FULL_MIXED_STRIPE:p8,PHYSICALLY_GROUNDED_MODEL_INPUT
36,KDA,shared_reduction,8,2,1.46,45,FRESH_PHYSICAL_TYPE_CONDITIONED,layer-36:FULL_MIXED_STRIPE:p8,PHYSICALLY_GROUNDED_MODEL_INPUT
36,KDA,worker_protocol,1,2,0.4718,45,FROZEN_PHYSICAL_AUTHENTICATED_FRAME,layer-36:FULL_MIXED_STRIPE:p8,PHYSICAL_INHERITED_E022
36,KDA,whole_layer,1,2,5.8731,45,PHYSICAL_TYPE_CONDITIONED,layer-36:WHOLE_LAYER:p1,PHYSICALLY_GROUNDED_MODEL_INPUT
36,KDA,attention_common,1,4,0.0511,45,FRESH_PHYSICAL_TYPE_CONDITIONED,layer-36:FULL_MIXED_STRIPE:p8,PHYSICALLY_GROUNDED_MODEL_INPUT
36,KDA,attention_preprocess,1,4,0.9714,45,FRESH_PHYSICAL_TYPE_CONDITIONED,layer-36:FULL_MIXED_STRIPE:p8,PHYSICALLY_GROUNDED_MODEL_INPUT
36,KDA,attention_reduction,8,4,1.6047500000000001,45,FRESH_PHYSICAL_TYPE_CONDITIONED,layer-36:FULL_MIXED_STRIPE:p8,PHYSICALLY_GROUNDED_MODEL_INPUT
36,KDA,attention_shard,8,4,0.6811,45,FRESH_PHYSICAL_TYPE_CONDITIONED,layer-36:FULL_MIXED_STRIPE:p8,PHYSICALLY_GROUNDED_MODEL_INPUT
36,KDA,expert_reduction,8,4,1.466,45,FRESH_PHYSICAL_TYPE_CONDITIONED,layer-36:FULL_MIXED_STRIPE:p8,PHYSICALLY_GROUNDED_MODEL_INPUT
36,KDA,expert_stripe,8,4,0.6790499999999999,45,FRESH_PHYSICAL_TYPE_CONDITIONED,layer-36:FULL_MIXED_STRIPE:p8,PHYSICALLY_GROUNDED_MODEL_INPUT
36,KDA,latent_down,8,4,0.0902,45,FRESH_PHYSICAL_TYPE_CONDITIONED,layer-36:FULL_MIXED_STRIPE:p8,PHYSICALLY_GROUNDED_MODEL_INPUT
36,KDA,latent_up,8,4,0.0815,45,FRESH_PHYSICAL_TYPE_CONDITIONED,layer-36:FULL_MIXED_STRIPE:p8,PHYSICALLY_GROUNDED_MODEL_INPUT
36,KDA,latent_up_reduction,8,4,1.5376,45,FRESH_PHYSICAL_TYPE_CONDITIONED,layer-36:FULL_MIXED_STRIPE:p8,PHYSICALLY_GROUNDED_MODEL_INPUT
36,KDA,output_state_commit,1,4,0.18295,45,FRESH_PHYSICAL_TYPE_CONDITIONED,layer-36:FULL_MIXED_STRIPE:p8,PHYSICALLY_GROUNDED_MODEL_INPUT
36,KDA,post_attention_preprocess,1,4,0.9783,45,FRESH_PHYSICAL_TYPE_CONDITIONED,layer-36:FULL_MIXED_STRIPE:p8,PHYSICALLY_GROUNDED_MODEL_INPUT
36,KDA,routed_norm,1,4,0.1302,45,FRESH_PHYSICAL_TYPE_CONDITIONED,layer-36:FULL_MIXED_STRIPE:p8,PHYSICALLY_GROUNDED_MODEL_INPUT
36,KDA,routed_shared_reduction,2,4,1.2015,45,FRESH_PHYSICAL_TYPE_CONDITIONED,layer-36:FULL_MIXED_STRIPE:p8,PHYSICALLY_GROUNDED_MODEL_INPUT
36,KDA,router,1,4,0.64645,45,FRESH_PHYSICAL_TYPE_CONDITIONED,layer-36:FULL_MIXED_STRIPE:p8,PHYSICALLY_GROUNDED_MODEL_INPUT
36,KDA,shared_expert,8,4,0.2192,45,FRESH_PHYSICAL_TYPE_CONDITIONED,layer-36:FULL_MIXED_STRIPE:p8,PHYSICALLY_GROUNDED_MODEL_INPUT
36,KDA,shared_reduction,8,4,1.5376,45,FRESH_PHYSICAL_TYPE_CONDITIONED,layer-36:FULL_MIXED_STRIPE:p8,PHYSICALLY_GROUNDED_MODEL_INPUT
36,KDA,worker_protocol,1,4,0.6952,45,FROZEN_PHYSICAL_AUTHENTICATED_FRAME,layer-36:FULL_MIXED_STRIPE:p8,PHYSICAL_INHERITED_E022
36,KDA,whole_layer,1,4,8.604849999999999,45,PHYSICAL_TYPE_CONDITIONED,layer-36:WHOLE_LAYER:p1,PHYSICALLY_GROUNDED_MODEL_INPUT
37,KDA,attention_common,1,1,0.050699999999999995,45,FRESH_PHYSICAL_TYPE_CONDITIONED,layer-37:FULL_MIXED_STRIPE:p8,PHYSICALLY_GROUNDED_MODEL_INPUT
37,KDA,attention_preprocess,1,1,0.3388,45,FRESH_PHYSICAL_TYPE_CONDITIONED,layer-37:FULL_MIXED_STRIPE:p8,PHYSICALLY_GROUNDED_MODEL_INPUT
37,KDA,attention_reduction,8,1,1.5225,45,FRESH_PHYSICAL_TYPE_CONDITIONED,layer-37:FULL_MIXED_STRIPE:p8,PHYSICALLY_GROUNDED_MODEL_INPUT
37,KDA,attention_shard,8,1,0.3079,45,FRESH_PHYSICAL_TYPE_CONDITIONED,layer-37:FULL_MIXED_STRIPE:p8,PHYSICALLY_GROUNDED_MODEL_INPUT
37,KDA,expert_reduction,8,1,1.183,45,FRESH_PHYSICAL_TYPE_CONDITIONED,layer-37:FULL_MIXED_STRIPE:p8,PHYSICALLY_GROUNDED_MODEL_INPUT
37,KDA,expert_stripe,8,1,0.23620000000000002,45,FRESH_PHYSICAL_TYPE_CONDITIONED,layer-37:FULL_MIXED_STRIPE:p8,PHYSICALLY_GROUNDED_MODEL_INPUT
37,KDA,latent_down,8,1,0.0447,45,FRESH_PHYSICAL_TYPE_CONDITIONED,layer-37:FULL_MIXED_STRIPE:p8,PHYSICALLY_GROUNDED_MODEL_INPUT
37,KDA,latent_up,8,1,0.0463,45,FRESH_PHYSICAL_TYPE_CONDITIONED,layer-37:FULL_MIXED_STRIPE:p8,PHYSICALLY_GROUNDED_MODEL_INPUT
37,KDA,latent_up_reduction,8,1,1.46,45,FRESH_PHYSICAL_TYPE_CONDITIONED,layer-37:FULL_MIXED_STRIPE:p8,PHYSICALLY_GROUNDED_MODEL_INPUT
37,KDA,output_state_commit,1,1,0.15115,45,FRESH_PHYSICAL_TYPE_CONDITIONED,layer-37:FULL_MIXED_STRIPE:p8,PHYSICALLY_GROUNDED_MODEL_INPUT
37,KDA,post_attention_preprocess,1,1,0.3276,45,FRESH_PHYSICAL_TYPE_CONDITIONED,layer-37:FULL_MIXED_STRIPE:p8,PHYSICALLY_GROUNDED_MODEL_INPUT
37,KDA,routed_norm,1,1,0.13645000000000002,45,FRESH_PHYSICAL_TYPE_CONDITIONED,layer-37:FULL_MIXED_STRIPE:p8,PHYSICALLY_GROUNDED_MODEL_INPUT
37,KDA,routed_shared_reduction,2,1,1.1742,45,FRESH_PHYSICAL_TYPE_CONDITIONED,layer-37:FULL_MIXED_STRIPE:p8,PHYSICALLY_GROUNDED_MODEL_INPUT
37,KDA,router,1,1,0.6472,45,FRESH_PHYSICAL_TYPE_CONDITIONED,layer-37:FULL_MIXED_STRIPE:p8,PHYSICALLY_GROUNDED_MODEL_INPUT
37,KDA,shared_expert,8,1,0.1073,45,FRESH_PHYSICAL_TYPE_CONDITIONED,layer-37:FULL_MIXED_STRIPE:p8,PHYSICALLY_GROUNDED_MODEL_INPUT
37,KDA,shared_reduction,8,1,1.46,45,FRESH_PHYSICAL_TYPE_CONDITIONED,layer-37:FULL_MIXED_STRIPE:p8,PHYSICALLY_GROUNDED_MODEL_INPUT
37,KDA,worker_protocol,1,1,0.3813,45,FROZEN_PHYSICAL_AUTHENTICATED_FRAME,layer-37:FULL_MIXED_STRIPE:p8,PHYSICAL_INHERITED_E022
37,KDA,whole_layer,1,1,4.212,45,PHYSICAL_TYPE_CONDITIONED,layer-37:WHOLE_LAYER:p1,PHYSICALLY_GROUNDED_MODEL_INPUT
37,KDA,attention_common,1,2,0.05115,45,FRESH_PHYSICAL_TYPE_CONDITIONED,layer-37:FULL_MIXED_STRIPE:p8,PHYSICALLY_GROUNDED_MODEL_INPUT
37,KDA,attention_preprocess,1,2,0.5454,45,FRESH_PHYSICAL_TYPE_CONDITIONED,layer-37:FULL_MIXED_STRIPE:p8,PHYSICALLY_GROUNDED_MODEL_INPUT
37,KDA,attention_reduction,8,2,1.52125,45,FRESH_PHYSICAL_TYPE_CONDITIONED,layer-37:FULL_MIXED_STRIPE:p8,PHYSICALLY_GROUNDED_MODEL_INPUT
37,KDA,attention_shard,8,2,0.40215,45,FRESH_PHYSICAL_TYPE_CONDITIONED,layer-37:FULL_MIXED_STRIPE:p8,PHYSICALLY_GROUNDED_MODEL_INPUT
37,KDA,expert_reduction,8,2,1.0752,45,FRESH_PHYSICAL_TYPE_CONDITIONED,layer-37:FULL_MIXED_STRIPE:p8,PHYSICALLY_GROUNDED_MODEL_INPUT
37,KDA,expert_stripe,8,2,0.39315,45,FRESH_PHYSICAL_TYPE_CONDITIONED,layer-37:FULL_MIXED_STRIPE:p8,PHYSICALLY_GROUNDED_MODEL_INPUT
37,KDA,latent_down,8,2,0.05,45,FRESH_PHYSICAL_TYPE_CONDITIONED,layer-37:FULL_MIXED_STRIPE:p8,PHYSICALLY_GROUNDED_MODEL_INPUT
37,KDA,latent_up,8,2,0.0584,45,FRESH_PHYSICAL_TYPE_CONDITIONED,layer-37:FULL_MIXED_STRIPE:p8,PHYSICALLY_GROUNDED_MODEL_INPUT
37,KDA,latent_up_reduction,8,2,1.46,45,FRESH_PHYSICAL_TYPE_CONDITIONED,layer-37:FULL_MIXED_STRIPE:p8,PHYSICALLY_GROUNDED_MODEL_INPUT
37,KDA,output_state_commit,1,2,0.15510000000000002,45,FRESH_PHYSICAL_TYPE_CONDITIONED,layer-37:FULL_MIXED_STRIPE:p8,PHYSICALLY_GROUNDED_MODEL_INPUT
37,KDA,post_attention_preprocess,1,2,0.54325,45,FRESH_PHYSICAL_TYPE_CONDITIONED,layer-37:FULL_MIXED_STRIPE:p8,PHYSICALLY_GROUNDED_MODEL_INPUT
37,KDA,routed_norm,1,2,0.1233,45,FRESH_PHYSICAL_TYPE_CONDITIONED,layer-37:FULL_MIXED_STRIPE:p8,PHYSICALLY_GROUNDED_MODEL_INPUT
37,KDA,routed_shared_reduction,2,2,1.2424,45,FRESH_PHYSICAL_TYPE_CONDITIONED,layer-37:FULL_MIXED_STRIPE:p8,PHYSICALLY_GROUNDED_MODEL_INPUT
37,KDA,router,1,2,0.6437,45,FRESH_PHYSICAL_TYPE_CONDITIONED,layer-37:FULL_MIXED_STRIPE:p8,PHYSICALLY_GROUNDED_MODEL_INPUT
37,KDA,shared_expert,8,2,0.12365000000000001,45,FRESH_PHYSICAL_TYPE_CONDITIONED,layer-37:FULL_MIXED_STRIPE:p8,PHYSICALLY_GROUNDED_MODEL_INPUT
37,KDA,shared_reduction,8,2,1.46,45,FRESH_PHYSICAL_TYPE_CONDITIONED,layer-37:FULL_MIXED_STRIPE:p8,PHYSICALLY_GROUNDED_MODEL_INPUT
37,KDA,worker_protocol,1,2,0.4718,45,FROZEN_PHYSICAL_AUTHENTICATED_FRAME,layer-37:FULL_MIXED_STRIPE:p8,PHYSICAL_INHERITED_E022
37,KDA,whole_layer,1,2,5.8731,45,PHYSICAL_TYPE_CONDITIONED,layer-37:WHOLE_LAYER:p1,PHYSICALLY_GROUNDED_MODEL_INPUT
37,KDA,attention_common,1,4,0.0511,45,FRESH_PHYSICAL_TYPE_CONDITIONED,layer-37:FULL_MIXED_STRIPE:p8,PHYSICALLY_GROUNDED_MODEL_INPUT
37,KDA,attention_preprocess,1,4,0.9714,45,FRESH_PHYSICAL_TYPE_CONDITIONED,layer-37:FULL_MIXED_STRIPE:p8,PHYSICALLY_GROUNDED_MODEL_INPUT
37,KDA,attention_reduction,8,4,1.6047500000000001,45,FRESH_PHYSICAL_TYPE_CONDITIONED,layer-37:FULL_MIXED_STRIPE:p8,PHYSICALLY_GROUNDED_MODEL_INPUT
37,KDA,attention_shard,8,4,0.6811,45,FRESH_PHYSICAL_TYPE_CONDITIONED,layer-37:FULL_MIXED_STRIPE:p8,PHYSICALLY_GROUNDED_MODEL_INPUT
37,KDA,expert_reduction,8,4,1.466,45,FRESH_PHYSICAL_TYPE_CONDITIONED,layer-37:FULL_MIXED_STRIPE:p8,PHYSICALLY_GROUNDED_MODEL_INPUT
37,KDA,expert_stripe,8,4,0.6790499999999999,45,FRESH_PHYSICAL_TYPE_CONDITIONED,layer-37:FULL_MIXED_STRIPE:p8,PHYSICALLY_GROUNDED_MODEL_INPUT
37,KDA,latent_down,8,4,0.0902,45,FRESH_PHYSICAL_TYPE_CONDITIONED,layer-37:FULL_MIXED_STRIPE:p8,PHYSICALLY_GROUNDED_MODEL_INPUT
37,KDA,latent_up,8,4,0.0815,45,FRESH_PHYSICAL_TYPE_CONDITIONED,layer-37:FULL_MIXED_STRIPE:p8,PHYSICALLY_GROUNDED_MODEL_INPUT
37,KDA,latent_up_reduction,8,4,1.5376,45,FRESH_PHYSICAL_TYPE_CONDITIONED,layer-37:FULL_MIXED_STRIPE:p8,PHYSICALLY_GROUNDED_MODEL_INPUT
37,KDA,output_state_commit,1,4,0.18295,45,FRESH_PHYSICAL_TYPE_CONDITIONED,layer-37:FULL_MIXED_STRIPE:p8,PHYSICALLY_GROUNDED_MODEL_INPUT
37,KDA,post_attention_preprocess,1,4,0.9783,45,FRESH_PHYSICAL_TYPE_CONDITIONED,layer-37:FULL_MIXED_STRIPE:p8,PHYSICALLY_GROUNDED_MODEL_INPUT
37,KDA,routed_norm,1,4,0.1302,45,FRESH_PHYSICAL_TYPE_CONDITIONED,layer-37:FULL_MIXED_STRIPE:p8,PHYSICALLY_GROUNDED_MODEL_INPUT
37,KDA,routed_shared_reduction,2,4,1.2015,45,FRESH_PHYSICAL_TYPE_CONDITIONED,layer-37:FULL_MIXED_STRIPE:p8,PHYSICALLY_GROUNDED_MODEL_INPUT
37,KDA,router,1,4,0.64645,45,FRESH_PHYSICAL_TYPE_CONDITIONED,layer-37:FULL_MIXED_STRIPE:p8,PHYSICALLY_GROUNDED_MODEL_INPUT
37,KDA,shared_expert,8,4,0.2192,45,FRESH_PHYSICAL_TYPE_CONDITIONED,layer-37:FULL_MIXED_STRIPE:p8,PHYSICALLY_GROUNDED_MODEL_INPUT
37,KDA,shared_reduction,8,4,1.5376,45,FRESH_PHYSICAL_TYPE_CONDITIONED,layer-37:FULL_MIXED_STRIPE:p8,PHYSICALLY_GROUNDED_MODEL_INPUT
37,KDA,worker_protocol,1,4,0.6952,45,FROZEN_PHYSICAL_AUTHENTICATED_FRAME,layer-37:FULL_MIXED_STRIPE:p8,PHYSICAL_INHERITED_E022
37,KDA,whole_layer,1,4,8.604849999999999,45,PHYSICAL_TYPE_CONDITIONED,layer-37:WHOLE_LAYER:p1,PHYSICALLY_GROUNDED_MODEL_INPUT
38,KDA,attention_common,1,1,0.050699999999999995,45,FRESH_PHYSICAL_TYPE_CONDITIONED,layer-38:FULL_MIXED_STRIPE:p8,PHYSICALLY_GROUNDED_MODEL_INPUT
38,KDA,attention_preprocess,1,1,0.3388,45,FRESH_PHYSICAL_TYPE_CONDITIONED,layer-38:FULL_MIXED_STRIPE:p8,PHYSICALLY_GROUNDED_MODEL_INPUT
38,KDA,attention_reduction,8,1,1.5225,45,FRESH_PHYSICAL_TYPE_CONDITIONED,layer-38:FULL_MIXED_STRIPE:p8,PHYSICALLY_GROUNDED_MODEL_INPUT
38,KDA,attention_shard,8,1,0.3079,45,FRESH_PHYSICAL_TYPE_CONDITIONED,layer-38:FULL_MIXED_STRIPE:p8,PHYSICALLY_GROUNDED_MODEL_INPUT
38,KDA,expert_reduction,8,1,1.183,45,FRESH_PHYSICAL_TYPE_CONDITIONED,layer-38:FULL_MIXED_STRIPE:p8,PHYSICALLY_GROUNDED_MODEL_INPUT
38,KDA,expert_stripe,8,1,0.23620000000000002,45,FRESH_PHYSICAL_TYPE_CONDITIONED,layer-38:FULL_MIXED_STRIPE:p8,PHYSICALLY_GROUNDED_MODEL_INPUT
38,KDA,latent_down,8,1,0.0447,45,FRESH_PHYSICAL_TYPE_CONDITIONED,layer-38:FULL_MIXED_STRIPE:p8,PHYSICALLY_GROUNDED_MODEL_INPUT
38,KDA,latent_up,8,1,0.0463,45,FRESH_PHYSICAL_TYPE_CONDITIONED,layer-38:FULL_MIXED_STRIPE:p8,PHYSICALLY_GROUNDED_MODEL_INPUT
38,KDA,latent_up_reduction,8,1,1.46,45,FRESH_PHYSICAL_TYPE_CONDITIONED,layer-38:FULL_MIXED_STRIPE:p8,PHYSICALLY_GROUNDED_MODEL_INPUT
38,KDA,output_state_commit,1,1,0.15115,45,FRESH_PHYSICAL_TYPE_CONDITIONED,layer-38:FULL_MIXED_STRIPE:p8,PHYSICALLY_GROUNDED_MODEL_INPUT
38,KDA,post_attention_preprocess,1,1,0.3276,45,FRESH_PHYSICAL_TYPE_CONDITIONED,layer-38:FULL_MIXED_STRIPE:p8,PHYSICALLY_GROUNDED_MODEL_INPUT
38,KDA,routed_norm,1,1,0.13645000000000002,45,FRESH_PHYSICAL_TYPE_CONDITIONED,layer-38:FULL_MIXED_STRIPE:p8,PHYSICALLY_GROUNDED_MODEL_INPUT
38,KDA,routed_shared_reduction,2,1,1.1742,45,FRESH_PHYSICAL_TYPE_CONDITIONED,layer-38:FULL_MIXED_STRIPE:p8,PHYSICALLY_GROUNDED_MODEL_INPUT
38,KDA,router,1,1,0.6472,45,FRESH_PHYSICAL_TYPE_CONDITIONED,layer-38:FULL_MIXED_STRIPE:p8,PHYSICALLY_GROUNDED_MODEL_INPUT
38,KDA,shared_expert,8,1,0.1073,45,FRESH_PHYSICAL_TYPE_CONDITIONED,layer-38:FULL_MIXED_STRIPE:p8,PHYSICALLY_GROUNDED_MODEL_INPUT
38,KDA,shared_reduction,8,1,1.46,45,FRESH_PHYSICAL_TYPE_CONDITIONED,layer-38:FULL_MIXED_STRIPE:p8,PHYSICALLY_GROUNDED_MODEL_INPUT
38,KDA,worker_protocol,1,1,0.3813,45,FROZEN_PHYSICAL_AUTHENTICATED_FRAME,layer-38:FULL_MIXED_STRIPE:p8,PHYSICAL_INHERITED_E022
38,KDA,whole_layer,1,1,4.212,45,PHYSICAL_TYPE_CONDITIONED,layer-38:WHOLE_LAYER:p1,PHYSICALLY_GROUNDED_MODEL_INPUT
38,KDA,attention_common,1,2,0.05115,45,FRESH_PHYSICAL_TYPE_CONDITIONED,layer-38:FULL_MIXED_STRIPE:p8,PHYSICALLY_GROUNDED_MODEL_INPUT
38,KDA,attention_preprocess,1,2,0.5454,45,FRESH_PHYSICAL_TYPE_CONDITIONED,layer-38:FULL_MIXED_STRIPE:p8,PHYSICALLY_GROUNDED_MODEL_INPUT
38,KDA,attention_reduction,8,2,1.52125,45,FRESH_PHYSICAL_TYPE_CONDITIONED,layer-38:FULL_MIXED_STRIPE:p8,PHYSICALLY_GROUNDED_MODEL_INPUT
38,KDA,attention_shard,8,2,0.40215,45,FRESH_PHYSICAL_TYPE_CONDITIONED,layer-38:FULL_MIXED_STRIPE:p8,PHYSICALLY_GROUNDED_MODEL_INPUT
38,KDA,expert_reduction,8,2,1.0752,45,FRESH_PHYSICAL_TYPE_CONDITIONED,layer-38:FULL_MIXED_STRIPE:p8,PHYSICALLY_GROUNDED_MODEL_INPUT
38,KDA,expert_stripe,8,2,0.39315,45,FRESH_PHYSICAL_TYPE_CONDITIONED,layer-38:FULL_MIXED_STRIPE:p8,PHYSICALLY_GROUNDED_MODEL_INPUT
38,KDA,latent_down,8,2,0.05,45,FRESH_PHYSICAL_TYPE_CONDITIONED,layer-38:FULL_MIXED_STRIPE:p8,PHYSICALLY_GROUNDED_MODEL_INPUT
38,KDA,latent_up,8,2,0.0584,45,FRESH_PHYSICAL_TYPE_CONDITIONED,layer-38:FULL_MIXED_STRIPE:p8,PHYSICALLY_GROUNDED_MODEL_INPUT
38,KDA,latent_up_reduction,8,2,1.46,45,FRESH_PHYSICAL_TYPE_CONDITIONED,layer-38:FULL_MIXED_STRIPE:p8,PHYSICALLY_GROUNDED_MODEL_INPUT
38,KDA,output_state_commit,1,2,0.15510000000000002,45,FRESH_PHYSICAL_TYPE_CONDITIONED,layer-38:FULL_MIXED_STRIPE:p8,PHYSICALLY_GROUNDED_MODEL_INPUT
38,KDA,post_attention_preprocess,1,2,0.54325,45,FRESH_PHYSICAL_TYPE_CONDITIONED,layer-38:FULL_MIXED_STRIPE:p8,PHYSICALLY_GROUNDED_MODEL_INPUT
38,KDA,routed_norm,1,2,0.1233,45,FRESH_PHYSICAL_TYPE_CONDITIONED,layer-38:FULL_MIXED_STRIPE:p8,PHYSICALLY_GROUNDED_MODEL_INPUT
38,KDA,routed_shared_reduction,2,2,1.2424,45,FRESH_PHYSICAL_TYPE_CONDITIONED,layer-38:FULL_MIXED_STRIPE:p8,PHYSICALLY_GROUNDED_MODEL_INPUT
38,KDA,router,1,2,0.6437,45,FRESH_PHYSICAL_TYPE_CONDITIONED,layer-38:FULL_MIXED_STRIPE:p8,PHYSICALLY_GROUNDED_MODEL_INPUT
38,KDA,shared_expert,8,2,0.12365000000000001,45,FRESH_PHYSICAL_TYPE_CONDITIONED,layer-38:FULL_MIXED_STRIPE:p8,PHYSICALLY_GROUNDED_MODEL_INPUT
38,KDA,shared_reduction,8,2,1.46,45,FRESH_PHYSICAL_TYPE_CONDITIONED,layer-38:FULL_MIXED_STRIPE:p8,PHYSICALLY_GROUNDED_MODEL_INPUT
38,KDA,worker_protocol,1,2,0.4718,45,FROZEN_PHYSICAL_AUTHENTICATED_FRAME,layer-38:FULL_MIXED_STRIPE:p8,PHYSICAL_INHERITED_E022
38,KDA,whole_layer,1,2,5.8731,45,PHYSICAL_TYPE_CONDITIONED,layer-38:WHOLE_LAYER:p1,PHYSICALLY_GROUNDED_MODEL_INPUT
38,KDA,attention_common,1,4,0.0511,45,FRESH_PHYSICAL_TYPE_CONDITIONED,layer-38:FULL_MIXED_STRIPE:p8,PHYSICALLY_GROUNDED_MODEL_INPUT
38,KDA,attention_preprocess,1,4,0.9714,45,FRESH_PHYSICAL_TYPE_CONDITIONED,layer-38:FULL_MIXED_STRIPE:p8,PHYSICALLY_GROUNDED_MODEL_INPUT
38,KDA,attention_reduction,8,4,1.6047500000000001,45,FRESH_PHYSICAL_TYPE_CONDITIONED,layer-38:FULL_MIXED_STRIPE:p8,PHYSICALLY_GROUNDED_MODEL_INPUT
38,KDA,attention_shard,8,4,0.6811,45,FRESH_PHYSICAL_TYPE_CONDITIONED,layer-38:FULL_MIXED_STRIPE:p8,PHYSICALLY_GROUNDED_MODEL_INPUT
38,KDA,expert_reduction,8,4,1.466,45,FRESH_PHYSICAL_TYPE_CONDITIONED,layer-38:FULL_MIXED_STRIPE:p8,PHYSICALLY_GROUNDED_MODEL_INPUT
38,KDA,expert_stripe,8,4,0.6790499999999999,45,FRESH_PHYSICAL_TYPE_CONDITIONED,layer-38:FULL_MIXED_STRIPE:p8,PHYSICALLY_GROUNDED_MODEL_INPUT
38,KDA,latent_down,8,4,0.0902,45,FRESH_PHYSICAL_TYPE_CONDITIONED,layer-38:FULL_MIXED_STRIPE:p8,PHYSICALLY_GROUNDED_MODEL_INPUT
38,KDA,latent_up,8,4,0.0815,45,FRESH_PHYSICAL_TYPE_CONDITIONED,layer-38:FULL_MIXED_STRIPE:p8,PHYSICALLY_GROUNDED_MODEL_INPUT
38,KDA,latent_up_reduction,8,4,1.5376,45,FRESH_PHYSICAL_TYPE_CONDITIONED,layer-38:FULL_MIXED_STRIPE:p8,PHYSICALLY_GROUNDED_MODEL_INPUT
38,KDA,output_state_commit,1,4,0.18295,45,FRESH_PHYSICAL_TYPE_CONDITIONED,layer-38:FULL_MIXED_STRIPE:p8,PHYSICALLY_GROUNDED_MODEL_INPUT
38,KDA,post_attention_preprocess,1,4,0.9783,45,FRESH_PHYSICAL_TYPE_CONDITIONED,layer-38:FULL_MIXED_STRIPE:p8,PHYSICALLY_GROUNDED_MODEL_INPUT
38,KDA,routed_norm,1,4,0.1302,45,FRESH_PHYSICAL_TYPE_CONDITIONED,layer-38:FULL_MIXED_STRIPE:p8,PHYSICALLY_GROUNDED_MODEL_INPUT
38,KDA,routed_shared_reduction,2,4,1.2015,45,FRESH_PHYSICAL_TYPE_CONDITIONED,layer-38:FULL_MIXED_STRIPE:p8,PHYSICALLY_GROUNDED_MODEL_INPUT
38,KDA,router,1,4,0.64645,45,FRESH_PHYSICAL_TYPE_CONDITIONED,layer-38:FULL_MIXED_STRIPE:p8,PHYSICALLY_GROUNDED_MODEL_INPUT
38,KDA,shared_expert,8,4,0.2192,45,FRESH_PHYSICAL_TYPE_CONDITIONED,layer-38:FULL_MIXED_STRIPE:p8,PHYSICALLY_GROUNDED_MODEL_INPUT
38,KDA,shared_reduction,8,4,1.5376,45,FRESH_PHYSICAL_TYPE_CONDITIONED,layer-38:FULL_MIXED_STRIPE:p8,PHYSICALLY_GROUNDED_MODEL_INPUT
38,KDA,worker_protocol,1,4,0.6952,45,FROZEN_PHYSICAL_AUTHENTICATED_FRAME,layer-38:FULL_MIXED_STRIPE:p8,PHYSICAL_INHERITED_E022
38,KDA,whole_layer,1,4,8.604849999999999,45,PHYSICAL_TYPE_CONDITIONED,layer-38:WHOLE_LAYER:p1,PHYSICALLY_GROUNDED_MODEL_INPUT
39,GATED_MLA,attention_common,1,1,0.0867,47,FRESH_PHYSICAL_TYPE_CONDITIONED,layer-39:FULL_MIXED_STRIPE:p8,PHYSICALLY_GROUNDED_MODEL_INPUT
39,GATED_MLA,attention_preprocess,1,1,0.34825,47,FRESH_PHYSICAL_TYPE_CONDITIONED,layer-39:FULL_MIXED_STRIPE:p8,PHYSICALLY_GROUNDED_MODEL_INPUT
39,GATED_MLA,attention_reduction,8,1,1.5127,47,FRESH_PHYSICAL_TYPE_CONDITIONED,layer-39:FULL_MIXED_STRIPE:p8,PHYSICALLY_GROUNDED_MODEL_INPUT
39,GATED_MLA,attention_shard,8,1,0.1987,47,FRESH_PHYSICAL_TYPE_CONDITIONED,layer-39:FULL_MIXED_STRIPE:p8,PHYSICALLY_GROUNDED_MODEL_INPUT
39,GATED_MLA,expert_reduction,8,1,1.183,47,FRESH_PHYSICAL_TYPE_CONDITIONED,layer-39:FULL_MIXED_STRIPE:p8,PHYSICALLY_GROUNDED_MODEL_INPUT
39,GATED_MLA,expert_stripe,8,1,0.2368,47,FRESH_PHYSICAL_TYPE_CONDITIONED,layer-39:FULL_MIXED_STRIPE:p8,PHYSICALLY_GROUNDED_MODEL_INPUT
39,GATED_MLA,latent_down,8,1,0.0443,47,FRESH_PHYSICAL_TYPE_CONDITIONED,layer-39:FULL_MIXED_STRIPE:p8,PHYSICALLY_GROUNDED_MODEL_INPUT
39,GATED_MLA,latent_up,8,1,0.04985,47,FRESH_PHYSICAL_TYPE_CONDITIONED,layer-39:FULL_MIXED_STRIPE:p8,PHYSICALLY_GROUNDED_MODEL_INPUT
39,GATED_MLA,latent_up_reduction,8,1,1.46,47,FRESH_PHYSICAL_TYPE_CONDITIONED,layer-39:FULL_MIXED_STRIPE:p8,PHYSICALLY_GROUNDED_MODEL_INPUT
39,GATED_MLA,output_state_commit,1,1,0.1533,47,FRESH_PHYSICAL_TYPE_CONDITIONED,layer-39:FULL_MIXED_STRIPE:p8,PHYSICALLY_GROUNDED_MODEL_INPUT
39,GATED_MLA,post_attention_preprocess,1,1,0.33235000000000003,47,FRESH_PHYSICAL_TYPE_CONDITIONED,layer-39:FULL_MIXED_STRIPE:p8,PHYSICALLY_GROUNDED_MODEL_INPUT
39,GATED_MLA,routed_norm,1,1,0.12535000000000002,47,FRESH_PHYSICAL_TYPE_CONDITIONED,layer-39:FULL_MIXED_STRIPE:p8,PHYSICALLY_GROUNDED_MODEL_INPUT
39,GATED_MLA,routed_shared_reduction,2,1,1.1742,47,FRESH_PHYSICAL_TYPE_CONDITIONED,layer-39:FULL_MIXED_STRIPE:p8,PHYSICALLY_GROUNDED_MODEL_INPUT
39,GATED_MLA,router,1,1,0.6397999999999999,47,FRESH_PHYSICAL_TYPE_CONDITIONED,layer-39:FULL_MIXED_STRIPE:p8,PHYSICALLY_GROUNDED_MODEL_INPUT
39,GATED_MLA,shared_expert,8,1,0.10835,47,FRESH_PHYSICAL_TYPE_CONDITIONED,layer-39:FULL_MIXED_STRIPE:p8,PHYSICALLY_GROUNDED_MODEL_INPUT
39,GATED_MLA,shared_reduction,8,1,1.46,47,FRESH_PHYSICAL_TYPE_CONDITIONED,layer-39:FULL_MIXED_STRIPE:p8,PHYSICALLY_GROUNDED_MODEL_INPUT
39,GATED_MLA,worker_protocol,1,1,0.3813,47,FROZEN_PHYSICAL_AUTHENTICATED_FRAME,layer-39:FULL_MIXED_STRIPE:p8,PHYSICAL_INHERITED_E022
39,GATED_MLA,whole_layer,1,1,3.6313,47,PHYSICAL_TYPE_CONDITIONED,layer-39:WHOLE_LAYER:p1,PHYSICALLY_GROUNDED_MODEL_INPUT
39,GATED_MLA,attention_common,1,2,0.0963,47,FRESH_PHYSICAL_TYPE_CONDITIONED,layer-39:FULL_MIXED_STRIPE:p8,PHYSICALLY_GROUNDED_MODEL_INPUT
39,GATED_MLA,attention_preprocess,1,2,0.54495,47,FRESH_PHYSICAL_TYPE_CONDITIONED,layer-39:FULL_MIXED_STRIPE:p8,PHYSICALLY_GROUNDED_MODEL_INPUT
39,GATED_MLA,attention_reduction,8,2,1.51195,47,FRESH_PHYSICAL_TYPE_CONDITIONED,layer-39:FULL_MIXED_STRIPE:p8,PHYSICALLY_GROUNDED_MODEL_INPUT
39,GATED_MLA,attention_shard,8,2,0.28745,47,FRESH_PHYSICAL_TYPE_CONDITIONED,layer-39:FULL_MIXED_STRIPE:p8,PHYSICALLY_GROUNDED_MODEL_INPUT
39,GATED_MLA,expert_reduction,8,2,1.0752,47,FRESH_PHYSICAL_TYPE_CONDITIONED,layer-39:FULL_MIXED_STRIPE:p8,PHYSICALLY_GROUNDED_MODEL_INPUT
39,GATED_MLA,expert_stripe,8,2,0.378,47,FRESH_PHYSICAL_TYPE_CONDITIONED,layer-39:FULL_MIXED_STRIPE:p8,PHYSICALLY_GROUNDED_MODEL_INPUT
39,GATED_MLA,latent_down,8,2,0.0489,47,FRESH_PHYSICAL_TYPE_CONDITIONED,layer-39:FULL_MIXED_STRIPE:p8,PHYSICALLY_GROUNDED_MODEL_INPUT
39,GATED_MLA,latent_up,8,2,0.05835,47,FRESH_PHYSICAL_TYPE_CONDITIONED,layer-39:FULL_MIXED_STRIPE:p8,PHYSICALLY_GROUNDED_MODEL_INPUT
39,GATED_MLA,latent_up_reduction,8,2,1.46,47,FRESH_PHYSICAL_TYPE_CONDITIONED,layer-39:FULL_MIXED_STRIPE:p8,PHYSICALLY_GROUNDED_MODEL_INPUT
39,GATED_MLA,output_state_commit,1,2,0.15645,47,FRESH_PHYSICAL_TYPE_CONDITIONED,layer-39:FULL_MIXED_STRIPE:p8,PHYSICALLY_GROUNDED_MODEL_INPUT
39,GATED_MLA,post_attention_preprocess,1,2,0.541,47,FRESH_PHYSICAL_TYPE_CONDITIONED,layer-39:FULL_MIXED_STRIPE:p8,PHYSICALLY_GROUNDED_MODEL_INPUT
39,GATED_MLA,routed_norm,1,2,0.1384,47,FRESH_PHYSICAL_TYPE_CONDITIONED,layer-39:FULL_MIXED_STRIPE:p8,PHYSICALLY_GROUNDED_MODEL_INPUT
39,GATED_MLA,routed_shared_reduction,2,2,1.2424,47,FRESH_PHYSICAL_TYPE_CONDITIONED,layer-39:FULL_MIXED_STRIPE:p8,PHYSICALLY_GROUNDED_MODEL_INPUT
39,GATED_MLA,router,1,2,0.6346,47,FRESH_PHYSICAL_TYPE_CONDITIONED,layer-39:FULL_MIXED_STRIPE:p8,PHYSICALLY_GROUNDED_MODEL_INPUT
39,GATED_MLA,shared_expert,8,2,0.1232,47,FRESH_PHYSICAL_TYPE_CONDITIONED,layer-39:FULL_MIXED_STRIPE:p8,PHYSICALLY_GROUNDED_MODEL_INPUT
39,GATED_MLA,shared_reduction,8,2,1.46,47,FRESH_PHYSICAL_TYPE_CONDITIONED,layer-39:FULL_MIXED_STRIPE:p8,PHYSICALLY_GROUNDED_MODEL_INPUT
39,GATED_MLA,worker_protocol,1,2,0.4718,47,FROZEN_PHYSICAL_AUTHENTICATED_FRAME,layer-39:FULL_MIXED_STRIPE:p8,PHYSICAL_INHERITED_E022
39,GATED_MLA,whole_layer,1,2,5.43685,47,PHYSICAL_TYPE_CONDITIONED,layer-39:WHOLE_LAYER:p1,PHYSICALLY_GROUNDED_MODEL_INPUT
39,GATED_MLA,attention_common,1,4,0.17265,47,FRESH_PHYSICAL_TYPE_CONDITIONED,layer-39:FULL_MIXED_STRIPE:p8,PHYSICALLY_GROUNDED_MODEL_INPUT
39,GATED_MLA,attention_preprocess,1,4,0.98235,47,FRESH_PHYSICAL_TYPE_CONDITIONED,layer-39:FULL_MIXED_STRIPE:p8,PHYSICALLY_GROUNDED_MODEL_INPUT
39,GATED_MLA,attention_reduction,8,4,1.601,47,FRESH_PHYSICAL_TYPE_CONDITIONED,layer-39:FULL_MIXED_STRIPE:p8,PHYSICALLY_GROUNDED_MODEL_INPUT
39,GATED_MLA,attention_shard,8,4,0.4851,47,FRESH_PHYSICAL_TYPE_CONDITIONED,layer-39:FULL_MIXED_STRIPE:p8,PHYSICALLY_GROUNDED_MODEL_INPUT
39,GATED_MLA,expert_reduction,8,4,1.466,47,FRESH_PHYSICAL_TYPE_CONDITIONED,layer-39:FULL_MIXED_STRIPE:p8,PHYSICALLY_GROUNDED_MODEL_INPUT
39,GATED_MLA,expert_stripe,8,4,0.66125,47,FRESH_PHYSICAL_TYPE_CONDITIONED,layer-39:FULL_MIXED_STRIPE:p8,PHYSICALLY_GROUNDED_MODEL_INPUT
39,GATED_MLA,latent_down,8,4,0.08595,47,FRESH_PHYSICAL_TYPE_CONDITIONED,layer-39:FULL_MIXED_STRIPE:p8,PHYSICALLY_GROUNDED_MODEL_INPUT
39,GATED_MLA,latent_up,8,4,0.0813,47,FRESH_PHYSICAL_TYPE_CONDITIONED,layer-39:FULL_MIXED_STRIPE:p8,PHYSICALLY_GROUNDED_MODEL_INPUT
39,GATED_MLA,latent_up_reduction,8,4,1.5376,47,FRESH_PHYSICAL_TYPE_CONDITIONED,layer-39:FULL_MIXED_STRIPE:p8,PHYSICALLY_GROUNDED_MODEL_INPUT
39,GATED_MLA,output_state_commit,1,4,0.1817,47,FRESH_PHYSICAL_TYPE_CONDITIONED,layer-39:FULL_MIXED_STRIPE:p8,PHYSICALLY_GROUNDED_MODEL_INPUT
39,GATED_MLA,post_attention_preprocess,1,4,0.9854,47,FRESH_PHYSICAL_TYPE_CONDITIONED,layer-39:FULL_MIXED_STRIPE:p8,PHYSICALLY_GROUNDED_MODEL_INPUT
39,GATED_MLA,routed_norm,1,4,0.14075,47,FRESH_PHYSICAL_TYPE_CONDITIONED,layer-39:FULL_MIXED_STRIPE:p8,PHYSICALLY_GROUNDED_MODEL_INPUT
39,GATED_MLA,routed_shared_reduction,2,4,1.2015,47,FRESH_PHYSICAL_TYPE_CONDITIONED,layer-39:FULL_MIXED_STRIPE:p8,PHYSICALLY_GROUNDED_MODEL_INPUT
39,GATED_MLA,router,1,4,0.63985,47,FRESH_PHYSICAL_TYPE_CONDITIONED,layer-39:FULL_MIXED_STRIPE:p8,PHYSICALLY_GROUNDED_MODEL_INPUT
39,GATED_MLA,shared_expert,8,4,0.2192,47,FRESH_PHYSICAL_TYPE_CONDITIONED,layer-39:FULL_MIXED_STRIPE:p8,PHYSICALLY_GROUNDED_MODEL_INPUT
39,GATED_MLA,shared_reduction,8,4,1.5376,47,FRESH_PHYSICAL_TYPE_CONDITIONED,layer-39:FULL_MIXED_STRIPE:p8,PHYSICALLY_GROUNDED_MODEL_INPUT
39,GATED_MLA,worker_protocol,1,4,0.6952,47,FROZEN_PHYSICAL_AUTHENTICATED_FRAME,layer-39:FULL_MIXED_STRIPE:p8,PHYSICAL_INHERITED_E022
39,GATED_MLA,whole_layer,1,4,7.946199999999999,47,PHYSICAL_TYPE_CONDITIONED,layer-39:WHOLE_LAYER:p1,PHYSICALLY_GROUNDED_MODEL_INPUT
40,KDA,attention_common,1,1,0.050699999999999995,45,FRESH_PHYSICAL_TYPE_CONDITIONED,layer-40:FULL_MIXED_STRIPE:p8,PHYSICALLY_GROUNDED_MODEL_INPUT
40,KDA,attention_preprocess,1,1,0.3388,45,FRESH_PHYSICAL_TYPE_CONDITIONED,layer-40:FULL_MIXED_STRIPE:p8,PHYSICALLY_GROUNDED_MODEL_INPUT
40,KDA,attention_reduction,8,1,1.5225,45,FRESH_PHYSICAL_TYPE_CONDITIONED,layer-40:FULL_MIXED_STRIPE:p8,PHYSICALLY_GROUNDED_MODEL_INPUT
40,KDA,attention_shard,8,1,0.3079,45,FRESH_PHYSICAL_TYPE_CONDITIONED,layer-40:FULL_MIXED_STRIPE:p8,PHYSICALLY_GROUNDED_MODEL_INPUT
40,KDA,expert_reduction,8,1,1.183,45,FRESH_PHYSICAL_TYPE_CONDITIONED,layer-40:FULL_MIXED_STRIPE:p8,PHYSICALLY_GROUNDED_MODEL_INPUT
40,KDA,expert_stripe,8,1,0.23620000000000002,45,FRESH_PHYSICAL_TYPE_CONDITIONED,layer-40:FULL_MIXED_STRIPE:p8,PHYSICALLY_GROUNDED_MODEL_INPUT
40,KDA,latent_down,8,1,0.0447,45,FRESH_PHYSICAL_TYPE_CONDITIONED,layer-40:FULL_MIXED_STRIPE:p8,PHYSICALLY_GROUNDED_MODEL_INPUT
40,KDA,latent_up,8,1,0.0463,45,FRESH_PHYSICAL_TYPE_CONDITIONED,layer-40:FULL_MIXED_STRIPE:p8,PHYSICALLY_GROUNDED_MODEL_INPUT
40,KDA,latent_up_reduction,8,1,1.46,45,FRESH_PHYSICAL_TYPE_CONDITIONED,layer-40:FULL_MIXED_STRIPE:p8,PHYSICALLY_GROUNDED_MODEL_INPUT
40,KDA,output_state_commit,1,1,0.15115,45,FRESH_PHYSICAL_TYPE_CONDITIONED,layer-40:FULL_MIXED_STRIPE:p8,PHYSICALLY_GROUNDED_MODEL_INPUT
40,KDA,post_attention_preprocess,1,1,0.3276,45,FRESH_PHYSICAL_TYPE_CONDITIONED,layer-40:FULL_MIXED_STRIPE:p8,PHYSICALLY_GROUNDED_MODEL_INPUT
40,KDA,routed_norm,1,1,0.13645000000000002,45,FRESH_PHYSICAL_TYPE_CONDITIONED,layer-40:FULL_MIXED_STRIPE:p8,PHYSICALLY_GROUNDED_MODEL_INPUT
40,KDA,routed_shared_reduction,2,1,1.1742,45,FRESH_PHYSICAL_TYPE_CONDITIONED,layer-40:FULL_MIXED_STRIPE:p8,PHYSICALLY_GROUNDED_MODEL_INPUT
40,KDA,router,1,1,0.6472,45,FRESH_PHYSICAL_TYPE_CONDITIONED,layer-40:FULL_MIXED_STRIPE:p8,PHYSICALLY_GROUNDED_MODEL_INPUT
40,KDA,shared_expert,8,1,0.1073,45,FRESH_PHYSICAL_TYPE_CONDITIONED,layer-40:FULL_MIXED_STRIPE:p8,PHYSICALLY_GROUNDED_MODEL_INPUT
40,KDA,shared_reduction,8,1,1.46,45,FRESH_PHYSICAL_TYPE_CONDITIONED,layer-40:FULL_MIXED_STRIPE:p8,PHYSICALLY_GROUNDED_MODEL_INPUT
40,KDA,worker_protocol,1,1,0.3813,45,FROZEN_PHYSICAL_AUTHENTICATED_FRAME,layer-40:FULL_MIXED_STRIPE:p8,PHYSICAL_INHERITED_E022
40,KDA,whole_layer,1,1,4.212,45,PHYSICAL_TYPE_CONDITIONED,layer-40:WHOLE_LAYER:p1,PHYSICALLY_GROUNDED_MODEL_INPUT
40,KDA,attention_common,1,2,0.05115,45,FRESH_PHYSICAL_TYPE_CONDITIONED,layer-40:FULL_MIXED_STRIPE:p8,PHYSICALLY_GROUNDED_MODEL_INPUT
40,KDA,attention_preprocess,1,2,0.5454,45,FRESH_PHYSICAL_TYPE_CONDITIONED,layer-40:FULL_MIXED_STRIPE:p8,PHYSICALLY_GROUNDED_MODEL_INPUT
40,KDA,attention_reduction,8,2,1.52125,45,FRESH_PHYSICAL_TYPE_CONDITIONED,layer-40:FULL_MIXED_STRIPE:p8,PHYSICALLY_GROUNDED_MODEL_INPUT
40,KDA,attention_shard,8,2,0.40215,45,FRESH_PHYSICAL_TYPE_CONDITIONED,layer-40:FULL_MIXED_STRIPE:p8,PHYSICALLY_GROUNDED_MODEL_INPUT
40,KDA,expert_reduction,8,2,1.0752,45,FRESH_PHYSICAL_TYPE_CONDITIONED,layer-40:FULL_MIXED_STRIPE:p8,PHYSICALLY_GROUNDED_MODEL_INPUT
40,KDA,expert_stripe,8,2,0.39315,45,FRESH_PHYSICAL_TYPE_CONDITIONED,layer-40:FULL_MIXED_STRIPE:p8,PHYSICALLY_GROUNDED_MODEL_INPUT
40,KDA,latent_down,8,2,0.05,45,FRESH_PHYSICAL_TYPE_CONDITIONED,layer-40:FULL_MIXED_STRIPE:p8,PHYSICALLY_GROUNDED_MODEL_INPUT
40,KDA,latent_up,8,2,0.0584,45,FRESH_PHYSICAL_TYPE_CONDITIONED,layer-40:FULL_MIXED_STRIPE:p8,PHYSICALLY_GROUNDED_MODEL_INPUT
40,KDA,latent_up_reduction,8,2,1.46,45,FRESH_PHYSICAL_TYPE_CONDITIONED,layer-40:FULL_MIXED_STRIPE:p8,PHYSICALLY_GROUNDED_MODEL_INPUT
40,KDA,output_state_commit,1,2,0.15510000000000002,45,FRESH_PHYSICAL_TYPE_CONDITIONED,layer-40:FULL_MIXED_STRIPE:p8,PHYSICALLY_GROUNDED_MODEL_INPUT
40,KDA,post_attention_preprocess,1,2,0.54325,45,FRESH_PHYSICAL_TYPE_CONDITIONED,layer-40:FULL_MIXED_STRIPE:p8,PHYSICALLY_GROUNDED_MODEL_INPUT
40,KDA,routed_norm,1,2,0.1233,45,FRESH_PHYSICAL_TYPE_CONDITIONED,layer-40:FULL_MIXED_STRIPE:p8,PHYSICALLY_GROUNDED_MODEL_INPUT
40,KDA,routed_shared_reduction,2,2,1.2424,45,FRESH_PHYSICAL_TYPE_CONDITIONED,layer-40:FULL_MIXED_STRIPE:p8,PHYSICALLY_GROUNDED_MODEL_INPUT
40,KDA,router,1,2,0.6437,45,FRESH_PHYSICAL_TYPE_CONDITIONED,layer-40:FULL_MIXED_STRIPE:p8,PHYSICALLY_GROUNDED_MODEL_INPUT
40,KDA,shared_expert,8,2,0.12365000000000001,45,FRESH_PHYSICAL_TYPE_CONDITIONED,layer-40:FULL_MIXED_STRIPE:p8,PHYSICALLY_GROUNDED_MODEL_INPUT
40,KDA,shared_reduction,8,2,1.46,45,FRESH_PHYSICAL_TYPE_CONDITIONED,layer-40:FULL_MIXED_STRIPE:p8,PHYSICALLY_GROUNDED_MODEL_INPUT
40,KDA,worker_protocol,1,2,0.4718,45,FROZEN_PHYSICAL_AUTHENTICATED_FRAME,layer-40:FULL_MIXED_STRIPE:p8,PHYSICAL_INHERITED_E022
40,KDA,whole_layer,1,2,5.8731,45,PHYSICAL_TYPE_CONDITIONED,layer-40:WHOLE_LAYER:p1,PHYSICALLY_GROUNDED_MODEL_INPUT
40,KDA,attention_common,1,4,0.0511,45,FRESH_PHYSICAL_TYPE_CONDITIONED,layer-40:FULL_MIXED_STRIPE:p8,PHYSICALLY_GROUNDED_MODEL_INPUT
40,KDA,attention_preprocess,1,4,0.9714,45,FRESH_PHYSICAL_TYPE_CONDITIONED,layer-40:FULL_MIXED_STRIPE:p8,PHYSICALLY_GROUNDED_MODEL_INPUT
40,KDA,attention_reduction,8,4,1.6047500000000001,45,FRESH_PHYSICAL_TYPE_CONDITIONED,layer-40:FULL_MIXED_STRIPE:p8,PHYSICALLY_GROUNDED_MODEL_INPUT
40,KDA,attention_shard,8,4,0.6811,45,FRESH_PHYSICAL_TYPE_CONDITIONED,layer-40:FULL_MIXED_STRIPE:p8,PHYSICALLY_GROUNDED_MODEL_INPUT
40,KDA,expert_reduction,8,4,1.466,45,FRESH_PHYSICAL_TYPE_CONDITIONED,layer-40:FULL_MIXED_STRIPE:p8,PHYSICALLY_GROUNDED_MODEL_INPUT
40,KDA,expert_stripe,8,4,0.6790499999999999,45,FRESH_PHYSICAL_TYPE_CONDITIONED,layer-40:FULL_MIXED_STRIPE:p8,PHYSICALLY_GROUNDED_MODEL_INPUT
40,KDA,latent_down,8,4,0.0902,45,FRESH_PHYSICAL_TYPE_CONDITIONED,layer-40:FULL_MIXED_STRIPE:p8,PHYSICALLY_GROUNDED_MODEL_INPUT
40,KDA,latent_up,8,4,0.0815,45,FRESH_PHYSICAL_TYPE_CONDITIONED,layer-40:FULL_MIXED_STRIPE:p8,PHYSICALLY_GROUNDED_MODEL_INPUT
40,KDA,latent_up_reduction,8,4,1.5376,45,FRESH_PHYSICAL_TYPE_CONDITIONED,layer-40:FULL_MIXED_STRIPE:p8,PHYSICALLY_GROUNDED_MODEL_INPUT
40,KDA,output_state_commit,1,4,0.18295,45,FRESH_PHYSICAL_TYPE_CONDITIONED,layer-40:FULL_MIXED_STRIPE:p8,PHYSICALLY_GROUNDED_MODEL_INPUT
40,KDA,post_attention_preprocess,1,4,0.9783,45,FRESH_PHYSICAL_TYPE_CONDITIONED,layer-40:FULL_MIXED_STRIPE:p8,PHYSICALLY_GROUNDED_MODEL_INPUT
40,KDA,routed_norm,1,4,0.1302,45,FRESH_PHYSICAL_TYPE_CONDITIONED,layer-40:FULL_MIXED_STRIPE:p8,PHYSICALLY_GROUNDED_MODEL_INPUT
40,KDA,routed_shared_reduction,2,4,1.2015,45,FRESH_PHYSICAL_TYPE_CONDITIONED,layer-40:FULL_MIXED_STRIPE:p8,PHYSICALLY_GROUNDED_MODEL_INPUT
40,KDA,router,1,4,0.64645,45,FRESH_PHYSICAL_TYPE_CONDITIONED,layer-40:FULL_MIXED_STRIPE:p8,PHYSICALLY_GROUNDED_MODEL_INPUT
40,KDA,shared_expert,8,4,0.2192,45,FRESH_PHYSICAL_TYPE_CONDITIONED,layer-40:FULL_MIXED_STRIPE:p8,PHYSICALLY_GROUNDED_MODEL_INPUT
40,KDA,shared_reduction,8,4,1.5376,45,FRESH_PHYSICAL_TYPE_CONDITIONED,layer-40:FULL_MIXED_STRIPE:p8,PHYSICALLY_GROUNDED_MODEL_INPUT
40,KDA,worker_protocol,1,4,0.6952,45,FROZEN_PHYSICAL_AUTHENTICATED_FRAME,layer-40:FULL_MIXED_STRIPE:p8,PHYSICAL_INHERITED_E022
40,KDA,whole_layer,1,4,8.604849999999999,45,PHYSICAL_TYPE_CONDITIONED,layer-40:WHOLE_LAYER:p1,PHYSICALLY_GROUNDED_MODEL_INPUT
41,KDA,attention_common,1,1,0.050699999999999995,45,FRESH_PHYSICAL_TYPE_CONDITIONED,layer-41:FULL_MIXED_STRIPE:p8,PHYSICALLY_GROUNDED_MODEL_INPUT
41,KDA,attention_preprocess,1,1,0.3388,45,FRESH_PHYSICAL_TYPE_CONDITIONED,layer-41:FULL_MIXED_STRIPE:p8,PHYSICALLY_GROUNDED_MODEL_INPUT
41,KDA,attention_reduction,8,1,1.5225,45,FRESH_PHYSICAL_TYPE_CONDITIONED,layer-41:FULL_MIXED_STRIPE:p8,PHYSICALLY_GROUNDED_MODEL_INPUT
41,KDA,attention_shard,8,1,0.3079,45,FRESH_PHYSICAL_TYPE_CONDITIONED,layer-41:FULL_MIXED_STRIPE:p8,PHYSICALLY_GROUNDED_MODEL_INPUT
41,KDA,expert_reduction,8,1,1.183,45,FRESH_PHYSICAL_TYPE_CONDITIONED,layer-41:FULL_MIXED_STRIPE:p8,PHYSICALLY_GROUNDED_MODEL_INPUT
41,KDA,expert_stripe,8,1,0.23620000000000002,45,FRESH_PHYSICAL_TYPE_CONDITIONED,layer-41:FULL_MIXED_STRIPE:p8,PHYSICALLY_GROUNDED_MODEL_INPUT
41,KDA,latent_down,8,1,0.0447,45,FRESH_PHYSICAL_TYPE_CONDITIONED,layer-41:FULL_MIXED_STRIPE:p8,PHYSICALLY_GROUNDED_MODEL_INPUT
41,KDA,latent_up,8,1,0.0463,45,FRESH_PHYSICAL_TYPE_CONDITIONED,layer-41:FULL_MIXED_STRIPE:p8,PHYSICALLY_GROUNDED_MODEL_INPUT
41,KDA,latent_up_reduction,8,1,1.46,45,FRESH_PHYSICAL_TYPE_CONDITIONED,layer-41:FULL_MIXED_STRIPE:p8,PHYSICALLY_GROUNDED_MODEL_INPUT
41,KDA,output_state_commit,1,1,0.15115,45,FRESH_PHYSICAL_TYPE_CONDITIONED,layer-41:FULL_MIXED_STRIPE:p8,PHYSICALLY_GROUNDED_MODEL_INPUT
41,KDA,post_attention_preprocess,1,1,0.3276,45,FRESH_PHYSICAL_TYPE_CONDITIONED,layer-41:FULL_MIXED_STRIPE:p8,PHYSICALLY_GROUNDED_MODEL_INPUT
41,KDA,routed_norm,1,1,0.13645000000000002,45,FRESH_PHYSICAL_TYPE_CONDITIONED,layer-41:FULL_MIXED_STRIPE:p8,PHYSICALLY_GROUNDED_MODEL_INPUT
41,KDA,routed_shared_reduction,2,1,1.1742,45,FRESH_PHYSICAL_TYPE_CONDITIONED,layer-41:FULL_MIXED_STRIPE:p8,PHYSICALLY_GROUNDED_MODEL_INPUT
41,KDA,router,1,1,0.6472,45,FRESH_PHYSICAL_TYPE_CONDITIONED,layer-41:FULL_MIXED_STRIPE:p8,PHYSICALLY_GROUNDED_MODEL_INPUT
41,KDA,shared_expert,8,1,0.1073,45,FRESH_PHYSICAL_TYPE_CONDITIONED,layer-41:FULL_MIXED_STRIPE:p8,PHYSICALLY_GROUNDED_MODEL_INPUT
41,KDA,shared_reduction,8,1,1.46,45,FRESH_PHYSICAL_TYPE_CONDITIONED,layer-41:FULL_MIXED_STRIPE:p8,PHYSICALLY_GROUNDED_MODEL_INPUT
41,KDA,worker_protocol,1,1,0.3813,45,FROZEN_PHYSICAL_AUTHENTICATED_FRAME,layer-41:FULL_MIXED_STRIPE:p8,PHYSICAL_INHERITED_E022
41,KDA,whole_layer,1,1,4.212,45,PHYSICAL_TYPE_CONDITIONED,layer-41:WHOLE_LAYER:p1,PHYSICALLY_GROUNDED_MODEL_INPUT
41,KDA,attention_common,1,2,0.05115,45,FRESH_PHYSICAL_TYPE_CONDITIONED,layer-41:FULL_MIXED_STRIPE:p8,PHYSICALLY_GROUNDED_MODEL_INPUT
41,KDA,attention_preprocess,1,2,0.5454,45,FRESH_PHYSICAL_TYPE_CONDITIONED,layer-41:FULL_MIXED_STRIPE:p8,PHYSICALLY_GROUNDED_MODEL_INPUT
41,KDA,attention_reduction,8,2,1.52125,45,FRESH_PHYSICAL_TYPE_CONDITIONED,layer-41:FULL_MIXED_STRIPE:p8,PHYSICALLY_GROUNDED_MODEL_INPUT
41,KDA,attention_shard,8,2,0.40215,45,FRESH_PHYSICAL_TYPE_CONDITIONED,layer-41:FULL_MIXED_STRIPE:p8,PHYSICALLY_GROUNDED_MODEL_INPUT
41,KDA,expert_reduction,8,2,1.0752,45,FRESH_PHYSICAL_TYPE_CONDITIONED,layer-41:FULL_MIXED_STRIPE:p8,PHYSICALLY_GROUNDED_MODEL_INPUT
41,KDA,expert_stripe,8,2,0.39315,45,FRESH_PHYSICAL_TYPE_CONDITIONED,layer-41:FULL_MIXED_STRIPE:p8,PHYSICALLY_GROUNDED_MODEL_INPUT
41,KDA,latent_down,8,2,0.05,45,FRESH_PHYSICAL_TYPE_CONDITIONED,layer-41:FULL_MIXED_STRIPE:p8,PHYSICALLY_GROUNDED_MODEL_INPUT
41,KDA,latent_up,8,2,0.0584,45,FRESH_PHYSICAL_TYPE_CONDITIONED,layer-41:FULL_MIXED_STRIPE:p8,PHYSICALLY_GROUNDED_MODEL_INPUT
41,KDA,latent_up_reduction,8,2,1.46,45,FRESH_PHYSICAL_TYPE_CONDITIONED,layer-41:FULL_MIXED_STRIPE:p8,PHYSICALLY_GROUNDED_MODEL_INPUT
41,KDA,output_state_commit,1,2,0.15510000000000002,45,FRESH_PHYSICAL_TYPE_CONDITIONED,layer-41:FULL_MIXED_STRIPE:p8,PHYSICALLY_GROUNDED_MODEL_INPUT
41,KDA,post_attention_preprocess,1,2,0.54325,45,FRESH_PHYSICAL_TYPE_CONDITIONED,layer-41:FULL_MIXED_STRIPE:p8,PHYSICALLY_GROUNDED_MODEL_INPUT
41,KDA,routed_norm,1,2,0.1233,45,FRESH_PHYSICAL_TYPE_CONDITIONED,layer-41:FULL_MIXED_STRIPE:p8,PHYSICALLY_GROUNDED_MODEL_INPUT
41,KDA,routed_shared_reduction,2,2,1.2424,45,FRESH_PHYSICAL_TYPE_CONDITIONED,layer-41:FULL_MIXED_STRIPE:p8,PHYSICALLY_GROUNDED_MODEL_INPUT
41,KDA,router,1,2,0.6437,45,FRESH_PHYSICAL_TYPE_CONDITIONED,layer-41:FULL_MIXED_STRIPE:p8,PHYSICALLY_GROUNDED_MODEL_INPUT
41,KDA,shared_expert,8,2,0.12365000000000001,45,FRESH_PHYSICAL_TYPE_CONDITIONED,layer-41:FULL_MIXED_STRIPE:p8,PHYSICALLY_GROUNDED_MODEL_INPUT
41,KDA,shared_reduction,8,2,1.46,45,FRESH_PHYSICAL_TYPE_CONDITIONED,layer-41:FULL_MIXED_STRIPE:p8,PHYSICALLY_GROUNDED_MODEL_INPUT
41,KDA,worker_protocol,1,2,0.4718,45,FROZEN_PHYSICAL_AUTHENTICATED_FRAME,layer-41:FULL_MIXED_STRIPE:p8,PHYSICAL_INHERITED_E022
41,KDA,whole_layer,1,2,5.8731,45,PHYSICAL_TYPE_CONDITIONED,layer-41:WHOLE_LAYER:p1,PHYSICALLY_GROUNDED_MODEL_INPUT
41,KDA,attention_common,1,4,0.0511,45,FRESH_PHYSICAL_TYPE_CONDITIONED,layer-41:FULL_MIXED_STRIPE:p8,PHYSICALLY_GROUNDED_MODEL_INPUT
41,KDA,attention_preprocess,1,4,0.9714,45,FRESH_PHYSICAL_TYPE_CONDITIONED,layer-41:FULL_MIXED_STRIPE:p8,PHYSICALLY_GROUNDED_MODEL_INPUT
41,KDA,attention_reduction,8,4,1.6047500000000001,45,FRESH_PHYSICAL_TYPE_CONDITIONED,layer-41:FULL_MIXED_STRIPE:p8,PHYSICALLY_GROUNDED_MODEL_INPUT
41,KDA,attention_shard,8,4,0.6811,45,FRESH_PHYSICAL_TYPE_CONDITIONED,layer-41:FULL_MIXED_STRIPE:p8,PHYSICALLY_GROUNDED_MODEL_INPUT
41,KDA,expert_reduction,8,4,1.466,45,FRESH_PHYSICAL_TYPE_CONDITIONED,layer-41:FULL_MIXED_STRIPE:p8,PHYSICALLY_GROUNDED_MODEL_INPUT
41,KDA,expert_stripe,8,4,0.6790499999999999,45,FRESH_PHYSICAL_TYPE_CONDITIONED,layer-41:FULL_MIXED_STRIPE:p8,PHYSICALLY_GROUNDED_MODEL_INPUT
41,KDA,latent_down,8,4,0.0902,45,FRESH_PHYSICAL_TYPE_CONDITIONED,layer-41:FULL_MIXED_STRIPE:p8,PHYSICALLY_GROUNDED_MODEL_INPUT
41,KDA,latent_up,8,4,0.0815,45,FRESH_PHYSICAL_TYPE_CONDITIONED,layer-41:FULL_MIXED_STRIPE:p8,PHYSICALLY_GROUNDED_MODEL_INPUT
41,KDA,latent_up_reduction,8,4,1.5376,45,FRESH_PHYSICAL_TYPE_CONDITIONED,layer-41:FULL_MIXED_STRIPE:p8,PHYSICALLY_GROUNDED_MODEL_INPUT
41,KDA,output_state_commit,1,4,0.18295,45,FRESH_PHYSICAL_TYPE_CONDITIONED,layer-41:FULL_MIXED_STRIPE:p8,PHYSICALLY_GROUNDED_MODEL_INPUT
41,KDA,post_attention_preprocess,1,4,0.9783,45,FRESH_PHYSICAL_TYPE_CONDITIONED,layer-41:FULL_MIXED_STRIPE:p8,PHYSICALLY_GROUNDED_MODEL_INPUT
41,KDA,routed_norm,1,4,0.1302,45,FRESH_PHYSICAL_TYPE_CONDITIONED,layer-41:FULL_MIXED_STRIPE:p8,PHYSICALLY_GROUNDED_MODEL_INPUT
41,KDA,routed_shared_reduction,2,4,1.2015,45,FRESH_PHYSICAL_TYPE_CONDITIONED,layer-41:FULL_MIXED_STRIPE:p8,PHYSICALLY_GROUNDED_MODEL_INPUT
41,KDA,router,1,4,0.64645,45,FRESH_PHYSICAL_TYPE_CONDITIONED,layer-41:FULL_MIXED_STRIPE:p8,PHYSICALLY_GROUNDED_MODEL_INPUT
41,KDA,shared_expert,8,4,0.2192,45,FRESH_PHYSICAL_TYPE_CONDITIONED,layer-41:FULL_MIXED_STRIPE:p8,PHYSICALLY_GROUNDED_MODEL_INPUT
41,KDA,shared_reduction,8,4,1.5376,45,FRESH_PHYSICAL_TYPE_CONDITIONED,layer-41:FULL_MIXED_STRIPE:p8,PHYSICALLY_GROUNDED_MODEL_INPUT
41,KDA,worker_protocol,1,4,0.6952,45,FROZEN_PHYSICAL_AUTHENTICATED_FRAME,layer-41:FULL_MIXED_STRIPE:p8,PHYSICAL_INHERITED_E022
41,KDA,whole_layer,1,4,8.604849999999999,45,PHYSICAL_TYPE_CONDITIONED,layer-41:WHOLE_LAYER:p1,PHYSICALLY_GROUNDED_MODEL_INPUT
42,KDA,attention_common,1,1,0.050699999999999995,45,FRESH_PHYSICAL_TYPE_CONDITIONED,layer-42:FULL_MIXED_STRIPE:p8,PHYSICALLY_GROUNDED_MODEL_INPUT
42,KDA,attention_preprocess,1,1,0.3388,45,FRESH_PHYSICAL_TYPE_CONDITIONED,layer-42:FULL_MIXED_STRIPE:p8,PHYSICALLY_GROUNDED_MODEL_INPUT
42,KDA,attention_reduction,8,1,1.5225,45,FRESH_PHYSICAL_TYPE_CONDITIONED,layer-42:FULL_MIXED_STRIPE:p8,PHYSICALLY_GROUNDED_MODEL_INPUT
42,KDA,attention_shard,8,1,0.3079,45,FRESH_PHYSICAL_TYPE_CONDITIONED,layer-42:FULL_MIXED_STRIPE:p8,PHYSICALLY_GROUNDED_MODEL_INPUT
42,KDA,expert_reduction,8,1,1.183,45,FRESH_PHYSICAL_TYPE_CONDITIONED,layer-42:FULL_MIXED_STRIPE:p8,PHYSICALLY_GROUNDED_MODEL_INPUT
42,KDA,expert_stripe,8,1,0.23620000000000002,45,FRESH_PHYSICAL_TYPE_CONDITIONED,layer-42:FULL_MIXED_STRIPE:p8,PHYSICALLY_GROUNDED_MODEL_INPUT
42,KDA,latent_down,8,1,0.0447,45,FRESH_PHYSICAL_TYPE_CONDITIONED,layer-42:FULL_MIXED_STRIPE:p8,PHYSICALLY_GROUNDED_MODEL_INPUT
42,KDA,latent_up,8,1,0.0463,45,FRESH_PHYSICAL_TYPE_CONDITIONED,layer-42:FULL_MIXED_STRIPE:p8,PHYSICALLY_GROUNDED_MODEL_INPUT
42,KDA,latent_up_reduction,8,1,1.46,45,FRESH_PHYSICAL_TYPE_CONDITIONED,layer-42:FULL_MIXED_STRIPE:p8,PHYSICALLY_GROUNDED_MODEL_INPUT
42,KDA,output_state_commit,1,1,0.15115,45,FRESH_PHYSICAL_TYPE_CONDITIONED,layer-42:FULL_MIXED_STRIPE:p8,PHYSICALLY_GROUNDED_MODEL_INPUT
42,KDA,post_attention_preprocess,1,1,0.3276,45,FRESH_PHYSICAL_TYPE_CONDITIONED,layer-42:FULL_MIXED_STRIPE:p8,PHYSICALLY_GROUNDED_MODEL_INPUT
42,KDA,routed_norm,1,1,0.13645000000000002,45,FRESH_PHYSICAL_TYPE_CONDITIONED,layer-42:FULL_MIXED_STRIPE:p8,PHYSICALLY_GROUNDED_MODEL_INPUT
42,KDA,routed_shared_reduction,2,1,1.1742,45,FRESH_PHYSICAL_TYPE_CONDITIONED,layer-42:FULL_MIXED_STRIPE:p8,PHYSICALLY_GROUNDED_MODEL_INPUT
42,KDA,router,1,1,0.6472,45,FRESH_PHYSICAL_TYPE_CONDITIONED,layer-42:FULL_MIXED_STRIPE:p8,PHYSICALLY_GROUNDED_MODEL_INPUT
42,KDA,shared_expert,8,1,0.1073,45,FRESH_PHYSICAL_TYPE_CONDITIONED,layer-42:FULL_MIXED_STRIPE:p8,PHYSICALLY_GROUNDED_MODEL_INPUT
42,KDA,shared_reduction,8,1,1.46,45,FRESH_PHYSICAL_TYPE_CONDITIONED,layer-42:FULL_MIXED_STRIPE:p8,PHYSICALLY_GROUNDED_MODEL_INPUT
42,KDA,worker_protocol,1,1,0.3813,45,FROZEN_PHYSICAL_AUTHENTICATED_FRAME,layer-42:FULL_MIXED_STRIPE:p8,PHYSICAL_INHERITED_E022
42,KDA,whole_layer,1,1,4.212,45,PHYSICAL_TYPE_CONDITIONED,layer-42:WHOLE_LAYER:p1,PHYSICALLY_GROUNDED_MODEL_INPUT
42,KDA,attention_common,1,2,0.05115,45,FRESH_PHYSICAL_TYPE_CONDITIONED,layer-42:FULL_MIXED_STRIPE:p8,PHYSICALLY_GROUNDED_MODEL_INPUT
42,KDA,attention_preprocess,1,2,0.5454,45,FRESH_PHYSICAL_TYPE_CONDITIONED,layer-42:FULL_MIXED_STRIPE:p8,PHYSICALLY_GROUNDED_MODEL_INPUT
42,KDA,attention_reduction,8,2,1.52125,45,FRESH_PHYSICAL_TYPE_CONDITIONED,layer-42:FULL_MIXED_STRIPE:p8,PHYSICALLY_GROUNDED_MODEL_INPUT
42,KDA,attention_shard,8,2,0.40215,45,FRESH_PHYSICAL_TYPE_CONDITIONED,layer-42:FULL_MIXED_STRIPE:p8,PHYSICALLY_GROUNDED_MODEL_INPUT
42,KDA,expert_reduction,8,2,1.0752,45,FRESH_PHYSICAL_TYPE_CONDITIONED,layer-42:FULL_MIXED_STRIPE:p8,PHYSICALLY_GROUNDED_MODEL_INPUT
42,KDA,expert_stripe,8,2,0.39315,45,FRESH_PHYSICAL_TYPE_CONDITIONED,layer-42:FULL_MIXED_STRIPE:p8,PHYSICALLY_GROUNDED_MODEL_INPUT
42,KDA,latent_down,8,2,0.05,45,FRESH_PHYSICAL_TYPE_CONDITIONED,layer-42:FULL_MIXED_STRIPE:p8,PHYSICALLY_GROUNDED_MODEL_INPUT
42,KDA,latent_up,8,2,0.0584,45,FRESH_PHYSICAL_TYPE_CONDITIONED,layer-42:FULL_MIXED_STRIPE:p8,PHYSICALLY_GROUNDED_MODEL_INPUT
42,KDA,latent_up_reduction,8,2,1.46,45,FRESH_PHYSICAL_TYPE_CONDITIONED,layer-42:FULL_MIXED_STRIPE:p8,PHYSICALLY_GROUNDED_MODEL_INPUT
42,KDA,output_state_commit,1,2,0.15510000000000002,45,FRESH_PHYSICAL_TYPE_CONDITIONED,layer-42:FULL_MIXED_STRIPE:p8,PHYSICALLY_GROUNDED_MODEL_INPUT
42,KDA,post_attention_preprocess,1,2,0.54325,45,FRESH_PHYSICAL_TYPE_CONDITIONED,layer-42:FULL_MIXED_STRIPE:p8,PHYSICALLY_GROUNDED_MODEL_INPUT
42,KDA,routed_norm,1,2,0.1233,45,FRESH_PHYSICAL_TYPE_CONDITIONED,layer-42:FULL_MIXED_STRIPE:p8,PHYSICALLY_GROUNDED_MODEL_INPUT
42,KDA,routed_shared_reduction,2,2,1.2424,45,FRESH_PHYSICAL_TYPE_CONDITIONED,layer-42:FULL_MIXED_STRIPE:p8,PHYSICALLY_GROUNDED_MODEL_INPUT
42,KDA,router,1,2,0.6437,45,FRESH_PHYSICAL_TYPE_CONDITIONED,layer-42:FULL_MIXED_STRIPE:p8,PHYSICALLY_GROUNDED_MODEL_INPUT
42,KDA,shared_expert,8,2,0.12365000000000001,45,FRESH_PHYSICAL_TYPE_CONDITIONED,layer-42:FULL_MIXED_STRIPE:p8,PHYSICALLY_GROUNDED_MODEL_INPUT
42,KDA,shared_reduction,8,2,1.46,45,FRESH_PHYSICAL_TYPE_CONDITIONED,layer-42:FULL_MIXED_STRIPE:p8,PHYSICALLY_GROUNDED_MODEL_INPUT
42,KDA,worker_protocol,1,2,0.4718,45,FROZEN_PHYSICAL_AUTHENTICATED_FRAME,layer-42:FULL_MIXED_STRIPE:p8,PHYSICAL_INHERITED_E022
42,KDA,whole_layer,1,2,5.8731,45,PHYSICAL_TYPE_CONDITIONED,layer-42:WHOLE_LAYER:p1,PHYSICALLY_GROUNDED_MODEL_INPUT
42,KDA,attention_common,1,4,0.0511,45,FRESH_PHYSICAL_TYPE_CONDITIONED,layer-42:FULL_MIXED_STRIPE:p8,PHYSICALLY_GROUNDED_MODEL_INPUT
42,KDA,attention_preprocess,1,4,0.9714,45,FRESH_PHYSICAL_TYPE_CONDITIONED,layer-42:FULL_MIXED_STRIPE:p8,PHYSICALLY_GROUNDED_MODEL_INPUT
42,KDA,attention_reduction,8,4,1.6047500000000001,45,FRESH_PHYSICAL_TYPE_CONDITIONED,layer-42:FULL_MIXED_STRIPE:p8,PHYSICALLY_GROUNDED_MODEL_INPUT
42,KDA,attention_shard,8,4,0.6811,45,FRESH_PHYSICAL_TYPE_CONDITIONED,layer-42:FULL_MIXED_STRIPE:p8,PHYSICALLY_GROUNDED_MODEL_INPUT
42,KDA,expert_reduction,8,4,1.466,45,FRESH_PHYSICAL_TYPE_CONDITIONED,layer-42:FULL_MIXED_STRIPE:p8,PHYSICALLY_GROUNDED_MODEL_INPUT
42,KDA,expert_stripe,8,4,0.6790499999999999,45,FRESH_PHYSICAL_TYPE_CONDITIONED,layer-42:FULL_MIXED_STRIPE:p8,PHYSICALLY_GROUNDED_MODEL_INPUT
42,KDA,latent_down,8,4,0.0902,45,FRESH_PHYSICAL_TYPE_CONDITIONED,layer-42:FULL_MIXED_STRIPE:p8,PHYSICALLY_GROUNDED_MODEL_INPUT
42,KDA,latent_up,8,4,0.0815,45,FRESH_PHYSICAL_TYPE_CONDITIONED,layer-42:FULL_MIXED_STRIPE:p8,PHYSICALLY_GROUNDED_MODEL_INPUT
42,KDA,latent_up_reduction,8,4,1.5376,45,FRESH_PHYSICAL_TYPE_CONDITIONED,layer-42:FULL_MIXED_STRIPE:p8,PHYSICALLY_GROUNDED_MODEL_INPUT
42,KDA,output_state_commit,1,4,0.18295,45,FRESH_PHYSICAL_TYPE_CONDITIONED,layer-42:FULL_MIXED_STRIPE:p8,PHYSICALLY_GROUNDED_MODEL_INPUT
42,KDA,post_attention_preprocess,1,4,0.9783,45,FRESH_PHYSICAL_TYPE_CONDITIONED,layer-42:FULL_MIXED_STRIPE:p8,PHYSICALLY_GROUNDED_MODEL_INPUT
42,KDA,routed_norm,1,4,0.1302,45,FRESH_PHYSICAL_TYPE_CONDITIONED,layer-42:FULL_MIXED_STRIPE:p8,PHYSICALLY_GROUNDED_MODEL_INPUT
42,KDA,routed_shared_reduction,2,4,1.2015,45,FRESH_PHYSICAL_TYPE_CONDITIONED,layer-42:FULL_MIXED_STRIPE:p8,PHYSICALLY_GROUNDED_MODEL_INPUT
42,KDA,router,1,4,0.64645,45,FRESH_PHYSICAL_TYPE_CONDITIONED,layer-42:FULL_MIXED_STRIPE:p8,PHYSICALLY_GROUNDED_MODEL_INPUT
42,KDA,shared_expert,8,4,0.2192,45,FRESH_PHYSICAL_TYPE_CONDITIONED,layer-42:FULL_MIXED_STRIPE:p8,PHYSICALLY_GROUNDED_MODEL_INPUT
42,KDA,shared_reduction,8,4,1.5376,45,FRESH_PHYSICAL_TYPE_CONDITIONED,layer-42:FULL_MIXED_STRIPE:p8,PHYSICALLY_GROUNDED_MODEL_INPUT
42,KDA,worker_protocol,1,4,0.6952,45,FROZEN_PHYSICAL_AUTHENTICATED_FRAME,layer-42:FULL_MIXED_STRIPE:p8,PHYSICAL_INHERITED_E022
42,KDA,whole_layer,1,4,8.604849999999999,45,PHYSICAL_TYPE_CONDITIONED,layer-42:WHOLE_LAYER:p1,PHYSICALLY_GROUNDED_MODEL_INPUT
43,GATED_MLA,attention_common,1,1,0.0867,47,FRESH_PHYSICAL_TYPE_CONDITIONED,layer-43:FULL_MIXED_STRIPE:p8,PHYSICALLY_GROUNDED_MODEL_INPUT
43,GATED_MLA,attention_preprocess,1,1,0.34825,47,FRESH_PHYSICAL_TYPE_CONDITIONED,layer-43:FULL_MIXED_STRIPE:p8,PHYSICALLY_GROUNDED_MODEL_INPUT
43,GATED_MLA,attention_reduction,8,1,1.5127,47,FRESH_PHYSICAL_TYPE_CONDITIONED,layer-43:FULL_MIXED_STRIPE:p8,PHYSICALLY_GROUNDED_MODEL_INPUT
43,GATED_MLA,attention_shard,8,1,0.1987,47,FRESH_PHYSICAL_TYPE_CONDITIONED,layer-43:FULL_MIXED_STRIPE:p8,PHYSICALLY_GROUNDED_MODEL_INPUT
43,GATED_MLA,expert_reduction,8,1,1.183,47,FRESH_PHYSICAL_TYPE_CONDITIONED,layer-43:FULL_MIXED_STRIPE:p8,PHYSICALLY_GROUNDED_MODEL_INPUT
43,GATED_MLA,expert_stripe,8,1,0.2368,47,FRESH_PHYSICAL_TYPE_CONDITIONED,layer-43:FULL_MIXED_STRIPE:p8,PHYSICALLY_GROUNDED_MODEL_INPUT
43,GATED_MLA,latent_down,8,1,0.0443,47,FRESH_PHYSICAL_TYPE_CONDITIONED,layer-43:FULL_MIXED_STRIPE:p8,PHYSICALLY_GROUNDED_MODEL_INPUT
43,GATED_MLA,latent_up,8,1,0.04985,47,FRESH_PHYSICAL_TYPE_CONDITIONED,layer-43:FULL_MIXED_STRIPE:p8,PHYSICALLY_GROUNDED_MODEL_INPUT
43,GATED_MLA,latent_up_reduction,8,1,1.46,47,FRESH_PHYSICAL_TYPE_CONDITIONED,layer-43:FULL_MIXED_STRIPE:p8,PHYSICALLY_GROUNDED_MODEL_INPUT
43,GATED_MLA,output_state_commit,1,1,0.1533,47,FRESH_PHYSICAL_TYPE_CONDITIONED,layer-43:FULL_MIXED_STRIPE:p8,PHYSICALLY_GROUNDED_MODEL_INPUT
43,GATED_MLA,post_attention_preprocess,1,1,0.33235000000000003,47,FRESH_PHYSICAL_TYPE_CONDITIONED,layer-43:FULL_MIXED_STRIPE:p8,PHYSICALLY_GROUNDED_MODEL_INPUT
43,GATED_MLA,routed_norm,1,1,0.12535000000000002,47,FRESH_PHYSICAL_TYPE_CONDITIONED,layer-43:FULL_MIXED_STRIPE:p8,PHYSICALLY_GROUNDED_MODEL_INPUT
43,GATED_MLA,routed_shared_reduction,2,1,1.1742,47,FRESH_PHYSICAL_TYPE_CONDITIONED,layer-43:FULL_MIXED_STRIPE:p8,PHYSICALLY_GROUNDED_MODEL_INPUT
43,GATED_MLA,router,1,1,0.6397999999999999,47,FRESH_PHYSICAL_TYPE_CONDITIONED,layer-43:FULL_MIXED_STRIPE:p8,PHYSICALLY_GROUNDED_MODEL_INPUT
43,GATED_MLA,shared_expert,8,1,0.10835,47,FRESH_PHYSICAL_TYPE_CONDITIONED,layer-43:FULL_MIXED_STRIPE:p8,PHYSICALLY_GROUNDED_MODEL_INPUT
43,GATED_MLA,shared_reduction,8,1,1.46,47,FRESH_PHYSICAL_TYPE_CONDITIONED,layer-43:FULL_MIXED_STRIPE:p8,PHYSICALLY_GROUNDED_MODEL_INPUT
43,GATED_MLA,worker_protocol,1,1,0.3813,47,FROZEN_PHYSICAL_AUTHENTICATED_FRAME,layer-43:FULL_MIXED_STRIPE:p8,PHYSICAL_INHERITED_E022
43,GATED_MLA,whole_layer,1,1,3.6313,47,PHYSICAL_TYPE_CONDITIONED,layer-43:WHOLE_LAYER:p1,PHYSICALLY_GROUNDED_MODEL_INPUT
43,GATED_MLA,attention_common,1,2,0.0963,47,FRESH_PHYSICAL_TYPE_CONDITIONED,layer-43:FULL_MIXED_STRIPE:p8,PHYSICALLY_GROUNDED_MODEL_INPUT
43,GATED_MLA,attention_preprocess,1,2,0.54495,47,FRESH_PHYSICAL_TYPE_CONDITIONED,layer-43:FULL_MIXED_STRIPE:p8,PHYSICALLY_GROUNDED_MODEL_INPUT
43,GATED_MLA,attention_reduction,8,2,1.51195,47,FRESH_PHYSICAL_TYPE_CONDITIONED,layer-43:FULL_MIXED_STRIPE:p8,PHYSICALLY_GROUNDED_MODEL_INPUT
43,GATED_MLA,attention_shard,8,2,0.28745,47,FRESH_PHYSICAL_TYPE_CONDITIONED,layer-43:FULL_MIXED_STRIPE:p8,PHYSICALLY_GROUNDED_MODEL_INPUT
43,GATED_MLA,expert_reduction,8,2,1.0752,47,FRESH_PHYSICAL_TYPE_CONDITIONED,layer-43:FULL_MIXED_STRIPE:p8,PHYSICALLY_GROUNDED_MODEL_INPUT
43,GATED_MLA,expert_stripe,8,2,0.378,47,FRESH_PHYSICAL_TYPE_CONDITIONED,layer-43:FULL_MIXED_STRIPE:p8,PHYSICALLY_GROUNDED_MODEL_INPUT
43,GATED_MLA,latent_down,8,2,0.0489,47,FRESH_PHYSICAL_TYPE_CONDITIONED,layer-43:FULL_MIXED_STRIPE:p8,PHYSICALLY_GROUNDED_MODEL_INPUT
43,GATED_MLA,latent_up,8,2,0.05835,47,FRESH_PHYSICAL_TYPE_CONDITIONED,layer-43:FULL_MIXED_STRIPE:p8,PHYSICALLY_GROUNDED_MODEL_INPUT
43,GATED_MLA,latent_up_reduction,8,2,1.46,47,FRESH_PHYSICAL_TYPE_CONDITIONED,layer-43:FULL_MIXED_STRIPE:p8,PHYSICALLY_GROUNDED_MODEL_INPUT
43,GATED_MLA,output_state_commit,1,2,0.15645,47,FRESH_PHYSICAL_TYPE_CONDITIONED,layer-43:FULL_MIXED_STRIPE:p8,PHYSICALLY_GROUNDED_MODEL_INPUT
43,GATED_MLA,post_attention_preprocess,1,2,0.541,47,FRESH_PHYSICAL_TYPE_CONDITIONED,layer-43:FULL_MIXED_STRIPE:p8,PHYSICALLY_GROUNDED_MODEL_INPUT
43,GATED_MLA,routed_norm,1,2,0.1384,47,FRESH_PHYSICAL_TYPE_CONDITIONED,layer-43:FULL_MIXED_STRIPE:p8,PHYSICALLY_GROUNDED_MODEL_INPUT
43,GATED_MLA,routed_shared_reduction,2,2,1.2424,47,FRESH_PHYSICAL_TYPE_CONDITIONED,layer-43:FULL_MIXED_STRIPE:p8,PHYSICALLY_GROUNDED_MODEL_INPUT
43,GATED_MLA,router,1,2,0.6346,47,FRESH_PHYSICAL_TYPE_CONDITIONED,layer-43:FULL_MIXED_STRIPE:p8,PHYSICALLY_GROUNDED_MODEL_INPUT
43,GATED_MLA,shared_expert,8,2,0.1232,47,FRESH_PHYSICAL_TYPE_CONDITIONED,layer-43:FULL_MIXED_STRIPE:p8,PHYSICALLY_GROUNDED_MODEL_INPUT
43,GATED_MLA,shared_reduction,8,2,1.46,47,FRESH_PHYSICAL_TYPE_CONDITIONED,layer-43:FULL_MIXED_STRIPE:p8,PHYSICALLY_GROUNDED_MODEL_INPUT
43,GATED_MLA,worker_protocol,1,2,0.4718,47,FROZEN_PHYSICAL_AUTHENTICATED_FRAME,layer-43:FULL_MIXED_STRIPE:p8,PHYSICAL_INHERITED_E022
43,GATED_MLA,whole_layer,1,2,5.43685,47,PHYSICAL_TYPE_CONDITIONED,layer-43:WHOLE_LAYER:p1,PHYSICALLY_GROUNDED_MODEL_INPUT
43,GATED_MLA,attention_common,1,4,0.17265,47,FRESH_PHYSICAL_TYPE_CONDITIONED,layer-43:FULL_MIXED_STRIPE:p8,PHYSICALLY_GROUNDED_MODEL_INPUT
43,GATED_MLA,attention_preprocess,1,4,0.98235,47,FRESH_PHYSICAL_TYPE_CONDITIONED,layer-43:FULL_MIXED_STRIPE:p8,PHYSICALLY_GROUNDED_MODEL_INPUT
43,GATED_MLA,attention_reduction,8,4,1.601,47,FRESH_PHYSICAL_TYPE_CONDITIONED,layer-43:FULL_MIXED_STRIPE:p8,PHYSICALLY_GROUNDED_MODEL_INPUT
43,GATED_MLA,attention_shard,8,4,0.4851,47,FRESH_PHYSICAL_TYPE_CONDITIONED,layer-43:FULL_MIXED_STRIPE:p8,PHYSICALLY_GROUNDED_MODEL_INPUT
43,GATED_MLA,expert_reduction,8,4,1.466,47,FRESH_PHYSICAL_TYPE_CONDITIONED,layer-43:FULL_MIXED_STRIPE:p8,PHYSICALLY_GROUNDED_MODEL_INPUT
43,GATED_MLA,expert_stripe,8,4,0.66125,47,FRESH_PHYSICAL_TYPE_CONDITIONED,layer-43:FULL_MIXED_STRIPE:p8,PHYSICALLY_GROUNDED_MODEL_INPUT
43,GATED_MLA,latent_down,8,4,0.08595,47,FRESH_PHYSICAL_TYPE_CONDITIONED,layer-43:FULL_MIXED_STRIPE:p8,PHYSICALLY_GROUNDED_MODEL_INPUT
43,GATED_MLA,latent_up,8,4,0.0813,47,FRESH_PHYSICAL_TYPE_CONDITIONED,layer-43:FULL_MIXED_STRIPE:p8,PHYSICALLY_GROUNDED_MODEL_INPUT
43,GATED_MLA,latent_up_reduction,8,4,1.5376,47,FRESH_PHYSICAL_TYPE_CONDITIONED,layer-43:FULL_MIXED_STRIPE:p8,PHYSICALLY_GROUNDED_MODEL_INPUT
43,GATED_MLA,output_state_commit,1,4,0.1817,47,FRESH_PHYSICAL_TYPE_CONDITIONED,layer-43:FULL_MIXED_STRIPE:p8,PHYSICALLY_GROUNDED_MODEL_INPUT
43,GATED_MLA,post_attention_preprocess,1,4,0.9854,47,FRESH_PHYSICAL_TYPE_CONDITIONED,layer-43:FULL_MIXED_STRIPE:p8,PHYSICALLY_GROUNDED_MODEL_INPUT
43,GATED_MLA,routed_norm,1,4,0.14075,47,FRESH_PHYSICAL_TYPE_CONDITIONED,layer-43:FULL_MIXED_STRIPE:p8,PHYSICALLY_GROUNDED_MODEL_INPUT
43,GATED_MLA,routed_shared_reduction,2,4,1.2015,47,FRESH_PHYSICAL_TYPE_CONDITIONED,layer-43:FULL_MIXED_STRIPE:p8,PHYSICALLY_GROUNDED_MODEL_INPUT
43,GATED_MLA,router,1,4,0.63985,47,FRESH_PHYSICAL_TYPE_CONDITIONED,layer-43:FULL_MIXED_STRIPE:p8,PHYSICALLY_GROUNDED_MODEL_INPUT
43,GATED_MLA,shared_expert,8,4,0.2192,47,FRESH_PHYSICAL_TYPE_CONDITIONED,layer-43:FULL_MIXED_STRIPE:p8,PHYSICALLY_GROUNDED_MODEL_INPUT
43,GATED_MLA,shared_reduction,8,4,1.5376,47,FRESH_PHYSICAL_TYPE_CONDITIONED,layer-43:FULL_MIXED_STRIPE:p8,PHYSICALLY_GROUNDED_MODEL_INPUT
43,GATED_MLA,worker_protocol,1,4,0.6952,47,FROZEN_PHYSICAL_AUTHENTICATED_FRAME,layer-43:FULL_MIXED_STRIPE:p8,PHYSICAL_INHERITED_E022
43,GATED_MLA,whole_layer,1,4,7.946199999999999,47,PHYSICAL_TYPE_CONDITIONED,layer-43:WHOLE_LAYER:p1,PHYSICALLY_GROUNDED_MODEL_INPUT
44,KDA,attention_common,1,1,0.050699999999999995,45,FRESH_PHYSICAL_TYPE_CONDITIONED,layer-44:FULL_MIXED_STRIPE:p8,PHYSICALLY_GROUNDED_MODEL_INPUT
44,KDA,attention_preprocess,1,1,0.3388,45,FRESH_PHYSICAL_TYPE_CONDITIONED,layer-44:FULL_MIXED_STRIPE:p8,PHYSICALLY_GROUNDED_MODEL_INPUT
44,KDA,attention_reduction,8,1,1.5225,45,FRESH_PHYSICAL_TYPE_CONDITIONED,layer-44:FULL_MIXED_STRIPE:p8,PHYSICALLY_GROUNDED_MODEL_INPUT
44,KDA,attention_shard,8,1,0.3079,45,FRESH_PHYSICAL_TYPE_CONDITIONED,layer-44:FULL_MIXED_STRIPE:p8,PHYSICALLY_GROUNDED_MODEL_INPUT
44,KDA,expert_reduction,8,1,1.183,45,FRESH_PHYSICAL_TYPE_CONDITIONED,layer-44:FULL_MIXED_STRIPE:p8,PHYSICALLY_GROUNDED_MODEL_INPUT
44,KDA,expert_stripe,8,1,0.23620000000000002,45,FRESH_PHYSICAL_TYPE_CONDITIONED,layer-44:FULL_MIXED_STRIPE:p8,PHYSICALLY_GROUNDED_MODEL_INPUT
44,KDA,latent_down,8,1,0.0447,45,FRESH_PHYSICAL_TYPE_CONDITIONED,layer-44:FULL_MIXED_STRIPE:p8,PHYSICALLY_GROUNDED_MODEL_INPUT
44,KDA,latent_up,8,1,0.0463,45,FRESH_PHYSICAL_TYPE_CONDITIONED,layer-44:FULL_MIXED_STRIPE:p8,PHYSICALLY_GROUNDED_MODEL_INPUT
44,KDA,latent_up_reduction,8,1,1.46,45,FRESH_PHYSICAL_TYPE_CONDITIONED,layer-44:FULL_MIXED_STRIPE:p8,PHYSICALLY_GROUNDED_MODEL_INPUT
44,KDA,output_state_commit,1,1,0.15115,45,FRESH_PHYSICAL_TYPE_CONDITIONED,layer-44:FULL_MIXED_STRIPE:p8,PHYSICALLY_GROUNDED_MODEL_INPUT
44,KDA,post_attention_preprocess,1,1,0.3276,45,FRESH_PHYSICAL_TYPE_CONDITIONED,layer-44:FULL_MIXED_STRIPE:p8,PHYSICALLY_GROUNDED_MODEL_INPUT
44,KDA,routed_norm,1,1,0.13645000000000002,45,FRESH_PHYSICAL_TYPE_CONDITIONED,layer-44:FULL_MIXED_STRIPE:p8,PHYSICALLY_GROUNDED_MODEL_INPUT
44,KDA,routed_shared_reduction,2,1,1.1742,45,FRESH_PHYSICAL_TYPE_CONDITIONED,layer-44:FULL_MIXED_STRIPE:p8,PHYSICALLY_GROUNDED_MODEL_INPUT
44,KDA,router,1,1,0.6472,45,FRESH_PHYSICAL_TYPE_CONDITIONED,layer-44:FULL_MIXED_STRIPE:p8,PHYSICALLY_GROUNDED_MODEL_INPUT
44,KDA,shared_expert,8,1,0.1073,45,FRESH_PHYSICAL_TYPE_CONDITIONED,layer-44:FULL_MIXED_STRIPE:p8,PHYSICALLY_GROUNDED_MODEL_INPUT
44,KDA,shared_reduction,8,1,1.46,45,FRESH_PHYSICAL_TYPE_CONDITIONED,layer-44:FULL_MIXED_STRIPE:p8,PHYSICALLY_GROUNDED_MODEL_INPUT
44,KDA,worker_protocol,1,1,0.3813,45,FROZEN_PHYSICAL_AUTHENTICATED_FRAME,layer-44:FULL_MIXED_STRIPE:p8,PHYSICAL_INHERITED_E022
44,KDA,whole_layer,1,1,4.212,45,PHYSICAL_TYPE_CONDITIONED,layer-44:WHOLE_LAYER:p1,PHYSICALLY_GROUNDED_MODEL_INPUT
44,KDA,attention_common,1,2,0.05115,45,FRESH_PHYSICAL_TYPE_CONDITIONED,layer-44:FULL_MIXED_STRIPE:p8,PHYSICALLY_GROUNDED_MODEL_INPUT
44,KDA,attention_preprocess,1,2,0.5454,45,FRESH_PHYSICAL_TYPE_CONDITIONED,layer-44:FULL_MIXED_STRIPE:p8,PHYSICALLY_GROUNDED_MODEL_INPUT
44,KDA,attention_reduction,8,2,1.52125,45,FRESH_PHYSICAL_TYPE_CONDITIONED,layer-44:FULL_MIXED_STRIPE:p8,PHYSICALLY_GROUNDED_MODEL_INPUT
44,KDA,attention_shard,8,2,0.40215,45,FRESH_PHYSICAL_TYPE_CONDITIONED,layer-44:FULL_MIXED_STRIPE:p8,PHYSICALLY_GROUNDED_MODEL_INPUT
44,KDA,expert_reduction,8,2,1.0752,45,FRESH_PHYSICAL_TYPE_CONDITIONED,layer-44:FULL_MIXED_STRIPE:p8,PHYSICALLY_GROUNDED_MODEL_INPUT
44,KDA,expert_stripe,8,2,0.39315,45,FRESH_PHYSICAL_TYPE_CONDITIONED,layer-44:FULL_MIXED_STRIPE:p8,PHYSICALLY_GROUNDED_MODEL_INPUT
44,KDA,latent_down,8,2,0.05,45,FRESH_PHYSICAL_TYPE_CONDITIONED,layer-44:FULL_MIXED_STRIPE:p8,PHYSICALLY_GROUNDED_MODEL_INPUT
44,KDA,latent_up,8,2,0.0584,45,FRESH_PHYSICAL_TYPE_CONDITIONED,layer-44:FULL_MIXED_STRIPE:p8,PHYSICALLY_GROUNDED_MODEL_INPUT
44,KDA,latent_up_reduction,8,2,1.46,45,FRESH_PHYSICAL_TYPE_CONDITIONED,layer-44:FULL_MIXED_STRIPE:p8,PHYSICALLY_GROUNDED_MODEL_INPUT
44,KDA,output_state_commit,1,2,0.15510000000000002,45,FRESH_PHYSICAL_TYPE_CONDITIONED,layer-44:FULL_MIXED_STRIPE:p8,PHYSICALLY_GROUNDED_MODEL_INPUT
44,KDA,post_attention_preprocess,1,2,0.54325,45,FRESH_PHYSICAL_TYPE_CONDITIONED,layer-44:FULL_MIXED_STRIPE:p8,PHYSICALLY_GROUNDED_MODEL_INPUT
44,KDA,routed_norm,1,2,0.1233,45,FRESH_PHYSICAL_TYPE_CONDITIONED,layer-44:FULL_MIXED_STRIPE:p8,PHYSICALLY_GROUNDED_MODEL_INPUT
44,KDA,routed_shared_reduction,2,2,1.2424,45,FRESH_PHYSICAL_TYPE_CONDITIONED,layer-44:FULL_MIXED_STRIPE:p8,PHYSICALLY_GROUNDED_MODEL_INPUT
44,KDA,router,1,2,0.6437,45,FRESH_PHYSICAL_TYPE_CONDITIONED,layer-44:FULL_MIXED_STRIPE:p8,PHYSICALLY_GROUNDED_MODEL_INPUT
44,KDA,shared_expert,8,2,0.12365000000000001,45,FRESH_PHYSICAL_TYPE_CONDITIONED,layer-44:FULL_MIXED_STRIPE:p8,PHYSICALLY_GROUNDED_MODEL_INPUT
44,KDA,shared_reduction,8,2,1.46,45,FRESH_PHYSICAL_TYPE_CONDITIONED,layer-44:FULL_MIXED_STRIPE:p8,PHYSICALLY_GROUNDED_MODEL_INPUT
44,KDA,worker_protocol,1,2,0.4718,45,FROZEN_PHYSICAL_AUTHENTICATED_FRAME,layer-44:FULL_MIXED_STRIPE:p8,PHYSICAL_INHERITED_E022
44,KDA,whole_layer,1,2,5.8731,45,PHYSICAL_TYPE_CONDITIONED,layer-44:WHOLE_LAYER:p1,PHYSICALLY_GROUNDED_MODEL_INPUT
44,KDA,attention_common,1,4,0.0511,45,FRESH_PHYSICAL_TYPE_CONDITIONED,layer-44:FULL_MIXED_STRIPE:p8,PHYSICALLY_GROUNDED_MODEL_INPUT
44,KDA,attention_preprocess,1,4,0.9714,45,FRESH_PHYSICAL_TYPE_CONDITIONED,layer-44:FULL_MIXED_STRIPE:p8,PHYSICALLY_GROUNDED_MODEL_INPUT
44,KDA,attention_reduction,8,4,1.6047500000000001,45,FRESH_PHYSICAL_TYPE_CONDITIONED,layer-44:FULL_MIXED_STRIPE:p8,PHYSICALLY_GROUNDED_MODEL_INPUT
44,KDA,attention_shard,8,4,0.6811,45,FRESH_PHYSICAL_TYPE_CONDITIONED,layer-44:FULL_MIXED_STRIPE:p8,PHYSICALLY_GROUNDED_MODEL_INPUT
44,KDA,expert_reduction,8,4,1.466,45,FRESH_PHYSICAL_TYPE_CONDITIONED,layer-44:FULL_MIXED_STRIPE:p8,PHYSICALLY_GROUNDED_MODEL_INPUT
44,KDA,expert_stripe,8,4,0.6790499999999999,45,FRESH_PHYSICAL_TYPE_CONDITIONED,layer-44:FULL_MIXED_STRIPE:p8,PHYSICALLY_GROUNDED_MODEL_INPUT
44,KDA,latent_down,8,4,0.0902,45,FRESH_PHYSICAL_TYPE_CONDITIONED,layer-44:FULL_MIXED_STRIPE:p8,PHYSICALLY_GROUNDED_MODEL_INPUT
44,KDA,latent_up,8,4,0.0815,45,FRESH_PHYSICAL_TYPE_CONDITIONED,layer-44:FULL_MIXED_STRIPE:p8,PHYSICALLY_GROUNDED_MODEL_INPUT
44,KDA,latent_up_reduction,8,4,1.5376,45,FRESH_PHYSICAL_TYPE_CONDITIONED,layer-44:FULL_MIXED_STRIPE:p8,PHYSICALLY_GROUNDED_MODEL_INPUT
44,KDA,output_state_commit,1,4,0.18295,45,FRESH_PHYSICAL_TYPE_CONDITIONED,layer-44:FULL_MIXED_STRIPE:p8,PHYSICALLY_GROUNDED_MODEL_INPUT
44,KDA,post_attention_preprocess,1,4,0.9783,45,FRESH_PHYSICAL_TYPE_CONDITIONED,layer-44:FULL_MIXED_STRIPE:p8,PHYSICALLY_GROUNDED_MODEL_INPUT
44,KDA,routed_norm,1,4,0.1302,45,FRESH_PHYSICAL_TYPE_CONDITIONED,layer-44:FULL_MIXED_STRIPE:p8,PHYSICALLY_GROUNDED_MODEL_INPUT
44,KDA,routed_shared_reduction,2,4,1.2015,45,FRESH_PHYSICAL_TYPE_CONDITIONED,layer-44:FULL_MIXED_STRIPE:p8,PHYSICALLY_GROUNDED_MODEL_INPUT
44,KDA,router,1,4,0.64645,45,FRESH_PHYSICAL_TYPE_CONDITIONED,layer-44:FULL_MIXED_STRIPE:p8,PHYSICALLY_GROUNDED_MODEL_INPUT
44,KDA,shared_expert,8,4,0.2192,45,FRESH_PHYSICAL_TYPE_CONDITIONED,layer-44:FULL_MIXED_STRIPE:p8,PHYSICALLY_GROUNDED_MODEL_INPUT
44,KDA,shared_reduction,8,4,1.5376,45,FRESH_PHYSICAL_TYPE_CONDITIONED,layer-44:FULL_MIXED_STRIPE:p8,PHYSICALLY_GROUNDED_MODEL_INPUT
44,KDA,worker_protocol,1,4,0.6952,45,FROZEN_PHYSICAL_AUTHENTICATED_FRAME,layer-44:FULL_MIXED_STRIPE:p8,PHYSICAL_INHERITED_E022
44,KDA,whole_layer,1,4,8.604849999999999,45,PHYSICAL_TYPE_CONDITIONED,layer-44:WHOLE_LAYER:p1,PHYSICALLY_GROUNDED_MODEL_INPUT
45,KDA,attention_common,1,1,0.050699999999999995,45,FRESH_PHYSICAL_TYPE_CONDITIONED,layer-45:FULL_MIXED_STRIPE:p8,PHYSICALLY_GROUNDED_MODEL_INPUT
45,KDA,attention_preprocess,1,1,0.3388,45,FRESH_PHYSICAL_TYPE_CONDITIONED,layer-45:FULL_MIXED_STRIPE:p8,PHYSICALLY_GROUNDED_MODEL_INPUT
45,KDA,attention_reduction,8,1,1.5225,45,FRESH_PHYSICAL_TYPE_CONDITIONED,layer-45:FULL_MIXED_STRIPE:p8,PHYSICALLY_GROUNDED_MODEL_INPUT
45,KDA,attention_shard,8,1,0.3079,45,FRESH_PHYSICAL_TYPE_CONDITIONED,layer-45:FULL_MIXED_STRIPE:p8,PHYSICALLY_GROUNDED_MODEL_INPUT
45,KDA,expert_reduction,8,1,1.183,45,FRESH_PHYSICAL_TYPE_CONDITIONED,layer-45:FULL_MIXED_STRIPE:p8,PHYSICALLY_GROUNDED_MODEL_INPUT
45,KDA,expert_stripe,8,1,0.23620000000000002,45,FRESH_PHYSICAL_TYPE_CONDITIONED,layer-45:FULL_MIXED_STRIPE:p8,PHYSICALLY_GROUNDED_MODEL_INPUT
45,KDA,latent_down,8,1,0.0447,45,FRESH_PHYSICAL_TYPE_CONDITIONED,layer-45:FULL_MIXED_STRIPE:p8,PHYSICALLY_GROUNDED_MODEL_INPUT
45,KDA,latent_up,8,1,0.0463,45,FRESH_PHYSICAL_TYPE_CONDITIONED,layer-45:FULL_MIXED_STRIPE:p8,PHYSICALLY_GROUNDED_MODEL_INPUT
45,KDA,latent_up_reduction,8,1,1.46,45,FRESH_PHYSICAL_TYPE_CONDITIONED,layer-45:FULL_MIXED_STRIPE:p8,PHYSICALLY_GROUNDED_MODEL_INPUT
45,KDA,output_state_commit,1,1,0.15115,45,FRESH_PHYSICAL_TYPE_CONDITIONED,layer-45:FULL_MIXED_STRIPE:p8,PHYSICALLY_GROUNDED_MODEL_INPUT
45,KDA,post_attention_preprocess,1,1,0.3276,45,FRESH_PHYSICAL_TYPE_CONDITIONED,layer-45:FULL_MIXED_STRIPE:p8,PHYSICALLY_GROUNDED_MODEL_INPUT
45,KDA,routed_norm,1,1,0.13645000000000002,45,FRESH_PHYSICAL_TYPE_CONDITIONED,layer-45:FULL_MIXED_STRIPE:p8,PHYSICALLY_GROUNDED_MODEL_INPUT
45,KDA,routed_shared_reduction,2,1,1.1742,45,FRESH_PHYSICAL_TYPE_CONDITIONED,layer-45:FULL_MIXED_STRIPE:p8,PHYSICALLY_GROUNDED_MODEL_INPUT
45,KDA,router,1,1,0.6472,45,FRESH_PHYSICAL_TYPE_CONDITIONED,layer-45:FULL_MIXED_STRIPE:p8,PHYSICALLY_GROUNDED_MODEL_INPUT
45,KDA,shared_expert,8,1,0.1073,45,FRESH_PHYSICAL_TYPE_CONDITIONED,layer-45:FULL_MIXED_STRIPE:p8,PHYSICALLY_GROUNDED_MODEL_INPUT
45,KDA,shared_reduction,8,1,1.46,45,FRESH_PHYSICAL_TYPE_CONDITIONED,layer-45:FULL_MIXED_STRIPE:p8,PHYSICALLY_GROUNDED_MODEL_INPUT
45,KDA,worker_protocol,1,1,0.3813,45,FROZEN_PHYSICAL_AUTHENTICATED_FRAME,layer-45:FULL_MIXED_STRIPE:p8,PHYSICAL_INHERITED_E022
45,KDA,whole_layer,1,1,4.212,45,PHYSICAL_TYPE_CONDITIONED,layer-45:WHOLE_LAYER:p1,PHYSICALLY_GROUNDED_MODEL_INPUT
45,KDA,attention_common,1,2,0.05115,45,FRESH_PHYSICAL_TYPE_CONDITIONED,layer-45:FULL_MIXED_STRIPE:p8,PHYSICALLY_GROUNDED_MODEL_INPUT
45,KDA,attention_preprocess,1,2,0.5454,45,FRESH_PHYSICAL_TYPE_CONDITIONED,layer-45:FULL_MIXED_STRIPE:p8,PHYSICALLY_GROUNDED_MODEL_INPUT
45,KDA,attention_reduction,8,2,1.52125,45,FRESH_PHYSICAL_TYPE_CONDITIONED,layer-45:FULL_MIXED_STRIPE:p8,PHYSICALLY_GROUNDED_MODEL_INPUT
45,KDA,attention_shard,8,2,0.40215,45,FRESH_PHYSICAL_TYPE_CONDITIONED,layer-45:FULL_MIXED_STRIPE:p8,PHYSICALLY_GROUNDED_MODEL_INPUT
45,KDA,expert_reduction,8,2,1.0752,45,FRESH_PHYSICAL_TYPE_CONDITIONED,layer-45:FULL_MIXED_STRIPE:p8,PHYSICALLY_GROUNDED_MODEL_INPUT
45,KDA,expert_stripe,8,2,0.39315,45,FRESH_PHYSICAL_TYPE_CONDITIONED,layer-45:FULL_MIXED_STRIPE:p8,PHYSICALLY_GROUNDED_MODEL_INPUT
45,KDA,latent_down,8,2,0.05,45,FRESH_PHYSICAL_TYPE_CONDITIONED,layer-45:FULL_MIXED_STRIPE:p8,PHYSICALLY_GROUNDED_MODEL_INPUT
45,KDA,latent_up,8,2,0.0584,45,FRESH_PHYSICAL_TYPE_CONDITIONED,layer-45:FULL_MIXED_STRIPE:p8,PHYSICALLY_GROUNDED_MODEL_INPUT
45,KDA,latent_up_reduction,8,2,1.46,45,FRESH_PHYSICAL_TYPE_CONDITIONED,layer-45:FULL_MIXED_STRIPE:p8,PHYSICALLY_GROUNDED_MODEL_INPUT
45,KDA,output_state_commit,1,2,0.15510000000000002,45,FRESH_PHYSICAL_TYPE_CONDITIONED,layer-45:FULL_MIXED_STRIPE:p8,PHYSICALLY_GROUNDED_MODEL_INPUT
45,KDA,post_attention_preprocess,1,2,0.54325,45,FRESH_PHYSICAL_TYPE_CONDITIONED,layer-45:FULL_MIXED_STRIPE:p8,PHYSICALLY_GROUNDED_MODEL_INPUT
45,KDA,routed_norm,1,2,0.1233,45,FRESH_PHYSICAL_TYPE_CONDITIONED,layer-45:FULL_MIXED_STRIPE:p8,PHYSICALLY_GROUNDED_MODEL_INPUT
45,KDA,routed_shared_reduction,2,2,1.2424,45,FRESH_PHYSICAL_TYPE_CONDITIONED,layer-45:FULL_MIXED_STRIPE:p8,PHYSICALLY_GROUNDED_MODEL_INPUT
45,KDA,router,1,2,0.6437,45,FRESH_PHYSICAL_TYPE_CONDITIONED,layer-45:FULL_MIXED_STRIPE:p8,PHYSICALLY_GROUNDED_MODEL_INPUT
45,KDA,shared_expert,8,2,0.12365000000000001,45,FRESH_PHYSICAL_TYPE_CONDITIONED,layer-45:FULL_MIXED_STRIPE:p8,PHYSICALLY_GROUNDED_MODEL_INPUT
45,KDA,shared_reduction,8,2,1.46,45,FRESH_PHYSICAL_TYPE_CONDITIONED,layer-45:FULL_MIXED_STRIPE:p8,PHYSICALLY_GROUNDED_MODEL_INPUT
45,KDA,worker_protocol,1,2,0.4718,45,FROZEN_PHYSICAL_AUTHENTICATED_FRAME,layer-45:FULL_MIXED_STRIPE:p8,PHYSICAL_INHERITED_E022
45,KDA,whole_layer,1,2,5.8731,45,PHYSICAL_TYPE_CONDITIONED,layer-45:WHOLE_LAYER:p1,PHYSICALLY_GROUNDED_MODEL_INPUT
45,KDA,attention_common,1,4,0.0511,45,FRESH_PHYSICAL_TYPE_CONDITIONED,layer-45:FULL_MIXED_STRIPE:p8,PHYSICALLY_GROUNDED_MODEL_INPUT
45,KDA,attention_preprocess,1,4,0.9714,45,FRESH_PHYSICAL_TYPE_CONDITIONED,layer-45:FULL_MIXED_STRIPE:p8,PHYSICALLY_GROUNDED_MODEL_INPUT
45,KDA,attention_reduction,8,4,1.6047500000000001,45,FRESH_PHYSICAL_TYPE_CONDITIONED,layer-45:FULL_MIXED_STRIPE:p8,PHYSICALLY_GROUNDED_MODEL_INPUT
45,KDA,attention_shard,8,4,0.6811,45,FRESH_PHYSICAL_TYPE_CONDITIONED,layer-45:FULL_MIXED_STRIPE:p8,PHYSICALLY_GROUNDED_MODEL_INPUT
45,KDA,expert_reduction,8,4,1.466,45,FRESH_PHYSICAL_TYPE_CONDITIONED,layer-45:FULL_MIXED_STRIPE:p8,PHYSICALLY_GROUNDED_MODEL_INPUT
45,KDA,expert_stripe,8,4,0.6790499999999999,45,FRESH_PHYSICAL_TYPE_CONDITIONED,layer-45:FULL_MIXED_STRIPE:p8,PHYSICALLY_GROUNDED_MODEL_INPUT
45,KDA,latent_down,8,4,0.0902,45,FRESH_PHYSICAL_TYPE_CONDITIONED,layer-45:FULL_MIXED_STRIPE:p8,PHYSICALLY_GROUNDED_MODEL_INPUT
45,KDA,latent_up,8,4,0.0815,45,FRESH_PHYSICAL_TYPE_CONDITIONED,layer-45:FULL_MIXED_STRIPE:p8,PHYSICALLY_GROUNDED_MODEL_INPUT
45,KDA,latent_up_reduction,8,4,1.5376,45,FRESH_PHYSICAL_TYPE_CONDITIONED,layer-45:FULL_MIXED_STRIPE:p8,PHYSICALLY_GROUNDED_MODEL_INPUT
45,KDA,output_state_commit,1,4,0.18295,45,FRESH_PHYSICAL_TYPE_CONDITIONED,layer-45:FULL_MIXED_STRIPE:p8,PHYSICALLY_GROUNDED_MODEL_INPUT
45,KDA,post_attention_preprocess,1,4,0.9783,45,FRESH_PHYSICAL_TYPE_CONDITIONED,layer-45:FULL_MIXED_STRIPE:p8,PHYSICALLY_GROUNDED_MODEL_INPUT
45,KDA,routed_norm,1,4,0.1302,45,FRESH_PHYSICAL_TYPE_CONDITIONED,layer-45:FULL_MIXED_STRIPE:p8,PHYSICALLY_GROUNDED_MODEL_INPUT
45,KDA,routed_shared_reduction,2,4,1.2015,45,FRESH_PHYSICAL_TYPE_CONDITIONED,layer-45:FULL_MIXED_STRIPE:p8,PHYSICALLY_GROUNDED_MODEL_INPUT
45,KDA,router,1,4,0.64645,45,FRESH_PHYSICAL_TYPE_CONDITIONED,layer-45:FULL_MIXED_STRIPE:p8,PHYSICALLY_GROUNDED_MODEL_INPUT
45,KDA,shared_expert,8,4,0.2192,45,FRESH_PHYSICAL_TYPE_CONDITIONED,layer-45:FULL_MIXED_STRIPE:p8,PHYSICALLY_GROUNDED_MODEL_INPUT
45,KDA,shared_reduction,8,4,1.5376,45,FRESH_PHYSICAL_TYPE_CONDITIONED,layer-45:FULL_MIXED_STRIPE:p8,PHYSICALLY_GROUNDED_MODEL_INPUT
45,KDA,worker_protocol,1,4,0.6952,45,FROZEN_PHYSICAL_AUTHENTICATED_FRAME,layer-45:FULL_MIXED_STRIPE:p8,PHYSICAL_INHERITED_E022
45,KDA,whole_layer,1,4,8.604849999999999,45,PHYSICAL_TYPE_CONDITIONED,layer-45:WHOLE_LAYER:p1,PHYSICALLY_GROUNDED_MODEL_INPUT
46,KDA,attention_common,1,1,0.050699999999999995,45,FRESH_PHYSICAL_TYPE_CONDITIONED,layer-46:FULL_MIXED_STRIPE:p8,PHYSICALLY_GROUNDED_MODEL_INPUT
46,KDA,attention_preprocess,1,1,0.3388,45,FRESH_PHYSICAL_TYPE_CONDITIONED,layer-46:FULL_MIXED_STRIPE:p8,PHYSICALLY_GROUNDED_MODEL_INPUT
46,KDA,attention_reduction,8,1,1.5225,45,FRESH_PHYSICAL_TYPE_CONDITIONED,layer-46:FULL_MIXED_STRIPE:p8,PHYSICALLY_GROUNDED_MODEL_INPUT
46,KDA,attention_shard,8,1,0.3079,45,FRESH_PHYSICAL_TYPE_CONDITIONED,layer-46:FULL_MIXED_STRIPE:p8,PHYSICALLY_GROUNDED_MODEL_INPUT
46,KDA,expert_reduction,8,1,1.183,45,FRESH_PHYSICAL_TYPE_CONDITIONED,layer-46:FULL_MIXED_STRIPE:p8,PHYSICALLY_GROUNDED_MODEL_INPUT
46,KDA,expert_stripe,8,1,0.23620000000000002,45,FRESH_PHYSICAL_TYPE_CONDITIONED,layer-46:FULL_MIXED_STRIPE:p8,PHYSICALLY_GROUNDED_MODEL_INPUT
46,KDA,latent_down,8,1,0.0447,45,FRESH_PHYSICAL_TYPE_CONDITIONED,layer-46:FULL_MIXED_STRIPE:p8,PHYSICALLY_GROUNDED_MODEL_INPUT
46,KDA,latent_up,8,1,0.0463,45,FRESH_PHYSICAL_TYPE_CONDITIONED,layer-46:FULL_MIXED_STRIPE:p8,PHYSICALLY_GROUNDED_MODEL_INPUT
46,KDA,latent_up_reduction,8,1,1.46,45,FRESH_PHYSICAL_TYPE_CONDITIONED,layer-46:FULL_MIXED_STRIPE:p8,PHYSICALLY_GROUNDED_MODEL_INPUT
46,KDA,output_state_commit,1,1,0.15115,45,FRESH_PHYSICAL_TYPE_CONDITIONED,layer-46:FULL_MIXED_STRIPE:p8,PHYSICALLY_GROUNDED_MODEL_INPUT
46,KDA,post_attention_preprocess,1,1,0.3276,45,FRESH_PHYSICAL_TYPE_CONDITIONED,layer-46:FULL_MIXED_STRIPE:p8,PHYSICALLY_GROUNDED_MODEL_INPUT
46,KDA,routed_norm,1,1,0.13645000000000002,45,FRESH_PHYSICAL_TYPE_CONDITIONED,layer-46:FULL_MIXED_STRIPE:p8,PHYSICALLY_GROUNDED_MODEL_INPUT
46,KDA,routed_shared_reduction,2,1,1.1742,45,FRESH_PHYSICAL_TYPE_CONDITIONED,layer-46:FULL_MIXED_STRIPE:p8,PHYSICALLY_GROUNDED_MODEL_INPUT
46,KDA,router,1,1,0.6472,45,FRESH_PHYSICAL_TYPE_CONDITIONED,layer-46:FULL_MIXED_STRIPE:p8,PHYSICALLY_GROUNDED_MODEL_INPUT
46,KDA,shared_expert,8,1,0.1073,45,FRESH_PHYSICAL_TYPE_CONDITIONED,layer-46:FULL_MIXED_STRIPE:p8,PHYSICALLY_GROUNDED_MODEL_INPUT
46,KDA,shared_reduction,8,1,1.46,45,FRESH_PHYSICAL_TYPE_CONDITIONED,layer-46:FULL_MIXED_STRIPE:p8,PHYSICALLY_GROUNDED_MODEL_INPUT
46,KDA,worker_protocol,1,1,0.3813,45,FROZEN_PHYSICAL_AUTHENTICATED_FRAME,layer-46:FULL_MIXED_STRIPE:p8,PHYSICAL_INHERITED_E022
46,KDA,whole_layer,1,1,4.212,45,PHYSICAL_TYPE_CONDITIONED,layer-46:WHOLE_LAYER:p1,PHYSICALLY_GROUNDED_MODEL_INPUT
46,KDA,attention_common,1,2,0.05115,45,FRESH_PHYSICAL_TYPE_CONDITIONED,layer-46:FULL_MIXED_STRIPE:p8,PHYSICALLY_GROUNDED_MODEL_INPUT
46,KDA,attention_preprocess,1,2,0.5454,45,FRESH_PHYSICAL_TYPE_CONDITIONED,layer-46:FULL_MIXED_STRIPE:p8,PHYSICALLY_GROUNDED_MODEL_INPUT
46,KDA,attention_reduction,8,2,1.52125,45,FRESH_PHYSICAL_TYPE_CONDITIONED,layer-46:FULL_MIXED_STRIPE:p8,PHYSICALLY_GROUNDED_MODEL_INPUT
46,KDA,attention_shard,8,2,0.40215,45,FRESH_PHYSICAL_TYPE_CONDITIONED,layer-46:FULL_MIXED_STRIPE:p8,PHYSICALLY_GROUNDED_MODEL_INPUT
46,KDA,expert_reduction,8,2,1.0752,45,FRESH_PHYSICAL_TYPE_CONDITIONED,layer-46:FULL_MIXED_STRIPE:p8,PHYSICALLY_GROUNDED_MODEL_INPUT
46,KDA,expert_stripe,8,2,0.39315,45,FRESH_PHYSICAL_TYPE_CONDITIONED,layer-46:FULL_MIXED_STRIPE:p8,PHYSICALLY_GROUNDED_MODEL_INPUT
46,KDA,latent_down,8,2,0.05,45,FRESH_PHYSICAL_TYPE_CONDITIONED,layer-46:FULL_MIXED_STRIPE:p8,PHYSICALLY_GROUNDED_MODEL_INPUT
46,KDA,latent_up,8,2,0.0584,45,FRESH_PHYSICAL_TYPE_CONDITIONED,layer-46:FULL_MIXED_STRIPE:p8,PHYSICALLY_GROUNDED_MODEL_INPUT
46,KDA,latent_up_reduction,8,2,1.46,45,FRESH_PHYSICAL_TYPE_CONDITIONED,layer-46:FULL_MIXED_STRIPE:p8,PHYSICALLY_GROUNDED_MODEL_INPUT
46,KDA,output_state_commit,1,2,0.15510000000000002,45,FRESH_PHYSICAL_TYPE_CONDITIONED,layer-46:FULL_MIXED_STRIPE:p8,PHYSICALLY_GROUNDED_MODEL_INPUT
46,KDA,post_attention_preprocess,1,2,0.54325,45,FRESH_PHYSICAL_TYPE_CONDITIONED,layer-46:FULL_MIXED_STRIPE:p8,PHYSICALLY_GROUNDED_MODEL_INPUT
46,KDA,routed_norm,1,2,0.1233,45,FRESH_PHYSICAL_TYPE_CONDITIONED,layer-46:FULL_MIXED_STRIPE:p8,PHYSICALLY_GROUNDED_MODEL_INPUT
46,KDA,routed_shared_reduction,2,2,1.2424,45,FRESH_PHYSICAL_TYPE_CONDITIONED,layer-46:FULL_MIXED_STRIPE:p8,PHYSICALLY_GROUNDED_MODEL_INPUT
46,KDA,router,1,2,0.6437,45,FRESH_PHYSICAL_TYPE_CONDITIONED,layer-46:FULL_MIXED_STRIPE:p8,PHYSICALLY_GROUNDED_MODEL_INPUT
46,KDA,shared_expert,8,2,0.12365000000000001,45,FRESH_PHYSICAL_TYPE_CONDITIONED,layer-46:FULL_MIXED_STRIPE:p8,PHYSICALLY_GROUNDED_MODEL_INPUT
46,KDA,shared_reduction,8,2,1.46,45,FRESH_PHYSICAL_TYPE_CONDITIONED,layer-46:FULL_MIXED_STRIPE:p8,PHYSICALLY_GROUNDED_MODEL_INPUT
46,KDA,worker_protocol,1,2,0.4718,45,FROZEN_PHYSICAL_AUTHENTICATED_FRAME,layer-46:FULL_MIXED_STRIPE:p8,PHYSICAL_INHERITED_E022
46,KDA,whole_layer,1,2,5.8731,45,PHYSICAL_TYPE_CONDITIONED,layer-46:WHOLE_LAYER:p1,PHYSICALLY_GROUNDED_MODEL_INPUT
46,KDA,attention_common,1,4,0.0511,45,FRESH_PHYSICAL_TYPE_CONDITIONED,layer-46:FULL_MIXED_STRIPE:p8,PHYSICALLY_GROUNDED_MODEL_INPUT
46,KDA,attention_preprocess,1,4,0.9714,45,FRESH_PHYSICAL_TYPE_CONDITIONED,layer-46:FULL_MIXED_STRIPE:p8,PHYSICALLY_GROUNDED_MODEL_INPUT
46,KDA,attention_reduction,8,4,1.6047500000000001,45,FRESH_PHYSICAL_TYPE_CONDITIONED,layer-46:FULL_MIXED_STRIPE:p8,PHYSICALLY_GROUNDED_MODEL_INPUT
46,KDA,attention_shard,8,4,0.6811,45,FRESH_PHYSICAL_TYPE_CONDITIONED,layer-46:FULL_MIXED_STRIPE:p8,PHYSICALLY_GROUNDED_MODEL_INPUT
46,KDA,expert_reduction,8,4,1.466,45,FRESH_PHYSICAL_TYPE_CONDITIONED,layer-46:FULL_MIXED_STRIPE:p8,PHYSICALLY_GROUNDED_MODEL_INPUT
46,KDA,expert_stripe,8,4,0.6790499999999999,45,FRESH_PHYSICAL_TYPE_CONDITIONED,layer-46:FULL_MIXED_STRIPE:p8,PHYSICALLY_GROUNDED_MODEL_INPUT
46,KDA,latent_down,8,4,0.0902,45,FRESH_PHYSICAL_TYPE_CONDITIONED,layer-46:FULL_MIXED_STRIPE:p8,PHYSICALLY_GROUNDED_MODEL_INPUT
46,KDA,latent_up,8,4,0.0815,45,FRESH_PHYSICAL_TYPE_CONDITIONED,layer-46:FULL_MIXED_STRIPE:p8,PHYSICALLY_GROUNDED_MODEL_INPUT
46,KDA,latent_up_reduction,8,4,1.5376,45,FRESH_PHYSICAL_TYPE_CONDITIONED,layer-46:FULL_MIXED_STRIPE:p8,PHYSICALLY_GROUNDED_MODEL_INPUT
46,KDA,output_state_commit,1,4,0.18295,45,FRESH_PHYSICAL_TYPE_CONDITIONED,layer-46:FULL_MIXED_STRIPE:p8,PHYSICALLY_GROUNDED_MODEL_INPUT
46,KDA,post_attention_preprocess,1,4,0.9783,45,FRESH_PHYSICAL_TYPE_CONDITIONED,layer-46:FULL_MIXED_STRIPE:p8,PHYSICALLY_GROUNDED_MODEL_INPUT
46,KDA,routed_norm,1,4,0.1302,45,FRESH_PHYSICAL_TYPE_CONDITIONED,layer-46:FULL_MIXED_STRIPE:p8,PHYSICALLY_GROUNDED_MODEL_INPUT
46,KDA,routed_shared_reduction,2,4,1.2015,45,FRESH_PHYSICAL_TYPE_CONDITIONED,layer-46:FULL_MIXED_STRIPE:p8,PHYSICALLY_GROUNDED_MODEL_INPUT
46,KDA,router,1,4,0.64645,45,FRESH_PHYSICAL_TYPE_CONDITIONED,layer-46:FULL_MIXED_STRIPE:p8,PHYSICALLY_GROUNDED_MODEL_INPUT
46,KDA,shared_expert,8,4,0.2192,45,FRESH_PHYSICAL_TYPE_CONDITIONED,layer-46:FULL_MIXED_STRIPE:p8,PHYSICALLY_GROUNDED_MODEL_INPUT
46,KDA,shared_reduction,8,4,1.5376,45,FRESH_PHYSICAL_TYPE_CONDITIONED,layer-46:FULL_MIXED_STRIPE:p8,PHYSICALLY_GROUNDED_MODEL_INPUT
46,KDA,worker_protocol,1,4,0.6952,45,FROZEN_PHYSICAL_AUTHENTICATED_FRAME,layer-46:FULL_MIXED_STRIPE:p8,PHYSICAL_INHERITED_E022
46,KDA,whole_layer,1,4,8.604849999999999,45,PHYSICAL_TYPE_CONDITIONED,layer-46:WHOLE_LAYER:p1,PHYSICALLY_GROUNDED_MODEL_INPUT
47,GATED_MLA,attention_common,1,1,0.0867,47,FRESH_PHYSICAL_TYPE_CONDITIONED,layer-47:FULL_MIXED_STRIPE:p8,PHYSICALLY_GROUNDED_MODEL_INPUT
47,GATED_MLA,attention_preprocess,1,1,0.34825,47,FRESH_PHYSICAL_TYPE_CONDITIONED,layer-47:FULL_MIXED_STRIPE:p8,PHYSICALLY_GROUNDED_MODEL_INPUT
47,GATED_MLA,attention_reduction,8,1,1.5127,47,FRESH_PHYSICAL_TYPE_CONDITIONED,layer-47:FULL_MIXED_STRIPE:p8,PHYSICALLY_GROUNDED_MODEL_INPUT
47,GATED_MLA,attention_shard,8,1,0.1987,47,FRESH_PHYSICAL_TYPE_CONDITIONED,layer-47:FULL_MIXED_STRIPE:p8,PHYSICALLY_GROUNDED_MODEL_INPUT
47,GATED_MLA,expert_reduction,8,1,1.183,47,FRESH_PHYSICAL_TYPE_CONDITIONED,layer-47:FULL_MIXED_STRIPE:p8,PHYSICALLY_GROUNDED_MODEL_INPUT
47,GATED_MLA,expert_stripe,8,1,0.2368,47,FRESH_PHYSICAL_TYPE_CONDITIONED,layer-47:FULL_MIXED_STRIPE:p8,PHYSICALLY_GROUNDED_MODEL_INPUT
47,GATED_MLA,latent_down,8,1,0.0443,47,FRESH_PHYSICAL_TYPE_CONDITIONED,layer-47:FULL_MIXED_STRIPE:p8,PHYSICALLY_GROUNDED_MODEL_INPUT
47,GATED_MLA,latent_up,8,1,0.04985,47,FRESH_PHYSICAL_TYPE_CONDITIONED,layer-47:FULL_MIXED_STRIPE:p8,PHYSICALLY_GROUNDED_MODEL_INPUT
47,GATED_MLA,latent_up_reduction,8,1,1.46,47,FRESH_PHYSICAL_TYPE_CONDITIONED,layer-47:FULL_MIXED_STRIPE:p8,PHYSICALLY_GROUNDED_MODEL_INPUT
47,GATED_MLA,output_state_commit,1,1,0.1533,47,FRESH_PHYSICAL_TYPE_CONDITIONED,layer-47:FULL_MIXED_STRIPE:p8,PHYSICALLY_GROUNDED_MODEL_INPUT
47,GATED_MLA,post_attention_preprocess,1,1,0.33235000000000003,47,FRESH_PHYSICAL_TYPE_CONDITIONED,layer-47:FULL_MIXED_STRIPE:p8,PHYSICALLY_GROUNDED_MODEL_INPUT
47,GATED_MLA,routed_norm,1,1,0.12535000000000002,47,FRESH_PHYSICAL_TYPE_CONDITIONED,layer-47:FULL_MIXED_STRIPE:p8,PHYSICALLY_GROUNDED_MODEL_INPUT
47,GATED_MLA,routed_shared_reduction,2,1,1.1742,47,FRESH_PHYSICAL_TYPE_CONDITIONED,layer-47:FULL_MIXED_STRIPE:p8,PHYSICALLY_GROUNDED_MODEL_INPUT
47,GATED_MLA,router,1,1,0.6397999999999999,47,FRESH_PHYSICAL_TYPE_CONDITIONED,layer-47:FULL_MIXED_STRIPE:p8,PHYSICALLY_GROUNDED_MODEL_INPUT
47,GATED_MLA,shared_expert,8,1,0.10835,47,FRESH_PHYSICAL_TYPE_CONDITIONED,layer-47:FULL_MIXED_STRIPE:p8,PHYSICALLY_GROUNDED_MODEL_INPUT
47,GATED_MLA,shared_reduction,8,1,1.46,47,FRESH_PHYSICAL_TYPE_CONDITIONED,layer-47:FULL_MIXED_STRIPE:p8,PHYSICALLY_GROUNDED_MODEL_INPUT
47,GATED_MLA,worker_protocol,1,1,0.3813,47,FROZEN_PHYSICAL_AUTHENTICATED_FRAME,layer-47:FULL_MIXED_STRIPE:p8,PHYSICAL_INHERITED_E022
47,GATED_MLA,whole_layer,1,1,3.6313,47,PHYSICAL_TYPE_CONDITIONED,layer-47:WHOLE_LAYER:p1,PHYSICALLY_GROUNDED_MODEL_INPUT
47,GATED_MLA,attention_common,1,2,0.0963,47,FRESH_PHYSICAL_TYPE_CONDITIONED,layer-47:FULL_MIXED_STRIPE:p8,PHYSICALLY_GROUNDED_MODEL_INPUT
47,GATED_MLA,attention_preprocess,1,2,0.54495,47,FRESH_PHYSICAL_TYPE_CONDITIONED,layer-47:FULL_MIXED_STRIPE:p8,PHYSICALLY_GROUNDED_MODEL_INPUT
47,GATED_MLA,attention_reduction,8,2,1.51195,47,FRESH_PHYSICAL_TYPE_CONDITIONED,layer-47:FULL_MIXED_STRIPE:p8,PHYSICALLY_GROUNDED_MODEL_INPUT
47,GATED_MLA,attention_shard,8,2,0.28745,47,FRESH_PHYSICAL_TYPE_CONDITIONED,layer-47:FULL_MIXED_STRIPE:p8,PHYSICALLY_GROUNDED_MODEL_INPUT
47,GATED_MLA,expert_reduction,8,2,1.0752,47,FRESH_PHYSICAL_TYPE_CONDITIONED,layer-47:FULL_MIXED_STRIPE:p8,PHYSICALLY_GROUNDED_MODEL_INPUT
47,GATED_MLA,expert_stripe,8,2,0.378,47,FRESH_PHYSICAL_TYPE_CONDITIONED,layer-47:FULL_MIXED_STRIPE:p8,PHYSICALLY_GROUNDED_MODEL_INPUT
47,GATED_MLA,latent_down,8,2,0.0489,47,FRESH_PHYSICAL_TYPE_CONDITIONED,layer-47:FULL_MIXED_STRIPE:p8,PHYSICALLY_GROUNDED_MODEL_INPUT
47,GATED_MLA,latent_up,8,2,0.05835,47,FRESH_PHYSICAL_TYPE_CONDITIONED,layer-47:FULL_MIXED_STRIPE:p8,PHYSICALLY_GROUNDED_MODEL_INPUT
47,GATED_MLA,latent_up_reduction,8,2,1.46,47,FRESH_PHYSICAL_TYPE_CONDITIONED,layer-47:FULL_MIXED_STRIPE:p8,PHYSICALLY_GROUNDED_MODEL_INPUT
47,GATED_MLA,output_state_commit,1,2,0.15645,47,FRESH_PHYSICAL_TYPE_CONDITIONED,layer-47:FULL_MIXED_STRIPE:p8,PHYSICALLY_GROUNDED_MODEL_INPUT
47,GATED_MLA,post_attention_preprocess,1,2,0.541,47,FRESH_PHYSICAL_TYPE_CONDITIONED,layer-47:FULL_MIXED_STRIPE:p8,PHYSICALLY_GROUNDED_MODEL_INPUT
47,GATED_MLA,routed_norm,1,2,0.1384,47,FRESH_PHYSICAL_TYPE_CONDITIONED,layer-47:FULL_MIXED_STRIPE:p8,PHYSICALLY_GROUNDED_MODEL_INPUT
47,GATED_MLA,routed_shared_reduction,2,2,1.2424,47,FRESH_PHYSICAL_TYPE_CONDITIONED,layer-47:FULL_MIXED_STRIPE:p8,PHYSICALLY_GROUNDED_MODEL_INPUT
47,GATED_MLA,router,1,2,0.6346,47,FRESH_PHYSICAL_TYPE_CONDITIONED,layer-47:FULL_MIXED_STRIPE:p8,PHYSICALLY_GROUNDED_MODEL_INPUT
47,GATED_MLA,shared_expert,8,2,0.1232,47,FRESH_PHYSICAL_TYPE_CONDITIONED,layer-47:FULL_MIXED_STRIPE:p8,PHYSICALLY_GROUNDED_MODEL_INPUT
47,GATED_MLA,shared_reduction,8,2,1.46,47,FRESH_PHYSICAL_TYPE_CONDITIONED,layer-47:FULL_MIXED_STRIPE:p8,PHYSICALLY_GROUNDED_MODEL_INPUT
47,GATED_MLA,worker_protocol,1,2,0.4718,47,FROZEN_PHYSICAL_AUTHENTICATED_FRAME,layer-47:FULL_MIXED_STRIPE:p8,PHYSICAL_INHERITED_E022
47,GATED_MLA,whole_layer,1,2,5.43685,47,PHYSICAL_TYPE_CONDITIONED,layer-47:WHOLE_LAYER:p1,PHYSICALLY_GROUNDED_MODEL_INPUT
47,GATED_MLA,attention_common,1,4,0.17265,47,FRESH_PHYSICAL_TYPE_CONDITIONED,layer-47:FULL_MIXED_STRIPE:p8,PHYSICALLY_GROUNDED_MODEL_INPUT
47,GATED_MLA,attention_preprocess,1,4,0.98235,47,FRESH_PHYSICAL_TYPE_CONDITIONED,layer-47:FULL_MIXED_STRIPE:p8,PHYSICALLY_GROUNDED_MODEL_INPUT
47,GATED_MLA,attention_reduction,8,4,1.601,47,FRESH_PHYSICAL_TYPE_CONDITIONED,layer-47:FULL_MIXED_STRIPE:p8,PHYSICALLY_GROUNDED_MODEL_INPUT
47,GATED_MLA,attention_shard,8,4,0.4851,47,FRESH_PHYSICAL_TYPE_CONDITIONED,layer-47:FULL_MIXED_STRIPE:p8,PHYSICALLY_GROUNDED_MODEL_INPUT
47,GATED_MLA,expert_reduction,8,4,1.466,47,FRESH_PHYSICAL_TYPE_CONDITIONED,layer-47:FULL_MIXED_STRIPE:p8,PHYSICALLY_GROUNDED_MODEL_INPUT
47,GATED_MLA,expert_stripe,8,4,0.66125,47,FRESH_PHYSICAL_TYPE_CONDITIONED,layer-47:FULL_MIXED_STRIPE:p8,PHYSICALLY_GROUNDED_MODEL_INPUT
47,GATED_MLA,latent_down,8,4,0.08595,47,FRESH_PHYSICAL_TYPE_CONDITIONED,layer-47:FULL_MIXED_STRIPE:p8,PHYSICALLY_GROUNDED_MODEL_INPUT
47,GATED_MLA,latent_up,8,4,0.0813,47,FRESH_PHYSICAL_TYPE_CONDITIONED,layer-47:FULL_MIXED_STRIPE:p8,PHYSICALLY_GROUNDED_MODEL_INPUT
47,GATED_MLA,latent_up_reduction,8,4,1.5376,47,FRESH_PHYSICAL_TYPE_CONDITIONED,layer-47:FULL_MIXED_STRIPE:p8,PHYSICALLY_GROUNDED_MODEL_INPUT
47,GATED_MLA,output_state_commit,1,4,0.1817,47,FRESH_PHYSICAL_TYPE_CONDITIONED,layer-47:FULL_MIXED_STRIPE:p8,PHYSICALLY_GROUNDED_MODEL_INPUT
47,GATED_MLA,post_attention_preprocess,1,4,0.9854,47,FRESH_PHYSICAL_TYPE_CONDITIONED,layer-47:FULL_MIXED_STRIPE:p8,PHYSICALLY_GROUNDED_MODEL_INPUT
47,GATED_MLA,routed_norm,1,4,0.14075,47,FRESH_PHYSICAL_TYPE_CONDITIONED,layer-47:FULL_MIXED_STRIPE:p8,PHYSICALLY_GROUNDED_MODEL_INPUT
47,GATED_MLA,routed_shared_reduction,2,4,1.2015,47,FRESH_PHYSICAL_TYPE_CONDITIONED,layer-47:FULL_MIXED_STRIPE:p8,PHYSICALLY_GROUNDED_MODEL_INPUT
47,GATED_MLA,router,1,4,0.63985,47,FRESH_PHYSICAL_TYPE_CONDITIONED,layer-47:FULL_MIXED_STRIPE:p8,PHYSICALLY_GROUNDED_MODEL_INPUT
47,GATED_MLA,shared_expert,8,4,0.2192,47,FRESH_PHYSICAL_TYPE_CONDITIONED,layer-47:FULL_MIXED_STRIPE:p8,PHYSICALLY_GROUNDED_MODEL_INPUT
47,GATED_MLA,shared_reduction,8,4,1.5376,47,FRESH_PHYSICAL_TYPE_CONDITIONED,layer-47:FULL_MIXED_STRIPE:p8,PHYSICALLY_GROUNDED_MODEL_INPUT
47,GATED_MLA,worker_protocol,1,4,0.6952,47,FROZEN_PHYSICAL_AUTHENTICATED_FRAME,layer-47:FULL_MIXED_STRIPE:p8,PHYSICAL_INHERITED_E022
47,GATED_MLA,whole_layer,1,4,7.946199999999999,47,PHYSICAL_TYPE_CONDITIONED,layer-47:WHOLE_LAYER:p1,PHYSICALLY_GROUNDED_MODEL_INPUT
48,KDA,attention_common,1,1,0.050699999999999995,45,FRESH_PHYSICAL_TYPE_CONDITIONED,layer-48:FULL_MIXED_STRIPE:p8,PHYSICALLY_GROUNDED_MODEL_INPUT
48,KDA,attention_preprocess,1,1,0.3388,45,FRESH_PHYSICAL_TYPE_CONDITIONED,layer-48:FULL_MIXED_STRIPE:p8,PHYSICALLY_GROUNDED_MODEL_INPUT
48,KDA,attention_reduction,8,1,1.5225,45,FRESH_PHYSICAL_TYPE_CONDITIONED,layer-48:FULL_MIXED_STRIPE:p8,PHYSICALLY_GROUNDED_MODEL_INPUT
48,KDA,attention_shard,8,1,0.3079,45,FRESH_PHYSICAL_TYPE_CONDITIONED,layer-48:FULL_MIXED_STRIPE:p8,PHYSICALLY_GROUNDED_MODEL_INPUT
48,KDA,expert_reduction,8,1,1.183,45,FRESH_PHYSICAL_TYPE_CONDITIONED,layer-48:FULL_MIXED_STRIPE:p8,PHYSICALLY_GROUNDED_MODEL_INPUT
48,KDA,expert_stripe,8,1,0.23620000000000002,45,FRESH_PHYSICAL_TYPE_CONDITIONED,layer-48:FULL_MIXED_STRIPE:p8,PHYSICALLY_GROUNDED_MODEL_INPUT
48,KDA,latent_down,8,1,0.0447,45,FRESH_PHYSICAL_TYPE_CONDITIONED,layer-48:FULL_MIXED_STRIPE:p8,PHYSICALLY_GROUNDED_MODEL_INPUT
48,KDA,latent_up,8,1,0.0463,45,FRESH_PHYSICAL_TYPE_CONDITIONED,layer-48:FULL_MIXED_STRIPE:p8,PHYSICALLY_GROUNDED_MODEL_INPUT
48,KDA,latent_up_reduction,8,1,1.46,45,FRESH_PHYSICAL_TYPE_CONDITIONED,layer-48:FULL_MIXED_STRIPE:p8,PHYSICALLY_GROUNDED_MODEL_INPUT
48,KDA,output_state_commit,1,1,0.15115,45,FRESH_PHYSICAL_TYPE_CONDITIONED,layer-48:FULL_MIXED_STRIPE:p8,PHYSICALLY_GROUNDED_MODEL_INPUT
48,KDA,post_attention_preprocess,1,1,0.3276,45,FRESH_PHYSICAL_TYPE_CONDITIONED,layer-48:FULL_MIXED_STRIPE:p8,PHYSICALLY_GROUNDED_MODEL_INPUT
48,KDA,routed_norm,1,1,0.13645000000000002,45,FRESH_PHYSICAL_TYPE_CONDITIONED,layer-48:FULL_MIXED_STRIPE:p8,PHYSICALLY_GROUNDED_MODEL_INPUT
48,KDA,routed_shared_reduction,2,1,1.1742,45,FRESH_PHYSICAL_TYPE_CONDITIONED,layer-48:FULL_MIXED_STRIPE:p8,PHYSICALLY_GROUNDED_MODEL_INPUT
48,KDA,router,1,1,0.6472,45,FRESH_PHYSICAL_TYPE_CONDITIONED,layer-48:FULL_MIXED_STRIPE:p8,PHYSICALLY_GROUNDED_MODEL_INPUT
48,KDA,shared_expert,8,1,0.1073,45,FRESH_PHYSICAL_TYPE_CONDITIONED,layer-48:FULL_MIXED_STRIPE:p8,PHYSICALLY_GROUNDED_MODEL_INPUT
48,KDA,shared_reduction,8,1,1.46,45,FRESH_PHYSICAL_TYPE_CONDITIONED,layer-48:FULL_MIXED_STRIPE:p8,PHYSICALLY_GROUNDED_MODEL_INPUT
48,KDA,worker_protocol,1,1,0.3813,45,FROZEN_PHYSICAL_AUTHENTICATED_FRAME,layer-48:FULL_MIXED_STRIPE:p8,PHYSICAL_INHERITED_E022
48,KDA,whole_layer,1,1,4.212,45,PHYSICAL_TYPE_CONDITIONED,layer-48:WHOLE_LAYER:p1,PHYSICALLY_GROUNDED_MODEL_INPUT
48,KDA,attention_common,1,2,0.05115,45,FRESH_PHYSICAL_TYPE_CONDITIONED,layer-48:FULL_MIXED_STRIPE:p8,PHYSICALLY_GROUNDED_MODEL_INPUT
48,KDA,attention_preprocess,1,2,0.5454,45,FRESH_PHYSICAL_TYPE_CONDITIONED,layer-48:FULL_MIXED_STRIPE:p8,PHYSICALLY_GROUNDED_MODEL_INPUT
48,KDA,attention_reduction,8,2,1.52125,45,FRESH_PHYSICAL_TYPE_CONDITIONED,layer-48:FULL_MIXED_STRIPE:p8,PHYSICALLY_GROUNDED_MODEL_INPUT
48,KDA,attention_shard,8,2,0.40215,45,FRESH_PHYSICAL_TYPE_CONDITIONED,layer-48:FULL_MIXED_STRIPE:p8,PHYSICALLY_GROUNDED_MODEL_INPUT
48,KDA,expert_reduction,8,2,1.0752,45,FRESH_PHYSICAL_TYPE_CONDITIONED,layer-48:FULL_MIXED_STRIPE:p8,PHYSICALLY_GROUNDED_MODEL_INPUT
48,KDA,expert_stripe,8,2,0.39315,45,FRESH_PHYSICAL_TYPE_CONDITIONED,layer-48:FULL_MIXED_STRIPE:p8,PHYSICALLY_GROUNDED_MODEL_INPUT
48,KDA,latent_down,8,2,0.05,45,FRESH_PHYSICAL_TYPE_CONDITIONED,layer-48:FULL_MIXED_STRIPE:p8,PHYSICALLY_GROUNDED_MODEL_INPUT
48,KDA,latent_up,8,2,0.0584,45,FRESH_PHYSICAL_TYPE_CONDITIONED,layer-48:FULL_MIXED_STRIPE:p8,PHYSICALLY_GROUNDED_MODEL_INPUT
48,KDA,latent_up_reduction,8,2,1.46,45,FRESH_PHYSICAL_TYPE_CONDITIONED,layer-48:FULL_MIXED_STRIPE:p8,PHYSICALLY_GROUNDED_MODEL_INPUT
48,KDA,output_state_commit,1,2,0.15510000000000002,45,FRESH_PHYSICAL_TYPE_CONDITIONED,layer-48:FULL_MIXED_STRIPE:p8,PHYSICALLY_GROUNDED_MODEL_INPUT
48,KDA,post_attention_preprocess,1,2,0.54325,45,FRESH_PHYSICAL_TYPE_CONDITIONED,layer-48:FULL_MIXED_STRIPE:p8,PHYSICALLY_GROUNDED_MODEL_INPUT
48,KDA,routed_norm,1,2,0.1233,45,FRESH_PHYSICAL_TYPE_CONDITIONED,layer-48:FULL_MIXED_STRIPE:p8,PHYSICALLY_GROUNDED_MODEL_INPUT
48,KDA,routed_shared_reduction,2,2,1.2424,45,FRESH_PHYSICAL_TYPE_CONDITIONED,layer-48:FULL_MIXED_STRIPE:p8,PHYSICALLY_GROUNDED_MODEL_INPUT
48,KDA,router,1,2,0.6437,45,FRESH_PHYSICAL_TYPE_CONDITIONED,layer-48:FULL_MIXED_STRIPE:p8,PHYSICALLY_GROUNDED_MODEL_INPUT
48,KDA,shared_expert,8,2,0.12365000000000001,45,FRESH_PHYSICAL_TYPE_CONDITIONED,layer-48:FULL_MIXED_STRIPE:p8,PHYSICALLY_GROUNDED_MODEL_INPUT
48,KDA,shared_reduction,8,2,1.46,45,FRESH_PHYSICAL_TYPE_CONDITIONED,layer-48:FULL_MIXED_STRIPE:p8,PHYSICALLY_GROUNDED_MODEL_INPUT
48,KDA,worker_protocol,1,2,0.4718,45,FROZEN_PHYSICAL_AUTHENTICATED_FRAME,layer-48:FULL_MIXED_STRIPE:p8,PHYSICAL_INHERITED_E022
48,KDA,whole_layer,1,2,5.8731,45,PHYSICAL_TYPE_CONDITIONED,layer-48:WHOLE_LAYER:p1,PHYSICALLY_GROUNDED_MODEL_INPUT
48,KDA,attention_common,1,4,0.0511,45,FRESH_PHYSICAL_TYPE_CONDITIONED,layer-48:FULL_MIXED_STRIPE:p8,PHYSICALLY_GROUNDED_MODEL_INPUT
48,KDA,attention_preprocess,1,4,0.9714,45,FRESH_PHYSICAL_TYPE_CONDITIONED,layer-48:FULL_MIXED_STRIPE:p8,PHYSICALLY_GROUNDED_MODEL_INPUT
48,KDA,attention_reduction,8,4,1.6047500000000001,45,FRESH_PHYSICAL_TYPE_CONDITIONED,layer-48:FULL_MIXED_STRIPE:p8,PHYSICALLY_GROUNDED_MODEL_INPUT
48,KDA,attention_shard,8,4,0.6811,45,FRESH_PHYSICAL_TYPE_CONDITIONED,layer-48:FULL_MIXED_STRIPE:p8,PHYSICALLY_GROUNDED_MODEL_INPUT
48,KDA,expert_reduction,8,4,1.466,45,FRESH_PHYSICAL_TYPE_CONDITIONED,layer-48:FULL_MIXED_STRIPE:p8,PHYSICALLY_GROUNDED_MODEL_INPUT
48,KDA,expert_stripe,8,4,0.6790499999999999,45,FRESH_PHYSICAL_TYPE_CONDITIONED,layer-48:FULL_MIXED_STRIPE:p8,PHYSICALLY_GROUNDED_MODEL_INPUT
48,KDA,latent_down,8,4,0.0902,45,FRESH_PHYSICAL_TYPE_CONDITIONED,layer-48:FULL_MIXED_STRIPE:p8,PHYSICALLY_GROUNDED_MODEL_INPUT
48,KDA,latent_up,8,4,0.0815,45,FRESH_PHYSICAL_TYPE_CONDITIONED,layer-48:FULL_MIXED_STRIPE:p8,PHYSICALLY_GROUNDED_MODEL_INPUT
48,KDA,latent_up_reduction,8,4,1.5376,45,FRESH_PHYSICAL_TYPE_CONDITIONED,layer-48:FULL_MIXED_STRIPE:p8,PHYSICALLY_GROUNDED_MODEL_INPUT
48,KDA,output_state_commit,1,4,0.18295,45,FRESH_PHYSICAL_TYPE_CONDITIONED,layer-48:FULL_MIXED_STRIPE:p8,PHYSICALLY_GROUNDED_MODEL_INPUT
48,KDA,post_attention_preprocess,1,4,0.9783,45,FRESH_PHYSICAL_TYPE_CONDITIONED,layer-48:FULL_MIXED_STRIPE:p8,PHYSICALLY_GROUNDED_MODEL_INPUT
48,KDA,routed_norm,1,4,0.1302,45,FRESH_PHYSICAL_TYPE_CONDITIONED,layer-48:FULL_MIXED_STRIPE:p8,PHYSICALLY_GROUNDED_MODEL_INPUT
48,KDA,routed_shared_reduction,2,4,1.2015,45,FRESH_PHYSICAL_TYPE_CONDITIONED,layer-48:FULL_MIXED_STRIPE:p8,PHYSICALLY_GROUNDED_MODEL_INPUT
48,KDA,router,1,4,0.64645,45,FRESH_PHYSICAL_TYPE_CONDITIONED,layer-48:FULL_MIXED_STRIPE:p8,PHYSICALLY_GROUNDED_MODEL_INPUT
48,KDA,shared_expert,8,4,0.2192,45,FRESH_PHYSICAL_TYPE_CONDITIONED,layer-48:FULL_MIXED_STRIPE:p8,PHYSICALLY_GROUNDED_MODEL_INPUT
48,KDA,shared_reduction,8,4,1.5376,45,FRESH_PHYSICAL_TYPE_CONDITIONED,layer-48:FULL_MIXED_STRIPE:p8,PHYSICALLY_GROUNDED_MODEL_INPUT
48,KDA,worker_protocol,1,4,0.6952,45,FROZEN_PHYSICAL_AUTHENTICATED_FRAME,layer-48:FULL_MIXED_STRIPE:p8,PHYSICAL_INHERITED_E022
48,KDA,whole_layer,1,4,8.604849999999999,45,PHYSICAL_TYPE_CONDITIONED,layer-48:WHOLE_LAYER:p1,PHYSICALLY_GROUNDED_MODEL_INPUT
49,KDA,attention_common,1,1,0.050699999999999995,45,FRESH_PHYSICAL_TYPE_CONDITIONED,layer-49:FULL_MIXED_STRIPE:p8,PHYSICALLY_GROUNDED_MODEL_INPUT
49,KDA,attention_preprocess,1,1,0.3388,45,FRESH_PHYSICAL_TYPE_CONDITIONED,layer-49:FULL_MIXED_STRIPE:p8,PHYSICALLY_GROUNDED_MODEL_INPUT
49,KDA,attention_reduction,8,1,1.5225,45,FRESH_PHYSICAL_TYPE_CONDITIONED,layer-49:FULL_MIXED_STRIPE:p8,PHYSICALLY_GROUNDED_MODEL_INPUT
49,KDA,attention_shard,8,1,0.3079,45,FRESH_PHYSICAL_TYPE_CONDITIONED,layer-49:FULL_MIXED_STRIPE:p8,PHYSICALLY_GROUNDED_MODEL_INPUT
49,KDA,expert_reduction,8,1,1.183,45,FRESH_PHYSICAL_TYPE_CONDITIONED,layer-49:FULL_MIXED_STRIPE:p8,PHYSICALLY_GROUNDED_MODEL_INPUT
49,KDA,expert_stripe,8,1,0.23620000000000002,45,FRESH_PHYSICAL_TYPE_CONDITIONED,layer-49:FULL_MIXED_STRIPE:p8,PHYSICALLY_GROUNDED_MODEL_INPUT
49,KDA,latent_down,8,1,0.0447,45,FRESH_PHYSICAL_TYPE_CONDITIONED,layer-49:FULL_MIXED_STRIPE:p8,PHYSICALLY_GROUNDED_MODEL_INPUT
49,KDA,latent_up,8,1,0.0463,45,FRESH_PHYSICAL_TYPE_CONDITIONED,layer-49:FULL_MIXED_STRIPE:p8,PHYSICALLY_GROUNDED_MODEL_INPUT
49,KDA,latent_up_reduction,8,1,1.46,45,FRESH_PHYSICAL_TYPE_CONDITIONED,layer-49:FULL_MIXED_STRIPE:p8,PHYSICALLY_GROUNDED_MODEL_INPUT
49,KDA,output_state_commit,1,1,0.15115,45,FRESH_PHYSICAL_TYPE_CONDITIONED,layer-49:FULL_MIXED_STRIPE:p8,PHYSICALLY_GROUNDED_MODEL_INPUT
49,KDA,post_attention_preprocess,1,1,0.3276,45,FRESH_PHYSICAL_TYPE_CONDITIONED,layer-49:FULL_MIXED_STRIPE:p8,PHYSICALLY_GROUNDED_MODEL_INPUT
49,KDA,routed_norm,1,1,0.13645000000000002,45,FRESH_PHYSICAL_TYPE_CONDITIONED,layer-49:FULL_MIXED_STRIPE:p8,PHYSICALLY_GROUNDED_MODEL_INPUT
49,KDA,routed_shared_reduction,2,1,1.1742,45,FRESH_PHYSICAL_TYPE_CONDITIONED,layer-49:FULL_MIXED_STRIPE:p8,PHYSICALLY_GROUNDED_MODEL_INPUT
49,KDA,router,1,1,0.6472,45,FRESH_PHYSICAL_TYPE_CONDITIONED,layer-49:FULL_MIXED_STRIPE:p8,PHYSICALLY_GROUNDED_MODEL_INPUT
49,KDA,shared_expert,8,1,0.1073,45,FRESH_PHYSICAL_TYPE_CONDITIONED,layer-49:FULL_MIXED_STRIPE:p8,PHYSICALLY_GROUNDED_MODEL_INPUT
49,KDA,shared_reduction,8,1,1.46,45,FRESH_PHYSICAL_TYPE_CONDITIONED,layer-49:FULL_MIXED_STRIPE:p8,PHYSICALLY_GROUNDED_MODEL_INPUT
49,KDA,worker_protocol,1,1,0.3813,45,FROZEN_PHYSICAL_AUTHENTICATED_FRAME,layer-49:FULL_MIXED_STRIPE:p8,PHYSICAL_INHERITED_E022
49,KDA,whole_layer,1,1,4.212,45,PHYSICAL_TYPE_CONDITIONED,layer-49:WHOLE_LAYER:p1,PHYSICALLY_GROUNDED_MODEL_INPUT
49,KDA,attention_common,1,2,0.05115,45,FRESH_PHYSICAL_TYPE_CONDITIONED,layer-49:FULL_MIXED_STRIPE:p8,PHYSICALLY_GROUNDED_MODEL_INPUT
49,KDA,attention_preprocess,1,2,0.5454,45,FRESH_PHYSICAL_TYPE_CONDITIONED,layer-49:FULL_MIXED_STRIPE:p8,PHYSICALLY_GROUNDED_MODEL_INPUT
49,KDA,attention_reduction,8,2,1.52125,45,FRESH_PHYSICAL_TYPE_CONDITIONED,layer-49:FULL_MIXED_STRIPE:p8,PHYSICALLY_GROUNDED_MODEL_INPUT
49,KDA,attention_shard,8,2,0.40215,45,FRESH_PHYSICAL_TYPE_CONDITIONED,layer-49:FULL_MIXED_STRIPE:p8,PHYSICALLY_GROUNDED_MODEL_INPUT
49,KDA,expert_reduction,8,2,1.0752,45,FRESH_PHYSICAL_TYPE_CONDITIONED,layer-49:FULL_MIXED_STRIPE:p8,PHYSICALLY_GROUNDED_MODEL_INPUT
49,KDA,expert_stripe,8,2,0.39315,45,FRESH_PHYSICAL_TYPE_CONDITIONED,layer-49:FULL_MIXED_STRIPE:p8,PHYSICALLY_GROUNDED_MODEL_INPUT
49,KDA,latent_down,8,2,0.05,45,FRESH_PHYSICAL_TYPE_CONDITIONED,layer-49:FULL_MIXED_STRIPE:p8,PHYSICALLY_GROUNDED_MODEL_INPUT
49,KDA,latent_up,8,2,0.0584,45,FRESH_PHYSICAL_TYPE_CONDITIONED,layer-49:FULL_MIXED_STRIPE:p8,PHYSICALLY_GROUNDED_MODEL_INPUT
49,KDA,latent_up_reduction,8,2,1.46,45,FRESH_PHYSICAL_TYPE_CONDITIONED,layer-49:FULL_MIXED_STRIPE:p8,PHYSICALLY_GROUNDED_MODEL_INPUT
49,KDA,output_state_commit,1,2,0.15510000000000002,45,FRESH_PHYSICAL_TYPE_CONDITIONED,layer-49:FULL_MIXED_STRIPE:p8,PHYSICALLY_GROUNDED_MODEL_INPUT
49,KDA,post_attention_preprocess,1,2,0.54325,45,FRESH_PHYSICAL_TYPE_CONDITIONED,layer-49:FULL_MIXED_STRIPE:p8,PHYSICALLY_GROUNDED_MODEL_INPUT
49,KDA,routed_norm,1,2,0.1233,45,FRESH_PHYSICAL_TYPE_CONDITIONED,layer-49:FULL_MIXED_STRIPE:p8,PHYSICALLY_GROUNDED_MODEL_INPUT
49,KDA,routed_shared_reduction,2,2,1.2424,45,FRESH_PHYSICAL_TYPE_CONDITIONED,layer-49:FULL_MIXED_STRIPE:p8,PHYSICALLY_GROUNDED_MODEL_INPUT
49,KDA,router,1,2,0.6437,45,FRESH_PHYSICAL_TYPE_CONDITIONED,layer-49:FULL_MIXED_STRIPE:p8,PHYSICALLY_GROUNDED_MODEL_INPUT
49,KDA,shared_expert,8,2,0.12365000000000001,45,FRESH_PHYSICAL_TYPE_CONDITIONED,layer-49:FULL_MIXED_STRIPE:p8,PHYSICALLY_GROUNDED_MODEL_INPUT
49,KDA,shared_reduction,8,2,1.46,45,FRESH_PHYSICAL_TYPE_CONDITIONED,layer-49:FULL_MIXED_STRIPE:p8,PHYSICALLY_GROUNDED_MODEL_INPUT
49,KDA,worker_protocol,1,2,0.4718,45,FROZEN_PHYSICAL_AUTHENTICATED_FRAME,layer-49:FULL_MIXED_STRIPE:p8,PHYSICAL_INHERITED_E022
49,KDA,whole_layer,1,2,5.8731,45,PHYSICAL_TYPE_CONDITIONED,layer-49:WHOLE_LAYER:p1,PHYSICALLY_GROUNDED_MODEL_INPUT
49,KDA,attention_common,1,4,0.0511,45,FRESH_PHYSICAL_TYPE_CONDITIONED,layer-49:FULL_MIXED_STRIPE:p8,PHYSICALLY_GROUNDED_MODEL_INPUT
49,KDA,attention_preprocess,1,4,0.9714,45,FRESH_PHYSICAL_TYPE_CONDITIONED,layer-49:FULL_MIXED_STRIPE:p8,PHYSICALLY_GROUNDED_MODEL_INPUT
49,KDA,attention_reduction,8,4,1.6047500000000001,45,FRESH_PHYSICAL_TYPE_CONDITIONED,layer-49:FULL_MIXED_STRIPE:p8,PHYSICALLY_GROUNDED_MODEL_INPUT
49,KDA,attention_shard,8,4,0.6811,45,FRESH_PHYSICAL_TYPE_CONDITIONED,layer-49:FULL_MIXED_STRIPE:p8,PHYSICALLY_GROUNDED_MODEL_INPUT
49,KDA,expert_reduction,8,4,1.466,45,FRESH_PHYSICAL_TYPE_CONDITIONED,layer-49:FULL_MIXED_STRIPE:p8,PHYSICALLY_GROUNDED_MODEL_INPUT
49,KDA,expert_stripe,8,4,0.6790499999999999,45,FRESH_PHYSICAL_TYPE_CONDITIONED,layer-49:FULL_MIXED_STRIPE:p8,PHYSICALLY_GROUNDED_MODEL_INPUT
49,KDA,latent_down,8,4,0.0902,45,FRESH_PHYSICAL_TYPE_CONDITIONED,layer-49:FULL_MIXED_STRIPE:p8,PHYSICALLY_GROUNDED_MODEL_INPUT
49,KDA,latent_up,8,4,0.0815,45,FRESH_PHYSICAL_TYPE_CONDITIONED,layer-49:FULL_MIXED_STRIPE:p8,PHYSICALLY_GROUNDED_MODEL_INPUT
49,KDA,latent_up_reduction,8,4,1.5376,45,FRESH_PHYSICAL_TYPE_CONDITIONED,layer-49:FULL_MIXED_STRIPE:p8,PHYSICALLY_GROUNDED_MODEL_INPUT
49,KDA,output_state_commit,1,4,0.18295,45,FRESH_PHYSICAL_TYPE_CONDITIONED,layer-49:FULL_MIXED_STRIPE:p8,PHYSICALLY_GROUNDED_MODEL_INPUT
49,KDA,post_attention_preprocess,1,4,0.9783,45,FRESH_PHYSICAL_TYPE_CONDITIONED,layer-49:FULL_MIXED_STRIPE:p8,PHYSICALLY_GROUNDED_MODEL_INPUT
49,KDA,routed_norm,1,4,0.1302,45,FRESH_PHYSICAL_TYPE_CONDITIONED,layer-49:FULL_MIXED_STRIPE:p8,PHYSICALLY_GROUNDED_MODEL_INPUT
49,KDA,routed_shared_reduction,2,4,1.2015,45,FRESH_PHYSICAL_TYPE_CONDITIONED,layer-49:FULL_MIXED_STRIPE:p8,PHYSICALLY_GROUNDED_MODEL_INPUT
49,KDA,router,1,4,0.64645,45,FRESH_PHYSICAL_TYPE_CONDITIONED,layer-49:FULL_MIXED_STRIPE:p8,PHYSICALLY_GROUNDED_MODEL_INPUT
49,KDA,shared_expert,8,4,0.2192,45,FRESH_PHYSICAL_TYPE_CONDITIONED,layer-49:FULL_MIXED_STRIPE:p8,PHYSICALLY_GROUNDED_MODEL_INPUT
49,KDA,shared_reduction,8,4,1.5376,45,FRESH_PHYSICAL_TYPE_CONDITIONED,layer-49:FULL_MIXED_STRIPE:p8,PHYSICALLY_GROUNDED_MODEL_INPUT
49,KDA,worker_protocol,1,4,0.6952,45,FROZEN_PHYSICAL_AUTHENTICATED_FRAME,layer-49:FULL_MIXED_STRIPE:p8,PHYSICAL_INHERITED_E022
49,KDA,whole_layer,1,4,8.604849999999999,45,PHYSICAL_TYPE_CONDITIONED,layer-49:WHOLE_LAYER:p1,PHYSICALLY_GROUNDED_MODEL_INPUT
50,KDA,attention_common,1,1,0.050699999999999995,45,FRESH_PHYSICAL_TYPE_CONDITIONED,layer-50:FULL_MIXED_STRIPE:p8,PHYSICALLY_GROUNDED_MODEL_INPUT
50,KDA,attention_preprocess,1,1,0.3388,45,FRESH_PHYSICAL_TYPE_CONDITIONED,layer-50:FULL_MIXED_STRIPE:p8,PHYSICALLY_GROUNDED_MODEL_INPUT
50,KDA,attention_reduction,8,1,1.5225,45,FRESH_PHYSICAL_TYPE_CONDITIONED,layer-50:FULL_MIXED_STRIPE:p8,PHYSICALLY_GROUNDED_MODEL_INPUT
50,KDA,attention_shard,8,1,0.3079,45,FRESH_PHYSICAL_TYPE_CONDITIONED,layer-50:FULL_MIXED_STRIPE:p8,PHYSICALLY_GROUNDED_MODEL_INPUT
50,KDA,expert_reduction,8,1,1.183,45,FRESH_PHYSICAL_TYPE_CONDITIONED,layer-50:FULL_MIXED_STRIPE:p8,PHYSICALLY_GROUNDED_MODEL_INPUT
50,KDA,expert_stripe,8,1,0.23620000000000002,45,FRESH_PHYSICAL_TYPE_CONDITIONED,layer-50:FULL_MIXED_STRIPE:p8,PHYSICALLY_GROUNDED_MODEL_INPUT
50,KDA,latent_down,8,1,0.0447,45,FRESH_PHYSICAL_TYPE_CONDITIONED,layer-50:FULL_MIXED_STRIPE:p8,PHYSICALLY_GROUNDED_MODEL_INPUT
50,KDA,latent_up,8,1,0.0463,45,FRESH_PHYSICAL_TYPE_CONDITIONED,layer-50:FULL_MIXED_STRIPE:p8,PHYSICALLY_GROUNDED_MODEL_INPUT
50,KDA,latent_up_reduction,8,1,1.46,45,FRESH_PHYSICAL_TYPE_CONDITIONED,layer-50:FULL_MIXED_STRIPE:p8,PHYSICALLY_GROUNDED_MODEL_INPUT
50,KDA,output_state_commit,1,1,0.15115,45,FRESH_PHYSICAL_TYPE_CONDITIONED,layer-50:FULL_MIXED_STRIPE:p8,PHYSICALLY_GROUNDED_MODEL_INPUT
50,KDA,post_attention_preprocess,1,1,0.3276,45,FRESH_PHYSICAL_TYPE_CONDITIONED,layer-50:FULL_MIXED_STRIPE:p8,PHYSICALLY_GROUNDED_MODEL_INPUT
50,KDA,routed_norm,1,1,0.13645000000000002,45,FRESH_PHYSICAL_TYPE_CONDITIONED,layer-50:FULL_MIXED_STRIPE:p8,PHYSICALLY_GROUNDED_MODEL_INPUT
50,KDA,routed_shared_reduction,2,1,1.1742,45,FRESH_PHYSICAL_TYPE_CONDITIONED,layer-50:FULL_MIXED_STRIPE:p8,PHYSICALLY_GROUNDED_MODEL_INPUT
50,KDA,router,1,1,0.6472,45,FRESH_PHYSICAL_TYPE_CONDITIONED,layer-50:FULL_MIXED_STRIPE:p8,PHYSICALLY_GROUNDED_MODEL_INPUT
50,KDA,shared_expert,8,1,0.1073,45,FRESH_PHYSICAL_TYPE_CONDITIONED,layer-50:FULL_MIXED_STRIPE:p8,PHYSICALLY_GROUNDED_MODEL_INPUT
50,KDA,shared_reduction,8,1,1.46,45,FRESH_PHYSICAL_TYPE_CONDITIONED,layer-50:FULL_MIXED_STRIPE:p8,PHYSICALLY_GROUNDED_MODEL_INPUT
50,KDA,worker_protocol,1,1,0.3813,45,FROZEN_PHYSICAL_AUTHENTICATED_FRAME,layer-50:FULL_MIXED_STRIPE:p8,PHYSICAL_INHERITED_E022
50,KDA,whole_layer,1,1,4.212,45,PHYSICAL_TYPE_CONDITIONED,layer-50:WHOLE_LAYER:p1,PHYSICALLY_GROUNDED_MODEL_INPUT
50,KDA,attention_common,1,2,0.05115,45,FRESH_PHYSICAL_TYPE_CONDITIONED,layer-50:FULL_MIXED_STRIPE:p8,PHYSICALLY_GROUNDED_MODEL_INPUT
50,KDA,attention_preprocess,1,2,0.5454,45,FRESH_PHYSICAL_TYPE_CONDITIONED,layer-50:FULL_MIXED_STRIPE:p8,PHYSICALLY_GROUNDED_MODEL_INPUT
50,KDA,attention_reduction,8,2,1.52125,45,FRESH_PHYSICAL_TYPE_CONDITIONED,layer-50:FULL_MIXED_STRIPE:p8,PHYSICALLY_GROUNDED_MODEL_INPUT
50,KDA,attention_shard,8,2,0.40215,45,FRESH_PHYSICAL_TYPE_CONDITIONED,layer-50:FULL_MIXED_STRIPE:p8,PHYSICALLY_GROUNDED_MODEL_INPUT
50,KDA,expert_reduction,8,2,1.0752,45,FRESH_PHYSICAL_TYPE_CONDITIONED,layer-50:FULL_MIXED_STRIPE:p8,PHYSICALLY_GROUNDED_MODEL_INPUT
50,KDA,expert_stripe,8,2,0.39315,45,FRESH_PHYSICAL_TYPE_CONDITIONED,layer-50:FULL_MIXED_STRIPE:p8,PHYSICALLY_GROUNDED_MODEL_INPUT
50,KDA,latent_down,8,2,0.05,45,FRESH_PHYSICAL_TYPE_CONDITIONED,layer-50:FULL_MIXED_STRIPE:p8,PHYSICALLY_GROUNDED_MODEL_INPUT
50,KDA,latent_up,8,2,0.0584,45,FRESH_PHYSICAL_TYPE_CONDITIONED,layer-50:FULL_MIXED_STRIPE:p8,PHYSICALLY_GROUNDED_MODEL_INPUT
50,KDA,latent_up_reduction,8,2,1.46,45,FRESH_PHYSICAL_TYPE_CONDITIONED,layer-50:FULL_MIXED_STRIPE:p8,PHYSICALLY_GROUNDED_MODEL_INPUT
50,KDA,output_state_commit,1,2,0.15510000000000002,45,FRESH_PHYSICAL_TYPE_CONDITIONED,layer-50:FULL_MIXED_STRIPE:p8,PHYSICALLY_GROUNDED_MODEL_INPUT
50,KDA,post_attention_preprocess,1,2,0.54325,45,FRESH_PHYSICAL_TYPE_CONDITIONED,layer-50:FULL_MIXED_STRIPE:p8,PHYSICALLY_GROUNDED_MODEL_INPUT
50,KDA,routed_norm,1,2,0.1233,45,FRESH_PHYSICAL_TYPE_CONDITIONED,layer-50:FULL_MIXED_STRIPE:p8,PHYSICALLY_GROUNDED_MODEL_INPUT
50,KDA,routed_shared_reduction,2,2,1.2424,45,FRESH_PHYSICAL_TYPE_CONDITIONED,layer-50:FULL_MIXED_STRIPE:p8,PHYSICALLY_GROUNDED_MODEL_INPUT
50,KDA,router,1,2,0.6437,45,FRESH_PHYSICAL_TYPE_CONDITIONED,layer-50:FULL_MIXED_STRIPE:p8,PHYSICALLY_GROUNDED_MODEL_INPUT
50,KDA,shared_expert,8,2,0.12365000000000001,45,FRESH_PHYSICAL_TYPE_CONDITIONED,layer-50:FULL_MIXED_STRIPE:p8,PHYSICALLY_GROUNDED_MODEL_INPUT
50,KDA,shared_reduction,8,2,1.46,45,FRESH_PHYSICAL_TYPE_CONDITIONED,layer-50:FULL_MIXED_STRIPE:p8,PHYSICALLY_GROUNDED_MODEL_INPUT
50,KDA,worker_protocol,1,2,0.4718,45,FROZEN_PHYSICAL_AUTHENTICATED_FRAME,layer-50:FULL_MIXED_STRIPE:p8,PHYSICAL_INHERITED_E022
50,KDA,whole_layer,1,2,5.8731,45,PHYSICAL_TYPE_CONDITIONED,layer-50:WHOLE_LAYER:p1,PHYSICALLY_GROUNDED_MODEL_INPUT
50,KDA,attention_common,1,4,0.0511,45,FRESH_PHYSICAL_TYPE_CONDITIONED,layer-50:FULL_MIXED_STRIPE:p8,PHYSICALLY_GROUNDED_MODEL_INPUT
50,KDA,attention_preprocess,1,4,0.9714,45,FRESH_PHYSICAL_TYPE_CONDITIONED,layer-50:FULL_MIXED_STRIPE:p8,PHYSICALLY_GROUNDED_MODEL_INPUT
50,KDA,attention_reduction,8,4,1.6047500000000001,45,FRESH_PHYSICAL_TYPE_CONDITIONED,layer-50:FULL_MIXED_STRIPE:p8,PHYSICALLY_GROUNDED_MODEL_INPUT
50,KDA,attention_shard,8,4,0.6811,45,FRESH_PHYSICAL_TYPE_CONDITIONED,layer-50:FULL_MIXED_STRIPE:p8,PHYSICALLY_GROUNDED_MODEL_INPUT
50,KDA,expert_reduction,8,4,1.466,45,FRESH_PHYSICAL_TYPE_CONDITIONED,layer-50:FULL_MIXED_STRIPE:p8,PHYSICALLY_GROUNDED_MODEL_INPUT
50,KDA,expert_stripe,8,4,0.6790499999999999,45,FRESH_PHYSICAL_TYPE_CONDITIONED,layer-50:FULL_MIXED_STRIPE:p8,PHYSICALLY_GROUNDED_MODEL_INPUT
50,KDA,latent_down,8,4,0.0902,45,FRESH_PHYSICAL_TYPE_CONDITIONED,layer-50:FULL_MIXED_STRIPE:p8,PHYSICALLY_GROUNDED_MODEL_INPUT
50,KDA,latent_up,8,4,0.0815,45,FRESH_PHYSICAL_TYPE_CONDITIONED,layer-50:FULL_MIXED_STRIPE:p8,PHYSICALLY_GROUNDED_MODEL_INPUT
50,KDA,latent_up_reduction,8,4,1.5376,45,FRESH_PHYSICAL_TYPE_CONDITIONED,layer-50:FULL_MIXED_STRIPE:p8,PHYSICALLY_GROUNDED_MODEL_INPUT
50,KDA,output_state_commit,1,4,0.18295,45,FRESH_PHYSICAL_TYPE_CONDITIONED,layer-50:FULL_MIXED_STRIPE:p8,PHYSICALLY_GROUNDED_MODEL_INPUT
50,KDA,post_attention_preprocess,1,4,0.9783,45,FRESH_PHYSICAL_TYPE_CONDITIONED,layer-50:FULL_MIXED_STRIPE:p8,PHYSICALLY_GROUNDED_MODEL_INPUT
50,KDA,routed_norm,1,4,0.1302,45,FRESH_PHYSICAL_TYPE_CONDITIONED,layer-50:FULL_MIXED_STRIPE:p8,PHYSICALLY_GROUNDED_MODEL_INPUT
50,KDA,routed_shared_reduction,2,4,1.2015,45,FRESH_PHYSICAL_TYPE_CONDITIONED,layer-50:FULL_MIXED_STRIPE:p8,PHYSICALLY_GROUNDED_MODEL_INPUT
50,KDA,router,1,4,0.64645,45,FRESH_PHYSICAL_TYPE_CONDITIONED,layer-50:FULL_MIXED_STRIPE:p8,PHYSICALLY_GROUNDED_MODEL_INPUT
50,KDA,shared_expert,8,4,0.2192,45,FRESH_PHYSICAL_TYPE_CONDITIONED,layer-50:FULL_MIXED_STRIPE:p8,PHYSICALLY_GROUNDED_MODEL_INPUT
50,KDA,shared_reduction,8,4,1.5376,45,FRESH_PHYSICAL_TYPE_CONDITIONED,layer-50:FULL_MIXED_STRIPE:p8,PHYSICALLY_GROUNDED_MODEL_INPUT
50,KDA,worker_protocol,1,4,0.6952,45,FROZEN_PHYSICAL_AUTHENTICATED_FRAME,layer-50:FULL_MIXED_STRIPE:p8,PHYSICAL_INHERITED_E022
50,KDA,whole_layer,1,4,8.604849999999999,45,PHYSICAL_TYPE_CONDITIONED,layer-50:WHOLE_LAYER:p1,PHYSICALLY_GROUNDED_MODEL_INPUT
51,GATED_MLA,attention_common,1,1,0.0867,47,FRESH_PHYSICAL_TYPE_CONDITIONED,layer-51:FULL_MIXED_STRIPE:p8,PHYSICALLY_GROUNDED_MODEL_INPUT
51,GATED_MLA,attention_preprocess,1,1,0.34825,47,FRESH_PHYSICAL_TYPE_CONDITIONED,layer-51:FULL_MIXED_STRIPE:p8,PHYSICALLY_GROUNDED_MODEL_INPUT
51,GATED_MLA,attention_reduction,8,1,1.5127,47,FRESH_PHYSICAL_TYPE_CONDITIONED,layer-51:FULL_MIXED_STRIPE:p8,PHYSICALLY_GROUNDED_MODEL_INPUT
51,GATED_MLA,attention_shard,8,1,0.1987,47,FRESH_PHYSICAL_TYPE_CONDITIONED,layer-51:FULL_MIXED_STRIPE:p8,PHYSICALLY_GROUNDED_MODEL_INPUT
51,GATED_MLA,expert_reduction,8,1,1.183,47,FRESH_PHYSICAL_TYPE_CONDITIONED,layer-51:FULL_MIXED_STRIPE:p8,PHYSICALLY_GROUNDED_MODEL_INPUT
51,GATED_MLA,expert_stripe,8,1,0.2368,47,FRESH_PHYSICAL_TYPE_CONDITIONED,layer-51:FULL_MIXED_STRIPE:p8,PHYSICALLY_GROUNDED_MODEL_INPUT
51,GATED_MLA,latent_down,8,1,0.0443,47,FRESH_PHYSICAL_TYPE_CONDITIONED,layer-51:FULL_MIXED_STRIPE:p8,PHYSICALLY_GROUNDED_MODEL_INPUT
51,GATED_MLA,latent_up,8,1,0.04985,47,FRESH_PHYSICAL_TYPE_CONDITIONED,layer-51:FULL_MIXED_STRIPE:p8,PHYSICALLY_GROUNDED_MODEL_INPUT
51,GATED_MLA,latent_up_reduction,8,1,1.46,47,FRESH_PHYSICAL_TYPE_CONDITIONED,layer-51:FULL_MIXED_STRIPE:p8,PHYSICALLY_GROUNDED_MODEL_INPUT
51,GATED_MLA,output_state_commit,1,1,0.1533,47,FRESH_PHYSICAL_TYPE_CONDITIONED,layer-51:FULL_MIXED_STRIPE:p8,PHYSICALLY_GROUNDED_MODEL_INPUT
51,GATED_MLA,post_attention_preprocess,1,1,0.33235000000000003,47,FRESH_PHYSICAL_TYPE_CONDITIONED,layer-51:FULL_MIXED_STRIPE:p8,PHYSICALLY_GROUNDED_MODEL_INPUT
51,GATED_MLA,routed_norm,1,1,0.12535000000000002,47,FRESH_PHYSICAL_TYPE_CONDITIONED,layer-51:FULL_MIXED_STRIPE:p8,PHYSICALLY_GROUNDED_MODEL_INPUT
51,GATED_MLA,routed_shared_reduction,2,1,1.1742,47,FRESH_PHYSICAL_TYPE_CONDITIONED,layer-51:FULL_MIXED_STRIPE:p8,PHYSICALLY_GROUNDED_MODEL_INPUT
51,GATED_MLA,router,1,1,0.6397999999999999,47,FRESH_PHYSICAL_TYPE_CONDITIONED,layer-51:FULL_MIXED_STRIPE:p8,PHYSICALLY_GROUNDED_MODEL_INPUT
51,GATED_MLA,shared_expert,8,1,0.10835,47,FRESH_PHYSICAL_TYPE_CONDITIONED,layer-51:FULL_MIXED_STRIPE:p8,PHYSICALLY_GROUNDED_MODEL_INPUT
51,GATED_MLA,shared_reduction,8,1,1.46,47,FRESH_PHYSICAL_TYPE_CONDITIONED,layer-51:FULL_MIXED_STRIPE:p8,PHYSICALLY_GROUNDED_MODEL_INPUT
51,GATED_MLA,worker_protocol,1,1,0.3813,47,FROZEN_PHYSICAL_AUTHENTICATED_FRAME,layer-51:FULL_MIXED_STRIPE:p8,PHYSICAL_INHERITED_E022
51,GATED_MLA,whole_layer,1,1,3.6313,47,PHYSICAL_TYPE_CONDITIONED,layer-51:WHOLE_LAYER:p1,PHYSICALLY_GROUNDED_MODEL_INPUT
51,GATED_MLA,attention_common,1,2,0.0963,47,FRESH_PHYSICAL_TYPE_CONDITIONED,layer-51:FULL_MIXED_STRIPE:p8,PHYSICALLY_GROUNDED_MODEL_INPUT
51,GATED_MLA,attention_preprocess,1,2,0.54495,47,FRESH_PHYSICAL_TYPE_CONDITIONED,layer-51:FULL_MIXED_STRIPE:p8,PHYSICALLY_GROUNDED_MODEL_INPUT
51,GATED_MLA,attention_reduction,8,2,1.51195,47,FRESH_PHYSICAL_TYPE_CONDITIONED,layer-51:FULL_MIXED_STRIPE:p8,PHYSICALLY_GROUNDED_MODEL_INPUT
51,GATED_MLA,attention_shard,8,2,0.28745,47,FRESH_PHYSICAL_TYPE_CONDITIONED,layer-51:FULL_MIXED_STRIPE:p8,PHYSICALLY_GROUNDED_MODEL_INPUT
51,GATED_MLA,expert_reduction,8,2,1.0752,47,FRESH_PHYSICAL_TYPE_CONDITIONED,layer-51:FULL_MIXED_STRIPE:p8,PHYSICALLY_GROUNDED_MODEL_INPUT
51,GATED_MLA,expert_stripe,8,2,0.378,47,FRESH_PHYSICAL_TYPE_CONDITIONED,layer-51:FULL_MIXED_STRIPE:p8,PHYSICALLY_GROUNDED_MODEL_INPUT
51,GATED_MLA,latent_down,8,2,0.0489,47,FRESH_PHYSICAL_TYPE_CONDITIONED,layer-51:FULL_MIXED_STRIPE:p8,PHYSICALLY_GROUNDED_MODEL_INPUT
51,GATED_MLA,latent_up,8,2,0.05835,47,FRESH_PHYSICAL_TYPE_CONDITIONED,layer-51:FULL_MIXED_STRIPE:p8,PHYSICALLY_GROUNDED_MODEL_INPUT
51,GATED_MLA,latent_up_reduction,8,2,1.46,47,FRESH_PHYSICAL_TYPE_CONDITIONED,layer-51:FULL_MIXED_STRIPE:p8,PHYSICALLY_GROUNDED_MODEL_INPUT
51,GATED_MLA,output_state_commit,1,2,0.15645,47,FRESH_PHYSICAL_TYPE_CONDITIONED,layer-51:FULL_MIXED_STRIPE:p8,PHYSICALLY_GROUNDED_MODEL_INPUT
51,GATED_MLA,post_attention_preprocess,1,2,0.541,47,FRESH_PHYSICAL_TYPE_CONDITIONED,layer-51:FULL_MIXED_STRIPE:p8,PHYSICALLY_GROUNDED_MODEL_INPUT
51,GATED_MLA,routed_norm,1,2,0.1384,47,FRESH_PHYSICAL_TYPE_CONDITIONED,layer-51:FULL_MIXED_STRIPE:p8,PHYSICALLY_GROUNDED_MODEL_INPUT
51,GATED_MLA,routed_shared_reduction,2,2,1.2424,47,FRESH_PHYSICAL_TYPE_CONDITIONED,layer-51:FULL_MIXED_STRIPE:p8,PHYSICALLY_GROUNDED_MODEL_INPUT
51,GATED_MLA,router,1,2,0.6346,47,FRESH_PHYSICAL_TYPE_CONDITIONED,layer-51:FULL_MIXED_STRIPE:p8,PHYSICALLY_GROUNDED_MODEL_INPUT
51,GATED_MLA,shared_expert,8,2,0.1232,47,FRESH_PHYSICAL_TYPE_CONDITIONED,layer-51:FULL_MIXED_STRIPE:p8,PHYSICALLY_GROUNDED_MODEL_INPUT
51,GATED_MLA,shared_reduction,8,2,1.46,47,FRESH_PHYSICAL_TYPE_CONDITIONED,layer-51:FULL_MIXED_STRIPE:p8,PHYSICALLY_GROUNDED_MODEL_INPUT
51,GATED_MLA,worker_protocol,1,2,0.4718,47,FROZEN_PHYSICAL_AUTHENTICATED_FRAME,layer-51:FULL_MIXED_STRIPE:p8,PHYSICAL_INHERITED_E022
51,GATED_MLA,whole_layer,1,2,5.43685,47,PHYSICAL_TYPE_CONDITIONED,layer-51:WHOLE_LAYER:p1,PHYSICALLY_GROUNDED_MODEL_INPUT
51,GATED_MLA,attention_common,1,4,0.17265,47,FRESH_PHYSICAL_TYPE_CONDITIONED,layer-51:FULL_MIXED_STRIPE:p8,PHYSICALLY_GROUNDED_MODEL_INPUT
51,GATED_MLA,attention_preprocess,1,4,0.98235,47,FRESH_PHYSICAL_TYPE_CONDITIONED,layer-51:FULL_MIXED_STRIPE:p8,PHYSICALLY_GROUNDED_MODEL_INPUT
51,GATED_MLA,attention_reduction,8,4,1.601,47,FRESH_PHYSICAL_TYPE_CONDITIONED,layer-51:FULL_MIXED_STRIPE:p8,PHYSICALLY_GROUNDED_MODEL_INPUT
51,GATED_MLA,attention_shard,8,4,0.4851,47,FRESH_PHYSICAL_TYPE_CONDITIONED,layer-51:FULL_MIXED_STRIPE:p8,PHYSICALLY_GROUNDED_MODEL_INPUT
51,GATED_MLA,expert_reduction,8,4,1.466,47,FRESH_PHYSICAL_TYPE_CONDITIONED,layer-51:FULL_MIXED_STRIPE:p8,PHYSICALLY_GROUNDED_MODEL_INPUT
51,GATED_MLA,expert_stripe,8,4,0.66125,47,FRESH_PHYSICAL_TYPE_CONDITIONED,layer-51:FULL_MIXED_STRIPE:p8,PHYSICALLY_GROUNDED_MODEL_INPUT
51,GATED_MLA,latent_down,8,4,0.08595,47,FRESH_PHYSICAL_TYPE_CONDITIONED,layer-51:FULL_MIXED_STRIPE:p8,PHYSICALLY_GROUNDED_MODEL_INPUT
51,GATED_MLA,latent_up,8,4,0.0813,47,FRESH_PHYSICAL_TYPE_CONDITIONED,layer-51:FULL_MIXED_STRIPE:p8,PHYSICALLY_GROUNDED_MODEL_INPUT
51,GATED_MLA,latent_up_reduction,8,4,1.5376,47,FRESH_PHYSICAL_TYPE_CONDITIONED,layer-51:FULL_MIXED_STRIPE:p8,PHYSICALLY_GROUNDED_MODEL_INPUT
51,GATED_MLA,output_state_commit,1,4,0.1817,47,FRESH_PHYSICAL_TYPE_CONDITIONED,layer-51:FULL_MIXED_STRIPE:p8,PHYSICALLY_GROUNDED_MODEL_INPUT
51,GATED_MLA,post_attention_preprocess,1,4,0.9854,47,FRESH_PHYSICAL_TYPE_CONDITIONED,layer-51:FULL_MIXED_STRIPE:p8,PHYSICALLY_GROUNDED_MODEL_INPUT
51,GATED_MLA,routed_norm,1,4,0.14075,47,FRESH_PHYSICAL_TYPE_CONDITIONED,layer-51:FULL_MIXED_STRIPE:p8,PHYSICALLY_GROUNDED_MODEL_INPUT
51,GATED_MLA,routed_shared_reduction,2,4,1.2015,47,FRESH_PHYSICAL_TYPE_CONDITIONED,layer-51:FULL_MIXED_STRIPE:p8,PHYSICALLY_GROUNDED_MODEL_INPUT
51,GATED_MLA,router,1,4,0.63985,47,FRESH_PHYSICAL_TYPE_CONDITIONED,layer-51:FULL_MIXED_STRIPE:p8,PHYSICALLY_GROUNDED_MODEL_INPUT
51,GATED_MLA,shared_expert,8,4,0.2192,47,FRESH_PHYSICAL_TYPE_CONDITIONED,layer-51:FULL_MIXED_STRIPE:p8,PHYSICALLY_GROUNDED_MODEL_INPUT
51,GATED_MLA,shared_reduction,8,4,1.5376,47,FRESH_PHYSICAL_TYPE_CONDITIONED,layer-51:FULL_MIXED_STRIPE:p8,PHYSICALLY_GROUNDED_MODEL_INPUT
51,GATED_MLA,worker_protocol,1,4,0.6952,47,FROZEN_PHYSICAL_AUTHENTICATED_FRAME,layer-51:FULL_MIXED_STRIPE:p8,PHYSICAL_INHERITED_E022
51,GATED_MLA,whole_layer,1,4,7.946199999999999,47,PHYSICAL_TYPE_CONDITIONED,layer-51:WHOLE_LAYER:p1,PHYSICALLY_GROUNDED_MODEL_INPUT
52,KDA,attention_common,1,1,0.050699999999999995,45,FRESH_PHYSICAL_TYPE_CONDITIONED,layer-52:FULL_MIXED_STRIPE:p8,PHYSICALLY_GROUNDED_MODEL_INPUT
52,KDA,attention_preprocess,1,1,0.3388,45,FRESH_PHYSICAL_TYPE_CONDITIONED,layer-52:FULL_MIXED_STRIPE:p8,PHYSICALLY_GROUNDED_MODEL_INPUT
52,KDA,attention_reduction,8,1,1.5225,45,FRESH_PHYSICAL_TYPE_CONDITIONED,layer-52:FULL_MIXED_STRIPE:p8,PHYSICALLY_GROUNDED_MODEL_INPUT
52,KDA,attention_shard,8,1,0.3079,45,FRESH_PHYSICAL_TYPE_CONDITIONED,layer-52:FULL_MIXED_STRIPE:p8,PHYSICALLY_GROUNDED_MODEL_INPUT
52,KDA,expert_reduction,8,1,1.183,45,FRESH_PHYSICAL_TYPE_CONDITIONED,layer-52:FULL_MIXED_STRIPE:p8,PHYSICALLY_GROUNDED_MODEL_INPUT
52,KDA,expert_stripe,8,1,0.23620000000000002,45,FRESH_PHYSICAL_TYPE_CONDITIONED,layer-52:FULL_MIXED_STRIPE:p8,PHYSICALLY_GROUNDED_MODEL_INPUT
52,KDA,latent_down,8,1,0.0447,45,FRESH_PHYSICAL_TYPE_CONDITIONED,layer-52:FULL_MIXED_STRIPE:p8,PHYSICALLY_GROUNDED_MODEL_INPUT
52,KDA,latent_up,8,1,0.0463,45,FRESH_PHYSICAL_TYPE_CONDITIONED,layer-52:FULL_MIXED_STRIPE:p8,PHYSICALLY_GROUNDED_MODEL_INPUT
52,KDA,latent_up_reduction,8,1,1.46,45,FRESH_PHYSICAL_TYPE_CONDITIONED,layer-52:FULL_MIXED_STRIPE:p8,PHYSICALLY_GROUNDED_MODEL_INPUT
52,KDA,output_state_commit,1,1,0.15115,45,FRESH_PHYSICAL_TYPE_CONDITIONED,layer-52:FULL_MIXED_STRIPE:p8,PHYSICALLY_GROUNDED_MODEL_INPUT
52,KDA,post_attention_preprocess,1,1,0.3276,45,FRESH_PHYSICAL_TYPE_CONDITIONED,layer-52:FULL_MIXED_STRIPE:p8,PHYSICALLY_GROUNDED_MODEL_INPUT
52,KDA,routed_norm,1,1,0.13645000000000002,45,FRESH_PHYSICAL_TYPE_CONDITIONED,layer-52:FULL_MIXED_STRIPE:p8,PHYSICALLY_GROUNDED_MODEL_INPUT
52,KDA,routed_shared_reduction,2,1,1.1742,45,FRESH_PHYSICAL_TYPE_CONDITIONED,layer-52:FULL_MIXED_STRIPE:p8,PHYSICALLY_GROUNDED_MODEL_INPUT
52,KDA,router,1,1,0.6472,45,FRESH_PHYSICAL_TYPE_CONDITIONED,layer-52:FULL_MIXED_STRIPE:p8,PHYSICALLY_GROUNDED_MODEL_INPUT
52,KDA,shared_expert,8,1,0.1073,45,FRESH_PHYSICAL_TYPE_CONDITIONED,layer-52:FULL_MIXED_STRIPE:p8,PHYSICALLY_GROUNDED_MODEL_INPUT
52,KDA,shared_reduction,8,1,1.46,45,FRESH_PHYSICAL_TYPE_CONDITIONED,layer-52:FULL_MIXED_STRIPE:p8,PHYSICALLY_GROUNDED_MODEL_INPUT
52,KDA,worker_protocol,1,1,0.3813,45,FROZEN_PHYSICAL_AUTHENTICATED_FRAME,layer-52:FULL_MIXED_STRIPE:p8,PHYSICAL_INHERITED_E022
52,KDA,whole_layer,1,1,4.212,45,PHYSICAL_TYPE_CONDITIONED,layer-52:WHOLE_LAYER:p1,PHYSICALLY_GROUNDED_MODEL_INPUT
52,KDA,attention_common,1,2,0.05115,45,FRESH_PHYSICAL_TYPE_CONDITIONED,layer-52:FULL_MIXED_STRIPE:p8,PHYSICALLY_GROUNDED_MODEL_INPUT
52,KDA,attention_preprocess,1,2,0.5454,45,FRESH_PHYSICAL_TYPE_CONDITIONED,layer-52:FULL_MIXED_STRIPE:p8,PHYSICALLY_GROUNDED_MODEL_INPUT
52,KDA,attention_reduction,8,2,1.52125,45,FRESH_PHYSICAL_TYPE_CONDITIONED,layer-52:FULL_MIXED_STRIPE:p8,PHYSICALLY_GROUNDED_MODEL_INPUT
52,KDA,attention_shard,8,2,0.40215,45,FRESH_PHYSICAL_TYPE_CONDITIONED,layer-52:FULL_MIXED_STRIPE:p8,PHYSICALLY_GROUNDED_MODEL_INPUT
52,KDA,expert_reduction,8,2,1.0752,45,FRESH_PHYSICAL_TYPE_CONDITIONED,layer-52:FULL_MIXED_STRIPE:p8,PHYSICALLY_GROUNDED_MODEL_INPUT
52,KDA,expert_stripe,8,2,0.39315,45,FRESH_PHYSICAL_TYPE_CONDITIONED,layer-52:FULL_MIXED_STRIPE:p8,PHYSICALLY_GROUNDED_MODEL_INPUT
52,KDA,latent_down,8,2,0.05,45,FRESH_PHYSICAL_TYPE_CONDITIONED,layer-52:FULL_MIXED_STRIPE:p8,PHYSICALLY_GROUNDED_MODEL_INPUT
52,KDA,latent_up,8,2,0.0584,45,FRESH_PHYSICAL_TYPE_CONDITIONED,layer-52:FULL_MIXED_STRIPE:p8,PHYSICALLY_GROUNDED_MODEL_INPUT
52,KDA,latent_up_reduction,8,2,1.46,45,FRESH_PHYSICAL_TYPE_CONDITIONED,layer-52:FULL_MIXED_STRIPE:p8,PHYSICALLY_GROUNDED_MODEL_INPUT
52,KDA,output_state_commit,1,2,0.15510000000000002,45,FRESH_PHYSICAL_TYPE_CONDITIONED,layer-52:FULL_MIXED_STRIPE:p8,PHYSICALLY_GROUNDED_MODEL_INPUT
52,KDA,post_attention_preprocess,1,2,0.54325,45,FRESH_PHYSICAL_TYPE_CONDITIONED,layer-52:FULL_MIXED_STRIPE:p8,PHYSICALLY_GROUNDED_MODEL_INPUT
52,KDA,routed_norm,1,2,0.1233,45,FRESH_PHYSICAL_TYPE_CONDITIONED,layer-52:FULL_MIXED_STRIPE:p8,PHYSICALLY_GROUNDED_MODEL_INPUT
52,KDA,routed_shared_reduction,2,2,1.2424,45,FRESH_PHYSICAL_TYPE_CONDITIONED,layer-52:FULL_MIXED_STRIPE:p8,PHYSICALLY_GROUNDED_MODEL_INPUT
52,KDA,router,1,2,0.6437,45,FRESH_PHYSICAL_TYPE_CONDITIONED,layer-52:FULL_MIXED_STRIPE:p8,PHYSICALLY_GROUNDED_MODEL_INPUT
52,KDA,shared_expert,8,2,0.12365000000000001,45,FRESH_PHYSICAL_TYPE_CONDITIONED,layer-52:FULL_MIXED_STRIPE:p8,PHYSICALLY_GROUNDED_MODEL_INPUT
52,KDA,shared_reduction,8,2,1.46,45,FRESH_PHYSICAL_TYPE_CONDITIONED,layer-52:FULL_MIXED_STRIPE:p8,PHYSICALLY_GROUNDED_MODEL_INPUT
52,KDA,worker_protocol,1,2,0.4718,45,FROZEN_PHYSICAL_AUTHENTICATED_FRAME,layer-52:FULL_MIXED_STRIPE:p8,PHYSICAL_INHERITED_E022
52,KDA,whole_layer,1,2,5.8731,45,PHYSICAL_TYPE_CONDITIONED,layer-52:WHOLE_LAYER:p1,PHYSICALLY_GROUNDED_MODEL_INPUT
52,KDA,attention_common,1,4,0.0511,45,FRESH_PHYSICAL_TYPE_CONDITIONED,layer-52:FULL_MIXED_STRIPE:p8,PHYSICALLY_GROUNDED_MODEL_INPUT
52,KDA,attention_preprocess,1,4,0.9714,45,FRESH_PHYSICAL_TYPE_CONDITIONED,layer-52:FULL_MIXED_STRIPE:p8,PHYSICALLY_GROUNDED_MODEL_INPUT
52,KDA,attention_reduction,8,4,1.6047500000000001,45,FRESH_PHYSICAL_TYPE_CONDITIONED,layer-52:FULL_MIXED_STRIPE:p8,PHYSICALLY_GROUNDED_MODEL_INPUT
52,KDA,attention_shard,8,4,0.6811,45,FRESH_PHYSICAL_TYPE_CONDITIONED,layer-52:FULL_MIXED_STRIPE:p8,PHYSICALLY_GROUNDED_MODEL_INPUT
52,KDA,expert_reduction,8,4,1.466,45,FRESH_PHYSICAL_TYPE_CONDITIONED,layer-52:FULL_MIXED_STRIPE:p8,PHYSICALLY_GROUNDED_MODEL_INPUT
52,KDA,expert_stripe,8,4,0.6790499999999999,45,FRESH_PHYSICAL_TYPE_CONDITIONED,layer-52:FULL_MIXED_STRIPE:p8,PHYSICALLY_GROUNDED_MODEL_INPUT
52,KDA,latent_down,8,4,0.0902,45,FRESH_PHYSICAL_TYPE_CONDITIONED,layer-52:FULL_MIXED_STRIPE:p8,PHYSICALLY_GROUNDED_MODEL_INPUT
52,KDA,latent_up,8,4,0.0815,45,FRESH_PHYSICAL_TYPE_CONDITIONED,layer-52:FULL_MIXED_STRIPE:p8,PHYSICALLY_GROUNDED_MODEL_INPUT
52,KDA,latent_up_reduction,8,4,1.5376,45,FRESH_PHYSICAL_TYPE_CONDITIONED,layer-52:FULL_MIXED_STRIPE:p8,PHYSICALLY_GROUNDED_MODEL_INPUT
52,KDA,output_state_commit,1,4,0.18295,45,FRESH_PHYSICAL_TYPE_CONDITIONED,layer-52:FULL_MIXED_STRIPE:p8,PHYSICALLY_GROUNDED_MODEL_INPUT
52,KDA,post_attention_preprocess,1,4,0.9783,45,FRESH_PHYSICAL_TYPE_CONDITIONED,layer-52:FULL_MIXED_STRIPE:p8,PHYSICALLY_GROUNDED_MODEL_INPUT
52,KDA,routed_norm,1,4,0.1302,45,FRESH_PHYSICAL_TYPE_CONDITIONED,layer-52:FULL_MIXED_STRIPE:p8,PHYSICALLY_GROUNDED_MODEL_INPUT
52,KDA,routed_shared_reduction,2,4,1.2015,45,FRESH_PHYSICAL_TYPE_CONDITIONED,layer-52:FULL_MIXED_STRIPE:p8,PHYSICALLY_GROUNDED_MODEL_INPUT
52,KDA,router,1,4,0.64645,45,FRESH_PHYSICAL_TYPE_CONDITIONED,layer-52:FULL_MIXED_STRIPE:p8,PHYSICALLY_GROUNDED_MODEL_INPUT
52,KDA,shared_expert,8,4,0.2192,45,FRESH_PHYSICAL_TYPE_CONDITIONED,layer-52:FULL_MIXED_STRIPE:p8,PHYSICALLY_GROUNDED_MODEL_INPUT
52,KDA,shared_reduction,8,4,1.5376,45,FRESH_PHYSICAL_TYPE_CONDITIONED,layer-52:FULL_MIXED_STRIPE:p8,PHYSICALLY_GROUNDED_MODEL_INPUT
52,KDA,worker_protocol,1,4,0.6952,45,FROZEN_PHYSICAL_AUTHENTICATED_FRAME,layer-52:FULL_MIXED_STRIPE:p8,PHYSICAL_INHERITED_E022
52,KDA,whole_layer,1,4,8.604849999999999,45,PHYSICAL_TYPE_CONDITIONED,layer-52:WHOLE_LAYER:p1,PHYSICALLY_GROUNDED_MODEL_INPUT
53,KDA,attention_common,1,1,0.050699999999999995,45,FRESH_PHYSICAL_TYPE_CONDITIONED,layer-53:FULL_MIXED_STRIPE:p8,PHYSICALLY_GROUNDED_MODEL_INPUT
53,KDA,attention_preprocess,1,1,0.3388,45,FRESH_PHYSICAL_TYPE_CONDITIONED,layer-53:FULL_MIXED_STRIPE:p8,PHYSICALLY_GROUNDED_MODEL_INPUT
53,KDA,attention_reduction,8,1,1.5225,45,FRESH_PHYSICAL_TYPE_CONDITIONED,layer-53:FULL_MIXED_STRIPE:p8,PHYSICALLY_GROUNDED_MODEL_INPUT
53,KDA,attention_shard,8,1,0.3079,45,FRESH_PHYSICAL_TYPE_CONDITIONED,layer-53:FULL_MIXED_STRIPE:p8,PHYSICALLY_GROUNDED_MODEL_INPUT
53,KDA,expert_reduction,8,1,1.183,45,FRESH_PHYSICAL_TYPE_CONDITIONED,layer-53:FULL_MIXED_STRIPE:p8,PHYSICALLY_GROUNDED_MODEL_INPUT
53,KDA,expert_stripe,8,1,0.23620000000000002,45,FRESH_PHYSICAL_TYPE_CONDITIONED,layer-53:FULL_MIXED_STRIPE:p8,PHYSICALLY_GROUNDED_MODEL_INPUT
53,KDA,latent_down,8,1,0.0447,45,FRESH_PHYSICAL_TYPE_CONDITIONED,layer-53:FULL_MIXED_STRIPE:p8,PHYSICALLY_GROUNDED_MODEL_INPUT
53,KDA,latent_up,8,1,0.0463,45,FRESH_PHYSICAL_TYPE_CONDITIONED,layer-53:FULL_MIXED_STRIPE:p8,PHYSICALLY_GROUNDED_MODEL_INPUT
53,KDA,latent_up_reduction,8,1,1.46,45,FRESH_PHYSICAL_TYPE_CONDITIONED,layer-53:FULL_MIXED_STRIPE:p8,PHYSICALLY_GROUNDED_MODEL_INPUT
53,KDA,output_state_commit,1,1,0.15115,45,FRESH_PHYSICAL_TYPE_CONDITIONED,layer-53:FULL_MIXED_STRIPE:p8,PHYSICALLY_GROUNDED_MODEL_INPUT
53,KDA,post_attention_preprocess,1,1,0.3276,45,FRESH_PHYSICAL_TYPE_CONDITIONED,layer-53:FULL_MIXED_STRIPE:p8,PHYSICALLY_GROUNDED_MODEL_INPUT
53,KDA,routed_norm,1,1,0.13645000000000002,45,FRESH_PHYSICAL_TYPE_CONDITIONED,layer-53:FULL_MIXED_STRIPE:p8,PHYSICALLY_GROUNDED_MODEL_INPUT
53,KDA,routed_shared_reduction,2,1,1.1742,45,FRESH_PHYSICAL_TYPE_CONDITIONED,layer-53:FULL_MIXED_STRIPE:p8,PHYSICALLY_GROUNDED_MODEL_INPUT
53,KDA,router,1,1,0.6472,45,FRESH_PHYSICAL_TYPE_CONDITIONED,layer-53:FULL_MIXED_STRIPE:p8,PHYSICALLY_GROUNDED_MODEL_INPUT
53,KDA,shared_expert,8,1,0.1073,45,FRESH_PHYSICAL_TYPE_CONDITIONED,layer-53:FULL_MIXED_STRIPE:p8,PHYSICALLY_GROUNDED_MODEL_INPUT
53,KDA,shared_reduction,8,1,1.46,45,FRESH_PHYSICAL_TYPE_CONDITIONED,layer-53:FULL_MIXED_STRIPE:p8,PHYSICALLY_GROUNDED_MODEL_INPUT
53,KDA,worker_protocol,1,1,0.3813,45,FROZEN_PHYSICAL_AUTHENTICATED_FRAME,layer-53:FULL_MIXED_STRIPE:p8,PHYSICAL_INHERITED_E022
53,KDA,whole_layer,1,1,4.212,45,PHYSICAL_TYPE_CONDITIONED,layer-53:WHOLE_LAYER:p1,PHYSICALLY_GROUNDED_MODEL_INPUT
53,KDA,attention_common,1,2,0.05115,45,FRESH_PHYSICAL_TYPE_CONDITIONED,layer-53:FULL_MIXED_STRIPE:p8,PHYSICALLY_GROUNDED_MODEL_INPUT
53,KDA,attention_preprocess,1,2,0.5454,45,FRESH_PHYSICAL_TYPE_CONDITIONED,layer-53:FULL_MIXED_STRIPE:p8,PHYSICALLY_GROUNDED_MODEL_INPUT
53,KDA,attention_reduction,8,2,1.52125,45,FRESH_PHYSICAL_TYPE_CONDITIONED,layer-53:FULL_MIXED_STRIPE:p8,PHYSICALLY_GROUNDED_MODEL_INPUT
53,KDA,attention_shard,8,2,0.40215,45,FRESH_PHYSICAL_TYPE_CONDITIONED,layer-53:FULL_MIXED_STRIPE:p8,PHYSICALLY_GROUNDED_MODEL_INPUT
53,KDA,expert_reduction,8,2,1.0752,45,FRESH_PHYSICAL_TYPE_CONDITIONED,layer-53:FULL_MIXED_STRIPE:p8,PHYSICALLY_GROUNDED_MODEL_INPUT
53,KDA,expert_stripe,8,2,0.39315,45,FRESH_PHYSICAL_TYPE_CONDITIONED,layer-53:FULL_MIXED_STRIPE:p8,PHYSICALLY_GROUNDED_MODEL_INPUT
53,KDA,latent_down,8,2,0.05,45,FRESH_PHYSICAL_TYPE_CONDITIONED,layer-53:FULL_MIXED_STRIPE:p8,PHYSICALLY_GROUNDED_MODEL_INPUT
53,KDA,latent_up,8,2,0.0584,45,FRESH_PHYSICAL_TYPE_CONDITIONED,layer-53:FULL_MIXED_STRIPE:p8,PHYSICALLY_GROUNDED_MODEL_INPUT
53,KDA,latent_up_reduction,8,2,1.46,45,FRESH_PHYSICAL_TYPE_CONDITIONED,layer-53:FULL_MIXED_STRIPE:p8,PHYSICALLY_GROUNDED_MODEL_INPUT
53,KDA,output_state_commit,1,2,0.15510000000000002,45,FRESH_PHYSICAL_TYPE_CONDITIONED,layer-53:FULL_MIXED_STRIPE:p8,PHYSICALLY_GROUNDED_MODEL_INPUT
53,KDA,post_attention_preprocess,1,2,0.54325,45,FRESH_PHYSICAL_TYPE_CONDITIONED,layer-53:FULL_MIXED_STRIPE:p8,PHYSICALLY_GROUNDED_MODEL_INPUT
53,KDA,routed_norm,1,2,0.1233,45,FRESH_PHYSICAL_TYPE_CONDITIONED,layer-53:FULL_MIXED_STRIPE:p8,PHYSICALLY_GROUNDED_MODEL_INPUT
53,KDA,routed_shared_reduction,2,2,1.2424,45,FRESH_PHYSICAL_TYPE_CONDITIONED,layer-53:FULL_MIXED_STRIPE:p8,PHYSICALLY_GROUNDED_MODEL_INPUT
53,KDA,router,1,2,0.6437,45,FRESH_PHYSICAL_TYPE_CONDITIONED,layer-53:FULL_MIXED_STRIPE:p8,PHYSICALLY_GROUNDED_MODEL_INPUT
53,KDA,shared_expert,8,2,0.12365000000000001,45,FRESH_PHYSICAL_TYPE_CONDITIONED,layer-53:FULL_MIXED_STRIPE:p8,PHYSICALLY_GROUNDED_MODEL_INPUT
53,KDA,shared_reduction,8,2,1.46,45,FRESH_PHYSICAL_TYPE_CONDITIONED,layer-53:FULL_MIXED_STRIPE:p8,PHYSICALLY_GROUNDED_MODEL_INPUT
53,KDA,worker_protocol,1,2,0.4718,45,FROZEN_PHYSICAL_AUTHENTICATED_FRAME,layer-53:FULL_MIXED_STRIPE:p8,PHYSICAL_INHERITED_E022
53,KDA,whole_layer,1,2,5.8731,45,PHYSICAL_TYPE_CONDITIONED,layer-53:WHOLE_LAYER:p1,PHYSICALLY_GROUNDED_MODEL_INPUT
53,KDA,attention_common,1,4,0.0511,45,FRESH_PHYSICAL_TYPE_CONDITIONED,layer-53:FULL_MIXED_STRIPE:p8,PHYSICALLY_GROUNDED_MODEL_INPUT
53,KDA,attention_preprocess,1,4,0.9714,45,FRESH_PHYSICAL_TYPE_CONDITIONED,layer-53:FULL_MIXED_STRIPE:p8,PHYSICALLY_GROUNDED_MODEL_INPUT
53,KDA,attention_reduction,8,4,1.6047500000000001,45,FRESH_PHYSICAL_TYPE_CONDITIONED,layer-53:FULL_MIXED_STRIPE:p8,PHYSICALLY_GROUNDED_MODEL_INPUT
53,KDA,attention_shard,8,4,0.6811,45,FRESH_PHYSICAL_TYPE_CONDITIONED,layer-53:FULL_MIXED_STRIPE:p8,PHYSICALLY_GROUNDED_MODEL_INPUT
53,KDA,expert_reduction,8,4,1.466,45,FRESH_PHYSICAL_TYPE_CONDITIONED,layer-53:FULL_MIXED_STRIPE:p8,PHYSICALLY_GROUNDED_MODEL_INPUT
53,KDA,expert_stripe,8,4,0.6790499999999999,45,FRESH_PHYSICAL_TYPE_CONDITIONED,layer-53:FULL_MIXED_STRIPE:p8,PHYSICALLY_GROUNDED_MODEL_INPUT
53,KDA,latent_down,8,4,0.0902,45,FRESH_PHYSICAL_TYPE_CONDITIONED,layer-53:FULL_MIXED_STRIPE:p8,PHYSICALLY_GROUNDED_MODEL_INPUT
53,KDA,latent_up,8,4,0.0815,45,FRESH_PHYSICAL_TYPE_CONDITIONED,layer-53:FULL_MIXED_STRIPE:p8,PHYSICALLY_GROUNDED_MODEL_INPUT
53,KDA,latent_up_reduction,8,4,1.5376,45,FRESH_PHYSICAL_TYPE_CONDITIONED,layer-53:FULL_MIXED_STRIPE:p8,PHYSICALLY_GROUNDED_MODEL_INPUT
53,KDA,output_state_commit,1,4,0.18295,45,FRESH_PHYSICAL_TYPE_CONDITIONED,layer-53:FULL_MIXED_STRIPE:p8,PHYSICALLY_GROUNDED_MODEL_INPUT
53,KDA,post_attention_preprocess,1,4,0.9783,45,FRESH_PHYSICAL_TYPE_CONDITIONED,layer-53:FULL_MIXED_STRIPE:p8,PHYSICALLY_GROUNDED_MODEL_INPUT
53,KDA,routed_norm,1,4,0.1302,45,FRESH_PHYSICAL_TYPE_CONDITIONED,layer-53:FULL_MIXED_STRIPE:p8,PHYSICALLY_GROUNDED_MODEL_INPUT
53,KDA,routed_shared_reduction,2,4,1.2015,45,FRESH_PHYSICAL_TYPE_CONDITIONED,layer-53:FULL_MIXED_STRIPE:p8,PHYSICALLY_GROUNDED_MODEL_INPUT
53,KDA,router,1,4,0.64645,45,FRESH_PHYSICAL_TYPE_CONDITIONED,layer-53:FULL_MIXED_STRIPE:p8,PHYSICALLY_GROUNDED_MODEL_INPUT
53,KDA,shared_expert,8,4,0.2192,45,FRESH_PHYSICAL_TYPE_CONDITIONED,layer-53:FULL_MIXED_STRIPE:p8,PHYSICALLY_GROUNDED_MODEL_INPUT
53,KDA,shared_reduction,8,4,1.5376,45,FRESH_PHYSICAL_TYPE_CONDITIONED,layer-53:FULL_MIXED_STRIPE:p8,PHYSICALLY_GROUNDED_MODEL_INPUT
53,KDA,worker_protocol,1,4,0.6952,45,FROZEN_PHYSICAL_AUTHENTICATED_FRAME,layer-53:FULL_MIXED_STRIPE:p8,PHYSICAL_INHERITED_E022
53,KDA,whole_layer,1,4,8.604849999999999,45,PHYSICAL_TYPE_CONDITIONED,layer-53:WHOLE_LAYER:p1,PHYSICALLY_GROUNDED_MODEL_INPUT
54,KDA,attention_common,1,1,0.050699999999999995,45,FRESH_PHYSICAL_TYPE_CONDITIONED,layer-54:FULL_MIXED_STRIPE:p8,PHYSICALLY_GROUNDED_MODEL_INPUT
54,KDA,attention_preprocess,1,1,0.3388,45,FRESH_PHYSICAL_TYPE_CONDITIONED,layer-54:FULL_MIXED_STRIPE:p8,PHYSICALLY_GROUNDED_MODEL_INPUT
54,KDA,attention_reduction,8,1,1.5225,45,FRESH_PHYSICAL_TYPE_CONDITIONED,layer-54:FULL_MIXED_STRIPE:p8,PHYSICALLY_GROUNDED_MODEL_INPUT
54,KDA,attention_shard,8,1,0.3079,45,FRESH_PHYSICAL_TYPE_CONDITIONED,layer-54:FULL_MIXED_STRIPE:p8,PHYSICALLY_GROUNDED_MODEL_INPUT
54,KDA,expert_reduction,8,1,1.183,45,FRESH_PHYSICAL_TYPE_CONDITIONED,layer-54:FULL_MIXED_STRIPE:p8,PHYSICALLY_GROUNDED_MODEL_INPUT
54,KDA,expert_stripe,8,1,0.23620000000000002,45,FRESH_PHYSICAL_TYPE_CONDITIONED,layer-54:FULL_MIXED_STRIPE:p8,PHYSICALLY_GROUNDED_MODEL_INPUT
54,KDA,latent_down,8,1,0.0447,45,FRESH_PHYSICAL_TYPE_CONDITIONED,layer-54:FULL_MIXED_STRIPE:p8,PHYSICALLY_GROUNDED_MODEL_INPUT
54,KDA,latent_up,8,1,0.0463,45,FRESH_PHYSICAL_TYPE_CONDITIONED,layer-54:FULL_MIXED_STRIPE:p8,PHYSICALLY_GROUNDED_MODEL_INPUT
54,KDA,latent_up_reduction,8,1,1.46,45,FRESH_PHYSICAL_TYPE_CONDITIONED,layer-54:FULL_MIXED_STRIPE:p8,PHYSICALLY_GROUNDED_MODEL_INPUT
54,KDA,output_state_commit,1,1,0.15115,45,FRESH_PHYSICAL_TYPE_CONDITIONED,layer-54:FULL_MIXED_STRIPE:p8,PHYSICALLY_GROUNDED_MODEL_INPUT
54,KDA,post_attention_preprocess,1,1,0.3276,45,FRESH_PHYSICAL_TYPE_CONDITIONED,layer-54:FULL_MIXED_STRIPE:p8,PHYSICALLY_GROUNDED_MODEL_INPUT
54,KDA,routed_norm,1,1,0.13645000000000002,45,FRESH_PHYSICAL_TYPE_CONDITIONED,layer-54:FULL_MIXED_STRIPE:p8,PHYSICALLY_GROUNDED_MODEL_INPUT
54,KDA,routed_shared_reduction,2,1,1.1742,45,FRESH_PHYSICAL_TYPE_CONDITIONED,layer-54:FULL_MIXED_STRIPE:p8,PHYSICALLY_GROUNDED_MODEL_INPUT
54,KDA,router,1,1,0.6472,45,FRESH_PHYSICAL_TYPE_CONDITIONED,layer-54:FULL_MIXED_STRIPE:p8,PHYSICALLY_GROUNDED_MODEL_INPUT
54,KDA,shared_expert,8,1,0.1073,45,FRESH_PHYSICAL_TYPE_CONDITIONED,layer-54:FULL_MIXED_STRIPE:p8,PHYSICALLY_GROUNDED_MODEL_INPUT
54,KDA,shared_reduction,8,1,1.46,45,FRESH_PHYSICAL_TYPE_CONDITIONED,layer-54:FULL_MIXED_STRIPE:p8,PHYSICALLY_GROUNDED_MODEL_INPUT
54,KDA,worker_protocol,1,1,0.3813,45,FROZEN_PHYSICAL_AUTHENTICATED_FRAME,layer-54:FULL_MIXED_STRIPE:p8,PHYSICAL_INHERITED_E022
54,KDA,whole_layer,1,1,4.212,45,PHYSICAL_TYPE_CONDITIONED,layer-54:WHOLE_LAYER:p1,PHYSICALLY_GROUNDED_MODEL_INPUT
54,KDA,attention_common,1,2,0.05115,45,FRESH_PHYSICAL_TYPE_CONDITIONED,layer-54:FULL_MIXED_STRIPE:p8,PHYSICALLY_GROUNDED_MODEL_INPUT
54,KDA,attention_preprocess,1,2,0.5454,45,FRESH_PHYSICAL_TYPE_CONDITIONED,layer-54:FULL_MIXED_STRIPE:p8,PHYSICALLY_GROUNDED_MODEL_INPUT
54,KDA,attention_reduction,8,2,1.52125,45,FRESH_PHYSICAL_TYPE_CONDITIONED,layer-54:FULL_MIXED_STRIPE:p8,PHYSICALLY_GROUNDED_MODEL_INPUT
54,KDA,attention_shard,8,2,0.40215,45,FRESH_PHYSICAL_TYPE_CONDITIONED,layer-54:FULL_MIXED_STRIPE:p8,PHYSICALLY_GROUNDED_MODEL_INPUT
54,KDA,expert_reduction,8,2,1.0752,45,FRESH_PHYSICAL_TYPE_CONDITIONED,layer-54:FULL_MIXED_STRIPE:p8,PHYSICALLY_GROUNDED_MODEL_INPUT
54,KDA,expert_stripe,8,2,0.39315,45,FRESH_PHYSICAL_TYPE_CONDITIONED,layer-54:FULL_MIXED_STRIPE:p8,PHYSICALLY_GROUNDED_MODEL_INPUT
54,KDA,latent_down,8,2,0.05,45,FRESH_PHYSICAL_TYPE_CONDITIONED,layer-54:FULL_MIXED_STRIPE:p8,PHYSICALLY_GROUNDED_MODEL_INPUT
54,KDA,latent_up,8,2,0.0584,45,FRESH_PHYSICAL_TYPE_CONDITIONED,layer-54:FULL_MIXED_STRIPE:p8,PHYSICALLY_GROUNDED_MODEL_INPUT
54,KDA,latent_up_reduction,8,2,1.46,45,FRESH_PHYSICAL_TYPE_CONDITIONED,layer-54:FULL_MIXED_STRIPE:p8,PHYSICALLY_GROUNDED_MODEL_INPUT
54,KDA,output_state_commit,1,2,0.15510000000000002,45,FRESH_PHYSICAL_TYPE_CONDITIONED,layer-54:FULL_MIXED_STRIPE:p8,PHYSICALLY_GROUNDED_MODEL_INPUT
54,KDA,post_attention_preprocess,1,2,0.54325,45,FRESH_PHYSICAL_TYPE_CONDITIONED,layer-54:FULL_MIXED_STRIPE:p8,PHYSICALLY_GROUNDED_MODEL_INPUT
54,KDA,routed_norm,1,2,0.1233,45,FRESH_PHYSICAL_TYPE_CONDITIONED,layer-54:FULL_MIXED_STRIPE:p8,PHYSICALLY_GROUNDED_MODEL_INPUT
54,KDA,routed_shared_reduction,2,2,1.2424,45,FRESH_PHYSICAL_TYPE_CONDITIONED,layer-54:FULL_MIXED_STRIPE:p8,PHYSICALLY_GROUNDED_MODEL_INPUT
54,KDA,router,1,2,0.6437,45,FRESH_PHYSICAL_TYPE_CONDITIONED,layer-54:FULL_MIXED_STRIPE:p8,PHYSICALLY_GROUNDED_MODEL_INPUT
54,KDA,shared_expert,8,2,0.12365000000000001,45,FRESH_PHYSICAL_TYPE_CONDITIONED,layer-54:FULL_MIXED_STRIPE:p8,PHYSICALLY_GROUNDED_MODEL_INPUT
54,KDA,shared_reduction,8,2,1.46,45,FRESH_PHYSICAL_TYPE_CONDITIONED,layer-54:FULL_MIXED_STRIPE:p8,PHYSICALLY_GROUNDED_MODEL_INPUT
54,KDA,worker_protocol,1,2,0.4718,45,FROZEN_PHYSICAL_AUTHENTICATED_FRAME,layer-54:FULL_MIXED_STRIPE:p8,PHYSICAL_INHERITED_E022
54,KDA,whole_layer,1,2,5.8731,45,PHYSICAL_TYPE_CONDITIONED,layer-54:WHOLE_LAYER:p1,PHYSICALLY_GROUNDED_MODEL_INPUT
54,KDA,attention_common,1,4,0.0511,45,FRESH_PHYSICAL_TYPE_CONDITIONED,layer-54:FULL_MIXED_STRIPE:p8,PHYSICALLY_GROUNDED_MODEL_INPUT
54,KDA,attention_preprocess,1,4,0.9714,45,FRESH_PHYSICAL_TYPE_CONDITIONED,layer-54:FULL_MIXED_STRIPE:p8,PHYSICALLY_GROUNDED_MODEL_INPUT
54,KDA,attention_reduction,8,4,1.6047500000000001,45,FRESH_PHYSICAL_TYPE_CONDITIONED,layer-54:FULL_MIXED_STRIPE:p8,PHYSICALLY_GROUNDED_MODEL_INPUT
54,KDA,attention_shard,8,4,0.6811,45,FRESH_PHYSICAL_TYPE_CONDITIONED,layer-54:FULL_MIXED_STRIPE:p8,PHYSICALLY_GROUNDED_MODEL_INPUT
54,KDA,expert_reduction,8,4,1.466,45,FRESH_PHYSICAL_TYPE_CONDITIONED,layer-54:FULL_MIXED_STRIPE:p8,PHYSICALLY_GROUNDED_MODEL_INPUT
54,KDA,expert_stripe,8,4,0.6790499999999999,45,FRESH_PHYSICAL_TYPE_CONDITIONED,layer-54:FULL_MIXED_STRIPE:p8,PHYSICALLY_GROUNDED_MODEL_INPUT
54,KDA,latent_down,8,4,0.0902,45,FRESH_PHYSICAL_TYPE_CONDITIONED,layer-54:FULL_MIXED_STRIPE:p8,PHYSICALLY_GROUNDED_MODEL_INPUT
54,KDA,latent_up,8,4,0.0815,45,FRESH_PHYSICAL_TYPE_CONDITIONED,layer-54:FULL_MIXED_STRIPE:p8,PHYSICALLY_GROUNDED_MODEL_INPUT
54,KDA,latent_up_reduction,8,4,1.5376,45,FRESH_PHYSICAL_TYPE_CONDITIONED,layer-54:FULL_MIXED_STRIPE:p8,PHYSICALLY_GROUNDED_MODEL_INPUT
54,KDA,output_state_commit,1,4,0.18295,45,FRESH_PHYSICAL_TYPE_CONDITIONED,layer-54:FULL_MIXED_STRIPE:p8,PHYSICALLY_GROUNDED_MODEL_INPUT
54,KDA,post_attention_preprocess,1,4,0.9783,45,FRESH_PHYSICAL_TYPE_CONDITIONED,layer-54:FULL_MIXED_STRIPE:p8,PHYSICALLY_GROUNDED_MODEL_INPUT
54,KDA,routed_norm,1,4,0.1302,45,FRESH_PHYSICAL_TYPE_CONDITIONED,layer-54:FULL_MIXED_STRIPE:p8,PHYSICALLY_GROUNDED_MODEL_INPUT
54,KDA,routed_shared_reduction,2,4,1.2015,45,FRESH_PHYSICAL_TYPE_CONDITIONED,layer-54:FULL_MIXED_STRIPE:p8,PHYSICALLY_GROUNDED_MODEL_INPUT
54,KDA,router,1,4,0.64645,45,FRESH_PHYSICAL_TYPE_CONDITIONED,layer-54:FULL_MIXED_STRIPE:p8,PHYSICALLY_GROUNDED_MODEL_INPUT
54,KDA,shared_expert,8,4,0.2192,45,FRESH_PHYSICAL_TYPE_CONDITIONED,layer-54:FULL_MIXED_STRIPE:p8,PHYSICALLY_GROUNDED_MODEL_INPUT
54,KDA,shared_reduction,8,4,1.5376,45,FRESH_PHYSICAL_TYPE_CONDITIONED,layer-54:FULL_MIXED_STRIPE:p8,PHYSICALLY_GROUNDED_MODEL_INPUT
54,KDA,worker_protocol,1,4,0.6952,45,FROZEN_PHYSICAL_AUTHENTICATED_FRAME,layer-54:FULL_MIXED_STRIPE:p8,PHYSICAL_INHERITED_E022
54,KDA,whole_layer,1,4,8.604849999999999,45,PHYSICAL_TYPE_CONDITIONED,layer-54:WHOLE_LAYER:p1,PHYSICALLY_GROUNDED_MODEL_INPUT
55,GATED_MLA,attention_common,1,1,0.0867,47,FRESH_PHYSICAL_TYPE_CONDITIONED,layer-55:FULL_MIXED_STRIPE:p8,PHYSICALLY_GROUNDED_MODEL_INPUT
55,GATED_MLA,attention_preprocess,1,1,0.34825,47,FRESH_PHYSICAL_TYPE_CONDITIONED,layer-55:FULL_MIXED_STRIPE:p8,PHYSICALLY_GROUNDED_MODEL_INPUT
55,GATED_MLA,attention_reduction,8,1,1.5127,47,FRESH_PHYSICAL_TYPE_CONDITIONED,layer-55:FULL_MIXED_STRIPE:p8,PHYSICALLY_GROUNDED_MODEL_INPUT
55,GATED_MLA,attention_shard,8,1,0.1987,47,FRESH_PHYSICAL_TYPE_CONDITIONED,layer-55:FULL_MIXED_STRIPE:p8,PHYSICALLY_GROUNDED_MODEL_INPUT
55,GATED_MLA,expert_reduction,8,1,1.183,47,FRESH_PHYSICAL_TYPE_CONDITIONED,layer-55:FULL_MIXED_STRIPE:p8,PHYSICALLY_GROUNDED_MODEL_INPUT
55,GATED_MLA,expert_stripe,8,1,0.2368,47,FRESH_PHYSICAL_TYPE_CONDITIONED,layer-55:FULL_MIXED_STRIPE:p8,PHYSICALLY_GROUNDED_MODEL_INPUT
55,GATED_MLA,latent_down,8,1,0.0443,47,FRESH_PHYSICAL_TYPE_CONDITIONED,layer-55:FULL_MIXED_STRIPE:p8,PHYSICALLY_GROUNDED_MODEL_INPUT
55,GATED_MLA,latent_up,8,1,0.04985,47,FRESH_PHYSICAL_TYPE_CONDITIONED,layer-55:FULL_MIXED_STRIPE:p8,PHYSICALLY_GROUNDED_MODEL_INPUT
55,GATED_MLA,latent_up_reduction,8,1,1.46,47,FRESH_PHYSICAL_TYPE_CONDITIONED,layer-55:FULL_MIXED_STRIPE:p8,PHYSICALLY_GROUNDED_MODEL_INPUT
55,GATED_MLA,output_state_commit,1,1,0.1533,47,FRESH_PHYSICAL_TYPE_CONDITIONED,layer-55:FULL_MIXED_STRIPE:p8,PHYSICALLY_GROUNDED_MODEL_INPUT
55,GATED_MLA,post_attention_preprocess,1,1,0.33235000000000003,47,FRESH_PHYSICAL_TYPE_CONDITIONED,layer-55:FULL_MIXED_STRIPE:p8,PHYSICALLY_GROUNDED_MODEL_INPUT
55,GATED_MLA,routed_norm,1,1,0.12535000000000002,47,FRESH_PHYSICAL_TYPE_CONDITIONED,layer-55:FULL_MIXED_STRIPE:p8,PHYSICALLY_GROUNDED_MODEL_INPUT
55,GATED_MLA,routed_shared_reduction,2,1,1.1742,47,FRESH_PHYSICAL_TYPE_CONDITIONED,layer-55:FULL_MIXED_STRIPE:p8,PHYSICALLY_GROUNDED_MODEL_INPUT
55,GATED_MLA,router,1,1,0.6397999999999999,47,FRESH_PHYSICAL_TYPE_CONDITIONED,layer-55:FULL_MIXED_STRIPE:p8,PHYSICALLY_GROUNDED_MODEL_INPUT
55,GATED_MLA,shared_expert,8,1,0.10835,47,FRESH_PHYSICAL_TYPE_CONDITIONED,layer-55:FULL_MIXED_STRIPE:p8,PHYSICALLY_GROUNDED_MODEL_INPUT
55,GATED_MLA,shared_reduction,8,1,1.46,47,FRESH_PHYSICAL_TYPE_CONDITIONED,layer-55:FULL_MIXED_STRIPE:p8,PHYSICALLY_GROUNDED_MODEL_INPUT
55,GATED_MLA,worker_protocol,1,1,0.3813,47,FROZEN_PHYSICAL_AUTHENTICATED_FRAME,layer-55:FULL_MIXED_STRIPE:p8,PHYSICAL_INHERITED_E022
55,GATED_MLA,whole_layer,1,1,3.6313,47,PHYSICAL_TYPE_CONDITIONED,layer-55:WHOLE_LAYER:p1,PHYSICALLY_GROUNDED_MODEL_INPUT
55,GATED_MLA,attention_common,1,2,0.0963,47,FRESH_PHYSICAL_TYPE_CONDITIONED,layer-55:FULL_MIXED_STRIPE:p8,PHYSICALLY_GROUNDED_MODEL_INPUT
55,GATED_MLA,attention_preprocess,1,2,0.54495,47,FRESH_PHYSICAL_TYPE_CONDITIONED,layer-55:FULL_MIXED_STRIPE:p8,PHYSICALLY_GROUNDED_MODEL_INPUT
55,GATED_MLA,attention_reduction,8,2,1.51195,47,FRESH_PHYSICAL_TYPE_CONDITIONED,layer-55:FULL_MIXED_STRIPE:p8,PHYSICALLY_GROUNDED_MODEL_INPUT
55,GATED_MLA,attention_shard,8,2,0.28745,47,FRESH_PHYSICAL_TYPE_CONDITIONED,layer-55:FULL_MIXED_STRIPE:p8,PHYSICALLY_GROUNDED_MODEL_INPUT
55,GATED_MLA,expert_reduction,8,2,1.0752,47,FRESH_PHYSICAL_TYPE_CONDITIONED,layer-55:FULL_MIXED_STRIPE:p8,PHYSICALLY_GROUNDED_MODEL_INPUT
55,GATED_MLA,expert_stripe,8,2,0.378,47,FRESH_PHYSICAL_TYPE_CONDITIONED,layer-55:FULL_MIXED_STRIPE:p8,PHYSICALLY_GROUNDED_MODEL_INPUT
55,GATED_MLA,latent_down,8,2,0.0489,47,FRESH_PHYSICAL_TYPE_CONDITIONED,layer-55:FULL_MIXED_STRIPE:p8,PHYSICALLY_GROUNDED_MODEL_INPUT
55,GATED_MLA,latent_up,8,2,0.05835,47,FRESH_PHYSICAL_TYPE_CONDITIONED,layer-55:FULL_MIXED_STRIPE:p8,PHYSICALLY_GROUNDED_MODEL_INPUT
55,GATED_MLA,latent_up_reduction,8,2,1.46,47,FRESH_PHYSICAL_TYPE_CONDITIONED,layer-55:FULL_MIXED_STRIPE:p8,PHYSICALLY_GROUNDED_MODEL_INPUT
55,GATED_MLA,output_state_commit,1,2,0.15645,47,FRESH_PHYSICAL_TYPE_CONDITIONED,layer-55:FULL_MIXED_STRIPE:p8,PHYSICALLY_GROUNDED_MODEL_INPUT
55,GATED_MLA,post_attention_preprocess,1,2,0.541,47,FRESH_PHYSICAL_TYPE_CONDITIONED,layer-55:FULL_MIXED_STRIPE:p8,PHYSICALLY_GROUNDED_MODEL_INPUT
55,GATED_MLA,routed_norm,1,2,0.1384,47,FRESH_PHYSICAL_TYPE_CONDITIONED,layer-55:FULL_MIXED_STRIPE:p8,PHYSICALLY_GROUNDED_MODEL_INPUT
55,GATED_MLA,routed_shared_reduction,2,2,1.2424,47,FRESH_PHYSICAL_TYPE_CONDITIONED,layer-55:FULL_MIXED_STRIPE:p8,PHYSICALLY_GROUNDED_MODEL_INPUT
55,GATED_MLA,router,1,2,0.6346,47,FRESH_PHYSICAL_TYPE_CONDITIONED,layer-55:FULL_MIXED_STRIPE:p8,PHYSICALLY_GROUNDED_MODEL_INPUT
55,GATED_MLA,shared_expert,8,2,0.1232,47,FRESH_PHYSICAL_TYPE_CONDITIONED,layer-55:FULL_MIXED_STRIPE:p8,PHYSICALLY_GROUNDED_MODEL_INPUT
55,GATED_MLA,shared_reduction,8,2,1.46,47,FRESH_PHYSICAL_TYPE_CONDITIONED,layer-55:FULL_MIXED_STRIPE:p8,PHYSICALLY_GROUNDED_MODEL_INPUT
55,GATED_MLA,worker_protocol,1,2,0.4718,47,FROZEN_PHYSICAL_AUTHENTICATED_FRAME,layer-55:FULL_MIXED_STRIPE:p8,PHYSICAL_INHERITED_E022
55,GATED_MLA,whole_layer,1,2,5.43685,47,PHYSICAL_TYPE_CONDITIONED,layer-55:WHOLE_LAYER:p1,PHYSICALLY_GROUNDED_MODEL_INPUT
55,GATED_MLA,attention_common,1,4,0.17265,47,FRESH_PHYSICAL_TYPE_CONDITIONED,layer-55:FULL_MIXED_STRIPE:p8,PHYSICALLY_GROUNDED_MODEL_INPUT
55,GATED_MLA,attention_preprocess,1,4,0.98235,47,FRESH_PHYSICAL_TYPE_CONDITIONED,layer-55:FULL_MIXED_STRIPE:p8,PHYSICALLY_GROUNDED_MODEL_INPUT
55,GATED_MLA,attention_reduction,8,4,1.601,47,FRESH_PHYSICAL_TYPE_CONDITIONED,layer-55:FULL_MIXED_STRIPE:p8,PHYSICALLY_GROUNDED_MODEL_INPUT
55,GATED_MLA,attention_shard,8,4,0.4851,47,FRESH_PHYSICAL_TYPE_CONDITIONED,layer-55:FULL_MIXED_STRIPE:p8,PHYSICALLY_GROUNDED_MODEL_INPUT
55,GATED_MLA,expert_reduction,8,4,1.466,47,FRESH_PHYSICAL_TYPE_CONDITIONED,layer-55:FULL_MIXED_STRIPE:p8,PHYSICALLY_GROUNDED_MODEL_INPUT
55,GATED_MLA,expert_stripe,8,4,0.66125,47,FRESH_PHYSICAL_TYPE_CONDITIONED,layer-55:FULL_MIXED_STRIPE:p8,PHYSICALLY_GROUNDED_MODEL_INPUT
55,GATED_MLA,latent_down,8,4,0.08595,47,FRESH_PHYSICAL_TYPE_CONDITIONED,layer-55:FULL_MIXED_STRIPE:p8,PHYSICALLY_GROUNDED_MODEL_INPUT
55,GATED_MLA,latent_up,8,4,0.0813,47,FRESH_PHYSICAL_TYPE_CONDITIONED,layer-55:FULL_MIXED_STRIPE:p8,PHYSICALLY_GROUNDED_MODEL_INPUT
55,GATED_MLA,latent_up_reduction,8,4,1.5376,47,FRESH_PHYSICAL_TYPE_CONDITIONED,layer-55:FULL_MIXED_STRIPE:p8,PHYSICALLY_GROUNDED_MODEL_INPUT
55,GATED_MLA,output_state_commit,1,4,0.1817,47,FRESH_PHYSICAL_TYPE_CONDITIONED,layer-55:FULL_MIXED_STRIPE:p8,PHYSICALLY_GROUNDED_MODEL_INPUT
55,GATED_MLA,post_attention_preprocess,1,4,0.9854,47,FRESH_PHYSICAL_TYPE_CONDITIONED,layer-55:FULL_MIXED_STRIPE:p8,PHYSICALLY_GROUNDED_MODEL_INPUT
55,GATED_MLA,routed_norm,1,4,0.14075,47,FRESH_PHYSICAL_TYPE_CONDITIONED,layer-55:FULL_MIXED_STRIPE:p8,PHYSICALLY_GROUNDED_MODEL_INPUT
55,GATED_MLA,routed_shared_reduction,2,4,1.2015,47,FRESH_PHYSICAL_TYPE_CONDITIONED,layer-55:FULL_MIXED_STRIPE:p8,PHYSICALLY_GROUNDED_MODEL_INPUT
55,GATED_MLA,router,1,4,0.63985,47,FRESH_PHYSICAL_TYPE_CONDITIONED,layer-55:FULL_MIXED_STRIPE:p8,PHYSICALLY_GROUNDED_MODEL_INPUT
55,GATED_MLA,shared_expert,8,4,0.2192,47,FRESH_PHYSICAL_TYPE_CONDITIONED,layer-55:FULL_MIXED_STRIPE:p8,PHYSICALLY_GROUNDED_MODEL_INPUT
55,GATED_MLA,shared_reduction,8,4,1.5376,47,FRESH_PHYSICAL_TYPE_CONDITIONED,layer-55:FULL_MIXED_STRIPE:p8,PHYSICALLY_GROUNDED_MODEL_INPUT
55,GATED_MLA,worker_protocol,1,4,0.6952,47,FROZEN_PHYSICAL_AUTHENTICATED_FRAME,layer-55:FULL_MIXED_STRIPE:p8,PHYSICAL_INHERITED_E022
55,GATED_MLA,whole_layer,1,4,7.946199999999999,47,PHYSICAL_TYPE_CONDITIONED,layer-55:WHOLE_LAYER:p1,PHYSICALLY_GROUNDED_MODEL_INPUT
56,KDA,attention_common,1,1,0.050699999999999995,45,FRESH_PHYSICAL_TYPE_CONDITIONED,layer-56:FULL_MIXED_STRIPE:p8,PHYSICALLY_GROUNDED_MODEL_INPUT
56,KDA,attention_preprocess,1,1,0.3388,45,FRESH_PHYSICAL_TYPE_CONDITIONED,layer-56:FULL_MIXED_STRIPE:p8,PHYSICALLY_GROUNDED_MODEL_INPUT
56,KDA,attention_reduction,8,1,1.5225,45,FRESH_PHYSICAL_TYPE_CONDITIONED,layer-56:FULL_MIXED_STRIPE:p8,PHYSICALLY_GROUNDED_MODEL_INPUT
56,KDA,attention_shard,8,1,0.3079,45,FRESH_PHYSICAL_TYPE_CONDITIONED,layer-56:FULL_MIXED_STRIPE:p8,PHYSICALLY_GROUNDED_MODEL_INPUT
56,KDA,expert_reduction,8,1,1.183,45,FRESH_PHYSICAL_TYPE_CONDITIONED,layer-56:FULL_MIXED_STRIPE:p8,PHYSICALLY_GROUNDED_MODEL_INPUT
56,KDA,expert_stripe,8,1,0.23620000000000002,45,FRESH_PHYSICAL_TYPE_CONDITIONED,layer-56:FULL_MIXED_STRIPE:p8,PHYSICALLY_GROUNDED_MODEL_INPUT
56,KDA,latent_down,8,1,0.0447,45,FRESH_PHYSICAL_TYPE_CONDITIONED,layer-56:FULL_MIXED_STRIPE:p8,PHYSICALLY_GROUNDED_MODEL_INPUT
56,KDA,latent_up,8,1,0.0463,45,FRESH_PHYSICAL_TYPE_CONDITIONED,layer-56:FULL_MIXED_STRIPE:p8,PHYSICALLY_GROUNDED_MODEL_INPUT
56,KDA,latent_up_reduction,8,1,1.46,45,FRESH_PHYSICAL_TYPE_CONDITIONED,layer-56:FULL_MIXED_STRIPE:p8,PHYSICALLY_GROUNDED_MODEL_INPUT
56,KDA,output_state_commit,1,1,0.15115,45,FRESH_PHYSICAL_TYPE_CONDITIONED,layer-56:FULL_MIXED_STRIPE:p8,PHYSICALLY_GROUNDED_MODEL_INPUT
56,KDA,post_attention_preprocess,1,1,0.3276,45,FRESH_PHYSICAL_TYPE_CONDITIONED,layer-56:FULL_MIXED_STRIPE:p8,PHYSICALLY_GROUNDED_MODEL_INPUT
56,KDA,routed_norm,1,1,0.13645000000000002,45,FRESH_PHYSICAL_TYPE_CONDITIONED,layer-56:FULL_MIXED_STRIPE:p8,PHYSICALLY_GROUNDED_MODEL_INPUT
56,KDA,routed_shared_reduction,2,1,1.1742,45,FRESH_PHYSICAL_TYPE_CONDITIONED,layer-56:FULL_MIXED_STRIPE:p8,PHYSICALLY_GROUNDED_MODEL_INPUT
56,KDA,router,1,1,0.6472,45,FRESH_PHYSICAL_TYPE_CONDITIONED,layer-56:FULL_MIXED_STRIPE:p8,PHYSICALLY_GROUNDED_MODEL_INPUT
56,KDA,shared_expert,8,1,0.1073,45,FRESH_PHYSICAL_TYPE_CONDITIONED,layer-56:FULL_MIXED_STRIPE:p8,PHYSICALLY_GROUNDED_MODEL_INPUT
56,KDA,shared_reduction,8,1,1.46,45,FRESH_PHYSICAL_TYPE_CONDITIONED,layer-56:FULL_MIXED_STRIPE:p8,PHYSICALLY_GROUNDED_MODEL_INPUT
56,KDA,worker_protocol,1,1,0.3813,45,FROZEN_PHYSICAL_AUTHENTICATED_FRAME,layer-56:FULL_MIXED_STRIPE:p8,PHYSICAL_INHERITED_E022
56,KDA,whole_layer,1,1,4.212,45,PHYSICAL_TYPE_CONDITIONED,layer-56:WHOLE_LAYER:p1,PHYSICALLY_GROUNDED_MODEL_INPUT
56,KDA,attention_common,1,2,0.05115,45,FRESH_PHYSICAL_TYPE_CONDITIONED,layer-56:FULL_MIXED_STRIPE:p8,PHYSICALLY_GROUNDED_MODEL_INPUT
56,KDA,attention_preprocess,1,2,0.5454,45,FRESH_PHYSICAL_TYPE_CONDITIONED,layer-56:FULL_MIXED_STRIPE:p8,PHYSICALLY_GROUNDED_MODEL_INPUT
56,KDA,attention_reduction,8,2,1.52125,45,FRESH_PHYSICAL_TYPE_CONDITIONED,layer-56:FULL_MIXED_STRIPE:p8,PHYSICALLY_GROUNDED_MODEL_INPUT
56,KDA,attention_shard,8,2,0.40215,45,FRESH_PHYSICAL_TYPE_CONDITIONED,layer-56:FULL_MIXED_STRIPE:p8,PHYSICALLY_GROUNDED_MODEL_INPUT
56,KDA,expert_reduction,8,2,1.0752,45,FRESH_PHYSICAL_TYPE_CONDITIONED,layer-56:FULL_MIXED_STRIPE:p8,PHYSICALLY_GROUNDED_MODEL_INPUT
56,KDA,expert_stripe,8,2,0.39315,45,FRESH_PHYSICAL_TYPE_CONDITIONED,layer-56:FULL_MIXED_STRIPE:p8,PHYSICALLY_GROUNDED_MODEL_INPUT
56,KDA,latent_down,8,2,0.05,45,FRESH_PHYSICAL_TYPE_CONDITIONED,layer-56:FULL_MIXED_STRIPE:p8,PHYSICALLY_GROUNDED_MODEL_INPUT
56,KDA,latent_up,8,2,0.0584,45,FRESH_PHYSICAL_TYPE_CONDITIONED,layer-56:FULL_MIXED_STRIPE:p8,PHYSICALLY_GROUNDED_MODEL_INPUT
56,KDA,latent_up_reduction,8,2,1.46,45,FRESH_PHYSICAL_TYPE_CONDITIONED,layer-56:FULL_MIXED_STRIPE:p8,PHYSICALLY_GROUNDED_MODEL_INPUT
56,KDA,output_state_commit,1,2,0.15510000000000002,45,FRESH_PHYSICAL_TYPE_CONDITIONED,layer-56:FULL_MIXED_STRIPE:p8,PHYSICALLY_GROUNDED_MODEL_INPUT
56,KDA,post_attention_preprocess,1,2,0.54325,45,FRESH_PHYSICAL_TYPE_CONDITIONED,layer-56:FULL_MIXED_STRIPE:p8,PHYSICALLY_GROUNDED_MODEL_INPUT
56,KDA,routed_norm,1,2,0.1233,45,FRESH_PHYSICAL_TYPE_CONDITIONED,layer-56:FULL_MIXED_STRIPE:p8,PHYSICALLY_GROUNDED_MODEL_INPUT
56,KDA,routed_shared_reduction,2,2,1.2424,45,FRESH_PHYSICAL_TYPE_CONDITIONED,layer-56:FULL_MIXED_STRIPE:p8,PHYSICALLY_GROUNDED_MODEL_INPUT
56,KDA,router,1,2,0.6437,45,FRESH_PHYSICAL_TYPE_CONDITIONED,layer-56:FULL_MIXED_STRIPE:p8,PHYSICALLY_GROUNDED_MODEL_INPUT
56,KDA,shared_expert,8,2,0.12365000000000001,45,FRESH_PHYSICAL_TYPE_CONDITIONED,layer-56:FULL_MIXED_STRIPE:p8,PHYSICALLY_GROUNDED_MODEL_INPUT
56,KDA,shared_reduction,8,2,1.46,45,FRESH_PHYSICAL_TYPE_CONDITIONED,layer-56:FULL_MIXED_STRIPE:p8,PHYSICALLY_GROUNDED_MODEL_INPUT
56,KDA,worker_protocol,1,2,0.4718,45,FROZEN_PHYSICAL_AUTHENTICATED_FRAME,layer-56:FULL_MIXED_STRIPE:p8,PHYSICAL_INHERITED_E022
56,KDA,whole_layer,1,2,5.8731,45,PHYSICAL_TYPE_CONDITIONED,layer-56:WHOLE_LAYER:p1,PHYSICALLY_GROUNDED_MODEL_INPUT
56,KDA,attention_common,1,4,0.0511,45,FRESH_PHYSICAL_TYPE_CONDITIONED,layer-56:FULL_MIXED_STRIPE:p8,PHYSICALLY_GROUNDED_MODEL_INPUT
56,KDA,attention_preprocess,1,4,0.9714,45,FRESH_PHYSICAL_TYPE_CONDITIONED,layer-56:FULL_MIXED_STRIPE:p8,PHYSICALLY_GROUNDED_MODEL_INPUT
56,KDA,attention_reduction,8,4,1.6047500000000001,45,FRESH_PHYSICAL_TYPE_CONDITIONED,layer-56:FULL_MIXED_STRIPE:p8,PHYSICALLY_GROUNDED_MODEL_INPUT
56,KDA,attention_shard,8,4,0.6811,45,FRESH_PHYSICAL_TYPE_CONDITIONED,layer-56:FULL_MIXED_STRIPE:p8,PHYSICALLY_GROUNDED_MODEL_INPUT
56,KDA,expert_reduction,8,4,1.466,45,FRESH_PHYSICAL_TYPE_CONDITIONED,layer-56:FULL_MIXED_STRIPE:p8,PHYSICALLY_GROUNDED_MODEL_INPUT
56,KDA,expert_stripe,8,4,0.6790499999999999,45,FRESH_PHYSICAL_TYPE_CONDITIONED,layer-56:FULL_MIXED_STRIPE:p8,PHYSICALLY_GROUNDED_MODEL_INPUT
56,KDA,latent_down,8,4,0.0902,45,FRESH_PHYSICAL_TYPE_CONDITIONED,layer-56:FULL_MIXED_STRIPE:p8,PHYSICALLY_GROUNDED_MODEL_INPUT
56,KDA,latent_up,8,4,0.0815,45,FRESH_PHYSICAL_TYPE_CONDITIONED,layer-56:FULL_MIXED_STRIPE:p8,PHYSICALLY_GROUNDED_MODEL_INPUT
56,KDA,latent_up_reduction,8,4,1.5376,45,FRESH_PHYSICAL_TYPE_CONDITIONED,layer-56:FULL_MIXED_STRIPE:p8,PHYSICALLY_GROUNDED_MODEL_INPUT
56,KDA,output_state_commit,1,4,0.18295,45,FRESH_PHYSICAL_TYPE_CONDITIONED,layer-56:FULL_MIXED_STRIPE:p8,PHYSICALLY_GROUNDED_MODEL_INPUT
56,KDA,post_attention_preprocess,1,4,0.9783,45,FRESH_PHYSICAL_TYPE_CONDITIONED,layer-56:FULL_MIXED_STRIPE:p8,PHYSICALLY_GROUNDED_MODEL_INPUT
56,KDA,routed_norm,1,4,0.1302,45,FRESH_PHYSICAL_TYPE_CONDITIONED,layer-56:FULL_MIXED_STRIPE:p8,PHYSICALLY_GROUNDED_MODEL_INPUT
56,KDA,routed_shared_reduction,2,4,1.2015,45,FRESH_PHYSICAL_TYPE_CONDITIONED,layer-56:FULL_MIXED_STRIPE:p8,PHYSICALLY_GROUNDED_MODEL_INPUT
56,KDA,router,1,4,0.64645,45,FRESH_PHYSICAL_TYPE_CONDITIONED,layer-56:FULL_MIXED_STRIPE:p8,PHYSICALLY_GROUNDED_MODEL_INPUT
56,KDA,shared_expert,8,4,0.2192,45,FRESH_PHYSICAL_TYPE_CONDITIONED,layer-56:FULL_MIXED_STRIPE:p8,PHYSICALLY_GROUNDED_MODEL_INPUT
56,KDA,shared_reduction,8,4,1.5376,45,FRESH_PHYSICAL_TYPE_CONDITIONED,layer-56:FULL_MIXED_STRIPE:p8,PHYSICALLY_GROUNDED_MODEL_INPUT
56,KDA,worker_protocol,1,4,0.6952,45,FROZEN_PHYSICAL_AUTHENTICATED_FRAME,layer-56:FULL_MIXED_STRIPE:p8,PHYSICAL_INHERITED_E022
56,KDA,whole_layer,1,4,8.604849999999999,45,PHYSICAL_TYPE_CONDITIONED,layer-56:WHOLE_LAYER:p1,PHYSICALLY_GROUNDED_MODEL_INPUT
57,KDA,attention_common,1,1,0.050699999999999995,45,FRESH_PHYSICAL_TYPE_CONDITIONED,layer-57:FULL_MIXED_STRIPE:p8,PHYSICALLY_GROUNDED_MODEL_INPUT
57,KDA,attention_preprocess,1,1,0.3388,45,FRESH_PHYSICAL_TYPE_CONDITIONED,layer-57:FULL_MIXED_STRIPE:p8,PHYSICALLY_GROUNDED_MODEL_INPUT
57,KDA,attention_reduction,8,1,1.5225,45,FRESH_PHYSICAL_TYPE_CONDITIONED,layer-57:FULL_MIXED_STRIPE:p8,PHYSICALLY_GROUNDED_MODEL_INPUT
57,KDA,attention_shard,8,1,0.3079,45,FRESH_PHYSICAL_TYPE_CONDITIONED,layer-57:FULL_MIXED_STRIPE:p8,PHYSICALLY_GROUNDED_MODEL_INPUT
57,KDA,expert_reduction,8,1,1.183,45,FRESH_PHYSICAL_TYPE_CONDITIONED,layer-57:FULL_MIXED_STRIPE:p8,PHYSICALLY_GROUNDED_MODEL_INPUT
57,KDA,expert_stripe,8,1,0.23620000000000002,45,FRESH_PHYSICAL_TYPE_CONDITIONED,layer-57:FULL_MIXED_STRIPE:p8,PHYSICALLY_GROUNDED_MODEL_INPUT
57,KDA,latent_down,8,1,0.0447,45,FRESH_PHYSICAL_TYPE_CONDITIONED,layer-57:FULL_MIXED_STRIPE:p8,PHYSICALLY_GROUNDED_MODEL_INPUT
57,KDA,latent_up,8,1,0.0463,45,FRESH_PHYSICAL_TYPE_CONDITIONED,layer-57:FULL_MIXED_STRIPE:p8,PHYSICALLY_GROUNDED_MODEL_INPUT
57,KDA,latent_up_reduction,8,1,1.46,45,FRESH_PHYSICAL_TYPE_CONDITIONED,layer-57:FULL_MIXED_STRIPE:p8,PHYSICALLY_GROUNDED_MODEL_INPUT
57,KDA,output_state_commit,1,1,0.15115,45,FRESH_PHYSICAL_TYPE_CONDITIONED,layer-57:FULL_MIXED_STRIPE:p8,PHYSICALLY_GROUNDED_MODEL_INPUT
57,KDA,post_attention_preprocess,1,1,0.3276,45,FRESH_PHYSICAL_TYPE_CONDITIONED,layer-57:FULL_MIXED_STRIPE:p8,PHYSICALLY_GROUNDED_MODEL_INPUT
57,KDA,routed_norm,1,1,0.13645000000000002,45,FRESH_PHYSICAL_TYPE_CONDITIONED,layer-57:FULL_MIXED_STRIPE:p8,PHYSICALLY_GROUNDED_MODEL_INPUT
57,KDA,routed_shared_reduction,2,1,1.1742,45,FRESH_PHYSICAL_TYPE_CONDITIONED,layer-57:FULL_MIXED_STRIPE:p8,PHYSICALLY_GROUNDED_MODEL_INPUT
57,KDA,router,1,1,0.6472,45,FRESH_PHYSICAL_TYPE_CONDITIONED,layer-57:FULL_MIXED_STRIPE:p8,PHYSICALLY_GROUNDED_MODEL_INPUT
57,KDA,shared_expert,8,1,0.1073,45,FRESH_PHYSICAL_TYPE_CONDITIONED,layer-57:FULL_MIXED_STRIPE:p8,PHYSICALLY_GROUNDED_MODEL_INPUT
57,KDA,shared_reduction,8,1,1.46,45,FRESH_PHYSICAL_TYPE_CONDITIONED,layer-57:FULL_MIXED_STRIPE:p8,PHYSICALLY_GROUNDED_MODEL_INPUT
57,KDA,worker_protocol,1,1,0.3813,45,FROZEN_PHYSICAL_AUTHENTICATED_FRAME,layer-57:FULL_MIXED_STRIPE:p8,PHYSICAL_INHERITED_E022
57,KDA,whole_layer,1,1,4.212,45,PHYSICAL_TYPE_CONDITIONED,layer-57:WHOLE_LAYER:p1,PHYSICALLY_GROUNDED_MODEL_INPUT
57,KDA,attention_common,1,2,0.05115,45,FRESH_PHYSICAL_TYPE_CONDITIONED,layer-57:FULL_MIXED_STRIPE:p8,PHYSICALLY_GROUNDED_MODEL_INPUT
57,KDA,attention_preprocess,1,2,0.5454,45,FRESH_PHYSICAL_TYPE_CONDITIONED,layer-57:FULL_MIXED_STRIPE:p8,PHYSICALLY_GROUNDED_MODEL_INPUT
57,KDA,attention_reduction,8,2,1.52125,45,FRESH_PHYSICAL_TYPE_CONDITIONED,layer-57:FULL_MIXED_STRIPE:p8,PHYSICALLY_GROUNDED_MODEL_INPUT
57,KDA,attention_shard,8,2,0.40215,45,FRESH_PHYSICAL_TYPE_CONDITIONED,layer-57:FULL_MIXED_STRIPE:p8,PHYSICALLY_GROUNDED_MODEL_INPUT
57,KDA,expert_reduction,8,2,1.0752,45,FRESH_PHYSICAL_TYPE_CONDITIONED,layer-57:FULL_MIXED_STRIPE:p8,PHYSICALLY_GROUNDED_MODEL_INPUT
57,KDA,expert_stripe,8,2,0.39315,45,FRESH_PHYSICAL_TYPE_CONDITIONED,layer-57:FULL_MIXED_STRIPE:p8,PHYSICALLY_GROUNDED_MODEL_INPUT
57,KDA,latent_down,8,2,0.05,45,FRESH_PHYSICAL_TYPE_CONDITIONED,layer-57:FULL_MIXED_STRIPE:p8,PHYSICALLY_GROUNDED_MODEL_INPUT
57,KDA,latent_up,8,2,0.0584,45,FRESH_PHYSICAL_TYPE_CONDITIONED,layer-57:FULL_MIXED_STRIPE:p8,PHYSICALLY_GROUNDED_MODEL_INPUT
57,KDA,latent_up_reduction,8,2,1.46,45,FRESH_PHYSICAL_TYPE_CONDITIONED,layer-57:FULL_MIXED_STRIPE:p8,PHYSICALLY_GROUNDED_MODEL_INPUT
57,KDA,output_state_commit,1,2,0.15510000000000002,45,FRESH_PHYSICAL_TYPE_CONDITIONED,layer-57:FULL_MIXED_STRIPE:p8,PHYSICALLY_GROUNDED_MODEL_INPUT
57,KDA,post_attention_preprocess,1,2,0.54325,45,FRESH_PHYSICAL_TYPE_CONDITIONED,layer-57:FULL_MIXED_STRIPE:p8,PHYSICALLY_GROUNDED_MODEL_INPUT
57,KDA,routed_norm,1,2,0.1233,45,FRESH_PHYSICAL_TYPE_CONDITIONED,layer-57:FULL_MIXED_STRIPE:p8,PHYSICALLY_GROUNDED_MODEL_INPUT
57,KDA,routed_shared_reduction,2,2,1.2424,45,FRESH_PHYSICAL_TYPE_CONDITIONED,layer-57:FULL_MIXED_STRIPE:p8,PHYSICALLY_GROUNDED_MODEL_INPUT
57,KDA,router,1,2,0.6437,45,FRESH_PHYSICAL_TYPE_CONDITIONED,layer-57:FULL_MIXED_STRIPE:p8,PHYSICALLY_GROUNDED_MODEL_INPUT
57,KDA,shared_expert,8,2,0.12365000000000001,45,FRESH_PHYSICAL_TYPE_CONDITIONED,layer-57:FULL_MIXED_STRIPE:p8,PHYSICALLY_GROUNDED_MODEL_INPUT
57,KDA,shared_reduction,8,2,1.46,45,FRESH_PHYSICAL_TYPE_CONDITIONED,layer-57:FULL_MIXED_STRIPE:p8,PHYSICALLY_GROUNDED_MODEL_INPUT
57,KDA,worker_protocol,1,2,0.4718,45,FROZEN_PHYSICAL_AUTHENTICATED_FRAME,layer-57:FULL_MIXED_STRIPE:p8,PHYSICAL_INHERITED_E022
57,KDA,whole_layer,1,2,5.8731,45,PHYSICAL_TYPE_CONDITIONED,layer-57:WHOLE_LAYER:p1,PHYSICALLY_GROUNDED_MODEL_INPUT
57,KDA,attention_common,1,4,0.0511,45,FRESH_PHYSICAL_TYPE_CONDITIONED,layer-57:FULL_MIXED_STRIPE:p8,PHYSICALLY_GROUNDED_MODEL_INPUT
57,KDA,attention_preprocess,1,4,0.9714,45,FRESH_PHYSICAL_TYPE_CONDITIONED,layer-57:FULL_MIXED_STRIPE:p8,PHYSICALLY_GROUNDED_MODEL_INPUT
57,KDA,attention_reduction,8,4,1.6047500000000001,45,FRESH_PHYSICAL_TYPE_CONDITIONED,layer-57:FULL_MIXED_STRIPE:p8,PHYSICALLY_GROUNDED_MODEL_INPUT
57,KDA,attention_shard,8,4,0.6811,45,FRESH_PHYSICAL_TYPE_CONDITIONED,layer-57:FULL_MIXED_STRIPE:p8,PHYSICALLY_GROUNDED_MODEL_INPUT
57,KDA,expert_reduction,8,4,1.466,45,FRESH_PHYSICAL_TYPE_CONDITIONED,layer-57:FULL_MIXED_STRIPE:p8,PHYSICALLY_GROUNDED_MODEL_INPUT
57,KDA,expert_stripe,8,4,0.6790499999999999,45,FRESH_PHYSICAL_TYPE_CONDITIONED,layer-57:FULL_MIXED_STRIPE:p8,PHYSICALLY_GROUNDED_MODEL_INPUT
57,KDA,latent_down,8,4,0.0902,45,FRESH_PHYSICAL_TYPE_CONDITIONED,layer-57:FULL_MIXED_STRIPE:p8,PHYSICALLY_GROUNDED_MODEL_INPUT
57,KDA,latent_up,8,4,0.0815,45,FRESH_PHYSICAL_TYPE_CONDITIONED,layer-57:FULL_MIXED_STRIPE:p8,PHYSICALLY_GROUNDED_MODEL_INPUT
57,KDA,latent_up_reduction,8,4,1.5376,45,FRESH_PHYSICAL_TYPE_CONDITIONED,layer-57:FULL_MIXED_STRIPE:p8,PHYSICALLY_GROUNDED_MODEL_INPUT
57,KDA,output_state_commit,1,4,0.18295,45,FRESH_PHYSICAL_TYPE_CONDITIONED,layer-57:FULL_MIXED_STRIPE:p8,PHYSICALLY_GROUNDED_MODEL_INPUT
57,KDA,post_attention_preprocess,1,4,0.9783,45,FRESH_PHYSICAL_TYPE_CONDITIONED,layer-57:FULL_MIXED_STRIPE:p8,PHYSICALLY_GROUNDED_MODEL_INPUT
57,KDA,routed_norm,1,4,0.1302,45,FRESH_PHYSICAL_TYPE_CONDITIONED,layer-57:FULL_MIXED_STRIPE:p8,PHYSICALLY_GROUNDED_MODEL_INPUT
57,KDA,routed_shared_reduction,2,4,1.2015,45,FRESH_PHYSICAL_TYPE_CONDITIONED,layer-57:FULL_MIXED_STRIPE:p8,PHYSICALLY_GROUNDED_MODEL_INPUT
57,KDA,router,1,4,0.64645,45,FRESH_PHYSICAL_TYPE_CONDITIONED,layer-57:FULL_MIXED_STRIPE:p8,PHYSICALLY_GROUNDED_MODEL_INPUT
57,KDA,shared_expert,8,4,0.2192,45,FRESH_PHYSICAL_TYPE_CONDITIONED,layer-57:FULL_MIXED_STRIPE:p8,PHYSICALLY_GROUNDED_MODEL_INPUT
57,KDA,shared_reduction,8,4,1.5376,45,FRESH_PHYSICAL_TYPE_CONDITIONED,layer-57:FULL_MIXED_STRIPE:p8,PHYSICALLY_GROUNDED_MODEL_INPUT
57,KDA,worker_protocol,1,4,0.6952,45,FROZEN_PHYSICAL_AUTHENTICATED_FRAME,layer-57:FULL_MIXED_STRIPE:p8,PHYSICAL_INHERITED_E022
57,KDA,whole_layer,1,4,8.604849999999999,45,PHYSICAL_TYPE_CONDITIONED,layer-57:WHOLE_LAYER:p1,PHYSICALLY_GROUNDED_MODEL_INPUT
58,KDA,attention_common,1,1,0.050699999999999995,45,FRESH_PHYSICAL_TYPE_CONDITIONED,layer-58:FULL_MIXED_STRIPE:p8,PHYSICALLY_GROUNDED_MODEL_INPUT
58,KDA,attention_preprocess,1,1,0.3388,45,FRESH_PHYSICAL_TYPE_CONDITIONED,layer-58:FULL_MIXED_STRIPE:p8,PHYSICALLY_GROUNDED_MODEL_INPUT
58,KDA,attention_reduction,8,1,1.5225,45,FRESH_PHYSICAL_TYPE_CONDITIONED,layer-58:FULL_MIXED_STRIPE:p8,PHYSICALLY_GROUNDED_MODEL_INPUT
58,KDA,attention_shard,8,1,0.3079,45,FRESH_PHYSICAL_TYPE_CONDITIONED,layer-58:FULL_MIXED_STRIPE:p8,PHYSICALLY_GROUNDED_MODEL_INPUT
58,KDA,expert_reduction,8,1,1.183,45,FRESH_PHYSICAL_TYPE_CONDITIONED,layer-58:FULL_MIXED_STRIPE:p8,PHYSICALLY_GROUNDED_MODEL_INPUT
58,KDA,expert_stripe,8,1,0.23620000000000002,45,FRESH_PHYSICAL_TYPE_CONDITIONED,layer-58:FULL_MIXED_STRIPE:p8,PHYSICALLY_GROUNDED_MODEL_INPUT
58,KDA,latent_down,8,1,0.0447,45,FRESH_PHYSICAL_TYPE_CONDITIONED,layer-58:FULL_MIXED_STRIPE:p8,PHYSICALLY_GROUNDED_MODEL_INPUT
58,KDA,latent_up,8,1,0.0463,45,FRESH_PHYSICAL_TYPE_CONDITIONED,layer-58:FULL_MIXED_STRIPE:p8,PHYSICALLY_GROUNDED_MODEL_INPUT
58,KDA,latent_up_reduction,8,1,1.46,45,FRESH_PHYSICAL_TYPE_CONDITIONED,layer-58:FULL_MIXED_STRIPE:p8,PHYSICALLY_GROUNDED_MODEL_INPUT
58,KDA,output_state_commit,1,1,0.15115,45,FRESH_PHYSICAL_TYPE_CONDITIONED,layer-58:FULL_MIXED_STRIPE:p8,PHYSICALLY_GROUNDED_MODEL_INPUT
58,KDA,post_attention_preprocess,1,1,0.3276,45,FRESH_PHYSICAL_TYPE_CONDITIONED,layer-58:FULL_MIXED_STRIPE:p8,PHYSICALLY_GROUNDED_MODEL_INPUT
58,KDA,routed_norm,1,1,0.13645000000000002,45,FRESH_PHYSICAL_TYPE_CONDITIONED,layer-58:FULL_MIXED_STRIPE:p8,PHYSICALLY_GROUNDED_MODEL_INPUT
58,KDA,routed_shared_reduction,2,1,1.1742,45,FRESH_PHYSICAL_TYPE_CONDITIONED,layer-58:FULL_MIXED_STRIPE:p8,PHYSICALLY_GROUNDED_MODEL_INPUT
58,KDA,router,1,1,0.6472,45,FRESH_PHYSICAL_TYPE_CONDITIONED,layer-58:FULL_MIXED_STRIPE:p8,PHYSICALLY_GROUNDED_MODEL_INPUT
58,KDA,shared_expert,8,1,0.1073,45,FRESH_PHYSICAL_TYPE_CONDITIONED,layer-58:FULL_MIXED_STRIPE:p8,PHYSICALLY_GROUNDED_MODEL_INPUT
58,KDA,shared_reduction,8,1,1.46,45,FRESH_PHYSICAL_TYPE_CONDITIONED,layer-58:FULL_MIXED_STRIPE:p8,PHYSICALLY_GROUNDED_MODEL_INPUT
58,KDA,worker_protocol,1,1,0.3813,45,FROZEN_PHYSICAL_AUTHENTICATED_FRAME,layer-58:FULL_MIXED_STRIPE:p8,PHYSICAL_INHERITED_E022
58,KDA,whole_layer,1,1,4.212,45,PHYSICAL_TYPE_CONDITIONED,layer-58:WHOLE_LAYER:p1,PHYSICALLY_GROUNDED_MODEL_INPUT
58,KDA,attention_common,1,2,0.05115,45,FRESH_PHYSICAL_TYPE_CONDITIONED,layer-58:FULL_MIXED_STRIPE:p8,PHYSICALLY_GROUNDED_MODEL_INPUT
58,KDA,attention_preprocess,1,2,0.5454,45,FRESH_PHYSICAL_TYPE_CONDITIONED,layer-58:FULL_MIXED_STRIPE:p8,PHYSICALLY_GROUNDED_MODEL_INPUT
58,KDA,attention_reduction,8,2,1.52125,45,FRESH_PHYSICAL_TYPE_CONDITIONED,layer-58:FULL_MIXED_STRIPE:p8,PHYSICALLY_GROUNDED_MODEL_INPUT
58,KDA,attention_shard,8,2,0.40215,45,FRESH_PHYSICAL_TYPE_CONDITIONED,layer-58:FULL_MIXED_STRIPE:p8,PHYSICALLY_GROUNDED_MODEL_INPUT
58,KDA,expert_reduction,8,2,1.0752,45,FRESH_PHYSICAL_TYPE_CONDITIONED,layer-58:FULL_MIXED_STRIPE:p8,PHYSICALLY_GROUNDED_MODEL_INPUT
58,KDA,expert_stripe,8,2,0.39315,45,FRESH_PHYSICAL_TYPE_CONDITIONED,layer-58:FULL_MIXED_STRIPE:p8,PHYSICALLY_GROUNDED_MODEL_INPUT
58,KDA,latent_down,8,2,0.05,45,FRESH_PHYSICAL_TYPE_CONDITIONED,layer-58:FULL_MIXED_STRIPE:p8,PHYSICALLY_GROUNDED_MODEL_INPUT
58,KDA,latent_up,8,2,0.0584,45,FRESH_PHYSICAL_TYPE_CONDITIONED,layer-58:FULL_MIXED_STRIPE:p8,PHYSICALLY_GROUNDED_MODEL_INPUT
58,KDA,latent_up_reduction,8,2,1.46,45,FRESH_PHYSICAL_TYPE_CONDITIONED,layer-58:FULL_MIXED_STRIPE:p8,PHYSICALLY_GROUNDED_MODEL_INPUT
58,KDA,output_state_commit,1,2,0.15510000000000002,45,FRESH_PHYSICAL_TYPE_CONDITIONED,layer-58:FULL_MIXED_STRIPE:p8,PHYSICALLY_GROUNDED_MODEL_INPUT
58,KDA,post_attention_preprocess,1,2,0.54325,45,FRESH_PHYSICAL_TYPE_CONDITIONED,layer-58:FULL_MIXED_STRIPE:p8,PHYSICALLY_GROUNDED_MODEL_INPUT
58,KDA,routed_norm,1,2,0.1233,45,FRESH_PHYSICAL_TYPE_CONDITIONED,layer-58:FULL_MIXED_STRIPE:p8,PHYSICALLY_GROUNDED_MODEL_INPUT
58,KDA,routed_shared_reduction,2,2,1.2424,45,FRESH_PHYSICAL_TYPE_CONDITIONED,layer-58:FULL_MIXED_STRIPE:p8,PHYSICALLY_GROUNDED_MODEL_INPUT
58,KDA,router,1,2,0.6437,45,FRESH_PHYSICAL_TYPE_CONDITIONED,layer-58:FULL_MIXED_STRIPE:p8,PHYSICALLY_GROUNDED_MODEL_INPUT
58,KDA,shared_expert,8,2,0.12365000000000001,45,FRESH_PHYSICAL_TYPE_CONDITIONED,layer-58:FULL_MIXED_STRIPE:p8,PHYSICALLY_GROUNDED_MODEL_INPUT
58,KDA,shared_reduction,8,2,1.46,45,FRESH_PHYSICAL_TYPE_CONDITIONED,layer-58:FULL_MIXED_STRIPE:p8,PHYSICALLY_GROUNDED_MODEL_INPUT
58,KDA,worker_protocol,1,2,0.4718,45,FROZEN_PHYSICAL_AUTHENTICATED_FRAME,layer-58:FULL_MIXED_STRIPE:p8,PHYSICAL_INHERITED_E022
58,KDA,whole_layer,1,2,5.8731,45,PHYSICAL_TYPE_CONDITIONED,layer-58:WHOLE_LAYER:p1,PHYSICALLY_GROUNDED_MODEL_INPUT
58,KDA,attention_common,1,4,0.0511,45,FRESH_PHYSICAL_TYPE_CONDITIONED,layer-58:FULL_MIXED_STRIPE:p8,PHYSICALLY_GROUNDED_MODEL_INPUT
58,KDA,attention_preprocess,1,4,0.9714,45,FRESH_PHYSICAL_TYPE_CONDITIONED,layer-58:FULL_MIXED_STRIPE:p8,PHYSICALLY_GROUNDED_MODEL_INPUT
58,KDA,attention_reduction,8,4,1.6047500000000001,45,FRESH_PHYSICAL_TYPE_CONDITIONED,layer-58:FULL_MIXED_STRIPE:p8,PHYSICALLY_GROUNDED_MODEL_INPUT
58,KDA,attention_shard,8,4,0.6811,45,FRESH_PHYSICAL_TYPE_CONDITIONED,layer-58:FULL_MIXED_STRIPE:p8,PHYSICALLY_GROUNDED_MODEL_INPUT
58,KDA,expert_reduction,8,4,1.466,45,FRESH_PHYSICAL_TYPE_CONDITIONED,layer-58:FULL_MIXED_STRIPE:p8,PHYSICALLY_GROUNDED_MODEL_INPUT
58,KDA,expert_stripe,8,4,0.6790499999999999,45,FRESH_PHYSICAL_TYPE_CONDITIONED,layer-58:FULL_MIXED_STRIPE:p8,PHYSICALLY_GROUNDED_MODEL_INPUT
58,KDA,latent_down,8,4,0.0902,45,FRESH_PHYSICAL_TYPE_CONDITIONED,layer-58:FULL_MIXED_STRIPE:p8,PHYSICALLY_GROUNDED_MODEL_INPUT
58,KDA,latent_up,8,4,0.0815,45,FRESH_PHYSICAL_TYPE_CONDITIONED,layer-58:FULL_MIXED_STRIPE:p8,PHYSICALLY_GROUNDED_MODEL_INPUT
58,KDA,latent_up_reduction,8,4,1.5376,45,FRESH_PHYSICAL_TYPE_CONDITIONED,layer-58:FULL_MIXED_STRIPE:p8,PHYSICALLY_GROUNDED_MODEL_INPUT
58,KDA,output_state_commit,1,4,0.18295,45,FRESH_PHYSICAL_TYPE_CONDITIONED,layer-58:FULL_MIXED_STRIPE:p8,PHYSICALLY_GROUNDED_MODEL_INPUT
58,KDA,post_attention_preprocess,1,4,0.9783,45,FRESH_PHYSICAL_TYPE_CONDITIONED,layer-58:FULL_MIXED_STRIPE:p8,PHYSICALLY_GROUNDED_MODEL_INPUT
58,KDA,routed_norm,1,4,0.1302,45,FRESH_PHYSICAL_TYPE_CONDITIONED,layer-58:FULL_MIXED_STRIPE:p8,PHYSICALLY_GROUNDED_MODEL_INPUT
58,KDA,routed_shared_reduction,2,4,1.2015,45,FRESH_PHYSICAL_TYPE_CONDITIONED,layer-58:FULL_MIXED_STRIPE:p8,PHYSICALLY_GROUNDED_MODEL_INPUT
58,KDA,router,1,4,0.64645,45,FRESH_PHYSICAL_TYPE_CONDITIONED,layer-58:FULL_MIXED_STRIPE:p8,PHYSICALLY_GROUNDED_MODEL_INPUT
58,KDA,shared_expert,8,4,0.2192,45,FRESH_PHYSICAL_TYPE_CONDITIONED,layer-58:FULL_MIXED_STRIPE:p8,PHYSICALLY_GROUNDED_MODEL_INPUT
58,KDA,shared_reduction,8,4,1.5376,45,FRESH_PHYSICAL_TYPE_CONDITIONED,layer-58:FULL_MIXED_STRIPE:p8,PHYSICALLY_GROUNDED_MODEL_INPUT
58,KDA,worker_protocol,1,4,0.6952,45,FROZEN_PHYSICAL_AUTHENTICATED_FRAME,layer-58:FULL_MIXED_STRIPE:p8,PHYSICAL_INHERITED_E022
58,KDA,whole_layer,1,4,8.604849999999999,45,PHYSICAL_TYPE_CONDITIONED,layer-58:WHOLE_LAYER:p1,PHYSICALLY_GROUNDED_MODEL_INPUT
59,GATED_MLA,attention_common,1,1,0.0867,47,FRESH_PHYSICAL_TYPE_CONDITIONED,layer-59:FULL_MIXED_STRIPE:p8,PHYSICALLY_GROUNDED_MODEL_INPUT
59,GATED_MLA,attention_preprocess,1,1,0.34825,47,FRESH_PHYSICAL_TYPE_CONDITIONED,layer-59:FULL_MIXED_STRIPE:p8,PHYSICALLY_GROUNDED_MODEL_INPUT
59,GATED_MLA,attention_reduction,8,1,1.5127,47,FRESH_PHYSICAL_TYPE_CONDITIONED,layer-59:FULL_MIXED_STRIPE:p8,PHYSICALLY_GROUNDED_MODEL_INPUT
59,GATED_MLA,attention_shard,8,1,0.1987,47,FRESH_PHYSICAL_TYPE_CONDITIONED,layer-59:FULL_MIXED_STRIPE:p8,PHYSICALLY_GROUNDED_MODEL_INPUT
59,GATED_MLA,expert_reduction,8,1,1.183,47,FRESH_PHYSICAL_TYPE_CONDITIONED,layer-59:FULL_MIXED_STRIPE:p8,PHYSICALLY_GROUNDED_MODEL_INPUT
59,GATED_MLA,expert_stripe,8,1,0.2368,47,FRESH_PHYSICAL_TYPE_CONDITIONED,layer-59:FULL_MIXED_STRIPE:p8,PHYSICALLY_GROUNDED_MODEL_INPUT
59,GATED_MLA,latent_down,8,1,0.0443,47,FRESH_PHYSICAL_TYPE_CONDITIONED,layer-59:FULL_MIXED_STRIPE:p8,PHYSICALLY_GROUNDED_MODEL_INPUT
59,GATED_MLA,latent_up,8,1,0.04985,47,FRESH_PHYSICAL_TYPE_CONDITIONED,layer-59:FULL_MIXED_STRIPE:p8,PHYSICALLY_GROUNDED_MODEL_INPUT
59,GATED_MLA,latent_up_reduction,8,1,1.46,47,FRESH_PHYSICAL_TYPE_CONDITIONED,layer-59:FULL_MIXED_STRIPE:p8,PHYSICALLY_GROUNDED_MODEL_INPUT
59,GATED_MLA,output_state_commit,1,1,0.1533,47,FRESH_PHYSICAL_TYPE_CONDITIONED,layer-59:FULL_MIXED_STRIPE:p8,PHYSICALLY_GROUNDED_MODEL_INPUT
59,GATED_MLA,post_attention_preprocess,1,1,0.33235000000000003,47,FRESH_PHYSICAL_TYPE_CONDITIONED,layer-59:FULL_MIXED_STRIPE:p8,PHYSICALLY_GROUNDED_MODEL_INPUT
59,GATED_MLA,routed_norm,1,1,0.12535000000000002,47,FRESH_PHYSICAL_TYPE_CONDITIONED,layer-59:FULL_MIXED_STRIPE:p8,PHYSICALLY_GROUNDED_MODEL_INPUT
59,GATED_MLA,routed_shared_reduction,2,1,1.1742,47,FRESH_PHYSICAL_TYPE_CONDITIONED,layer-59:FULL_MIXED_STRIPE:p8,PHYSICALLY_GROUNDED_MODEL_INPUT
59,GATED_MLA,router,1,1,0.6397999999999999,47,FRESH_PHYSICAL_TYPE_CONDITIONED,layer-59:FULL_MIXED_STRIPE:p8,PHYSICALLY_GROUNDED_MODEL_INPUT
59,GATED_MLA,shared_expert,8,1,0.10835,47,FRESH_PHYSICAL_TYPE_CONDITIONED,layer-59:FULL_MIXED_STRIPE:p8,PHYSICALLY_GROUNDED_MODEL_INPUT
59,GATED_MLA,shared_reduction,8,1,1.46,47,FRESH_PHYSICAL_TYPE_CONDITIONED,layer-59:FULL_MIXED_STRIPE:p8,PHYSICALLY_GROUNDED_MODEL_INPUT
59,GATED_MLA,worker_protocol,1,1,0.3813,47,FROZEN_PHYSICAL_AUTHENTICATED_FRAME,layer-59:FULL_MIXED_STRIPE:p8,PHYSICAL_INHERITED_E022
59,GATED_MLA,whole_layer,1,1,3.6313,47,PHYSICAL_TYPE_CONDITIONED,layer-59:WHOLE_LAYER:p1,PHYSICALLY_GROUNDED_MODEL_INPUT
59,GATED_MLA,attention_common,1,2,0.0963,47,FRESH_PHYSICAL_TYPE_CONDITIONED,layer-59:FULL_MIXED_STRIPE:p8,PHYSICALLY_GROUNDED_MODEL_INPUT
59,GATED_MLA,attention_preprocess,1,2,0.54495,47,FRESH_PHYSICAL_TYPE_CONDITIONED,layer-59:FULL_MIXED_STRIPE:p8,PHYSICALLY_GROUNDED_MODEL_INPUT
59,GATED_MLA,attention_reduction,8,2,1.51195,47,FRESH_PHYSICAL_TYPE_CONDITIONED,layer-59:FULL_MIXED_STRIPE:p8,PHYSICALLY_GROUNDED_MODEL_INPUT
59,GATED_MLA,attention_shard,8,2,0.28745,47,FRESH_PHYSICAL_TYPE_CONDITIONED,layer-59:FULL_MIXED_STRIPE:p8,PHYSICALLY_GROUNDED_MODEL_INPUT
59,GATED_MLA,expert_reduction,8,2,1.0752,47,FRESH_PHYSICAL_TYPE_CONDITIONED,layer-59:FULL_MIXED_STRIPE:p8,PHYSICALLY_GROUNDED_MODEL_INPUT
59,GATED_MLA,expert_stripe,8,2,0.378,47,FRESH_PHYSICAL_TYPE_CONDITIONED,layer-59:FULL_MIXED_STRIPE:p8,PHYSICALLY_GROUNDED_MODEL_INPUT
59,GATED_MLA,latent_down,8,2,0.0489,47,FRESH_PHYSICAL_TYPE_CONDITIONED,layer-59:FULL_MIXED_STRIPE:p8,PHYSICALLY_GROUNDED_MODEL_INPUT
59,GATED_MLA,latent_up,8,2,0.05835,47,FRESH_PHYSICAL_TYPE_CONDITIONED,layer-59:FULL_MIXED_STRIPE:p8,PHYSICALLY_GROUNDED_MODEL_INPUT
59,GATED_MLA,latent_up_reduction,8,2,1.46,47,FRESH_PHYSICAL_TYPE_CONDITIONED,layer-59:FULL_MIXED_STRIPE:p8,PHYSICALLY_GROUNDED_MODEL_INPUT
59,GATED_MLA,output_state_commit,1,2,0.15645,47,FRESH_PHYSICAL_TYPE_CONDITIONED,layer-59:FULL_MIXED_STRIPE:p8,PHYSICALLY_GROUNDED_MODEL_INPUT
59,GATED_MLA,post_attention_preprocess,1,2,0.541,47,FRESH_PHYSICAL_TYPE_CONDITIONED,layer-59:FULL_MIXED_STRIPE:p8,PHYSICALLY_GROUNDED_MODEL_INPUT
59,GATED_MLA,routed_norm,1,2,0.1384,47,FRESH_PHYSICAL_TYPE_CONDITIONED,layer-59:FULL_MIXED_STRIPE:p8,PHYSICALLY_GROUNDED_MODEL_INPUT
59,GATED_MLA,routed_shared_reduction,2,2,1.2424,47,FRESH_PHYSICAL_TYPE_CONDITIONED,layer-59:FULL_MIXED_STRIPE:p8,PHYSICALLY_GROUNDED_MODEL_INPUT
59,GATED_MLA,router,1,2,0.6346,47,FRESH_PHYSICAL_TYPE_CONDITIONED,layer-59:FULL_MIXED_STRIPE:p8,PHYSICALLY_GROUNDED_MODEL_INPUT
59,GATED_MLA,shared_expert,8,2,0.1232,47,FRESH_PHYSICAL_TYPE_CONDITIONED,layer-59:FULL_MIXED_STRIPE:p8,PHYSICALLY_GROUNDED_MODEL_INPUT
59,GATED_MLA,shared_reduction,8,2,1.46,47,FRESH_PHYSICAL_TYPE_CONDITIONED,layer-59:FULL_MIXED_STRIPE:p8,PHYSICALLY_GROUNDED_MODEL_INPUT
59,GATED_MLA,worker_protocol,1,2,0.4718,47,FROZEN_PHYSICAL_AUTHENTICATED_FRAME,layer-59:FULL_MIXED_STRIPE:p8,PHYSICAL_INHERITED_E022
59,GATED_MLA,whole_layer,1,2,5.43685,47,PHYSICAL_TYPE_CONDITIONED,layer-59:WHOLE_LAYER:p1,PHYSICALLY_GROUNDED_MODEL_INPUT
59,GATED_MLA,attention_common,1,4,0.17265,47,FRESH_PHYSICAL_TYPE_CONDITIONED,layer-59:FULL_MIXED_STRIPE:p8,PHYSICALLY_GROUNDED_MODEL_INPUT
59,GATED_MLA,attention_preprocess,1,4,0.98235,47,FRESH_PHYSICAL_TYPE_CONDITIONED,layer-59:FULL_MIXED_STRIPE:p8,PHYSICALLY_GROUNDED_MODEL_INPUT
59,GATED_MLA,attention_reduction,8,4,1.601,47,FRESH_PHYSICAL_TYPE_CONDITIONED,layer-59:FULL_MIXED_STRIPE:p8,PHYSICALLY_GROUNDED_MODEL_INPUT
59,GATED_MLA,attention_shard,8,4,0.4851,47,FRESH_PHYSICAL_TYPE_CONDITIONED,layer-59:FULL_MIXED_STRIPE:p8,PHYSICALLY_GROUNDED_MODEL_INPUT
59,GATED_MLA,expert_reduction,8,4,1.466,47,FRESH_PHYSICAL_TYPE_CONDITIONED,layer-59:FULL_MIXED_STRIPE:p8,PHYSICALLY_GROUNDED_MODEL_INPUT
59,GATED_MLA,expert_stripe,8,4,0.66125,47,FRESH_PHYSICAL_TYPE_CONDITIONED,layer-59:FULL_MIXED_STRIPE:p8,PHYSICALLY_GROUNDED_MODEL_INPUT
59,GATED_MLA,latent_down,8,4,0.08595,47,FRESH_PHYSICAL_TYPE_CONDITIONED,layer-59:FULL_MIXED_STRIPE:p8,PHYSICALLY_GROUNDED_MODEL_INPUT
59,GATED_MLA,latent_up,8,4,0.0813,47,FRESH_PHYSICAL_TYPE_CONDITIONED,layer-59:FULL_MIXED_STRIPE:p8,PHYSICALLY_GROUNDED_MODEL_INPUT
59,GATED_MLA,latent_up_reduction,8,4,1.5376,47,FRESH_PHYSICAL_TYPE_CONDITIONED,layer-59:FULL_MIXED_STRIPE:p8,PHYSICALLY_GROUNDED_MODEL_INPUT
59,GATED_MLA,output_state_commit,1,4,0.1817,47,FRESH_PHYSICAL_TYPE_CONDITIONED,layer-59:FULL_MIXED_STRIPE:p8,PHYSICALLY_GROUNDED_MODEL_INPUT
59,GATED_MLA,post_attention_preprocess,1,4,0.9854,47,FRESH_PHYSICAL_TYPE_CONDITIONED,layer-59:FULL_MIXED_STRIPE:p8,PHYSICALLY_GROUNDED_MODEL_INPUT
59,GATED_MLA,routed_norm,1,4,0.14075,47,FRESH_PHYSICAL_TYPE_CONDITIONED,layer-59:FULL_MIXED_STRIPE:p8,PHYSICALLY_GROUNDED_MODEL_INPUT
59,GATED_MLA,routed_shared_reduction,2,4,1.2015,47,FRESH_PHYSICAL_TYPE_CONDITIONED,layer-59:FULL_MIXED_STRIPE:p8,PHYSICALLY_GROUNDED_MODEL_INPUT
59,GATED_MLA,router,1,4,0.63985,47,FRESH_PHYSICAL_TYPE_CONDITIONED,layer-59:FULL_MIXED_STRIPE:p8,PHYSICALLY_GROUNDED_MODEL_INPUT
59,GATED_MLA,shared_expert,8,4,0.2192,47,FRESH_PHYSICAL_TYPE_CONDITIONED,layer-59:FULL_MIXED_STRIPE:p8,PHYSICALLY_GROUNDED_MODEL_INPUT
59,GATED_MLA,shared_reduction,8,4,1.5376,47,FRESH_PHYSICAL_TYPE_CONDITIONED,layer-59:FULL_MIXED_STRIPE:p8,PHYSICALLY_GROUNDED_MODEL_INPUT
59,GATED_MLA,worker_protocol,1,4,0.6952,47,FROZEN_PHYSICAL_AUTHENTICATED_FRAME,layer-59:FULL_MIXED_STRIPE:p8,PHYSICAL_INHERITED_E022
59,GATED_MLA,whole_layer,1,4,7.946199999999999,47,PHYSICAL_TYPE_CONDITIONED,layer-59:WHOLE_LAYER:p1,PHYSICALLY_GROUNDED_MODEL_INPUT
60,KDA,attention_common,1,1,0.050699999999999995,45,FRESH_PHYSICAL_TYPE_CONDITIONED,layer-60:FULL_MIXED_STRIPE:p8,PHYSICALLY_GROUNDED_MODEL_INPUT
60,KDA,attention_preprocess,1,1,0.3388,45,FRESH_PHYSICAL_TYPE_CONDITIONED,layer-60:FULL_MIXED_STRIPE:p8,PHYSICALLY_GROUNDED_MODEL_INPUT
60,KDA,attention_reduction,8,1,1.5225,45,FRESH_PHYSICAL_TYPE_CONDITIONED,layer-60:FULL_MIXED_STRIPE:p8,PHYSICALLY_GROUNDED_MODEL_INPUT
60,KDA,attention_shard,8,1,0.3079,45,FRESH_PHYSICAL_TYPE_CONDITIONED,layer-60:FULL_MIXED_STRIPE:p8,PHYSICALLY_GROUNDED_MODEL_INPUT
60,KDA,expert_reduction,8,1,1.183,45,FRESH_PHYSICAL_TYPE_CONDITIONED,layer-60:FULL_MIXED_STRIPE:p8,PHYSICALLY_GROUNDED_MODEL_INPUT
60,KDA,expert_stripe,8,1,0.23620000000000002,45,FRESH_PHYSICAL_TYPE_CONDITIONED,layer-60:FULL_MIXED_STRIPE:p8,PHYSICALLY_GROUNDED_MODEL_INPUT
60,KDA,latent_down,8,1,0.0447,45,FRESH_PHYSICAL_TYPE_CONDITIONED,layer-60:FULL_MIXED_STRIPE:p8,PHYSICALLY_GROUNDED_MODEL_INPUT
60,KDA,latent_up,8,1,0.0463,45,FRESH_PHYSICAL_TYPE_CONDITIONED,layer-60:FULL_MIXED_STRIPE:p8,PHYSICALLY_GROUNDED_MODEL_INPUT
60,KDA,latent_up_reduction,8,1,1.46,45,FRESH_PHYSICAL_TYPE_CONDITIONED,layer-60:FULL_MIXED_STRIPE:p8,PHYSICALLY_GROUNDED_MODEL_INPUT
60,KDA,output_state_commit,1,1,0.15115,45,FRESH_PHYSICAL_TYPE_CONDITIONED,layer-60:FULL_MIXED_STRIPE:p8,PHYSICALLY_GROUNDED_MODEL_INPUT
60,KDA,post_attention_preprocess,1,1,0.3276,45,FRESH_PHYSICAL_TYPE_CONDITIONED,layer-60:FULL_MIXED_STRIPE:p8,PHYSICALLY_GROUNDED_MODEL_INPUT
60,KDA,routed_norm,1,1,0.13645000000000002,45,FRESH_PHYSICAL_TYPE_CONDITIONED,layer-60:FULL_MIXED_STRIPE:p8,PHYSICALLY_GROUNDED_MODEL_INPUT
60,KDA,routed_shared_reduction,2,1,1.1742,45,FRESH_PHYSICAL_TYPE_CONDITIONED,layer-60:FULL_MIXED_STRIPE:p8,PHYSICALLY_GROUNDED_MODEL_INPUT
60,KDA,router,1,1,0.6472,45,FRESH_PHYSICAL_TYPE_CONDITIONED,layer-60:FULL_MIXED_STRIPE:p8,PHYSICALLY_GROUNDED_MODEL_INPUT
60,KDA,shared_expert,8,1,0.1073,45,FRESH_PHYSICAL_TYPE_CONDITIONED,layer-60:FULL_MIXED_STRIPE:p8,PHYSICALLY_GROUNDED_MODEL_INPUT
60,KDA,shared_reduction,8,1,1.46,45,FRESH_PHYSICAL_TYPE_CONDITIONED,layer-60:FULL_MIXED_STRIPE:p8,PHYSICALLY_GROUNDED_MODEL_INPUT
60,KDA,worker_protocol,1,1,0.3813,45,FROZEN_PHYSICAL_AUTHENTICATED_FRAME,layer-60:FULL_MIXED_STRIPE:p8,PHYSICAL_INHERITED_E022
60,KDA,whole_layer,1,1,4.212,45,PHYSICAL_TYPE_CONDITIONED,layer-60:WHOLE_LAYER:p1,PHYSICALLY_GROUNDED_MODEL_INPUT
60,KDA,attention_common,1,2,0.05115,45,FRESH_PHYSICAL_TYPE_CONDITIONED,layer-60:FULL_MIXED_STRIPE:p8,PHYSICALLY_GROUNDED_MODEL_INPUT
60,KDA,attention_preprocess,1,2,0.5454,45,FRESH_PHYSICAL_TYPE_CONDITIONED,layer-60:FULL_MIXED_STRIPE:p8,PHYSICALLY_GROUNDED_MODEL_INPUT
60,KDA,attention_reduction,8,2,1.52125,45,FRESH_PHYSICAL_TYPE_CONDITIONED,layer-60:FULL_MIXED_STRIPE:p8,PHYSICALLY_GROUNDED_MODEL_INPUT
60,KDA,attention_shard,8,2,0.40215,45,FRESH_PHYSICAL_TYPE_CONDITIONED,layer-60:FULL_MIXED_STRIPE:p8,PHYSICALLY_GROUNDED_MODEL_INPUT
60,KDA,expert_reduction,8,2,1.0752,45,FRESH_PHYSICAL_TYPE_CONDITIONED,layer-60:FULL_MIXED_STRIPE:p8,PHYSICALLY_GROUNDED_MODEL_INPUT
60,KDA,expert_stripe,8,2,0.39315,45,FRESH_PHYSICAL_TYPE_CONDITIONED,layer-60:FULL_MIXED_STRIPE:p8,PHYSICALLY_GROUNDED_MODEL_INPUT
60,KDA,latent_down,8,2,0.05,45,FRESH_PHYSICAL_TYPE_CONDITIONED,layer-60:FULL_MIXED_STRIPE:p8,PHYSICALLY_GROUNDED_MODEL_INPUT
60,KDA,latent_up,8,2,0.0584,45,FRESH_PHYSICAL_TYPE_CONDITIONED,layer-60:FULL_MIXED_STRIPE:p8,PHYSICALLY_GROUNDED_MODEL_INPUT
60,KDA,latent_up_reduction,8,2,1.46,45,FRESH_PHYSICAL_TYPE_CONDITIONED,layer-60:FULL_MIXED_STRIPE:p8,PHYSICALLY_GROUNDED_MODEL_INPUT
60,KDA,output_state_commit,1,2,0.15510000000000002,45,FRESH_PHYSICAL_TYPE_CONDITIONED,layer-60:FULL_MIXED_STRIPE:p8,PHYSICALLY_GROUNDED_MODEL_INPUT
60,KDA,post_attention_preprocess,1,2,0.54325,45,FRESH_PHYSICAL_TYPE_CONDITIONED,layer-60:FULL_MIXED_STRIPE:p8,PHYSICALLY_GROUNDED_MODEL_INPUT
60,KDA,routed_norm,1,2,0.1233,45,FRESH_PHYSICAL_TYPE_CONDITIONED,layer-60:FULL_MIXED_STRIPE:p8,PHYSICALLY_GROUNDED_MODEL_INPUT
60,KDA,routed_shared_reduction,2,2,1.2424,45,FRESH_PHYSICAL_TYPE_CONDITIONED,layer-60:FULL_MIXED_STRIPE:p8,PHYSICALLY_GROUNDED_MODEL_INPUT
60,KDA,router,1,2,0.6437,45,FRESH_PHYSICAL_TYPE_CONDITIONED,layer-60:FULL_MIXED_STRIPE:p8,PHYSICALLY_GROUNDED_MODEL_INPUT
60,KDA,shared_expert,8,2,0.12365000000000001,45,FRESH_PHYSICAL_TYPE_CONDITIONED,layer-60:FULL_MIXED_STRIPE:p8,PHYSICALLY_GROUNDED_MODEL_INPUT
60,KDA,shared_reduction,8,2,1.46,45,FRESH_PHYSICAL_TYPE_CONDITIONED,layer-60:FULL_MIXED_STRIPE:p8,PHYSICALLY_GROUNDED_MODEL_INPUT
60,KDA,worker_protocol,1,2,0.4718,45,FROZEN_PHYSICAL_AUTHENTICATED_FRAME,layer-60:FULL_MIXED_STRIPE:p8,PHYSICAL_INHERITED_E022
60,KDA,whole_layer,1,2,5.8731,45,PHYSICAL_TYPE_CONDITIONED,layer-60:WHOLE_LAYER:p1,PHYSICALLY_GROUNDED_MODEL_INPUT
60,KDA,attention_common,1,4,0.0511,45,FRESH_PHYSICAL_TYPE_CONDITIONED,layer-60:FULL_MIXED_STRIPE:p8,PHYSICALLY_GROUNDED_MODEL_INPUT
60,KDA,attention_preprocess,1,4,0.9714,45,FRESH_PHYSICAL_TYPE_CONDITIONED,layer-60:FULL_MIXED_STRIPE:p8,PHYSICALLY_GROUNDED_MODEL_INPUT
60,KDA,attention_reduction,8,4,1.6047500000000001,45,FRESH_PHYSICAL_TYPE_CONDITIONED,layer-60:FULL_MIXED_STRIPE:p8,PHYSICALLY_GROUNDED_MODEL_INPUT
60,KDA,attention_shard,8,4,0.6811,45,FRESH_PHYSICAL_TYPE_CONDITIONED,layer-60:FULL_MIXED_STRIPE:p8,PHYSICALLY_GROUNDED_MODEL_INPUT
60,KDA,expert_reduction,8,4,1.466,45,FRESH_PHYSICAL_TYPE_CONDITIONED,layer-60:FULL_MIXED_STRIPE:p8,PHYSICALLY_GROUNDED_MODEL_INPUT
60,KDA,expert_stripe,8,4,0.6790499999999999,45,FRESH_PHYSICAL_TYPE_CONDITIONED,layer-60:FULL_MIXED_STRIPE:p8,PHYSICALLY_GROUNDED_MODEL_INPUT
60,KDA,latent_down,8,4,0.0902,45,FRESH_PHYSICAL_TYPE_CONDITIONED,layer-60:FULL_MIXED_STRIPE:p8,PHYSICALLY_GROUNDED_MODEL_INPUT
60,KDA,latent_up,8,4,0.0815,45,FRESH_PHYSICAL_TYPE_CONDITIONED,layer-60:FULL_MIXED_STRIPE:p8,PHYSICALLY_GROUNDED_MODEL_INPUT
60,KDA,latent_up_reduction,8,4,1.5376,45,FRESH_PHYSICAL_TYPE_CONDITIONED,layer-60:FULL_MIXED_STRIPE:p8,PHYSICALLY_GROUNDED_MODEL_INPUT
60,KDA,output_state_commit,1,4,0.18295,45,FRESH_PHYSICAL_TYPE_CONDITIONED,layer-60:FULL_MIXED_STRIPE:p8,PHYSICALLY_GROUNDED_MODEL_INPUT
60,KDA,post_attention_preprocess,1,4,0.9783,45,FRESH_PHYSICAL_TYPE_CONDITIONED,layer-60:FULL_MIXED_STRIPE:p8,PHYSICALLY_GROUNDED_MODEL_INPUT
60,KDA,routed_norm,1,4,0.1302,45,FRESH_PHYSICAL_TYPE_CONDITIONED,layer-60:FULL_MIXED_STRIPE:p8,PHYSICALLY_GROUNDED_MODEL_INPUT
60,KDA,routed_shared_reduction,2,4,1.2015,45,FRESH_PHYSICAL_TYPE_CONDITIONED,layer-60:FULL_MIXED_STRIPE:p8,PHYSICALLY_GROUNDED_MODEL_INPUT
60,KDA,router,1,4,0.64645,45,FRESH_PHYSICAL_TYPE_CONDITIONED,layer-60:FULL_MIXED_STRIPE:p8,PHYSICALLY_GROUNDED_MODEL_INPUT
60,KDA,shared_expert,8,4,0.2192,45,FRESH_PHYSICAL_TYPE_CONDITIONED,layer-60:FULL_MIXED_STRIPE:p8,PHYSICALLY_GROUNDED_MODEL_INPUT
60,KDA,shared_reduction,8,4,1.5376,45,FRESH_PHYSICAL_TYPE_CONDITIONED,layer-60:FULL_MIXED_STRIPE:p8,PHYSICALLY_GROUNDED_MODEL_INPUT
60,KDA,worker_protocol,1,4,0.6952,45,FROZEN_PHYSICAL_AUTHENTICATED_FRAME,layer-60:FULL_MIXED_STRIPE:p8,PHYSICAL_INHERITED_E022
60,KDA,whole_layer,1,4,8.604849999999999,45,PHYSICAL_TYPE_CONDITIONED,layer-60:WHOLE_LAYER:p1,PHYSICALLY_GROUNDED_MODEL_INPUT
61,KDA,attention_common,1,1,0.050699999999999995,45,FRESH_PHYSICAL_TYPE_CONDITIONED,layer-61:FULL_MIXED_STRIPE:p8,PHYSICALLY_GROUNDED_MODEL_INPUT
61,KDA,attention_preprocess,1,1,0.3388,45,FRESH_PHYSICAL_TYPE_CONDITIONED,layer-61:FULL_MIXED_STRIPE:p8,PHYSICALLY_GROUNDED_MODEL_INPUT
61,KDA,attention_reduction,8,1,1.5225,45,FRESH_PHYSICAL_TYPE_CONDITIONED,layer-61:FULL_MIXED_STRIPE:p8,PHYSICALLY_GROUNDED_MODEL_INPUT
61,KDA,attention_shard,8,1,0.3079,45,FRESH_PHYSICAL_TYPE_CONDITIONED,layer-61:FULL_MIXED_STRIPE:p8,PHYSICALLY_GROUNDED_MODEL_INPUT
61,KDA,expert_reduction,8,1,1.183,45,FRESH_PHYSICAL_TYPE_CONDITIONED,layer-61:FULL_MIXED_STRIPE:p8,PHYSICALLY_GROUNDED_MODEL_INPUT
61,KDA,expert_stripe,8,1,0.23620000000000002,45,FRESH_PHYSICAL_TYPE_CONDITIONED,layer-61:FULL_MIXED_STRIPE:p8,PHYSICALLY_GROUNDED_MODEL_INPUT
61,KDA,latent_down,8,1,0.0447,45,FRESH_PHYSICAL_TYPE_CONDITIONED,layer-61:FULL_MIXED_STRIPE:p8,PHYSICALLY_GROUNDED_MODEL_INPUT
61,KDA,latent_up,8,1,0.0463,45,FRESH_PHYSICAL_TYPE_CONDITIONED,layer-61:FULL_MIXED_STRIPE:p8,PHYSICALLY_GROUNDED_MODEL_INPUT
61,KDA,latent_up_reduction,8,1,1.46,45,FRESH_PHYSICAL_TYPE_CONDITIONED,layer-61:FULL_MIXED_STRIPE:p8,PHYSICALLY_GROUNDED_MODEL_INPUT
61,KDA,output_state_commit,1,1,0.15115,45,FRESH_PHYSICAL_TYPE_CONDITIONED,layer-61:FULL_MIXED_STRIPE:p8,PHYSICALLY_GROUNDED_MODEL_INPUT
61,KDA,post_attention_preprocess,1,1,0.3276,45,FRESH_PHYSICAL_TYPE_CONDITIONED,layer-61:FULL_MIXED_STRIPE:p8,PHYSICALLY_GROUNDED_MODEL_INPUT
61,KDA,routed_norm,1,1,0.13645000000000002,45,FRESH_PHYSICAL_TYPE_CONDITIONED,layer-61:FULL_MIXED_STRIPE:p8,PHYSICALLY_GROUNDED_MODEL_INPUT
61,KDA,routed_shared_reduction,2,1,1.1742,45,FRESH_PHYSICAL_TYPE_CONDITIONED,layer-61:FULL_MIXED_STRIPE:p8,PHYSICALLY_GROUNDED_MODEL_INPUT
61,KDA,router,1,1,0.6472,45,FRESH_PHYSICAL_TYPE_CONDITIONED,layer-61:FULL_MIXED_STRIPE:p8,PHYSICALLY_GROUNDED_MODEL_INPUT
61,KDA,shared_expert,8,1,0.1073,45,FRESH_PHYSICAL_TYPE_CONDITIONED,layer-61:FULL_MIXED_STRIPE:p8,PHYSICALLY_GROUNDED_MODEL_INPUT
61,KDA,shared_reduction,8,1,1.46,45,FRESH_PHYSICAL_TYPE_CONDITIONED,layer-61:FULL_MIXED_STRIPE:p8,PHYSICALLY_GROUNDED_MODEL_INPUT
61,KDA,worker_protocol,1,1,0.3813,45,FROZEN_PHYSICAL_AUTHENTICATED_FRAME,layer-61:FULL_MIXED_STRIPE:p8,PHYSICAL_INHERITED_E022
61,KDA,whole_layer,1,1,4.212,45,PHYSICAL_TYPE_CONDITIONED,layer-61:WHOLE_LAYER:p1,PHYSICALLY_GROUNDED_MODEL_INPUT
61,KDA,attention_common,1,2,0.05115,45,FRESH_PHYSICAL_TYPE_CONDITIONED,layer-61:FULL_MIXED_STRIPE:p8,PHYSICALLY_GROUNDED_MODEL_INPUT
61,KDA,attention_preprocess,1,2,0.5454,45,FRESH_PHYSICAL_TYPE_CONDITIONED,layer-61:FULL_MIXED_STRIPE:p8,PHYSICALLY_GROUNDED_MODEL_INPUT
61,KDA,attention_reduction,8,2,1.52125,45,FRESH_PHYSICAL_TYPE_CONDITIONED,layer-61:FULL_MIXED_STRIPE:p8,PHYSICALLY_GROUNDED_MODEL_INPUT
61,KDA,attention_shard,8,2,0.40215,45,FRESH_PHYSICAL_TYPE_CONDITIONED,layer-61:FULL_MIXED_STRIPE:p8,PHYSICALLY_GROUNDED_MODEL_INPUT
61,KDA,expert_reduction,8,2,1.0752,45,FRESH_PHYSICAL_TYPE_CONDITIONED,layer-61:FULL_MIXED_STRIPE:p8,PHYSICALLY_GROUNDED_MODEL_INPUT
61,KDA,expert_stripe,8,2,0.39315,45,FRESH_PHYSICAL_TYPE_CONDITIONED,layer-61:FULL_MIXED_STRIPE:p8,PHYSICALLY_GROUNDED_MODEL_INPUT
61,KDA,latent_down,8,2,0.05,45,FRESH_PHYSICAL_TYPE_CONDITIONED,layer-61:FULL_MIXED_STRIPE:p8,PHYSICALLY_GROUNDED_MODEL_INPUT
61,KDA,latent_up,8,2,0.0584,45,FRESH_PHYSICAL_TYPE_CONDITIONED,layer-61:FULL_MIXED_STRIPE:p8,PHYSICALLY_GROUNDED_MODEL_INPUT
61,KDA,latent_up_reduction,8,2,1.46,45,FRESH_PHYSICAL_TYPE_CONDITIONED,layer-61:FULL_MIXED_STRIPE:p8,PHYSICALLY_GROUNDED_MODEL_INPUT
61,KDA,output_state_commit,1,2,0.15510000000000002,45,FRESH_PHYSICAL_TYPE_CONDITIONED,layer-61:FULL_MIXED_STRIPE:p8,PHYSICALLY_GROUNDED_MODEL_INPUT
61,KDA,post_attention_preprocess,1,2,0.54325,45,FRESH_PHYSICAL_TYPE_CONDITIONED,layer-61:FULL_MIXED_STRIPE:p8,PHYSICALLY_GROUNDED_MODEL_INPUT
61,KDA,routed_norm,1,2,0.1233,45,FRESH_PHYSICAL_TYPE_CONDITIONED,layer-61:FULL_MIXED_STRIPE:p8,PHYSICALLY_GROUNDED_MODEL_INPUT
61,KDA,routed_shared_reduction,2,2,1.2424,45,FRESH_PHYSICAL_TYPE_CONDITIONED,layer-61:FULL_MIXED_STRIPE:p8,PHYSICALLY_GROUNDED_MODEL_INPUT
61,KDA,router,1,2,0.6437,45,FRESH_PHYSICAL_TYPE_CONDITIONED,layer-61:FULL_MIXED_STRIPE:p8,PHYSICALLY_GROUNDED_MODEL_INPUT
61,KDA,shared_expert,8,2,0.12365000000000001,45,FRESH_PHYSICAL_TYPE_CONDITIONED,layer-61:FULL_MIXED_STRIPE:p8,PHYSICALLY_GROUNDED_MODEL_INPUT
61,KDA,shared_reduction,8,2,1.46,45,FRESH_PHYSICAL_TYPE_CONDITIONED,layer-61:FULL_MIXED_STRIPE:p8,PHYSICALLY_GROUNDED_MODEL_INPUT
61,KDA,worker_protocol,1,2,0.4718,45,FROZEN_PHYSICAL_AUTHENTICATED_FRAME,layer-61:FULL_MIXED_STRIPE:p8,PHYSICAL_INHERITED_E022
61,KDA,whole_layer,1,2,5.8731,45,PHYSICAL_TYPE_CONDITIONED,layer-61:WHOLE_LAYER:p1,PHYSICALLY_GROUNDED_MODEL_INPUT
61,KDA,attention_common,1,4,0.0511,45,FRESH_PHYSICAL_TYPE_CONDITIONED,layer-61:FULL_MIXED_STRIPE:p8,PHYSICALLY_GROUNDED_MODEL_INPUT
61,KDA,attention_preprocess,1,4,0.9714,45,FRESH_PHYSICAL_TYPE_CONDITIONED,layer-61:FULL_MIXED_STRIPE:p8,PHYSICALLY_GROUNDED_MODEL_INPUT
61,KDA,attention_reduction,8,4,1.6047500000000001,45,FRESH_PHYSICAL_TYPE_CONDITIONED,layer-61:FULL_MIXED_STRIPE:p8,PHYSICALLY_GROUNDED_MODEL_INPUT
61,KDA,attention_shard,8,4,0.6811,45,FRESH_PHYSICAL_TYPE_CONDITIONED,layer-61:FULL_MIXED_STRIPE:p8,PHYSICALLY_GROUNDED_MODEL_INPUT
61,KDA,expert_reduction,8,4,1.466,45,FRESH_PHYSICAL_TYPE_CONDITIONED,layer-61:FULL_MIXED_STRIPE:p8,PHYSICALLY_GROUNDED_MODEL_INPUT
61,KDA,expert_stripe,8,4,0.6790499999999999,45,FRESH_PHYSICAL_TYPE_CONDITIONED,layer-61:FULL_MIXED_STRIPE:p8,PHYSICALLY_GROUNDED_MODEL_INPUT
61,KDA,latent_down,8,4,0.0902,45,FRESH_PHYSICAL_TYPE_CONDITIONED,layer-61:FULL_MIXED_STRIPE:p8,PHYSICALLY_GROUNDED_MODEL_INPUT
61,KDA,latent_up,8,4,0.0815,45,FRESH_PHYSICAL_TYPE_CONDITIONED,layer-61:FULL_MIXED_STRIPE:p8,PHYSICALLY_GROUNDED_MODEL_INPUT
61,KDA,latent_up_reduction,8,4,1.5376,45,FRESH_PHYSICAL_TYPE_CONDITIONED,layer-61:FULL_MIXED_STRIPE:p8,PHYSICALLY_GROUNDED_MODEL_INPUT
61,KDA,output_state_commit,1,4,0.18295,45,FRESH_PHYSICAL_TYPE_CONDITIONED,layer-61:FULL_MIXED_STRIPE:p8,PHYSICALLY_GROUNDED_MODEL_INPUT
61,KDA,post_attention_preprocess,1,4,0.9783,45,FRESH_PHYSICAL_TYPE_CONDITIONED,layer-61:FULL_MIXED_STRIPE:p8,PHYSICALLY_GROUNDED_MODEL_INPUT
61,KDA,routed_norm,1,4,0.1302,45,FRESH_PHYSICAL_TYPE_CONDITIONED,layer-61:FULL_MIXED_STRIPE:p8,PHYSICALLY_GROUNDED_MODEL_INPUT
61,KDA,routed_shared_reduction,2,4,1.2015,45,FRESH_PHYSICAL_TYPE_CONDITIONED,layer-61:FULL_MIXED_STRIPE:p8,PHYSICALLY_GROUNDED_MODEL_INPUT
61,KDA,router,1,4,0.64645,45,FRESH_PHYSICAL_TYPE_CONDITIONED,layer-61:FULL_MIXED_STRIPE:p8,PHYSICALLY_GROUNDED_MODEL_INPUT
61,KDA,shared_expert,8,4,0.2192,45,FRESH_PHYSICAL_TYPE_CONDITIONED,layer-61:FULL_MIXED_STRIPE:p8,PHYSICALLY_GROUNDED_MODEL_INPUT
61,KDA,shared_reduction,8,4,1.5376,45,FRESH_PHYSICAL_TYPE_CONDITIONED,layer-61:FULL_MIXED_STRIPE:p8,PHYSICALLY_GROUNDED_MODEL_INPUT
61,KDA,worker_protocol,1,4,0.6952,45,FROZEN_PHYSICAL_AUTHENTICATED_FRAME,layer-61:FULL_MIXED_STRIPE:p8,PHYSICAL_INHERITED_E022
61,KDA,whole_layer,1,4,8.604849999999999,45,PHYSICAL_TYPE_CONDITIONED,layer-61:WHOLE_LAYER:p1,PHYSICALLY_GROUNDED_MODEL_INPUT
62,KDA,attention_common,1,1,0.050699999999999995,45,FRESH_PHYSICAL_TYPE_CONDITIONED,layer-62:FULL_MIXED_STRIPE:p8,PHYSICALLY_GROUNDED_MODEL_INPUT
62,KDA,attention_preprocess,1,1,0.3388,45,FRESH_PHYSICAL_TYPE_CONDITIONED,layer-62:FULL_MIXED_STRIPE:p8,PHYSICALLY_GROUNDED_MODEL_INPUT
62,KDA,attention_reduction,8,1,1.5225,45,FRESH_PHYSICAL_TYPE_CONDITIONED,layer-62:FULL_MIXED_STRIPE:p8,PHYSICALLY_GROUNDED_MODEL_INPUT
62,KDA,attention_shard,8,1,0.3079,45,FRESH_PHYSICAL_TYPE_CONDITIONED,layer-62:FULL_MIXED_STRIPE:p8,PHYSICALLY_GROUNDED_MODEL_INPUT
62,KDA,expert_reduction,8,1,1.183,45,FRESH_PHYSICAL_TYPE_CONDITIONED,layer-62:FULL_MIXED_STRIPE:p8,PHYSICALLY_GROUNDED_MODEL_INPUT
62,KDA,expert_stripe,8,1,0.23620000000000002,45,FRESH_PHYSICAL_TYPE_CONDITIONED,layer-62:FULL_MIXED_STRIPE:p8,PHYSICALLY_GROUNDED_MODEL_INPUT
62,KDA,latent_down,8,1,0.0447,45,FRESH_PHYSICAL_TYPE_CONDITIONED,layer-62:FULL_MIXED_STRIPE:p8,PHYSICALLY_GROUNDED_MODEL_INPUT
62,KDA,latent_up,8,1,0.0463,45,FRESH_PHYSICAL_TYPE_CONDITIONED,layer-62:FULL_MIXED_STRIPE:p8,PHYSICALLY_GROUNDED_MODEL_INPUT
62,KDA,latent_up_reduction,8,1,1.46,45,FRESH_PHYSICAL_TYPE_CONDITIONED,layer-62:FULL_MIXED_STRIPE:p8,PHYSICALLY_GROUNDED_MODEL_INPUT
62,KDA,output_state_commit,1,1,0.15115,45,FRESH_PHYSICAL_TYPE_CONDITIONED,layer-62:FULL_MIXED_STRIPE:p8,PHYSICALLY_GROUNDED_MODEL_INPUT
62,KDA,post_attention_preprocess,1,1,0.3276,45,FRESH_PHYSICAL_TYPE_CONDITIONED,layer-62:FULL_MIXED_STRIPE:p8,PHYSICALLY_GROUNDED_MODEL_INPUT
62,KDA,routed_norm,1,1,0.13645000000000002,45,FRESH_PHYSICAL_TYPE_CONDITIONED,layer-62:FULL_MIXED_STRIPE:p8,PHYSICALLY_GROUNDED_MODEL_INPUT
62,KDA,routed_shared_reduction,2,1,1.1742,45,FRESH_PHYSICAL_TYPE_CONDITIONED,layer-62:FULL_MIXED_STRIPE:p8,PHYSICALLY_GROUNDED_MODEL_INPUT
62,KDA,router,1,1,0.6472,45,FRESH_PHYSICAL_TYPE_CONDITIONED,layer-62:FULL_MIXED_STRIPE:p8,PHYSICALLY_GROUNDED_MODEL_INPUT
62,KDA,shared_expert,8,1,0.1073,45,FRESH_PHYSICAL_TYPE_CONDITIONED,layer-62:FULL_MIXED_STRIPE:p8,PHYSICALLY_GROUNDED_MODEL_INPUT
62,KDA,shared_reduction,8,1,1.46,45,FRESH_PHYSICAL_TYPE_CONDITIONED,layer-62:FULL_MIXED_STRIPE:p8,PHYSICALLY_GROUNDED_MODEL_INPUT
62,KDA,worker_protocol,1,1,0.3813,45,FROZEN_PHYSICAL_AUTHENTICATED_FRAME,layer-62:FULL_MIXED_STRIPE:p8,PHYSICAL_INHERITED_E022
62,KDA,whole_layer,1,1,4.212,45,PHYSICAL_TYPE_CONDITIONED,layer-62:WHOLE_LAYER:p1,PHYSICALLY_GROUNDED_MODEL_INPUT
62,KDA,attention_common,1,2,0.05115,45,FRESH_PHYSICAL_TYPE_CONDITIONED,layer-62:FULL_MIXED_STRIPE:p8,PHYSICALLY_GROUNDED_MODEL_INPUT
62,KDA,attention_preprocess,1,2,0.5454,45,FRESH_PHYSICAL_TYPE_CONDITIONED,layer-62:FULL_MIXED_STRIPE:p8,PHYSICALLY_GROUNDED_MODEL_INPUT
62,KDA,attention_reduction,8,2,1.52125,45,FRESH_PHYSICAL_TYPE_CONDITIONED,layer-62:FULL_MIXED_STRIPE:p8,PHYSICALLY_GROUNDED_MODEL_INPUT
62,KDA,attention_shard,8,2,0.40215,45,FRESH_PHYSICAL_TYPE_CONDITIONED,layer-62:FULL_MIXED_STRIPE:p8,PHYSICALLY_GROUNDED_MODEL_INPUT
62,KDA,expert_reduction,8,2,1.0752,45,FRESH_PHYSICAL_TYPE_CONDITIONED,layer-62:FULL_MIXED_STRIPE:p8,PHYSICALLY_GROUNDED_MODEL_INPUT
62,KDA,expert_stripe,8,2,0.39315,45,FRESH_PHYSICAL_TYPE_CONDITIONED,layer-62:FULL_MIXED_STRIPE:p8,PHYSICALLY_GROUNDED_MODEL_INPUT
62,KDA,latent_down,8,2,0.05,45,FRESH_PHYSICAL_TYPE_CONDITIONED,layer-62:FULL_MIXED_STRIPE:p8,PHYSICALLY_GROUNDED_MODEL_INPUT
62,KDA,latent_up,8,2,0.0584,45,FRESH_PHYSICAL_TYPE_CONDITIONED,layer-62:FULL_MIXED_STRIPE:p8,PHYSICALLY_GROUNDED_MODEL_INPUT
62,KDA,latent_up_reduction,8,2,1.46,45,FRESH_PHYSICAL_TYPE_CONDITIONED,layer-62:FULL_MIXED_STRIPE:p8,PHYSICALLY_GROUNDED_MODEL_INPUT
62,KDA,output_state_commit,1,2,0.15510000000000002,45,FRESH_PHYSICAL_TYPE_CONDITIONED,layer-62:FULL_MIXED_STRIPE:p8,PHYSICALLY_GROUNDED_MODEL_INPUT
62,KDA,post_attention_preprocess,1,2,0.54325,45,FRESH_PHYSICAL_TYPE_CONDITIONED,layer-62:FULL_MIXED_STRIPE:p8,PHYSICALLY_GROUNDED_MODEL_INPUT
62,KDA,routed_norm,1,2,0.1233,45,FRESH_PHYSICAL_TYPE_CONDITIONED,layer-62:FULL_MIXED_STRIPE:p8,PHYSICALLY_GROUNDED_MODEL_INPUT
62,KDA,routed_shared_reduction,2,2,1.2424,45,FRESH_PHYSICAL_TYPE_CONDITIONED,layer-62:FULL_MIXED_STRIPE:p8,PHYSICALLY_GROUNDED_MODEL_INPUT
62,KDA,router,1,2,0.6437,45,FRESH_PHYSICAL_TYPE_CONDITIONED,layer-62:FULL_MIXED_STRIPE:p8,PHYSICALLY_GROUNDED_MODEL_INPUT
62,KDA,shared_expert,8,2,0.12365000000000001,45,FRESH_PHYSICAL_TYPE_CONDITIONED,layer-62:FULL_MIXED_STRIPE:p8,PHYSICALLY_GROUNDED_MODEL_INPUT
62,KDA,shared_reduction,8,2,1.46,45,FRESH_PHYSICAL_TYPE_CONDITIONED,layer-62:FULL_MIXED_STRIPE:p8,PHYSICALLY_GROUNDED_MODEL_INPUT
62,KDA,worker_protocol,1,2,0.4718,45,FROZEN_PHYSICAL_AUTHENTICATED_FRAME,layer-62:FULL_MIXED_STRIPE:p8,PHYSICAL_INHERITED_E022
62,KDA,whole_layer,1,2,5.8731,45,PHYSICAL_TYPE_CONDITIONED,layer-62:WHOLE_LAYER:p1,PHYSICALLY_GROUNDED_MODEL_INPUT
62,KDA,attention_common,1,4,0.0511,45,FRESH_PHYSICAL_TYPE_CONDITIONED,layer-62:FULL_MIXED_STRIPE:p8,PHYSICALLY_GROUNDED_MODEL_INPUT
62,KDA,attention_preprocess,1,4,0.9714,45,FRESH_PHYSICAL_TYPE_CONDITIONED,layer-62:FULL_MIXED_STRIPE:p8,PHYSICALLY_GROUNDED_MODEL_INPUT
62,KDA,attention_reduction,8,4,1.6047500000000001,45,FRESH_PHYSICAL_TYPE_CONDITIONED,layer-62:FULL_MIXED_STRIPE:p8,PHYSICALLY_GROUNDED_MODEL_INPUT
62,KDA,attention_shard,8,4,0.6811,45,FRESH_PHYSICAL_TYPE_CONDITIONED,layer-62:FULL_MIXED_STRIPE:p8,PHYSICALLY_GROUNDED_MODEL_INPUT
62,KDA,expert_reduction,8,4,1.466,45,FRESH_PHYSICAL_TYPE_CONDITIONED,layer-62:FULL_MIXED_STRIPE:p8,PHYSICALLY_GROUNDED_MODEL_INPUT
62,KDA,expert_stripe,8,4,0.6790499999999999,45,FRESH_PHYSICAL_TYPE_CONDITIONED,layer-62:FULL_MIXED_STRIPE:p8,PHYSICALLY_GROUNDED_MODEL_INPUT
62,KDA,latent_down,8,4,0.0902,45,FRESH_PHYSICAL_TYPE_CONDITIONED,layer-62:FULL_MIXED_STRIPE:p8,PHYSICALLY_GROUNDED_MODEL_INPUT
62,KDA,latent_up,8,4,0.0815,45,FRESH_PHYSICAL_TYPE_CONDITIONED,layer-62:FULL_MIXED_STRIPE:p8,PHYSICALLY_GROUNDED_MODEL_INPUT
62,KDA,latent_up_reduction,8,4,1.5376,45,FRESH_PHYSICAL_TYPE_CONDITIONED,layer-62:FULL_MIXED_STRIPE:p8,PHYSICALLY_GROUNDED_MODEL_INPUT
62,KDA,output_state_commit,1,4,0.18295,45,FRESH_PHYSICAL_TYPE_CONDITIONED,layer-62:FULL_MIXED_STRIPE:p8,PHYSICALLY_GROUNDED_MODEL_INPUT
62,KDA,post_attention_preprocess,1,4,0.9783,45,FRESH_PHYSICAL_TYPE_CONDITIONED,layer-62:FULL_MIXED_STRIPE:p8,PHYSICALLY_GROUNDED_MODEL_INPUT
62,KDA,routed_norm,1,4,0.1302,45,FRESH_PHYSICAL_TYPE_CONDITIONED,layer-62:FULL_MIXED_STRIPE:p8,PHYSICALLY_GROUNDED_MODEL_INPUT
62,KDA,routed_shared_reduction,2,4,1.2015,45,FRESH_PHYSICAL_TYPE_CONDITIONED,layer-62:FULL_MIXED_STRIPE:p8,PHYSICALLY_GROUNDED_MODEL_INPUT
62,KDA,router,1,4,0.64645,45,FRESH_PHYSICAL_TYPE_CONDITIONED,layer-62:FULL_MIXED_STRIPE:p8,PHYSICALLY_GROUNDED_MODEL_INPUT
62,KDA,shared_expert,8,4,0.2192,45,FRESH_PHYSICAL_TYPE_CONDITIONED,layer-62:FULL_MIXED_STRIPE:p8,PHYSICALLY_GROUNDED_MODEL_INPUT
62,KDA,shared_reduction,8,4,1.5376,45,FRESH_PHYSICAL_TYPE_CONDITIONED,layer-62:FULL_MIXED_STRIPE:p8,PHYSICALLY_GROUNDED_MODEL_INPUT
62,KDA,worker_protocol,1,4,0.6952,45,FROZEN_PHYSICAL_AUTHENTICATED_FRAME,layer-62:FULL_MIXED_STRIPE:p8,PHYSICAL_INHERITED_E022
62,KDA,whole_layer,1,4,8.604849999999999,45,PHYSICAL_TYPE_CONDITIONED,layer-62:WHOLE_LAYER:p1,PHYSICALLY_GROUNDED_MODEL_INPUT
63,GATED_MLA,attention_common,1,1,0.0867,47,FRESH_PHYSICAL_TYPE_CONDITIONED,layer-63:FULL_MIXED_STRIPE:p8,PHYSICALLY_GROUNDED_MODEL_INPUT
63,GATED_MLA,attention_preprocess,1,1,0.34825,47,FRESH_PHYSICAL_TYPE_CONDITIONED,layer-63:FULL_MIXED_STRIPE:p8,PHYSICALLY_GROUNDED_MODEL_INPUT
63,GATED_MLA,attention_reduction,8,1,1.5127,47,FRESH_PHYSICAL_TYPE_CONDITIONED,layer-63:FULL_MIXED_STRIPE:p8,PHYSICALLY_GROUNDED_MODEL_INPUT
63,GATED_MLA,attention_shard,8,1,0.1987,47,FRESH_PHYSICAL_TYPE_CONDITIONED,layer-63:FULL_MIXED_STRIPE:p8,PHYSICALLY_GROUNDED_MODEL_INPUT
63,GATED_MLA,expert_reduction,8,1,1.183,47,FRESH_PHYSICAL_TYPE_CONDITIONED,layer-63:FULL_MIXED_STRIPE:p8,PHYSICALLY_GROUNDED_MODEL_INPUT
63,GATED_MLA,expert_stripe,8,1,0.2368,47,FRESH_PHYSICAL_TYPE_CONDITIONED,layer-63:FULL_MIXED_STRIPE:p8,PHYSICALLY_GROUNDED_MODEL_INPUT
63,GATED_MLA,latent_down,8,1,0.0443,47,FRESH_PHYSICAL_TYPE_CONDITIONED,layer-63:FULL_MIXED_STRIPE:p8,PHYSICALLY_GROUNDED_MODEL_INPUT
63,GATED_MLA,latent_up,8,1,0.04985,47,FRESH_PHYSICAL_TYPE_CONDITIONED,layer-63:FULL_MIXED_STRIPE:p8,PHYSICALLY_GROUNDED_MODEL_INPUT
63,GATED_MLA,latent_up_reduction,8,1,1.46,47,FRESH_PHYSICAL_TYPE_CONDITIONED,layer-63:FULL_MIXED_STRIPE:p8,PHYSICALLY_GROUNDED_MODEL_INPUT
63,GATED_MLA,output_state_commit,1,1,0.1533,47,FRESH_PHYSICAL_TYPE_CONDITIONED,layer-63:FULL_MIXED_STRIPE:p8,PHYSICALLY_GROUNDED_MODEL_INPUT
63,GATED_MLA,post_attention_preprocess,1,1,0.33235000000000003,47,FRESH_PHYSICAL_TYPE_CONDITIONED,layer-63:FULL_MIXED_STRIPE:p8,PHYSICALLY_GROUNDED_MODEL_INPUT
63,GATED_MLA,routed_norm,1,1,0.12535000000000002,47,FRESH_PHYSICAL_TYPE_CONDITIONED,layer-63:FULL_MIXED_STRIPE:p8,PHYSICALLY_GROUNDED_MODEL_INPUT
63,GATED_MLA,routed_shared_reduction,2,1,1.1742,47,FRESH_PHYSICAL_TYPE_CONDITIONED,layer-63:FULL_MIXED_STRIPE:p8,PHYSICALLY_GROUNDED_MODEL_INPUT
63,GATED_MLA,router,1,1,0.6397999999999999,47,FRESH_PHYSICAL_TYPE_CONDITIONED,layer-63:FULL_MIXED_STRIPE:p8,PHYSICALLY_GROUNDED_MODEL_INPUT
63,GATED_MLA,shared_expert,8,1,0.10835,47,FRESH_PHYSICAL_TYPE_CONDITIONED,layer-63:FULL_MIXED_STRIPE:p8,PHYSICALLY_GROUNDED_MODEL_INPUT
63,GATED_MLA,shared_reduction,8,1,1.46,47,FRESH_PHYSICAL_TYPE_CONDITIONED,layer-63:FULL_MIXED_STRIPE:p8,PHYSICALLY_GROUNDED_MODEL_INPUT
63,GATED_MLA,worker_protocol,1,1,0.3813,47,FROZEN_PHYSICAL_AUTHENTICATED_FRAME,layer-63:FULL_MIXED_STRIPE:p8,PHYSICAL_INHERITED_E022
63,GATED_MLA,whole_layer,1,1,3.6313,47,PHYSICAL_TYPE_CONDITIONED,layer-63:WHOLE_LAYER:p1,PHYSICALLY_GROUNDED_MODEL_INPUT
63,GATED_MLA,attention_common,1,2,0.0963,47,FRESH_PHYSICAL_TYPE_CONDITIONED,layer-63:FULL_MIXED_STRIPE:p8,PHYSICALLY_GROUNDED_MODEL_INPUT
63,GATED_MLA,attention_preprocess,1,2,0.54495,47,FRESH_PHYSICAL_TYPE_CONDITIONED,layer-63:FULL_MIXED_STRIPE:p8,PHYSICALLY_GROUNDED_MODEL_INPUT
63,GATED_MLA,attention_reduction,8,2,1.51195,47,FRESH_PHYSICAL_TYPE_CONDITIONED,layer-63:FULL_MIXED_STRIPE:p8,PHYSICALLY_GROUNDED_MODEL_INPUT
63,GATED_MLA,attention_shard,8,2,0.28745,47,FRESH_PHYSICAL_TYPE_CONDITIONED,layer-63:FULL_MIXED_STRIPE:p8,PHYSICALLY_GROUNDED_MODEL_INPUT
63,GATED_MLA,expert_reduction,8,2,1.0752,47,FRESH_PHYSICAL_TYPE_CONDITIONED,layer-63:FULL_MIXED_STRIPE:p8,PHYSICALLY_GROUNDED_MODEL_INPUT
63,GATED_MLA,expert_stripe,8,2,0.378,47,FRESH_PHYSICAL_TYPE_CONDITIONED,layer-63:FULL_MIXED_STRIPE:p8,PHYSICALLY_GROUNDED_MODEL_INPUT
63,GATED_MLA,latent_down,8,2,0.0489,47,FRESH_PHYSICAL_TYPE_CONDITIONED,layer-63:FULL_MIXED_STRIPE:p8,PHYSICALLY_GROUNDED_MODEL_INPUT
63,GATED_MLA,latent_up,8,2,0.05835,47,FRESH_PHYSICAL_TYPE_CONDITIONED,layer-63:FULL_MIXED_STRIPE:p8,PHYSICALLY_GROUNDED_MODEL_INPUT
63,GATED_MLA,latent_up_reduction,8,2,1.46,47,FRESH_PHYSICAL_TYPE_CONDITIONED,layer-63:FULL_MIXED_STRIPE:p8,PHYSICALLY_GROUNDED_MODEL_INPUT
63,GATED_MLA,output_state_commit,1,2,0.15645,47,FRESH_PHYSICAL_TYPE_CONDITIONED,layer-63:FULL_MIXED_STRIPE:p8,PHYSICALLY_GROUNDED_MODEL_INPUT
63,GATED_MLA,post_attention_preprocess,1,2,0.541,47,FRESH_PHYSICAL_TYPE_CONDITIONED,layer-63:FULL_MIXED_STRIPE:p8,PHYSICALLY_GROUNDED_MODEL_INPUT
63,GATED_MLA,routed_norm,1,2,0.1384,47,FRESH_PHYSICAL_TYPE_CONDITIONED,layer-63:FULL_MIXED_STRIPE:p8,PHYSICALLY_GROUNDED_MODEL_INPUT
63,GATED_MLA,routed_shared_reduction,2,2,1.2424,47,FRESH_PHYSICAL_TYPE_CONDITIONED,layer-63:FULL_MIXED_STRIPE:p8,PHYSICALLY_GROUNDED_MODEL_INPUT
63,GATED_MLA,router,1,2,0.6346,47,FRESH_PHYSICAL_TYPE_CONDITIONED,layer-63:FULL_MIXED_STRIPE:p8,PHYSICALLY_GROUNDED_MODEL_INPUT
63,GATED_MLA,shared_expert,8,2,0.1232,47,FRESH_PHYSICAL_TYPE_CONDITIONED,layer-63:FULL_MIXED_STRIPE:p8,PHYSICALLY_GROUNDED_MODEL_INPUT
63,GATED_MLA,shared_reduction,8,2,1.46,47,FRESH_PHYSICAL_TYPE_CONDITIONED,layer-63:FULL_MIXED_STRIPE:p8,PHYSICALLY_GROUNDED_MODEL_INPUT
63,GATED_MLA,worker_protocol,1,2,0.4718,47,FROZEN_PHYSICAL_AUTHENTICATED_FRAME,layer-63:FULL_MIXED_STRIPE:p8,PHYSICAL_INHERITED_E022
63,GATED_MLA,whole_layer,1,2,5.43685,47,PHYSICAL_TYPE_CONDITIONED,layer-63:WHOLE_LAYER:p1,PHYSICALLY_GROUNDED_MODEL_INPUT
63,GATED_MLA,attention_common,1,4,0.17265,47,FRESH_PHYSICAL_TYPE_CONDITIONED,layer-63:FULL_MIXED_STRIPE:p8,PHYSICALLY_GROUNDED_MODEL_INPUT
63,GATED_MLA,attention_preprocess,1,4,0.98235,47,FRESH_PHYSICAL_TYPE_CONDITIONED,layer-63:FULL_MIXED_STRIPE:p8,PHYSICALLY_GROUNDED_MODEL_INPUT
63,GATED_MLA,attention_reduction,8,4,1.601,47,FRESH_PHYSICAL_TYPE_CONDITIONED,layer-63:FULL_MIXED_STRIPE:p8,PHYSICALLY_GROUNDED_MODEL_INPUT
63,GATED_MLA,attention_shard,8,4,0.4851,47,FRESH_PHYSICAL_TYPE_CONDITIONED,layer-63:FULL_MIXED_STRIPE:p8,PHYSICALLY_GROUNDED_MODEL_INPUT
63,GATED_MLA,expert_reduction,8,4,1.466,47,FRESH_PHYSICAL_TYPE_CONDITIONED,layer-63:FULL_MIXED_STRIPE:p8,PHYSICALLY_GROUNDED_MODEL_INPUT
63,GATED_MLA,expert_stripe,8,4,0.66125,47,FRESH_PHYSICAL_TYPE_CONDITIONED,layer-63:FULL_MIXED_STRIPE:p8,PHYSICALLY_GROUNDED_MODEL_INPUT
63,GATED_MLA,latent_down,8,4,0.08595,47,FRESH_PHYSICAL_TYPE_CONDITIONED,layer-63:FULL_MIXED_STRIPE:p8,PHYSICALLY_GROUNDED_MODEL_INPUT
63,GATED_MLA,latent_up,8,4,0.0813,47,FRESH_PHYSICAL_TYPE_CONDITIONED,layer-63:FULL_MIXED_STRIPE:p8,PHYSICALLY_GROUNDED_MODEL_INPUT
63,GATED_MLA,latent_up_reduction,8,4,1.5376,47,FRESH_PHYSICAL_TYPE_CONDITIONED,layer-63:FULL_MIXED_STRIPE:p8,PHYSICALLY_GROUNDED_MODEL_INPUT
63,GATED_MLA,output_state_commit,1,4,0.1817,47,FRESH_PHYSICAL_TYPE_CONDITIONED,layer-63:FULL_MIXED_STRIPE:p8,PHYSICALLY_GROUNDED_MODEL_INPUT
63,GATED_MLA,post_attention_preprocess,1,4,0.9854,47,FRESH_PHYSICAL_TYPE_CONDITIONED,layer-63:FULL_MIXED_STRIPE:p8,PHYSICALLY_GROUNDED_MODEL_INPUT
63,GATED_MLA,routed_norm,1,4,0.14075,47,FRESH_PHYSICAL_TYPE_CONDITIONED,layer-63:FULL_MIXED_STRIPE:p8,PHYSICALLY_GROUNDED_MODEL_INPUT
63,GATED_MLA,routed_shared_reduction,2,4,1.2015,47,FRESH_PHYSICAL_TYPE_CONDITIONED,layer-63:FULL_MIXED_STRIPE:p8,PHYSICALLY_GROUNDED_MODEL_INPUT
63,GATED_MLA,router,1,4,0.63985,47,FRESH_PHYSICAL_TYPE_CONDITIONED,layer-63:FULL_MIXED_STRIPE:p8,PHYSICALLY_GROUNDED_MODEL_INPUT
63,GATED_MLA,shared_expert,8,4,0.2192,47,FRESH_PHYSICAL_TYPE_CONDITIONED,layer-63:FULL_MIXED_STRIPE:p8,PHYSICALLY_GROUNDED_MODEL_INPUT
63,GATED_MLA,shared_reduction,8,4,1.5376,47,FRESH_PHYSICAL_TYPE_CONDITIONED,layer-63:FULL_MIXED_STRIPE:p8,PHYSICALLY_GROUNDED_MODEL_INPUT
63,GATED_MLA,worker_protocol,1,4,0.6952,47,FROZEN_PHYSICAL_AUTHENTICATED_FRAME,layer-63:FULL_MIXED_STRIPE:p8,PHYSICAL_INHERITED_E022
63,GATED_MLA,whole_layer,1,4,7.946199999999999,47,PHYSICAL_TYPE_CONDITIONED,layer-63:WHOLE_LAYER:p1,PHYSICALLY_GROUNDED_MODEL_INPUT
64,KDA,attention_common,1,1,0.050699999999999995,45,FRESH_PHYSICAL_TYPE_CONDITIONED,layer-64:FULL_MIXED_STRIPE:p8,PHYSICALLY_GROUNDED_MODEL_INPUT
64,KDA,attention_preprocess,1,1,0.3388,45,FRESH_PHYSICAL_TYPE_CONDITIONED,layer-64:FULL_MIXED_STRIPE:p8,PHYSICALLY_GROUNDED_MODEL_INPUT
64,KDA,attention_reduction,8,1,1.5225,45,FRESH_PHYSICAL_TYPE_CONDITIONED,layer-64:FULL_MIXED_STRIPE:p8,PHYSICALLY_GROUNDED_MODEL_INPUT
64,KDA,attention_shard,8,1,0.3079,45,FRESH_PHYSICAL_TYPE_CONDITIONED,layer-64:FULL_MIXED_STRIPE:p8,PHYSICALLY_GROUNDED_MODEL_INPUT
64,KDA,expert_reduction,8,1,1.183,45,FRESH_PHYSICAL_TYPE_CONDITIONED,layer-64:FULL_MIXED_STRIPE:p8,PHYSICALLY_GROUNDED_MODEL_INPUT
64,KDA,expert_stripe,8,1,0.23620000000000002,45,FRESH_PHYSICAL_TYPE_CONDITIONED,layer-64:FULL_MIXED_STRIPE:p8,PHYSICALLY_GROUNDED_MODEL_INPUT
64,KDA,latent_down,8,1,0.0447,45,FRESH_PHYSICAL_TYPE_CONDITIONED,layer-64:FULL_MIXED_STRIPE:p8,PHYSICALLY_GROUNDED_MODEL_INPUT
64,KDA,latent_up,8,1,0.0463,45,FRESH_PHYSICAL_TYPE_CONDITIONED,layer-64:FULL_MIXED_STRIPE:p8,PHYSICALLY_GROUNDED_MODEL_INPUT
64,KDA,latent_up_reduction,8,1,1.46,45,FRESH_PHYSICAL_TYPE_CONDITIONED,layer-64:FULL_MIXED_STRIPE:p8,PHYSICALLY_GROUNDED_MODEL_INPUT
64,KDA,output_state_commit,1,1,0.15115,45,FRESH_PHYSICAL_TYPE_CONDITIONED,layer-64:FULL_MIXED_STRIPE:p8,PHYSICALLY_GROUNDED_MODEL_INPUT
64,KDA,post_attention_preprocess,1,1,0.3276,45,FRESH_PHYSICAL_TYPE_CONDITIONED,layer-64:FULL_MIXED_STRIPE:p8,PHYSICALLY_GROUNDED_MODEL_INPUT
64,KDA,routed_norm,1,1,0.13645000000000002,45,FRESH_PHYSICAL_TYPE_CONDITIONED,layer-64:FULL_MIXED_STRIPE:p8,PHYSICALLY_GROUNDED_MODEL_INPUT
64,KDA,routed_shared_reduction,2,1,1.1742,45,FRESH_PHYSICAL_TYPE_CONDITIONED,layer-64:FULL_MIXED_STRIPE:p8,PHYSICALLY_GROUNDED_MODEL_INPUT
64,KDA,router,1,1,0.6472,45,FRESH_PHYSICAL_TYPE_CONDITIONED,layer-64:FULL_MIXED_STRIPE:p8,PHYSICALLY_GROUNDED_MODEL_INPUT
64,KDA,shared_expert,8,1,0.1073,45,FRESH_PHYSICAL_TYPE_CONDITIONED,layer-64:FULL_MIXED_STRIPE:p8,PHYSICALLY_GROUNDED_MODEL_INPUT
64,KDA,shared_reduction,8,1,1.46,45,FRESH_PHYSICAL_TYPE_CONDITIONED,layer-64:FULL_MIXED_STRIPE:p8,PHYSICALLY_GROUNDED_MODEL_INPUT
64,KDA,worker_protocol,1,1,0.3813,45,FROZEN_PHYSICAL_AUTHENTICATED_FRAME,layer-64:FULL_MIXED_STRIPE:p8,PHYSICAL_INHERITED_E022
64,KDA,whole_layer,1,1,4.212,45,PHYSICAL_TYPE_CONDITIONED,layer-64:WHOLE_LAYER:p1,PHYSICALLY_GROUNDED_MODEL_INPUT
64,KDA,attention_common,1,2,0.05115,45,FRESH_PHYSICAL_TYPE_CONDITIONED,layer-64:FULL_MIXED_STRIPE:p8,PHYSICALLY_GROUNDED_MODEL_INPUT
64,KDA,attention_preprocess,1,2,0.5454,45,FRESH_PHYSICAL_TYPE_CONDITIONED,layer-64:FULL_MIXED_STRIPE:p8,PHYSICALLY_GROUNDED_MODEL_INPUT
64,KDA,attention_reduction,8,2,1.52125,45,FRESH_PHYSICAL_TYPE_CONDITIONED,layer-64:FULL_MIXED_STRIPE:p8,PHYSICALLY_GROUNDED_MODEL_INPUT
64,KDA,attention_shard,8,2,0.40215,45,FRESH_PHYSICAL_TYPE_CONDITIONED,layer-64:FULL_MIXED_STRIPE:p8,PHYSICALLY_GROUNDED_MODEL_INPUT
64,KDA,expert_reduction,8,2,1.0752,45,FRESH_PHYSICAL_TYPE_CONDITIONED,layer-64:FULL_MIXED_STRIPE:p8,PHYSICALLY_GROUNDED_MODEL_INPUT
64,KDA,expert_stripe,8,2,0.39315,45,FRESH_PHYSICAL_TYPE_CONDITIONED,layer-64:FULL_MIXED_STRIPE:p8,PHYSICALLY_GROUNDED_MODEL_INPUT
64,KDA,latent_down,8,2,0.05,45,FRESH_PHYSICAL_TYPE_CONDITIONED,layer-64:FULL_MIXED_STRIPE:p8,PHYSICALLY_GROUNDED_MODEL_INPUT
64,KDA,latent_up,8,2,0.0584,45,FRESH_PHYSICAL_TYPE_CONDITIONED,layer-64:FULL_MIXED_STRIPE:p8,PHYSICALLY_GROUNDED_MODEL_INPUT
64,KDA,latent_up_reduction,8,2,1.46,45,FRESH_PHYSICAL_TYPE_CONDITIONED,layer-64:FULL_MIXED_STRIPE:p8,PHYSICALLY_GROUNDED_MODEL_INPUT
64,KDA,output_state_commit,1,2,0.15510000000000002,45,FRESH_PHYSICAL_TYPE_CONDITIONED,layer-64:FULL_MIXED_STRIPE:p8,PHYSICALLY_GROUNDED_MODEL_INPUT
64,KDA,post_attention_preprocess,1,2,0.54325,45,FRESH_PHYSICAL_TYPE_CONDITIONED,layer-64:FULL_MIXED_STRIPE:p8,PHYSICALLY_GROUNDED_MODEL_INPUT
64,KDA,routed_norm,1,2,0.1233,45,FRESH_PHYSICAL_TYPE_CONDITIONED,layer-64:FULL_MIXED_STRIPE:p8,PHYSICALLY_GROUNDED_MODEL_INPUT
64,KDA,routed_shared_reduction,2,2,1.2424,45,FRESH_PHYSICAL_TYPE_CONDITIONED,layer-64:FULL_MIXED_STRIPE:p8,PHYSICALLY_GROUNDED_MODEL_INPUT
64,KDA,router,1,2,0.6437,45,FRESH_PHYSICAL_TYPE_CONDITIONED,layer-64:FULL_MIXED_STRIPE:p8,PHYSICALLY_GROUNDED_MODEL_INPUT
64,KDA,shared_expert,8,2,0.12365000000000001,45,FRESH_PHYSICAL_TYPE_CONDITIONED,layer-64:FULL_MIXED_STRIPE:p8,PHYSICALLY_GROUNDED_MODEL_INPUT
64,KDA,shared_reduction,8,2,1.46,45,FRESH_PHYSICAL_TYPE_CONDITIONED,layer-64:FULL_MIXED_STRIPE:p8,PHYSICALLY_GROUNDED_MODEL_INPUT
64,KDA,worker_protocol,1,2,0.4718,45,FROZEN_PHYSICAL_AUTHENTICATED_FRAME,layer-64:FULL_MIXED_STRIPE:p8,PHYSICAL_INHERITED_E022
64,KDA,whole_layer,1,2,5.8731,45,PHYSICAL_TYPE_CONDITIONED,layer-64:WHOLE_LAYER:p1,PHYSICALLY_GROUNDED_MODEL_INPUT
64,KDA,attention_common,1,4,0.0511,45,FRESH_PHYSICAL_TYPE_CONDITIONED,layer-64:FULL_MIXED_STRIPE:p8,PHYSICALLY_GROUNDED_MODEL_INPUT
64,KDA,attention_preprocess,1,4,0.9714,45,FRESH_PHYSICAL_TYPE_CONDITIONED,layer-64:FULL_MIXED_STRIPE:p8,PHYSICALLY_GROUNDED_MODEL_INPUT
64,KDA,attention_reduction,8,4,1.6047500000000001,45,FRESH_PHYSICAL_TYPE_CONDITIONED,layer-64:FULL_MIXED_STRIPE:p8,PHYSICALLY_GROUNDED_MODEL_INPUT
64,KDA,attention_shard,8,4,0.6811,45,FRESH_PHYSICAL_TYPE_CONDITIONED,layer-64:FULL_MIXED_STRIPE:p8,PHYSICALLY_GROUNDED_MODEL_INPUT
64,KDA,expert_reduction,8,4,1.466,45,FRESH_PHYSICAL_TYPE_CONDITIONED,layer-64:FULL_MIXED_STRIPE:p8,PHYSICALLY_GROUNDED_MODEL_INPUT
64,KDA,expert_stripe,8,4,0.6790499999999999,45,FRESH_PHYSICAL_TYPE_CONDITIONED,layer-64:FULL_MIXED_STRIPE:p8,PHYSICALLY_GROUNDED_MODEL_INPUT
64,KDA,latent_down,8,4,0.0902,45,FRESH_PHYSICAL_TYPE_CONDITIONED,layer-64:FULL_MIXED_STRIPE:p8,PHYSICALLY_GROUNDED_MODEL_INPUT
64,KDA,latent_up,8,4,0.0815,45,FRESH_PHYSICAL_TYPE_CONDITIONED,layer-64:FULL_MIXED_STRIPE:p8,PHYSICALLY_GROUNDED_MODEL_INPUT
64,KDA,latent_up_reduction,8,4,1.5376,45,FRESH_PHYSICAL_TYPE_CONDITIONED,layer-64:FULL_MIXED_STRIPE:p8,PHYSICALLY_GROUNDED_MODEL_INPUT
64,KDA,output_state_commit,1,4,0.18295,45,FRESH_PHYSICAL_TYPE_CONDITIONED,layer-64:FULL_MIXED_STRIPE:p8,PHYSICALLY_GROUNDED_MODEL_INPUT
64,KDA,post_attention_preprocess,1,4,0.9783,45,FRESH_PHYSICAL_TYPE_CONDITIONED,layer-64:FULL_MIXED_STRIPE:p8,PHYSICALLY_GROUNDED_MODEL_INPUT
64,KDA,routed_norm,1,4,0.1302,45,FRESH_PHYSICAL_TYPE_CONDITIONED,layer-64:FULL_MIXED_STRIPE:p8,PHYSICALLY_GROUNDED_MODEL_INPUT
64,KDA,routed_shared_reduction,2,4,1.2015,45,FRESH_PHYSICAL_TYPE_CONDITIONED,layer-64:FULL_MIXED_STRIPE:p8,PHYSICALLY_GROUNDED_MODEL_INPUT
64,KDA,router,1,4,0.64645,45,FRESH_PHYSICAL_TYPE_CONDITIONED,layer-64:FULL_MIXED_STRIPE:p8,PHYSICALLY_GROUNDED_MODEL_INPUT
64,KDA,shared_expert,8,4,0.2192,45,FRESH_PHYSICAL_TYPE_CONDITIONED,layer-64:FULL_MIXED_STRIPE:p8,PHYSICALLY_GROUNDED_MODEL_INPUT
64,KDA,shared_reduction,8,4,1.5376,45,FRESH_PHYSICAL_TYPE_CONDITIONED,layer-64:FULL_MIXED_STRIPE:p8,PHYSICALLY_GROUNDED_MODEL_INPUT
64,KDA,worker_protocol,1,4,0.6952,45,FROZEN_PHYSICAL_AUTHENTICATED_FRAME,layer-64:FULL_MIXED_STRIPE:p8,PHYSICAL_INHERITED_E022
64,KDA,whole_layer,1,4,8.604849999999999,45,PHYSICAL_TYPE_CONDITIONED,layer-64:WHOLE_LAYER:p1,PHYSICALLY_GROUNDED_MODEL_INPUT
65,KDA,attention_common,1,1,0.050699999999999995,45,FRESH_PHYSICAL_TYPE_CONDITIONED,layer-65:FULL_MIXED_STRIPE:p8,PHYSICALLY_GROUNDED_MODEL_INPUT
65,KDA,attention_preprocess,1,1,0.3388,45,FRESH_PHYSICAL_TYPE_CONDITIONED,layer-65:FULL_MIXED_STRIPE:p8,PHYSICALLY_GROUNDED_MODEL_INPUT
65,KDA,attention_reduction,8,1,1.5225,45,FRESH_PHYSICAL_TYPE_CONDITIONED,layer-65:FULL_MIXED_STRIPE:p8,PHYSICALLY_GROUNDED_MODEL_INPUT
65,KDA,attention_shard,8,1,0.3079,45,FRESH_PHYSICAL_TYPE_CONDITIONED,layer-65:FULL_MIXED_STRIPE:p8,PHYSICALLY_GROUNDED_MODEL_INPUT
65,KDA,expert_reduction,8,1,1.183,45,FRESH_PHYSICAL_TYPE_CONDITIONED,layer-65:FULL_MIXED_STRIPE:p8,PHYSICALLY_GROUNDED_MODEL_INPUT
65,KDA,expert_stripe,8,1,0.23620000000000002,45,FRESH_PHYSICAL_TYPE_CONDITIONED,layer-65:FULL_MIXED_STRIPE:p8,PHYSICALLY_GROUNDED_MODEL_INPUT
65,KDA,latent_down,8,1,0.0447,45,FRESH_PHYSICAL_TYPE_CONDITIONED,layer-65:FULL_MIXED_STRIPE:p8,PHYSICALLY_GROUNDED_MODEL_INPUT
65,KDA,latent_up,8,1,0.0463,45,FRESH_PHYSICAL_TYPE_CONDITIONED,layer-65:FULL_MIXED_STRIPE:p8,PHYSICALLY_GROUNDED_MODEL_INPUT
65,KDA,latent_up_reduction,8,1,1.46,45,FRESH_PHYSICAL_TYPE_CONDITIONED,layer-65:FULL_MIXED_STRIPE:p8,PHYSICALLY_GROUNDED_MODEL_INPUT
65,KDA,output_state_commit,1,1,0.15115,45,FRESH_PHYSICAL_TYPE_CONDITIONED,layer-65:FULL_MIXED_STRIPE:p8,PHYSICALLY_GROUNDED_MODEL_INPUT
65,KDA,post_attention_preprocess,1,1,0.3276,45,FRESH_PHYSICAL_TYPE_CONDITIONED,layer-65:FULL_MIXED_STRIPE:p8,PHYSICALLY_GROUNDED_MODEL_INPUT
65,KDA,routed_norm,1,1,0.13645000000000002,45,FRESH_PHYSICAL_TYPE_CONDITIONED,layer-65:FULL_MIXED_STRIPE:p8,PHYSICALLY_GROUNDED_MODEL_INPUT
65,KDA,routed_shared_reduction,2,1,1.1742,45,FRESH_PHYSICAL_TYPE_CONDITIONED,layer-65:FULL_MIXED_STRIPE:p8,PHYSICALLY_GROUNDED_MODEL_INPUT
65,KDA,router,1,1,0.6472,45,FRESH_PHYSICAL_TYPE_CONDITIONED,layer-65:FULL_MIXED_STRIPE:p8,PHYSICALLY_GROUNDED_MODEL_INPUT
65,KDA,shared_expert,8,1,0.1073,45,FRESH_PHYSICAL_TYPE_CONDITIONED,layer-65:FULL_MIXED_STRIPE:p8,PHYSICALLY_GROUNDED_MODEL_INPUT
65,KDA,shared_reduction,8,1,1.46,45,FRESH_PHYSICAL_TYPE_CONDITIONED,layer-65:FULL_MIXED_STRIPE:p8,PHYSICALLY_GROUNDED_MODEL_INPUT
65,KDA,worker_protocol,1,1,0.3813,45,FROZEN_PHYSICAL_AUTHENTICATED_FRAME,layer-65:FULL_MIXED_STRIPE:p8,PHYSICAL_INHERITED_E022
65,KDA,whole_layer,1,1,4.212,45,PHYSICAL_TYPE_CONDITIONED,layer-65:WHOLE_LAYER:p1,PHYSICALLY_GROUNDED_MODEL_INPUT
65,KDA,attention_common,1,2,0.05115,45,FRESH_PHYSICAL_TYPE_CONDITIONED,layer-65:FULL_MIXED_STRIPE:p8,PHYSICALLY_GROUNDED_MODEL_INPUT
65,KDA,attention_preprocess,1,2,0.5454,45,FRESH_PHYSICAL_TYPE_CONDITIONED,layer-65:FULL_MIXED_STRIPE:p8,PHYSICALLY_GROUNDED_MODEL_INPUT
65,KDA,attention_reduction,8,2,1.52125,45,FRESH_PHYSICAL_TYPE_CONDITIONED,layer-65:FULL_MIXED_STRIPE:p8,PHYSICALLY_GROUNDED_MODEL_INPUT
65,KDA,attention_shard,8,2,0.40215,45,FRESH_PHYSICAL_TYPE_CONDITIONED,layer-65:FULL_MIXED_STRIPE:p8,PHYSICALLY_GROUNDED_MODEL_INPUT
65,KDA,expert_reduction,8,2,1.0752,45,FRESH_PHYSICAL_TYPE_CONDITIONED,layer-65:FULL_MIXED_STRIPE:p8,PHYSICALLY_GROUNDED_MODEL_INPUT
65,KDA,expert_stripe,8,2,0.39315,45,FRESH_PHYSICAL_TYPE_CONDITIONED,layer-65:FULL_MIXED_STRIPE:p8,PHYSICALLY_GROUNDED_MODEL_INPUT
65,KDA,latent_down,8,2,0.05,45,FRESH_PHYSICAL_TYPE_CONDITIONED,layer-65:FULL_MIXED_STRIPE:p8,PHYSICALLY_GROUNDED_MODEL_INPUT
65,KDA,latent_up,8,2,0.0584,45,FRESH_PHYSICAL_TYPE_CONDITIONED,layer-65:FULL_MIXED_STRIPE:p8,PHYSICALLY_GROUNDED_MODEL_INPUT
65,KDA,latent_up_reduction,8,2,1.46,45,FRESH_PHYSICAL_TYPE_CONDITIONED,layer-65:FULL_MIXED_STRIPE:p8,PHYSICALLY_GROUNDED_MODEL_INPUT
65,KDA,output_state_commit,1,2,0.15510000000000002,45,FRESH_PHYSICAL_TYPE_CONDITIONED,layer-65:FULL_MIXED_STRIPE:p8,PHYSICALLY_GROUNDED_MODEL_INPUT
65,KDA,post_attention_preprocess,1,2,0.54325,45,FRESH_PHYSICAL_TYPE_CONDITIONED,layer-65:FULL_MIXED_STRIPE:p8,PHYSICALLY_GROUNDED_MODEL_INPUT
65,KDA,routed_norm,1,2,0.1233,45,FRESH_PHYSICAL_TYPE_CONDITIONED,layer-65:FULL_MIXED_STRIPE:p8,PHYSICALLY_GROUNDED_MODEL_INPUT
65,KDA,routed_shared_reduction,2,2,1.2424,45,FRESH_PHYSICAL_TYPE_CONDITIONED,layer-65:FULL_MIXED_STRIPE:p8,PHYSICALLY_GROUNDED_MODEL_INPUT
65,KDA,router,1,2,0.6437,45,FRESH_PHYSICAL_TYPE_CONDITIONED,layer-65:FULL_MIXED_STRIPE:p8,PHYSICALLY_GROUNDED_MODEL_INPUT
65,KDA,shared_expert,8,2,0.12365000000000001,45,FRESH_PHYSICAL_TYPE_CONDITIONED,layer-65:FULL_MIXED_STRIPE:p8,PHYSICALLY_GROUNDED_MODEL_INPUT
65,KDA,shared_reduction,8,2,1.46,45,FRESH_PHYSICAL_TYPE_CONDITIONED,layer-65:FULL_MIXED_STRIPE:p8,PHYSICALLY_GROUNDED_MODEL_INPUT
65,KDA,worker_protocol,1,2,0.4718,45,FROZEN_PHYSICAL_AUTHENTICATED_FRAME,layer-65:FULL_MIXED_STRIPE:p8,PHYSICAL_INHERITED_E022
65,KDA,whole_layer,1,2,5.8731,45,PHYSICAL_TYPE_CONDITIONED,layer-65:WHOLE_LAYER:p1,PHYSICALLY_GROUNDED_MODEL_INPUT
65,KDA,attention_common,1,4,0.0511,45,FRESH_PHYSICAL_TYPE_CONDITIONED,layer-65:FULL_MIXED_STRIPE:p8,PHYSICALLY_GROUNDED_MODEL_INPUT
65,KDA,attention_preprocess,1,4,0.9714,45,FRESH_PHYSICAL_TYPE_CONDITIONED,layer-65:FULL_MIXED_STRIPE:p8,PHYSICALLY_GROUNDED_MODEL_INPUT
65,KDA,attention_reduction,8,4,1.6047500000000001,45,FRESH_PHYSICAL_TYPE_CONDITIONED,layer-65:FULL_MIXED_STRIPE:p8,PHYSICALLY_GROUNDED_MODEL_INPUT
65,KDA,attention_shard,8,4,0.6811,45,FRESH_PHYSICAL_TYPE_CONDITIONED,layer-65:FULL_MIXED_STRIPE:p8,PHYSICALLY_GROUNDED_MODEL_INPUT
65,KDA,expert_reduction,8,4,1.466,45,FRESH_PHYSICAL_TYPE_CONDITIONED,layer-65:FULL_MIXED_STRIPE:p8,PHYSICALLY_GROUNDED_MODEL_INPUT
65,KDA,expert_stripe,8,4,0.6790499999999999,45,FRESH_PHYSICAL_TYPE_CONDITIONED,layer-65:FULL_MIXED_STRIPE:p8,PHYSICALLY_GROUNDED_MODEL_INPUT
65,KDA,latent_down,8,4,0.0902,45,FRESH_PHYSICAL_TYPE_CONDITIONED,layer-65:FULL_MIXED_STRIPE:p8,PHYSICALLY_GROUNDED_MODEL_INPUT
65,KDA,latent_up,8,4,0.0815,45,FRESH_PHYSICAL_TYPE_CONDITIONED,layer-65:FULL_MIXED_STRIPE:p8,PHYSICALLY_GROUNDED_MODEL_INPUT
65,KDA,latent_up_reduction,8,4,1.5376,45,FRESH_PHYSICAL_TYPE_CONDITIONED,layer-65:FULL_MIXED_STRIPE:p8,PHYSICALLY_GROUNDED_MODEL_INPUT
65,KDA,output_state_commit,1,4,0.18295,45,FRESH_PHYSICAL_TYPE_CONDITIONED,layer-65:FULL_MIXED_STRIPE:p8,PHYSICALLY_GROUNDED_MODEL_INPUT
65,KDA,post_attention_preprocess,1,4,0.9783,45,FRESH_PHYSICAL_TYPE_CONDITIONED,layer-65:FULL_MIXED_STRIPE:p8,PHYSICALLY_GROUNDED_MODEL_INPUT
65,KDA,routed_norm,1,4,0.1302,45,FRESH_PHYSICAL_TYPE_CONDITIONED,layer-65:FULL_MIXED_STRIPE:p8,PHYSICALLY_GROUNDED_MODEL_INPUT
65,KDA,routed_shared_reduction,2,4,1.2015,45,FRESH_PHYSICAL_TYPE_CONDITIONED,layer-65:FULL_MIXED_STRIPE:p8,PHYSICALLY_GROUNDED_MODEL_INPUT
65,KDA,router,1,4,0.64645,45,FRESH_PHYSICAL_TYPE_CONDITIONED,layer-65:FULL_MIXED_STRIPE:p8,PHYSICALLY_GROUNDED_MODEL_INPUT
65,KDA,shared_expert,8,4,0.2192,45,FRESH_PHYSICAL_TYPE_CONDITIONED,layer-65:FULL_MIXED_STRIPE:p8,PHYSICALLY_GROUNDED_MODEL_INPUT
65,KDA,shared_reduction,8,4,1.5376,45,FRESH_PHYSICAL_TYPE_CONDITIONED,layer-65:FULL_MIXED_STRIPE:p8,PHYSICALLY_GROUNDED_MODEL_INPUT
65,KDA,worker_protocol,1,4,0.6952,45,FROZEN_PHYSICAL_AUTHENTICATED_FRAME,layer-65:FULL_MIXED_STRIPE:p8,PHYSICAL_INHERITED_E022
65,KDA,whole_layer,1,4,8.604849999999999,45,PHYSICAL_TYPE_CONDITIONED,layer-65:WHOLE_LAYER:p1,PHYSICALLY_GROUNDED_MODEL_INPUT
66,KDA,attention_common,1,1,0.050699999999999995,45,FRESH_PHYSICAL_TYPE_CONDITIONED,layer-66:FULL_MIXED_STRIPE:p8,PHYSICALLY_GROUNDED_MODEL_INPUT
66,KDA,attention_preprocess,1,1,0.3388,45,FRESH_PHYSICAL_TYPE_CONDITIONED,layer-66:FULL_MIXED_STRIPE:p8,PHYSICALLY_GROUNDED_MODEL_INPUT
66,KDA,attention_reduction,8,1,1.5225,45,FRESH_PHYSICAL_TYPE_CONDITIONED,layer-66:FULL_MIXED_STRIPE:p8,PHYSICALLY_GROUNDED_MODEL_INPUT
66,KDA,attention_shard,8,1,0.3079,45,FRESH_PHYSICAL_TYPE_CONDITIONED,layer-66:FULL_MIXED_STRIPE:p8,PHYSICALLY_GROUNDED_MODEL_INPUT
66,KDA,expert_reduction,8,1,1.183,45,FRESH_PHYSICAL_TYPE_CONDITIONED,layer-66:FULL_MIXED_STRIPE:p8,PHYSICALLY_GROUNDED_MODEL_INPUT
66,KDA,expert_stripe,8,1,0.23620000000000002,45,FRESH_PHYSICAL_TYPE_CONDITIONED,layer-66:FULL_MIXED_STRIPE:p8,PHYSICALLY_GROUNDED_MODEL_INPUT
66,KDA,latent_down,8,1,0.0447,45,FRESH_PHYSICAL_TYPE_CONDITIONED,layer-66:FULL_MIXED_STRIPE:p8,PHYSICALLY_GROUNDED_MODEL_INPUT
66,KDA,latent_up,8,1,0.0463,45,FRESH_PHYSICAL_TYPE_CONDITIONED,layer-66:FULL_MIXED_STRIPE:p8,PHYSICALLY_GROUNDED_MODEL_INPUT
66,KDA,latent_up_reduction,8,1,1.46,45,FRESH_PHYSICAL_TYPE_CONDITIONED,layer-66:FULL_MIXED_STRIPE:p8,PHYSICALLY_GROUNDED_MODEL_INPUT
66,KDA,output_state_commit,1,1,0.15115,45,FRESH_PHYSICAL_TYPE_CONDITIONED,layer-66:FULL_MIXED_STRIPE:p8,PHYSICALLY_GROUNDED_MODEL_INPUT
66,KDA,post_attention_preprocess,1,1,0.3276,45,FRESH_PHYSICAL_TYPE_CONDITIONED,layer-66:FULL_MIXED_STRIPE:p8,PHYSICALLY_GROUNDED_MODEL_INPUT
66,KDA,routed_norm,1,1,0.13645000000000002,45,FRESH_PHYSICAL_TYPE_CONDITIONED,layer-66:FULL_MIXED_STRIPE:p8,PHYSICALLY_GROUNDED_MODEL_INPUT
66,KDA,routed_shared_reduction,2,1,1.1742,45,FRESH_PHYSICAL_TYPE_CONDITIONED,layer-66:FULL_MIXED_STRIPE:p8,PHYSICALLY_GROUNDED_MODEL_INPUT
66,KDA,router,1,1,0.6472,45,FRESH_PHYSICAL_TYPE_CONDITIONED,layer-66:FULL_MIXED_STRIPE:p8,PHYSICALLY_GROUNDED_MODEL_INPUT
66,KDA,shared_expert,8,1,0.1073,45,FRESH_PHYSICAL_TYPE_CONDITIONED,layer-66:FULL_MIXED_STRIPE:p8,PHYSICALLY_GROUNDED_MODEL_INPUT
66,KDA,shared_reduction,8,1,1.46,45,FRESH_PHYSICAL_TYPE_CONDITIONED,layer-66:FULL_MIXED_STRIPE:p8,PHYSICALLY_GROUNDED_MODEL_INPUT
66,KDA,worker_protocol,1,1,0.3813,45,FROZEN_PHYSICAL_AUTHENTICATED_FRAME,layer-66:FULL_MIXED_STRIPE:p8,PHYSICAL_INHERITED_E022
66,KDA,whole_layer,1,1,4.212,45,PHYSICAL_TYPE_CONDITIONED,layer-66:WHOLE_LAYER:p1,PHYSICALLY_GROUNDED_MODEL_INPUT
66,KDA,attention_common,1,2,0.05115,45,FRESH_PHYSICAL_TYPE_CONDITIONED,layer-66:FULL_MIXED_STRIPE:p8,PHYSICALLY_GROUNDED_MODEL_INPUT
66,KDA,attention_preprocess,1,2,0.5454,45,FRESH_PHYSICAL_TYPE_CONDITIONED,layer-66:FULL_MIXED_STRIPE:p8,PHYSICALLY_GROUNDED_MODEL_INPUT
66,KDA,attention_reduction,8,2,1.52125,45,FRESH_PHYSICAL_TYPE_CONDITIONED,layer-66:FULL_MIXED_STRIPE:p8,PHYSICALLY_GROUNDED_MODEL_INPUT
66,KDA,attention_shard,8,2,0.40215,45,FRESH_PHYSICAL_TYPE_CONDITIONED,layer-66:FULL_MIXED_STRIPE:p8,PHYSICALLY_GROUNDED_MODEL_INPUT
66,KDA,expert_reduction,8,2,1.0752,45,FRESH_PHYSICAL_TYPE_CONDITIONED,layer-66:FULL_MIXED_STRIPE:p8,PHYSICALLY_GROUNDED_MODEL_INPUT
66,KDA,expert_stripe,8,2,0.39315,45,FRESH_PHYSICAL_TYPE_CONDITIONED,layer-66:FULL_MIXED_STRIPE:p8,PHYSICALLY_GROUNDED_MODEL_INPUT
66,KDA,latent_down,8,2,0.05,45,FRESH_PHYSICAL_TYPE_CONDITIONED,layer-66:FULL_MIXED_STRIPE:p8,PHYSICALLY_GROUNDED_MODEL_INPUT
66,KDA,latent_up,8,2,0.0584,45,FRESH_PHYSICAL_TYPE_CONDITIONED,layer-66:FULL_MIXED_STRIPE:p8,PHYSICALLY_GROUNDED_MODEL_INPUT
66,KDA,latent_up_reduction,8,2,1.46,45,FRESH_PHYSICAL_TYPE_CONDITIONED,layer-66:FULL_MIXED_STRIPE:p8,PHYSICALLY_GROUNDED_MODEL_INPUT
66,KDA,output_state_commit,1,2,0.15510000000000002,45,FRESH_PHYSICAL_TYPE_CONDITIONED,layer-66:FULL_MIXED_STRIPE:p8,PHYSICALLY_GROUNDED_MODEL_INPUT
66,KDA,post_attention_preprocess,1,2,0.54325,45,FRESH_PHYSICAL_TYPE_CONDITIONED,layer-66:FULL_MIXED_STRIPE:p8,PHYSICALLY_GROUNDED_MODEL_INPUT
66,KDA,routed_norm,1,2,0.1233,45,FRESH_PHYSICAL_TYPE_CONDITIONED,layer-66:FULL_MIXED_STRIPE:p8,PHYSICALLY_GROUNDED_MODEL_INPUT
66,KDA,routed_shared_reduction,2,2,1.2424,45,FRESH_PHYSICAL_TYPE_CONDITIONED,layer-66:FULL_MIXED_STRIPE:p8,PHYSICALLY_GROUNDED_MODEL_INPUT
66,KDA,router,1,2,0.6437,45,FRESH_PHYSICAL_TYPE_CONDITIONED,layer-66:FULL_MIXED_STRIPE:p8,PHYSICALLY_GROUNDED_MODEL_INPUT
66,KDA,shared_expert,8,2,0.12365000000000001,45,FRESH_PHYSICAL_TYPE_CONDITIONED,layer-66:FULL_MIXED_STRIPE:p8,PHYSICALLY_GROUNDED_MODEL_INPUT
66,KDA,shared_reduction,8,2,1.46,45,FRESH_PHYSICAL_TYPE_CONDITIONED,layer-66:FULL_MIXED_STRIPE:p8,PHYSICALLY_GROUNDED_MODEL_INPUT
66,KDA,worker_protocol,1,2,0.4718,45,FROZEN_PHYSICAL_AUTHENTICATED_FRAME,layer-66:FULL_MIXED_STRIPE:p8,PHYSICAL_INHERITED_E022
66,KDA,whole_layer,1,2,5.8731,45,PHYSICAL_TYPE_CONDITIONED,layer-66:WHOLE_LAYER:p1,PHYSICALLY_GROUNDED_MODEL_INPUT
66,KDA,attention_common,1,4,0.0511,45,FRESH_PHYSICAL_TYPE_CONDITIONED,layer-66:FULL_MIXED_STRIPE:p8,PHYSICALLY_GROUNDED_MODEL_INPUT
66,KDA,attention_preprocess,1,4,0.9714,45,FRESH_PHYSICAL_TYPE_CONDITIONED,layer-66:FULL_MIXED_STRIPE:p8,PHYSICALLY_GROUNDED_MODEL_INPUT
66,KDA,attention_reduction,8,4,1.6047500000000001,45,FRESH_PHYSICAL_TYPE_CONDITIONED,layer-66:FULL_MIXED_STRIPE:p8,PHYSICALLY_GROUNDED_MODEL_INPUT
66,KDA,attention_shard,8,4,0.6811,45,FRESH_PHYSICAL_TYPE_CONDITIONED,layer-66:FULL_MIXED_STRIPE:p8,PHYSICALLY_GROUNDED_MODEL_INPUT
66,KDA,expert_reduction,8,4,1.466,45,FRESH_PHYSICAL_TYPE_CONDITIONED,layer-66:FULL_MIXED_STRIPE:p8,PHYSICALLY_GROUNDED_MODEL_INPUT
66,KDA,expert_stripe,8,4,0.6790499999999999,45,FRESH_PHYSICAL_TYPE_CONDITIONED,layer-66:FULL_MIXED_STRIPE:p8,PHYSICALLY_GROUNDED_MODEL_INPUT
66,KDA,latent_down,8,4,0.0902,45,FRESH_PHYSICAL_TYPE_CONDITIONED,layer-66:FULL_MIXED_STRIPE:p8,PHYSICALLY_GROUNDED_MODEL_INPUT
66,KDA,latent_up,8,4,0.0815,45,FRESH_PHYSICAL_TYPE_CONDITIONED,layer-66:FULL_MIXED_STRIPE:p8,PHYSICALLY_GROUNDED_MODEL_INPUT
66,KDA,latent_up_reduction,8,4,1.5376,45,FRESH_PHYSICAL_TYPE_CONDITIONED,layer-66:FULL_MIXED_STRIPE:p8,PHYSICALLY_GROUNDED_MODEL_INPUT
66,KDA,output_state_commit,1,4,0.18295,45,FRESH_PHYSICAL_TYPE_CONDITIONED,layer-66:FULL_MIXED_STRIPE:p8,PHYSICALLY_GROUNDED_MODEL_INPUT
66,KDA,post_attention_preprocess,1,4,0.9783,45,FRESH_PHYSICAL_TYPE_CONDITIONED,layer-66:FULL_MIXED_STRIPE:p8,PHYSICALLY_GROUNDED_MODEL_INPUT
66,KDA,routed_norm,1,4,0.1302,45,FRESH_PHYSICAL_TYPE_CONDITIONED,layer-66:FULL_MIXED_STRIPE:p8,PHYSICALLY_GROUNDED_MODEL_INPUT
66,KDA,routed_shared_reduction,2,4,1.2015,45,FRESH_PHYSICAL_TYPE_CONDITIONED,layer-66:FULL_MIXED_STRIPE:p8,PHYSICALLY_GROUNDED_MODEL_INPUT
66,KDA,router,1,4,0.64645,45,FRESH_PHYSICAL_TYPE_CONDITIONED,layer-66:FULL_MIXED_STRIPE:p8,PHYSICALLY_GROUNDED_MODEL_INPUT
66,KDA,shared_expert,8,4,0.2192,45,FRESH_PHYSICAL_TYPE_CONDITIONED,layer-66:FULL_MIXED_STRIPE:p8,PHYSICALLY_GROUNDED_MODEL_INPUT
66,KDA,shared_reduction,8,4,1.5376,45,FRESH_PHYSICAL_TYPE_CONDITIONED,layer-66:FULL_MIXED_STRIPE:p8,PHYSICALLY_GROUNDED_MODEL_INPUT
66,KDA,worker_protocol,1,4,0.6952,45,FROZEN_PHYSICAL_AUTHENTICATED_FRAME,layer-66:FULL_MIXED_STRIPE:p8,PHYSICAL_INHERITED_E022
66,KDA,whole_layer,1,4,8.604849999999999,45,PHYSICAL_TYPE_CONDITIONED,layer-66:WHOLE_LAYER:p1,PHYSICALLY_GROUNDED_MODEL_INPUT
67,GATED_MLA,attention_common,1,1,0.0867,47,FRESH_PHYSICAL_TYPE_CONDITIONED,layer-67:FULL_MIXED_STRIPE:p8,PHYSICALLY_GROUNDED_MODEL_INPUT
67,GATED_MLA,attention_preprocess,1,1,0.34825,47,FRESH_PHYSICAL_TYPE_CONDITIONED,layer-67:FULL_MIXED_STRIPE:p8,PHYSICALLY_GROUNDED_MODEL_INPUT
67,GATED_MLA,attention_reduction,8,1,1.5127,47,FRESH_PHYSICAL_TYPE_CONDITIONED,layer-67:FULL_MIXED_STRIPE:p8,PHYSICALLY_GROUNDED_MODEL_INPUT
67,GATED_MLA,attention_shard,8,1,0.1987,47,FRESH_PHYSICAL_TYPE_CONDITIONED,layer-67:FULL_MIXED_STRIPE:p8,PHYSICALLY_GROUNDED_MODEL_INPUT
67,GATED_MLA,expert_reduction,8,1,1.183,47,FRESH_PHYSICAL_TYPE_CONDITIONED,layer-67:FULL_MIXED_STRIPE:p8,PHYSICALLY_GROUNDED_MODEL_INPUT
67,GATED_MLA,expert_stripe,8,1,0.2368,47,FRESH_PHYSICAL_TYPE_CONDITIONED,layer-67:FULL_MIXED_STRIPE:p8,PHYSICALLY_GROUNDED_MODEL_INPUT
67,GATED_MLA,latent_down,8,1,0.0443,47,FRESH_PHYSICAL_TYPE_CONDITIONED,layer-67:FULL_MIXED_STRIPE:p8,PHYSICALLY_GROUNDED_MODEL_INPUT
67,GATED_MLA,latent_up,8,1,0.04985,47,FRESH_PHYSICAL_TYPE_CONDITIONED,layer-67:FULL_MIXED_STRIPE:p8,PHYSICALLY_GROUNDED_MODEL_INPUT
67,GATED_MLA,latent_up_reduction,8,1,1.46,47,FRESH_PHYSICAL_TYPE_CONDITIONED,layer-67:FULL_MIXED_STRIPE:p8,PHYSICALLY_GROUNDED_MODEL_INPUT
67,GATED_MLA,output_state_commit,1,1,0.1533,47,FRESH_PHYSICAL_TYPE_CONDITIONED,layer-67:FULL_MIXED_STRIPE:p8,PHYSICALLY_GROUNDED_MODEL_INPUT
67,GATED_MLA,post_attention_preprocess,1,1,0.33235000000000003,47,FRESH_PHYSICAL_TYPE_CONDITIONED,layer-67:FULL_MIXED_STRIPE:p8,PHYSICALLY_GROUNDED_MODEL_INPUT
67,GATED_MLA,routed_norm,1,1,0.12535000000000002,47,FRESH_PHYSICAL_TYPE_CONDITIONED,layer-67:FULL_MIXED_STRIPE:p8,PHYSICALLY_GROUNDED_MODEL_INPUT
67,GATED_MLA,routed_shared_reduction,2,1,1.1742,47,FRESH_PHYSICAL_TYPE_CONDITIONED,layer-67:FULL_MIXED_STRIPE:p8,PHYSICALLY_GROUNDED_MODEL_INPUT
67,GATED_MLA,router,1,1,0.6397999999999999,47,FRESH_PHYSICAL_TYPE_CONDITIONED,layer-67:FULL_MIXED_STRIPE:p8,PHYSICALLY_GROUNDED_MODEL_INPUT
67,GATED_MLA,shared_expert,8,1,0.10835,47,FRESH_PHYSICAL_TYPE_CONDITIONED,layer-67:FULL_MIXED_STRIPE:p8,PHYSICALLY_GROUNDED_MODEL_INPUT
67,GATED_MLA,shared_reduction,8,1,1.46,47,FRESH_PHYSICAL_TYPE_CONDITIONED,layer-67:FULL_MIXED_STRIPE:p8,PHYSICALLY_GROUNDED_MODEL_INPUT
67,GATED_MLA,worker_protocol,1,1,0.3813,47,FROZEN_PHYSICAL_AUTHENTICATED_FRAME,layer-67:FULL_MIXED_STRIPE:p8,PHYSICAL_INHERITED_E022
67,GATED_MLA,whole_layer,1,1,3.6313,47,PHYSICAL_TYPE_CONDITIONED,layer-67:WHOLE_LAYER:p1,PHYSICALLY_GROUNDED_MODEL_INPUT
67,GATED_MLA,attention_common,1,2,0.0963,47,FRESH_PHYSICAL_TYPE_CONDITIONED,layer-67:FULL_MIXED_STRIPE:p8,PHYSICALLY_GROUNDED_MODEL_INPUT
67,GATED_MLA,attention_preprocess,1,2,0.54495,47,FRESH_PHYSICAL_TYPE_CONDITIONED,layer-67:FULL_MIXED_STRIPE:p8,PHYSICALLY_GROUNDED_MODEL_INPUT
67,GATED_MLA,attention_reduction,8,2,1.51195,47,FRESH_PHYSICAL_TYPE_CONDITIONED,layer-67:FULL_MIXED_STRIPE:p8,PHYSICALLY_GROUNDED_MODEL_INPUT
67,GATED_MLA,attention_shard,8,2,0.28745,47,FRESH_PHYSICAL_TYPE_CONDITIONED,layer-67:FULL_MIXED_STRIPE:p8,PHYSICALLY_GROUNDED_MODEL_INPUT
67,GATED_MLA,expert_reduction,8,2,1.0752,47,FRESH_PHYSICAL_TYPE_CONDITIONED,layer-67:FULL_MIXED_STRIPE:p8,PHYSICALLY_GROUNDED_MODEL_INPUT
67,GATED_MLA,expert_stripe,8,2,0.378,47,FRESH_PHYSICAL_TYPE_CONDITIONED,layer-67:FULL_MIXED_STRIPE:p8,PHYSICALLY_GROUNDED_MODEL_INPUT
67,GATED_MLA,latent_down,8,2,0.0489,47,FRESH_PHYSICAL_TYPE_CONDITIONED,layer-67:FULL_MIXED_STRIPE:p8,PHYSICALLY_GROUNDED_MODEL_INPUT
67,GATED_MLA,latent_up,8,2,0.05835,47,FRESH_PHYSICAL_TYPE_CONDITIONED,layer-67:FULL_MIXED_STRIPE:p8,PHYSICALLY_GROUNDED_MODEL_INPUT
67,GATED_MLA,latent_up_reduction,8,2,1.46,47,FRESH_PHYSICAL_TYPE_CONDITIONED,layer-67:FULL_MIXED_STRIPE:p8,PHYSICALLY_GROUNDED_MODEL_INPUT
67,GATED_MLA,output_state_commit,1,2,0.15645,47,FRESH_PHYSICAL_TYPE_CONDITIONED,layer-67:FULL_MIXED_STRIPE:p8,PHYSICALLY_GROUNDED_MODEL_INPUT
67,GATED_MLA,post_attention_preprocess,1,2,0.541,47,FRESH_PHYSICAL_TYPE_CONDITIONED,layer-67:FULL_MIXED_STRIPE:p8,PHYSICALLY_GROUNDED_MODEL_INPUT
67,GATED_MLA,routed_norm,1,2,0.1384,47,FRESH_PHYSICAL_TYPE_CONDITIONED,layer-67:FULL_MIXED_STRIPE:p8,PHYSICALLY_GROUNDED_MODEL_INPUT
67,GATED_MLA,routed_shared_reduction,2,2,1.2424,47,FRESH_PHYSICAL_TYPE_CONDITIONED,layer-67:FULL_MIXED_STRIPE:p8,PHYSICALLY_GROUNDED_MODEL_INPUT
67,GATED_MLA,router,1,2,0.6346,47,FRESH_PHYSICAL_TYPE_CONDITIONED,layer-67:FULL_MIXED_STRIPE:p8,PHYSICALLY_GROUNDED_MODEL_INPUT
67,GATED_MLA,shared_expert,8,2,0.1232,47,FRESH_PHYSICAL_TYPE_CONDITIONED,layer-67:FULL_MIXED_STRIPE:p8,PHYSICALLY_GROUNDED_MODEL_INPUT
67,GATED_MLA,shared_reduction,8,2,1.46,47,FRESH_PHYSICAL_TYPE_CONDITIONED,layer-67:FULL_MIXED_STRIPE:p8,PHYSICALLY_GROUNDED_MODEL_INPUT
67,GATED_MLA,worker_protocol,1,2,0.4718,47,FROZEN_PHYSICAL_AUTHENTICATED_FRAME,layer-67:FULL_MIXED_STRIPE:p8,PHYSICAL_INHERITED_E022
67,GATED_MLA,whole_layer,1,2,5.43685,47,PHYSICAL_TYPE_CONDITIONED,layer-67:WHOLE_LAYER:p1,PHYSICALLY_GROUNDED_MODEL_INPUT
67,GATED_MLA,attention_common,1,4,0.17265,47,FRESH_PHYSICAL_TYPE_CONDITIONED,layer-67:FULL_MIXED_STRIPE:p8,PHYSICALLY_GROUNDED_MODEL_INPUT
67,GATED_MLA,attention_preprocess,1,4,0.98235,47,FRESH_PHYSICAL_TYPE_CONDITIONED,layer-67:FULL_MIXED_STRIPE:p8,PHYSICALLY_GROUNDED_MODEL_INPUT
67,GATED_MLA,attention_reduction,8,4,1.601,47,FRESH_PHYSICAL_TYPE_CONDITIONED,layer-67:FULL_MIXED_STRIPE:p8,PHYSICALLY_GROUNDED_MODEL_INPUT
67,GATED_MLA,attention_shard,8,4,0.4851,47,FRESH_PHYSICAL_TYPE_CONDITIONED,layer-67:FULL_MIXED_STRIPE:p8,PHYSICALLY_GROUNDED_MODEL_INPUT
67,GATED_MLA,expert_reduction,8,4,1.466,47,FRESH_PHYSICAL_TYPE_CONDITIONED,layer-67:FULL_MIXED_STRIPE:p8,PHYSICALLY_GROUNDED_MODEL_INPUT
67,GATED_MLA,expert_stripe,8,4,0.66125,47,FRESH_PHYSICAL_TYPE_CONDITIONED,layer-67:FULL_MIXED_STRIPE:p8,PHYSICALLY_GROUNDED_MODEL_INPUT
67,GATED_MLA,latent_down,8,4,0.08595,47,FRESH_PHYSICAL_TYPE_CONDITIONED,layer-67:FULL_MIXED_STRIPE:p8,PHYSICALLY_GROUNDED_MODEL_INPUT
67,GATED_MLA,latent_up,8,4,0.0813,47,FRESH_PHYSICAL_TYPE_CONDITIONED,layer-67:FULL_MIXED_STRIPE:p8,PHYSICALLY_GROUNDED_MODEL_INPUT
67,GATED_MLA,latent_up_reduction,8,4,1.5376,47,FRESH_PHYSICAL_TYPE_CONDITIONED,layer-67:FULL_MIXED_STRIPE:p8,PHYSICALLY_GROUNDED_MODEL_INPUT
67,GATED_MLA,output_state_commit,1,4,0.1817,47,FRESH_PHYSICAL_TYPE_CONDITIONED,layer-67:FULL_MIXED_STRIPE:p8,PHYSICALLY_GROUNDED_MODEL_INPUT
67,GATED_MLA,post_attention_preprocess,1,4,0.9854,47,FRESH_PHYSICAL_TYPE_CONDITIONED,layer-67:FULL_MIXED_STRIPE:p8,PHYSICALLY_GROUNDED_MODEL_INPUT
67,GATED_MLA,routed_norm,1,4,0.14075,47,FRESH_PHYSICAL_TYPE_CONDITIONED,layer-67:FULL_MIXED_STRIPE:p8,PHYSICALLY_GROUNDED_MODEL_INPUT
67,GATED_MLA,routed_shared_reduction,2,4,1.2015,47,FRESH_PHYSICAL_TYPE_CONDITIONED,layer-67:FULL_MIXED_STRIPE:p8,PHYSICALLY_GROUNDED_MODEL_INPUT
67,GATED_MLA,router,1,4,0.63985,47,FRESH_PHYSICAL_TYPE_CONDITIONED,layer-67:FULL_MIXED_STRIPE:p8,PHYSICALLY_GROUNDED_MODEL_INPUT
67,GATED_MLA,shared_expert,8,4,0.2192,47,FRESH_PHYSICAL_TYPE_CONDITIONED,layer-67:FULL_MIXED_STRIPE:p8,PHYSICALLY_GROUNDED_MODEL_INPUT
67,GATED_MLA,shared_reduction,8,4,1.5376,47,FRESH_PHYSICAL_TYPE_CONDITIONED,layer-67:FULL_MIXED_STRIPE:p8,PHYSICALLY_GROUNDED_MODEL_INPUT
67,GATED_MLA,worker_protocol,1,4,0.6952,47,FROZEN_PHYSICAL_AUTHENTICATED_FRAME,layer-67:FULL_MIXED_STRIPE:p8,PHYSICAL_INHERITED_E022
67,GATED_MLA,whole_layer,1,4,7.946199999999999,47,PHYSICAL_TYPE_CONDITIONED,layer-67:WHOLE_LAYER:p1,PHYSICALLY_GROUNDED_MODEL_INPUT
68,KDA,attention_common,1,1,0.050699999999999995,45,FRESH_PHYSICAL_TYPE_CONDITIONED,layer-68:FULL_MIXED_STRIPE:p8,PHYSICALLY_GROUNDED_MODEL_INPUT
68,KDA,attention_preprocess,1,1,0.3388,45,FRESH_PHYSICAL_TYPE_CONDITIONED,layer-68:FULL_MIXED_STRIPE:p8,PHYSICALLY_GROUNDED_MODEL_INPUT
68,KDA,attention_reduction,8,1,1.5225,45,FRESH_PHYSICAL_TYPE_CONDITIONED,layer-68:FULL_MIXED_STRIPE:p8,PHYSICALLY_GROUNDED_MODEL_INPUT
68,KDA,attention_shard,8,1,0.3079,45,FRESH_PHYSICAL_TYPE_CONDITIONED,layer-68:FULL_MIXED_STRIPE:p8,PHYSICALLY_GROUNDED_MODEL_INPUT
68,KDA,expert_reduction,8,1,1.183,45,FRESH_PHYSICAL_TYPE_CONDITIONED,layer-68:FULL_MIXED_STRIPE:p8,PHYSICALLY_GROUNDED_MODEL_INPUT
68,KDA,expert_stripe,8,1,0.23620000000000002,45,FRESH_PHYSICAL_TYPE_CONDITIONED,layer-68:FULL_MIXED_STRIPE:p8,PHYSICALLY_GROUNDED_MODEL_INPUT
68,KDA,latent_down,8,1,0.0447,45,FRESH_PHYSICAL_TYPE_CONDITIONED,layer-68:FULL_MIXED_STRIPE:p8,PHYSICALLY_GROUNDED_MODEL_INPUT
68,KDA,latent_up,8,1,0.0463,45,FRESH_PHYSICAL_TYPE_CONDITIONED,layer-68:FULL_MIXED_STRIPE:p8,PHYSICALLY_GROUNDED_MODEL_INPUT
68,KDA,latent_up_reduction,8,1,1.46,45,FRESH_PHYSICAL_TYPE_CONDITIONED,layer-68:FULL_MIXED_STRIPE:p8,PHYSICALLY_GROUNDED_MODEL_INPUT
68,KDA,output_state_commit,1,1,0.15115,45,FRESH_PHYSICAL_TYPE_CONDITIONED,layer-68:FULL_MIXED_STRIPE:p8,PHYSICALLY_GROUNDED_MODEL_INPUT
68,KDA,post_attention_preprocess,1,1,0.3276,45,FRESH_PHYSICAL_TYPE_CONDITIONED,layer-68:FULL_MIXED_STRIPE:p8,PHYSICALLY_GROUNDED_MODEL_INPUT
68,KDA,routed_norm,1,1,0.13645000000000002,45,FRESH_PHYSICAL_TYPE_CONDITIONED,layer-68:FULL_MIXED_STRIPE:p8,PHYSICALLY_GROUNDED_MODEL_INPUT
68,KDA,routed_shared_reduction,2,1,1.1742,45,FRESH_PHYSICAL_TYPE_CONDITIONED,layer-68:FULL_MIXED_STRIPE:p8,PHYSICALLY_GROUNDED_MODEL_INPUT
68,KDA,router,1,1,0.6472,45,FRESH_PHYSICAL_TYPE_CONDITIONED,layer-68:FULL_MIXED_STRIPE:p8,PHYSICALLY_GROUNDED_MODEL_INPUT
68,KDA,shared_expert,8,1,0.1073,45,FRESH_PHYSICAL_TYPE_CONDITIONED,layer-68:FULL_MIXED_STRIPE:p8,PHYSICALLY_GROUNDED_MODEL_INPUT
68,KDA,shared_reduction,8,1,1.46,45,FRESH_PHYSICAL_TYPE_CONDITIONED,layer-68:FULL_MIXED_STRIPE:p8,PHYSICALLY_GROUNDED_MODEL_INPUT
68,KDA,worker_protocol,1,1,0.3813,45,FROZEN_PHYSICAL_AUTHENTICATED_FRAME,layer-68:FULL_MIXED_STRIPE:p8,PHYSICAL_INHERITED_E022
68,KDA,whole_layer,1,1,4.212,45,PHYSICAL_TYPE_CONDITIONED,layer-68:WHOLE_LAYER:p1,PHYSICALLY_GROUNDED_MODEL_INPUT
68,KDA,attention_common,1,2,0.05115,45,FRESH_PHYSICAL_TYPE_CONDITIONED,layer-68:FULL_MIXED_STRIPE:p8,PHYSICALLY_GROUNDED_MODEL_INPUT
68,KDA,attention_preprocess,1,2,0.5454,45,FRESH_PHYSICAL_TYPE_CONDITIONED,layer-68:FULL_MIXED_STRIPE:p8,PHYSICALLY_GROUNDED_MODEL_INPUT
68,KDA,attention_reduction,8,2,1.52125,45,FRESH_PHYSICAL_TYPE_CONDITIONED,layer-68:FULL_MIXED_STRIPE:p8,PHYSICALLY_GROUNDED_MODEL_INPUT
68,KDA,attention_shard,8,2,0.40215,45,FRESH_PHYSICAL_TYPE_CONDITIONED,layer-68:FULL_MIXED_STRIPE:p8,PHYSICALLY_GROUNDED_MODEL_INPUT
68,KDA,expert_reduction,8,2,1.0752,45,FRESH_PHYSICAL_TYPE_CONDITIONED,layer-68:FULL_MIXED_STRIPE:p8,PHYSICALLY_GROUNDED_MODEL_INPUT
68,KDA,expert_stripe,8,2,0.39315,45,FRESH_PHYSICAL_TYPE_CONDITIONED,layer-68:FULL_MIXED_STRIPE:p8,PHYSICALLY_GROUNDED_MODEL_INPUT
68,KDA,latent_down,8,2,0.05,45,FRESH_PHYSICAL_TYPE_CONDITIONED,layer-68:FULL_MIXED_STRIPE:p8,PHYSICALLY_GROUNDED_MODEL_INPUT
68,KDA,latent_up,8,2,0.0584,45,FRESH_PHYSICAL_TYPE_CONDITIONED,layer-68:FULL_MIXED_STRIPE:p8,PHYSICALLY_GROUNDED_MODEL_INPUT
68,KDA,latent_up_reduction,8,2,1.46,45,FRESH_PHYSICAL_TYPE_CONDITIONED,layer-68:FULL_MIXED_STRIPE:p8,PHYSICALLY_GROUNDED_MODEL_INPUT
68,KDA,output_state_commit,1,2,0.15510000000000002,45,FRESH_PHYSICAL_TYPE_CONDITIONED,layer-68:FULL_MIXED_STRIPE:p8,PHYSICALLY_GROUNDED_MODEL_INPUT
68,KDA,post_attention_preprocess,1,2,0.54325,45,FRESH_PHYSICAL_TYPE_CONDITIONED,layer-68:FULL_MIXED_STRIPE:p8,PHYSICALLY_GROUNDED_MODEL_INPUT
68,KDA,routed_norm,1,2,0.1233,45,FRESH_PHYSICAL_TYPE_CONDITIONED,layer-68:FULL_MIXED_STRIPE:p8,PHYSICALLY_GROUNDED_MODEL_INPUT
68,KDA,routed_shared_reduction,2,2,1.2424,45,FRESH_PHYSICAL_TYPE_CONDITIONED,layer-68:FULL_MIXED_STRIPE:p8,PHYSICALLY_GROUNDED_MODEL_INPUT
68,KDA,router,1,2,0.6437,45,FRESH_PHYSICAL_TYPE_CONDITIONED,layer-68:FULL_MIXED_STRIPE:p8,PHYSICALLY_GROUNDED_MODEL_INPUT
68,KDA,shared_expert,8,2,0.12365000000000001,45,FRESH_PHYSICAL_TYPE_CONDITIONED,layer-68:FULL_MIXED_STRIPE:p8,PHYSICALLY_GROUNDED_MODEL_INPUT
68,KDA,shared_reduction,8,2,1.46,45,FRESH_PHYSICAL_TYPE_CONDITIONED,layer-68:FULL_MIXED_STRIPE:p8,PHYSICALLY_GROUNDED_MODEL_INPUT
68,KDA,worker_protocol,1,2,0.4718,45,FROZEN_PHYSICAL_AUTHENTICATED_FRAME,layer-68:FULL_MIXED_STRIPE:p8,PHYSICAL_INHERITED_E022
68,KDA,whole_layer,1,2,5.8731,45,PHYSICAL_TYPE_CONDITIONED,layer-68:WHOLE_LAYER:p1,PHYSICALLY_GROUNDED_MODEL_INPUT
68,KDA,attention_common,1,4,0.0511,45,FRESH_PHYSICAL_TYPE_CONDITIONED,layer-68:FULL_MIXED_STRIPE:p8,PHYSICALLY_GROUNDED_MODEL_INPUT
68,KDA,attention_preprocess,1,4,0.9714,45,FRESH_PHYSICAL_TYPE_CONDITIONED,layer-68:FULL_MIXED_STRIPE:p8,PHYSICALLY_GROUNDED_MODEL_INPUT
68,KDA,attention_reduction,8,4,1.6047500000000001,45,FRESH_PHYSICAL_TYPE_CONDITIONED,layer-68:FULL_MIXED_STRIPE:p8,PHYSICALLY_GROUNDED_MODEL_INPUT
68,KDA,attention_shard,8,4,0.6811,45,FRESH_PHYSICAL_TYPE_CONDITIONED,layer-68:FULL_MIXED_STRIPE:p8,PHYSICALLY_GROUNDED_MODEL_INPUT
68,KDA,expert_reduction,8,4,1.466,45,FRESH_PHYSICAL_TYPE_CONDITIONED,layer-68:FULL_MIXED_STRIPE:p8,PHYSICALLY_GROUNDED_MODEL_INPUT
68,KDA,expert_stripe,8,4,0.6790499999999999,45,FRESH_PHYSICAL_TYPE_CONDITIONED,layer-68:FULL_MIXED_STRIPE:p8,PHYSICALLY_GROUNDED_MODEL_INPUT
68,KDA,latent_down,8,4,0.0902,45,FRESH_PHYSICAL_TYPE_CONDITIONED,layer-68:FULL_MIXED_STRIPE:p8,PHYSICALLY_GROUNDED_MODEL_INPUT
68,KDA,latent_up,8,4,0.0815,45,FRESH_PHYSICAL_TYPE_CONDITIONED,layer-68:FULL_MIXED_STRIPE:p8,PHYSICALLY_GROUNDED_MODEL_INPUT
68,KDA,latent_up_reduction,8,4,1.5376,45,FRESH_PHYSICAL_TYPE_CONDITIONED,layer-68:FULL_MIXED_STRIPE:p8,PHYSICALLY_GROUNDED_MODEL_INPUT
68,KDA,output_state_commit,1,4,0.18295,45,FRESH_PHYSICAL_TYPE_CONDITIONED,layer-68:FULL_MIXED_STRIPE:p8,PHYSICALLY_GROUNDED_MODEL_INPUT
68,KDA,post_attention_preprocess,1,4,0.9783,45,FRESH_PHYSICAL_TYPE_CONDITIONED,layer-68:FULL_MIXED_STRIPE:p8,PHYSICALLY_GROUNDED_MODEL_INPUT
68,KDA,routed_norm,1,4,0.1302,45,FRESH_PHYSICAL_TYPE_CONDITIONED,layer-68:FULL_MIXED_STRIPE:p8,PHYSICALLY_GROUNDED_MODEL_INPUT
68,KDA,routed_shared_reduction,2,4,1.2015,45,FRESH_PHYSICAL_TYPE_CONDITIONED,layer-68:FULL_MIXED_STRIPE:p8,PHYSICALLY_GROUNDED_MODEL_INPUT
68,KDA,router,1,4,0.64645,45,FRESH_PHYSICAL_TYPE_CONDITIONED,layer-68:FULL_MIXED_STRIPE:p8,PHYSICALLY_GROUNDED_MODEL_INPUT
68,KDA,shared_expert,8,4,0.2192,45,FRESH_PHYSICAL_TYPE_CONDITIONED,layer-68:FULL_MIXED_STRIPE:p8,PHYSICALLY_GROUNDED_MODEL_INPUT
68,KDA,shared_reduction,8,4,1.5376,45,FRESH_PHYSICAL_TYPE_CONDITIONED,layer-68:FULL_MIXED_STRIPE:p8,PHYSICALLY_GROUNDED_MODEL_INPUT
68,KDA,worker_protocol,1,4,0.6952,45,FROZEN_PHYSICAL_AUTHENTICATED_FRAME,layer-68:FULL_MIXED_STRIPE:p8,PHYSICAL_INHERITED_E022
68,KDA,whole_layer,1,4,8.604849999999999,45,PHYSICAL_TYPE_CONDITIONED,layer-68:WHOLE_LAYER:p1,PHYSICALLY_GROUNDED_MODEL_INPUT
69,KDA,attention_common,1,1,0.050699999999999995,45,FRESH_PHYSICAL_TYPE_CONDITIONED,layer-69:FULL_MIXED_STRIPE:p8,PHYSICALLY_GROUNDED_MODEL_INPUT
69,KDA,attention_preprocess,1,1,0.3388,45,FRESH_PHYSICAL_TYPE_CONDITIONED,layer-69:FULL_MIXED_STRIPE:p8,PHYSICALLY_GROUNDED_MODEL_INPUT
69,KDA,attention_reduction,8,1,1.5225,45,FRESH_PHYSICAL_TYPE_CONDITIONED,layer-69:FULL_MIXED_STRIPE:p8,PHYSICALLY_GROUNDED_MODEL_INPUT
69,KDA,attention_shard,8,1,0.3079,45,FRESH_PHYSICAL_TYPE_CONDITIONED,layer-69:FULL_MIXED_STRIPE:p8,PHYSICALLY_GROUNDED_MODEL_INPUT
69,KDA,expert_reduction,8,1,1.183,45,FRESH_PHYSICAL_TYPE_CONDITIONED,layer-69:FULL_MIXED_STRIPE:p8,PHYSICALLY_GROUNDED_MODEL_INPUT
69,KDA,expert_stripe,8,1,0.23620000000000002,45,FRESH_PHYSICAL_TYPE_CONDITIONED,layer-69:FULL_MIXED_STRIPE:p8,PHYSICALLY_GROUNDED_MODEL_INPUT
69,KDA,latent_down,8,1,0.0447,45,FRESH_PHYSICAL_TYPE_CONDITIONED,layer-69:FULL_MIXED_STRIPE:p8,PHYSICALLY_GROUNDED_MODEL_INPUT
69,KDA,latent_up,8,1,0.0463,45,FRESH_PHYSICAL_TYPE_CONDITIONED,layer-69:FULL_MIXED_STRIPE:p8,PHYSICALLY_GROUNDED_MODEL_INPUT
69,KDA,latent_up_reduction,8,1,1.46,45,FRESH_PHYSICAL_TYPE_CONDITIONED,layer-69:FULL_MIXED_STRIPE:p8,PHYSICALLY_GROUNDED_MODEL_INPUT
69,KDA,output_state_commit,1,1,0.15115,45,FRESH_PHYSICAL_TYPE_CONDITIONED,layer-69:FULL_MIXED_STRIPE:p8,PHYSICALLY_GROUNDED_MODEL_INPUT
69,KDA,post_attention_preprocess,1,1,0.3276,45,FRESH_PHYSICAL_TYPE_CONDITIONED,layer-69:FULL_MIXED_STRIPE:p8,PHYSICALLY_GROUNDED_MODEL_INPUT
69,KDA,routed_norm,1,1,0.13645000000000002,45,FRESH_PHYSICAL_TYPE_CONDITIONED,layer-69:FULL_MIXED_STRIPE:p8,PHYSICALLY_GROUNDED_MODEL_INPUT
69,KDA,routed_shared_reduction,2,1,1.1742,45,FRESH_PHYSICAL_TYPE_CONDITIONED,layer-69:FULL_MIXED_STRIPE:p8,PHYSICALLY_GROUNDED_MODEL_INPUT
69,KDA,router,1,1,0.6472,45,FRESH_PHYSICAL_TYPE_CONDITIONED,layer-69:FULL_MIXED_STRIPE:p8,PHYSICALLY_GROUNDED_MODEL_INPUT
69,KDA,shared_expert,8,1,0.1073,45,FRESH_PHYSICAL_TYPE_CONDITIONED,layer-69:FULL_MIXED_STRIPE:p8,PHYSICALLY_GROUNDED_MODEL_INPUT
69,KDA,shared_reduction,8,1,1.46,45,FRESH_PHYSICAL_TYPE_CONDITIONED,layer-69:FULL_MIXED_STRIPE:p8,PHYSICALLY_GROUNDED_MODEL_INPUT
69,KDA,worker_protocol,1,1,0.3813,45,FROZEN_PHYSICAL_AUTHENTICATED_FRAME,layer-69:FULL_MIXED_STRIPE:p8,PHYSICAL_INHERITED_E022
69,KDA,whole_layer,1,1,4.212,45,PHYSICAL_TYPE_CONDITIONED,layer-69:WHOLE_LAYER:p1,PHYSICALLY_GROUNDED_MODEL_INPUT
69,KDA,attention_common,1,2,0.05115,45,FRESH_PHYSICAL_TYPE_CONDITIONED,layer-69:FULL_MIXED_STRIPE:p8,PHYSICALLY_GROUNDED_MODEL_INPUT
69,KDA,attention_preprocess,1,2,0.5454,45,FRESH_PHYSICAL_TYPE_CONDITIONED,layer-69:FULL_MIXED_STRIPE:p8,PHYSICALLY_GROUNDED_MODEL_INPUT
69,KDA,attention_reduction,8,2,1.52125,45,FRESH_PHYSICAL_TYPE_CONDITIONED,layer-69:FULL_MIXED_STRIPE:p8,PHYSICALLY_GROUNDED_MODEL_INPUT
69,KDA,attention_shard,8,2,0.40215,45,FRESH_PHYSICAL_TYPE_CONDITIONED,layer-69:FULL_MIXED_STRIPE:p8,PHYSICALLY_GROUNDED_MODEL_INPUT
69,KDA,expert_reduction,8,2,1.0752,45,FRESH_PHYSICAL_TYPE_CONDITIONED,layer-69:FULL_MIXED_STRIPE:p8,PHYSICALLY_GROUNDED_MODEL_INPUT
69,KDA,expert_stripe,8,2,0.39315,45,FRESH_PHYSICAL_TYPE_CONDITIONED,layer-69:FULL_MIXED_STRIPE:p8,PHYSICALLY_GROUNDED_MODEL_INPUT
69,KDA,latent_down,8,2,0.05,45,FRESH_PHYSICAL_TYPE_CONDITIONED,layer-69:FULL_MIXED_STRIPE:p8,PHYSICALLY_GROUNDED_MODEL_INPUT
69,KDA,latent_up,8,2,0.0584,45,FRESH_PHYSICAL_TYPE_CONDITIONED,layer-69:FULL_MIXED_STRIPE:p8,PHYSICALLY_GROUNDED_MODEL_INPUT
69,KDA,latent_up_reduction,8,2,1.46,45,FRESH_PHYSICAL_TYPE_CONDITIONED,layer-69:FULL_MIXED_STRIPE:p8,PHYSICALLY_GROUNDED_MODEL_INPUT
69,KDA,output_state_commit,1,2,0.15510000000000002,45,FRESH_PHYSICAL_TYPE_CONDITIONED,layer-69:FULL_MIXED_STRIPE:p8,PHYSICALLY_GROUNDED_MODEL_INPUT
69,KDA,post_attention_preprocess,1,2,0.54325,45,FRESH_PHYSICAL_TYPE_CONDITIONED,layer-69:FULL_MIXED_STRIPE:p8,PHYSICALLY_GROUNDED_MODEL_INPUT
69,KDA,routed_norm,1,2,0.1233,45,FRESH_PHYSICAL_TYPE_CONDITIONED,layer-69:FULL_MIXED_STRIPE:p8,PHYSICALLY_GROUNDED_MODEL_INPUT
69,KDA,routed_shared_reduction,2,2,1.2424,45,FRESH_PHYSICAL_TYPE_CONDITIONED,layer-69:FULL_MIXED_STRIPE:p8,PHYSICALLY_GROUNDED_MODEL_INPUT
69,KDA,router,1,2,0.6437,45,FRESH_PHYSICAL_TYPE_CONDITIONED,layer-69:FULL_MIXED_STRIPE:p8,PHYSICALLY_GROUNDED_MODEL_INPUT
69,KDA,shared_expert,8,2,0.12365000000000001,45,FRESH_PHYSICAL_TYPE_CONDITIONED,layer-69:FULL_MIXED_STRIPE:p8,PHYSICALLY_GROUNDED_MODEL_INPUT
69,KDA,shared_reduction,8,2,1.46,45,FRESH_PHYSICAL_TYPE_CONDITIONED,layer-69:FULL_MIXED_STRIPE:p8,PHYSICALLY_GROUNDED_MODEL_INPUT
69,KDA,worker_protocol,1,2,0.4718,45,FROZEN_PHYSICAL_AUTHENTICATED_FRAME,layer-69:FULL_MIXED_STRIPE:p8,PHYSICAL_INHERITED_E022
69,KDA,whole_layer,1,2,5.8731,45,PHYSICAL_TYPE_CONDITIONED,layer-69:WHOLE_LAYER:p1,PHYSICALLY_GROUNDED_MODEL_INPUT
69,KDA,attention_common,1,4,0.0511,45,FRESH_PHYSICAL_TYPE_CONDITIONED,layer-69:FULL_MIXED_STRIPE:p8,PHYSICALLY_GROUNDED_MODEL_INPUT
69,KDA,attention_preprocess,1,4,0.9714,45,FRESH_PHYSICAL_TYPE_CONDITIONED,layer-69:FULL_MIXED_STRIPE:p8,PHYSICALLY_GROUNDED_MODEL_INPUT
69,KDA,attention_reduction,8,4,1.6047500000000001,45,FRESH_PHYSICAL_TYPE_CONDITIONED,layer-69:FULL_MIXED_STRIPE:p8,PHYSICALLY_GROUNDED_MODEL_INPUT
69,KDA,attention_shard,8,4,0.6811,45,FRESH_PHYSICAL_TYPE_CONDITIONED,layer-69:FULL_MIXED_STRIPE:p8,PHYSICALLY_GROUNDED_MODEL_INPUT
69,KDA,expert_reduction,8,4,1.466,45,FRESH_PHYSICAL_TYPE_CONDITIONED,layer-69:FULL_MIXED_STRIPE:p8,PHYSICALLY_GROUNDED_MODEL_INPUT
69,KDA,expert_stripe,8,4,0.6790499999999999,45,FRESH_PHYSICAL_TYPE_CONDITIONED,layer-69:FULL_MIXED_STRIPE:p8,PHYSICALLY_GROUNDED_MODEL_INPUT
69,KDA,latent_down,8,4,0.0902,45,FRESH_PHYSICAL_TYPE_CONDITIONED,layer-69:FULL_MIXED_STRIPE:p8,PHYSICALLY_GROUNDED_MODEL_INPUT
69,KDA,latent_up,8,4,0.0815,45,FRESH_PHYSICAL_TYPE_CONDITIONED,layer-69:FULL_MIXED_STRIPE:p8,PHYSICALLY_GROUNDED_MODEL_INPUT
69,KDA,latent_up_reduction,8,4,1.5376,45,FRESH_PHYSICAL_TYPE_CONDITIONED,layer-69:FULL_MIXED_STRIPE:p8,PHYSICALLY_GROUNDED_MODEL_INPUT
69,KDA,output_state_commit,1,4,0.18295,45,FRESH_PHYSICAL_TYPE_CONDITIONED,layer-69:FULL_MIXED_STRIPE:p8,PHYSICALLY_GROUNDED_MODEL_INPUT
69,KDA,post_attention_preprocess,1,4,0.9783,45,FRESH_PHYSICAL_TYPE_CONDITIONED,layer-69:FULL_MIXED_STRIPE:p8,PHYSICALLY_GROUNDED_MODEL_INPUT
69,KDA,routed_norm,1,4,0.1302,45,FRESH_PHYSICAL_TYPE_CONDITIONED,layer-69:FULL_MIXED_STRIPE:p8,PHYSICALLY_GROUNDED_MODEL_INPUT
69,KDA,routed_shared_reduction,2,4,1.2015,45,FRESH_PHYSICAL_TYPE_CONDITIONED,layer-69:FULL_MIXED_STRIPE:p8,PHYSICALLY_GROUNDED_MODEL_INPUT
69,KDA,router,1,4,0.64645,45,FRESH_PHYSICAL_TYPE_CONDITIONED,layer-69:FULL_MIXED_STRIPE:p8,PHYSICALLY_GROUNDED_MODEL_INPUT
69,KDA,shared_expert,8,4,0.2192,45,FRESH_PHYSICAL_TYPE_CONDITIONED,layer-69:FULL_MIXED_STRIPE:p8,PHYSICALLY_GROUNDED_MODEL_INPUT
69,KDA,shared_reduction,8,4,1.5376,45,FRESH_PHYSICAL_TYPE_CONDITIONED,layer-69:FULL_MIXED_STRIPE:p8,PHYSICALLY_GROUNDED_MODEL_INPUT
69,KDA,worker_protocol,1,4,0.6952,45,FROZEN_PHYSICAL_AUTHENTICATED_FRAME,layer-69:FULL_MIXED_STRIPE:p8,PHYSICAL_INHERITED_E022
69,KDA,whole_layer,1,4,8.604849999999999,45,PHYSICAL_TYPE_CONDITIONED,layer-69:WHOLE_LAYER:p1,PHYSICALLY_GROUNDED_MODEL_INPUT
70,KDA,attention_common,1,1,0.050699999999999995,45,FRESH_PHYSICAL_TYPE_CONDITIONED,layer-70:FULL_MIXED_STRIPE:p8,PHYSICALLY_GROUNDED_MODEL_INPUT
70,KDA,attention_preprocess,1,1,0.3388,45,FRESH_PHYSICAL_TYPE_CONDITIONED,layer-70:FULL_MIXED_STRIPE:p8,PHYSICALLY_GROUNDED_MODEL_INPUT
70,KDA,attention_reduction,8,1,1.5225,45,FRESH_PHYSICAL_TYPE_CONDITIONED,layer-70:FULL_MIXED_STRIPE:p8,PHYSICALLY_GROUNDED_MODEL_INPUT
70,KDA,attention_shard,8,1,0.3079,45,FRESH_PHYSICAL_TYPE_CONDITIONED,layer-70:FULL_MIXED_STRIPE:p8,PHYSICALLY_GROUNDED_MODEL_INPUT
70,KDA,expert_reduction,8,1,1.183,45,FRESH_PHYSICAL_TYPE_CONDITIONED,layer-70:FULL_MIXED_STRIPE:p8,PHYSICALLY_GROUNDED_MODEL_INPUT
70,KDA,expert_stripe,8,1,0.23620000000000002,45,FRESH_PHYSICAL_TYPE_CONDITIONED,layer-70:FULL_MIXED_STRIPE:p8,PHYSICALLY_GROUNDED_MODEL_INPUT
70,KDA,latent_down,8,1,0.0447,45,FRESH_PHYSICAL_TYPE_CONDITIONED,layer-70:FULL_MIXED_STRIPE:p8,PHYSICALLY_GROUNDED_MODEL_INPUT
70,KDA,latent_up,8,1,0.0463,45,FRESH_PHYSICAL_TYPE_CONDITIONED,layer-70:FULL_MIXED_STRIPE:p8,PHYSICALLY_GROUNDED_MODEL_INPUT
70,KDA,latent_up_reduction,8,1,1.46,45,FRESH_PHYSICAL_TYPE_CONDITIONED,layer-70:FULL_MIXED_STRIPE:p8,PHYSICALLY_GROUNDED_MODEL_INPUT
70,KDA,output_state_commit,1,1,0.15115,45,FRESH_PHYSICAL_TYPE_CONDITIONED,layer-70:FULL_MIXED_STRIPE:p8,PHYSICALLY_GROUNDED_MODEL_INPUT
70,KDA,post_attention_preprocess,1,1,0.3276,45,FRESH_PHYSICAL_TYPE_CONDITIONED,layer-70:FULL_MIXED_STRIPE:p8,PHYSICALLY_GROUNDED_MODEL_INPUT
70,KDA,routed_norm,1,1,0.13645000000000002,45,FRESH_PHYSICAL_TYPE_CONDITIONED,layer-70:FULL_MIXED_STRIPE:p8,PHYSICALLY_GROUNDED_MODEL_INPUT
70,KDA,routed_shared_reduction,2,1,1.1742,45,FRESH_PHYSICAL_TYPE_CONDITIONED,layer-70:FULL_MIXED_STRIPE:p8,PHYSICALLY_GROUNDED_MODEL_INPUT
70,KDA,router,1,1,0.6472,45,FRESH_PHYSICAL_TYPE_CONDITIONED,layer-70:FULL_MIXED_STRIPE:p8,PHYSICALLY_GROUNDED_MODEL_INPUT
70,KDA,shared_expert,8,1,0.1073,45,FRESH_PHYSICAL_TYPE_CONDITIONED,layer-70:FULL_MIXED_STRIPE:p8,PHYSICALLY_GROUNDED_MODEL_INPUT
70,KDA,shared_reduction,8,1,1.46,45,FRESH_PHYSICAL_TYPE_CONDITIONED,layer-70:FULL_MIXED_STRIPE:p8,PHYSICALLY_GROUNDED_MODEL_INPUT
70,KDA,worker_protocol,1,1,0.3813,45,FROZEN_PHYSICAL_AUTHENTICATED_FRAME,layer-70:FULL_MIXED_STRIPE:p8,PHYSICAL_INHERITED_E022
70,KDA,whole_layer,1,1,4.212,45,PHYSICAL_TYPE_CONDITIONED,layer-70:WHOLE_LAYER:p1,PHYSICALLY_GROUNDED_MODEL_INPUT
70,KDA,attention_common,1,2,0.05115,45,FRESH_PHYSICAL_TYPE_CONDITIONED,layer-70:FULL_MIXED_STRIPE:p8,PHYSICALLY_GROUNDED_MODEL_INPUT
70,KDA,attention_preprocess,1,2,0.5454,45,FRESH_PHYSICAL_TYPE_CONDITIONED,layer-70:FULL_MIXED_STRIPE:p8,PHYSICALLY_GROUNDED_MODEL_INPUT
70,KDA,attention_reduction,8,2,1.52125,45,FRESH_PHYSICAL_TYPE_CONDITIONED,layer-70:FULL_MIXED_STRIPE:p8,PHYSICALLY_GROUNDED_MODEL_INPUT
70,KDA,attention_shard,8,2,0.40215,45,FRESH_PHYSICAL_TYPE_CONDITIONED,layer-70:FULL_MIXED_STRIPE:p8,PHYSICALLY_GROUNDED_MODEL_INPUT
70,KDA,expert_reduction,8,2,1.0752,45,FRESH_PHYSICAL_TYPE_CONDITIONED,layer-70:FULL_MIXED_STRIPE:p8,PHYSICALLY_GROUNDED_MODEL_INPUT
70,KDA,expert_stripe,8,2,0.39315,45,FRESH_PHYSICAL_TYPE_CONDITIONED,layer-70:FULL_MIXED_STRIPE:p8,PHYSICALLY_GROUNDED_MODEL_INPUT
70,KDA,latent_down,8,2,0.05,45,FRESH_PHYSICAL_TYPE_CONDITIONED,layer-70:FULL_MIXED_STRIPE:p8,PHYSICALLY_GROUNDED_MODEL_INPUT
70,KDA,latent_up,8,2,0.0584,45,FRESH_PHYSICAL_TYPE_CONDITIONED,layer-70:FULL_MIXED_STRIPE:p8,PHYSICALLY_GROUNDED_MODEL_INPUT
70,KDA,latent_up_reduction,8,2,1.46,45,FRESH_PHYSICAL_TYPE_CONDITIONED,layer-70:FULL_MIXED_STRIPE:p8,PHYSICALLY_GROUNDED_MODEL_INPUT
70,KDA,output_state_commit,1,2,0.15510000000000002,45,FRESH_PHYSICAL_TYPE_CONDITIONED,layer-70:FULL_MIXED_STRIPE:p8,PHYSICALLY_GROUNDED_MODEL_INPUT
70,KDA,post_attention_preprocess,1,2,0.54325,45,FRESH_PHYSICAL_TYPE_CONDITIONED,layer-70:FULL_MIXED_STRIPE:p8,PHYSICALLY_GROUNDED_MODEL_INPUT
70,KDA,routed_norm,1,2,0.1233,45,FRESH_PHYSICAL_TYPE_CONDITIONED,layer-70:FULL_MIXED_STRIPE:p8,PHYSICALLY_GROUNDED_MODEL_INPUT
70,KDA,routed_shared_reduction,2,2,1.2424,45,FRESH_PHYSICAL_TYPE_CONDITIONED,layer-70:FULL_MIXED_STRIPE:p8,PHYSICALLY_GROUNDED_MODEL_INPUT
70,KDA,router,1,2,0.6437,45,FRESH_PHYSICAL_TYPE_CONDITIONED,layer-70:FULL_MIXED_STRIPE:p8,PHYSICALLY_GROUNDED_MODEL_INPUT
70,KDA,shared_expert,8,2,0.12365000000000001,45,FRESH_PHYSICAL_TYPE_CONDITIONED,layer-70:FULL_MIXED_STRIPE:p8,PHYSICALLY_GROUNDED_MODEL_INPUT
70,KDA,shared_reduction,8,2,1.46,45,FRESH_PHYSICAL_TYPE_CONDITIONED,layer-70:FULL_MIXED_STRIPE:p8,PHYSICALLY_GROUNDED_MODEL_INPUT
70,KDA,worker_protocol,1,2,0.4718,45,FROZEN_PHYSICAL_AUTHENTICATED_FRAME,layer-70:FULL_MIXED_STRIPE:p8,PHYSICAL_INHERITED_E022
70,KDA,whole_layer,1,2,5.8731,45,PHYSICAL_TYPE_CONDITIONED,layer-70:WHOLE_LAYER:p1,PHYSICALLY_GROUNDED_MODEL_INPUT
70,KDA,attention_common,1,4,0.0511,45,FRESH_PHYSICAL_TYPE_CONDITIONED,layer-70:FULL_MIXED_STRIPE:p8,PHYSICALLY_GROUNDED_MODEL_INPUT
70,KDA,attention_preprocess,1,4,0.9714,45,FRESH_PHYSICAL_TYPE_CONDITIONED,layer-70:FULL_MIXED_STRIPE:p8,PHYSICALLY_GROUNDED_MODEL_INPUT
70,KDA,attention_reduction,8,4,1.6047500000000001,45,FRESH_PHYSICAL_TYPE_CONDITIONED,layer-70:FULL_MIXED_STRIPE:p8,PHYSICALLY_GROUNDED_MODEL_INPUT
70,KDA,attention_shard,8,4,0.6811,45,FRESH_PHYSICAL_TYPE_CONDITIONED,layer-70:FULL_MIXED_STRIPE:p8,PHYSICALLY_GROUNDED_MODEL_INPUT
70,KDA,expert_reduction,8,4,1.466,45,FRESH_PHYSICAL_TYPE_CONDITIONED,layer-70:FULL_MIXED_STRIPE:p8,PHYSICALLY_GROUNDED_MODEL_INPUT
70,KDA,expert_stripe,8,4,0.6790499999999999,45,FRESH_PHYSICAL_TYPE_CONDITIONED,layer-70:FULL_MIXED_STRIPE:p8,PHYSICALLY_GROUNDED_MODEL_INPUT
70,KDA,latent_down,8,4,0.0902,45,FRESH_PHYSICAL_TYPE_CONDITIONED,layer-70:FULL_MIXED_STRIPE:p8,PHYSICALLY_GROUNDED_MODEL_INPUT
70,KDA,latent_up,8,4,0.0815,45,FRESH_PHYSICAL_TYPE_CONDITIONED,layer-70:FULL_MIXED_STRIPE:p8,PHYSICALLY_GROUNDED_MODEL_INPUT
70,KDA,latent_up_reduction,8,4,1.5376,45,FRESH_PHYSICAL_TYPE_CONDITIONED,layer-70:FULL_MIXED_STRIPE:p8,PHYSICALLY_GROUNDED_MODEL_INPUT
70,KDA,output_state_commit,1,4,0.18295,45,FRESH_PHYSICAL_TYPE_CONDITIONED,layer-70:FULL_MIXED_STRIPE:p8,PHYSICALLY_GROUNDED_MODEL_INPUT
70,KDA,post_attention_preprocess,1,4,0.9783,45,FRESH_PHYSICAL_TYPE_CONDITIONED,layer-70:FULL_MIXED_STRIPE:p8,PHYSICALLY_GROUNDED_MODEL_INPUT
70,KDA,routed_norm,1,4,0.1302,45,FRESH_PHYSICAL_TYPE_CONDITIONED,layer-70:FULL_MIXED_STRIPE:p8,PHYSICALLY_GROUNDED_MODEL_INPUT
70,KDA,routed_shared_reduction,2,4,1.2015,45,FRESH_PHYSICAL_TYPE_CONDITIONED,layer-70:FULL_MIXED_STRIPE:p8,PHYSICALLY_GROUNDED_MODEL_INPUT
70,KDA,router,1,4,0.64645,45,FRESH_PHYSICAL_TYPE_CONDITIONED,layer-70:FULL_MIXED_STRIPE:p8,PHYSICALLY_GROUNDED_MODEL_INPUT
70,KDA,shared_expert,8,4,0.2192,45,FRESH_PHYSICAL_TYPE_CONDITIONED,layer-70:FULL_MIXED_STRIPE:p8,PHYSICALLY_GROUNDED_MODEL_INPUT
70,KDA,shared_reduction,8,4,1.5376,45,FRESH_PHYSICAL_TYPE_CONDITIONED,layer-70:FULL_MIXED_STRIPE:p8,PHYSICALLY_GROUNDED_MODEL_INPUT
70,KDA,worker_protocol,1,4,0.6952,45,FROZEN_PHYSICAL_AUTHENTICATED_FRAME,layer-70:FULL_MIXED_STRIPE:p8,PHYSICAL_INHERITED_E022
70,KDA,whole_layer,1,4,8.604849999999999,45,PHYSICAL_TYPE_CONDITIONED,layer-70:WHOLE_LAYER:p1,PHYSICALLY_GROUNDED_MODEL_INPUT
71,GATED_MLA,attention_common,1,1,0.0867,47,FRESH_PHYSICAL_TYPE_CONDITIONED,layer-71:FULL_MIXED_STRIPE:p8,PHYSICALLY_GROUNDED_MODEL_INPUT
71,GATED_MLA,attention_preprocess,1,1,0.34825,47,FRESH_PHYSICAL_TYPE_CONDITIONED,layer-71:FULL_MIXED_STRIPE:p8,PHYSICALLY_GROUNDED_MODEL_INPUT
71,GATED_MLA,attention_reduction,8,1,1.5127,47,FRESH_PHYSICAL_TYPE_CONDITIONED,layer-71:FULL_MIXED_STRIPE:p8,PHYSICALLY_GROUNDED_MODEL_INPUT
71,GATED_MLA,attention_shard,8,1,0.1987,47,FRESH_PHYSICAL_TYPE_CONDITIONED,layer-71:FULL_MIXED_STRIPE:p8,PHYSICALLY_GROUNDED_MODEL_INPUT
71,GATED_MLA,expert_reduction,8,1,1.183,47,FRESH_PHYSICAL_TYPE_CONDITIONED,layer-71:FULL_MIXED_STRIPE:p8,PHYSICALLY_GROUNDED_MODEL_INPUT
71,GATED_MLA,expert_stripe,8,1,0.2368,47,FRESH_PHYSICAL_TYPE_CONDITIONED,layer-71:FULL_MIXED_STRIPE:p8,PHYSICALLY_GROUNDED_MODEL_INPUT
71,GATED_MLA,latent_down,8,1,0.0443,47,FRESH_PHYSICAL_TYPE_CONDITIONED,layer-71:FULL_MIXED_STRIPE:p8,PHYSICALLY_GROUNDED_MODEL_INPUT
71,GATED_MLA,latent_up,8,1,0.04985,47,FRESH_PHYSICAL_TYPE_CONDITIONED,layer-71:FULL_MIXED_STRIPE:p8,PHYSICALLY_GROUNDED_MODEL_INPUT
71,GATED_MLA,latent_up_reduction,8,1,1.46,47,FRESH_PHYSICAL_TYPE_CONDITIONED,layer-71:FULL_MIXED_STRIPE:p8,PHYSICALLY_GROUNDED_MODEL_INPUT
71,GATED_MLA,output_state_commit,1,1,0.1533,47,FRESH_PHYSICAL_TYPE_CONDITIONED,layer-71:FULL_MIXED_STRIPE:p8,PHYSICALLY_GROUNDED_MODEL_INPUT
71,GATED_MLA,post_attention_preprocess,1,1,0.33235000000000003,47,FRESH_PHYSICAL_TYPE_CONDITIONED,layer-71:FULL_MIXED_STRIPE:p8,PHYSICALLY_GROUNDED_MODEL_INPUT
71,GATED_MLA,routed_norm,1,1,0.12535000000000002,47,FRESH_PHYSICAL_TYPE_CONDITIONED,layer-71:FULL_MIXED_STRIPE:p8,PHYSICALLY_GROUNDED_MODEL_INPUT
71,GATED_MLA,routed_shared_reduction,2,1,1.1742,47,FRESH_PHYSICAL_TYPE_CONDITIONED,layer-71:FULL_MIXED_STRIPE:p8,PHYSICALLY_GROUNDED_MODEL_INPUT
71,GATED_MLA,router,1,1,0.6397999999999999,47,FRESH_PHYSICAL_TYPE_CONDITIONED,layer-71:FULL_MIXED_STRIPE:p8,PHYSICALLY_GROUNDED_MODEL_INPUT
71,GATED_MLA,shared_expert,8,1,0.10835,47,FRESH_PHYSICAL_TYPE_CONDITIONED,layer-71:FULL_MIXED_STRIPE:p8,PHYSICALLY_GROUNDED_MODEL_INPUT
71,GATED_MLA,shared_reduction,8,1,1.46,47,FRESH_PHYSICAL_TYPE_CONDITIONED,layer-71:FULL_MIXED_STRIPE:p8,PHYSICALLY_GROUNDED_MODEL_INPUT
71,GATED_MLA,worker_protocol,1,1,0.3813,47,FROZEN_PHYSICAL_AUTHENTICATED_FRAME,layer-71:FULL_MIXED_STRIPE:p8,PHYSICAL_INHERITED_E022
71,GATED_MLA,whole_layer,1,1,3.6313,47,PHYSICAL_TYPE_CONDITIONED,layer-71:WHOLE_LAYER:p1,PHYSICALLY_GROUNDED_MODEL_INPUT
71,GATED_MLA,attention_common,1,2,0.0963,47,FRESH_PHYSICAL_TYPE_CONDITIONED,layer-71:FULL_MIXED_STRIPE:p8,PHYSICALLY_GROUNDED_MODEL_INPUT
71,GATED_MLA,attention_preprocess,1,2,0.54495,47,FRESH_PHYSICAL_TYPE_CONDITIONED,layer-71:FULL_MIXED_STRIPE:p8,PHYSICALLY_GROUNDED_MODEL_INPUT
71,GATED_MLA,attention_reduction,8,2,1.51195,47,FRESH_PHYSICAL_TYPE_CONDITIONED,layer-71:FULL_MIXED_STRIPE:p8,PHYSICALLY_GROUNDED_MODEL_INPUT
71,GATED_MLA,attention_shard,8,2,0.28745,47,FRESH_PHYSICAL_TYPE_CONDITIONED,layer-71:FULL_MIXED_STRIPE:p8,PHYSICALLY_GROUNDED_MODEL_INPUT
71,GATED_MLA,expert_reduction,8,2,1.0752,47,FRESH_PHYSICAL_TYPE_CONDITIONED,layer-71:FULL_MIXED_STRIPE:p8,PHYSICALLY_GROUNDED_MODEL_INPUT
71,GATED_MLA,expert_stripe,8,2,0.378,47,FRESH_PHYSICAL_TYPE_CONDITIONED,layer-71:FULL_MIXED_STRIPE:p8,PHYSICALLY_GROUNDED_MODEL_INPUT
71,GATED_MLA,latent_down,8,2,0.0489,47,FRESH_PHYSICAL_TYPE_CONDITIONED,layer-71:FULL_MIXED_STRIPE:p8,PHYSICALLY_GROUNDED_MODEL_INPUT
71,GATED_MLA,latent_up,8,2,0.05835,47,FRESH_PHYSICAL_TYPE_CONDITIONED,layer-71:FULL_MIXED_STRIPE:p8,PHYSICALLY_GROUNDED_MODEL_INPUT
71,GATED_MLA,latent_up_reduction,8,2,1.46,47,FRESH_PHYSICAL_TYPE_CONDITIONED,layer-71:FULL_MIXED_STRIPE:p8,PHYSICALLY_GROUNDED_MODEL_INPUT
71,GATED_MLA,output_state_commit,1,2,0.15645,47,FRESH_PHYSICAL_TYPE_CONDITIONED,layer-71:FULL_MIXED_STRIPE:p8,PHYSICALLY_GROUNDED_MODEL_INPUT
71,GATED_MLA,post_attention_preprocess,1,2,0.541,47,FRESH_PHYSICAL_TYPE_CONDITIONED,layer-71:FULL_MIXED_STRIPE:p8,PHYSICALLY_GROUNDED_MODEL_INPUT
71,GATED_MLA,routed_norm,1,2,0.1384,47,FRESH_PHYSICAL_TYPE_CONDITIONED,layer-71:FULL_MIXED_STRIPE:p8,PHYSICALLY_GROUNDED_MODEL_INPUT
71,GATED_MLA,routed_shared_reduction,2,2,1.2424,47,FRESH_PHYSICAL_TYPE_CONDITIONED,layer-71:FULL_MIXED_STRIPE:p8,PHYSICALLY_GROUNDED_MODEL_INPUT
71,GATED_MLA,router,1,2,0.6346,47,FRESH_PHYSICAL_TYPE_CONDITIONED,layer-71:FULL_MIXED_STRIPE:p8,PHYSICALLY_GROUNDED_MODEL_INPUT
71,GATED_MLA,shared_expert,8,2,0.1232,47,FRESH_PHYSICAL_TYPE_CONDITIONED,layer-71:FULL_MIXED_STRIPE:p8,PHYSICALLY_GROUNDED_MODEL_INPUT
71,GATED_MLA,shared_reduction,8,2,1.46,47,FRESH_PHYSICAL_TYPE_CONDITIONED,layer-71:FULL_MIXED_STRIPE:p8,PHYSICALLY_GROUNDED_MODEL_INPUT
71,GATED_MLA,worker_protocol,1,2,0.4718,47,FROZEN_PHYSICAL_AUTHENTICATED_FRAME,layer-71:FULL_MIXED_STRIPE:p8,PHYSICAL_INHERITED_E022
71,GATED_MLA,whole_layer,1,2,5.43685,47,PHYSICAL_TYPE_CONDITIONED,layer-71:WHOLE_LAYER:p1,PHYSICALLY_GROUNDED_MODEL_INPUT
71,GATED_MLA,attention_common,1,4,0.17265,47,FRESH_PHYSICAL_TYPE_CONDITIONED,layer-71:FULL_MIXED_STRIPE:p8,PHYSICALLY_GROUNDED_MODEL_INPUT
71,GATED_MLA,attention_preprocess,1,4,0.98235,47,FRESH_PHYSICAL_TYPE_CONDITIONED,layer-71:FULL_MIXED_STRIPE:p8,PHYSICALLY_GROUNDED_MODEL_INPUT
71,GATED_MLA,attention_reduction,8,4,1.601,47,FRESH_PHYSICAL_TYPE_CONDITIONED,layer-71:FULL_MIXED_STRIPE:p8,PHYSICALLY_GROUNDED_MODEL_INPUT
71,GATED_MLA,attention_shard,8,4,0.4851,47,FRESH_PHYSICAL_TYPE_CONDITIONED,layer-71:FULL_MIXED_STRIPE:p8,PHYSICALLY_GROUNDED_MODEL_INPUT
71,GATED_MLA,expert_reduction,8,4,1.466,47,FRESH_PHYSICAL_TYPE_CONDITIONED,layer-71:FULL_MIXED_STRIPE:p8,PHYSICALLY_GROUNDED_MODEL_INPUT
71,GATED_MLA,expert_stripe,8,4,0.66125,47,FRESH_PHYSICAL_TYPE_CONDITIONED,layer-71:FULL_MIXED_STRIPE:p8,PHYSICALLY_GROUNDED_MODEL_INPUT
71,GATED_MLA,latent_down,8,4,0.08595,47,FRESH_PHYSICAL_TYPE_CONDITIONED,layer-71:FULL_MIXED_STRIPE:p8,PHYSICALLY_GROUNDED_MODEL_INPUT
71,GATED_MLA,latent_up,8,4,0.0813,47,FRESH_PHYSICAL_TYPE_CONDITIONED,layer-71:FULL_MIXED_STRIPE:p8,PHYSICALLY_GROUNDED_MODEL_INPUT
71,GATED_MLA,latent_up_reduction,8,4,1.5376,47,FRESH_PHYSICAL_TYPE_CONDITIONED,layer-71:FULL_MIXED_STRIPE:p8,PHYSICALLY_GROUNDED_MODEL_INPUT
71,GATED_MLA,output_state_commit,1,4,0.1817,47,FRESH_PHYSICAL_TYPE_CONDITIONED,layer-71:FULL_MIXED_STRIPE:p8,PHYSICALLY_GROUNDED_MODEL_INPUT
71,GATED_MLA,post_attention_preprocess,1,4,0.9854,47,FRESH_PHYSICAL_TYPE_CONDITIONED,layer-71:FULL_MIXED_STRIPE:p8,PHYSICALLY_GROUNDED_MODEL_INPUT
71,GATED_MLA,routed_norm,1,4,0.14075,47,FRESH_PHYSICAL_TYPE_CONDITIONED,layer-71:FULL_MIXED_STRIPE:p8,PHYSICALLY_GROUNDED_MODEL_INPUT
71,GATED_MLA,routed_shared_reduction,2,4,1.2015,47,FRESH_PHYSICAL_TYPE_CONDITIONED,layer-71:FULL_MIXED_STRIPE:p8,PHYSICALLY_GROUNDED_MODEL_INPUT
71,GATED_MLA,router,1,4,0.63985,47,FRESH_PHYSICAL_TYPE_CONDITIONED,layer-71:FULL_MIXED_STRIPE:p8,PHYSICALLY_GROUNDED_MODEL_INPUT
71,GATED_MLA,shared_expert,8,4,0.2192,47,FRESH_PHYSICAL_TYPE_CONDITIONED,layer-71:FULL_MIXED_STRIPE:p8,PHYSICALLY_GROUNDED_MODEL_INPUT
71,GATED_MLA,shared_reduction,8,4,1.5376,47,FRESH_PHYSICAL_TYPE_CONDITIONED,layer-71:FULL_MIXED_STRIPE:p8,PHYSICALLY_GROUNDED_MODEL_INPUT
71,GATED_MLA,worker_protocol,1,4,0.6952,47,FROZEN_PHYSICAL_AUTHENTICATED_FRAME,layer-71:FULL_MIXED_STRIPE:p8,PHYSICAL_INHERITED_E022
71,GATED_MLA,whole_layer,1,4,7.946199999999999,47,PHYSICAL_TYPE_CONDITIONED,layer-71:WHOLE_LAYER:p1,PHYSICALLY_GROUNDED_MODEL_INPUT
72,KDA,attention_common,1,1,0.050699999999999995,45,FRESH_PHYSICAL_TYPE_CONDITIONED,layer-72:FULL_MIXED_STRIPE:p8,PHYSICALLY_GROUNDED_MODEL_INPUT
72,KDA,attention_preprocess,1,1,0.3388,45,FRESH_PHYSICAL_TYPE_CONDITIONED,layer-72:FULL_MIXED_STRIPE:p8,PHYSICALLY_GROUNDED_MODEL_INPUT
72,KDA,attention_reduction,8,1,1.5225,45,FRESH_PHYSICAL_TYPE_CONDITIONED,layer-72:FULL_MIXED_STRIPE:p8,PHYSICALLY_GROUNDED_MODEL_INPUT
72,KDA,attention_shard,8,1,0.3079,45,FRESH_PHYSICAL_TYPE_CONDITIONED,layer-72:FULL_MIXED_STRIPE:p8,PHYSICALLY_GROUNDED_MODEL_INPUT
72,KDA,expert_reduction,8,1,1.183,45,FRESH_PHYSICAL_TYPE_CONDITIONED,layer-72:FULL_MIXED_STRIPE:p8,PHYSICALLY_GROUNDED_MODEL_INPUT
72,KDA,expert_stripe,8,1,0.23620000000000002,45,FRESH_PHYSICAL_TYPE_CONDITIONED,layer-72:FULL_MIXED_STRIPE:p8,PHYSICALLY_GROUNDED_MODEL_INPUT
72,KDA,latent_down,8,1,0.0447,45,FRESH_PHYSICAL_TYPE_CONDITIONED,layer-72:FULL_MIXED_STRIPE:p8,PHYSICALLY_GROUNDED_MODEL_INPUT
72,KDA,latent_up,8,1,0.0463,45,FRESH_PHYSICAL_TYPE_CONDITIONED,layer-72:FULL_MIXED_STRIPE:p8,PHYSICALLY_GROUNDED_MODEL_INPUT
72,KDA,latent_up_reduction,8,1,1.46,45,FRESH_PHYSICAL_TYPE_CONDITIONED,layer-72:FULL_MIXED_STRIPE:p8,PHYSICALLY_GROUNDED_MODEL_INPUT
72,KDA,output_state_commit,1,1,0.15115,45,FRESH_PHYSICAL_TYPE_CONDITIONED,layer-72:FULL_MIXED_STRIPE:p8,PHYSICALLY_GROUNDED_MODEL_INPUT
72,KDA,post_attention_preprocess,1,1,0.3276,45,FRESH_PHYSICAL_TYPE_CONDITIONED,layer-72:FULL_MIXED_STRIPE:p8,PHYSICALLY_GROUNDED_MODEL_INPUT
72,KDA,routed_norm,1,1,0.13645000000000002,45,FRESH_PHYSICAL_TYPE_CONDITIONED,layer-72:FULL_MIXED_STRIPE:p8,PHYSICALLY_GROUNDED_MODEL_INPUT
72,KDA,routed_shared_reduction,2,1,1.1742,45,FRESH_PHYSICAL_TYPE_CONDITIONED,layer-72:FULL_MIXED_STRIPE:p8,PHYSICALLY_GROUNDED_MODEL_INPUT
72,KDA,router,1,1,0.6472,45,FRESH_PHYSICAL_TYPE_CONDITIONED,layer-72:FULL_MIXED_STRIPE:p8,PHYSICALLY_GROUNDED_MODEL_INPUT
72,KDA,shared_expert,8,1,0.1073,45,FRESH_PHYSICAL_TYPE_CONDITIONED,layer-72:FULL_MIXED_STRIPE:p8,PHYSICALLY_GROUNDED_MODEL_INPUT
72,KDA,shared_reduction,8,1,1.46,45,FRESH_PHYSICAL_TYPE_CONDITIONED,layer-72:FULL_MIXED_STRIPE:p8,PHYSICALLY_GROUNDED_MODEL_INPUT
72,KDA,worker_protocol,1,1,0.3813,45,FROZEN_PHYSICAL_AUTHENTICATED_FRAME,layer-72:FULL_MIXED_STRIPE:p8,PHYSICAL_INHERITED_E022
72,KDA,whole_layer,1,1,4.212,45,PHYSICAL_TYPE_CONDITIONED,layer-72:WHOLE_LAYER:p1,PHYSICALLY_GROUNDED_MODEL_INPUT
72,KDA,attention_common,1,2,0.05115,45,FRESH_PHYSICAL_TYPE_CONDITIONED,layer-72:FULL_MIXED_STRIPE:p8,PHYSICALLY_GROUNDED_MODEL_INPUT
72,KDA,attention_preprocess,1,2,0.5454,45,FRESH_PHYSICAL_TYPE_CONDITIONED,layer-72:FULL_MIXED_STRIPE:p8,PHYSICALLY_GROUNDED_MODEL_INPUT
72,KDA,attention_reduction,8,2,1.52125,45,FRESH_PHYSICAL_TYPE_CONDITIONED,layer-72:FULL_MIXED_STRIPE:p8,PHYSICALLY_GROUNDED_MODEL_INPUT
72,KDA,attention_shard,8,2,0.40215,45,FRESH_PHYSICAL_TYPE_CONDITIONED,layer-72:FULL_MIXED_STRIPE:p8,PHYSICALLY_GROUNDED_MODEL_INPUT
72,KDA,expert_reduction,8,2,1.0752,45,FRESH_PHYSICAL_TYPE_CONDITIONED,layer-72:FULL_MIXED_STRIPE:p8,PHYSICALLY_GROUNDED_MODEL_INPUT
72,KDA,expert_stripe,8,2,0.39315,45,FRESH_PHYSICAL_TYPE_CONDITIONED,layer-72:FULL_MIXED_STRIPE:p8,PHYSICALLY_GROUNDED_MODEL_INPUT
72,KDA,latent_down,8,2,0.05,45,FRESH_PHYSICAL_TYPE_CONDITIONED,layer-72:FULL_MIXED_STRIPE:p8,PHYSICALLY_GROUNDED_MODEL_INPUT
72,KDA,latent_up,8,2,0.0584,45,FRESH_PHYSICAL_TYPE_CONDITIONED,layer-72:FULL_MIXED_STRIPE:p8,PHYSICALLY_GROUNDED_MODEL_INPUT
72,KDA,latent_up_reduction,8,2,1.46,45,FRESH_PHYSICAL_TYPE_CONDITIONED,layer-72:FULL_MIXED_STRIPE:p8,PHYSICALLY_GROUNDED_MODEL_INPUT
72,KDA,output_state_commit,1,2,0.15510000000000002,45,FRESH_PHYSICAL_TYPE_CONDITIONED,layer-72:FULL_MIXED_STRIPE:p8,PHYSICALLY_GROUNDED_MODEL_INPUT
72,KDA,post_attention_preprocess,1,2,0.54325,45,FRESH_PHYSICAL_TYPE_CONDITIONED,layer-72:FULL_MIXED_STRIPE:p8,PHYSICALLY_GROUNDED_MODEL_INPUT
72,KDA,routed_norm,1,2,0.1233,45,FRESH_PHYSICAL_TYPE_CONDITIONED,layer-72:FULL_MIXED_STRIPE:p8,PHYSICALLY_GROUNDED_MODEL_INPUT
72,KDA,routed_shared_reduction,2,2,1.2424,45,FRESH_PHYSICAL_TYPE_CONDITIONED,layer-72:FULL_MIXED_STRIPE:p8,PHYSICALLY_GROUNDED_MODEL_INPUT
72,KDA,router,1,2,0.6437,45,FRESH_PHYSICAL_TYPE_CONDITIONED,layer-72:FULL_MIXED_STRIPE:p8,PHYSICALLY_GROUNDED_MODEL_INPUT
72,KDA,shared_expert,8,2,0.12365000000000001,45,FRESH_PHYSICAL_TYPE_CONDITIONED,layer-72:FULL_MIXED_STRIPE:p8,PHYSICALLY_GROUNDED_MODEL_INPUT
72,KDA,shared_reduction,8,2,1.46,45,FRESH_PHYSICAL_TYPE_CONDITIONED,layer-72:FULL_MIXED_STRIPE:p8,PHYSICALLY_GROUNDED_MODEL_INPUT
72,KDA,worker_protocol,1,2,0.4718,45,FROZEN_PHYSICAL_AUTHENTICATED_FRAME,layer-72:FULL_MIXED_STRIPE:p8,PHYSICAL_INHERITED_E022
72,KDA,whole_layer,1,2,5.8731,45,PHYSICAL_TYPE_CONDITIONED,layer-72:WHOLE_LAYER:p1,PHYSICALLY_GROUNDED_MODEL_INPUT
72,KDA,attention_common,1,4,0.0511,45,FRESH_PHYSICAL_TYPE_CONDITIONED,layer-72:FULL_MIXED_STRIPE:p8,PHYSICALLY_GROUNDED_MODEL_INPUT
72,KDA,attention_preprocess,1,4,0.9714,45,FRESH_PHYSICAL_TYPE_CONDITIONED,layer-72:FULL_MIXED_STRIPE:p8,PHYSICALLY_GROUNDED_MODEL_INPUT
72,KDA,attention_reduction,8,4,1.6047500000000001,45,FRESH_PHYSICAL_TYPE_CONDITIONED,layer-72:FULL_MIXED_STRIPE:p8,PHYSICALLY_GROUNDED_MODEL_INPUT
72,KDA,attention_shard,8,4,0.6811,45,FRESH_PHYSICAL_TYPE_CONDITIONED,layer-72:FULL_MIXED_STRIPE:p8,PHYSICALLY_GROUNDED_MODEL_INPUT
72,KDA,expert_reduction,8,4,1.466,45,FRESH_PHYSICAL_TYPE_CONDITIONED,layer-72:FULL_MIXED_STRIPE:p8,PHYSICALLY_GROUNDED_MODEL_INPUT
72,KDA,expert_stripe,8,4,0.6790499999999999,45,FRESH_PHYSICAL_TYPE_CONDITIONED,layer-72:FULL_MIXED_STRIPE:p8,PHYSICALLY_GROUNDED_MODEL_INPUT
72,KDA,latent_down,8,4,0.0902,45,FRESH_PHYSICAL_TYPE_CONDITIONED,layer-72:FULL_MIXED_STRIPE:p8,PHYSICALLY_GROUNDED_MODEL_INPUT
72,KDA,latent_up,8,4,0.0815,45,FRESH_PHYSICAL_TYPE_CONDITIONED,layer-72:FULL_MIXED_STRIPE:p8,PHYSICALLY_GROUNDED_MODEL_INPUT
72,KDA,latent_up_reduction,8,4,1.5376,45,FRESH_PHYSICAL_TYPE_CONDITIONED,layer-72:FULL_MIXED_STRIPE:p8,PHYSICALLY_GROUNDED_MODEL_INPUT
72,KDA,output_state_commit,1,4,0.18295,45,FRESH_PHYSICAL_TYPE_CONDITIONED,layer-72:FULL_MIXED_STRIPE:p8,PHYSICALLY_GROUNDED_MODEL_INPUT
72,KDA,post_attention_preprocess,1,4,0.9783,45,FRESH_PHYSICAL_TYPE_CONDITIONED,layer-72:FULL_MIXED_STRIPE:p8,PHYSICALLY_GROUNDED_MODEL_INPUT
72,KDA,routed_norm,1,4,0.1302,45,FRESH_PHYSICAL_TYPE_CONDITIONED,layer-72:FULL_MIXED_STRIPE:p8,PHYSICALLY_GROUNDED_MODEL_INPUT
72,KDA,routed_shared_reduction,2,4,1.2015,45,FRESH_PHYSICAL_TYPE_CONDITIONED,layer-72:FULL_MIXED_STRIPE:p8,PHYSICALLY_GROUNDED_MODEL_INPUT
72,KDA,router,1,4,0.64645,45,FRESH_PHYSICAL_TYPE_CONDITIONED,layer-72:FULL_MIXED_STRIPE:p8,PHYSICALLY_GROUNDED_MODEL_INPUT
72,KDA,shared_expert,8,4,0.2192,45,FRESH_PHYSICAL_TYPE_CONDITIONED,layer-72:FULL_MIXED_STRIPE:p8,PHYSICALLY_GROUNDED_MODEL_INPUT
72,KDA,shared_reduction,8,4,1.5376,45,FRESH_PHYSICAL_TYPE_CONDITIONED,layer-72:FULL_MIXED_STRIPE:p8,PHYSICALLY_GROUNDED_MODEL_INPUT
72,KDA,worker_protocol,1,4,0.6952,45,FROZEN_PHYSICAL_AUTHENTICATED_FRAME,layer-72:FULL_MIXED_STRIPE:p8,PHYSICAL_INHERITED_E022
72,KDA,whole_layer,1,4,8.604849999999999,45,PHYSICAL_TYPE_CONDITIONED,layer-72:WHOLE_LAYER:p1,PHYSICALLY_GROUNDED_MODEL_INPUT
73,KDA,attention_common,1,1,0.050699999999999995,45,FRESH_PHYSICAL_TYPE_CONDITIONED,layer-73:FULL_MIXED_STRIPE:p8,PHYSICALLY_GROUNDED_MODEL_INPUT
73,KDA,attention_preprocess,1,1,0.3388,45,FRESH_PHYSICAL_TYPE_CONDITIONED,layer-73:FULL_MIXED_STRIPE:p8,PHYSICALLY_GROUNDED_MODEL_INPUT
73,KDA,attention_reduction,8,1,1.5225,45,FRESH_PHYSICAL_TYPE_CONDITIONED,layer-73:FULL_MIXED_STRIPE:p8,PHYSICALLY_GROUNDED_MODEL_INPUT
73,KDA,attention_shard,8,1,0.3079,45,FRESH_PHYSICAL_TYPE_CONDITIONED,layer-73:FULL_MIXED_STRIPE:p8,PHYSICALLY_GROUNDED_MODEL_INPUT
73,KDA,expert_reduction,8,1,1.183,45,FRESH_PHYSICAL_TYPE_CONDITIONED,layer-73:FULL_MIXED_STRIPE:p8,PHYSICALLY_GROUNDED_MODEL_INPUT
73,KDA,expert_stripe,8,1,0.23620000000000002,45,FRESH_PHYSICAL_TYPE_CONDITIONED,layer-73:FULL_MIXED_STRIPE:p8,PHYSICALLY_GROUNDED_MODEL_INPUT
73,KDA,latent_down,8,1,0.0447,45,FRESH_PHYSICAL_TYPE_CONDITIONED,layer-73:FULL_MIXED_STRIPE:p8,PHYSICALLY_GROUNDED_MODEL_INPUT
73,KDA,latent_up,8,1,0.0463,45,FRESH_PHYSICAL_TYPE_CONDITIONED,layer-73:FULL_MIXED_STRIPE:p8,PHYSICALLY_GROUNDED_MODEL_INPUT
73,KDA,latent_up_reduction,8,1,1.46,45,FRESH_PHYSICAL_TYPE_CONDITIONED,layer-73:FULL_MIXED_STRIPE:p8,PHYSICALLY_GROUNDED_MODEL_INPUT
73,KDA,output_state_commit,1,1,0.15115,45,FRESH_PHYSICAL_TYPE_CONDITIONED,layer-73:FULL_MIXED_STRIPE:p8,PHYSICALLY_GROUNDED_MODEL_INPUT
73,KDA,post_attention_preprocess,1,1,0.3276,45,FRESH_PHYSICAL_TYPE_CONDITIONED,layer-73:FULL_MIXED_STRIPE:p8,PHYSICALLY_GROUNDED_MODEL_INPUT
73,KDA,routed_norm,1,1,0.13645000000000002,45,FRESH_PHYSICAL_TYPE_CONDITIONED,layer-73:FULL_MIXED_STRIPE:p8,PHYSICALLY_GROUNDED_MODEL_INPUT
73,KDA,routed_shared_reduction,2,1,1.1742,45,FRESH_PHYSICAL_TYPE_CONDITIONED,layer-73:FULL_MIXED_STRIPE:p8,PHYSICALLY_GROUNDED_MODEL_INPUT
73,KDA,router,1,1,0.6472,45,FRESH_PHYSICAL_TYPE_CONDITIONED,layer-73:FULL_MIXED_STRIPE:p8,PHYSICALLY_GROUNDED_MODEL_INPUT
73,KDA,shared_expert,8,1,0.1073,45,FRESH_PHYSICAL_TYPE_CONDITIONED,layer-73:FULL_MIXED_STRIPE:p8,PHYSICALLY_GROUNDED_MODEL_INPUT
73,KDA,shared_reduction,8,1,1.46,45,FRESH_PHYSICAL_TYPE_CONDITIONED,layer-73:FULL_MIXED_STRIPE:p8,PHYSICALLY_GROUNDED_MODEL_INPUT
73,KDA,worker_protocol,1,1,0.3813,45,FROZEN_PHYSICAL_AUTHENTICATED_FRAME,layer-73:FULL_MIXED_STRIPE:p8,PHYSICAL_INHERITED_E022
73,KDA,whole_layer,1,1,4.212,45,PHYSICAL_TYPE_CONDITIONED,layer-73:WHOLE_LAYER:p1,PHYSICALLY_GROUNDED_MODEL_INPUT
73,KDA,attention_common,1,2,0.05115,45,FRESH_PHYSICAL_TYPE_CONDITIONED,layer-73:FULL_MIXED_STRIPE:p8,PHYSICALLY_GROUNDED_MODEL_INPUT
73,KDA,attention_preprocess,1,2,0.5454,45,FRESH_PHYSICAL_TYPE_CONDITIONED,layer-73:FULL_MIXED_STRIPE:p8,PHYSICALLY_GROUNDED_MODEL_INPUT
73,KDA,attention_reduction,8,2,1.52125,45,FRESH_PHYSICAL_TYPE_CONDITIONED,layer-73:FULL_MIXED_STRIPE:p8,PHYSICALLY_GROUNDED_MODEL_INPUT
73,KDA,attention_shard,8,2,0.40215,45,FRESH_PHYSICAL_TYPE_CONDITIONED,layer-73:FULL_MIXED_STRIPE:p8,PHYSICALLY_GROUNDED_MODEL_INPUT
73,KDA,expert_reduction,8,2,1.0752,45,FRESH_PHYSICAL_TYPE_CONDITIONED,layer-73:FULL_MIXED_STRIPE:p8,PHYSICALLY_GROUNDED_MODEL_INPUT
73,KDA,expert_stripe,8,2,0.39315,45,FRESH_PHYSICAL_TYPE_CONDITIONED,layer-73:FULL_MIXED_STRIPE:p8,PHYSICALLY_GROUNDED_MODEL_INPUT
73,KDA,latent_down,8,2,0.05,45,FRESH_PHYSICAL_TYPE_CONDITIONED,layer-73:FULL_MIXED_STRIPE:p8,PHYSICALLY_GROUNDED_MODEL_INPUT
73,KDA,latent_up,8,2,0.0584,45,FRESH_PHYSICAL_TYPE_CONDITIONED,layer-73:FULL_MIXED_STRIPE:p8,PHYSICALLY_GROUNDED_MODEL_INPUT
73,KDA,latent_up_reduction,8,2,1.46,45,FRESH_PHYSICAL_TYPE_CONDITIONED,layer-73:FULL_MIXED_STRIPE:p8,PHYSICALLY_GROUNDED_MODEL_INPUT
73,KDA,output_state_commit,1,2,0.15510000000000002,45,FRESH_PHYSICAL_TYPE_CONDITIONED,layer-73:FULL_MIXED_STRIPE:p8,PHYSICALLY_GROUNDED_MODEL_INPUT
73,KDA,post_attention_preprocess,1,2,0.54325,45,FRESH_PHYSICAL_TYPE_CONDITIONED,layer-73:FULL_MIXED_STRIPE:p8,PHYSICALLY_GROUNDED_MODEL_INPUT
73,KDA,routed_norm,1,2,0.1233,45,FRESH_PHYSICAL_TYPE_CONDITIONED,layer-73:FULL_MIXED_STRIPE:p8,PHYSICALLY_GROUNDED_MODEL_INPUT
73,KDA,routed_shared_reduction,2,2,1.2424,45,FRESH_PHYSICAL_TYPE_CONDITIONED,layer-73:FULL_MIXED_STRIPE:p8,PHYSICALLY_GROUNDED_MODEL_INPUT
73,KDA,router,1,2,0.6437,45,FRESH_PHYSICAL_TYPE_CONDITIONED,layer-73:FULL_MIXED_STRIPE:p8,PHYSICALLY_GROUNDED_MODEL_INPUT
73,KDA,shared_expert,8,2,0.12365000000000001,45,FRESH_PHYSICAL_TYPE_CONDITIONED,layer-73:FULL_MIXED_STRIPE:p8,PHYSICALLY_GROUNDED_MODEL_INPUT
73,KDA,shared_reduction,8,2,1.46,45,FRESH_PHYSICAL_TYPE_CONDITIONED,layer-73:FULL_MIXED_STRIPE:p8,PHYSICALLY_GROUNDED_MODEL_INPUT
73,KDA,worker_protocol,1,2,0.4718,45,FROZEN_PHYSICAL_AUTHENTICATED_FRAME,layer-73:FULL_MIXED_STRIPE:p8,PHYSICAL_INHERITED_E022
73,KDA,whole_layer,1,2,5.8731,45,PHYSICAL_TYPE_CONDITIONED,layer-73:WHOLE_LAYER:p1,PHYSICALLY_GROUNDED_MODEL_INPUT
73,KDA,attention_common,1,4,0.0511,45,FRESH_PHYSICAL_TYPE_CONDITIONED,layer-73:FULL_MIXED_STRIPE:p8,PHYSICALLY_GROUNDED_MODEL_INPUT
73,KDA,attention_preprocess,1,4,0.9714,45,FRESH_PHYSICAL_TYPE_CONDITIONED,layer-73:FULL_MIXED_STRIPE:p8,PHYSICALLY_GROUNDED_MODEL_INPUT
73,KDA,attention_reduction,8,4,1.6047500000000001,45,FRESH_PHYSICAL_TYPE_CONDITIONED,layer-73:FULL_MIXED_STRIPE:p8,PHYSICALLY_GROUNDED_MODEL_INPUT
73,KDA,attention_shard,8,4,0.6811,45,FRESH_PHYSICAL_TYPE_CONDITIONED,layer-73:FULL_MIXED_STRIPE:p8,PHYSICALLY_GROUNDED_MODEL_INPUT
73,KDA,expert_reduction,8,4,1.466,45,FRESH_PHYSICAL_TYPE_CONDITIONED,layer-73:FULL_MIXED_STRIPE:p8,PHYSICALLY_GROUNDED_MODEL_INPUT
73,KDA,expert_stripe,8,4,0.6790499999999999,45,FRESH_PHYSICAL_TYPE_CONDITIONED,layer-73:FULL_MIXED_STRIPE:p8,PHYSICALLY_GROUNDED_MODEL_INPUT
73,KDA,latent_down,8,4,0.0902,45,FRESH_PHYSICAL_TYPE_CONDITIONED,layer-73:FULL_MIXED_STRIPE:p8,PHYSICALLY_GROUNDED_MODEL_INPUT
73,KDA,latent_up,8,4,0.0815,45,FRESH_PHYSICAL_TYPE_CONDITIONED,layer-73:FULL_MIXED_STRIPE:p8,PHYSICALLY_GROUNDED_MODEL_INPUT
73,KDA,latent_up_reduction,8,4,1.5376,45,FRESH_PHYSICAL_TYPE_CONDITIONED,layer-73:FULL_MIXED_STRIPE:p8,PHYSICALLY_GROUNDED_MODEL_INPUT
73,KDA,output_state_commit,1,4,0.18295,45,FRESH_PHYSICAL_TYPE_CONDITIONED,layer-73:FULL_MIXED_STRIPE:p8,PHYSICALLY_GROUNDED_MODEL_INPUT
73,KDA,post_attention_preprocess,1,4,0.9783,45,FRESH_PHYSICAL_TYPE_CONDITIONED,layer-73:FULL_MIXED_STRIPE:p8,PHYSICALLY_GROUNDED_MODEL_INPUT
73,KDA,routed_norm,1,4,0.1302,45,FRESH_PHYSICAL_TYPE_CONDITIONED,layer-73:FULL_MIXED_STRIPE:p8,PHYSICALLY_GROUNDED_MODEL_INPUT
73,KDA,routed_shared_reduction,2,4,1.2015,45,FRESH_PHYSICAL_TYPE_CONDITIONED,layer-73:FULL_MIXED_STRIPE:p8,PHYSICALLY_GROUNDED_MODEL_INPUT
73,KDA,router,1,4,0.64645,45,FRESH_PHYSICAL_TYPE_CONDITIONED,layer-73:FULL_MIXED_STRIPE:p8,PHYSICALLY_GROUNDED_MODEL_INPUT
73,KDA,shared_expert,8,4,0.2192,45,FRESH_PHYSICAL_TYPE_CONDITIONED,layer-73:FULL_MIXED_STRIPE:p8,PHYSICALLY_GROUNDED_MODEL_INPUT
73,KDA,shared_reduction,8,4,1.5376,45,FRESH_PHYSICAL_TYPE_CONDITIONED,layer-73:FULL_MIXED_STRIPE:p8,PHYSICALLY_GROUNDED_MODEL_INPUT
73,KDA,worker_protocol,1,4,0.6952,45,FROZEN_PHYSICAL_AUTHENTICATED_FRAME,layer-73:FULL_MIXED_STRIPE:p8,PHYSICAL_INHERITED_E022
73,KDA,whole_layer,1,4,8.604849999999999,45,PHYSICAL_TYPE_CONDITIONED,layer-73:WHOLE_LAYER:p1,PHYSICALLY_GROUNDED_MODEL_INPUT
74,KDA,attention_common,1,1,0.050699999999999995,45,FRESH_PHYSICAL_TYPE_CONDITIONED,layer-74:FULL_MIXED_STRIPE:p8,PHYSICALLY_GROUNDED_MODEL_INPUT
74,KDA,attention_preprocess,1,1,0.3388,45,FRESH_PHYSICAL_TYPE_CONDITIONED,layer-74:FULL_MIXED_STRIPE:p8,PHYSICALLY_GROUNDED_MODEL_INPUT
74,KDA,attention_reduction,8,1,1.5225,45,FRESH_PHYSICAL_TYPE_CONDITIONED,layer-74:FULL_MIXED_STRIPE:p8,PHYSICALLY_GROUNDED_MODEL_INPUT
74,KDA,attention_shard,8,1,0.3079,45,FRESH_PHYSICAL_TYPE_CONDITIONED,layer-74:FULL_MIXED_STRIPE:p8,PHYSICALLY_GROUNDED_MODEL_INPUT
74,KDA,expert_reduction,8,1,1.183,45,FRESH_PHYSICAL_TYPE_CONDITIONED,layer-74:FULL_MIXED_STRIPE:p8,PHYSICALLY_GROUNDED_MODEL_INPUT
74,KDA,expert_stripe,8,1,0.23620000000000002,45,FRESH_PHYSICAL_TYPE_CONDITIONED,layer-74:FULL_MIXED_STRIPE:p8,PHYSICALLY_GROUNDED_MODEL_INPUT
74,KDA,latent_down,8,1,0.0447,45,FRESH_PHYSICAL_TYPE_CONDITIONED,layer-74:FULL_MIXED_STRIPE:p8,PHYSICALLY_GROUNDED_MODEL_INPUT
74,KDA,latent_up,8,1,0.0463,45,FRESH_PHYSICAL_TYPE_CONDITIONED,layer-74:FULL_MIXED_STRIPE:p8,PHYSICALLY_GROUNDED_MODEL_INPUT
74,KDA,latent_up_reduction,8,1,1.46,45,FRESH_PHYSICAL_TYPE_CONDITIONED,layer-74:FULL_MIXED_STRIPE:p8,PHYSICALLY_GROUNDED_MODEL_INPUT
74,KDA,output_state_commit,1,1,0.15115,45,FRESH_PHYSICAL_TYPE_CONDITIONED,layer-74:FULL_MIXED_STRIPE:p8,PHYSICALLY_GROUNDED_MODEL_INPUT
74,KDA,post_attention_preprocess,1,1,0.3276,45,FRESH_PHYSICAL_TYPE_CONDITIONED,layer-74:FULL_MIXED_STRIPE:p8,PHYSICALLY_GROUNDED_MODEL_INPUT
74,KDA,routed_norm,1,1,0.13645000000000002,45,FRESH_PHYSICAL_TYPE_CONDITIONED,layer-74:FULL_MIXED_STRIPE:p8,PHYSICALLY_GROUNDED_MODEL_INPUT
74,KDA,routed_shared_reduction,2,1,1.1742,45,FRESH_PHYSICAL_TYPE_CONDITIONED,layer-74:FULL_MIXED_STRIPE:p8,PHYSICALLY_GROUNDED_MODEL_INPUT
74,KDA,router,1,1,0.6472,45,FRESH_PHYSICAL_TYPE_CONDITIONED,layer-74:FULL_MIXED_STRIPE:p8,PHYSICALLY_GROUNDED_MODEL_INPUT
74,KDA,shared_expert,8,1,0.1073,45,FRESH_PHYSICAL_TYPE_CONDITIONED,layer-74:FULL_MIXED_STRIPE:p8,PHYSICALLY_GROUNDED_MODEL_INPUT
74,KDA,shared_reduction,8,1,1.46,45,FRESH_PHYSICAL_TYPE_CONDITIONED,layer-74:FULL_MIXED_STRIPE:p8,PHYSICALLY_GROUNDED_MODEL_INPUT
74,KDA,worker_protocol,1,1,0.3813,45,FROZEN_PHYSICAL_AUTHENTICATED_FRAME,layer-74:FULL_MIXED_STRIPE:p8,PHYSICAL_INHERITED_E022
74,KDA,whole_layer,1,1,4.212,45,PHYSICAL_TYPE_CONDITIONED,layer-74:WHOLE_LAYER:p1,PHYSICALLY_GROUNDED_MODEL_INPUT
74,KDA,attention_common,1,2,0.05115,45,FRESH_PHYSICAL_TYPE_CONDITIONED,layer-74:FULL_MIXED_STRIPE:p8,PHYSICALLY_GROUNDED_MODEL_INPUT
74,KDA,attention_preprocess,1,2,0.5454,45,FRESH_PHYSICAL_TYPE_CONDITIONED,layer-74:FULL_MIXED_STRIPE:p8,PHYSICALLY_GROUNDED_MODEL_INPUT
74,KDA,attention_reduction,8,2,1.52125,45,FRESH_PHYSICAL_TYPE_CONDITIONED,layer-74:FULL_MIXED_STRIPE:p8,PHYSICALLY_GROUNDED_MODEL_INPUT
74,KDA,attention_shard,8,2,0.40215,45,FRESH_PHYSICAL_TYPE_CONDITIONED,layer-74:FULL_MIXED_STRIPE:p8,PHYSICALLY_GROUNDED_MODEL_INPUT
74,KDA,expert_reduction,8,2,1.0752,45,FRESH_PHYSICAL_TYPE_CONDITIONED,layer-74:FULL_MIXED_STRIPE:p8,PHYSICALLY_GROUNDED_MODEL_INPUT
74,KDA,expert_stripe,8,2,0.39315,45,FRESH_PHYSICAL_TYPE_CONDITIONED,layer-74:FULL_MIXED_STRIPE:p8,PHYSICALLY_GROUNDED_MODEL_INPUT
74,KDA,latent_down,8,2,0.05,45,FRESH_PHYSICAL_TYPE_CONDITIONED,layer-74:FULL_MIXED_STRIPE:p8,PHYSICALLY_GROUNDED_MODEL_INPUT
74,KDA,latent_up,8,2,0.0584,45,FRESH_PHYSICAL_TYPE_CONDITIONED,layer-74:FULL_MIXED_STRIPE:p8,PHYSICALLY_GROUNDED_MODEL_INPUT
74,KDA,latent_up_reduction,8,2,1.46,45,FRESH_PHYSICAL_TYPE_CONDITIONED,layer-74:FULL_MIXED_STRIPE:p8,PHYSICALLY_GROUNDED_MODEL_INPUT
74,KDA,output_state_commit,1,2,0.15510000000000002,45,FRESH_PHYSICAL_TYPE_CONDITIONED,layer-74:FULL_MIXED_STRIPE:p8,PHYSICALLY_GROUNDED_MODEL_INPUT
74,KDA,post_attention_preprocess,1,2,0.54325,45,FRESH_PHYSICAL_TYPE_CONDITIONED,layer-74:FULL_MIXED_STRIPE:p8,PHYSICALLY_GROUNDED_MODEL_INPUT
74,KDA,routed_norm,1,2,0.1233,45,FRESH_PHYSICAL_TYPE_CONDITIONED,layer-74:FULL_MIXED_STRIPE:p8,PHYSICALLY_GROUNDED_MODEL_INPUT
74,KDA,routed_shared_reduction,2,2,1.2424,45,FRESH_PHYSICAL_TYPE_CONDITIONED,layer-74:FULL_MIXED_STRIPE:p8,PHYSICALLY_GROUNDED_MODEL_INPUT
74,KDA,router,1,2,0.6437,45,FRESH_PHYSICAL_TYPE_CONDITIONED,layer-74:FULL_MIXED_STRIPE:p8,PHYSICALLY_GROUNDED_MODEL_INPUT
74,KDA,shared_expert,8,2,0.12365000000000001,45,FRESH_PHYSICAL_TYPE_CONDITIONED,layer-74:FULL_MIXED_STRIPE:p8,PHYSICALLY_GROUNDED_MODEL_INPUT
74,KDA,shared_reduction,8,2,1.46,45,FRESH_PHYSICAL_TYPE_CONDITIONED,layer-74:FULL_MIXED_STRIPE:p8,PHYSICALLY_GROUNDED_MODEL_INPUT
74,KDA,worker_protocol,1,2,0.4718,45,FROZEN_PHYSICAL_AUTHENTICATED_FRAME,layer-74:FULL_MIXED_STRIPE:p8,PHYSICAL_INHERITED_E022
74,KDA,whole_layer,1,2,5.8731,45,PHYSICAL_TYPE_CONDITIONED,layer-74:WHOLE_LAYER:p1,PHYSICALLY_GROUNDED_MODEL_INPUT
74,KDA,attention_common,1,4,0.0511,45,FRESH_PHYSICAL_TYPE_CONDITIONED,layer-74:FULL_MIXED_STRIPE:p8,PHYSICALLY_GROUNDED_MODEL_INPUT
74,KDA,attention_preprocess,1,4,0.9714,45,FRESH_PHYSICAL_TYPE_CONDITIONED,layer-74:FULL_MIXED_STRIPE:p8,PHYSICALLY_GROUNDED_MODEL_INPUT
74,KDA,attention_reduction,8,4,1.6047500000000001,45,FRESH_PHYSICAL_TYPE_CONDITIONED,layer-74:FULL_MIXED_STRIPE:p8,PHYSICALLY_GROUNDED_MODEL_INPUT
74,KDA,attention_shard,8,4,0.6811,45,FRESH_PHYSICAL_TYPE_CONDITIONED,layer-74:FULL_MIXED_STRIPE:p8,PHYSICALLY_GROUNDED_MODEL_INPUT
74,KDA,expert_reduction,8,4,1.466,45,FRESH_PHYSICAL_TYPE_CONDITIONED,layer-74:FULL_MIXED_STRIPE:p8,PHYSICALLY_GROUNDED_MODEL_INPUT
74,KDA,expert_stripe,8,4,0.6790499999999999,45,FRESH_PHYSICAL_TYPE_CONDITIONED,layer-74:FULL_MIXED_STRIPE:p8,PHYSICALLY_GROUNDED_MODEL_INPUT
74,KDA,latent_down,8,4,0.0902,45,FRESH_PHYSICAL_TYPE_CONDITIONED,layer-74:FULL_MIXED_STRIPE:p8,PHYSICALLY_GROUNDED_MODEL_INPUT
74,KDA,latent_up,8,4,0.0815,45,FRESH_PHYSICAL_TYPE_CONDITIONED,layer-74:FULL_MIXED_STRIPE:p8,PHYSICALLY_GROUNDED_MODEL_INPUT
74,KDA,latent_up_reduction,8,4,1.5376,45,FRESH_PHYSICAL_TYPE_CONDITIONED,layer-74:FULL_MIXED_STRIPE:p8,PHYSICALLY_GROUNDED_MODEL_INPUT
74,KDA,output_state_commit,1,4,0.18295,45,FRESH_PHYSICAL_TYPE_CONDITIONED,layer-74:FULL_MIXED_STRIPE:p8,PHYSICALLY_GROUNDED_MODEL_INPUT
74,KDA,post_attention_preprocess,1,4,0.9783,45,FRESH_PHYSICAL_TYPE_CONDITIONED,layer-74:FULL_MIXED_STRIPE:p8,PHYSICALLY_GROUNDED_MODEL_INPUT
74,KDA,routed_norm,1,4,0.1302,45,FRESH_PHYSICAL_TYPE_CONDITIONED,layer-74:FULL_MIXED_STRIPE:p8,PHYSICALLY_GROUNDED_MODEL_INPUT
74,KDA,routed_shared_reduction,2,4,1.2015,45,FRESH_PHYSICAL_TYPE_CONDITIONED,layer-74:FULL_MIXED_STRIPE:p8,PHYSICALLY_GROUNDED_MODEL_INPUT
74,KDA,router,1,4,0.64645,45,FRESH_PHYSICAL_TYPE_CONDITIONED,layer-74:FULL_MIXED_STRIPE:p8,PHYSICALLY_GROUNDED_MODEL_INPUT
74,KDA,shared_expert,8,4,0.2192,45,FRESH_PHYSICAL_TYPE_CONDITIONED,layer-74:FULL_MIXED_STRIPE:p8,PHYSICALLY_GROUNDED_MODEL_INPUT
74,KDA,shared_reduction,8,4,1.5376,45,FRESH_PHYSICAL_TYPE_CONDITIONED,layer-74:FULL_MIXED_STRIPE:p8,PHYSICALLY_GROUNDED_MODEL_INPUT
74,KDA,worker_protocol,1,4,0.6952,45,FROZEN_PHYSICAL_AUTHENTICATED_FRAME,layer-74:FULL_MIXED_STRIPE:p8,PHYSICAL_INHERITED_E022
74,KDA,whole_layer,1,4,8.604849999999999,45,PHYSICAL_TYPE_CONDITIONED,layer-74:WHOLE_LAYER:p1,PHYSICALLY_GROUNDED_MODEL_INPUT
75,GATED_MLA,attention_common,1,1,0.0867,47,FRESH_PHYSICAL_TYPE_CONDITIONED,layer-75:FULL_MIXED_STRIPE:p8,PHYSICALLY_GROUNDED_MODEL_INPUT
75,GATED_MLA,attention_preprocess,1,1,0.34825,47,FRESH_PHYSICAL_TYPE_CONDITIONED,layer-75:FULL_MIXED_STRIPE:p8,PHYSICALLY_GROUNDED_MODEL_INPUT
75,GATED_MLA,attention_reduction,8,1,1.5127,47,FRESH_PHYSICAL_TYPE_CONDITIONED,layer-75:FULL_MIXED_STRIPE:p8,PHYSICALLY_GROUNDED_MODEL_INPUT
75,GATED_MLA,attention_shard,8,1,0.1987,47,FRESH_PHYSICAL_TYPE_CONDITIONED,layer-75:FULL_MIXED_STRIPE:p8,PHYSICALLY_GROUNDED_MODEL_INPUT
75,GATED_MLA,expert_reduction,8,1,1.183,47,FRESH_PHYSICAL_TYPE_CONDITIONED,layer-75:FULL_MIXED_STRIPE:p8,PHYSICALLY_GROUNDED_MODEL_INPUT
75,GATED_MLA,expert_stripe,8,1,0.2368,47,FRESH_PHYSICAL_TYPE_CONDITIONED,layer-75:FULL_MIXED_STRIPE:p8,PHYSICALLY_GROUNDED_MODEL_INPUT
75,GATED_MLA,latent_down,8,1,0.0443,47,FRESH_PHYSICAL_TYPE_CONDITIONED,layer-75:FULL_MIXED_STRIPE:p8,PHYSICALLY_GROUNDED_MODEL_INPUT
75,GATED_MLA,latent_up,8,1,0.04985,47,FRESH_PHYSICAL_TYPE_CONDITIONED,layer-75:FULL_MIXED_STRIPE:p8,PHYSICALLY_GROUNDED_MODEL_INPUT
75,GATED_MLA,latent_up_reduction,8,1,1.46,47,FRESH_PHYSICAL_TYPE_CONDITIONED,layer-75:FULL_MIXED_STRIPE:p8,PHYSICALLY_GROUNDED_MODEL_INPUT
75,GATED_MLA,output_state_commit,1,1,0.1533,47,FRESH_PHYSICAL_TYPE_CONDITIONED,layer-75:FULL_MIXED_STRIPE:p8,PHYSICALLY_GROUNDED_MODEL_INPUT
75,GATED_MLA,post_attention_preprocess,1,1,0.33235000000000003,47,FRESH_PHYSICAL_TYPE_CONDITIONED,layer-75:FULL_MIXED_STRIPE:p8,PHYSICALLY_GROUNDED_MODEL_INPUT
75,GATED_MLA,routed_norm,1,1,0.12535000000000002,47,FRESH_PHYSICAL_TYPE_CONDITIONED,layer-75:FULL_MIXED_STRIPE:p8,PHYSICALLY_GROUNDED_MODEL_INPUT
75,GATED_MLA,routed_shared_reduction,2,1,1.1742,47,FRESH_PHYSICAL_TYPE_CONDITIONED,layer-75:FULL_MIXED_STRIPE:p8,PHYSICALLY_GROUNDED_MODEL_INPUT
75,GATED_MLA,router,1,1,0.6397999999999999,47,FRESH_PHYSICAL_TYPE_CONDITIONED,layer-75:FULL_MIXED_STRIPE:p8,PHYSICALLY_GROUNDED_MODEL_INPUT
75,GATED_MLA,shared_expert,8,1,0.10835,47,FRESH_PHYSICAL_TYPE_CONDITIONED,layer-75:FULL_MIXED_STRIPE:p8,PHYSICALLY_GROUNDED_MODEL_INPUT
75,GATED_MLA,shared_reduction,8,1,1.46,47,FRESH_PHYSICAL_TYPE_CONDITIONED,layer-75:FULL_MIXED_STRIPE:p8,PHYSICALLY_GROUNDED_MODEL_INPUT
75,GATED_MLA,worker_protocol,1,1,0.3813,47,FROZEN_PHYSICAL_AUTHENTICATED_FRAME,layer-75:FULL_MIXED_STRIPE:p8,PHYSICAL_INHERITED_E022
75,GATED_MLA,whole_layer,1,1,3.6313,47,PHYSICAL_TYPE_CONDITIONED,layer-75:WHOLE_LAYER:p1,PHYSICALLY_GROUNDED_MODEL_INPUT
75,GATED_MLA,attention_common,1,2,0.0963,47,FRESH_PHYSICAL_TYPE_CONDITIONED,layer-75:FULL_MIXED_STRIPE:p8,PHYSICALLY_GROUNDED_MODEL_INPUT
75,GATED_MLA,attention_preprocess,1,2,0.54495,47,FRESH_PHYSICAL_TYPE_CONDITIONED,layer-75:FULL_MIXED_STRIPE:p8,PHYSICALLY_GROUNDED_MODEL_INPUT
75,GATED_MLA,attention_reduction,8,2,1.51195,47,FRESH_PHYSICAL_TYPE_CONDITIONED,layer-75:FULL_MIXED_STRIPE:p8,PHYSICALLY_GROUNDED_MODEL_INPUT
75,GATED_MLA,attention_shard,8,2,0.28745,47,FRESH_PHYSICAL_TYPE_CONDITIONED,layer-75:FULL_MIXED_STRIPE:p8,PHYSICALLY_GROUNDED_MODEL_INPUT
75,GATED_MLA,expert_reduction,8,2,1.0752,47,FRESH_PHYSICAL_TYPE_CONDITIONED,layer-75:FULL_MIXED_STRIPE:p8,PHYSICALLY_GROUNDED_MODEL_INPUT
75,GATED_MLA,expert_stripe,8,2,0.378,47,FRESH_PHYSICAL_TYPE_CONDITIONED,layer-75:FULL_MIXED_STRIPE:p8,PHYSICALLY_GROUNDED_MODEL_INPUT
75,GATED_MLA,latent_down,8,2,0.0489,47,FRESH_PHYSICAL_TYPE_CONDITIONED,layer-75:FULL_MIXED_STRIPE:p8,PHYSICALLY_GROUNDED_MODEL_INPUT
75,GATED_MLA,latent_up,8,2,0.05835,47,FRESH_PHYSICAL_TYPE_CONDITIONED,layer-75:FULL_MIXED_STRIPE:p8,PHYSICALLY_GROUNDED_MODEL_INPUT
75,GATED_MLA,latent_up_reduction,8,2,1.46,47,FRESH_PHYSICAL_TYPE_CONDITIONED,layer-75:FULL_MIXED_STRIPE:p8,PHYSICALLY_GROUNDED_MODEL_INPUT
75,GATED_MLA,output_state_commit,1,2,0.15645,47,FRESH_PHYSICAL_TYPE_CONDITIONED,layer-75:FULL_MIXED_STRIPE:p8,PHYSICALLY_GROUNDED_MODEL_INPUT
75,GATED_MLA,post_attention_preprocess,1,2,0.541,47,FRESH_PHYSICAL_TYPE_CONDITIONED,layer-75:FULL_MIXED_STRIPE:p8,PHYSICALLY_GROUNDED_MODEL_INPUT
75,GATED_MLA,routed_norm,1,2,0.1384,47,FRESH_PHYSICAL_TYPE_CONDITIONED,layer-75:FULL_MIXED_STRIPE:p8,PHYSICALLY_GROUNDED_MODEL_INPUT
75,GATED_MLA,routed_shared_reduction,2,2,1.2424,47,FRESH_PHYSICAL_TYPE_CONDITIONED,layer-75:FULL_MIXED_STRIPE:p8,PHYSICALLY_GROUNDED_MODEL_INPUT
75,GATED_MLA,router,1,2,0.6346,47,FRESH_PHYSICAL_TYPE_CONDITIONED,layer-75:FULL_MIXED_STRIPE:p8,PHYSICALLY_GROUNDED_MODEL_INPUT
75,GATED_MLA,shared_expert,8,2,0.1232,47,FRESH_PHYSICAL_TYPE_CONDITIONED,layer-75:FULL_MIXED_STRIPE:p8,PHYSICALLY_GROUNDED_MODEL_INPUT
75,GATED_MLA,shared_reduction,8,2,1.46,47,FRESH_PHYSICAL_TYPE_CONDITIONED,layer-75:FULL_MIXED_STRIPE:p8,PHYSICALLY_GROUNDED_MODEL_INPUT
75,GATED_MLA,worker_protocol,1,2,0.4718,47,FROZEN_PHYSICAL_AUTHENTICATED_FRAME,layer-75:FULL_MIXED_STRIPE:p8,PHYSICAL_INHERITED_E022
75,GATED_MLA,whole_layer,1,2,5.43685,47,PHYSICAL_TYPE_CONDITIONED,layer-75:WHOLE_LAYER:p1,PHYSICALLY_GROUNDED_MODEL_INPUT
75,GATED_MLA,attention_common,1,4,0.17265,47,FRESH_PHYSICAL_TYPE_CONDITIONED,layer-75:FULL_MIXED_STRIPE:p8,PHYSICALLY_GROUNDED_MODEL_INPUT
75,GATED_MLA,attention_preprocess,1,4,0.98235,47,FRESH_PHYSICAL_TYPE_CONDITIONED,layer-75:FULL_MIXED_STRIPE:p8,PHYSICALLY_GROUNDED_MODEL_INPUT
75,GATED_MLA,attention_reduction,8,4,1.601,47,FRESH_PHYSICAL_TYPE_CONDITIONED,layer-75:FULL_MIXED_STRIPE:p8,PHYSICALLY_GROUNDED_MODEL_INPUT
75,GATED_MLA,attention_shard,8,4,0.4851,47,FRESH_PHYSICAL_TYPE_CONDITIONED,layer-75:FULL_MIXED_STRIPE:p8,PHYSICALLY_GROUNDED_MODEL_INPUT
75,GATED_MLA,expert_reduction,8,4,1.466,47,FRESH_PHYSICAL_TYPE_CONDITIONED,layer-75:FULL_MIXED_STRIPE:p8,PHYSICALLY_GROUNDED_MODEL_INPUT
75,GATED_MLA,expert_stripe,8,4,0.66125,47,FRESH_PHYSICAL_TYPE_CONDITIONED,layer-75:FULL_MIXED_STRIPE:p8,PHYSICALLY_GROUNDED_MODEL_INPUT
75,GATED_MLA,latent_down,8,4,0.08595,47,FRESH_PHYSICAL_TYPE_CONDITIONED,layer-75:FULL_MIXED_STRIPE:p8,PHYSICALLY_GROUNDED_MODEL_INPUT
75,GATED_MLA,latent_up,8,4,0.0813,47,FRESH_PHYSICAL_TYPE_CONDITIONED,layer-75:FULL_MIXED_STRIPE:p8,PHYSICALLY_GROUNDED_MODEL_INPUT
75,GATED_MLA,latent_up_reduction,8,4,1.5376,47,FRESH_PHYSICAL_TYPE_CONDITIONED,layer-75:FULL_MIXED_STRIPE:p8,PHYSICALLY_GROUNDED_MODEL_INPUT
75,GATED_MLA,output_state_commit,1,4,0.1817,47,FRESH_PHYSICAL_TYPE_CONDITIONED,layer-75:FULL_MIXED_STRIPE:p8,PHYSICALLY_GROUNDED_MODEL_INPUT
75,GATED_MLA,post_attention_preprocess,1,4,0.9854,47,FRESH_PHYSICAL_TYPE_CONDITIONED,layer-75:FULL_MIXED_STRIPE:p8,PHYSICALLY_GROUNDED_MODEL_INPUT
75,GATED_MLA,routed_norm,1,4,0.14075,47,FRESH_PHYSICAL_TYPE_CONDITIONED,layer-75:FULL_MIXED_STRIPE:p8,PHYSICALLY_GROUNDED_MODEL_INPUT
75,GATED_MLA,routed_shared_reduction,2,4,1.2015,47,FRESH_PHYSICAL_TYPE_CONDITIONED,layer-75:FULL_MIXED_STRIPE:p8,PHYSICALLY_GROUNDED_MODEL_INPUT
75,GATED_MLA,router,1,4,0.63985,47,FRESH_PHYSICAL_TYPE_CONDITIONED,layer-75:FULL_MIXED_STRIPE:p8,PHYSICALLY_GROUNDED_MODEL_INPUT
75,GATED_MLA,shared_expert,8,4,0.2192,47,FRESH_PHYSICAL_TYPE_CONDITIONED,layer-75:FULL_MIXED_STRIPE:p8,PHYSICALLY_GROUNDED_MODEL_INPUT
75,GATED_MLA,shared_reduction,8,4,1.5376,47,FRESH_PHYSICAL_TYPE_CONDITIONED,layer-75:FULL_MIXED_STRIPE:p8,PHYSICALLY_GROUNDED_MODEL_INPUT
75,GATED_MLA,worker_protocol,1,4,0.6952,47,FROZEN_PHYSICAL_AUTHENTICATED_FRAME,layer-75:FULL_MIXED_STRIPE:p8,PHYSICAL_INHERITED_E022
75,GATED_MLA,whole_layer,1,4,7.946199999999999,47,PHYSICAL_TYPE_CONDITIONED,layer-75:WHOLE_LAYER:p1,PHYSICALLY_GROUNDED_MODEL_INPUT
76,KDA,attention_common,1,1,0.050699999999999995,45,FRESH_PHYSICAL_TYPE_CONDITIONED,layer-76:FULL_MIXED_STRIPE:p8,PHYSICALLY_GROUNDED_MODEL_INPUT
76,KDA,attention_preprocess,1,1,0.3388,45,FRESH_PHYSICAL_TYPE_CONDITIONED,layer-76:FULL_MIXED_STRIPE:p8,PHYSICALLY_GROUNDED_MODEL_INPUT
76,KDA,attention_reduction,8,1,1.5225,45,FRESH_PHYSICAL_TYPE_CONDITIONED,layer-76:FULL_MIXED_STRIPE:p8,PHYSICALLY_GROUNDED_MODEL_INPUT
76,KDA,attention_shard,8,1,0.3079,45,FRESH_PHYSICAL_TYPE_CONDITIONED,layer-76:FULL_MIXED_STRIPE:p8,PHYSICALLY_GROUNDED_MODEL_INPUT
76,KDA,expert_reduction,8,1,1.183,45,FRESH_PHYSICAL_TYPE_CONDITIONED,layer-76:FULL_MIXED_STRIPE:p8,PHYSICALLY_GROUNDED_MODEL_INPUT
76,KDA,expert_stripe,8,1,0.23620000000000002,45,FRESH_PHYSICAL_TYPE_CONDITIONED,layer-76:FULL_MIXED_STRIPE:p8,PHYSICALLY_GROUNDED_MODEL_INPUT
76,KDA,latent_down,8,1,0.0447,45,FRESH_PHYSICAL_TYPE_CONDITIONED,layer-76:FULL_MIXED_STRIPE:p8,PHYSICALLY_GROUNDED_MODEL_INPUT
76,KDA,latent_up,8,1,0.0463,45,FRESH_PHYSICAL_TYPE_CONDITIONED,layer-76:FULL_MIXED_STRIPE:p8,PHYSICALLY_GROUNDED_MODEL_INPUT
76,KDA,latent_up_reduction,8,1,1.46,45,FRESH_PHYSICAL_TYPE_CONDITIONED,layer-76:FULL_MIXED_STRIPE:p8,PHYSICALLY_GROUNDED_MODEL_INPUT
76,KDA,output_state_commit,1,1,0.15115,45,FRESH_PHYSICAL_TYPE_CONDITIONED,layer-76:FULL_MIXED_STRIPE:p8,PHYSICALLY_GROUNDED_MODEL_INPUT
76,KDA,post_attention_preprocess,1,1,0.3276,45,FRESH_PHYSICAL_TYPE_CONDITIONED,layer-76:FULL_MIXED_STRIPE:p8,PHYSICALLY_GROUNDED_MODEL_INPUT
76,KDA,routed_norm,1,1,0.13645000000000002,45,FRESH_PHYSICAL_TYPE_CONDITIONED,layer-76:FULL_MIXED_STRIPE:p8,PHYSICALLY_GROUNDED_MODEL_INPUT
76,KDA,routed_shared_reduction,2,1,1.1742,45,FRESH_PHYSICAL_TYPE_CONDITIONED,layer-76:FULL_MIXED_STRIPE:p8,PHYSICALLY_GROUNDED_MODEL_INPUT
76,KDA,router,1,1,0.6472,45,FRESH_PHYSICAL_TYPE_CONDITIONED,layer-76:FULL_MIXED_STRIPE:p8,PHYSICALLY_GROUNDED_MODEL_INPUT
76,KDA,shared_expert,8,1,0.1073,45,FRESH_PHYSICAL_TYPE_CONDITIONED,layer-76:FULL_MIXED_STRIPE:p8,PHYSICALLY_GROUNDED_MODEL_INPUT
76,KDA,shared_reduction,8,1,1.46,45,FRESH_PHYSICAL_TYPE_CONDITIONED,layer-76:FULL_MIXED_STRIPE:p8,PHYSICALLY_GROUNDED_MODEL_INPUT
76,KDA,worker_protocol,1,1,0.3813,45,FROZEN_PHYSICAL_AUTHENTICATED_FRAME,layer-76:FULL_MIXED_STRIPE:p8,PHYSICAL_INHERITED_E022
76,KDA,whole_layer,1,1,4.212,45,PHYSICAL_TYPE_CONDITIONED,layer-76:WHOLE_LAYER:p1,PHYSICALLY_GROUNDED_MODEL_INPUT
76,KDA,attention_common,1,2,0.05115,45,FRESH_PHYSICAL_TYPE_CONDITIONED,layer-76:FULL_MIXED_STRIPE:p8,PHYSICALLY_GROUNDED_MODEL_INPUT
76,KDA,attention_preprocess,1,2,0.5454,45,FRESH_PHYSICAL_TYPE_CONDITIONED,layer-76:FULL_MIXED_STRIPE:p8,PHYSICALLY_GROUNDED_MODEL_INPUT
76,KDA,attention_reduction,8,2,1.52125,45,FRESH_PHYSICAL_TYPE_CONDITIONED,layer-76:FULL_MIXED_STRIPE:p8,PHYSICALLY_GROUNDED_MODEL_INPUT
76,KDA,attention_shard,8,2,0.40215,45,FRESH_PHYSICAL_TYPE_CONDITIONED,layer-76:FULL_MIXED_STRIPE:p8,PHYSICALLY_GROUNDED_MODEL_INPUT
76,KDA,expert_reduction,8,2,1.0752,45,FRESH_PHYSICAL_TYPE_CONDITIONED,layer-76:FULL_MIXED_STRIPE:p8,PHYSICALLY_GROUNDED_MODEL_INPUT
76,KDA,expert_stripe,8,2,0.39315,45,FRESH_PHYSICAL_TYPE_CONDITIONED,layer-76:FULL_MIXED_STRIPE:p8,PHYSICALLY_GROUNDED_MODEL_INPUT
76,KDA,latent_down,8,2,0.05,45,FRESH_PHYSICAL_TYPE_CONDITIONED,layer-76:FULL_MIXED_STRIPE:p8,PHYSICALLY_GROUNDED_MODEL_INPUT
76,KDA,latent_up,8,2,0.0584,45,FRESH_PHYSICAL_TYPE_CONDITIONED,layer-76:FULL_MIXED_STRIPE:p8,PHYSICALLY_GROUNDED_MODEL_INPUT
76,KDA,latent_up_reduction,8,2,1.46,45,FRESH_PHYSICAL_TYPE_CONDITIONED,layer-76:FULL_MIXED_STRIPE:p8,PHYSICALLY_GROUNDED_MODEL_INPUT
76,KDA,output_state_commit,1,2,0.15510000000000002,45,FRESH_PHYSICAL_TYPE_CONDITIONED,layer-76:FULL_MIXED_STRIPE:p8,PHYSICALLY_GROUNDED_MODEL_INPUT
76,KDA,post_attention_preprocess,1,2,0.54325,45,FRESH_PHYSICAL_TYPE_CONDITIONED,layer-76:FULL_MIXED_STRIPE:p8,PHYSICALLY_GROUNDED_MODEL_INPUT
76,KDA,routed_norm,1,2,0.1233,45,FRESH_PHYSICAL_TYPE_CONDITIONED,layer-76:FULL_MIXED_STRIPE:p8,PHYSICALLY_GROUNDED_MODEL_INPUT
76,KDA,routed_shared_reduction,2,2,1.2424,45,FRESH_PHYSICAL_TYPE_CONDITIONED,layer-76:FULL_MIXED_STRIPE:p8,PHYSICALLY_GROUNDED_MODEL_INPUT
76,KDA,router,1,2,0.6437,45,FRESH_PHYSICAL_TYPE_CONDITIONED,layer-76:FULL_MIXED_STRIPE:p8,PHYSICALLY_GROUNDED_MODEL_INPUT
76,KDA,shared_expert,8,2,0.12365000000000001,45,FRESH_PHYSICAL_TYPE_CONDITIONED,layer-76:FULL_MIXED_STRIPE:p8,PHYSICALLY_GROUNDED_MODEL_INPUT
76,KDA,shared_reduction,8,2,1.46,45,FRESH_PHYSICAL_TYPE_CONDITIONED,layer-76:FULL_MIXED_STRIPE:p8,PHYSICALLY_GROUNDED_MODEL_INPUT
76,KDA,worker_protocol,1,2,0.4718,45,FROZEN_PHYSICAL_AUTHENTICATED_FRAME,layer-76:FULL_MIXED_STRIPE:p8,PHYSICAL_INHERITED_E022
76,KDA,whole_layer,1,2,5.8731,45,PHYSICAL_TYPE_CONDITIONED,layer-76:WHOLE_LAYER:p1,PHYSICALLY_GROUNDED_MODEL_INPUT
76,KDA,attention_common,1,4,0.0511,45,FRESH_PHYSICAL_TYPE_CONDITIONED,layer-76:FULL_MIXED_STRIPE:p8,PHYSICALLY_GROUNDED_MODEL_INPUT
76,KDA,attention_preprocess,1,4,0.9714,45,FRESH_PHYSICAL_TYPE_CONDITIONED,layer-76:FULL_MIXED_STRIPE:p8,PHYSICALLY_GROUNDED_MODEL_INPUT
76,KDA,attention_reduction,8,4,1.6047500000000001,45,FRESH_PHYSICAL_TYPE_CONDITIONED,layer-76:FULL_MIXED_STRIPE:p8,PHYSICALLY_GROUNDED_MODEL_INPUT
76,KDA,attention_shard,8,4,0.6811,45,FRESH_PHYSICAL_TYPE_CONDITIONED,layer-76:FULL_MIXED_STRIPE:p8,PHYSICALLY_GROUNDED_MODEL_INPUT
76,KDA,expert_reduction,8,4,1.466,45,FRESH_PHYSICAL_TYPE_CONDITIONED,layer-76:FULL_MIXED_STRIPE:p8,PHYSICALLY_GROUNDED_MODEL_INPUT
76,KDA,expert_stripe,8,4,0.6790499999999999,45,FRESH_PHYSICAL_TYPE_CONDITIONED,layer-76:FULL_MIXED_STRIPE:p8,PHYSICALLY_GROUNDED_MODEL_INPUT
76,KDA,latent_down,8,4,0.0902,45,FRESH_PHYSICAL_TYPE_CONDITIONED,layer-76:FULL_MIXED_STRIPE:p8,PHYSICALLY_GROUNDED_MODEL_INPUT
76,KDA,latent_up,8,4,0.0815,45,FRESH_PHYSICAL_TYPE_CONDITIONED,layer-76:FULL_MIXED_STRIPE:p8,PHYSICALLY_GROUNDED_MODEL_INPUT
76,KDA,latent_up_reduction,8,4,1.5376,45,FRESH_PHYSICAL_TYPE_CONDITIONED,layer-76:FULL_MIXED_STRIPE:p8,PHYSICALLY_GROUNDED_MODEL_INPUT
76,KDA,output_state_commit,1,4,0.18295,45,FRESH_PHYSICAL_TYPE_CONDITIONED,layer-76:FULL_MIXED_STRIPE:p8,PHYSICALLY_GROUNDED_MODEL_INPUT
76,KDA,post_attention_preprocess,1,4,0.9783,45,FRESH_PHYSICAL_TYPE_CONDITIONED,layer-76:FULL_MIXED_STRIPE:p8,PHYSICALLY_GROUNDED_MODEL_INPUT
76,KDA,routed_norm,1,4,0.1302,45,FRESH_PHYSICAL_TYPE_CONDITIONED,layer-76:FULL_MIXED_STRIPE:p8,PHYSICALLY_GROUNDED_MODEL_INPUT
76,KDA,routed_shared_reduction,2,4,1.2015,45,FRESH_PHYSICAL_TYPE_CONDITIONED,layer-76:FULL_MIXED_STRIPE:p8,PHYSICALLY_GROUNDED_MODEL_INPUT
76,KDA,router,1,4,0.64645,45,FRESH_PHYSICAL_TYPE_CONDITIONED,layer-76:FULL_MIXED_STRIPE:p8,PHYSICALLY_GROUNDED_MODEL_INPUT
76,KDA,shared_expert,8,4,0.2192,45,FRESH_PHYSICAL_TYPE_CONDITIONED,layer-76:FULL_MIXED_STRIPE:p8,PHYSICALLY_GROUNDED_MODEL_INPUT
76,KDA,shared_reduction,8,4,1.5376,45,FRESH_PHYSICAL_TYPE_CONDITIONED,layer-76:FULL_MIXED_STRIPE:p8,PHYSICALLY_GROUNDED_MODEL_INPUT
76,KDA,worker_protocol,1,4,0.6952,45,FROZEN_PHYSICAL_AUTHENTICATED_FRAME,layer-76:FULL_MIXED_STRIPE:p8,PHYSICAL_INHERITED_E022
76,KDA,whole_layer,1,4,8.604849999999999,45,PHYSICAL_TYPE_CONDITIONED,layer-76:WHOLE_LAYER:p1,PHYSICALLY_GROUNDED_MODEL_INPUT
77,KDA,attention_common,1,1,0.050699999999999995,45,FRESH_PHYSICAL_TYPE_CONDITIONED,layer-77:FULL_MIXED_STRIPE:p8,PHYSICALLY_GROUNDED_MODEL_INPUT
77,KDA,attention_preprocess,1,1,0.3388,45,FRESH_PHYSICAL_TYPE_CONDITIONED,layer-77:FULL_MIXED_STRIPE:p8,PHYSICALLY_GROUNDED_MODEL_INPUT
77,KDA,attention_reduction,8,1,1.5225,45,FRESH_PHYSICAL_TYPE_CONDITIONED,layer-77:FULL_MIXED_STRIPE:p8,PHYSICALLY_GROUNDED_MODEL_INPUT
77,KDA,attention_shard,8,1,0.3079,45,FRESH_PHYSICAL_TYPE_CONDITIONED,layer-77:FULL_MIXED_STRIPE:p8,PHYSICALLY_GROUNDED_MODEL_INPUT
77,KDA,expert_reduction,8,1,1.183,45,FRESH_PHYSICAL_TYPE_CONDITIONED,layer-77:FULL_MIXED_STRIPE:p8,PHYSICALLY_GROUNDED_MODEL_INPUT
77,KDA,expert_stripe,8,1,0.23620000000000002,45,FRESH_PHYSICAL_TYPE_CONDITIONED,layer-77:FULL_MIXED_STRIPE:p8,PHYSICALLY_GROUNDED_MODEL_INPUT
77,KDA,latent_down,8,1,0.0447,45,FRESH_PHYSICAL_TYPE_CONDITIONED,layer-77:FULL_MIXED_STRIPE:p8,PHYSICALLY_GROUNDED_MODEL_INPUT
77,KDA,latent_up,8,1,0.0463,45,FRESH_PHYSICAL_TYPE_CONDITIONED,layer-77:FULL_MIXED_STRIPE:p8,PHYSICALLY_GROUNDED_MODEL_INPUT
77,KDA,latent_up_reduction,8,1,1.46,45,FRESH_PHYSICAL_TYPE_CONDITIONED,layer-77:FULL_MIXED_STRIPE:p8,PHYSICALLY_GROUNDED_MODEL_INPUT
77,KDA,output_state_commit,1,1,0.15115,45,FRESH_PHYSICAL_TYPE_CONDITIONED,layer-77:FULL_MIXED_STRIPE:p8,PHYSICALLY_GROUNDED_MODEL_INPUT
77,KDA,post_attention_preprocess,1,1,0.3276,45,FRESH_PHYSICAL_TYPE_CONDITIONED,layer-77:FULL_MIXED_STRIPE:p8,PHYSICALLY_GROUNDED_MODEL_INPUT
77,KDA,routed_norm,1,1,0.13645000000000002,45,FRESH_PHYSICAL_TYPE_CONDITIONED,layer-77:FULL_MIXED_STRIPE:p8,PHYSICALLY_GROUNDED_MODEL_INPUT
77,KDA,routed_shared_reduction,2,1,1.1742,45,FRESH_PHYSICAL_TYPE_CONDITIONED,layer-77:FULL_MIXED_STRIPE:p8,PHYSICALLY_GROUNDED_MODEL_INPUT
77,KDA,router,1,1,0.6472,45,FRESH_PHYSICAL_TYPE_CONDITIONED,layer-77:FULL_MIXED_STRIPE:p8,PHYSICALLY_GROUNDED_MODEL_INPUT
77,KDA,shared_expert,8,1,0.1073,45,FRESH_PHYSICAL_TYPE_CONDITIONED,layer-77:FULL_MIXED_STRIPE:p8,PHYSICALLY_GROUNDED_MODEL_INPUT
77,KDA,shared_reduction,8,1,1.46,45,FRESH_PHYSICAL_TYPE_CONDITIONED,layer-77:FULL_MIXED_STRIPE:p8,PHYSICALLY_GROUNDED_MODEL_INPUT
77,KDA,worker_protocol,1,1,0.3813,45,FROZEN_PHYSICAL_AUTHENTICATED_FRAME,layer-77:FULL_MIXED_STRIPE:p8,PHYSICAL_INHERITED_E022
77,KDA,whole_layer,1,1,4.212,45,PHYSICAL_TYPE_CONDITIONED,layer-77:WHOLE_LAYER:p1,PHYSICALLY_GROUNDED_MODEL_INPUT
77,KDA,attention_common,1,2,0.05115,45,FRESH_PHYSICAL_TYPE_CONDITIONED,layer-77:FULL_MIXED_STRIPE:p8,PHYSICALLY_GROUNDED_MODEL_INPUT
77,KDA,attention_preprocess,1,2,0.5454,45,FRESH_PHYSICAL_TYPE_CONDITIONED,layer-77:FULL_MIXED_STRIPE:p8,PHYSICALLY_GROUNDED_MODEL_INPUT
77,KDA,attention_reduction,8,2,1.52125,45,FRESH_PHYSICAL_TYPE_CONDITIONED,layer-77:FULL_MIXED_STRIPE:p8,PHYSICALLY_GROUNDED_MODEL_INPUT
77,KDA,attention_shard,8,2,0.40215,45,FRESH_PHYSICAL_TYPE_CONDITIONED,layer-77:FULL_MIXED_STRIPE:p8,PHYSICALLY_GROUNDED_MODEL_INPUT
77,KDA,expert_reduction,8,2,1.0752,45,FRESH_PHYSICAL_TYPE_CONDITIONED,layer-77:FULL_MIXED_STRIPE:p8,PHYSICALLY_GROUNDED_MODEL_INPUT
77,KDA,expert_stripe,8,2,0.39315,45,FRESH_PHYSICAL_TYPE_CONDITIONED,layer-77:FULL_MIXED_STRIPE:p8,PHYSICALLY_GROUNDED_MODEL_INPUT
77,KDA,latent_down,8,2,0.05,45,FRESH_PHYSICAL_TYPE_CONDITIONED,layer-77:FULL_MIXED_STRIPE:p8,PHYSICALLY_GROUNDED_MODEL_INPUT
77,KDA,latent_up,8,2,0.0584,45,FRESH_PHYSICAL_TYPE_CONDITIONED,layer-77:FULL_MIXED_STRIPE:p8,PHYSICALLY_GROUNDED_MODEL_INPUT
77,KDA,latent_up_reduction,8,2,1.46,45,FRESH_PHYSICAL_TYPE_CONDITIONED,layer-77:FULL_MIXED_STRIPE:p8,PHYSICALLY_GROUNDED_MODEL_INPUT
77,KDA,output_state_commit,1,2,0.15510000000000002,45,FRESH_PHYSICAL_TYPE_CONDITIONED,layer-77:FULL_MIXED_STRIPE:p8,PHYSICALLY_GROUNDED_MODEL_INPUT
77,KDA,post_attention_preprocess,1,2,0.54325,45,FRESH_PHYSICAL_TYPE_CONDITIONED,layer-77:FULL_MIXED_STRIPE:p8,PHYSICALLY_GROUNDED_MODEL_INPUT
77,KDA,routed_norm,1,2,0.1233,45,FRESH_PHYSICAL_TYPE_CONDITIONED,layer-77:FULL_MIXED_STRIPE:p8,PHYSICALLY_GROUNDED_MODEL_INPUT
77,KDA,routed_shared_reduction,2,2,1.2424,45,FRESH_PHYSICAL_TYPE_CONDITIONED,layer-77:FULL_MIXED_STRIPE:p8,PHYSICALLY_GROUNDED_MODEL_INPUT
77,KDA,router,1,2,0.6437,45,FRESH_PHYSICAL_TYPE_CONDITIONED,layer-77:FULL_MIXED_STRIPE:p8,PHYSICALLY_GROUNDED_MODEL_INPUT
77,KDA,shared_expert,8,2,0.12365000000000001,45,FRESH_PHYSICAL_TYPE_CONDITIONED,layer-77:FULL_MIXED_STRIPE:p8,PHYSICALLY_GROUNDED_MODEL_INPUT
77,KDA,shared_reduction,8,2,1.46,45,FRESH_PHYSICAL_TYPE_CONDITIONED,layer-77:FULL_MIXED_STRIPE:p8,PHYSICALLY_GROUNDED_MODEL_INPUT
77,KDA,worker_protocol,1,2,0.4718,45,FROZEN_PHYSICAL_AUTHENTICATED_FRAME,layer-77:FULL_MIXED_STRIPE:p8,PHYSICAL_INHERITED_E022
77,KDA,whole_layer,1,2,5.8731,45,PHYSICAL_TYPE_CONDITIONED,layer-77:WHOLE_LAYER:p1,PHYSICALLY_GROUNDED_MODEL_INPUT
77,KDA,attention_common,1,4,0.0511,45,FRESH_PHYSICAL_TYPE_CONDITIONED,layer-77:FULL_MIXED_STRIPE:p8,PHYSICALLY_GROUNDED_MODEL_INPUT
77,KDA,attention_preprocess,1,4,0.9714,45,FRESH_PHYSICAL_TYPE_CONDITIONED,layer-77:FULL_MIXED_STRIPE:p8,PHYSICALLY_GROUNDED_MODEL_INPUT
77,KDA,attention_reduction,8,4,1.6047500000000001,45,FRESH_PHYSICAL_TYPE_CONDITIONED,layer-77:FULL_MIXED_STRIPE:p8,PHYSICALLY_GROUNDED_MODEL_INPUT
77,KDA,attention_shard,8,4,0.6811,45,FRESH_PHYSICAL_TYPE_CONDITIONED,layer-77:FULL_MIXED_STRIPE:p8,PHYSICALLY_GROUNDED_MODEL_INPUT
77,KDA,expert_reduction,8,4,1.466,45,FRESH_PHYSICAL_TYPE_CONDITIONED,layer-77:FULL_MIXED_STRIPE:p8,PHYSICALLY_GROUNDED_MODEL_INPUT
77,KDA,expert_stripe,8,4,0.6790499999999999,45,FRESH_PHYSICAL_TYPE_CONDITIONED,layer-77:FULL_MIXED_STRIPE:p8,PHYSICALLY_GROUNDED_MODEL_INPUT
77,KDA,latent_down,8,4,0.0902,45,FRESH_PHYSICAL_TYPE_CONDITIONED,layer-77:FULL_MIXED_STRIPE:p8,PHYSICALLY_GROUNDED_MODEL_INPUT
77,KDA,latent_up,8,4,0.0815,45,FRESH_PHYSICAL_TYPE_CONDITIONED,layer-77:FULL_MIXED_STRIPE:p8,PHYSICALLY_GROUNDED_MODEL_INPUT
77,KDA,latent_up_reduction,8,4,1.5376,45,FRESH_PHYSICAL_TYPE_CONDITIONED,layer-77:FULL_MIXED_STRIPE:p8,PHYSICALLY_GROUNDED_MODEL_INPUT
77,KDA,output_state_commit,1,4,0.18295,45,FRESH_PHYSICAL_TYPE_CONDITIONED,layer-77:FULL_MIXED_STRIPE:p8,PHYSICALLY_GROUNDED_MODEL_INPUT
77,KDA,post_attention_preprocess,1,4,0.9783,45,FRESH_PHYSICAL_TYPE_CONDITIONED,layer-77:FULL_MIXED_STRIPE:p8,PHYSICALLY_GROUNDED_MODEL_INPUT
77,KDA,routed_norm,1,4,0.1302,45,FRESH_PHYSICAL_TYPE_CONDITIONED,layer-77:FULL_MIXED_STRIPE:p8,PHYSICALLY_GROUNDED_MODEL_INPUT
77,KDA,routed_shared_reduction,2,4,1.2015,45,FRESH_PHYSICAL_TYPE_CONDITIONED,layer-77:FULL_MIXED_STRIPE:p8,PHYSICALLY_GROUNDED_MODEL_INPUT
77,KDA,router,1,4,0.64645,45,FRESH_PHYSICAL_TYPE_CONDITIONED,layer-77:FULL_MIXED_STRIPE:p8,PHYSICALLY_GROUNDED_MODEL_INPUT
77,KDA,shared_expert,8,4,0.2192,45,FRESH_PHYSICAL_TYPE_CONDITIONED,layer-77:FULL_MIXED_STRIPE:p8,PHYSICALLY_GROUNDED_MODEL_INPUT
77,KDA,shared_reduction,8,4,1.5376,45,FRESH_PHYSICAL_TYPE_CONDITIONED,layer-77:FULL_MIXED_STRIPE:p8,PHYSICALLY_GROUNDED_MODEL_INPUT
77,KDA,worker_protocol,1,4,0.6952,45,FROZEN_PHYSICAL_AUTHENTICATED_FRAME,layer-77:FULL_MIXED_STRIPE:p8,PHYSICAL_INHERITED_E022
77,KDA,whole_layer,1,4,8.604849999999999,45,PHYSICAL_TYPE_CONDITIONED,layer-77:WHOLE_LAYER:p1,PHYSICALLY_GROUNDED_MODEL_INPUT
78,KDA,attention_common,1,1,0.050699999999999995,45,FRESH_PHYSICAL_TYPE_CONDITIONED,layer-78:FULL_MIXED_STRIPE:p8,PHYSICALLY_GROUNDED_MODEL_INPUT
78,KDA,attention_preprocess,1,1,0.3388,45,FRESH_PHYSICAL_TYPE_CONDITIONED,layer-78:FULL_MIXED_STRIPE:p8,PHYSICALLY_GROUNDED_MODEL_INPUT
78,KDA,attention_reduction,8,1,1.5225,45,FRESH_PHYSICAL_TYPE_CONDITIONED,layer-78:FULL_MIXED_STRIPE:p8,PHYSICALLY_GROUNDED_MODEL_INPUT
78,KDA,attention_shard,8,1,0.3079,45,FRESH_PHYSICAL_TYPE_CONDITIONED,layer-78:FULL_MIXED_STRIPE:p8,PHYSICALLY_GROUNDED_MODEL_INPUT
78,KDA,expert_reduction,8,1,1.183,45,FRESH_PHYSICAL_TYPE_CONDITIONED,layer-78:FULL_MIXED_STRIPE:p8,PHYSICALLY_GROUNDED_MODEL_INPUT
78,KDA,expert_stripe,8,1,0.23620000000000002,45,FRESH_PHYSICAL_TYPE_CONDITIONED,layer-78:FULL_MIXED_STRIPE:p8,PHYSICALLY_GROUNDED_MODEL_INPUT
78,KDA,latent_down,8,1,0.0447,45,FRESH_PHYSICAL_TYPE_CONDITIONED,layer-78:FULL_MIXED_STRIPE:p8,PHYSICALLY_GROUNDED_MODEL_INPUT
78,KDA,latent_up,8,1,0.0463,45,FRESH_PHYSICAL_TYPE_CONDITIONED,layer-78:FULL_MIXED_STRIPE:p8,PHYSICALLY_GROUNDED_MODEL_INPUT
78,KDA,latent_up_reduction,8,1,1.46,45,FRESH_PHYSICAL_TYPE_CONDITIONED,layer-78:FULL_MIXED_STRIPE:p8,PHYSICALLY_GROUNDED_MODEL_INPUT
78,KDA,output_state_commit,1,1,0.15115,45,FRESH_PHYSICAL_TYPE_CONDITIONED,layer-78:FULL_MIXED_STRIPE:p8,PHYSICALLY_GROUNDED_MODEL_INPUT
78,KDA,post_attention_preprocess,1,1,0.3276,45,FRESH_PHYSICAL_TYPE_CONDITIONED,layer-78:FULL_MIXED_STRIPE:p8,PHYSICALLY_GROUNDED_MODEL_INPUT
78,KDA,routed_norm,1,1,0.13645000000000002,45,FRESH_PHYSICAL_TYPE_CONDITIONED,layer-78:FULL_MIXED_STRIPE:p8,PHYSICALLY_GROUNDED_MODEL_INPUT
78,KDA,routed_shared_reduction,2,1,1.1742,45,FRESH_PHYSICAL_TYPE_CONDITIONED,layer-78:FULL_MIXED_STRIPE:p8,PHYSICALLY_GROUNDED_MODEL_INPUT
78,KDA,router,1,1,0.6472,45,FRESH_PHYSICAL_TYPE_CONDITIONED,layer-78:FULL_MIXED_STRIPE:p8,PHYSICALLY_GROUNDED_MODEL_INPUT
78,KDA,shared_expert,8,1,0.1073,45,FRESH_PHYSICAL_TYPE_CONDITIONED,layer-78:FULL_MIXED_STRIPE:p8,PHYSICALLY_GROUNDED_MODEL_INPUT
78,KDA,shared_reduction,8,1,1.46,45,FRESH_PHYSICAL_TYPE_CONDITIONED,layer-78:FULL_MIXED_STRIPE:p8,PHYSICALLY_GROUNDED_MODEL_INPUT
78,KDA,worker_protocol,1,1,0.3813,45,FROZEN_PHYSICAL_AUTHENTICATED_FRAME,layer-78:FULL_MIXED_STRIPE:p8,PHYSICAL_INHERITED_E022
78,KDA,whole_layer,1,1,4.212,45,PHYSICAL_TYPE_CONDITIONED,layer-78:WHOLE_LAYER:p1,PHYSICALLY_GROUNDED_MODEL_INPUT
78,KDA,attention_common,1,2,0.05115,45,FRESH_PHYSICAL_TYPE_CONDITIONED,layer-78:FULL_MIXED_STRIPE:p8,PHYSICALLY_GROUNDED_MODEL_INPUT
78,KDA,attention_preprocess,1,2,0.5454,45,FRESH_PHYSICAL_TYPE_CONDITIONED,layer-78:FULL_MIXED_STRIPE:p8,PHYSICALLY_GROUNDED_MODEL_INPUT
78,KDA,attention_reduction,8,2,1.52125,45,FRESH_PHYSICAL_TYPE_CONDITIONED,layer-78:FULL_MIXED_STRIPE:p8,PHYSICALLY_GROUNDED_MODEL_INPUT
78,KDA,attention_shard,8,2,0.40215,45,FRESH_PHYSICAL_TYPE_CONDITIONED,layer-78:FULL_MIXED_STRIPE:p8,PHYSICALLY_GROUNDED_MODEL_INPUT
78,KDA,expert_reduction,8,2,1.0752,45,FRESH_PHYSICAL_TYPE_CONDITIONED,layer-78:FULL_MIXED_STRIPE:p8,PHYSICALLY_GROUNDED_MODEL_INPUT
78,KDA,expert_stripe,8,2,0.39315,45,FRESH_PHYSICAL_TYPE_CONDITIONED,layer-78:FULL_MIXED_STRIPE:p8,PHYSICALLY_GROUNDED_MODEL_INPUT
78,KDA,latent_down,8,2,0.05,45,FRESH_PHYSICAL_TYPE_CONDITIONED,layer-78:FULL_MIXED_STRIPE:p8,PHYSICALLY_GROUNDED_MODEL_INPUT
78,KDA,latent_up,8,2,0.0584,45,FRESH_PHYSICAL_TYPE_CONDITIONED,layer-78:FULL_MIXED_STRIPE:p8,PHYSICALLY_GROUNDED_MODEL_INPUT
78,KDA,latent_up_reduction,8,2,1.46,45,FRESH_PHYSICAL_TYPE_CONDITIONED,layer-78:FULL_MIXED_STRIPE:p8,PHYSICALLY_GROUNDED_MODEL_INPUT
78,KDA,output_state_commit,1,2,0.15510000000000002,45,FRESH_PHYSICAL_TYPE_CONDITIONED,layer-78:FULL_MIXED_STRIPE:p8,PHYSICALLY_GROUNDED_MODEL_INPUT
78,KDA,post_attention_preprocess,1,2,0.54325,45,FRESH_PHYSICAL_TYPE_CONDITIONED,layer-78:FULL_MIXED_STRIPE:p8,PHYSICALLY_GROUNDED_MODEL_INPUT
78,KDA,routed_norm,1,2,0.1233,45,FRESH_PHYSICAL_TYPE_CONDITIONED,layer-78:FULL_MIXED_STRIPE:p8,PHYSICALLY_GROUNDED_MODEL_INPUT
78,KDA,routed_shared_reduction,2,2,1.2424,45,FRESH_PHYSICAL_TYPE_CONDITIONED,layer-78:FULL_MIXED_STRIPE:p8,PHYSICALLY_GROUNDED_MODEL_INPUT
78,KDA,router,1,2,0.6437,45,FRESH_PHYSICAL_TYPE_CONDITIONED,layer-78:FULL_MIXED_STRIPE:p8,PHYSICALLY_GROUNDED_MODEL_INPUT
78,KDA,shared_expert,8,2,0.12365000000000001,45,FRESH_PHYSICAL_TYPE_CONDITIONED,layer-78:FULL_MIXED_STRIPE:p8,PHYSICALLY_GROUNDED_MODEL_INPUT
78,KDA,shared_reduction,8,2,1.46,45,FRESH_PHYSICAL_TYPE_CONDITIONED,layer-78:FULL_MIXED_STRIPE:p8,PHYSICALLY_GROUNDED_MODEL_INPUT
78,KDA,worker_protocol,1,2,0.4718,45,FROZEN_PHYSICAL_AUTHENTICATED_FRAME,layer-78:FULL_MIXED_STRIPE:p8,PHYSICAL_INHERITED_E022
78,KDA,whole_layer,1,2,5.8731,45,PHYSICAL_TYPE_CONDITIONED,layer-78:WHOLE_LAYER:p1,PHYSICALLY_GROUNDED_MODEL_INPUT
78,KDA,attention_common,1,4,0.0511,45,FRESH_PHYSICAL_TYPE_CONDITIONED,layer-78:FULL_MIXED_STRIPE:p8,PHYSICALLY_GROUNDED_MODEL_INPUT
78,KDA,attention_preprocess,1,4,0.9714,45,FRESH_PHYSICAL_TYPE_CONDITIONED,layer-78:FULL_MIXED_STRIPE:p8,PHYSICALLY_GROUNDED_MODEL_INPUT
78,KDA,attention_reduction,8,4,1.6047500000000001,45,FRESH_PHYSICAL_TYPE_CONDITIONED,layer-78:FULL_MIXED_STRIPE:p8,PHYSICALLY_GROUNDED_MODEL_INPUT
78,KDA,attention_shard,8,4,0.6811,45,FRESH_PHYSICAL_TYPE_CONDITIONED,layer-78:FULL_MIXED_STRIPE:p8,PHYSICALLY_GROUNDED_MODEL_INPUT
78,KDA,expert_reduction,8,4,1.466,45,FRESH_PHYSICAL_TYPE_CONDITIONED,layer-78:FULL_MIXED_STRIPE:p8,PHYSICALLY_GROUNDED_MODEL_INPUT
78,KDA,expert_stripe,8,4,0.6790499999999999,45,FRESH_PHYSICAL_TYPE_CONDITIONED,layer-78:FULL_MIXED_STRIPE:p8,PHYSICALLY_GROUNDED_MODEL_INPUT
78,KDA,latent_down,8,4,0.0902,45,FRESH_PHYSICAL_TYPE_CONDITIONED,layer-78:FULL_MIXED_STRIPE:p8,PHYSICALLY_GROUNDED_MODEL_INPUT
78,KDA,latent_up,8,4,0.0815,45,FRESH_PHYSICAL_TYPE_CONDITIONED,layer-78:FULL_MIXED_STRIPE:p8,PHYSICALLY_GROUNDED_MODEL_INPUT
78,KDA,latent_up_reduction,8,4,1.5376,45,FRESH_PHYSICAL_TYPE_CONDITIONED,layer-78:FULL_MIXED_STRIPE:p8,PHYSICALLY_GROUNDED_MODEL_INPUT
78,KDA,output_state_commit,1,4,0.18295,45,FRESH_PHYSICAL_TYPE_CONDITIONED,layer-78:FULL_MIXED_STRIPE:p8,PHYSICALLY_GROUNDED_MODEL_INPUT
78,KDA,post_attention_preprocess,1,4,0.9783,45,FRESH_PHYSICAL_TYPE_CONDITIONED,layer-78:FULL_MIXED_STRIPE:p8,PHYSICALLY_GROUNDED_MODEL_INPUT
78,KDA,routed_norm,1,4,0.1302,45,FRESH_PHYSICAL_TYPE_CONDITIONED,layer-78:FULL_MIXED_STRIPE:p8,PHYSICALLY_GROUNDED_MODEL_INPUT
78,KDA,routed_shared_reduction,2,4,1.2015,45,FRESH_PHYSICAL_TYPE_CONDITIONED,layer-78:FULL_MIXED_STRIPE:p8,PHYSICALLY_GROUNDED_MODEL_INPUT
78,KDA,router,1,4,0.64645,45,FRESH_PHYSICAL_TYPE_CONDITIONED,layer-78:FULL_MIXED_STRIPE:p8,PHYSICALLY_GROUNDED_MODEL_INPUT
78,KDA,shared_expert,8,4,0.2192,45,FRESH_PHYSICAL_TYPE_CONDITIONED,layer-78:FULL_MIXED_STRIPE:p8,PHYSICALLY_GROUNDED_MODEL_INPUT
78,KDA,shared_reduction,8,4,1.5376,45,FRESH_PHYSICAL_TYPE_CONDITIONED,layer-78:FULL_MIXED_STRIPE:p8,PHYSICALLY_GROUNDED_MODEL_INPUT
78,KDA,worker_protocol,1,4,0.6952,45,FROZEN_PHYSICAL_AUTHENTICATED_FRAME,layer-78:FULL_MIXED_STRIPE:p8,PHYSICAL_INHERITED_E022
78,KDA,whole_layer,1,4,8.604849999999999,45,PHYSICAL_TYPE_CONDITIONED,layer-78:WHOLE_LAYER:p1,PHYSICALLY_GROUNDED_MODEL_INPUT
79,GATED_MLA,attention_common,1,1,0.0867,47,FRESH_PHYSICAL_TYPE_CONDITIONED,layer-79:FULL_MIXED_STRIPE:p8,PHYSICALLY_GROUNDED_MODEL_INPUT
79,GATED_MLA,attention_preprocess,1,1,0.34825,47,FRESH_PHYSICAL_TYPE_CONDITIONED,layer-79:FULL_MIXED_STRIPE:p8,PHYSICALLY_GROUNDED_MODEL_INPUT
79,GATED_MLA,attention_reduction,8,1,1.5127,47,FRESH_PHYSICAL_TYPE_CONDITIONED,layer-79:FULL_MIXED_STRIPE:p8,PHYSICALLY_GROUNDED_MODEL_INPUT
79,GATED_MLA,attention_shard,8,1,0.1987,47,FRESH_PHYSICAL_TYPE_CONDITIONED,layer-79:FULL_MIXED_STRIPE:p8,PHYSICALLY_GROUNDED_MODEL_INPUT
79,GATED_MLA,expert_reduction,8,1,1.183,47,FRESH_PHYSICAL_TYPE_CONDITIONED,layer-79:FULL_MIXED_STRIPE:p8,PHYSICALLY_GROUNDED_MODEL_INPUT
79,GATED_MLA,expert_stripe,8,1,0.2368,47,FRESH_PHYSICAL_TYPE_CONDITIONED,layer-79:FULL_MIXED_STRIPE:p8,PHYSICALLY_GROUNDED_MODEL_INPUT
79,GATED_MLA,latent_down,8,1,0.0443,47,FRESH_PHYSICAL_TYPE_CONDITIONED,layer-79:FULL_MIXED_STRIPE:p8,PHYSICALLY_GROUNDED_MODEL_INPUT
79,GATED_MLA,latent_up,8,1,0.04985,47,FRESH_PHYSICAL_TYPE_CONDITIONED,layer-79:FULL_MIXED_STRIPE:p8,PHYSICALLY_GROUNDED_MODEL_INPUT
79,GATED_MLA,latent_up_reduction,8,1,1.46,47,FRESH_PHYSICAL_TYPE_CONDITIONED,layer-79:FULL_MIXED_STRIPE:p8,PHYSICALLY_GROUNDED_MODEL_INPUT
79,GATED_MLA,output_state_commit,1,1,0.1533,47,FRESH_PHYSICAL_TYPE_CONDITIONED,layer-79:FULL_MIXED_STRIPE:p8,PHYSICALLY_GROUNDED_MODEL_INPUT
79,GATED_MLA,post_attention_preprocess,1,1,0.33235000000000003,47,FRESH_PHYSICAL_TYPE_CONDITIONED,layer-79:FULL_MIXED_STRIPE:p8,PHYSICALLY_GROUNDED_MODEL_INPUT
79,GATED_MLA,routed_norm,1,1,0.12535000000000002,47,FRESH_PHYSICAL_TYPE_CONDITIONED,layer-79:FULL_MIXED_STRIPE:p8,PHYSICALLY_GROUNDED_MODEL_INPUT
79,GATED_MLA,routed_shared_reduction,2,1,1.1742,47,FRESH_PHYSICAL_TYPE_CONDITIONED,layer-79:FULL_MIXED_STRIPE:p8,PHYSICALLY_GROUNDED_MODEL_INPUT
79,GATED_MLA,router,1,1,0.6397999999999999,47,FRESH_PHYSICAL_TYPE_CONDITIONED,layer-79:FULL_MIXED_STRIPE:p8,PHYSICALLY_GROUNDED_MODEL_INPUT
79,GATED_MLA,shared_expert,8,1,0.10835,47,FRESH_PHYSICAL_TYPE_CONDITIONED,layer-79:FULL_MIXED_STRIPE:p8,PHYSICALLY_GROUNDED_MODEL_INPUT
79,GATED_MLA,shared_reduction,8,1,1.46,47,FRESH_PHYSICAL_TYPE_CONDITIONED,layer-79:FULL_MIXED_STRIPE:p8,PHYSICALLY_GROUNDED_MODEL_INPUT
79,GATED_MLA,worker_protocol,1,1,0.3813,47,FROZEN_PHYSICAL_AUTHENTICATED_FRAME,layer-79:FULL_MIXED_STRIPE:p8,PHYSICAL_INHERITED_E022
79,GATED_MLA,whole_layer,1,1,3.6313,47,PHYSICAL_TYPE_CONDITIONED,layer-79:WHOLE_LAYER:p1,PHYSICALLY_GROUNDED_MODEL_INPUT
79,GATED_MLA,attention_common,1,2,0.0963,47,FRESH_PHYSICAL_TYPE_CONDITIONED,layer-79:FULL_MIXED_STRIPE:p8,PHYSICALLY_GROUNDED_MODEL_INPUT
79,GATED_MLA,attention_preprocess,1,2,0.54495,47,FRESH_PHYSICAL_TYPE_CONDITIONED,layer-79:FULL_MIXED_STRIPE:p8,PHYSICALLY_GROUNDED_MODEL_INPUT
79,GATED_MLA,attention_reduction,8,2,1.51195,47,FRESH_PHYSICAL_TYPE_CONDITIONED,layer-79:FULL_MIXED_STRIPE:p8,PHYSICALLY_GROUNDED_MODEL_INPUT
79,GATED_MLA,attention_shard,8,2,0.28745,47,FRESH_PHYSICAL_TYPE_CONDITIONED,layer-79:FULL_MIXED_STRIPE:p8,PHYSICALLY_GROUNDED_MODEL_INPUT
79,GATED_MLA,expert_reduction,8,2,1.0752,47,FRESH_PHYSICAL_TYPE_CONDITIONED,layer-79:FULL_MIXED_STRIPE:p8,PHYSICALLY_GROUNDED_MODEL_INPUT
79,GATED_MLA,expert_stripe,8,2,0.378,47,FRESH_PHYSICAL_TYPE_CONDITIONED,layer-79:FULL_MIXED_STRIPE:p8,PHYSICALLY_GROUNDED_MODEL_INPUT
79,GATED_MLA,latent_down,8,2,0.0489,47,FRESH_PHYSICAL_TYPE_CONDITIONED,layer-79:FULL_MIXED_STRIPE:p8,PHYSICALLY_GROUNDED_MODEL_INPUT
79,GATED_MLA,latent_up,8,2,0.05835,47,FRESH_PHYSICAL_TYPE_CONDITIONED,layer-79:FULL_MIXED_STRIPE:p8,PHYSICALLY_GROUNDED_MODEL_INPUT
79,GATED_MLA,latent_up_reduction,8,2,1.46,47,FRESH_PHYSICAL_TYPE_CONDITIONED,layer-79:FULL_MIXED_STRIPE:p8,PHYSICALLY_GROUNDED_MODEL_INPUT
79,GATED_MLA,output_state_commit,1,2,0.15645,47,FRESH_PHYSICAL_TYPE_CONDITIONED,layer-79:FULL_MIXED_STRIPE:p8,PHYSICALLY_GROUNDED_MODEL_INPUT
79,GATED_MLA,post_attention_preprocess,1,2,0.541,47,FRESH_PHYSICAL_TYPE_CONDITIONED,layer-79:FULL_MIXED_STRIPE:p8,PHYSICALLY_GROUNDED_MODEL_INPUT
79,GATED_MLA,routed_norm,1,2,0.1384,47,FRESH_PHYSICAL_TYPE_CONDITIONED,layer-79:FULL_MIXED_STRIPE:p8,PHYSICALLY_GROUNDED_MODEL_INPUT
79,GATED_MLA,routed_shared_reduction,2,2,1.2424,47,FRESH_PHYSICAL_TYPE_CONDITIONED,layer-79:FULL_MIXED_STRIPE:p8,PHYSICALLY_GROUNDED_MODEL_INPUT
79,GATED_MLA,router,1,2,0.6346,47,FRESH_PHYSICAL_TYPE_CONDITIONED,layer-79:FULL_MIXED_STRIPE:p8,PHYSICALLY_GROUNDED_MODEL_INPUT
79,GATED_MLA,shared_expert,8,2,0.1232,47,FRESH_PHYSICAL_TYPE_CONDITIONED,layer-79:FULL_MIXED_STRIPE:p8,PHYSICALLY_GROUNDED_MODEL_INPUT
79,GATED_MLA,shared_reduction,8,2,1.46,47,FRESH_PHYSICAL_TYPE_CONDITIONED,layer-79:FULL_MIXED_STRIPE:p8,PHYSICALLY_GROUNDED_MODEL_INPUT
79,GATED_MLA,worker_protocol,1,2,0.4718,47,FROZEN_PHYSICAL_AUTHENTICATED_FRAME,layer-79:FULL_MIXED_STRIPE:p8,PHYSICAL_INHERITED_E022
79,GATED_MLA,whole_layer,1,2,5.43685,47,PHYSICAL_TYPE_CONDITIONED,layer-79:WHOLE_LAYER:p1,PHYSICALLY_GROUNDED_MODEL_INPUT
79,GATED_MLA,attention_common,1,4,0.17265,47,FRESH_PHYSICAL_TYPE_CONDITIONED,layer-79:FULL_MIXED_STRIPE:p8,PHYSICALLY_GROUNDED_MODEL_INPUT
79,GATED_MLA,attention_preprocess,1,4,0.98235,47,FRESH_PHYSICAL_TYPE_CONDITIONED,layer-79:FULL_MIXED_STRIPE:p8,PHYSICALLY_GROUNDED_MODEL_INPUT
79,GATED_MLA,attention_reduction,8,4,1.601,47,FRESH_PHYSICAL_TYPE_CONDITIONED,layer-79:FULL_MIXED_STRIPE:p8,PHYSICALLY_GROUNDED_MODEL_INPUT
79,GATED_MLA,attention_shard,8,4,0.4851,47,FRESH_PHYSICAL_TYPE_CONDITIONED,layer-79:FULL_MIXED_STRIPE:p8,PHYSICALLY_GROUNDED_MODEL_INPUT
79,GATED_MLA,expert_reduction,8,4,1.466,47,FRESH_PHYSICAL_TYPE_CONDITIONED,layer-79:FULL_MIXED_STRIPE:p8,PHYSICALLY_GROUNDED_MODEL_INPUT
79,GATED_MLA,expert_stripe,8,4,0.66125,47,FRESH_PHYSICAL_TYPE_CONDITIONED,layer-79:FULL_MIXED_STRIPE:p8,PHYSICALLY_GROUNDED_MODEL_INPUT
79,GATED_MLA,latent_down,8,4,0.08595,47,FRESH_PHYSICAL_TYPE_CONDITIONED,layer-79:FULL_MIXED_STRIPE:p8,PHYSICALLY_GROUNDED_MODEL_INPUT
79,GATED_MLA,latent_up,8,4,0.0813,47,FRESH_PHYSICAL_TYPE_CONDITIONED,layer-79:FULL_MIXED_STRIPE:p8,PHYSICALLY_GROUNDED_MODEL_INPUT
79,GATED_MLA,latent_up_reduction,8,4,1.5376,47,FRESH_PHYSICAL_TYPE_CONDITIONED,layer-79:FULL_MIXED_STRIPE:p8,PHYSICALLY_GROUNDED_MODEL_INPUT
79,GATED_MLA,output_state_commit,1,4,0.1817,47,FRESH_PHYSICAL_TYPE_CONDITIONED,layer-79:FULL_MIXED_STRIPE:p8,PHYSICALLY_GROUNDED_MODEL_INPUT
79,GATED_MLA,post_attention_preprocess,1,4,0.9854,47,FRESH_PHYSICAL_TYPE_CONDITIONED,layer-79:FULL_MIXED_STRIPE:p8,PHYSICALLY_GROUNDED_MODEL_INPUT
79,GATED_MLA,routed_norm,1,4,0.14075,47,FRESH_PHYSICAL_TYPE_CONDITIONED,layer-79:FULL_MIXED_STRIPE:p8,PHYSICALLY_GROUNDED_MODEL_INPUT
79,GATED_MLA,routed_shared_reduction,2,4,1.2015,47,FRESH_PHYSICAL_TYPE_CONDITIONED,layer-79:FULL_MIXED_STRIPE:p8,PHYSICALLY_GROUNDED_MODEL_INPUT
79,GATED_MLA,router,1,4,0.63985,47,FRESH_PHYSICAL_TYPE_CONDITIONED,layer-79:FULL_MIXED_STRIPE:p8,PHYSICALLY_GROUNDED_MODEL_INPUT
79,GATED_MLA,shared_expert,8,4,0.2192,47,FRESH_PHYSICAL_TYPE_CONDITIONED,layer-79:FULL_MIXED_STRIPE:p8,PHYSICALLY_GROUNDED_MODEL_INPUT
79,GATED_MLA,shared_reduction,8,4,1.5376,47,FRESH_PHYSICAL_TYPE_CONDITIONED,layer-79:FULL_MIXED_STRIPE:p8,PHYSICALLY_GROUNDED_MODEL_INPUT
79,GATED_MLA,worker_protocol,1,4,0.6952,47,FROZEN_PHYSICAL_AUTHENTICATED_FRAME,layer-79:FULL_MIXED_STRIPE:p8,PHYSICAL_INHERITED_E022
79,GATED_MLA,whole_layer,1,4,7.946199999999999,47,PHYSICAL_TYPE_CONDITIONED,layer-79:WHOLE_LAYER:p1,PHYSICALLY_GROUNDED_MODEL_INPUT
80,KDA,attention_common,1,1,0.050699999999999995,45,FRESH_PHYSICAL_TYPE_CONDITIONED,layer-80:FULL_MIXED_STRIPE:p8,PHYSICALLY_GROUNDED_MODEL_INPUT
80,KDA,attention_preprocess,1,1,0.3388,45,FRESH_PHYSICAL_TYPE_CONDITIONED,layer-80:FULL_MIXED_STRIPE:p8,PHYSICALLY_GROUNDED_MODEL_INPUT
80,KDA,attention_reduction,8,1,1.5225,45,FRESH_PHYSICAL_TYPE_CONDITIONED,layer-80:FULL_MIXED_STRIPE:p8,PHYSICALLY_GROUNDED_MODEL_INPUT
80,KDA,attention_shard,8,1,0.3079,45,FRESH_PHYSICAL_TYPE_CONDITIONED,layer-80:FULL_MIXED_STRIPE:p8,PHYSICALLY_GROUNDED_MODEL_INPUT
80,KDA,expert_reduction,8,1,1.183,45,FRESH_PHYSICAL_TYPE_CONDITIONED,layer-80:FULL_MIXED_STRIPE:p8,PHYSICALLY_GROUNDED_MODEL_INPUT
80,KDA,expert_stripe,8,1,0.23620000000000002,45,FRESH_PHYSICAL_TYPE_CONDITIONED,layer-80:FULL_MIXED_STRIPE:p8,PHYSICALLY_GROUNDED_MODEL_INPUT
80,KDA,latent_down,8,1,0.0447,45,FRESH_PHYSICAL_TYPE_CONDITIONED,layer-80:FULL_MIXED_STRIPE:p8,PHYSICALLY_GROUNDED_MODEL_INPUT
80,KDA,latent_up,8,1,0.0463,45,FRESH_PHYSICAL_TYPE_CONDITIONED,layer-80:FULL_MIXED_STRIPE:p8,PHYSICALLY_GROUNDED_MODEL_INPUT
80,KDA,latent_up_reduction,8,1,1.46,45,FRESH_PHYSICAL_TYPE_CONDITIONED,layer-80:FULL_MIXED_STRIPE:p8,PHYSICALLY_GROUNDED_MODEL_INPUT
80,KDA,output_state_commit,1,1,0.15115,45,FRESH_PHYSICAL_TYPE_CONDITIONED,layer-80:FULL_MIXED_STRIPE:p8,PHYSICALLY_GROUNDED_MODEL_INPUT
80,KDA,post_attention_preprocess,1,1,0.3276,45,FRESH_PHYSICAL_TYPE_CONDITIONED,layer-80:FULL_MIXED_STRIPE:p8,PHYSICALLY_GROUNDED_MODEL_INPUT
80,KDA,routed_norm,1,1,0.13645000000000002,45,FRESH_PHYSICAL_TYPE_CONDITIONED,layer-80:FULL_MIXED_STRIPE:p8,PHYSICALLY_GROUNDED_MODEL_INPUT
80,KDA,routed_shared_reduction,2,1,1.1742,45,FRESH_PHYSICAL_TYPE_CONDITIONED,layer-80:FULL_MIXED_STRIPE:p8,PHYSICALLY_GROUNDED_MODEL_INPUT
80,KDA,router,1,1,0.6472,45,FRESH_PHYSICAL_TYPE_CONDITIONED,layer-80:FULL_MIXED_STRIPE:p8,PHYSICALLY_GROUNDED_MODEL_INPUT
80,KDA,shared_expert,8,1,0.1073,45,FRESH_PHYSICAL_TYPE_CONDITIONED,layer-80:FULL_MIXED_STRIPE:p8,PHYSICALLY_GROUNDED_MODEL_INPUT
80,KDA,shared_reduction,8,1,1.46,45,FRESH_PHYSICAL_TYPE_CONDITIONED,layer-80:FULL_MIXED_STRIPE:p8,PHYSICALLY_GROUNDED_MODEL_INPUT
80,KDA,worker_protocol,1,1,0.3813,45,FROZEN_PHYSICAL_AUTHENTICATED_FRAME,layer-80:FULL_MIXED_STRIPE:p8,PHYSICAL_INHERITED_E022
80,KDA,whole_layer,1,1,4.212,45,PHYSICAL_TYPE_CONDITIONED,layer-80:WHOLE_LAYER:p1,PHYSICALLY_GROUNDED_MODEL_INPUT
80,KDA,attention_common,1,2,0.05115,45,FRESH_PHYSICAL_TYPE_CONDITIONED,layer-80:FULL_MIXED_STRIPE:p8,PHYSICALLY_GROUNDED_MODEL_INPUT
80,KDA,attention_preprocess,1,2,0.5454,45,FRESH_PHYSICAL_TYPE_CONDITIONED,layer-80:FULL_MIXED_STRIPE:p8,PHYSICALLY_GROUNDED_MODEL_INPUT
80,KDA,attention_reduction,8,2,1.52125,45,FRESH_PHYSICAL_TYPE_CONDITIONED,layer-80:FULL_MIXED_STRIPE:p8,PHYSICALLY_GROUNDED_MODEL_INPUT
80,KDA,attention_shard,8,2,0.40215,45,FRESH_PHYSICAL_TYPE_CONDITIONED,layer-80:FULL_MIXED_STRIPE:p8,PHYSICALLY_GROUNDED_MODEL_INPUT
80,KDA,expert_reduction,8,2,1.0752,45,FRESH_PHYSICAL_TYPE_CONDITIONED,layer-80:FULL_MIXED_STRIPE:p8,PHYSICALLY_GROUNDED_MODEL_INPUT
80,KDA,expert_stripe,8,2,0.39315,45,FRESH_PHYSICAL_TYPE_CONDITIONED,layer-80:FULL_MIXED_STRIPE:p8,PHYSICALLY_GROUNDED_MODEL_INPUT
80,KDA,latent_down,8,2,0.05,45,FRESH_PHYSICAL_TYPE_CONDITIONED,layer-80:FULL_MIXED_STRIPE:p8,PHYSICALLY_GROUNDED_MODEL_INPUT
80,KDA,latent_up,8,2,0.0584,45,FRESH_PHYSICAL_TYPE_CONDITIONED,layer-80:FULL_MIXED_STRIPE:p8,PHYSICALLY_GROUNDED_MODEL_INPUT
80,KDA,latent_up_reduction,8,2,1.46,45,FRESH_PHYSICAL_TYPE_CONDITIONED,layer-80:FULL_MIXED_STRIPE:p8,PHYSICALLY_GROUNDED_MODEL_INPUT
80,KDA,output_state_commit,1,2,0.15510000000000002,45,FRESH_PHYSICAL_TYPE_CONDITIONED,layer-80:FULL_MIXED_STRIPE:p8,PHYSICALLY_GROUNDED_MODEL_INPUT
80,KDA,post_attention_preprocess,1,2,0.54325,45,FRESH_PHYSICAL_TYPE_CONDITIONED,layer-80:FULL_MIXED_STRIPE:p8,PHYSICALLY_GROUNDED_MODEL_INPUT
80,KDA,routed_norm,1,2,0.1233,45,FRESH_PHYSICAL_TYPE_CONDITIONED,layer-80:FULL_MIXED_STRIPE:p8,PHYSICALLY_GROUNDED_MODEL_INPUT
80,KDA,routed_shared_reduction,2,2,1.2424,45,FRESH_PHYSICAL_TYPE_CONDITIONED,layer-80:FULL_MIXED_STRIPE:p8,PHYSICALLY_GROUNDED_MODEL_INPUT
80,KDA,router,1,2,0.6437,45,FRESH_PHYSICAL_TYPE_CONDITIONED,layer-80:FULL_MIXED_STRIPE:p8,PHYSICALLY_GROUNDED_MODEL_INPUT
80,KDA,shared_expert,8,2,0.12365000000000001,45,FRESH_PHYSICAL_TYPE_CONDITIONED,layer-80:FULL_MIXED_STRIPE:p8,PHYSICALLY_GROUNDED_MODEL_INPUT
80,KDA,shared_reduction,8,2,1.46,45,FRESH_PHYSICAL_TYPE_CONDITIONED,layer-80:FULL_MIXED_STRIPE:p8,PHYSICALLY_GROUNDED_MODEL_INPUT
80,KDA,worker_protocol,1,2,0.4718,45,FROZEN_PHYSICAL_AUTHENTICATED_FRAME,layer-80:FULL_MIXED_STRIPE:p8,PHYSICAL_INHERITED_E022
80,KDA,whole_layer,1,2,5.8731,45,PHYSICAL_TYPE_CONDITIONED,layer-80:WHOLE_LAYER:p1,PHYSICALLY_GROUNDED_MODEL_INPUT
80,KDA,attention_common,1,4,0.0511,45,FRESH_PHYSICAL_TYPE_CONDITIONED,layer-80:FULL_MIXED_STRIPE:p8,PHYSICALLY_GROUNDED_MODEL_INPUT
80,KDA,attention_preprocess,1,4,0.9714,45,FRESH_PHYSICAL_TYPE_CONDITIONED,layer-80:FULL_MIXED_STRIPE:p8,PHYSICALLY_GROUNDED_MODEL_INPUT
80,KDA,attention_reduction,8,4,1.6047500000000001,45,FRESH_PHYSICAL_TYPE_CONDITIONED,layer-80:FULL_MIXED_STRIPE:p8,PHYSICALLY_GROUNDED_MODEL_INPUT
80,KDA,attention_shard,8,4,0.6811,45,FRESH_PHYSICAL_TYPE_CONDITIONED,layer-80:FULL_MIXED_STRIPE:p8,PHYSICALLY_GROUNDED_MODEL_INPUT
80,KDA,expert_reduction,8,4,1.466,45,FRESH_PHYSICAL_TYPE_CONDITIONED,layer-80:FULL_MIXED_STRIPE:p8,PHYSICALLY_GROUNDED_MODEL_INPUT
80,KDA,expert_stripe,8,4,0.6790499999999999,45,FRESH_PHYSICAL_TYPE_CONDITIONED,layer-80:FULL_MIXED_STRIPE:p8,PHYSICALLY_GROUNDED_MODEL_INPUT
80,KDA,latent_down,8,4,0.0902,45,FRESH_PHYSICAL_TYPE_CONDITIONED,layer-80:FULL_MIXED_STRIPE:p8,PHYSICALLY_GROUNDED_MODEL_INPUT
80,KDA,latent_up,8,4,0.0815,45,FRESH_PHYSICAL_TYPE_CONDITIONED,layer-80:FULL_MIXED_STRIPE:p8,PHYSICALLY_GROUNDED_MODEL_INPUT
80,KDA,latent_up_reduction,8,4,1.5376,45,FRESH_PHYSICAL_TYPE_CONDITIONED,layer-80:FULL_MIXED_STRIPE:p8,PHYSICALLY_GROUNDED_MODEL_INPUT
80,KDA,output_state_commit,1,4,0.18295,45,FRESH_PHYSICAL_TYPE_CONDITIONED,layer-80:FULL_MIXED_STRIPE:p8,PHYSICALLY_GROUNDED_MODEL_INPUT
80,KDA,post_attention_preprocess,1,4,0.9783,45,FRESH_PHYSICAL_TYPE_CONDITIONED,layer-80:FULL_MIXED_STRIPE:p8,PHYSICALLY_GROUNDED_MODEL_INPUT
80,KDA,routed_norm,1,4,0.1302,45,FRESH_PHYSICAL_TYPE_CONDITIONED,layer-80:FULL_MIXED_STRIPE:p8,PHYSICALLY_GROUNDED_MODEL_INPUT
80,KDA,routed_shared_reduction,2,4,1.2015,45,FRESH_PHYSICAL_TYPE_CONDITIONED,layer-80:FULL_MIXED_STRIPE:p8,PHYSICALLY_GROUNDED_MODEL_INPUT
80,KDA,router,1,4,0.64645,45,FRESH_PHYSICAL_TYPE_CONDITIONED,layer-80:FULL_MIXED_STRIPE:p8,PHYSICALLY_GROUNDED_MODEL_INPUT
80,KDA,shared_expert,8,4,0.2192,45,FRESH_PHYSICAL_TYPE_CONDITIONED,layer-80:FULL_MIXED_STRIPE:p8,PHYSICALLY_GROUNDED_MODEL_INPUT
80,KDA,shared_reduction,8,4,1.5376,45,FRESH_PHYSICAL_TYPE_CONDITIONED,layer-80:FULL_MIXED_STRIPE:p8,PHYSICALLY_GROUNDED_MODEL_INPUT
80,KDA,worker_protocol,1,4,0.6952,45,FROZEN_PHYSICAL_AUTHENTICATED_FRAME,layer-80:FULL_MIXED_STRIPE:p8,PHYSICAL_INHERITED_E022
80,KDA,whole_layer,1,4,8.604849999999999,45,PHYSICAL_TYPE_CONDITIONED,layer-80:WHOLE_LAYER:p1,PHYSICALLY_GROUNDED_MODEL_INPUT
81,KDA,attention_common,1,1,0.050699999999999995,45,FRESH_PHYSICAL_TYPE_CONDITIONED,layer-81:FULL_MIXED_STRIPE:p8,PHYSICALLY_GROUNDED_MODEL_INPUT
81,KDA,attention_preprocess,1,1,0.3388,45,FRESH_PHYSICAL_TYPE_CONDITIONED,layer-81:FULL_MIXED_STRIPE:p8,PHYSICALLY_GROUNDED_MODEL_INPUT
81,KDA,attention_reduction,8,1,1.5225,45,FRESH_PHYSICAL_TYPE_CONDITIONED,layer-81:FULL_MIXED_STRIPE:p8,PHYSICALLY_GROUNDED_MODEL_INPUT
81,KDA,attention_shard,8,1,0.3079,45,FRESH_PHYSICAL_TYPE_CONDITIONED,layer-81:FULL_MIXED_STRIPE:p8,PHYSICALLY_GROUNDED_MODEL_INPUT
81,KDA,expert_reduction,8,1,1.183,45,FRESH_PHYSICAL_TYPE_CONDITIONED,layer-81:FULL_MIXED_STRIPE:p8,PHYSICALLY_GROUNDED_MODEL_INPUT
81,KDA,expert_stripe,8,1,0.23620000000000002,45,FRESH_PHYSICAL_TYPE_CONDITIONED,layer-81:FULL_MIXED_STRIPE:p8,PHYSICALLY_GROUNDED_MODEL_INPUT
81,KDA,latent_down,8,1,0.0447,45,FRESH_PHYSICAL_TYPE_CONDITIONED,layer-81:FULL_MIXED_STRIPE:p8,PHYSICALLY_GROUNDED_MODEL_INPUT
81,KDA,latent_up,8,1,0.0463,45,FRESH_PHYSICAL_TYPE_CONDITIONED,layer-81:FULL_MIXED_STRIPE:p8,PHYSICALLY_GROUNDED_MODEL_INPUT
81,KDA,latent_up_reduction,8,1,1.46,45,FRESH_PHYSICAL_TYPE_CONDITIONED,layer-81:FULL_MIXED_STRIPE:p8,PHYSICALLY_GROUNDED_MODEL_INPUT
81,KDA,output_state_commit,1,1,0.15115,45,FRESH_PHYSICAL_TYPE_CONDITIONED,layer-81:FULL_MIXED_STRIPE:p8,PHYSICALLY_GROUNDED_MODEL_INPUT
81,KDA,post_attention_preprocess,1,1,0.3276,45,FRESH_PHYSICAL_TYPE_CONDITIONED,layer-81:FULL_MIXED_STRIPE:p8,PHYSICALLY_GROUNDED_MODEL_INPUT
81,KDA,routed_norm,1,1,0.13645000000000002,45,FRESH_PHYSICAL_TYPE_CONDITIONED,layer-81:FULL_MIXED_STRIPE:p8,PHYSICALLY_GROUNDED_MODEL_INPUT
81,KDA,routed_shared_reduction,2,1,1.1742,45,FRESH_PHYSICAL_TYPE_CONDITIONED,layer-81:FULL_MIXED_STRIPE:p8,PHYSICALLY_GROUNDED_MODEL_INPUT
81,KDA,router,1,1,0.6472,45,FRESH_PHYSICAL_TYPE_CONDITIONED,layer-81:FULL_MIXED_STRIPE:p8,PHYSICALLY_GROUNDED_MODEL_INPUT
81,KDA,shared_expert,8,1,0.1073,45,FRESH_PHYSICAL_TYPE_CONDITIONED,layer-81:FULL_MIXED_STRIPE:p8,PHYSICALLY_GROUNDED_MODEL_INPUT
81,KDA,shared_reduction,8,1,1.46,45,FRESH_PHYSICAL_TYPE_CONDITIONED,layer-81:FULL_MIXED_STRIPE:p8,PHYSICALLY_GROUNDED_MODEL_INPUT
81,KDA,worker_protocol,1,1,0.3813,45,FROZEN_PHYSICAL_AUTHENTICATED_FRAME,layer-81:FULL_MIXED_STRIPE:p8,PHYSICAL_INHERITED_E022
81,KDA,whole_layer,1,1,4.212,45,PHYSICAL_TYPE_CONDITIONED,layer-81:WHOLE_LAYER:p1,PHYSICALLY_GROUNDED_MODEL_INPUT
81,KDA,attention_common,1,2,0.05115,45,FRESH_PHYSICAL_TYPE_CONDITIONED,layer-81:FULL_MIXED_STRIPE:p8,PHYSICALLY_GROUNDED_MODEL_INPUT
81,KDA,attention_preprocess,1,2,0.5454,45,FRESH_PHYSICAL_TYPE_CONDITIONED,layer-81:FULL_MIXED_STRIPE:p8,PHYSICALLY_GROUNDED_MODEL_INPUT
81,KDA,attention_reduction,8,2,1.52125,45,FRESH_PHYSICAL_TYPE_CONDITIONED,layer-81:FULL_MIXED_STRIPE:p8,PHYSICALLY_GROUNDED_MODEL_INPUT
81,KDA,attention_shard,8,2,0.40215,45,FRESH_PHYSICAL_TYPE_CONDITIONED,layer-81:FULL_MIXED_STRIPE:p8,PHYSICALLY_GROUNDED_MODEL_INPUT
81,KDA,expert_reduction,8,2,1.0752,45,FRESH_PHYSICAL_TYPE_CONDITIONED,layer-81:FULL_MIXED_STRIPE:p8,PHYSICALLY_GROUNDED_MODEL_INPUT
81,KDA,expert_stripe,8,2,0.39315,45,FRESH_PHYSICAL_TYPE_CONDITIONED,layer-81:FULL_MIXED_STRIPE:p8,PHYSICALLY_GROUNDED_MODEL_INPUT
81,KDA,latent_down,8,2,0.05,45,FRESH_PHYSICAL_TYPE_CONDITIONED,layer-81:FULL_MIXED_STRIPE:p8,PHYSICALLY_GROUNDED_MODEL_INPUT
81,KDA,latent_up,8,2,0.0584,45,FRESH_PHYSICAL_TYPE_CONDITIONED,layer-81:FULL_MIXED_STRIPE:p8,PHYSICALLY_GROUNDED_MODEL_INPUT
81,KDA,latent_up_reduction,8,2,1.46,45,FRESH_PHYSICAL_TYPE_CONDITIONED,layer-81:FULL_MIXED_STRIPE:p8,PHYSICALLY_GROUNDED_MODEL_INPUT
81,KDA,output_state_commit,1,2,0.15510000000000002,45,FRESH_PHYSICAL_TYPE_CONDITIONED,layer-81:FULL_MIXED_STRIPE:p8,PHYSICALLY_GROUNDED_MODEL_INPUT
81,KDA,post_attention_preprocess,1,2,0.54325,45,FRESH_PHYSICAL_TYPE_CONDITIONED,layer-81:FULL_MIXED_STRIPE:p8,PHYSICALLY_GROUNDED_MODEL_INPUT
81,KDA,routed_norm,1,2,0.1233,45,FRESH_PHYSICAL_TYPE_CONDITIONED,layer-81:FULL_MIXED_STRIPE:p8,PHYSICALLY_GROUNDED_MODEL_INPUT
81,KDA,routed_shared_reduction,2,2,1.2424,45,FRESH_PHYSICAL_TYPE_CONDITIONED,layer-81:FULL_MIXED_STRIPE:p8,PHYSICALLY_GROUNDED_MODEL_INPUT
81,KDA,router,1,2,0.6437,45,FRESH_PHYSICAL_TYPE_CONDITIONED,layer-81:FULL_MIXED_STRIPE:p8,PHYSICALLY_GROUNDED_MODEL_INPUT
81,KDA,shared_expert,8,2,0.12365000000000001,45,FRESH_PHYSICAL_TYPE_CONDITIONED,layer-81:FULL_MIXED_STRIPE:p8,PHYSICALLY_GROUNDED_MODEL_INPUT
81,KDA,shared_reduction,8,2,1.46,45,FRESH_PHYSICAL_TYPE_CONDITIONED,layer-81:FULL_MIXED_STRIPE:p8,PHYSICALLY_GROUNDED_MODEL_INPUT
81,KDA,worker_protocol,1,2,0.4718,45,FROZEN_PHYSICAL_AUTHENTICATED_FRAME,layer-81:FULL_MIXED_STRIPE:p8,PHYSICAL_INHERITED_E022
81,KDA,whole_layer,1,2,5.8731,45,PHYSICAL_TYPE_CONDITIONED,layer-81:WHOLE_LAYER:p1,PHYSICALLY_GROUNDED_MODEL_INPUT
81,KDA,attention_common,1,4,0.0511,45,FRESH_PHYSICAL_TYPE_CONDITIONED,layer-81:FULL_MIXED_STRIPE:p8,PHYSICALLY_GROUNDED_MODEL_INPUT
81,KDA,attention_preprocess,1,4,0.9714,45,FRESH_PHYSICAL_TYPE_CONDITIONED,layer-81:FULL_MIXED_STRIPE:p8,PHYSICALLY_GROUNDED_MODEL_INPUT
81,KDA,attention_reduction,8,4,1.6047500000000001,45,FRESH_PHYSICAL_TYPE_CONDITIONED,layer-81:FULL_MIXED_STRIPE:p8,PHYSICALLY_GROUNDED_MODEL_INPUT
81,KDA,attention_shard,8,4,0.6811,45,FRESH_PHYSICAL_TYPE_CONDITIONED,layer-81:FULL_MIXED_STRIPE:p8,PHYSICALLY_GROUNDED_MODEL_INPUT
81,KDA,expert_reduction,8,4,1.466,45,FRESH_PHYSICAL_TYPE_CONDITIONED,layer-81:FULL_MIXED_STRIPE:p8,PHYSICALLY_GROUNDED_MODEL_INPUT
81,KDA,expert_stripe,8,4,0.6790499999999999,45,FRESH_PHYSICAL_TYPE_CONDITIONED,layer-81:FULL_MIXED_STRIPE:p8,PHYSICALLY_GROUNDED_MODEL_INPUT
81,KDA,latent_down,8,4,0.0902,45,FRESH_PHYSICAL_TYPE_CONDITIONED,layer-81:FULL_MIXED_STRIPE:p8,PHYSICALLY_GROUNDED_MODEL_INPUT
81,KDA,latent_up,8,4,0.0815,45,FRESH_PHYSICAL_TYPE_CONDITIONED,layer-81:FULL_MIXED_STRIPE:p8,PHYSICALLY_GROUNDED_MODEL_INPUT
81,KDA,latent_up_reduction,8,4,1.5376,45,FRESH_PHYSICAL_TYPE_CONDITIONED,layer-81:FULL_MIXED_STRIPE:p8,PHYSICALLY_GROUNDED_MODEL_INPUT
81,KDA,output_state_commit,1,4,0.18295,45,FRESH_PHYSICAL_TYPE_CONDITIONED,layer-81:FULL_MIXED_STRIPE:p8,PHYSICALLY_GROUNDED_MODEL_INPUT
81,KDA,post_attention_preprocess,1,4,0.9783,45,FRESH_PHYSICAL_TYPE_CONDITIONED,layer-81:FULL_MIXED_STRIPE:p8,PHYSICALLY_GROUNDED_MODEL_INPUT
81,KDA,routed_norm,1,4,0.1302,45,FRESH_PHYSICAL_TYPE_CONDITIONED,layer-81:FULL_MIXED_STRIPE:p8,PHYSICALLY_GROUNDED_MODEL_INPUT
81,KDA,routed_shared_reduction,2,4,1.2015,45,FRESH_PHYSICAL_TYPE_CONDITIONED,layer-81:FULL_MIXED_STRIPE:p8,PHYSICALLY_GROUNDED_MODEL_INPUT
81,KDA,router,1,4,0.64645,45,FRESH_PHYSICAL_TYPE_CONDITIONED,layer-81:FULL_MIXED_STRIPE:p8,PHYSICALLY_GROUNDED_MODEL_INPUT
81,KDA,shared_expert,8,4,0.2192,45,FRESH_PHYSICAL_TYPE_CONDITIONED,layer-81:FULL_MIXED_STRIPE:p8,PHYSICALLY_GROUNDED_MODEL_INPUT
81,KDA,shared_reduction,8,4,1.5376,45,FRESH_PHYSICAL_TYPE_CONDITIONED,layer-81:FULL_MIXED_STRIPE:p8,PHYSICALLY_GROUNDED_MODEL_INPUT
81,KDA,worker_protocol,1,4,0.6952,45,FROZEN_PHYSICAL_AUTHENTICATED_FRAME,layer-81:FULL_MIXED_STRIPE:p8,PHYSICAL_INHERITED_E022
81,KDA,whole_layer,1,4,8.604849999999999,45,PHYSICAL_TYPE_CONDITIONED,layer-81:WHOLE_LAYER:p1,PHYSICALLY_GROUNDED_MODEL_INPUT
82,KDA,attention_common,1,1,0.050699999999999995,45,FRESH_PHYSICAL_TYPE_CONDITIONED,layer-82:FULL_MIXED_STRIPE:p8,PHYSICALLY_GROUNDED_MODEL_INPUT
82,KDA,attention_preprocess,1,1,0.3388,45,FRESH_PHYSICAL_TYPE_CONDITIONED,layer-82:FULL_MIXED_STRIPE:p8,PHYSICALLY_GROUNDED_MODEL_INPUT
82,KDA,attention_reduction,8,1,1.5225,45,FRESH_PHYSICAL_TYPE_CONDITIONED,layer-82:FULL_MIXED_STRIPE:p8,PHYSICALLY_GROUNDED_MODEL_INPUT
82,KDA,attention_shard,8,1,0.3079,45,FRESH_PHYSICAL_TYPE_CONDITIONED,layer-82:FULL_MIXED_STRIPE:p8,PHYSICALLY_GROUNDED_MODEL_INPUT
82,KDA,expert_reduction,8,1,1.183,45,FRESH_PHYSICAL_TYPE_CONDITIONED,layer-82:FULL_MIXED_STRIPE:p8,PHYSICALLY_GROUNDED_MODEL_INPUT
82,KDA,expert_stripe,8,1,0.23620000000000002,45,FRESH_PHYSICAL_TYPE_CONDITIONED,layer-82:FULL_MIXED_STRIPE:p8,PHYSICALLY_GROUNDED_MODEL_INPUT
82,KDA,latent_down,8,1,0.0447,45,FRESH_PHYSICAL_TYPE_CONDITIONED,layer-82:FULL_MIXED_STRIPE:p8,PHYSICALLY_GROUNDED_MODEL_INPUT
82,KDA,latent_up,8,1,0.0463,45,FRESH_PHYSICAL_TYPE_CONDITIONED,layer-82:FULL_MIXED_STRIPE:p8,PHYSICALLY_GROUNDED_MODEL_INPUT
82,KDA,latent_up_reduction,8,1,1.46,45,FRESH_PHYSICAL_TYPE_CONDITIONED,layer-82:FULL_MIXED_STRIPE:p8,PHYSICALLY_GROUNDED_MODEL_INPUT
82,KDA,output_state_commit,1,1,0.15115,45,FRESH_PHYSICAL_TYPE_CONDITIONED,layer-82:FULL_MIXED_STRIPE:p8,PHYSICALLY_GROUNDED_MODEL_INPUT
82,KDA,post_attention_preprocess,1,1,0.3276,45,FRESH_PHYSICAL_TYPE_CONDITIONED,layer-82:FULL_MIXED_STRIPE:p8,PHYSICALLY_GROUNDED_MODEL_INPUT
82,KDA,routed_norm,1,1,0.13645000000000002,45,FRESH_PHYSICAL_TYPE_CONDITIONED,layer-82:FULL_MIXED_STRIPE:p8,PHYSICALLY_GROUNDED_MODEL_INPUT
82,KDA,routed_shared_reduction,2,1,1.1742,45,FRESH_PHYSICAL_TYPE_CONDITIONED,layer-82:FULL_MIXED_STRIPE:p8,PHYSICALLY_GROUNDED_MODEL_INPUT
82,KDA,router,1,1,0.6472,45,FRESH_PHYSICAL_TYPE_CONDITIONED,layer-82:FULL_MIXED_STRIPE:p8,PHYSICALLY_GROUNDED_MODEL_INPUT
82,KDA,shared_expert,8,1,0.1073,45,FRESH_PHYSICAL_TYPE_CONDITIONED,layer-82:FULL_MIXED_STRIPE:p8,PHYSICALLY_GROUNDED_MODEL_INPUT
82,KDA,shared_reduction,8,1,1.46,45,FRESH_PHYSICAL_TYPE_CONDITIONED,layer-82:FULL_MIXED_STRIPE:p8,PHYSICALLY_GROUNDED_MODEL_INPUT
82,KDA,worker_protocol,1,1,0.3813,45,FROZEN_PHYSICAL_AUTHENTICATED_FRAME,layer-82:FULL_MIXED_STRIPE:p8,PHYSICAL_INHERITED_E022
82,KDA,whole_layer,1,1,4.212,45,PHYSICAL_TYPE_CONDITIONED,layer-82:WHOLE_LAYER:p1,PHYSICALLY_GROUNDED_MODEL_INPUT
82,KDA,attention_common,1,2,0.05115,45,FRESH_PHYSICAL_TYPE_CONDITIONED,layer-82:FULL_MIXED_STRIPE:p8,PHYSICALLY_GROUNDED_MODEL_INPUT
82,KDA,attention_preprocess,1,2,0.5454,45,FRESH_PHYSICAL_TYPE_CONDITIONED,layer-82:FULL_MIXED_STRIPE:p8,PHYSICALLY_GROUNDED_MODEL_INPUT
82,KDA,attention_reduction,8,2,1.52125,45,FRESH_PHYSICAL_TYPE_CONDITIONED,layer-82:FULL_MIXED_STRIPE:p8,PHYSICALLY_GROUNDED_MODEL_INPUT
82,KDA,attention_shard,8,2,0.40215,45,FRESH_PHYSICAL_TYPE_CONDITIONED,layer-82:FULL_MIXED_STRIPE:p8,PHYSICALLY_GROUNDED_MODEL_INPUT
82,KDA,expert_reduction,8,2,1.0752,45,FRESH_PHYSICAL_TYPE_CONDITIONED,layer-82:FULL_MIXED_STRIPE:p8,PHYSICALLY_GROUNDED_MODEL_INPUT
82,KDA,expert_stripe,8,2,0.39315,45,FRESH_PHYSICAL_TYPE_CONDITIONED,layer-82:FULL_MIXED_STRIPE:p8,PHYSICALLY_GROUNDED_MODEL_INPUT
82,KDA,latent_down,8,2,0.05,45,FRESH_PHYSICAL_TYPE_CONDITIONED,layer-82:FULL_MIXED_STRIPE:p8,PHYSICALLY_GROUNDED_MODEL_INPUT
82,KDA,latent_up,8,2,0.0584,45,FRESH_PHYSICAL_TYPE_CONDITIONED,layer-82:FULL_MIXED_STRIPE:p8,PHYSICALLY_GROUNDED_MODEL_INPUT
82,KDA,latent_up_reduction,8,2,1.46,45,FRESH_PHYSICAL_TYPE_CONDITIONED,layer-82:FULL_MIXED_STRIPE:p8,PHYSICALLY_GROUNDED_MODEL_INPUT
82,KDA,output_state_commit,1,2,0.15510000000000002,45,FRESH_PHYSICAL_TYPE_CONDITIONED,layer-82:FULL_MIXED_STRIPE:p8,PHYSICALLY_GROUNDED_MODEL_INPUT
82,KDA,post_attention_preprocess,1,2,0.54325,45,FRESH_PHYSICAL_TYPE_CONDITIONED,layer-82:FULL_MIXED_STRIPE:p8,PHYSICALLY_GROUNDED_MODEL_INPUT
82,KDA,routed_norm,1,2,0.1233,45,FRESH_PHYSICAL_TYPE_CONDITIONED,layer-82:FULL_MIXED_STRIPE:p8,PHYSICALLY_GROUNDED_MODEL_INPUT
82,KDA,routed_shared_reduction,2,2,1.2424,45,FRESH_PHYSICAL_TYPE_CONDITIONED,layer-82:FULL_MIXED_STRIPE:p8,PHYSICALLY_GROUNDED_MODEL_INPUT
82,KDA,router,1,2,0.6437,45,FRESH_PHYSICAL_TYPE_CONDITIONED,layer-82:FULL_MIXED_STRIPE:p8,PHYSICALLY_GROUNDED_MODEL_INPUT
82,KDA,shared_expert,8,2,0.12365000000000001,45,FRESH_PHYSICAL_TYPE_CONDITIONED,layer-82:FULL_MIXED_STRIPE:p8,PHYSICALLY_GROUNDED_MODEL_INPUT
82,KDA,shared_reduction,8,2,1.46,45,FRESH_PHYSICAL_TYPE_CONDITIONED,layer-82:FULL_MIXED_STRIPE:p8,PHYSICALLY_GROUNDED_MODEL_INPUT
82,KDA,worker_protocol,1,2,0.4718,45,FROZEN_PHYSICAL_AUTHENTICATED_FRAME,layer-82:FULL_MIXED_STRIPE:p8,PHYSICAL_INHERITED_E022
82,KDA,whole_layer,1,2,5.8731,45,PHYSICAL_TYPE_CONDITIONED,layer-82:WHOLE_LAYER:p1,PHYSICALLY_GROUNDED_MODEL_INPUT
82,KDA,attention_common,1,4,0.0511,45,FRESH_PHYSICAL_TYPE_CONDITIONED,layer-82:FULL_MIXED_STRIPE:p8,PHYSICALLY_GROUNDED_MODEL_INPUT
82,KDA,attention_preprocess,1,4,0.9714,45,FRESH_PHYSICAL_TYPE_CONDITIONED,layer-82:FULL_MIXED_STRIPE:p8,PHYSICALLY_GROUNDED_MODEL_INPUT
82,KDA,attention_reduction,8,4,1.6047500000000001,45,FRESH_PHYSICAL_TYPE_CONDITIONED,layer-82:FULL_MIXED_STRIPE:p8,PHYSICALLY_GROUNDED_MODEL_INPUT
82,KDA,attention_shard,8,4,0.6811,45,FRESH_PHYSICAL_TYPE_CONDITIONED,layer-82:FULL_MIXED_STRIPE:p8,PHYSICALLY_GROUNDED_MODEL_INPUT
82,KDA,expert_reduction,8,4,1.466,45,FRESH_PHYSICAL_TYPE_CONDITIONED,layer-82:FULL_MIXED_STRIPE:p8,PHYSICALLY_GROUNDED_MODEL_INPUT
82,KDA,expert_stripe,8,4,0.6790499999999999,45,FRESH_PHYSICAL_TYPE_CONDITIONED,layer-82:FULL_MIXED_STRIPE:p8,PHYSICALLY_GROUNDED_MODEL_INPUT
82,KDA,latent_down,8,4,0.0902,45,FRESH_PHYSICAL_TYPE_CONDITIONED,layer-82:FULL_MIXED_STRIPE:p8,PHYSICALLY_GROUNDED_MODEL_INPUT
82,KDA,latent_up,8,4,0.0815,45,FRESH_PHYSICAL_TYPE_CONDITIONED,layer-82:FULL_MIXED_STRIPE:p8,PHYSICALLY_GROUNDED_MODEL_INPUT
82,KDA,latent_up_reduction,8,4,1.5376,45,FRESH_PHYSICAL_TYPE_CONDITIONED,layer-82:FULL_MIXED_STRIPE:p8,PHYSICALLY_GROUNDED_MODEL_INPUT
82,KDA,output_state_commit,1,4,0.18295,45,FRESH_PHYSICAL_TYPE_CONDITIONED,layer-82:FULL_MIXED_STRIPE:p8,PHYSICALLY_GROUNDED_MODEL_INPUT
82,KDA,post_attention_preprocess,1,4,0.9783,45,FRESH_PHYSICAL_TYPE_CONDITIONED,layer-82:FULL_MIXED_STRIPE:p8,PHYSICALLY_GROUNDED_MODEL_INPUT
82,KDA,routed_norm,1,4,0.1302,45,FRESH_PHYSICAL_TYPE_CONDITIONED,layer-82:FULL_MIXED_STRIPE:p8,PHYSICALLY_GROUNDED_MODEL_INPUT
82,KDA,routed_shared_reduction,2,4,1.2015,45,FRESH_PHYSICAL_TYPE_CONDITIONED,layer-82:FULL_MIXED_STRIPE:p8,PHYSICALLY_GROUNDED_MODEL_INPUT
82,KDA,router,1,4,0.64645,45,FRESH_PHYSICAL_TYPE_CONDITIONED,layer-82:FULL_MIXED_STRIPE:p8,PHYSICALLY_GROUNDED_MODEL_INPUT
82,KDA,shared_expert,8,4,0.2192,45,FRESH_PHYSICAL_TYPE_CONDITIONED,layer-82:FULL_MIXED_STRIPE:p8,PHYSICALLY_GROUNDED_MODEL_INPUT
82,KDA,shared_reduction,8,4,1.5376,45,FRESH_PHYSICAL_TYPE_CONDITIONED,layer-82:FULL_MIXED_STRIPE:p8,PHYSICALLY_GROUNDED_MODEL_INPUT
82,KDA,worker_protocol,1,4,0.6952,45,FROZEN_PHYSICAL_AUTHENTICATED_FRAME,layer-82:FULL_MIXED_STRIPE:p8,PHYSICAL_INHERITED_E022
82,KDA,whole_layer,1,4,8.604849999999999,45,PHYSICAL_TYPE_CONDITIONED,layer-82:WHOLE_LAYER:p1,PHYSICALLY_GROUNDED_MODEL_INPUT
83,GATED_MLA,attention_common,1,1,0.0867,47,FRESH_PHYSICAL_TYPE_CONDITIONED,layer-83:FULL_MIXED_STRIPE:p8,PHYSICALLY_GROUNDED_MODEL_INPUT
83,GATED_MLA,attention_preprocess,1,1,0.34825,47,FRESH_PHYSICAL_TYPE_CONDITIONED,layer-83:FULL_MIXED_STRIPE:p8,PHYSICALLY_GROUNDED_MODEL_INPUT
83,GATED_MLA,attention_reduction,8,1,1.5127,47,FRESH_PHYSICAL_TYPE_CONDITIONED,layer-83:FULL_MIXED_STRIPE:p8,PHYSICALLY_GROUNDED_MODEL_INPUT
83,GATED_MLA,attention_shard,8,1,0.1987,47,FRESH_PHYSICAL_TYPE_CONDITIONED,layer-83:FULL_MIXED_STRIPE:p8,PHYSICALLY_GROUNDED_MODEL_INPUT
83,GATED_MLA,expert_reduction,8,1,1.183,47,FRESH_PHYSICAL_TYPE_CONDITIONED,layer-83:FULL_MIXED_STRIPE:p8,PHYSICALLY_GROUNDED_MODEL_INPUT
83,GATED_MLA,expert_stripe,8,1,0.2368,47,FRESH_PHYSICAL_TYPE_CONDITIONED,layer-83:FULL_MIXED_STRIPE:p8,PHYSICALLY_GROUNDED_MODEL_INPUT
83,GATED_MLA,latent_down,8,1,0.0443,47,FRESH_PHYSICAL_TYPE_CONDITIONED,layer-83:FULL_MIXED_STRIPE:p8,PHYSICALLY_GROUNDED_MODEL_INPUT
83,GATED_MLA,latent_up,8,1,0.04985,47,FRESH_PHYSICAL_TYPE_CONDITIONED,layer-83:FULL_MIXED_STRIPE:p8,PHYSICALLY_GROUNDED_MODEL_INPUT
83,GATED_MLA,latent_up_reduction,8,1,1.46,47,FRESH_PHYSICAL_TYPE_CONDITIONED,layer-83:FULL_MIXED_STRIPE:p8,PHYSICALLY_GROUNDED_MODEL_INPUT
83,GATED_MLA,output_state_commit,1,1,0.1533,47,FRESH_PHYSICAL_TYPE_CONDITIONED,layer-83:FULL_MIXED_STRIPE:p8,PHYSICALLY_GROUNDED_MODEL_INPUT
83,GATED_MLA,post_attention_preprocess,1,1,0.33235000000000003,47,FRESH_PHYSICAL_TYPE_CONDITIONED,layer-83:FULL_MIXED_STRIPE:p8,PHYSICALLY_GROUNDED_MODEL_INPUT
83,GATED_MLA,routed_norm,1,1,0.12535000000000002,47,FRESH_PHYSICAL_TYPE_CONDITIONED,layer-83:FULL_MIXED_STRIPE:p8,PHYSICALLY_GROUNDED_MODEL_INPUT
83,GATED_MLA,routed_shared_reduction,2,1,1.1742,47,FRESH_PHYSICAL_TYPE_CONDITIONED,layer-83:FULL_MIXED_STRIPE:p8,PHYSICALLY_GROUNDED_MODEL_INPUT
83,GATED_MLA,router,1,1,0.6397999999999999,47,FRESH_PHYSICAL_TYPE_CONDITIONED,layer-83:FULL_MIXED_STRIPE:p8,PHYSICALLY_GROUNDED_MODEL_INPUT
83,GATED_MLA,shared_expert,8,1,0.10835,47,FRESH_PHYSICAL_TYPE_CONDITIONED,layer-83:FULL_MIXED_STRIPE:p8,PHYSICALLY_GROUNDED_MODEL_INPUT
83,GATED_MLA,shared_reduction,8,1,1.46,47,FRESH_PHYSICAL_TYPE_CONDITIONED,layer-83:FULL_MIXED_STRIPE:p8,PHYSICALLY_GROUNDED_MODEL_INPUT
83,GATED_MLA,worker_protocol,1,1,0.3813,47,FROZEN_PHYSICAL_AUTHENTICATED_FRAME,layer-83:FULL_MIXED_STRIPE:p8,PHYSICAL_INHERITED_E022
83,GATED_MLA,whole_layer,1,1,3.6313,47,PHYSICAL_TYPE_CONDITIONED,layer-83:WHOLE_LAYER:p1,PHYSICALLY_GROUNDED_MODEL_INPUT
83,GATED_MLA,attention_common,1,2,0.0963,47,FRESH_PHYSICAL_TYPE_CONDITIONED,layer-83:FULL_MIXED_STRIPE:p8,PHYSICALLY_GROUNDED_MODEL_INPUT
83,GATED_MLA,attention_preprocess,1,2,0.54495,47,FRESH_PHYSICAL_TYPE_CONDITIONED,layer-83:FULL_MIXED_STRIPE:p8,PHYSICALLY_GROUNDED_MODEL_INPUT
83,GATED_MLA,attention_reduction,8,2,1.51195,47,FRESH_PHYSICAL_TYPE_CONDITIONED,layer-83:FULL_MIXED_STRIPE:p8,PHYSICALLY_GROUNDED_MODEL_INPUT
83,GATED_MLA,attention_shard,8,2,0.28745,47,FRESH_PHYSICAL_TYPE_CONDITIONED,layer-83:FULL_MIXED_STRIPE:p8,PHYSICALLY_GROUNDED_MODEL_INPUT
83,GATED_MLA,expert_reduction,8,2,1.0752,47,FRESH_PHYSICAL_TYPE_CONDITIONED,layer-83:FULL_MIXED_STRIPE:p8,PHYSICALLY_GROUNDED_MODEL_INPUT
83,GATED_MLA,expert_stripe,8,2,0.378,47,FRESH_PHYSICAL_TYPE_CONDITIONED,layer-83:FULL_MIXED_STRIPE:p8,PHYSICALLY_GROUNDED_MODEL_INPUT
83,GATED_MLA,latent_down,8,2,0.0489,47,FRESH_PHYSICAL_TYPE_CONDITIONED,layer-83:FULL_MIXED_STRIPE:p8,PHYSICALLY_GROUNDED_MODEL_INPUT
83,GATED_MLA,latent_up,8,2,0.05835,47,FRESH_PHYSICAL_TYPE_CONDITIONED,layer-83:FULL_MIXED_STRIPE:p8,PHYSICALLY_GROUNDED_MODEL_INPUT
83,GATED_MLA,latent_up_reduction,8,2,1.46,47,FRESH_PHYSICAL_TYPE_CONDITIONED,layer-83:FULL_MIXED_STRIPE:p8,PHYSICALLY_GROUNDED_MODEL_INPUT
83,GATED_MLA,output_state_commit,1,2,0.15645,47,FRESH_PHYSICAL_TYPE_CONDITIONED,layer-83:FULL_MIXED_STRIPE:p8,PHYSICALLY_GROUNDED_MODEL_INPUT
83,GATED_MLA,post_attention_preprocess,1,2,0.541,47,FRESH_PHYSICAL_TYPE_CONDITIONED,layer-83:FULL_MIXED_STRIPE:p8,PHYSICALLY_GROUNDED_MODEL_INPUT
83,GATED_MLA,routed_norm,1,2,0.1384,47,FRESH_PHYSICAL_TYPE_CONDITIONED,layer-83:FULL_MIXED_STRIPE:p8,PHYSICALLY_GROUNDED_MODEL_INPUT
83,GATED_MLA,routed_shared_reduction,2,2,1.2424,47,FRESH_PHYSICAL_TYPE_CONDITIONED,layer-83:FULL_MIXED_STRIPE:p8,PHYSICALLY_GROUNDED_MODEL_INPUT
83,GATED_MLA,router,1,2,0.6346,47,FRESH_PHYSICAL_TYPE_CONDITIONED,layer-83:FULL_MIXED_STRIPE:p8,PHYSICALLY_GROUNDED_MODEL_INPUT
83,GATED_MLA,shared_expert,8,2,0.1232,47,FRESH_PHYSICAL_TYPE_CONDITIONED,layer-83:FULL_MIXED_STRIPE:p8,PHYSICALLY_GROUNDED_MODEL_INPUT
83,GATED_MLA,shared_reduction,8,2,1.46,47,FRESH_PHYSICAL_TYPE_CONDITIONED,layer-83:FULL_MIXED_STRIPE:p8,PHYSICALLY_GROUNDED_MODEL_INPUT
83,GATED_MLA,worker_protocol,1,2,0.4718,47,FROZEN_PHYSICAL_AUTHENTICATED_FRAME,layer-83:FULL_MIXED_STRIPE:p8,PHYSICAL_INHERITED_E022
83,GATED_MLA,whole_layer,1,2,5.43685,47,PHYSICAL_TYPE_CONDITIONED,layer-83:WHOLE_LAYER:p1,PHYSICALLY_GROUNDED_MODEL_INPUT
83,GATED_MLA,attention_common,1,4,0.17265,47,FRESH_PHYSICAL_TYPE_CONDITIONED,layer-83:FULL_MIXED_STRIPE:p8,PHYSICALLY_GROUNDED_MODEL_INPUT
83,GATED_MLA,attention_preprocess,1,4,0.98235,47,FRESH_PHYSICAL_TYPE_CONDITIONED,layer-83:FULL_MIXED_STRIPE:p8,PHYSICALLY_GROUNDED_MODEL_INPUT
83,GATED_MLA,attention_reduction,8,4,1.601,47,FRESH_PHYSICAL_TYPE_CONDITIONED,layer-83:FULL_MIXED_STRIPE:p8,PHYSICALLY_GROUNDED_MODEL_INPUT
83,GATED_MLA,attention_shard,8,4,0.4851,47,FRESH_PHYSICAL_TYPE_CONDITIONED,layer-83:FULL_MIXED_STRIPE:p8,PHYSICALLY_GROUNDED_MODEL_INPUT
83,GATED_MLA,expert_reduction,8,4,1.466,47,FRESH_PHYSICAL_TYPE_CONDITIONED,layer-83:FULL_MIXED_STRIPE:p8,PHYSICALLY_GROUNDED_MODEL_INPUT
83,GATED_MLA,expert_stripe,8,4,0.66125,47,FRESH_PHYSICAL_TYPE_CONDITIONED,layer-83:FULL_MIXED_STRIPE:p8,PHYSICALLY_GROUNDED_MODEL_INPUT
83,GATED_MLA,latent_down,8,4,0.08595,47,FRESH_PHYSICAL_TYPE_CONDITIONED,layer-83:FULL_MIXED_STRIPE:p8,PHYSICALLY_GROUNDED_MODEL_INPUT
83,GATED_MLA,latent_up,8,4,0.0813,47,FRESH_PHYSICAL_TYPE_CONDITIONED,layer-83:FULL_MIXED_STRIPE:p8,PHYSICALLY_GROUNDED_MODEL_INPUT
83,GATED_MLA,latent_up_reduction,8,4,1.5376,47,FRESH_PHYSICAL_TYPE_CONDITIONED,layer-83:FULL_MIXED_STRIPE:p8,PHYSICALLY_GROUNDED_MODEL_INPUT
83,GATED_MLA,output_state_commit,1,4,0.1817,47,FRESH_PHYSICAL_TYPE_CONDITIONED,layer-83:FULL_MIXED_STRIPE:p8,PHYSICALLY_GROUNDED_MODEL_INPUT
83,GATED_MLA,post_attention_preprocess,1,4,0.9854,47,FRESH_PHYSICAL_TYPE_CONDITIONED,layer-83:FULL_MIXED_STRIPE:p8,PHYSICALLY_GROUNDED_MODEL_INPUT
83,GATED_MLA,routed_norm,1,4,0.14075,47,FRESH_PHYSICAL_TYPE_CONDITIONED,layer-83:FULL_MIXED_STRIPE:p8,PHYSICALLY_GROUNDED_MODEL_INPUT
83,GATED_MLA,routed_shared_reduction,2,4,1.2015,47,FRESH_PHYSICAL_TYPE_CONDITIONED,layer-83:FULL_MIXED_STRIPE:p8,PHYSICALLY_GROUNDED_MODEL_INPUT
83,GATED_MLA,router,1,4,0.63985,47,FRESH_PHYSICAL_TYPE_CONDITIONED,layer-83:FULL_MIXED_STRIPE:p8,PHYSICALLY_GROUNDED_MODEL_INPUT
83,GATED_MLA,shared_expert,8,4,0.2192,47,FRESH_PHYSICAL_TYPE_CONDITIONED,layer-83:FULL_MIXED_STRIPE:p8,PHYSICALLY_GROUNDED_MODEL_INPUT
83,GATED_MLA,shared_reduction,8,4,1.5376,47,FRESH_PHYSICAL_TYPE_CONDITIONED,layer-83:FULL_MIXED_STRIPE:p8,PHYSICALLY_GROUNDED_MODEL_INPUT
83,GATED_MLA,worker_protocol,1,4,0.6952,47,FROZEN_PHYSICAL_AUTHENTICATED_FRAME,layer-83:FULL_MIXED_STRIPE:p8,PHYSICAL_INHERITED_E022
83,GATED_MLA,whole_layer,1,4,7.946199999999999,47,PHYSICAL_TYPE_CONDITIONED,layer-83:WHOLE_LAYER:p1,PHYSICALLY_GROUNDED_MODEL_INPUT
84,KDA,attention_common,1,1,0.050699999999999995,45,FRESH_PHYSICAL_TYPE_CONDITIONED,layer-84:FULL_MIXED_STRIPE:p8,PHYSICALLY_GROUNDED_MODEL_INPUT
84,KDA,attention_preprocess,1,1,0.3388,45,FRESH_PHYSICAL_TYPE_CONDITIONED,layer-84:FULL_MIXED_STRIPE:p8,PHYSICALLY_GROUNDED_MODEL_INPUT
84,KDA,attention_reduction,8,1,1.5225,45,FRESH_PHYSICAL_TYPE_CONDITIONED,layer-84:FULL_MIXED_STRIPE:p8,PHYSICALLY_GROUNDED_MODEL_INPUT
84,KDA,attention_shard,8,1,0.3079,45,FRESH_PHYSICAL_TYPE_CONDITIONED,layer-84:FULL_MIXED_STRIPE:p8,PHYSICALLY_GROUNDED_MODEL_INPUT
84,KDA,expert_reduction,8,1,1.183,45,FRESH_PHYSICAL_TYPE_CONDITIONED,layer-84:FULL_MIXED_STRIPE:p8,PHYSICALLY_GROUNDED_MODEL_INPUT
84,KDA,expert_stripe,8,1,0.23620000000000002,45,FRESH_PHYSICAL_TYPE_CONDITIONED,layer-84:FULL_MIXED_STRIPE:p8,PHYSICALLY_GROUNDED_MODEL_INPUT
84,KDA,latent_down,8,1,0.0447,45,FRESH_PHYSICAL_TYPE_CONDITIONED,layer-84:FULL_MIXED_STRIPE:p8,PHYSICALLY_GROUNDED_MODEL_INPUT
84,KDA,latent_up,8,1,0.0463,45,FRESH_PHYSICAL_TYPE_CONDITIONED,layer-84:FULL_MIXED_STRIPE:p8,PHYSICALLY_GROUNDED_MODEL_INPUT
84,KDA,latent_up_reduction,8,1,1.46,45,FRESH_PHYSICAL_TYPE_CONDITIONED,layer-84:FULL_MIXED_STRIPE:p8,PHYSICALLY_GROUNDED_MODEL_INPUT
84,KDA,output_state_commit,1,1,0.15115,45,FRESH_PHYSICAL_TYPE_CONDITIONED,layer-84:FULL_MIXED_STRIPE:p8,PHYSICALLY_GROUNDED_MODEL_INPUT
84,KDA,post_attention_preprocess,1,1,0.3276,45,FRESH_PHYSICAL_TYPE_CONDITIONED,layer-84:FULL_MIXED_STRIPE:p8,PHYSICALLY_GROUNDED_MODEL_INPUT
84,KDA,routed_norm,1,1,0.13645000000000002,45,FRESH_PHYSICAL_TYPE_CONDITIONED,layer-84:FULL_MIXED_STRIPE:p8,PHYSICALLY_GROUNDED_MODEL_INPUT
84,KDA,routed_shared_reduction,2,1,1.1742,45,FRESH_PHYSICAL_TYPE_CONDITIONED,layer-84:FULL_MIXED_STRIPE:p8,PHYSICALLY_GROUNDED_MODEL_INPUT
84,KDA,router,1,1,0.6472,45,FRESH_PHYSICAL_TYPE_CONDITIONED,layer-84:FULL_MIXED_STRIPE:p8,PHYSICALLY_GROUNDED_MODEL_INPUT
84,KDA,shared_expert,8,1,0.1073,45,FRESH_PHYSICAL_TYPE_CONDITIONED,layer-84:FULL_MIXED_STRIPE:p8,PHYSICALLY_GROUNDED_MODEL_INPUT
84,KDA,shared_reduction,8,1,1.46,45,FRESH_PHYSICAL_TYPE_CONDITIONED,layer-84:FULL_MIXED_STRIPE:p8,PHYSICALLY_GROUNDED_MODEL_INPUT
84,KDA,worker_protocol,1,1,0.3813,45,FROZEN_PHYSICAL_AUTHENTICATED_FRAME,layer-84:FULL_MIXED_STRIPE:p8,PHYSICAL_INHERITED_E022
84,KDA,whole_layer,1,1,4.212,45,PHYSICAL_TYPE_CONDITIONED,layer-84:WHOLE_LAYER:p1,PHYSICALLY_GROUNDED_MODEL_INPUT
84,KDA,attention_common,1,2,0.05115,45,FRESH_PHYSICAL_TYPE_CONDITIONED,layer-84:FULL_MIXED_STRIPE:p8,PHYSICALLY_GROUNDED_MODEL_INPUT
84,KDA,attention_preprocess,1,2,0.5454,45,FRESH_PHYSICAL_TYPE_CONDITIONED,layer-84:FULL_MIXED_STRIPE:p8,PHYSICALLY_GROUNDED_MODEL_INPUT
84,KDA,attention_reduction,8,2,1.52125,45,FRESH_PHYSICAL_TYPE_CONDITIONED,layer-84:FULL_MIXED_STRIPE:p8,PHYSICALLY_GROUNDED_MODEL_INPUT
84,KDA,attention_shard,8,2,0.40215,45,FRESH_PHYSICAL_TYPE_CONDITIONED,layer-84:FULL_MIXED_STRIPE:p8,PHYSICALLY_GROUNDED_MODEL_INPUT
84,KDA,expert_reduction,8,2,1.0752,45,FRESH_PHYSICAL_TYPE_CONDITIONED,layer-84:FULL_MIXED_STRIPE:p8,PHYSICALLY_GROUNDED_MODEL_INPUT
84,KDA,expert_stripe,8,2,0.39315,45,FRESH_PHYSICAL_TYPE_CONDITIONED,layer-84:FULL_MIXED_STRIPE:p8,PHYSICALLY_GROUNDED_MODEL_INPUT
84,KDA,latent_down,8,2,0.05,45,FRESH_PHYSICAL_TYPE_CONDITIONED,layer-84:FULL_MIXED_STRIPE:p8,PHYSICALLY_GROUNDED_MODEL_INPUT
84,KDA,latent_up,8,2,0.0584,45,FRESH_PHYSICAL_TYPE_CONDITIONED,layer-84:FULL_MIXED_STRIPE:p8,PHYSICALLY_GROUNDED_MODEL_INPUT
84,KDA,latent_up_reduction,8,2,1.46,45,FRESH_PHYSICAL_TYPE_CONDITIONED,layer-84:FULL_MIXED_STRIPE:p8,PHYSICALLY_GROUNDED_MODEL_INPUT
84,KDA,output_state_commit,1,2,0.15510000000000002,45,FRESH_PHYSICAL_TYPE_CONDITIONED,layer-84:FULL_MIXED_STRIPE:p8,PHYSICALLY_GROUNDED_MODEL_INPUT
84,KDA,post_attention_preprocess,1,2,0.54325,45,FRESH_PHYSICAL_TYPE_CONDITIONED,layer-84:FULL_MIXED_STRIPE:p8,PHYSICALLY_GROUNDED_MODEL_INPUT
84,KDA,routed_norm,1,2,0.1233,45,FRESH_PHYSICAL_TYPE_CONDITIONED,layer-84:FULL_MIXED_STRIPE:p8,PHYSICALLY_GROUNDED_MODEL_INPUT
84,KDA,routed_shared_reduction,2,2,1.2424,45,FRESH_PHYSICAL_TYPE_CONDITIONED,layer-84:FULL_MIXED_STRIPE:p8,PHYSICALLY_GROUNDED_MODEL_INPUT
84,KDA,router,1,2,0.6437,45,FRESH_PHYSICAL_TYPE_CONDITIONED,layer-84:FULL_MIXED_STRIPE:p8,PHYSICALLY_GROUNDED_MODEL_INPUT
84,KDA,shared_expert,8,2,0.12365000000000001,45,FRESH_PHYSICAL_TYPE_CONDITIONED,layer-84:FULL_MIXED_STRIPE:p8,PHYSICALLY_GROUNDED_MODEL_INPUT
84,KDA,shared_reduction,8,2,1.46,45,FRESH_PHYSICAL_TYPE_CONDITIONED,layer-84:FULL_MIXED_STRIPE:p8,PHYSICALLY_GROUNDED_MODEL_INPUT
84,KDA,worker_protocol,1,2,0.4718,45,FROZEN_PHYSICAL_AUTHENTICATED_FRAME,layer-84:FULL_MIXED_STRIPE:p8,PHYSICAL_INHERITED_E022
84,KDA,whole_layer,1,2,5.8731,45,PHYSICAL_TYPE_CONDITIONED,layer-84:WHOLE_LAYER:p1,PHYSICALLY_GROUNDED_MODEL_INPUT
84,KDA,attention_common,1,4,0.0511,45,FRESH_PHYSICAL_TYPE_CONDITIONED,layer-84:FULL_MIXED_STRIPE:p8,PHYSICALLY_GROUNDED_MODEL_INPUT
84,KDA,attention_preprocess,1,4,0.9714,45,FRESH_PHYSICAL_TYPE_CONDITIONED,layer-84:FULL_MIXED_STRIPE:p8,PHYSICALLY_GROUNDED_MODEL_INPUT
84,KDA,attention_reduction,8,4,1.6047500000000001,45,FRESH_PHYSICAL_TYPE_CONDITIONED,layer-84:FULL_MIXED_STRIPE:p8,PHYSICALLY_GROUNDED_MODEL_INPUT
84,KDA,attention_shard,8,4,0.6811,45,FRESH_PHYSICAL_TYPE_CONDITIONED,layer-84:FULL_MIXED_STRIPE:p8,PHYSICALLY_GROUNDED_MODEL_INPUT
84,KDA,expert_reduction,8,4,1.466,45,FRESH_PHYSICAL_TYPE_CONDITIONED,layer-84:FULL_MIXED_STRIPE:p8,PHYSICALLY_GROUNDED_MODEL_INPUT
84,KDA,expert_stripe,8,4,0.6790499999999999,45,FRESH_PHYSICAL_TYPE_CONDITIONED,layer-84:FULL_MIXED_STRIPE:p8,PHYSICALLY_GROUNDED_MODEL_INPUT
84,KDA,latent_down,8,4,0.0902,45,FRESH_PHYSICAL_TYPE_CONDITIONED,layer-84:FULL_MIXED_STRIPE:p8,PHYSICALLY_GROUNDED_MODEL_INPUT
84,KDA,latent_up,8,4,0.0815,45,FRESH_PHYSICAL_TYPE_CONDITIONED,layer-84:FULL_MIXED_STRIPE:p8,PHYSICALLY_GROUNDED_MODEL_INPUT
84,KDA,latent_up_reduction,8,4,1.5376,45,FRESH_PHYSICAL_TYPE_CONDITIONED,layer-84:FULL_MIXED_STRIPE:p8,PHYSICALLY_GROUNDED_MODEL_INPUT
84,KDA,output_state_commit,1,4,0.18295,45,FRESH_PHYSICAL_TYPE_CONDITIONED,layer-84:FULL_MIXED_STRIPE:p8,PHYSICALLY_GROUNDED_MODEL_INPUT
84,KDA,post_attention_preprocess,1,4,0.9783,45,FRESH_PHYSICAL_TYPE_CONDITIONED,layer-84:FULL_MIXED_STRIPE:p8,PHYSICALLY_GROUNDED_MODEL_INPUT
84,KDA,routed_norm,1,4,0.1302,45,FRESH_PHYSICAL_TYPE_CONDITIONED,layer-84:FULL_MIXED_STRIPE:p8,PHYSICALLY_GROUNDED_MODEL_INPUT
84,KDA,routed_shared_reduction,2,4,1.2015,45,FRESH_PHYSICAL_TYPE_CONDITIONED,layer-84:FULL_MIXED_STRIPE:p8,PHYSICALLY_GROUNDED_MODEL_INPUT
84,KDA,router,1,4,0.64645,45,FRESH_PHYSICAL_TYPE_CONDITIONED,layer-84:FULL_MIXED_STRIPE:p8,PHYSICALLY_GROUNDED_MODEL_INPUT
84,KDA,shared_expert,8,4,0.2192,45,FRESH_PHYSICAL_TYPE_CONDITIONED,layer-84:FULL_MIXED_STRIPE:p8,PHYSICALLY_GROUNDED_MODEL_INPUT
84,KDA,shared_reduction,8,4,1.5376,45,FRESH_PHYSICAL_TYPE_CONDITIONED,layer-84:FULL_MIXED_STRIPE:p8,PHYSICALLY_GROUNDED_MODEL_INPUT
84,KDA,worker_protocol,1,4,0.6952,45,FROZEN_PHYSICAL_AUTHENTICATED_FRAME,layer-84:FULL_MIXED_STRIPE:p8,PHYSICAL_INHERITED_E022
84,KDA,whole_layer,1,4,8.604849999999999,45,PHYSICAL_TYPE_CONDITIONED,layer-84:WHOLE_LAYER:p1,PHYSICALLY_GROUNDED_MODEL_INPUT
85,KDA,attention_common,1,1,0.050699999999999995,45,FRESH_PHYSICAL_TYPE_CONDITIONED,layer-85:FULL_MIXED_STRIPE:p8,PHYSICALLY_GROUNDED_MODEL_INPUT
85,KDA,attention_preprocess,1,1,0.3388,45,FRESH_PHYSICAL_TYPE_CONDITIONED,layer-85:FULL_MIXED_STRIPE:p8,PHYSICALLY_GROUNDED_MODEL_INPUT
85,KDA,attention_reduction,8,1,1.5225,45,FRESH_PHYSICAL_TYPE_CONDITIONED,layer-85:FULL_MIXED_STRIPE:p8,PHYSICALLY_GROUNDED_MODEL_INPUT
85,KDA,attention_shard,8,1,0.3079,45,FRESH_PHYSICAL_TYPE_CONDITIONED,layer-85:FULL_MIXED_STRIPE:p8,PHYSICALLY_GROUNDED_MODEL_INPUT
85,KDA,expert_reduction,8,1,1.183,45,FRESH_PHYSICAL_TYPE_CONDITIONED,layer-85:FULL_MIXED_STRIPE:p8,PHYSICALLY_GROUNDED_MODEL_INPUT
85,KDA,expert_stripe,8,1,0.23620000000000002,45,FRESH_PHYSICAL_TYPE_CONDITIONED,layer-85:FULL_MIXED_STRIPE:p8,PHYSICALLY_GROUNDED_MODEL_INPUT
85,KDA,latent_down,8,1,0.0447,45,FRESH_PHYSICAL_TYPE_CONDITIONED,layer-85:FULL_MIXED_STRIPE:p8,PHYSICALLY_GROUNDED_MODEL_INPUT
85,KDA,latent_up,8,1,0.0463,45,FRESH_PHYSICAL_TYPE_CONDITIONED,layer-85:FULL_MIXED_STRIPE:p8,PHYSICALLY_GROUNDED_MODEL_INPUT
85,KDA,latent_up_reduction,8,1,1.46,45,FRESH_PHYSICAL_TYPE_CONDITIONED,layer-85:FULL_MIXED_STRIPE:p8,PHYSICALLY_GROUNDED_MODEL_INPUT
85,KDA,output_state_commit,1,1,0.15115,45,FRESH_PHYSICAL_TYPE_CONDITIONED,layer-85:FULL_MIXED_STRIPE:p8,PHYSICALLY_GROUNDED_MODEL_INPUT
85,KDA,post_attention_preprocess,1,1,0.3276,45,FRESH_PHYSICAL_TYPE_CONDITIONED,layer-85:FULL_MIXED_STRIPE:p8,PHYSICALLY_GROUNDED_MODEL_INPUT
85,KDA,routed_norm,1,1,0.13645000000000002,45,FRESH_PHYSICAL_TYPE_CONDITIONED,layer-85:FULL_MIXED_STRIPE:p8,PHYSICALLY_GROUNDED_MODEL_INPUT
85,KDA,routed_shared_reduction,2,1,1.1742,45,FRESH_PHYSICAL_TYPE_CONDITIONED,layer-85:FULL_MIXED_STRIPE:p8,PHYSICALLY_GROUNDED_MODEL_INPUT
85,KDA,router,1,1,0.6472,45,FRESH_PHYSICAL_TYPE_CONDITIONED,layer-85:FULL_MIXED_STRIPE:p8,PHYSICALLY_GROUNDED_MODEL_INPUT
85,KDA,shared_expert,8,1,0.1073,45,FRESH_PHYSICAL_TYPE_CONDITIONED,layer-85:FULL_MIXED_STRIPE:p8,PHYSICALLY_GROUNDED_MODEL_INPUT
85,KDA,shared_reduction,8,1,1.46,45,FRESH_PHYSICAL_TYPE_CONDITIONED,layer-85:FULL_MIXED_STRIPE:p8,PHYSICALLY_GROUNDED_MODEL_INPUT
85,KDA,worker_protocol,1,1,0.3813,45,FROZEN_PHYSICAL_AUTHENTICATED_FRAME,layer-85:FULL_MIXED_STRIPE:p8,PHYSICAL_INHERITED_E022
85,KDA,whole_layer,1,1,4.212,45,PHYSICAL_TYPE_CONDITIONED,layer-85:WHOLE_LAYER:p1,PHYSICALLY_GROUNDED_MODEL_INPUT
85,KDA,attention_common,1,2,0.05115,45,FRESH_PHYSICAL_TYPE_CONDITIONED,layer-85:FULL_MIXED_STRIPE:p8,PHYSICALLY_GROUNDED_MODEL_INPUT
85,KDA,attention_preprocess,1,2,0.5454,45,FRESH_PHYSICAL_TYPE_CONDITIONED,layer-85:FULL_MIXED_STRIPE:p8,PHYSICALLY_GROUNDED_MODEL_INPUT
85,KDA,attention_reduction,8,2,1.52125,45,FRESH_PHYSICAL_TYPE_CONDITIONED,layer-85:FULL_MIXED_STRIPE:p8,PHYSICALLY_GROUNDED_MODEL_INPUT
85,KDA,attention_shard,8,2,0.40215,45,FRESH_PHYSICAL_TYPE_CONDITIONED,layer-85:FULL_MIXED_STRIPE:p8,PHYSICALLY_GROUNDED_MODEL_INPUT
85,KDA,expert_reduction,8,2,1.0752,45,FRESH_PHYSICAL_TYPE_CONDITIONED,layer-85:FULL_MIXED_STRIPE:p8,PHYSICALLY_GROUNDED_MODEL_INPUT
85,KDA,expert_stripe,8,2,0.39315,45,FRESH_PHYSICAL_TYPE_CONDITIONED,layer-85:FULL_MIXED_STRIPE:p8,PHYSICALLY_GROUNDED_MODEL_INPUT
85,KDA,latent_down,8,2,0.05,45,FRESH_PHYSICAL_TYPE_CONDITIONED,layer-85:FULL_MIXED_STRIPE:p8,PHYSICALLY_GROUNDED_MODEL_INPUT
85,KDA,latent_up,8,2,0.0584,45,FRESH_PHYSICAL_TYPE_CONDITIONED,layer-85:FULL_MIXED_STRIPE:p8,PHYSICALLY_GROUNDED_MODEL_INPUT
85,KDA,latent_up_reduction,8,2,1.46,45,FRESH_PHYSICAL_TYPE_CONDITIONED,layer-85:FULL_MIXED_STRIPE:p8,PHYSICALLY_GROUNDED_MODEL_INPUT
85,KDA,output_state_commit,1,2,0.15510000000000002,45,FRESH_PHYSICAL_TYPE_CONDITIONED,layer-85:FULL_MIXED_STRIPE:p8,PHYSICALLY_GROUNDED_MODEL_INPUT
85,KDA,post_attention_preprocess,1,2,0.54325,45,FRESH_PHYSICAL_TYPE_CONDITIONED,layer-85:FULL_MIXED_STRIPE:p8,PHYSICALLY_GROUNDED_MODEL_INPUT
85,KDA,routed_norm,1,2,0.1233,45,FRESH_PHYSICAL_TYPE_CONDITIONED,layer-85:FULL_MIXED_STRIPE:p8,PHYSICALLY_GROUNDED_MODEL_INPUT
85,KDA,routed_shared_reduction,2,2,1.2424,45,FRESH_PHYSICAL_TYPE_CONDITIONED,layer-85:FULL_MIXED_STRIPE:p8,PHYSICALLY_GROUNDED_MODEL_INPUT
85,KDA,router,1,2,0.6437,45,FRESH_PHYSICAL_TYPE_CONDITIONED,layer-85:FULL_MIXED_STRIPE:p8,PHYSICALLY_GROUNDED_MODEL_INPUT
85,KDA,shared_expert,8,2,0.12365000000000001,45,FRESH_PHYSICAL_TYPE_CONDITIONED,layer-85:FULL_MIXED_STRIPE:p8,PHYSICALLY_GROUNDED_MODEL_INPUT
85,KDA,shared_reduction,8,2,1.46,45,FRESH_PHYSICAL_TYPE_CONDITIONED,layer-85:FULL_MIXED_STRIPE:p8,PHYSICALLY_GROUNDED_MODEL_INPUT
85,KDA,worker_protocol,1,2,0.4718,45,FROZEN_PHYSICAL_AUTHENTICATED_FRAME,layer-85:FULL_MIXED_STRIPE:p8,PHYSICAL_INHERITED_E022
85,KDA,whole_layer,1,2,5.8731,45,PHYSICAL_TYPE_CONDITIONED,layer-85:WHOLE_LAYER:p1,PHYSICALLY_GROUNDED_MODEL_INPUT
85,KDA,attention_common,1,4,0.0511,45,FRESH_PHYSICAL_TYPE_CONDITIONED,layer-85:FULL_MIXED_STRIPE:p8,PHYSICALLY_GROUNDED_MODEL_INPUT
85,KDA,attention_preprocess,1,4,0.9714,45,FRESH_PHYSICAL_TYPE_CONDITIONED,layer-85:FULL_MIXED_STRIPE:p8,PHYSICALLY_GROUNDED_MODEL_INPUT
85,KDA,attention_reduction,8,4,1.6047500000000001,45,FRESH_PHYSICAL_TYPE_CONDITIONED,layer-85:FULL_MIXED_STRIPE:p8,PHYSICALLY_GROUNDED_MODEL_INPUT
85,KDA,attention_shard,8,4,0.6811,45,FRESH_PHYSICAL_TYPE_CONDITIONED,layer-85:FULL_MIXED_STRIPE:p8,PHYSICALLY_GROUNDED_MODEL_INPUT
85,KDA,expert_reduction,8,4,1.466,45,FRESH_PHYSICAL_TYPE_CONDITIONED,layer-85:FULL_MIXED_STRIPE:p8,PHYSICALLY_GROUNDED_MODEL_INPUT
85,KDA,expert_stripe,8,4,0.6790499999999999,45,FRESH_PHYSICAL_TYPE_CONDITIONED,layer-85:FULL_MIXED_STRIPE:p8,PHYSICALLY_GROUNDED_MODEL_INPUT
85,KDA,latent_down,8,4,0.0902,45,FRESH_PHYSICAL_TYPE_CONDITIONED,layer-85:FULL_MIXED_STRIPE:p8,PHYSICALLY_GROUNDED_MODEL_INPUT
85,KDA,latent_up,8,4,0.0815,45,FRESH_PHYSICAL_TYPE_CONDITIONED,layer-85:FULL_MIXED_STRIPE:p8,PHYSICALLY_GROUNDED_MODEL_INPUT
85,KDA,latent_up_reduction,8,4,1.5376,45,FRESH_PHYSICAL_TYPE_CONDITIONED,layer-85:FULL_MIXED_STRIPE:p8,PHYSICALLY_GROUNDED_MODEL_INPUT
85,KDA,output_state_commit,1,4,0.18295,45,FRESH_PHYSICAL_TYPE_CONDITIONED,layer-85:FULL_MIXED_STRIPE:p8,PHYSICALLY_GROUNDED_MODEL_INPUT
85,KDA,post_attention_preprocess,1,4,0.9783,45,FRESH_PHYSICAL_TYPE_CONDITIONED,layer-85:FULL_MIXED_STRIPE:p8,PHYSICALLY_GROUNDED_MODEL_INPUT
85,KDA,routed_norm,1,4,0.1302,45,FRESH_PHYSICAL_TYPE_CONDITIONED,layer-85:FULL_MIXED_STRIPE:p8,PHYSICALLY_GROUNDED_MODEL_INPUT
85,KDA,routed_shared_reduction,2,4,1.2015,45,FRESH_PHYSICAL_TYPE_CONDITIONED,layer-85:FULL_MIXED_STRIPE:p8,PHYSICALLY_GROUNDED_MODEL_INPUT
85,KDA,router,1,4,0.64645,45,FRESH_PHYSICAL_TYPE_CONDITIONED,layer-85:FULL_MIXED_STRIPE:p8,PHYSICALLY_GROUNDED_MODEL_INPUT
85,KDA,shared_expert,8,4,0.2192,45,FRESH_PHYSICAL_TYPE_CONDITIONED,layer-85:FULL_MIXED_STRIPE:p8,PHYSICALLY_GROUNDED_MODEL_INPUT
85,KDA,shared_reduction,8,4,1.5376,45,FRESH_PHYSICAL_TYPE_CONDITIONED,layer-85:FULL_MIXED_STRIPE:p8,PHYSICALLY_GROUNDED_MODEL_INPUT
85,KDA,worker_protocol,1,4,0.6952,45,FROZEN_PHYSICAL_AUTHENTICATED_FRAME,layer-85:FULL_MIXED_STRIPE:p8,PHYSICAL_INHERITED_E022
85,KDA,whole_layer,1,4,8.604849999999999,45,PHYSICAL_TYPE_CONDITIONED,layer-85:WHOLE_LAYER:p1,PHYSICALLY_GROUNDED_MODEL_INPUT
86,KDA,attention_common,1,1,0.050699999999999995,45,FRESH_PHYSICAL_TYPE_CONDITIONED,layer-86:FULL_MIXED_STRIPE:p8,PHYSICALLY_GROUNDED_MODEL_INPUT
86,KDA,attention_preprocess,1,1,0.3388,45,FRESH_PHYSICAL_TYPE_CONDITIONED,layer-86:FULL_MIXED_STRIPE:p8,PHYSICALLY_GROUNDED_MODEL_INPUT
86,KDA,attention_reduction,8,1,1.5225,45,FRESH_PHYSICAL_TYPE_CONDITIONED,layer-86:FULL_MIXED_STRIPE:p8,PHYSICALLY_GROUNDED_MODEL_INPUT
86,KDA,attention_shard,8,1,0.3079,45,FRESH_PHYSICAL_TYPE_CONDITIONED,layer-86:FULL_MIXED_STRIPE:p8,PHYSICALLY_GROUNDED_MODEL_INPUT
86,KDA,expert_reduction,8,1,1.183,45,FRESH_PHYSICAL_TYPE_CONDITIONED,layer-86:FULL_MIXED_STRIPE:p8,PHYSICALLY_GROUNDED_MODEL_INPUT
86,KDA,expert_stripe,8,1,0.23620000000000002,45,FRESH_PHYSICAL_TYPE_CONDITIONED,layer-86:FULL_MIXED_STRIPE:p8,PHYSICALLY_GROUNDED_MODEL_INPUT
86,KDA,latent_down,8,1,0.0447,45,FRESH_PHYSICAL_TYPE_CONDITIONED,layer-86:FULL_MIXED_STRIPE:p8,PHYSICALLY_GROUNDED_MODEL_INPUT
86,KDA,latent_up,8,1,0.0463,45,FRESH_PHYSICAL_TYPE_CONDITIONED,layer-86:FULL_MIXED_STRIPE:p8,PHYSICALLY_GROUNDED_MODEL_INPUT
86,KDA,latent_up_reduction,8,1,1.46,45,FRESH_PHYSICAL_TYPE_CONDITIONED,layer-86:FULL_MIXED_STRIPE:p8,PHYSICALLY_GROUNDED_MODEL_INPUT
86,KDA,output_state_commit,1,1,0.15115,45,FRESH_PHYSICAL_TYPE_CONDITIONED,layer-86:FULL_MIXED_STRIPE:p8,PHYSICALLY_GROUNDED_MODEL_INPUT
86,KDA,post_attention_preprocess,1,1,0.3276,45,FRESH_PHYSICAL_TYPE_CONDITIONED,layer-86:FULL_MIXED_STRIPE:p8,PHYSICALLY_GROUNDED_MODEL_INPUT
86,KDA,routed_norm,1,1,0.13645000000000002,45,FRESH_PHYSICAL_TYPE_CONDITIONED,layer-86:FULL_MIXED_STRIPE:p8,PHYSICALLY_GROUNDED_MODEL_INPUT
86,KDA,routed_shared_reduction,2,1,1.1742,45,FRESH_PHYSICAL_TYPE_CONDITIONED,layer-86:FULL_MIXED_STRIPE:p8,PHYSICALLY_GROUNDED_MODEL_INPUT
86,KDA,router,1,1,0.6472,45,FRESH_PHYSICAL_TYPE_CONDITIONED,layer-86:FULL_MIXED_STRIPE:p8,PHYSICALLY_GROUNDED_MODEL_INPUT
86,KDA,shared_expert,8,1,0.1073,45,FRESH_PHYSICAL_TYPE_CONDITIONED,layer-86:FULL_MIXED_STRIPE:p8,PHYSICALLY_GROUNDED_MODEL_INPUT
86,KDA,shared_reduction,8,1,1.46,45,FRESH_PHYSICAL_TYPE_CONDITIONED,layer-86:FULL_MIXED_STRIPE:p8,PHYSICALLY_GROUNDED_MODEL_INPUT
86,KDA,worker_protocol,1,1,0.3813,45,FROZEN_PHYSICAL_AUTHENTICATED_FRAME,layer-86:FULL_MIXED_STRIPE:p8,PHYSICAL_INHERITED_E022
86,KDA,whole_layer,1,1,4.212,45,PHYSICAL_TYPE_CONDITIONED,layer-86:WHOLE_LAYER:p1,PHYSICALLY_GROUNDED_MODEL_INPUT
86,KDA,attention_common,1,2,0.05115,45,FRESH_PHYSICAL_TYPE_CONDITIONED,layer-86:FULL_MIXED_STRIPE:p8,PHYSICALLY_GROUNDED_MODEL_INPUT
86,KDA,attention_preprocess,1,2,0.5454,45,FRESH_PHYSICAL_TYPE_CONDITIONED,layer-86:FULL_MIXED_STRIPE:p8,PHYSICALLY_GROUNDED_MODEL_INPUT
86,KDA,attention_reduction,8,2,1.52125,45,FRESH_PHYSICAL_TYPE_CONDITIONED,layer-86:FULL_MIXED_STRIPE:p8,PHYSICALLY_GROUNDED_MODEL_INPUT
86,KDA,attention_shard,8,2,0.40215,45,FRESH_PHYSICAL_TYPE_CONDITIONED,layer-86:FULL_MIXED_STRIPE:p8,PHYSICALLY_GROUNDED_MODEL_INPUT
86,KDA,expert_reduction,8,2,1.0752,45,FRESH_PHYSICAL_TYPE_CONDITIONED,layer-86:FULL_MIXED_STRIPE:p8,PHYSICALLY_GROUNDED_MODEL_INPUT
86,KDA,expert_stripe,8,2,0.39315,45,FRESH_PHYSICAL_TYPE_CONDITIONED,layer-86:FULL_MIXED_STRIPE:p8,PHYSICALLY_GROUNDED_MODEL_INPUT
86,KDA,latent_down,8,2,0.05,45,FRESH_PHYSICAL_TYPE_CONDITIONED,layer-86:FULL_MIXED_STRIPE:p8,PHYSICALLY_GROUNDED_MODEL_INPUT
86,KDA,latent_up,8,2,0.0584,45,FRESH_PHYSICAL_TYPE_CONDITIONED,layer-86:FULL_MIXED_STRIPE:p8,PHYSICALLY_GROUNDED_MODEL_INPUT
86,KDA,latent_up_reduction,8,2,1.46,45,FRESH_PHYSICAL_TYPE_CONDITIONED,layer-86:FULL_MIXED_STRIPE:p8,PHYSICALLY_GROUNDED_MODEL_INPUT
86,KDA,output_state_commit,1,2,0.15510000000000002,45,FRESH_PHYSICAL_TYPE_CONDITIONED,layer-86:FULL_MIXED_STRIPE:p8,PHYSICALLY_GROUNDED_MODEL_INPUT
86,KDA,post_attention_preprocess,1,2,0.54325,45,FRESH_PHYSICAL_TYPE_CONDITIONED,layer-86:FULL_MIXED_STRIPE:p8,PHYSICALLY_GROUNDED_MODEL_INPUT
86,KDA,routed_norm,1,2,0.1233,45,FRESH_PHYSICAL_TYPE_CONDITIONED,layer-86:FULL_MIXED_STRIPE:p8,PHYSICALLY_GROUNDED_MODEL_INPUT
86,KDA,routed_shared_reduction,2,2,1.2424,45,FRESH_PHYSICAL_TYPE_CONDITIONED,layer-86:FULL_MIXED_STRIPE:p8,PHYSICALLY_GROUNDED_MODEL_INPUT
86,KDA,router,1,2,0.6437,45,FRESH_PHYSICAL_TYPE_CONDITIONED,layer-86:FULL_MIXED_STRIPE:p8,PHYSICALLY_GROUNDED_MODEL_INPUT
86,KDA,shared_expert,8,2,0.12365000000000001,45,FRESH_PHYSICAL_TYPE_CONDITIONED,layer-86:FULL_MIXED_STRIPE:p8,PHYSICALLY_GROUNDED_MODEL_INPUT
86,KDA,shared_reduction,8,2,1.46,45,FRESH_PHYSICAL_TYPE_CONDITIONED,layer-86:FULL_MIXED_STRIPE:p8,PHYSICALLY_GROUNDED_MODEL_INPUT
86,KDA,worker_protocol,1,2,0.4718,45,FROZEN_PHYSICAL_AUTHENTICATED_FRAME,layer-86:FULL_MIXED_STRIPE:p8,PHYSICAL_INHERITED_E022
86,KDA,whole_layer,1,2,5.8731,45,PHYSICAL_TYPE_CONDITIONED,layer-86:WHOLE_LAYER:p1,PHYSICALLY_GROUNDED_MODEL_INPUT
86,KDA,attention_common,1,4,0.0511,45,FRESH_PHYSICAL_TYPE_CONDITIONED,layer-86:FULL_MIXED_STRIPE:p8,PHYSICALLY_GROUNDED_MODEL_INPUT
86,KDA,attention_preprocess,1,4,0.9714,45,FRESH_PHYSICAL_TYPE_CONDITIONED,layer-86:FULL_MIXED_STRIPE:p8,PHYSICALLY_GROUNDED_MODEL_INPUT
86,KDA,attention_reduction,8,4,1.6047500000000001,45,FRESH_PHYSICAL_TYPE_CONDITIONED,layer-86:FULL_MIXED_STRIPE:p8,PHYSICALLY_GROUNDED_MODEL_INPUT
86,KDA,attention_shard,8,4,0.6811,45,FRESH_PHYSICAL_TYPE_CONDITIONED,layer-86:FULL_MIXED_STRIPE:p8,PHYSICALLY_GROUNDED_MODEL_INPUT
86,KDA,expert_reduction,8,4,1.466,45,FRESH_PHYSICAL_TYPE_CONDITIONED,layer-86:FULL_MIXED_STRIPE:p8,PHYSICALLY_GROUNDED_MODEL_INPUT
86,KDA,expert_stripe,8,4,0.6790499999999999,45,FRESH_PHYSICAL_TYPE_CONDITIONED,layer-86:FULL_MIXED_STRIPE:p8,PHYSICALLY_GROUNDED_MODEL_INPUT
86,KDA,latent_down,8,4,0.0902,45,FRESH_PHYSICAL_TYPE_CONDITIONED,layer-86:FULL_MIXED_STRIPE:p8,PHYSICALLY_GROUNDED_MODEL_INPUT
86,KDA,latent_up,8,4,0.0815,45,FRESH_PHYSICAL_TYPE_CONDITIONED,layer-86:FULL_MIXED_STRIPE:p8,PHYSICALLY_GROUNDED_MODEL_INPUT
86,KDA,latent_up_reduction,8,4,1.5376,45,FRESH_PHYSICAL_TYPE_CONDITIONED,layer-86:FULL_MIXED_STRIPE:p8,PHYSICALLY_GROUNDED_MODEL_INPUT
86,KDA,output_state_commit,1,4,0.18295,45,FRESH_PHYSICAL_TYPE_CONDITIONED,layer-86:FULL_MIXED_STRIPE:p8,PHYSICALLY_GROUNDED_MODEL_INPUT
86,KDA,post_attention_preprocess,1,4,0.9783,45,FRESH_PHYSICAL_TYPE_CONDITIONED,layer-86:FULL_MIXED_STRIPE:p8,PHYSICALLY_GROUNDED_MODEL_INPUT
86,KDA,routed_norm,1,4,0.1302,45,FRESH_PHYSICAL_TYPE_CONDITIONED,layer-86:FULL_MIXED_STRIPE:p8,PHYSICALLY_GROUNDED_MODEL_INPUT
86,KDA,routed_shared_reduction,2,4,1.2015,45,FRESH_PHYSICAL_TYPE_CONDITIONED,layer-86:FULL_MIXED_STRIPE:p8,PHYSICALLY_GROUNDED_MODEL_INPUT
86,KDA,router,1,4,0.64645,45,FRESH_PHYSICAL_TYPE_CONDITIONED,layer-86:FULL_MIXED_STRIPE:p8,PHYSICALLY_GROUNDED_MODEL_INPUT
86,KDA,shared_expert,8,4,0.2192,45,FRESH_PHYSICAL_TYPE_CONDITIONED,layer-86:FULL_MIXED_STRIPE:p8,PHYSICALLY_GROUNDED_MODEL_INPUT
86,KDA,shared_reduction,8,4,1.5376,45,FRESH_PHYSICAL_TYPE_CONDITIONED,layer-86:FULL_MIXED_STRIPE:p8,PHYSICALLY_GROUNDED_MODEL_INPUT
86,KDA,worker_protocol,1,4,0.6952,45,FROZEN_PHYSICAL_AUTHENTICATED_FRAME,layer-86:FULL_MIXED_STRIPE:p8,PHYSICAL_INHERITED_E022
86,KDA,whole_layer,1,4,8.604849999999999,45,PHYSICAL_TYPE_CONDITIONED,layer-86:WHOLE_LAYER:p1,PHYSICALLY_GROUNDED_MODEL_INPUT
87,GATED_MLA,attention_common,1,1,0.0867,47,FRESH_PHYSICAL_TYPE_CONDITIONED,layer-87:FULL_MIXED_STRIPE:p8,PHYSICALLY_GROUNDED_MODEL_INPUT
87,GATED_MLA,attention_preprocess,1,1,0.34825,47,FRESH_PHYSICAL_TYPE_CONDITIONED,layer-87:FULL_MIXED_STRIPE:p8,PHYSICALLY_GROUNDED_MODEL_INPUT
87,GATED_MLA,attention_reduction,8,1,1.5127,47,FRESH_PHYSICAL_TYPE_CONDITIONED,layer-87:FULL_MIXED_STRIPE:p8,PHYSICALLY_GROUNDED_MODEL_INPUT
87,GATED_MLA,attention_shard,8,1,0.1987,47,FRESH_PHYSICAL_TYPE_CONDITIONED,layer-87:FULL_MIXED_STRIPE:p8,PHYSICALLY_GROUNDED_MODEL_INPUT
87,GATED_MLA,expert_reduction,8,1,1.183,47,FRESH_PHYSICAL_TYPE_CONDITIONED,layer-87:FULL_MIXED_STRIPE:p8,PHYSICALLY_GROUNDED_MODEL_INPUT
87,GATED_MLA,expert_stripe,8,1,0.2368,47,FRESH_PHYSICAL_TYPE_CONDITIONED,layer-87:FULL_MIXED_STRIPE:p8,PHYSICALLY_GROUNDED_MODEL_INPUT
87,GATED_MLA,latent_down,8,1,0.0443,47,FRESH_PHYSICAL_TYPE_CONDITIONED,layer-87:FULL_MIXED_STRIPE:p8,PHYSICALLY_GROUNDED_MODEL_INPUT
87,GATED_MLA,latent_up,8,1,0.04985,47,FRESH_PHYSICAL_TYPE_CONDITIONED,layer-87:FULL_MIXED_STRIPE:p8,PHYSICALLY_GROUNDED_MODEL_INPUT
87,GATED_MLA,latent_up_reduction,8,1,1.46,47,FRESH_PHYSICAL_TYPE_CONDITIONED,layer-87:FULL_MIXED_STRIPE:p8,PHYSICALLY_GROUNDED_MODEL_INPUT
87,GATED_MLA,output_state_commit,1,1,0.1533,47,FRESH_PHYSICAL_TYPE_CONDITIONED,layer-87:FULL_MIXED_STRIPE:p8,PHYSICALLY_GROUNDED_MODEL_INPUT
87,GATED_MLA,post_attention_preprocess,1,1,0.33235000000000003,47,FRESH_PHYSICAL_TYPE_CONDITIONED,layer-87:FULL_MIXED_STRIPE:p8,PHYSICALLY_GROUNDED_MODEL_INPUT
87,GATED_MLA,routed_norm,1,1,0.12535000000000002,47,FRESH_PHYSICAL_TYPE_CONDITIONED,layer-87:FULL_MIXED_STRIPE:p8,PHYSICALLY_GROUNDED_MODEL_INPUT
87,GATED_MLA,routed_shared_reduction,2,1,1.1742,47,FRESH_PHYSICAL_TYPE_CONDITIONED,layer-87:FULL_MIXED_STRIPE:p8,PHYSICALLY_GROUNDED_MODEL_INPUT
87,GATED_MLA,router,1,1,0.6397999999999999,47,FRESH_PHYSICAL_TYPE_CONDITIONED,layer-87:FULL_MIXED_STRIPE:p8,PHYSICALLY_GROUNDED_MODEL_INPUT
87,GATED_MLA,shared_expert,8,1,0.10835,47,FRESH_PHYSICAL_TYPE_CONDITIONED,layer-87:FULL_MIXED_STRIPE:p8,PHYSICALLY_GROUNDED_MODEL_INPUT
87,GATED_MLA,shared_reduction,8,1,1.46,47,FRESH_PHYSICAL_TYPE_CONDITIONED,layer-87:FULL_MIXED_STRIPE:p8,PHYSICALLY_GROUNDED_MODEL_INPUT
87,GATED_MLA,worker_protocol,1,1,0.3813,47,FROZEN_PHYSICAL_AUTHENTICATED_FRAME,layer-87:FULL_MIXED_STRIPE:p8,PHYSICAL_INHERITED_E022
87,GATED_MLA,whole_layer,1,1,3.6313,47,PHYSICAL_TYPE_CONDITIONED,layer-87:WHOLE_LAYER:p1,PHYSICALLY_GROUNDED_MODEL_INPUT
87,GATED_MLA,attention_common,1,2,0.0963,47,FRESH_PHYSICAL_TYPE_CONDITIONED,layer-87:FULL_MIXED_STRIPE:p8,PHYSICALLY_GROUNDED_MODEL_INPUT
87,GATED_MLA,attention_preprocess,1,2,0.54495,47,FRESH_PHYSICAL_TYPE_CONDITIONED,layer-87:FULL_MIXED_STRIPE:p8,PHYSICALLY_GROUNDED_MODEL_INPUT
87,GATED_MLA,attention_reduction,8,2,1.51195,47,FRESH_PHYSICAL_TYPE_CONDITIONED,layer-87:FULL_MIXED_STRIPE:p8,PHYSICALLY_GROUNDED_MODEL_INPUT
87,GATED_MLA,attention_shard,8,2,0.28745,47,FRESH_PHYSICAL_TYPE_CONDITIONED,layer-87:FULL_MIXED_STRIPE:p8,PHYSICALLY_GROUNDED_MODEL_INPUT
87,GATED_MLA,expert_reduction,8,2,1.0752,47,FRESH_PHYSICAL_TYPE_CONDITIONED,layer-87:FULL_MIXED_STRIPE:p8,PHYSICALLY_GROUNDED_MODEL_INPUT
87,GATED_MLA,expert_stripe,8,2,0.378,47,FRESH_PHYSICAL_TYPE_CONDITIONED,layer-87:FULL_MIXED_STRIPE:p8,PHYSICALLY_GROUNDED_MODEL_INPUT
87,GATED_MLA,latent_down,8,2,0.0489,47,FRESH_PHYSICAL_TYPE_CONDITIONED,layer-87:FULL_MIXED_STRIPE:p8,PHYSICALLY_GROUNDED_MODEL_INPUT
87,GATED_MLA,latent_up,8,2,0.05835,47,FRESH_PHYSICAL_TYPE_CONDITIONED,layer-87:FULL_MIXED_STRIPE:p8,PHYSICALLY_GROUNDED_MODEL_INPUT
87,GATED_MLA,latent_up_reduction,8,2,1.46,47,FRESH_PHYSICAL_TYPE_CONDITIONED,layer-87:FULL_MIXED_STRIPE:p8,PHYSICALLY_GROUNDED_MODEL_INPUT
87,GATED_MLA,output_state_commit,1,2,0.15645,47,FRESH_PHYSICAL_TYPE_CONDITIONED,layer-87:FULL_MIXED_STRIPE:p8,PHYSICALLY_GROUNDED_MODEL_INPUT
87,GATED_MLA,post_attention_preprocess,1,2,0.541,47,FRESH_PHYSICAL_TYPE_CONDITIONED,layer-87:FULL_MIXED_STRIPE:p8,PHYSICALLY_GROUNDED_MODEL_INPUT
87,GATED_MLA,routed_norm,1,2,0.1384,47,FRESH_PHYSICAL_TYPE_CONDITIONED,layer-87:FULL_MIXED_STRIPE:p8,PHYSICALLY_GROUNDED_MODEL_INPUT
87,GATED_MLA,routed_shared_reduction,2,2,1.2424,47,FRESH_PHYSICAL_TYPE_CONDITIONED,layer-87:FULL_MIXED_STRIPE:p8,PHYSICALLY_GROUNDED_MODEL_INPUT
87,GATED_MLA,router,1,2,0.6346,47,FRESH_PHYSICAL_TYPE_CONDITIONED,layer-87:FULL_MIXED_STRIPE:p8,PHYSICALLY_GROUNDED_MODEL_INPUT
87,GATED_MLA,shared_expert,8,2,0.1232,47,FRESH_PHYSICAL_TYPE_CONDITIONED,layer-87:FULL_MIXED_STRIPE:p8,PHYSICALLY_GROUNDED_MODEL_INPUT
87,GATED_MLA,shared_reduction,8,2,1.46,47,FRESH_PHYSICAL_TYPE_CONDITIONED,layer-87:FULL_MIXED_STRIPE:p8,PHYSICALLY_GROUNDED_MODEL_INPUT
87,GATED_MLA,worker_protocol,1,2,0.4718,47,FROZEN_PHYSICAL_AUTHENTICATED_FRAME,layer-87:FULL_MIXED_STRIPE:p8,PHYSICAL_INHERITED_E022
87,GATED_MLA,whole_layer,1,2,5.43685,47,PHYSICAL_TYPE_CONDITIONED,layer-87:WHOLE_LAYER:p1,PHYSICALLY_GROUNDED_MODEL_INPUT
87,GATED_MLA,attention_common,1,4,0.17265,47,FRESH_PHYSICAL_TYPE_CONDITIONED,layer-87:FULL_MIXED_STRIPE:p8,PHYSICALLY_GROUNDED_MODEL_INPUT
87,GATED_MLA,attention_preprocess,1,4,0.98235,47,FRESH_PHYSICAL_TYPE_CONDITIONED,layer-87:FULL_MIXED_STRIPE:p8,PHYSICALLY_GROUNDED_MODEL_INPUT
87,GATED_MLA,attention_reduction,8,4,1.601,47,FRESH_PHYSICAL_TYPE_CONDITIONED,layer-87:FULL_MIXED_STRIPE:p8,PHYSICALLY_GROUNDED_MODEL_INPUT
87,GATED_MLA,attention_shard,8,4,0.4851,47,FRESH_PHYSICAL_TYPE_CONDITIONED,layer-87:FULL_MIXED_STRIPE:p8,PHYSICALLY_GROUNDED_MODEL_INPUT
87,GATED_MLA,expert_reduction,8,4,1.466,47,FRESH_PHYSICAL_TYPE_CONDITIONED,layer-87:FULL_MIXED_STRIPE:p8,PHYSICALLY_GROUNDED_MODEL_INPUT
87,GATED_MLA,expert_stripe,8,4,0.66125,47,FRESH_PHYSICAL_TYPE_CONDITIONED,layer-87:FULL_MIXED_STRIPE:p8,PHYSICALLY_GROUNDED_MODEL_INPUT
87,GATED_MLA,latent_down,8,4,0.08595,47,FRESH_PHYSICAL_TYPE_CONDITIONED,layer-87:FULL_MIXED_STRIPE:p8,PHYSICALLY_GROUNDED_MODEL_INPUT
87,GATED_MLA,latent_up,8,4,0.0813,47,FRESH_PHYSICAL_TYPE_CONDITIONED,layer-87:FULL_MIXED_STRIPE:p8,PHYSICALLY_GROUNDED_MODEL_INPUT
87,GATED_MLA,latent_up_reduction,8,4,1.5376,47,FRESH_PHYSICAL_TYPE_CONDITIONED,layer-87:FULL_MIXED_STRIPE:p8,PHYSICALLY_GROUNDED_MODEL_INPUT
87,GATED_MLA,output_state_commit,1,4,0.1817,47,FRESH_PHYSICAL_TYPE_CONDITIONED,layer-87:FULL_MIXED_STRIPE:p8,PHYSICALLY_GROUNDED_MODEL_INPUT
87,GATED_MLA,post_attention_preprocess,1,4,0.9854,47,FRESH_PHYSICAL_TYPE_CONDITIONED,layer-87:FULL_MIXED_STRIPE:p8,PHYSICALLY_GROUNDED_MODEL_INPUT
87,GATED_MLA,routed_norm,1,4,0.14075,47,FRESH_PHYSICAL_TYPE_CONDITIONED,layer-87:FULL_MIXED_STRIPE:p8,PHYSICALLY_GROUNDED_MODEL_INPUT
87,GATED_MLA,routed_shared_reduction,2,4,1.2015,47,FRESH_PHYSICAL_TYPE_CONDITIONED,layer-87:FULL_MIXED_STRIPE:p8,PHYSICALLY_GROUNDED_MODEL_INPUT
87,GATED_MLA,router,1,4,0.63985,47,FRESH_PHYSICAL_TYPE_CONDITIONED,layer-87:FULL_MIXED_STRIPE:p8,PHYSICALLY_GROUNDED_MODEL_INPUT
87,GATED_MLA,shared_expert,8,4,0.2192,47,FRESH_PHYSICAL_TYPE_CONDITIONED,layer-87:FULL_MIXED_STRIPE:p8,PHYSICALLY_GROUNDED_MODEL_INPUT
87,GATED_MLA,shared_reduction,8,4,1.5376,47,FRESH_PHYSICAL_TYPE_CONDITIONED,layer-87:FULL_MIXED_STRIPE:p8,PHYSICALLY_GROUNDED_MODEL_INPUT
87,GATED_MLA,worker_protocol,1,4,0.6952,47,FROZEN_PHYSICAL_AUTHENTICATED_FRAME,layer-87:FULL_MIXED_STRIPE:p8,PHYSICAL_INHERITED_E022
87,GATED_MLA,whole_layer,1,4,7.946199999999999,47,PHYSICAL_TYPE_CONDITIONED,layer-87:WHOLE_LAYER:p1,PHYSICALLY_GROUNDED_MODEL_INPUT
88,KDA,attention_common,1,1,0.050699999999999995,45,FRESH_PHYSICAL_TYPE_CONDITIONED,layer-88:FULL_MIXED_STRIPE:p8,PHYSICALLY_GROUNDED_MODEL_INPUT
88,KDA,attention_preprocess,1,1,0.3388,45,FRESH_PHYSICAL_TYPE_CONDITIONED,layer-88:FULL_MIXED_STRIPE:p8,PHYSICALLY_GROUNDED_MODEL_INPUT
88,KDA,attention_reduction,8,1,1.5225,45,FRESH_PHYSICAL_TYPE_CONDITIONED,layer-88:FULL_MIXED_STRIPE:p8,PHYSICALLY_GROUNDED_MODEL_INPUT
88,KDA,attention_shard,8,1,0.3079,45,FRESH_PHYSICAL_TYPE_CONDITIONED,layer-88:FULL_MIXED_STRIPE:p8,PHYSICALLY_GROUNDED_MODEL_INPUT
88,KDA,expert_reduction,8,1,1.183,45,FRESH_PHYSICAL_TYPE_CONDITIONED,layer-88:FULL_MIXED_STRIPE:p8,PHYSICALLY_GROUNDED_MODEL_INPUT
88,KDA,expert_stripe,8,1,0.23620000000000002,45,FRESH_PHYSICAL_TYPE_CONDITIONED,layer-88:FULL_MIXED_STRIPE:p8,PHYSICALLY_GROUNDED_MODEL_INPUT
88,KDA,latent_down,8,1,0.0447,45,FRESH_PHYSICAL_TYPE_CONDITIONED,layer-88:FULL_MIXED_STRIPE:p8,PHYSICALLY_GROUNDED_MODEL_INPUT
88,KDA,latent_up,8,1,0.0463,45,FRESH_PHYSICAL_TYPE_CONDITIONED,layer-88:FULL_MIXED_STRIPE:p8,PHYSICALLY_GROUNDED_MODEL_INPUT
88,KDA,latent_up_reduction,8,1,1.46,45,FRESH_PHYSICAL_TYPE_CONDITIONED,layer-88:FULL_MIXED_STRIPE:p8,PHYSICALLY_GROUNDED_MODEL_INPUT
88,KDA,output_state_commit,1,1,0.15115,45,FRESH_PHYSICAL_TYPE_CONDITIONED,layer-88:FULL_MIXED_STRIPE:p8,PHYSICALLY_GROUNDED_MODEL_INPUT
88,KDA,post_attention_preprocess,1,1,0.3276,45,FRESH_PHYSICAL_TYPE_CONDITIONED,layer-88:FULL_MIXED_STRIPE:p8,PHYSICALLY_GROUNDED_MODEL_INPUT
88,KDA,routed_norm,1,1,0.13645000000000002,45,FRESH_PHYSICAL_TYPE_CONDITIONED,layer-88:FULL_MIXED_STRIPE:p8,PHYSICALLY_GROUNDED_MODEL_INPUT
88,KDA,routed_shared_reduction,2,1,1.1742,45,FRESH_PHYSICAL_TYPE_CONDITIONED,layer-88:FULL_MIXED_STRIPE:p8,PHYSICALLY_GROUNDED_MODEL_INPUT
88,KDA,router,1,1,0.6472,45,FRESH_PHYSICAL_TYPE_CONDITIONED,layer-88:FULL_MIXED_STRIPE:p8,PHYSICALLY_GROUNDED_MODEL_INPUT
88,KDA,shared_expert,8,1,0.1073,45,FRESH_PHYSICAL_TYPE_CONDITIONED,layer-88:FULL_MIXED_STRIPE:p8,PHYSICALLY_GROUNDED_MODEL_INPUT
88,KDA,shared_reduction,8,1,1.46,45,FRESH_PHYSICAL_TYPE_CONDITIONED,layer-88:FULL_MIXED_STRIPE:p8,PHYSICALLY_GROUNDED_MODEL_INPUT
88,KDA,worker_protocol,1,1,0.3813,45,FROZEN_PHYSICAL_AUTHENTICATED_FRAME,layer-88:FULL_MIXED_STRIPE:p8,PHYSICAL_INHERITED_E022
88,KDA,whole_layer,1,1,4.212,45,PHYSICAL_TYPE_CONDITIONED,layer-88:WHOLE_LAYER:p1,PHYSICALLY_GROUNDED_MODEL_INPUT
88,KDA,attention_common,1,2,0.05115,45,FRESH_PHYSICAL_TYPE_CONDITIONED,layer-88:FULL_MIXED_STRIPE:p8,PHYSICALLY_GROUNDED_MODEL_INPUT
88,KDA,attention_preprocess,1,2,0.5454,45,FRESH_PHYSICAL_TYPE_CONDITIONED,layer-88:FULL_MIXED_STRIPE:p8,PHYSICALLY_GROUNDED_MODEL_INPUT
88,KDA,attention_reduction,8,2,1.52125,45,FRESH_PHYSICAL_TYPE_CONDITIONED,layer-88:FULL_MIXED_STRIPE:p8,PHYSICALLY_GROUNDED_MODEL_INPUT
88,KDA,attention_shard,8,2,0.40215,45,FRESH_PHYSICAL_TYPE_CONDITIONED,layer-88:FULL_MIXED_STRIPE:p8,PHYSICALLY_GROUNDED_MODEL_INPUT
88,KDA,expert_reduction,8,2,1.0752,45,FRESH_PHYSICAL_TYPE_CONDITIONED,layer-88:FULL_MIXED_STRIPE:p8,PHYSICALLY_GROUNDED_MODEL_INPUT
88,KDA,expert_stripe,8,2,0.39315,45,FRESH_PHYSICAL_TYPE_CONDITIONED,layer-88:FULL_MIXED_STRIPE:p8,PHYSICALLY_GROUNDED_MODEL_INPUT
88,KDA,latent_down,8,2,0.05,45,FRESH_PHYSICAL_TYPE_CONDITIONED,layer-88:FULL_MIXED_STRIPE:p8,PHYSICALLY_GROUNDED_MODEL_INPUT
88,KDA,latent_up,8,2,0.0584,45,FRESH_PHYSICAL_TYPE_CONDITIONED,layer-88:FULL_MIXED_STRIPE:p8,PHYSICALLY_GROUNDED_MODEL_INPUT
88,KDA,latent_up_reduction,8,2,1.46,45,FRESH_PHYSICAL_TYPE_CONDITIONED,layer-88:FULL_MIXED_STRIPE:p8,PHYSICALLY_GROUNDED_MODEL_INPUT
88,KDA,output_state_commit,1,2,0.15510000000000002,45,FRESH_PHYSICAL_TYPE_CONDITIONED,layer-88:FULL_MIXED_STRIPE:p8,PHYSICALLY_GROUNDED_MODEL_INPUT
88,KDA,post_attention_preprocess,1,2,0.54325,45,FRESH_PHYSICAL_TYPE_CONDITIONED,layer-88:FULL_MIXED_STRIPE:p8,PHYSICALLY_GROUNDED_MODEL_INPUT
88,KDA,routed_norm,1,2,0.1233,45,FRESH_PHYSICAL_TYPE_CONDITIONED,layer-88:FULL_MIXED_STRIPE:p8,PHYSICALLY_GROUNDED_MODEL_INPUT
88,KDA,routed_shared_reduction,2,2,1.2424,45,FRESH_PHYSICAL_TYPE_CONDITIONED,layer-88:FULL_MIXED_STRIPE:p8,PHYSICALLY_GROUNDED_MODEL_INPUT
88,KDA,router,1,2,0.6437,45,FRESH_PHYSICAL_TYPE_CONDITIONED,layer-88:FULL_MIXED_STRIPE:p8,PHYSICALLY_GROUNDED_MODEL_INPUT
88,KDA,shared_expert,8,2,0.12365000000000001,45,FRESH_PHYSICAL_TYPE_CONDITIONED,layer-88:FULL_MIXED_STRIPE:p8,PHYSICALLY_GROUNDED_MODEL_INPUT
88,KDA,shared_reduction,8,2,1.46,45,FRESH_PHYSICAL_TYPE_CONDITIONED,layer-88:FULL_MIXED_STRIPE:p8,PHYSICALLY_GROUNDED_MODEL_INPUT
88,KDA,worker_protocol,1,2,0.4718,45,FROZEN_PHYSICAL_AUTHENTICATED_FRAME,layer-88:FULL_MIXED_STRIPE:p8,PHYSICAL_INHERITED_E022
88,KDA,whole_layer,1,2,5.8731,45,PHYSICAL_TYPE_CONDITIONED,layer-88:WHOLE_LAYER:p1,PHYSICALLY_GROUNDED_MODEL_INPUT
88,KDA,attention_common,1,4,0.0511,45,FRESH_PHYSICAL_TYPE_CONDITIONED,layer-88:FULL_MIXED_STRIPE:p8,PHYSICALLY_GROUNDED_MODEL_INPUT
88,KDA,attention_preprocess,1,4,0.9714,45,FRESH_PHYSICAL_TYPE_CONDITIONED,layer-88:FULL_MIXED_STRIPE:p8,PHYSICALLY_GROUNDED_MODEL_INPUT
88,KDA,attention_reduction,8,4,1.6047500000000001,45,FRESH_PHYSICAL_TYPE_CONDITIONED,layer-88:FULL_MIXED_STRIPE:p8,PHYSICALLY_GROUNDED_MODEL_INPUT
88,KDA,attention_shard,8,4,0.6811,45,FRESH_PHYSICAL_TYPE_CONDITIONED,layer-88:FULL_MIXED_STRIPE:p8,PHYSICALLY_GROUNDED_MODEL_INPUT
88,KDA,expert_reduction,8,4,1.466,45,FRESH_PHYSICAL_TYPE_CONDITIONED,layer-88:FULL_MIXED_STRIPE:p8,PHYSICALLY_GROUNDED_MODEL_INPUT
88,KDA,expert_stripe,8,4,0.6790499999999999,45,FRESH_PHYSICAL_TYPE_CONDITIONED,layer-88:FULL_MIXED_STRIPE:p8,PHYSICALLY_GROUNDED_MODEL_INPUT
88,KDA,latent_down,8,4,0.0902,45,FRESH_PHYSICAL_TYPE_CONDITIONED,layer-88:FULL_MIXED_STRIPE:p8,PHYSICALLY_GROUNDED_MODEL_INPUT
88,KDA,latent_up,8,4,0.0815,45,FRESH_PHYSICAL_TYPE_CONDITIONED,layer-88:FULL_MIXED_STRIPE:p8,PHYSICALLY_GROUNDED_MODEL_INPUT
88,KDA,latent_up_reduction,8,4,1.5376,45,FRESH_PHYSICAL_TYPE_CONDITIONED,layer-88:FULL_MIXED_STRIPE:p8,PHYSICALLY_GROUNDED_MODEL_INPUT
88,KDA,output_state_commit,1,4,0.18295,45,FRESH_PHYSICAL_TYPE_CONDITIONED,layer-88:FULL_MIXED_STRIPE:p8,PHYSICALLY_GROUNDED_MODEL_INPUT
88,KDA,post_attention_preprocess,1,4,0.9783,45,FRESH_PHYSICAL_TYPE_CONDITIONED,layer-88:FULL_MIXED_STRIPE:p8,PHYSICALLY_GROUNDED_MODEL_INPUT
88,KDA,routed_norm,1,4,0.1302,45,FRESH_PHYSICAL_TYPE_CONDITIONED,layer-88:FULL_MIXED_STRIPE:p8,PHYSICALLY_GROUNDED_MODEL_INPUT
88,KDA,routed_shared_reduction,2,4,1.2015,45,FRESH_PHYSICAL_TYPE_CONDITIONED,layer-88:FULL_MIXED_STRIPE:p8,PHYSICALLY_GROUNDED_MODEL_INPUT
88,KDA,router,1,4,0.64645,45,FRESH_PHYSICAL_TYPE_CONDITIONED,layer-88:FULL_MIXED_STRIPE:p8,PHYSICALLY_GROUNDED_MODEL_INPUT
88,KDA,shared_expert,8,4,0.2192,45,FRESH_PHYSICAL_TYPE_CONDITIONED,layer-88:FULL_MIXED_STRIPE:p8,PHYSICALLY_GROUNDED_MODEL_INPUT
88,KDA,shared_reduction,8,4,1.5376,45,FRESH_PHYSICAL_TYPE_CONDITIONED,layer-88:FULL_MIXED_STRIPE:p8,PHYSICALLY_GROUNDED_MODEL_INPUT
88,KDA,worker_protocol,1,4,0.6952,45,FROZEN_PHYSICAL_AUTHENTICATED_FRAME,layer-88:FULL_MIXED_STRIPE:p8,PHYSICAL_INHERITED_E022
88,KDA,whole_layer,1,4,8.604849999999999,45,PHYSICAL_TYPE_CONDITIONED,layer-88:WHOLE_LAYER:p1,PHYSICALLY_GROUNDED_MODEL_INPUT
89,KDA,attention_common,1,1,0.050699999999999995,45,FRESH_PHYSICAL_TYPE_CONDITIONED,layer-89:FULL_MIXED_STRIPE:p8,PHYSICALLY_GROUNDED_MODEL_INPUT
89,KDA,attention_preprocess,1,1,0.3388,45,FRESH_PHYSICAL_TYPE_CONDITIONED,layer-89:FULL_MIXED_STRIPE:p8,PHYSICALLY_GROUNDED_MODEL_INPUT
89,KDA,attention_reduction,8,1,1.5225,45,FRESH_PHYSICAL_TYPE_CONDITIONED,layer-89:FULL_MIXED_STRIPE:p8,PHYSICALLY_GROUNDED_MODEL_INPUT
89,KDA,attention_shard,8,1,0.3079,45,FRESH_PHYSICAL_TYPE_CONDITIONED,layer-89:FULL_MIXED_STRIPE:p8,PHYSICALLY_GROUNDED_MODEL_INPUT
89,KDA,expert_reduction,8,1,1.183,45,FRESH_PHYSICAL_TYPE_CONDITIONED,layer-89:FULL_MIXED_STRIPE:p8,PHYSICALLY_GROUNDED_MODEL_INPUT
89,KDA,expert_stripe,8,1,0.23620000000000002,45,FRESH_PHYSICAL_TYPE_CONDITIONED,layer-89:FULL_MIXED_STRIPE:p8,PHYSICALLY_GROUNDED_MODEL_INPUT
89,KDA,latent_down,8,1,0.0447,45,FRESH_PHYSICAL_TYPE_CONDITIONED,layer-89:FULL_MIXED_STRIPE:p8,PHYSICALLY_GROUNDED_MODEL_INPUT
89,KDA,latent_up,8,1,0.0463,45,FRESH_PHYSICAL_TYPE_CONDITIONED,layer-89:FULL_MIXED_STRIPE:p8,PHYSICALLY_GROUNDED_MODEL_INPUT
89,KDA,latent_up_reduction,8,1,1.46,45,FRESH_PHYSICAL_TYPE_CONDITIONED,layer-89:FULL_MIXED_STRIPE:p8,PHYSICALLY_GROUNDED_MODEL_INPUT
89,KDA,output_state_commit,1,1,0.15115,45,FRESH_PHYSICAL_TYPE_CONDITIONED,layer-89:FULL_MIXED_STRIPE:p8,PHYSICALLY_GROUNDED_MODEL_INPUT
89,KDA,post_attention_preprocess,1,1,0.3276,45,FRESH_PHYSICAL_TYPE_CONDITIONED,layer-89:FULL_MIXED_STRIPE:p8,PHYSICALLY_GROUNDED_MODEL_INPUT
89,KDA,routed_norm,1,1,0.13645000000000002,45,FRESH_PHYSICAL_TYPE_CONDITIONED,layer-89:FULL_MIXED_STRIPE:p8,PHYSICALLY_GROUNDED_MODEL_INPUT
89,KDA,routed_shared_reduction,2,1,1.1742,45,FRESH_PHYSICAL_TYPE_CONDITIONED,layer-89:FULL_MIXED_STRIPE:p8,PHYSICALLY_GROUNDED_MODEL_INPUT
89,KDA,router,1,1,0.6472,45,FRESH_PHYSICAL_TYPE_CONDITIONED,layer-89:FULL_MIXED_STRIPE:p8,PHYSICALLY_GROUNDED_MODEL_INPUT
89,KDA,shared_expert,8,1,0.1073,45,FRESH_PHYSICAL_TYPE_CONDITIONED,layer-89:FULL_MIXED_STRIPE:p8,PHYSICALLY_GROUNDED_MODEL_INPUT
89,KDA,shared_reduction,8,1,1.46,45,FRESH_PHYSICAL_TYPE_CONDITIONED,layer-89:FULL_MIXED_STRIPE:p8,PHYSICALLY_GROUNDED_MODEL_INPUT
89,KDA,worker_protocol,1,1,0.3813,45,FROZEN_PHYSICAL_AUTHENTICATED_FRAME,layer-89:FULL_MIXED_STRIPE:p8,PHYSICAL_INHERITED_E022
89,KDA,whole_layer,1,1,4.212,45,PHYSICAL_TYPE_CONDITIONED,layer-89:WHOLE_LAYER:p1,PHYSICALLY_GROUNDED_MODEL_INPUT
89,KDA,attention_common,1,2,0.05115,45,FRESH_PHYSICAL_TYPE_CONDITIONED,layer-89:FULL_MIXED_STRIPE:p8,PHYSICALLY_GROUNDED_MODEL_INPUT
89,KDA,attention_preprocess,1,2,0.5454,45,FRESH_PHYSICAL_TYPE_CONDITIONED,layer-89:FULL_MIXED_STRIPE:p8,PHYSICALLY_GROUNDED_MODEL_INPUT
89,KDA,attention_reduction,8,2,1.52125,45,FRESH_PHYSICAL_TYPE_CONDITIONED,layer-89:FULL_MIXED_STRIPE:p8,PHYSICALLY_GROUNDED_MODEL_INPUT
89,KDA,attention_shard,8,2,0.40215,45,FRESH_PHYSICAL_TYPE_CONDITIONED,layer-89:FULL_MIXED_STRIPE:p8,PHYSICALLY_GROUNDED_MODEL_INPUT
89,KDA,expert_reduction,8,2,1.0752,45,FRESH_PHYSICAL_TYPE_CONDITIONED,layer-89:FULL_MIXED_STRIPE:p8,PHYSICALLY_GROUNDED_MODEL_INPUT
89,KDA,expert_stripe,8,2,0.39315,45,FRESH_PHYSICAL_TYPE_CONDITIONED,layer-89:FULL_MIXED_STRIPE:p8,PHYSICALLY_GROUNDED_MODEL_INPUT
89,KDA,latent_down,8,2,0.05,45,FRESH_PHYSICAL_TYPE_CONDITIONED,layer-89:FULL_MIXED_STRIPE:p8,PHYSICALLY_GROUNDED_MODEL_INPUT
89,KDA,latent_up,8,2,0.0584,45,FRESH_PHYSICAL_TYPE_CONDITIONED,layer-89:FULL_MIXED_STRIPE:p8,PHYSICALLY_GROUNDED_MODEL_INPUT
89,KDA,latent_up_reduction,8,2,1.46,45,FRESH_PHYSICAL_TYPE_CONDITIONED,layer-89:FULL_MIXED_STRIPE:p8,PHYSICALLY_GROUNDED_MODEL_INPUT
89,KDA,output_state_commit,1,2,0.15510000000000002,45,FRESH_PHYSICAL_TYPE_CONDITIONED,layer-89:FULL_MIXED_STRIPE:p8,PHYSICALLY_GROUNDED_MODEL_INPUT
89,KDA,post_attention_preprocess,1,2,0.54325,45,FRESH_PHYSICAL_TYPE_CONDITIONED,layer-89:FULL_MIXED_STRIPE:p8,PHYSICALLY_GROUNDED_MODEL_INPUT
89,KDA,routed_norm,1,2,0.1233,45,FRESH_PHYSICAL_TYPE_CONDITIONED,layer-89:FULL_MIXED_STRIPE:p8,PHYSICALLY_GROUNDED_MODEL_INPUT
89,KDA,routed_shared_reduction,2,2,1.2424,45,FRESH_PHYSICAL_TYPE_CONDITIONED,layer-89:FULL_MIXED_STRIPE:p8,PHYSICALLY_GROUNDED_MODEL_INPUT
89,KDA,router,1,2,0.6437,45,FRESH_PHYSICAL_TYPE_CONDITIONED,layer-89:FULL_MIXED_STRIPE:p8,PHYSICALLY_GROUNDED_MODEL_INPUT
89,KDA,shared_expert,8,2,0.12365000000000001,45,FRESH_PHYSICAL_TYPE_CONDITIONED,layer-89:FULL_MIXED_STRIPE:p8,PHYSICALLY_GROUNDED_MODEL_INPUT
89,KDA,shared_reduction,8,2,1.46,45,FRESH_PHYSICAL_TYPE_CONDITIONED,layer-89:FULL_MIXED_STRIPE:p8,PHYSICALLY_GROUNDED_MODEL_INPUT
89,KDA,worker_protocol,1,2,0.4718,45,FROZEN_PHYSICAL_AUTHENTICATED_FRAME,layer-89:FULL_MIXED_STRIPE:p8,PHYSICAL_INHERITED_E022
89,KDA,whole_layer,1,2,5.8731,45,PHYSICAL_TYPE_CONDITIONED,layer-89:WHOLE_LAYER:p1,PHYSICALLY_GROUNDED_MODEL_INPUT
89,KDA,attention_common,1,4,0.0511,45,FRESH_PHYSICAL_TYPE_CONDITIONED,layer-89:FULL_MIXED_STRIPE:p8,PHYSICALLY_GROUNDED_MODEL_INPUT
89,KDA,attention_preprocess,1,4,0.9714,45,FRESH_PHYSICAL_TYPE_CONDITIONED,layer-89:FULL_MIXED_STRIPE:p8,PHYSICALLY_GROUNDED_MODEL_INPUT
89,KDA,attention_reduction,8,4,1.6047500000000001,45,FRESH_PHYSICAL_TYPE_CONDITIONED,layer-89:FULL_MIXED_STRIPE:p8,PHYSICALLY_GROUNDED_MODEL_INPUT
89,KDA,attention_shard,8,4,0.6811,45,FRESH_PHYSICAL_TYPE_CONDITIONED,layer-89:FULL_MIXED_STRIPE:p8,PHYSICALLY_GROUNDED_MODEL_INPUT
89,KDA,expert_reduction,8,4,1.466,45,FRESH_PHYSICAL_TYPE_CONDITIONED,layer-89:FULL_MIXED_STRIPE:p8,PHYSICALLY_GROUNDED_MODEL_INPUT
89,KDA,expert_stripe,8,4,0.6790499999999999,45,FRESH_PHYSICAL_TYPE_CONDITIONED,layer-89:FULL_MIXED_STRIPE:p8,PHYSICALLY_GROUNDED_MODEL_INPUT
89,KDA,latent_down,8,4,0.0902,45,FRESH_PHYSICAL_TYPE_CONDITIONED,layer-89:FULL_MIXED_STRIPE:p8,PHYSICALLY_GROUNDED_MODEL_INPUT
89,KDA,latent_up,8,4,0.0815,45,FRESH_PHYSICAL_TYPE_CONDITIONED,layer-89:FULL_MIXED_STRIPE:p8,PHYSICALLY_GROUNDED_MODEL_INPUT
89,KDA,latent_up_reduction,8,4,1.5376,45,FRESH_PHYSICAL_TYPE_CONDITIONED,layer-89:FULL_MIXED_STRIPE:p8,PHYSICALLY_GROUNDED_MODEL_INPUT
89,KDA,output_state_commit,1,4,0.18295,45,FRESH_PHYSICAL_TYPE_CONDITIONED,layer-89:FULL_MIXED_STRIPE:p8,PHYSICALLY_GROUNDED_MODEL_INPUT
89,KDA,post_attention_preprocess,1,4,0.9783,45,FRESH_PHYSICAL_TYPE_CONDITIONED,layer-89:FULL_MIXED_STRIPE:p8,PHYSICALLY_GROUNDED_MODEL_INPUT
89,KDA,routed_norm,1,4,0.1302,45,FRESH_PHYSICAL_TYPE_CONDITIONED,layer-89:FULL_MIXED_STRIPE:p8,PHYSICALLY_GROUNDED_MODEL_INPUT
89,KDA,routed_shared_reduction,2,4,1.2015,45,FRESH_PHYSICAL_TYPE_CONDITIONED,layer-89:FULL_MIXED_STRIPE:p8,PHYSICALLY_GROUNDED_MODEL_INPUT
89,KDA,router,1,4,0.64645,45,FRESH_PHYSICAL_TYPE_CONDITIONED,layer-89:FULL_MIXED_STRIPE:p8,PHYSICALLY_GROUNDED_MODEL_INPUT
89,KDA,shared_expert,8,4,0.2192,45,FRESH_PHYSICAL_TYPE_CONDITIONED,layer-89:FULL_MIXED_STRIPE:p8,PHYSICALLY_GROUNDED_MODEL_INPUT
89,KDA,shared_reduction,8,4,1.5376,45,FRESH_PHYSICAL_TYPE_CONDITIONED,layer-89:FULL_MIXED_STRIPE:p8,PHYSICALLY_GROUNDED_MODEL_INPUT
89,KDA,worker_protocol,1,4,0.6952,45,FROZEN_PHYSICAL_AUTHENTICATED_FRAME,layer-89:FULL_MIXED_STRIPE:p8,PHYSICAL_INHERITED_E022
89,KDA,whole_layer,1,4,8.604849999999999,45,PHYSICAL_TYPE_CONDITIONED,layer-89:WHOLE_LAYER:p1,PHYSICALLY_GROUNDED_MODEL_INPUT
90,KDA,attention_common,1,1,0.050699999999999995,45,FRESH_PHYSICAL_TYPE_CONDITIONED,layer-90:FULL_MIXED_STRIPE:p8,PHYSICALLY_GROUNDED_MODEL_INPUT
90,KDA,attention_preprocess,1,1,0.3388,45,FRESH_PHYSICAL_TYPE_CONDITIONED,layer-90:FULL_MIXED_STRIPE:p8,PHYSICALLY_GROUNDED_MODEL_INPUT
90,KDA,attention_reduction,8,1,1.5225,45,FRESH_PHYSICAL_TYPE_CONDITIONED,layer-90:FULL_MIXED_STRIPE:p8,PHYSICALLY_GROUNDED_MODEL_INPUT
90,KDA,attention_shard,8,1,0.3079,45,FRESH_PHYSICAL_TYPE_CONDITIONED,layer-90:FULL_MIXED_STRIPE:p8,PHYSICALLY_GROUNDED_MODEL_INPUT
90,KDA,expert_reduction,8,1,1.183,45,FRESH_PHYSICAL_TYPE_CONDITIONED,layer-90:FULL_MIXED_STRIPE:p8,PHYSICALLY_GROUNDED_MODEL_INPUT
90,KDA,expert_stripe,8,1,0.23620000000000002,45,FRESH_PHYSICAL_TYPE_CONDITIONED,layer-90:FULL_MIXED_STRIPE:p8,PHYSICALLY_GROUNDED_MODEL_INPUT
90,KDA,latent_down,8,1,0.0447,45,FRESH_PHYSICAL_TYPE_CONDITIONED,layer-90:FULL_MIXED_STRIPE:p8,PHYSICALLY_GROUNDED_MODEL_INPUT
90,KDA,latent_up,8,1,0.0463,45,FRESH_PHYSICAL_TYPE_CONDITIONED,layer-90:FULL_MIXED_STRIPE:p8,PHYSICALLY_GROUNDED_MODEL_INPUT
90,KDA,latent_up_reduction,8,1,1.46,45,FRESH_PHYSICAL_TYPE_CONDITIONED,layer-90:FULL_MIXED_STRIPE:p8,PHYSICALLY_GROUNDED_MODEL_INPUT
90,KDA,output_state_commit,1,1,0.15115,45,FRESH_PHYSICAL_TYPE_CONDITIONED,layer-90:FULL_MIXED_STRIPE:p8,PHYSICALLY_GROUNDED_MODEL_INPUT
90,KDA,post_attention_preprocess,1,1,0.3276,45,FRESH_PHYSICAL_TYPE_CONDITIONED,layer-90:FULL_MIXED_STRIPE:p8,PHYSICALLY_GROUNDED_MODEL_INPUT
90,KDA,routed_norm,1,1,0.13645000000000002,45,FRESH_PHYSICAL_TYPE_CONDITIONED,layer-90:FULL_MIXED_STRIPE:p8,PHYSICALLY_GROUNDED_MODEL_INPUT
90,KDA,routed_shared_reduction,2,1,1.1742,45,FRESH_PHYSICAL_TYPE_CONDITIONED,layer-90:FULL_MIXED_STRIPE:p8,PHYSICALLY_GROUNDED_MODEL_INPUT
90,KDA,router,1,1,0.6472,45,FRESH_PHYSICAL_TYPE_CONDITIONED,layer-90:FULL_MIXED_STRIPE:p8,PHYSICALLY_GROUNDED_MODEL_INPUT
90,KDA,shared_expert,8,1,0.1073,45,FRESH_PHYSICAL_TYPE_CONDITIONED,layer-90:FULL_MIXED_STRIPE:p8,PHYSICALLY_GROUNDED_MODEL_INPUT
90,KDA,shared_reduction,8,1,1.46,45,FRESH_PHYSICAL_TYPE_CONDITIONED,layer-90:FULL_MIXED_STRIPE:p8,PHYSICALLY_GROUNDED_MODEL_INPUT
90,KDA,worker_protocol,1,1,0.3813,45,FROZEN_PHYSICAL_AUTHENTICATED_FRAME,layer-90:FULL_MIXED_STRIPE:p8,PHYSICAL_INHERITED_E022
90,KDA,whole_layer,1,1,4.212,45,PHYSICAL_TYPE_CONDITIONED,layer-90:WHOLE_LAYER:p1,PHYSICALLY_GROUNDED_MODEL_INPUT
90,KDA,attention_common,1,2,0.05115,45,FRESH_PHYSICAL_TYPE_CONDITIONED,layer-90:FULL_MIXED_STRIPE:p8,PHYSICALLY_GROUNDED_MODEL_INPUT
90,KDA,attention_preprocess,1,2,0.5454,45,FRESH_PHYSICAL_TYPE_CONDITIONED,layer-90:FULL_MIXED_STRIPE:p8,PHYSICALLY_GROUNDED_MODEL_INPUT
90,KDA,attention_reduction,8,2,1.52125,45,FRESH_PHYSICAL_TYPE_CONDITIONED,layer-90:FULL_MIXED_STRIPE:p8,PHYSICALLY_GROUNDED_MODEL_INPUT
90,KDA,attention_shard,8,2,0.40215,45,FRESH_PHYSICAL_TYPE_CONDITIONED,layer-90:FULL_MIXED_STRIPE:p8,PHYSICALLY_GROUNDED_MODEL_INPUT
90,KDA,expert_reduction,8,2,1.0752,45,FRESH_PHYSICAL_TYPE_CONDITIONED,layer-90:FULL_MIXED_STRIPE:p8,PHYSICALLY_GROUNDED_MODEL_INPUT
90,KDA,expert_stripe,8,2,0.39315,45,FRESH_PHYSICAL_TYPE_CONDITIONED,layer-90:FULL_MIXED_STRIPE:p8,PHYSICALLY_GROUNDED_MODEL_INPUT
90,KDA,latent_down,8,2,0.05,45,FRESH_PHYSICAL_TYPE_CONDITIONED,layer-90:FULL_MIXED_STRIPE:p8,PHYSICALLY_GROUNDED_MODEL_INPUT
90,KDA,latent_up,8,2,0.0584,45,FRESH_PHYSICAL_TYPE_CONDITIONED,layer-90:FULL_MIXED_STRIPE:p8,PHYSICALLY_GROUNDED_MODEL_INPUT
90,KDA,latent_up_reduction,8,2,1.46,45,FRESH_PHYSICAL_TYPE_CONDITIONED,layer-90:FULL_MIXED_STRIPE:p8,PHYSICALLY_GROUNDED_MODEL_INPUT
90,KDA,output_state_commit,1,2,0.15510000000000002,45,FRESH_PHYSICAL_TYPE_CONDITIONED,layer-90:FULL_MIXED_STRIPE:p8,PHYSICALLY_GROUNDED_MODEL_INPUT
90,KDA,post_attention_preprocess,1,2,0.54325,45,FRESH_PHYSICAL_TYPE_CONDITIONED,layer-90:FULL_MIXED_STRIPE:p8,PHYSICALLY_GROUNDED_MODEL_INPUT
90,KDA,routed_norm,1,2,0.1233,45,FRESH_PHYSICAL_TYPE_CONDITIONED,layer-90:FULL_MIXED_STRIPE:p8,PHYSICALLY_GROUNDED_MODEL_INPUT
90,KDA,routed_shared_reduction,2,2,1.2424,45,FRESH_PHYSICAL_TYPE_CONDITIONED,layer-90:FULL_MIXED_STRIPE:p8,PHYSICALLY_GROUNDED_MODEL_INPUT
90,KDA,router,1,2,0.6437,45,FRESH_PHYSICAL_TYPE_CONDITIONED,layer-90:FULL_MIXED_STRIPE:p8,PHYSICALLY_GROUNDED_MODEL_INPUT
90,KDA,shared_expert,8,2,0.12365000000000001,45,FRESH_PHYSICAL_TYPE_CONDITIONED,layer-90:FULL_MIXED_STRIPE:p8,PHYSICALLY_GROUNDED_MODEL_INPUT
90,KDA,shared_reduction,8,2,1.46,45,FRESH_PHYSICAL_TYPE_CONDITIONED,layer-90:FULL_MIXED_STRIPE:p8,PHYSICALLY_GROUNDED_MODEL_INPUT
90,KDA,worker_protocol,1,2,0.4718,45,FROZEN_PHYSICAL_AUTHENTICATED_FRAME,layer-90:FULL_MIXED_STRIPE:p8,PHYSICAL_INHERITED_E022
90,KDA,whole_layer,1,2,5.8731,45,PHYSICAL_TYPE_CONDITIONED,layer-90:WHOLE_LAYER:p1,PHYSICALLY_GROUNDED_MODEL_INPUT
90,KDA,attention_common,1,4,0.0511,45,FRESH_PHYSICAL_TYPE_CONDITIONED,layer-90:FULL_MIXED_STRIPE:p8,PHYSICALLY_GROUNDED_MODEL_INPUT
90,KDA,attention_preprocess,1,4,0.9714,45,FRESH_PHYSICAL_TYPE_CONDITIONED,layer-90:FULL_MIXED_STRIPE:p8,PHYSICALLY_GROUNDED_MODEL_INPUT
90,KDA,attention_reduction,8,4,1.6047500000000001,45,FRESH_PHYSICAL_TYPE_CONDITIONED,layer-90:FULL_MIXED_STRIPE:p8,PHYSICALLY_GROUNDED_MODEL_INPUT
90,KDA,attention_shard,8,4,0.6811,45,FRESH_PHYSICAL_TYPE_CONDITIONED,layer-90:FULL_MIXED_STRIPE:p8,PHYSICALLY_GROUNDED_MODEL_INPUT
90,KDA,expert_reduction,8,4,1.466,45,FRESH_PHYSICAL_TYPE_CONDITIONED,layer-90:FULL_MIXED_STRIPE:p8,PHYSICALLY_GROUNDED_MODEL_INPUT
90,KDA,expert_stripe,8,4,0.6790499999999999,45,FRESH_PHYSICAL_TYPE_CONDITIONED,layer-90:FULL_MIXED_STRIPE:p8,PHYSICALLY_GROUNDED_MODEL_INPUT
90,KDA,latent_down,8,4,0.0902,45,FRESH_PHYSICAL_TYPE_CONDITIONED,layer-90:FULL_MIXED_STRIPE:p8,PHYSICALLY_GROUNDED_MODEL_INPUT
90,KDA,latent_up,8,4,0.0815,45,FRESH_PHYSICAL_TYPE_CONDITIONED,layer-90:FULL_MIXED_STRIPE:p8,PHYSICALLY_GROUNDED_MODEL_INPUT
90,KDA,latent_up_reduction,8,4,1.5376,45,FRESH_PHYSICAL_TYPE_CONDITIONED,layer-90:FULL_MIXED_STRIPE:p8,PHYSICALLY_GROUNDED_MODEL_INPUT
90,KDA,output_state_commit,1,4,0.18295,45,FRESH_PHYSICAL_TYPE_CONDITIONED,layer-90:FULL_MIXED_STRIPE:p8,PHYSICALLY_GROUNDED_MODEL_INPUT
90,KDA,post_attention_preprocess,1,4,0.9783,45,FRESH_PHYSICAL_TYPE_CONDITIONED,layer-90:FULL_MIXED_STRIPE:p8,PHYSICALLY_GROUNDED_MODEL_INPUT
90,KDA,routed_norm,1,4,0.1302,45,FRESH_PHYSICAL_TYPE_CONDITIONED,layer-90:FULL_MIXED_STRIPE:p8,PHYSICALLY_GROUNDED_MODEL_INPUT
90,KDA,routed_shared_reduction,2,4,1.2015,45,FRESH_PHYSICAL_TYPE_CONDITIONED,layer-90:FULL_MIXED_STRIPE:p8,PHYSICALLY_GROUNDED_MODEL_INPUT
90,KDA,router,1,4,0.64645,45,FRESH_PHYSICAL_TYPE_CONDITIONED,layer-90:FULL_MIXED_STRIPE:p8,PHYSICALLY_GROUNDED_MODEL_INPUT
90,KDA,shared_expert,8,4,0.2192,45,FRESH_PHYSICAL_TYPE_CONDITIONED,layer-90:FULL_MIXED_STRIPE:p8,PHYSICALLY_GROUNDED_MODEL_INPUT
90,KDA,shared_reduction,8,4,1.5376,45,FRESH_PHYSICAL_TYPE_CONDITIONED,layer-90:FULL_MIXED_STRIPE:p8,PHYSICALLY_GROUNDED_MODEL_INPUT
90,KDA,worker_protocol,1,4,0.6952,45,FROZEN_PHYSICAL_AUTHENTICATED_FRAME,layer-90:FULL_MIXED_STRIPE:p8,PHYSICAL_INHERITED_E022
90,KDA,whole_layer,1,4,8.604849999999999,45,PHYSICAL_TYPE_CONDITIONED,layer-90:WHOLE_LAYER:p1,PHYSICALLY_GROUNDED_MODEL_INPUT
91,GATED_MLA,attention_common,1,1,0.0867,47,FRESH_PHYSICAL_TYPE_CONDITIONED,layer-91:FULL_MIXED_STRIPE:p8,PHYSICALLY_GROUNDED_MODEL_INPUT
91,GATED_MLA,attention_preprocess,1,1,0.34825,47,FRESH_PHYSICAL_TYPE_CONDITIONED,layer-91:FULL_MIXED_STRIPE:p8,PHYSICALLY_GROUNDED_MODEL_INPUT
91,GATED_MLA,attention_reduction,8,1,1.5127,47,FRESH_PHYSICAL_TYPE_CONDITIONED,layer-91:FULL_MIXED_STRIPE:p8,PHYSICALLY_GROUNDED_MODEL_INPUT
91,GATED_MLA,attention_shard,8,1,0.1987,47,FRESH_PHYSICAL_TYPE_CONDITIONED,layer-91:FULL_MIXED_STRIPE:p8,PHYSICALLY_GROUNDED_MODEL_INPUT
91,GATED_MLA,expert_reduction,8,1,1.183,47,FRESH_PHYSICAL_TYPE_CONDITIONED,layer-91:FULL_MIXED_STRIPE:p8,PHYSICALLY_GROUNDED_MODEL_INPUT
91,GATED_MLA,expert_stripe,8,1,0.2368,47,FRESH_PHYSICAL_TYPE_CONDITIONED,layer-91:FULL_MIXED_STRIPE:p8,PHYSICALLY_GROUNDED_MODEL_INPUT
91,GATED_MLA,latent_down,8,1,0.0443,47,FRESH_PHYSICAL_TYPE_CONDITIONED,layer-91:FULL_MIXED_STRIPE:p8,PHYSICALLY_GROUNDED_MODEL_INPUT
91,GATED_MLA,latent_up,8,1,0.04985,47,FRESH_PHYSICAL_TYPE_CONDITIONED,layer-91:FULL_MIXED_STRIPE:p8,PHYSICALLY_GROUNDED_MODEL_INPUT
91,GATED_MLA,latent_up_reduction,8,1,1.46,47,FRESH_PHYSICAL_TYPE_CONDITIONED,layer-91:FULL_MIXED_STRIPE:p8,PHYSICALLY_GROUNDED_MODEL_INPUT
91,GATED_MLA,output_state_commit,1,1,0.1533,47,FRESH_PHYSICAL_TYPE_CONDITIONED,layer-91:FULL_MIXED_STRIPE:p8,PHYSICALLY_GROUNDED_MODEL_INPUT
91,GATED_MLA,post_attention_preprocess,1,1,0.33235000000000003,47,FRESH_PHYSICAL_TYPE_CONDITIONED,layer-91:FULL_MIXED_STRIPE:p8,PHYSICALLY_GROUNDED_MODEL_INPUT
91,GATED_MLA,routed_norm,1,1,0.12535000000000002,47,FRESH_PHYSICAL_TYPE_CONDITIONED,layer-91:FULL_MIXED_STRIPE:p8,PHYSICALLY_GROUNDED_MODEL_INPUT
91,GATED_MLA,routed_shared_reduction,2,1,1.1742,47,FRESH_PHYSICAL_TYPE_CONDITIONED,layer-91:FULL_MIXED_STRIPE:p8,PHYSICALLY_GROUNDED_MODEL_INPUT
91,GATED_MLA,router,1,1,0.6397999999999999,47,FRESH_PHYSICAL_TYPE_CONDITIONED,layer-91:FULL_MIXED_STRIPE:p8,PHYSICALLY_GROUNDED_MODEL_INPUT
91,GATED_MLA,shared_expert,8,1,0.10835,47,FRESH_PHYSICAL_TYPE_CONDITIONED,layer-91:FULL_MIXED_STRIPE:p8,PHYSICALLY_GROUNDED_MODEL_INPUT
91,GATED_MLA,shared_reduction,8,1,1.46,47,FRESH_PHYSICAL_TYPE_CONDITIONED,layer-91:FULL_MIXED_STRIPE:p8,PHYSICALLY_GROUNDED_MODEL_INPUT
91,GATED_MLA,worker_protocol,1,1,0.3813,47,FROZEN_PHYSICAL_AUTHENTICATED_FRAME,layer-91:FULL_MIXED_STRIPE:p8,PHYSICAL_INHERITED_E022
91,GATED_MLA,whole_layer,1,1,3.6313,47,PHYSICAL_TYPE_CONDITIONED,layer-91:WHOLE_LAYER:p1,PHYSICALLY_GROUNDED_MODEL_INPUT
91,GATED_MLA,attention_common,1,2,0.0963,47,FRESH_PHYSICAL_TYPE_CONDITIONED,layer-91:FULL_MIXED_STRIPE:p8,PHYSICALLY_GROUNDED_MODEL_INPUT
91,GATED_MLA,attention_preprocess,1,2,0.54495,47,FRESH_PHYSICAL_TYPE_CONDITIONED,layer-91:FULL_MIXED_STRIPE:p8,PHYSICALLY_GROUNDED_MODEL_INPUT
91,GATED_MLA,attention_reduction,8,2,1.51195,47,FRESH_PHYSICAL_TYPE_CONDITIONED,layer-91:FULL_MIXED_STRIPE:p8,PHYSICALLY_GROUNDED_MODEL_INPUT
91,GATED_MLA,attention_shard,8,2,0.28745,47,FRESH_PHYSICAL_TYPE_CONDITIONED,layer-91:FULL_MIXED_STRIPE:p8,PHYSICALLY_GROUNDED_MODEL_INPUT
91,GATED_MLA,expert_reduction,8,2,1.0752,47,FRESH_PHYSICAL_TYPE_CONDITIONED,layer-91:FULL_MIXED_STRIPE:p8,PHYSICALLY_GROUNDED_MODEL_INPUT
91,GATED_MLA,expert_stripe,8,2,0.378,47,FRESH_PHYSICAL_TYPE_CONDITIONED,layer-91:FULL_MIXED_STRIPE:p8,PHYSICALLY_GROUNDED_MODEL_INPUT
91,GATED_MLA,latent_down,8,2,0.0489,47,FRESH_PHYSICAL_TYPE_CONDITIONED,layer-91:FULL_MIXED_STRIPE:p8,PHYSICALLY_GROUNDED_MODEL_INPUT
91,GATED_MLA,latent_up,8,2,0.05835,47,FRESH_PHYSICAL_TYPE_CONDITIONED,layer-91:FULL_MIXED_STRIPE:p8,PHYSICALLY_GROUNDED_MODEL_INPUT
91,GATED_MLA,latent_up_reduction,8,2,1.46,47,FRESH_PHYSICAL_TYPE_CONDITIONED,layer-91:FULL_MIXED_STRIPE:p8,PHYSICALLY_GROUNDED_MODEL_INPUT
91,GATED_MLA,output_state_commit,1,2,0.15645,47,FRESH_PHYSICAL_TYPE_CONDITIONED,layer-91:FULL_MIXED_STRIPE:p8,PHYSICALLY_GROUNDED_MODEL_INPUT
91,GATED_MLA,post_attention_preprocess,1,2,0.541,47,FRESH_PHYSICAL_TYPE_CONDITIONED,layer-91:FULL_MIXED_STRIPE:p8,PHYSICALLY_GROUNDED_MODEL_INPUT
91,GATED_MLA,routed_norm,1,2,0.1384,47,FRESH_PHYSICAL_TYPE_CONDITIONED,layer-91:FULL_MIXED_STRIPE:p8,PHYSICALLY_GROUNDED_MODEL_INPUT
91,GATED_MLA,routed_shared_reduction,2,2,1.2424,47,FRESH_PHYSICAL_TYPE_CONDITIONED,layer-91:FULL_MIXED_STRIPE:p8,PHYSICALLY_GROUNDED_MODEL_INPUT
91,GATED_MLA,router,1,2,0.6346,47,FRESH_PHYSICAL_TYPE_CONDITIONED,layer-91:FULL_MIXED_STRIPE:p8,PHYSICALLY_GROUNDED_MODEL_INPUT
91,GATED_MLA,shared_expert,8,2,0.1232,47,FRESH_PHYSICAL_TYPE_CONDITIONED,layer-91:FULL_MIXED_STRIPE:p8,PHYSICALLY_GROUNDED_MODEL_INPUT
91,GATED_MLA,shared_reduction,8,2,1.46,47,FRESH_PHYSICAL_TYPE_CONDITIONED,layer-91:FULL_MIXED_STRIPE:p8,PHYSICALLY_GROUNDED_MODEL_INPUT
91,GATED_MLA,worker_protocol,1,2,0.4718,47,FROZEN_PHYSICAL_AUTHENTICATED_FRAME,layer-91:FULL_MIXED_STRIPE:p8,PHYSICAL_INHERITED_E022
91,GATED_MLA,whole_layer,1,2,5.43685,47,PHYSICAL_TYPE_CONDITIONED,layer-91:WHOLE_LAYER:p1,PHYSICALLY_GROUNDED_MODEL_INPUT
91,GATED_MLA,attention_common,1,4,0.17265,47,FRESH_PHYSICAL_TYPE_CONDITIONED,layer-91:FULL_MIXED_STRIPE:p8,PHYSICALLY_GROUNDED_MODEL_INPUT
91,GATED_MLA,attention_preprocess,1,4,0.98235,47,FRESH_PHYSICAL_TYPE_CONDITIONED,layer-91:FULL_MIXED_STRIPE:p8,PHYSICALLY_GROUNDED_MODEL_INPUT
91,GATED_MLA,attention_reduction,8,4,1.601,47,FRESH_PHYSICAL_TYPE_CONDITIONED,layer-91:FULL_MIXED_STRIPE:p8,PHYSICALLY_GROUNDED_MODEL_INPUT
91,GATED_MLA,attention_shard,8,4,0.4851,47,FRESH_PHYSICAL_TYPE_CONDITIONED,layer-91:FULL_MIXED_STRIPE:p8,PHYSICALLY_GROUNDED_MODEL_INPUT
91,GATED_MLA,expert_reduction,8,4,1.466,47,FRESH_PHYSICAL_TYPE_CONDITIONED,layer-91:FULL_MIXED_STRIPE:p8,PHYSICALLY_GROUNDED_MODEL_INPUT
91,GATED_MLA,expert_stripe,8,4,0.66125,47,FRESH_PHYSICAL_TYPE_CONDITIONED,layer-91:FULL_MIXED_STRIPE:p8,PHYSICALLY_GROUNDED_MODEL_INPUT
91,GATED_MLA,latent_down,8,4,0.08595,47,FRESH_PHYSICAL_TYPE_CONDITIONED,layer-91:FULL_MIXED_STRIPE:p8,PHYSICALLY_GROUNDED_MODEL_INPUT
91,GATED_MLA,latent_up,8,4,0.0813,47,FRESH_PHYSICAL_TYPE_CONDITIONED,layer-91:FULL_MIXED_STRIPE:p8,PHYSICALLY_GROUNDED_MODEL_INPUT
91,GATED_MLA,latent_up_reduction,8,4,1.5376,47,FRESH_PHYSICAL_TYPE_CONDITIONED,layer-91:FULL_MIXED_STRIPE:p8,PHYSICALLY_GROUNDED_MODEL_INPUT
91,GATED_MLA,output_state_commit,1,4,0.1817,47,FRESH_PHYSICAL_TYPE_CONDITIONED,layer-91:FULL_MIXED_STRIPE:p8,PHYSICALLY_GROUNDED_MODEL_INPUT
91,GATED_MLA,post_attention_preprocess,1,4,0.9854,47,FRESH_PHYSICAL_TYPE_CONDITIONED,layer-91:FULL_MIXED_STRIPE:p8,PHYSICALLY_GROUNDED_MODEL_INPUT
91,GATED_MLA,routed_norm,1,4,0.14075,47,FRESH_PHYSICAL_TYPE_CONDITIONED,layer-91:FULL_MIXED_STRIPE:p8,PHYSICALLY_GROUNDED_MODEL_INPUT
91,GATED_MLA,routed_shared_reduction,2,4,1.2015,47,FRESH_PHYSICAL_TYPE_CONDITIONED,layer-91:FULL_MIXED_STRIPE:p8,PHYSICALLY_GROUNDED_MODEL_INPUT
91,GATED_MLA,router,1,4,0.63985,47,FRESH_PHYSICAL_TYPE_CONDITIONED,layer-91:FULL_MIXED_STRIPE:p8,PHYSICALLY_GROUNDED_MODEL_INPUT
91,GATED_MLA,shared_expert,8,4,0.2192,47,FRESH_PHYSICAL_TYPE_CONDITIONED,layer-91:FULL_MIXED_STRIPE:p8,PHYSICALLY_GROUNDED_MODEL_INPUT
91,GATED_MLA,shared_reduction,8,4,1.5376,47,FRESH_PHYSICAL_TYPE_CONDITIONED,layer-91:FULL_MIXED_STRIPE:p8,PHYSICALLY_GROUNDED_MODEL_INPUT
91,GATED_MLA,worker_protocol,1,4,0.6952,47,FROZEN_PHYSICAL_AUTHENTICATED_FRAME,layer-91:FULL_MIXED_STRIPE:p8,PHYSICAL_INHERITED_E022
91,GATED_MLA,whole_layer,1,4,7.946199999999999,47,PHYSICAL_TYPE_CONDITIONED,layer-91:WHOLE_LAYER:p1,PHYSICALLY_GROUNDED_MODEL_INPUT
92,GATED_MLA,attention_common,1,1,0.0867,47,FRESH_PHYSICAL_TYPE_CONDITIONED,layer-92:FULL_MIXED_STRIPE:p8,PHYSICALLY_GROUNDED_MODEL_INPUT
92,GATED_MLA,attention_preprocess,1,1,0.34825,47,FRESH_PHYSICAL_TYPE_CONDITIONED,layer-92:FULL_MIXED_STRIPE:p8,PHYSICALLY_GROUNDED_MODEL_INPUT
92,GATED_MLA,attention_reduction,8,1,1.5127,47,FRESH_PHYSICAL_TYPE_CONDITIONED,layer-92:FULL_MIXED_STRIPE:p8,PHYSICALLY_GROUNDED_MODEL_INPUT
92,GATED_MLA,attention_shard,8,1,0.1987,47,FRESH_PHYSICAL_TYPE_CONDITIONED,layer-92:FULL_MIXED_STRIPE:p8,PHYSICALLY_GROUNDED_MODEL_INPUT
92,GATED_MLA,expert_reduction,8,1,1.183,47,FRESH_PHYSICAL_TYPE_CONDITIONED,layer-92:FULL_MIXED_STRIPE:p8,PHYSICALLY_GROUNDED_MODEL_INPUT
92,GATED_MLA,expert_stripe,8,1,0.2368,47,FRESH_PHYSICAL_TYPE_CONDITIONED,layer-92:FULL_MIXED_STRIPE:p8,PHYSICALLY_GROUNDED_MODEL_INPUT
92,GATED_MLA,latent_down,8,1,0.0443,47,FRESH_PHYSICAL_TYPE_CONDITIONED,layer-92:FULL_MIXED_STRIPE:p8,PHYSICALLY_GROUNDED_MODEL_INPUT
92,GATED_MLA,latent_up,8,1,0.04985,47,FRESH_PHYSICAL_TYPE_CONDITIONED,layer-92:FULL_MIXED_STRIPE:p8,PHYSICALLY_GROUNDED_MODEL_INPUT
92,GATED_MLA,latent_up_reduction,8,1,1.46,47,FRESH_PHYSICAL_TYPE_CONDITIONED,layer-92:FULL_MIXED_STRIPE:p8,PHYSICALLY_GROUNDED_MODEL_INPUT
92,GATED_MLA,output_state_commit,1,1,0.1533,47,FRESH_PHYSICAL_TYPE_CONDITIONED,layer-92:FULL_MIXED_STRIPE:p8,PHYSICALLY_GROUNDED_MODEL_INPUT
92,GATED_MLA,post_attention_preprocess,1,1,0.33235000000000003,47,FRESH_PHYSICAL_TYPE_CONDITIONED,layer-92:FULL_MIXED_STRIPE:p8,PHYSICALLY_GROUNDED_MODEL_INPUT
92,GATED_MLA,routed_norm,1,1,0.12535000000000002,47,FRESH_PHYSICAL_TYPE_CONDITIONED,layer-92:FULL_MIXED_STRIPE:p8,PHYSICALLY_GROUNDED_MODEL_INPUT
92,GATED_MLA,routed_shared_reduction,2,1,1.1742,47,FRESH_PHYSICAL_TYPE_CONDITIONED,layer-92:FULL_MIXED_STRIPE:p8,PHYSICALLY_GROUNDED_MODEL_INPUT
92,GATED_MLA,router,1,1,0.6397999999999999,47,FRESH_PHYSICAL_TYPE_CONDITIONED,layer-92:FULL_MIXED_STRIPE:p8,PHYSICALLY_GROUNDED_MODEL_INPUT
92,GATED_MLA,shared_expert,8,1,0.10835,47,FRESH_PHYSICAL_TYPE_CONDITIONED,layer-92:FULL_MIXED_STRIPE:p8,PHYSICALLY_GROUNDED_MODEL_INPUT
92,GATED_MLA,shared_reduction,8,1,1.46,47,FRESH_PHYSICAL_TYPE_CONDITIONED,layer-92:FULL_MIXED_STRIPE:p8,PHYSICALLY_GROUNDED_MODEL_INPUT
92,GATED_MLA,worker_protocol,1,1,0.3813,47,FROZEN_PHYSICAL_AUTHENTICATED_FRAME,layer-92:FULL_MIXED_STRIPE:p8,PHYSICAL_INHERITED_E022
92,GATED_MLA,whole_layer,1,1,3.6313,47,PHYSICAL_TYPE_CONDITIONED,layer-92:WHOLE_LAYER:p1,PHYSICALLY_GROUNDED_MODEL_INPUT
92,GATED_MLA,attention_common,1,2,0.0963,47,FRESH_PHYSICAL_TYPE_CONDITIONED,layer-92:FULL_MIXED_STRIPE:p8,PHYSICALLY_GROUNDED_MODEL_INPUT
92,GATED_MLA,attention_preprocess,1,2,0.54495,47,FRESH_PHYSICAL_TYPE_CONDITIONED,layer-92:FULL_MIXED_STRIPE:p8,PHYSICALLY_GROUNDED_MODEL_INPUT
92,GATED_MLA,attention_reduction,8,2,1.51195,47,FRESH_PHYSICAL_TYPE_CONDITIONED,layer-92:FULL_MIXED_STRIPE:p8,PHYSICALLY_GROUNDED_MODEL_INPUT
92,GATED_MLA,attention_shard,8,2,0.28745,47,FRESH_PHYSICAL_TYPE_CONDITIONED,layer-92:FULL_MIXED_STRIPE:p8,PHYSICALLY_GROUNDED_MODEL_INPUT
92,GATED_MLA,expert_reduction,8,2,1.0752,47,FRESH_PHYSICAL_TYPE_CONDITIONED,layer-92:FULL_MIXED_STRIPE:p8,PHYSICALLY_GROUNDED_MODEL_INPUT
92,GATED_MLA,expert_stripe,8,2,0.378,47,FRESH_PHYSICAL_TYPE_CONDITIONED,layer-92:FULL_MIXED_STRIPE:p8,PHYSICALLY_GROUNDED_MODEL_INPUT
92,GATED_MLA,latent_down,8,2,0.0489,47,FRESH_PHYSICAL_TYPE_CONDITIONED,layer-92:FULL_MIXED_STRIPE:p8,PHYSICALLY_GROUNDED_MODEL_INPUT
92,GATED_MLA,latent_up,8,2,0.05835,47,FRESH_PHYSICAL_TYPE_CONDITIONED,layer-92:FULL_MIXED_STRIPE:p8,PHYSICALLY_GROUNDED_MODEL_INPUT
92,GATED_MLA,latent_up_reduction,8,2,1.46,47,FRESH_PHYSICAL_TYPE_CONDITIONED,layer-92:FULL_MIXED_STRIPE:p8,PHYSICALLY_GROUNDED_MODEL_INPUT
92,GATED_MLA,output_state_commit,1,2,0.15645,47,FRESH_PHYSICAL_TYPE_CONDITIONED,layer-92:FULL_MIXED_STRIPE:p8,PHYSICALLY_GROUNDED_MODEL_INPUT
92,GATED_MLA,post_attention_preprocess,1,2,0.541,47,FRESH_PHYSICAL_TYPE_CONDITIONED,layer-92:FULL_MIXED_STRIPE:p8,PHYSICALLY_GROUNDED_MODEL_INPUT
92,GATED_MLA,routed_norm,1,2,0.1384,47,FRESH_PHYSICAL_TYPE_CONDITIONED,layer-92:FULL_MIXED_STRIPE:p8,PHYSICALLY_GROUNDED_MODEL_INPUT
92,GATED_MLA,routed_shared_reduction,2,2,1.2424,47,FRESH_PHYSICAL_TYPE_CONDITIONED,layer-92:FULL_MIXED_STRIPE:p8,PHYSICALLY_GROUNDED_MODEL_INPUT
92,GATED_MLA,router,1,2,0.6346,47,FRESH_PHYSICAL_TYPE_CONDITIONED,layer-92:FULL_MIXED_STRIPE:p8,PHYSICALLY_GROUNDED_MODEL_INPUT
92,GATED_MLA,shared_expert,8,2,0.1232,47,FRESH_PHYSICAL_TYPE_CONDITIONED,layer-92:FULL_MIXED_STRIPE:p8,PHYSICALLY_GROUNDED_MODEL_INPUT
92,GATED_MLA,shared_reduction,8,2,1.46,47,FRESH_PHYSICAL_TYPE_CONDITIONED,layer-92:FULL_MIXED_STRIPE:p8,PHYSICALLY_GROUNDED_MODEL_INPUT
92,GATED_MLA,worker_protocol,1,2,0.4718,47,FROZEN_PHYSICAL_AUTHENTICATED_FRAME,layer-92:FULL_MIXED_STRIPE:p8,PHYSICAL_INHERITED_E022
92,GATED_MLA,whole_layer,1,2,5.43685,47,PHYSICAL_TYPE_CONDITIONED,layer-92:WHOLE_LAYER:p1,PHYSICALLY_GROUNDED_MODEL_INPUT
92,GATED_MLA,attention_common,1,4,0.17265,47,FRESH_PHYSICAL_TYPE_CONDITIONED,layer-92:FULL_MIXED_STRIPE:p8,PHYSICALLY_GROUNDED_MODEL_INPUT
92,GATED_MLA,attention_preprocess,1,4,0.98235,47,FRESH_PHYSICAL_TYPE_CONDITIONED,layer-92:FULL_MIXED_STRIPE:p8,PHYSICALLY_GROUNDED_MODEL_INPUT
92,GATED_MLA,attention_reduction,8,4,1.601,47,FRESH_PHYSICAL_TYPE_CONDITIONED,layer-92:FULL_MIXED_STRIPE:p8,PHYSICALLY_GROUNDED_MODEL_INPUT
92,GATED_MLA,attention_shard,8,4,0.4851,47,FRESH_PHYSICAL_TYPE_CONDITIONED,layer-92:FULL_MIXED_STRIPE:p8,PHYSICALLY_GROUNDED_MODEL_INPUT
92,GATED_MLA,expert_reduction,8,4,1.466,47,FRESH_PHYSICAL_TYPE_CONDITIONED,layer-92:FULL_MIXED_STRIPE:p8,PHYSICALLY_GROUNDED_MODEL_INPUT
92,GATED_MLA,expert_stripe,8,4,0.66125,47,FRESH_PHYSICAL_TYPE_CONDITIONED,layer-92:FULL_MIXED_STRIPE:p8,PHYSICALLY_GROUNDED_MODEL_INPUT
92,GATED_MLA,latent_down,8,4,0.08595,47,FRESH_PHYSICAL_TYPE_CONDITIONED,layer-92:FULL_MIXED_STRIPE:p8,PHYSICALLY_GROUNDED_MODEL_INPUT
92,GATED_MLA,latent_up,8,4,0.0813,47,FRESH_PHYSICAL_TYPE_CONDITIONED,layer-92:FULL_MIXED_STRIPE:p8,PHYSICALLY_GROUNDED_MODEL_INPUT
92,GATED_MLA,latent_up_reduction,8,4,1.5376,47,FRESH_PHYSICAL_TYPE_CONDITIONED,layer-92:FULL_MIXED_STRIPE:p8,PHYSICALLY_GROUNDED_MODEL_INPUT
92,GATED_MLA,output_state_commit,1,4,0.1817,47,FRESH_PHYSICAL_TYPE_CONDITIONED,layer-92:FULL_MIXED_STRIPE:p8,PHYSICALLY_GROUNDED_MODEL_INPUT
92,GATED_MLA,post_attention_preprocess,1,4,0.9854,47,FRESH_PHYSICAL_TYPE_CONDITIONED,layer-92:FULL_MIXED_STRIPE:p8,PHYSICALLY_GROUNDED_MODEL_INPUT
92,GATED_MLA,routed_norm,1,4,0.14075,47,FRESH_PHYSICAL_TYPE_CONDITIONED,layer-92:FULL_MIXED_STRIPE:p8,PHYSICALLY_GROUNDED_MODEL_INPUT
92,GATED_MLA,routed_shared_reduction,2,4,1.2015,47,FRESH_PHYSICAL_TYPE_CONDITIONED,layer-92:FULL_MIXED_STRIPE:p8,PHYSICALLY_GROUNDED_MODEL_INPUT
92,GATED_MLA,router,1,4,0.63985,47,FRESH_PHYSICAL_TYPE_CONDITIONED,layer-92:FULL_MIXED_STRIPE:p8,PHYSICALLY_GROUNDED_MODEL_INPUT
92,GATED_MLA,shared_expert,8,4,0.2192,47,FRESH_PHYSICAL_TYPE_CONDITIONED,layer-92:FULL_MIXED_STRIPE:p8,PHYSICALLY_GROUNDED_MODEL_INPUT
92,GATED_MLA,shared_reduction,8,4,1.5376,47,FRESH_PHYSICAL_TYPE_CONDITIONED,layer-92:FULL_MIXED_STRIPE:p8,PHYSICALLY_GROUNDED_MODEL_INPUT
92,GATED_MLA,worker_protocol,1,4,0.6952,47,FROZEN_PHYSICAL_AUTHENTICATED_FRAME,layer-92:FULL_MIXED_STRIPE:p8,PHYSICAL_INHERITED_E022
92,GATED_MLA,whole_layer,1,4,7.946199999999999,47,PHYSICAL_TYPE_CONDITIONED,layer-92:WHOLE_LAYER:p1,PHYSICALLY_GROUNDED_MODEL_INPUT
0,DENSE,worker_protocol,1,1,0.3813,0,FROZEN_PHYSICAL_AUTHENTICATED_FRAME,layer-00:WHOLE_LAYER:p1,PHYSICAL_INHERITED_E022
0,DENSE,worker_protocol,1,2,0.4718,0,FROZEN_PHYSICAL_AUTHENTICATED_FRAME,layer-00:WHOLE_LAYER:p1,PHYSICAL_INHERITED_E022
0,DENSE,worker_protocol,1,4,0.6952,0,FROZEN_PHYSICAL_AUTHENTICATED_FRAME,layer-00:WHOLE_LAYER:p1,PHYSICAL_INHERITED_E022
-1,LOCAL_FUSION,d_worker_local_fusion,1,1,0.0097,-1,DIRECT_PHYSICAL,D:worker-local-fusion,PHYSICAL
-1,LOCAL_FUSION,d_worker_local_fusion,1,2,0.0096,-1,DIRECT_PHYSICAL,D:worker-local-fusion,PHYSICAL
-1,LOCAL_FUSION,d_worker_local_fusion,1,4,0.0096,-1,DIRECT_PHYSICAL,D:worker-local-fusion,PHYSICAL
