split,candidate_id,candidate_type,degree,layer,layer_type,rows,sample_index,wall_ms,finite_output,production_native_dispatch,timed_checkpoint_reads,resident_weights
calibration,layer-45:FULL_MIXED_STRIPE:p8,FULL_MIXED_STRIPE,8,45,KDA,1,0,32.7903,True,True,0,True
calibration,layer-45:FULL_MIXED_STRIPE:p8,FULL_MIXED_STRIPE,8,45,KDA,1,1,32.8066,True,True,0,True
calibration,layer-45:FULL_MIXED_STRIPE:p8,FULL_MIXED_STRIPE,8,45,KDA,1,2,33.1548,True,True,0,True
calibration,layer-45:FULL_MIXED_STRIPE:p8,FULL_MIXED_STRIPE,8,45,KDA,1,3,33.555,True,True,0,True
calibration,layer-45:FULL_MIXED_STRIPE:p8,FULL_MIXED_STRIPE,8,45,KDA,1,4,33.7162,True,True,0,True
calibration,layer-45:FULL_MIXED_STRIPE:p8,FULL_MIXED_STRIPE,8,45,KDA,1,5,33.167,True,True,0,True
calibration,layer-45:FULL_MIXED_STRIPE:p8,FULL_MIXED_STRIPE,8,45,KDA,1,6,33.7879,True,True,0,True
calibration,layer-45:FULL_MIXED_STRIPE:p8,FULL_MIXED_STRIPE,8,45,KDA,1,7,33.0791,True,True,0,True
calibration,layer-45:FULL_MIXED_STRIPE:p8,FULL_MIXED_STRIPE,8,45,KDA,1,8,33.0314,True,True,0,True
calibration,layer-45:FULL_MIXED_STRIPE:p8,FULL_MIXED_STRIPE,8,45,KDA,1,9,33.6179,True,True,0,True
calibration,layer-45:FULL_MIXED_STRIPE:p8,FULL_MIXED_STRIPE,8,45,KDA,1,10,33.2304,True,True,0,True
calibration,layer-45:FULL_MIXED_STRIPE:p8,FULL_MIXED_STRIPE,8,45,KDA,1,11,33.1966,True,True,0,True
calibration,layer-45:FULL_MIXED_STRIPE:p8,FULL_MIXED_STRIPE,8,45,KDA,1,12,33.1325,True,True,0,True
calibration,layer-45:FULL_MIXED_STRIPE:p8,FULL_MIXED_STRIPE,8,45,KDA,1,13,33.1584,True,True,0,True
calibration,layer-45:FULL_MIXED_STRIPE:p8,FULL_MIXED_STRIPE,8,45,KDA,1,14,33.2372,True,True,0,True
calibration,layer-45:FULL_MIXED_STRIPE:p8,FULL_MIXED_STRIPE,8,45,KDA,1,15,32.8182,True,True,0,True
calibration,layer-45:FULL_MIXED_STRIPE:p8,FULL_MIXED_STRIPE,8,45,KDA,1,16,33.4042,True,True,0,True
calibration,layer-45:FULL_MIXED_STRIPE:p8,FULL_MIXED_STRIPE,8,45,KDA,1,17,33.1833,True,True,0,True
calibration,layer-45:FULL_MIXED_STRIPE:p8,FULL_MIXED_STRIPE,8,45,KDA,1,18,32.5965,True,True,0,True
calibration,layer-45:FULL_MIXED_STRIPE:p8,FULL_MIXED_STRIPE,8,45,KDA,1,19,33.1598,True,True,0,True
calibration,layer-45:FULL_MIXED_STRIPE:p8,FULL_MIXED_STRIPE,8,45,KDA,1,20,32.8572,True,True,0,True
calibration,layer-45:FULL_MIXED_STRIPE:p8,FULL_MIXED_STRIPE,8,45,KDA,1,21,33.2314,True,True,0,True
calibration,layer-45:FULL_MIXED_STRIPE:p8,FULL_MIXED_STRIPE,8,45,KDA,1,22,33.6844,True,True,0,True
calibration,layer-45:FULL_MIXED_STRIPE:p8,FULL_MIXED_STRIPE,8,45,KDA,1,23,33.3097,True,True,0,True
calibration,layer-45:FULL_MIXED_STRIPE:p8,FULL_MIXED_STRIPE,8,45,KDA,1,24,33.6714,True,True,0,True
calibration,layer-45:FULL_MIXED_STRIPE:p8,FULL_MIXED_STRIPE,8,45,KDA,1,25,33.6596,True,True,0,True
calibration,layer-45:FULL_MIXED_STRIPE:p8,FULL_MIXED_STRIPE,8,45,KDA,1,26,33.514,True,True,0,True
calibration,layer-45:FULL_MIXED_STRIPE:p8,FULL_MIXED_STRIPE,8,45,KDA,1,27,33.7635,True,True,0,True
calibration,layer-45:FULL_MIXED_STRIPE:p8,FULL_MIXED_STRIPE,8,45,KDA,1,28,33.6833,True,True,0,True
calibration,layer-45:FULL_MIXED_STRIPE:p8,FULL_MIXED_STRIPE,8,45,KDA,1,29,33.3447,True,True,0,True
calibration,layer-45:FULL_MIXED_STRIPE:p8,FULL_MIXED_STRIPE,8,45,KDA,1,30,33.5442,True,True,0,True
calibration,layer-45:FULL_MIXED_STRIPE:p8,FULL_MIXED_STRIPE,8,45,KDA,1,31,33.2483,True,True,0,True
calibration,layer-45:FULL_MIXED_STRIPE:p8,FULL_MIXED_STRIPE,8,45,KDA,1,32,33.2757,True,True,0,True
calibration,layer-45:FULL_MIXED_STRIPE:p8,FULL_MIXED_STRIPE,8,45,KDA,1,33,33.11,True,True,0,True
calibration,layer-45:FULL_MIXED_STRIPE:p8,FULL_MIXED_STRIPE,8,45,KDA,1,34,34.1235,True,True,0,True
calibration,layer-45:FULL_MIXED_STRIPE:p8,FULL_MIXED_STRIPE,8,45,KDA,1,35,33.7676,True,True,0,True
calibration,layer-45:FULL_MIXED_STRIPE:p8,FULL_MIXED_STRIPE,8,45,KDA,1,36,34.2075,True,True,0,True
calibration,layer-45:FULL_MIXED_STRIPE:p8,FULL_MIXED_STRIPE,8,45,KDA,1,37,33.6973,True,True,0,True
calibration,layer-45:FULL_MIXED_STRIPE:p8,FULL_MIXED_STRIPE,8,45,KDA,1,38,34.0845,True,True,0,True
calibration,layer-45:FULL_MIXED_STRIPE:p8,FULL_MIXED_STRIPE,8,45,KDA,1,39,33.3257,True,True,0,True
calibration,layer-45:FULL_MIXED_STRIPE:p8,FULL_MIXED_STRIPE,8,45,KDA,1,40,33.4984,True,True,0,True
calibration,layer-45:FULL_MIXED_STRIPE:p8,FULL_MIXED_STRIPE,8,45,KDA,1,41,33.8322,True,True,0,True
calibration,layer-45:FULL_MIXED_STRIPE:p8,FULL_MIXED_STRIPE,8,45,KDA,1,42,34.614,True,True,0,True
calibration,layer-45:FULL_MIXED_STRIPE:p8,FULL_MIXED_STRIPE,8,45,KDA,1,43,34.6705,True,True,0,True
calibration,layer-45:FULL_MIXED_STRIPE:p8,FULL_MIXED_STRIPE,8,45,KDA,1,44,35.0048,True,True,0,True
calibration,layer-45:FULL_MIXED_STRIPE:p8,FULL_MIXED_STRIPE,8,45,KDA,1,45,33.8472,True,True,0,True
calibration,layer-45:FULL_MIXED_STRIPE:p8,FULL_MIXED_STRIPE,8,45,KDA,1,46,33.0786,True,True,0,True
calibration,layer-45:FULL_MIXED_STRIPE:p8,FULL_MIXED_STRIPE,8,45,KDA,1,47,35.3058,True,True,0,True
calibration,layer-45:FULL_MIXED_STRIPE:p8,FULL_MIXED_STRIPE,8,45,KDA,1,48,33.3138,True,True,0,True
calibration,layer-45:FULL_MIXED_STRIPE:p8,FULL_MIXED_STRIPE,8,45,KDA,1,49,33.187,True,True,0,True
calibration,layer-45:FULL_MIXED_STRIPE:p8,FULL_MIXED_STRIPE,8,45,KDA,1,50,33.1008,True,True,0,True
calibration,layer-45:FULL_MIXED_STRIPE:p8,FULL_MIXED_STRIPE,8,45,KDA,1,51,33.2125,True,True,0,True
calibration,layer-45:FULL_MIXED_STRIPE:p8,FULL_MIXED_STRIPE,8,45,KDA,1,52,32.76,True,True,0,True
calibration,layer-45:FULL_MIXED_STRIPE:p8,FULL_MIXED_STRIPE,8,45,KDA,1,53,33.1089,True,True,0,True
calibration,layer-45:FULL_MIXED_STRIPE:p8,FULL_MIXED_STRIPE,8,45,KDA,1,54,33.0023,True,True,0,True
calibration,layer-45:FULL_MIXED_STRIPE:p8,FULL_MIXED_STRIPE,8,45,KDA,1,55,33.1344,True,True,0,True
calibration,layer-45:FULL_MIXED_STRIPE:p8,FULL_MIXED_STRIPE,8,45,KDA,1,56,33.6503,True,True,0,True
calibration,layer-45:FULL_MIXED_STRIPE:p8,FULL_MIXED_STRIPE,8,45,KDA,1,57,33.142,True,True,0,True
calibration,layer-45:FULL_MIXED_STRIPE:p8,FULL_MIXED_STRIPE,8,45,KDA,1,58,32.9501,True,True,0,True
calibration,layer-45:FULL_MIXED_STRIPE:p8,FULL_MIXED_STRIPE,8,45,KDA,1,59,32.9288,True,True,0,True
calibration,layer-45:FULL_MIXED_STRIPE:p8,FULL_MIXED_STRIPE,8,45,KDA,1,60,33.7232,True,True,0,True
calibration,layer-45:FULL_MIXED_STRIPE:p8,FULL_MIXED_STRIPE,8,45,KDA,1,61,33.0477,True,True,0,True
calibration,layer-45:FULL_MIXED_STRIPE:p8,FULL_MIXED_STRIPE,8,45,KDA,1,62,33.1792,True,True,0,True
calibration,layer-45:FULL_MIXED_STRIPE:p8,FULL_MIXED_STRIPE,8,45,KDA,1,63,32.8847,True,True,0,True
calibration,layer-45:FULL_MIXED_STRIPE:p8,FULL_MIXED_STRIPE,8,45,KDA,1,64,33.3103,True,True,0,True
calibration,layer-45:FULL_MIXED_STRIPE:p8,FULL_MIXED_STRIPE,8,45,KDA,1,65,33.6363,True,True,0,True
calibration,layer-45:FULL_MIXED_STRIPE:p8,FULL_MIXED_STRIPE,8,45,KDA,1,66,34.3171,True,True,0,True
calibration,layer-45:FULL_MIXED_STRIPE:p8,FULL_MIXED_STRIPE,8,45,KDA,1,67,33.0191,True,True,0,True
calibration,layer-45:FULL_MIXED_STRIPE:p8,FULL_MIXED_STRIPE,8,45,KDA,1,68,32.7457,True,True,0,True
calibration,layer-45:FULL_MIXED_STRIPE:p8,FULL_MIXED_STRIPE,8,45,KDA,1,69,33.3011,True,True,0,True
calibration,layer-45:FULL_MIXED_STRIPE:p8,FULL_MIXED_STRIPE,8,45,KDA,1,70,33.5873,True,True,0,True
calibration,layer-45:FULL_MIXED_STRIPE:p8,FULL_MIXED_STRIPE,8,45,KDA,1,71,33.1639,True,True,0,True
calibration,layer-45:FULL_MIXED_STRIPE:p8,FULL_MIXED_STRIPE,8,45,KDA,1,72,33.1785,True,True,0,True
calibration,layer-45:FULL_MIXED_STRIPE:p8,FULL_MIXED_STRIPE,8,45,KDA,1,73,33.4004,True,True,0,True
calibration,layer-45:FULL_MIXED_STRIPE:p8,FULL_MIXED_STRIPE,8,45,KDA,1,74,33.0284,True,True,0,True
calibration,layer-45:FULL_MIXED_STRIPE:p8,FULL_MIXED_STRIPE,8,45,KDA,1,75,33.4995,True,True,0,True
calibration,layer-45:FULL_MIXED_STRIPE:p8,FULL_MIXED_STRIPE,8,45,KDA,1,76,34.3827,True,True,0,True
calibration,layer-45:FULL_MIXED_STRIPE:p8,FULL_MIXED_STRIPE,8,45,KDA,1,77,33.007,True,True,0,True
calibration,layer-45:FULL_MIXED_STRIPE:p8,FULL_MIXED_STRIPE,8,45,KDA,1,78,32.484,True,True,0,True
calibration,layer-45:FULL_MIXED_STRIPE:p8,FULL_MIXED_STRIPE,8,45,KDA,1,79,33.1189,True,True,0,True
calibration,layer-45:FULL_MIXED_STRIPE:p8,FULL_MIXED_STRIPE,8,45,KDA,1,80,32.8661,True,True,0,True
calibration,layer-45:FULL_MIXED_STRIPE:p8,FULL_MIXED_STRIPE,8,45,KDA,1,81,33.0292,True,True,0,True
calibration,layer-45:FULL_MIXED_STRIPE:p8,FULL_MIXED_STRIPE,8,45,KDA,1,82,33.7259,True,True,0,True
calibration,layer-45:FULL_MIXED_STRIPE:p8,FULL_MIXED_STRIPE,8,45,KDA,1,83,33.7931,True,True,0,True
calibration,layer-45:FULL_MIXED_STRIPE:p8,FULL_MIXED_STRIPE,8,45,KDA,1,84,33.3003,True,True,0,True
calibration,layer-45:FULL_MIXED_STRIPE:p8,FULL_MIXED_STRIPE,8,45,KDA,1,85,33.1539,True,True,0,True
calibration,layer-45:FULL_MIXED_STRIPE:p8,FULL_MIXED_STRIPE,8,45,KDA,1,86,33.8264,True,True,0,True
calibration,layer-45:FULL_MIXED_STRIPE:p8,FULL_MIXED_STRIPE,8,45,KDA,1,87,33.0846,True,True,0,True
calibration,layer-45:FULL_MIXED_STRIPE:p8,FULL_MIXED_STRIPE,8,45,KDA,1,88,32.771,True,True,0,True
calibration,layer-45:FULL_MIXED_STRIPE:p8,FULL_MIXED_STRIPE,8,45,KDA,1,89,33.4338,True,True,0,True
calibration,layer-45:FULL_MIXED_STRIPE:p8,FULL_MIXED_STRIPE,8,45,KDA,1,90,32.9191,True,True,0,True
calibration,layer-45:FULL_MIXED_STRIPE:p8,FULL_MIXED_STRIPE,8,45,KDA,1,91,32.792,True,True,0,True
calibration,layer-45:FULL_MIXED_STRIPE:p8,FULL_MIXED_STRIPE,8,45,KDA,1,92,33.2729,True,True,0,True
calibration,layer-45:FULL_MIXED_STRIPE:p8,FULL_MIXED_STRIPE,8,45,KDA,1,93,33.7599,True,True,0,True
calibration,layer-45:FULL_MIXED_STRIPE:p8,FULL_MIXED_STRIPE,8,45,KDA,1,94,33.0589,True,True,0,True
calibration,layer-45:FULL_MIXED_STRIPE:p8,FULL_MIXED_STRIPE,8,45,KDA,1,95,34.3068,True,True,0,True
calibration,layer-45:FULL_MIXED_STRIPE:p8,FULL_MIXED_STRIPE,8,45,KDA,1,96,33.3808,True,True,0,True
calibration,layer-45:FULL_MIXED_STRIPE:p8,FULL_MIXED_STRIPE,8,45,KDA,1,97,32.8864,True,True,0,True
calibration,layer-45:FULL_MIXED_STRIPE:p8,FULL_MIXED_STRIPE,8,45,KDA,1,98,33.5814,True,True,0,True
calibration,layer-45:FULL_MIXED_STRIPE:p8,FULL_MIXED_STRIPE,8,45,KDA,1,99,34.3102,True,True,0,True
calibration,layer-45:FULL_MIXED_STRIPE:p8,FULL_MIXED_STRIPE,8,45,KDA,2,0,37.4533,True,True,0,True
calibration,layer-45:FULL_MIXED_STRIPE:p8,FULL_MIXED_STRIPE,8,45,KDA,2,1,37.6014,True,True,0,True
calibration,layer-45:FULL_MIXED_STRIPE:p8,FULL_MIXED_STRIPE,8,45,KDA,2,2,37.0798,True,True,0,True
calibration,layer-45:FULL_MIXED_STRIPE:p8,FULL_MIXED_STRIPE,8,45,KDA,2,3,36.8888,True,True,0,True
calibration,layer-45:FULL_MIXED_STRIPE:p8,FULL_MIXED_STRIPE,8,45,KDA,2,4,36.7068,True,True,0,True
calibration,layer-45:FULL_MIXED_STRIPE:p8,FULL_MIXED_STRIPE,8,45,KDA,2,5,36.7947,True,True,0,True
calibration,layer-45:FULL_MIXED_STRIPE:p8,FULL_MIXED_STRIPE,8,45,KDA,2,6,36.5181,True,True,0,True
calibration,layer-45:FULL_MIXED_STRIPE:p8,FULL_MIXED_STRIPE,8,45,KDA,2,7,36.0409,True,True,0,True
calibration,layer-45:FULL_MIXED_STRIPE:p8,FULL_MIXED_STRIPE,8,45,KDA,2,8,36.7206,True,True,0,True
calibration,layer-45:FULL_MIXED_STRIPE:p8,FULL_MIXED_STRIPE,8,45,KDA,2,9,37.5372,True,True,0,True
calibration,layer-45:FULL_MIXED_STRIPE:p8,FULL_MIXED_STRIPE,8,45,KDA,2,10,36.5629,True,True,0,True
calibration,layer-45:FULL_MIXED_STRIPE:p8,FULL_MIXED_STRIPE,8,45,KDA,2,11,36.4696,True,True,0,True
calibration,layer-45:FULL_MIXED_STRIPE:p8,FULL_MIXED_STRIPE,8,45,KDA,2,12,37.0118,True,True,0,True
calibration,layer-45:FULL_MIXED_STRIPE:p8,FULL_MIXED_STRIPE,8,45,KDA,2,13,36.2532,True,True,0,True
calibration,layer-45:FULL_MIXED_STRIPE:p8,FULL_MIXED_STRIPE,8,45,KDA,2,14,37.0615,True,True,0,True
calibration,layer-45:FULL_MIXED_STRIPE:p8,FULL_MIXED_STRIPE,8,45,KDA,2,15,36.7947,True,True,0,True
calibration,layer-45:FULL_MIXED_STRIPE:p8,FULL_MIXED_STRIPE,8,45,KDA,2,16,37.5297,True,True,0,True
calibration,layer-45:FULL_MIXED_STRIPE:p8,FULL_MIXED_STRIPE,8,45,KDA,2,17,38.0678,True,True,0,True
calibration,layer-45:FULL_MIXED_STRIPE:p8,FULL_MIXED_STRIPE,8,45,KDA,2,18,37.6875,True,True,0,True
calibration,layer-45:FULL_MIXED_STRIPE:p8,FULL_MIXED_STRIPE,8,45,KDA,2,19,37.4538,True,True,0,True
calibration,layer-45:FULL_MIXED_STRIPE:p8,FULL_MIXED_STRIPE,8,45,KDA,2,20,37.4134,True,True,0,True
calibration,layer-45:FULL_MIXED_STRIPE:p8,FULL_MIXED_STRIPE,8,45,KDA,2,21,37.0454,True,True,0,True
calibration,layer-45:FULL_MIXED_STRIPE:p8,FULL_MIXED_STRIPE,8,45,KDA,2,22,38.3126,True,True,0,True
calibration,layer-45:FULL_MIXED_STRIPE:p8,FULL_MIXED_STRIPE,8,45,KDA,2,23,38.0578,True,True,0,True
calibration,layer-45:FULL_MIXED_STRIPE:p8,FULL_MIXED_STRIPE,8,45,KDA,2,24,37.3012,True,True,0,True
calibration,layer-45:FULL_MIXED_STRIPE:p8,FULL_MIXED_STRIPE,8,45,KDA,2,25,37.8204,True,True,0,True
calibration,layer-45:FULL_MIXED_STRIPE:p8,FULL_MIXED_STRIPE,8,45,KDA,2,26,38.6309,True,True,0,True
calibration,layer-45:FULL_MIXED_STRIPE:p8,FULL_MIXED_STRIPE,8,45,KDA,2,27,38.0369,True,True,0,True
calibration,layer-45:FULL_MIXED_STRIPE:p8,FULL_MIXED_STRIPE,8,45,KDA,2,28,38.1379,True,True,0,True
calibration,layer-45:FULL_MIXED_STRIPE:p8,FULL_MIXED_STRIPE,8,45,KDA,2,29,36.9957,True,True,0,True
calibration,layer-45:FULL_MIXED_STRIPE:p8,FULL_MIXED_STRIPE,8,45,KDA,2,30,36.8442,True,True,0,True
calibration,layer-45:FULL_MIXED_STRIPE:p8,FULL_MIXED_STRIPE,8,45,KDA,2,31,37.7044,True,True,0,True
calibration,layer-45:FULL_MIXED_STRIPE:p8,FULL_MIXED_STRIPE,8,45,KDA,2,32,37.1973,True,True,0,True
calibration,layer-45:FULL_MIXED_STRIPE:p8,FULL_MIXED_STRIPE,8,45,KDA,2,33,37.7528,True,True,0,True
calibration,layer-45:FULL_MIXED_STRIPE:p8,FULL_MIXED_STRIPE,8,45,KDA,2,34,37.7942,True,True,0,True
calibration,layer-45:FULL_MIXED_STRIPE:p8,FULL_MIXED_STRIPE,8,45,KDA,2,35,37.5134,True,True,0,True
calibration,layer-45:FULL_MIXED_STRIPE:p8,FULL_MIXED_STRIPE,8,45,KDA,2,36,37.4542,True,True,0,True
calibration,layer-45:FULL_MIXED_STRIPE:p8,FULL_MIXED_STRIPE,8,45,KDA,2,37,36.6535,True,True,0,True
calibration,layer-45:FULL_MIXED_STRIPE:p8,FULL_MIXED_STRIPE,8,45,KDA,2,38,36.4603,True,True,0,True
calibration,layer-45:FULL_MIXED_STRIPE:p8,FULL_MIXED_STRIPE,8,45,KDA,2,39,39.1338,True,True,0,True
calibration,layer-45:FULL_MIXED_STRIPE:p8,FULL_MIXED_STRIPE,8,45,KDA,2,40,36.8209,True,True,0,True
calibration,layer-45:FULL_MIXED_STRIPE:p8,FULL_MIXED_STRIPE,8,45,KDA,2,41,36.989,True,True,0,True
calibration,layer-45:FULL_MIXED_STRIPE:p8,FULL_MIXED_STRIPE,8,45,KDA,2,42,37.7711,True,True,0,True
calibration,layer-45:FULL_MIXED_STRIPE:p8,FULL_MIXED_STRIPE,8,45,KDA,2,43,37.5575,True,True,0,True
calibration,layer-45:FULL_MIXED_STRIPE:p8,FULL_MIXED_STRIPE,8,45,KDA,2,44,38.3418,True,True,0,True
calibration,layer-45:FULL_MIXED_STRIPE:p8,FULL_MIXED_STRIPE,8,45,KDA,2,45,36.7818,True,True,0,True
calibration,layer-45:FULL_MIXED_STRIPE:p8,FULL_MIXED_STRIPE,8,45,KDA,2,46,36.836,True,True,0,True
calibration,layer-45:FULL_MIXED_STRIPE:p8,FULL_MIXED_STRIPE,8,45,KDA,2,47,36.0552,True,True,0,True
calibration,layer-45:FULL_MIXED_STRIPE:p8,FULL_MIXED_STRIPE,8,45,KDA,2,48,36.9538,True,True,0,True
calibration,layer-45:FULL_MIXED_STRIPE:p8,FULL_MIXED_STRIPE,8,45,KDA,2,49,36.2337,True,True,0,True
calibration,layer-45:FULL_MIXED_STRIPE:p8,FULL_MIXED_STRIPE,8,45,KDA,2,50,36.3272,True,True,0,True
calibration,layer-45:FULL_MIXED_STRIPE:p8,FULL_MIXED_STRIPE,8,45,KDA,2,51,37.3951,True,True,0,True
calibration,layer-45:FULL_MIXED_STRIPE:p8,FULL_MIXED_STRIPE,8,45,KDA,2,52,37.2083,True,True,0,True
calibration,layer-45:FULL_MIXED_STRIPE:p8,FULL_MIXED_STRIPE,8,45,KDA,2,53,36.383,True,True,0,True
calibration,layer-45:FULL_MIXED_STRIPE:p8,FULL_MIXED_STRIPE,8,45,KDA,2,54,36.712,True,True,0,True
calibration,layer-45:FULL_MIXED_STRIPE:p8,FULL_MIXED_STRIPE,8,45,KDA,2,55,36.4927,True,True,0,True
calibration,layer-45:FULL_MIXED_STRIPE:p8,FULL_MIXED_STRIPE,8,45,KDA,2,56,36.6066,True,True,0,True
calibration,layer-45:FULL_MIXED_STRIPE:p8,FULL_MIXED_STRIPE,8,45,KDA,2,57,36.8734,True,True,0,True
calibration,layer-45:FULL_MIXED_STRIPE:p8,FULL_MIXED_STRIPE,8,45,KDA,2,58,36.6687,True,True,0,True
calibration,layer-45:FULL_MIXED_STRIPE:p8,FULL_MIXED_STRIPE,8,45,KDA,2,59,36.0378,True,True,0,True
calibration,layer-45:FULL_MIXED_STRIPE:p8,FULL_MIXED_STRIPE,8,45,KDA,2,60,36.1945,True,True,0,True
calibration,layer-45:FULL_MIXED_STRIPE:p8,FULL_MIXED_STRIPE,8,45,KDA,2,61,35.8118,True,True,0,True
calibration,layer-45:FULL_MIXED_STRIPE:p8,FULL_MIXED_STRIPE,8,45,KDA,2,62,35.9473,True,True,0,True
calibration,layer-45:FULL_MIXED_STRIPE:p8,FULL_MIXED_STRIPE,8,45,KDA,2,63,36.2924,True,True,0,True
calibration,layer-45:FULL_MIXED_STRIPE:p8,FULL_MIXED_STRIPE,8,45,KDA,2,64,36.4305,True,True,0,True
calibration,layer-45:FULL_MIXED_STRIPE:p8,FULL_MIXED_STRIPE,8,45,KDA,2,65,36.4446,True,True,0,True
calibration,layer-45:FULL_MIXED_STRIPE:p8,FULL_MIXED_STRIPE,8,45,KDA,2,66,37.2736,True,True,0,True
calibration,layer-45:FULL_MIXED_STRIPE:p8,FULL_MIXED_STRIPE,8,45,KDA,2,67,36.0011,True,True,0,True
calibration,layer-45:FULL_MIXED_STRIPE:p8,FULL_MIXED_STRIPE,8,45,KDA,2,68,36.9087,True,True,0,True
calibration,layer-45:FULL_MIXED_STRIPE:p8,FULL_MIXED_STRIPE,8,45,KDA,2,69,36.0049,True,True,0,True
calibration,layer-45:FULL_MIXED_STRIPE:p8,FULL_MIXED_STRIPE,8,45,KDA,2,70,36.0424,True,True,0,True
calibration,layer-45:FULL_MIXED_STRIPE:p8,FULL_MIXED_STRIPE,8,45,KDA,2,71,35.904,True,True,0,True
calibration,layer-45:FULL_MIXED_STRIPE:p8,FULL_MIXED_STRIPE,8,45,KDA,2,72,37.7195,True,True,0,True
calibration,layer-45:FULL_MIXED_STRIPE:p8,FULL_MIXED_STRIPE,8,45,KDA,2,73,35.8875,True,True,0,True
calibration,layer-45:FULL_MIXED_STRIPE:p8,FULL_MIXED_STRIPE,8,45,KDA,2,74,36.243,True,True,0,True
calibration,layer-45:FULL_MIXED_STRIPE:p8,FULL_MIXED_STRIPE,8,45,KDA,2,75,36.233,True,True,0,True
calibration,layer-45:FULL_MIXED_STRIPE:p8,FULL_MIXED_STRIPE,8,45,KDA,2,76,36.7815,True,True,0,True
calibration,layer-45:FULL_MIXED_STRIPE:p8,FULL_MIXED_STRIPE,8,45,KDA,2,77,36.61,True,True,0,True
calibration,layer-45:FULL_MIXED_STRIPE:p8,FULL_MIXED_STRIPE,8,45,KDA,2,78,36.8242,True,True,0,True
calibration,layer-45:FULL_MIXED_STRIPE:p8,FULL_MIXED_STRIPE,8,45,KDA,2,79,36.9731,True,True,0,True
calibration,layer-45:FULL_MIXED_STRIPE:p8,FULL_MIXED_STRIPE,8,45,KDA,2,80,37.6037,True,True,0,True
calibration,layer-45:FULL_MIXED_STRIPE:p8,FULL_MIXED_STRIPE,8,45,KDA,2,81,36.825,True,True,0,True
calibration,layer-45:FULL_MIXED_STRIPE:p8,FULL_MIXED_STRIPE,8,45,KDA,2,82,36.5354,True,True,0,True
calibration,layer-45:FULL_MIXED_STRIPE:p8,FULL_MIXED_STRIPE,8,45,KDA,2,83,36.5559,True,True,0,True
calibration,layer-45:FULL_MIXED_STRIPE:p8,FULL_MIXED_STRIPE,8,45,KDA,2,84,36.5221,True,True,0,True
calibration,layer-45:FULL_MIXED_STRIPE:p8,FULL_MIXED_STRIPE,8,45,KDA,2,85,36.1689,True,True,0,True
calibration,layer-45:FULL_MIXED_STRIPE:p8,FULL_MIXED_STRIPE,8,45,KDA,2,86,36.7502,True,True,0,True
calibration,layer-45:FULL_MIXED_STRIPE:p8,FULL_MIXED_STRIPE,8,45,KDA,2,87,35.9094,True,True,0,True
calibration,layer-45:FULL_MIXED_STRIPE:p8,FULL_MIXED_STRIPE,8,45,KDA,2,88,36.6367,True,True,0,True
calibration,layer-45:FULL_MIXED_STRIPE:p8,FULL_MIXED_STRIPE,8,45,KDA,2,89,36.8245,True,True,0,True
calibration,layer-45:FULL_MIXED_STRIPE:p8,FULL_MIXED_STRIPE,8,45,KDA,2,90,35.896,True,True,0,True
calibration,layer-45:FULL_MIXED_STRIPE:p8,FULL_MIXED_STRIPE,8,45,KDA,2,91,36.6089,True,True,0,True
calibration,layer-45:FULL_MIXED_STRIPE:p8,FULL_MIXED_STRIPE,8,45,KDA,2,92,36.6664,True,True,0,True
calibration,layer-45:FULL_MIXED_STRIPE:p8,FULL_MIXED_STRIPE,8,45,KDA,2,93,37.4446,True,True,0,True
calibration,layer-45:FULL_MIXED_STRIPE:p8,FULL_MIXED_STRIPE,8,45,KDA,2,94,37.4277,True,True,0,True
calibration,layer-45:FULL_MIXED_STRIPE:p8,FULL_MIXED_STRIPE,8,45,KDA,2,95,36.4575,True,True,0,True
calibration,layer-45:FULL_MIXED_STRIPE:p8,FULL_MIXED_STRIPE,8,45,KDA,2,96,36.5881,True,True,0,True
calibration,layer-45:FULL_MIXED_STRIPE:p8,FULL_MIXED_STRIPE,8,45,KDA,2,97,36.708,True,True,0,True
calibration,layer-45:FULL_MIXED_STRIPE:p8,FULL_MIXED_STRIPE,8,45,KDA,2,98,36.1901,True,True,0,True
calibration,layer-45:FULL_MIXED_STRIPE:p8,FULL_MIXED_STRIPE,8,45,KDA,2,99,36.1533,True,True,0,True
calibration,layer-45:FULL_MIXED_STRIPE:p8,FULL_MIXED_STRIPE,8,45,KDA,4,0,42.5773,True,True,0,True
calibration,layer-45:FULL_MIXED_STRIPE:p8,FULL_MIXED_STRIPE,8,45,KDA,4,1,44.1098,True,True,0,True
calibration,layer-45:FULL_MIXED_STRIPE:p8,FULL_MIXED_STRIPE,8,45,KDA,4,2,42.4652,True,True,0,True
calibration,layer-45:FULL_MIXED_STRIPE:p8,FULL_MIXED_STRIPE,8,45,KDA,4,3,42.2434,True,True,0,True
calibration,layer-45:FULL_MIXED_STRIPE:p8,FULL_MIXED_STRIPE,8,45,KDA,4,4,43.6118,True,True,0,True
calibration,layer-45:FULL_MIXED_STRIPE:p8,FULL_MIXED_STRIPE,8,45,KDA,4,5,43.4251,True,True,0,True
calibration,layer-45:FULL_MIXED_STRIPE:p8,FULL_MIXED_STRIPE,8,45,KDA,4,6,43.1927,True,True,0,True
calibration,layer-45:FULL_MIXED_STRIPE:p8,FULL_MIXED_STRIPE,8,45,KDA,4,7,43.3038,True,True,0,True
calibration,layer-45:FULL_MIXED_STRIPE:p8,FULL_MIXED_STRIPE,8,45,KDA,4,8,42.6267,True,True,0,True
calibration,layer-45:FULL_MIXED_STRIPE:p8,FULL_MIXED_STRIPE,8,45,KDA,4,9,43.3085,True,True,0,True
calibration,layer-45:FULL_MIXED_STRIPE:p8,FULL_MIXED_STRIPE,8,45,KDA,4,10,42.8898,True,True,0,True
calibration,layer-45:FULL_MIXED_STRIPE:p8,FULL_MIXED_STRIPE,8,45,KDA,4,11,42.5703,True,True,0,True
calibration,layer-45:FULL_MIXED_STRIPE:p8,FULL_MIXED_STRIPE,8,45,KDA,4,12,42.1209,True,True,0,True
calibration,layer-45:FULL_MIXED_STRIPE:p8,FULL_MIXED_STRIPE,8,45,KDA,4,13,42.3344,True,True,0,True
calibration,layer-45:FULL_MIXED_STRIPE:p8,FULL_MIXED_STRIPE,8,45,KDA,4,14,42.2461,True,True,0,True
calibration,layer-45:FULL_MIXED_STRIPE:p8,FULL_MIXED_STRIPE,8,45,KDA,4,15,42.0037,True,True,0,True
calibration,layer-45:FULL_MIXED_STRIPE:p8,FULL_MIXED_STRIPE,8,45,KDA,4,16,42.7054,True,True,0,True
calibration,layer-45:FULL_MIXED_STRIPE:p8,FULL_MIXED_STRIPE,8,45,KDA,4,17,42.8378,True,True,0,True
calibration,layer-45:FULL_MIXED_STRIPE:p8,FULL_MIXED_STRIPE,8,45,KDA,4,18,42.3832,True,True,0,True
calibration,layer-45:FULL_MIXED_STRIPE:p8,FULL_MIXED_STRIPE,8,45,KDA,4,19,42.0159,True,True,0,True
calibration,layer-45:FULL_MIXED_STRIPE:p8,FULL_MIXED_STRIPE,8,45,KDA,4,20,41.789,True,True,0,True
calibration,layer-45:FULL_MIXED_STRIPE:p8,FULL_MIXED_STRIPE,8,45,KDA,4,21,42.4888,True,True,0,True
calibration,layer-45:FULL_MIXED_STRIPE:p8,FULL_MIXED_STRIPE,8,45,KDA,4,22,42.2833,True,True,0,True
calibration,layer-45:FULL_MIXED_STRIPE:p8,FULL_MIXED_STRIPE,8,45,KDA,4,23,42.4017,True,True,0,True
calibration,layer-45:FULL_MIXED_STRIPE:p8,FULL_MIXED_STRIPE,8,45,KDA,4,24,42.3147,True,True,0,True
calibration,layer-45:FULL_MIXED_STRIPE:p8,FULL_MIXED_STRIPE,8,45,KDA,4,25,42.0284,True,True,0,True
calibration,layer-45:FULL_MIXED_STRIPE:p8,FULL_MIXED_STRIPE,8,45,KDA,4,26,42.1712,True,True,0,True
calibration,layer-45:FULL_MIXED_STRIPE:p8,FULL_MIXED_STRIPE,8,45,KDA,4,27,42.0558,True,True,0,True
calibration,layer-45:FULL_MIXED_STRIPE:p8,FULL_MIXED_STRIPE,8,45,KDA,4,28,41.9707,True,True,0,True
calibration,layer-45:FULL_MIXED_STRIPE:p8,FULL_MIXED_STRIPE,8,45,KDA,4,29,43.0609,True,True,0,True
calibration,layer-45:FULL_MIXED_STRIPE:p8,FULL_MIXED_STRIPE,8,45,KDA,4,30,42.4513,True,True,0,True
calibration,layer-45:FULL_MIXED_STRIPE:p8,FULL_MIXED_STRIPE,8,45,KDA,4,31,42.8663,True,True,0,True
calibration,layer-45:FULL_MIXED_STRIPE:p8,FULL_MIXED_STRIPE,8,45,KDA,4,32,43.4141,True,True,0,True
calibration,layer-45:FULL_MIXED_STRIPE:p8,FULL_MIXED_STRIPE,8,45,KDA,4,33,42.3378,True,True,0,True
calibration,layer-45:FULL_MIXED_STRIPE:p8,FULL_MIXED_STRIPE,8,45,KDA,4,34,42.3401,True,True,0,True
calibration,layer-45:FULL_MIXED_STRIPE:p8,FULL_MIXED_STRIPE,8,45,KDA,4,35,42.4454,True,True,0,True
calibration,layer-45:FULL_MIXED_STRIPE:p8,FULL_MIXED_STRIPE,8,45,KDA,4,36,42.4241,True,True,0,True
calibration,layer-45:FULL_MIXED_STRIPE:p8,FULL_MIXED_STRIPE,8,45,KDA,4,37,42.5809,True,True,0,True
calibration,layer-45:FULL_MIXED_STRIPE:p8,FULL_MIXED_STRIPE,8,45,KDA,4,38,43.6671,True,True,0,True
calibration,layer-45:FULL_MIXED_STRIPE:p8,FULL_MIXED_STRIPE,8,45,KDA,4,39,43.3167,True,True,0,True
calibration,layer-45:FULL_MIXED_STRIPE:p8,FULL_MIXED_STRIPE,8,45,KDA,4,40,42.5642,True,True,0,True
calibration,layer-45:FULL_MIXED_STRIPE:p8,FULL_MIXED_STRIPE,8,45,KDA,4,41,42.9034,True,True,0,True
calibration,layer-45:FULL_MIXED_STRIPE:p8,FULL_MIXED_STRIPE,8,45,KDA,4,42,42.5669,True,True,0,True
calibration,layer-45:FULL_MIXED_STRIPE:p8,FULL_MIXED_STRIPE,8,45,KDA,4,43,42.0599,True,True,0,True
calibration,layer-45:FULL_MIXED_STRIPE:p8,FULL_MIXED_STRIPE,8,45,KDA,4,44,42.5557,True,True,0,True
calibration,layer-45:FULL_MIXED_STRIPE:p8,FULL_MIXED_STRIPE,8,45,KDA,4,45,42.2425,True,True,0,True
calibration,layer-45:FULL_MIXED_STRIPE:p8,FULL_MIXED_STRIPE,8,45,KDA,4,46,42.4688,True,True,0,True
calibration,layer-45:FULL_MIXED_STRIPE:p8,FULL_MIXED_STRIPE,8,45,KDA,4,47,43.3523,True,True,0,True
calibration,layer-45:FULL_MIXED_STRIPE:p8,FULL_MIXED_STRIPE,8,45,KDA,4,48,44.3318,True,True,0,True
calibration,layer-45:FULL_MIXED_STRIPE:p8,FULL_MIXED_STRIPE,8,45,KDA,4,49,44.5522,True,True,0,True
calibration,layer-45:FULL_MIXED_STRIPE:p8,FULL_MIXED_STRIPE,8,45,KDA,4,50,43.8409,True,True,0,True
calibration,layer-45:FULL_MIXED_STRIPE:p8,FULL_MIXED_STRIPE,8,45,KDA,4,51,43.991,True,True,0,True
calibration,layer-45:FULL_MIXED_STRIPE:p8,FULL_MIXED_STRIPE,8,45,KDA,4,52,43.9271,True,True,0,True
calibration,layer-45:FULL_MIXED_STRIPE:p8,FULL_MIXED_STRIPE,8,45,KDA,4,53,43.6616,True,True,0,True
calibration,layer-45:FULL_MIXED_STRIPE:p8,FULL_MIXED_STRIPE,8,45,KDA,4,54,44.5911,True,True,0,True
calibration,layer-45:FULL_MIXED_STRIPE:p8,FULL_MIXED_STRIPE,8,45,KDA,4,55,43.9641,True,True,0,True
calibration,layer-45:FULL_MIXED_STRIPE:p8,FULL_MIXED_STRIPE,8,45,KDA,4,56,43.6728,True,True,0,True
calibration,layer-45:FULL_MIXED_STRIPE:p8,FULL_MIXED_STRIPE,8,45,KDA,4,57,43.527,True,True,0,True
calibration,layer-45:FULL_MIXED_STRIPE:p8,FULL_MIXED_STRIPE,8,45,KDA,4,58,43.973,True,True,0,True
calibration,layer-45:FULL_MIXED_STRIPE:p8,FULL_MIXED_STRIPE,8,45,KDA,4,59,44.6624,True,True,0,True
calibration,layer-45:FULL_MIXED_STRIPE:p8,FULL_MIXED_STRIPE,8,45,KDA,4,60,44.091,True,True,0,True
calibration,layer-45:FULL_MIXED_STRIPE:p8,FULL_MIXED_STRIPE,8,45,KDA,4,61,44.1644,True,True,0,True
calibration,layer-45:FULL_MIXED_STRIPE:p8,FULL_MIXED_STRIPE,8,45,KDA,4,62,44.3068,True,True,0,True
calibration,layer-45:FULL_MIXED_STRIPE:p8,FULL_MIXED_STRIPE,8,45,KDA,4,63,43.9762,True,True,0,True
calibration,layer-45:FULL_MIXED_STRIPE:p8,FULL_MIXED_STRIPE,8,45,KDA,4,64,43.1905,True,True,0,True
calibration,layer-45:FULL_MIXED_STRIPE:p8,FULL_MIXED_STRIPE,8,45,KDA,4,65,43.4672,True,True,0,True
calibration,layer-45:FULL_MIXED_STRIPE:p8,FULL_MIXED_STRIPE,8,45,KDA,4,66,43.7303,True,True,0,True
calibration,layer-45:FULL_MIXED_STRIPE:p8,FULL_MIXED_STRIPE,8,45,KDA,4,67,44.0775,True,True,0,True
calibration,layer-45:FULL_MIXED_STRIPE:p8,FULL_MIXED_STRIPE,8,45,KDA,4,68,44.8517,True,True,0,True
calibration,layer-45:FULL_MIXED_STRIPE:p8,FULL_MIXED_STRIPE,8,45,KDA,4,69,44.4422,True,True,0,True
calibration,layer-45:FULL_MIXED_STRIPE:p8,FULL_MIXED_STRIPE,8,45,KDA,4,70,45.1176,True,True,0,True
calibration,layer-45:FULL_MIXED_STRIPE:p8,FULL_MIXED_STRIPE,8,45,KDA,4,71,44.1968,True,True,0,True
calibration,layer-45:FULL_MIXED_STRIPE:p8,FULL_MIXED_STRIPE,8,45,KDA,4,72,44.0113,True,True,0,True
calibration,layer-45:FULL_MIXED_STRIPE:p8,FULL_MIXED_STRIPE,8,45,KDA,4,73,44.1719,True,True,0,True
calibration,layer-45:FULL_MIXED_STRIPE:p8,FULL_MIXED_STRIPE,8,45,KDA,4,74,44.1308,True,True,0,True
calibration,layer-45:FULL_MIXED_STRIPE:p8,FULL_MIXED_STRIPE,8,45,KDA,4,75,43.9562,True,True,0,True
calibration,layer-45:FULL_MIXED_STRIPE:p8,FULL_MIXED_STRIPE,8,45,KDA,4,76,44.6141,True,True,0,True
calibration,layer-45:FULL_MIXED_STRIPE:p8,FULL_MIXED_STRIPE,8,45,KDA,4,77,44.8872,True,True,0,True
calibration,layer-45:FULL_MIXED_STRIPE:p8,FULL_MIXED_STRIPE,8,45,KDA,4,78,45.2798,True,True,0,True
calibration,layer-45:FULL_MIXED_STRIPE:p8,FULL_MIXED_STRIPE,8,45,KDA,4,79,44.0982,True,True,0,True
calibration,layer-45:FULL_MIXED_STRIPE:p8,FULL_MIXED_STRIPE,8,45,KDA,4,80,44.493,True,True,0,True
calibration,layer-45:FULL_MIXED_STRIPE:p8,FULL_MIXED_STRIPE,8,45,KDA,4,81,45.0316,True,True,0,True
calibration,layer-45:FULL_MIXED_STRIPE:p8,FULL_MIXED_STRIPE,8,45,KDA,4,82,45.2855,True,True,0,True
calibration,layer-45:FULL_MIXED_STRIPE:p8,FULL_MIXED_STRIPE,8,45,KDA,4,83,44.9177,True,True,0,True
calibration,layer-45:FULL_MIXED_STRIPE:p8,FULL_MIXED_STRIPE,8,45,KDA,4,84,44.3453,True,True,0,True
calibration,layer-45:FULL_MIXED_STRIPE:p8,FULL_MIXED_STRIPE,8,45,KDA,4,85,44.9213,True,True,0,True
calibration,layer-45:FULL_MIXED_STRIPE:p8,FULL_MIXED_STRIPE,8,45,KDA,4,86,44.5357,True,True,0,True
calibration,layer-45:FULL_MIXED_STRIPE:p8,FULL_MIXED_STRIPE,8,45,KDA,4,87,44.1188,True,True,0,True
calibration,layer-45:FULL_MIXED_STRIPE:p8,FULL_MIXED_STRIPE,8,45,KDA,4,88,44.2202,True,True,0,True
calibration,layer-45:FULL_MIXED_STRIPE:p8,FULL_MIXED_STRIPE,8,45,KDA,4,89,44.4949,True,True,0,True
calibration,layer-45:FULL_MIXED_STRIPE:p8,FULL_MIXED_STRIPE,8,45,KDA,4,90,45.2394,True,True,0,True
calibration,layer-45:FULL_MIXED_STRIPE:p8,FULL_MIXED_STRIPE,8,45,KDA,4,91,44.7314,True,True,0,True
calibration,layer-45:FULL_MIXED_STRIPE:p8,FULL_MIXED_STRIPE,8,45,KDA,4,92,44.2375,True,True,0,True
calibration,layer-45:FULL_MIXED_STRIPE:p8,FULL_MIXED_STRIPE,8,45,KDA,4,93,46.0283,True,True,0,True
calibration,layer-45:FULL_MIXED_STRIPE:p8,FULL_MIXED_STRIPE,8,45,KDA,4,94,44.4451,True,True,0,True
calibration,layer-45:FULL_MIXED_STRIPE:p8,FULL_MIXED_STRIPE,8,45,KDA,4,95,44.121,True,True,0,True
calibration,layer-45:FULL_MIXED_STRIPE:p8,FULL_MIXED_STRIPE,8,45,KDA,4,96,44.2461,True,True,0,True
calibration,layer-45:FULL_MIXED_STRIPE:p8,FULL_MIXED_STRIPE,8,45,KDA,4,97,44.1109,True,True,0,True
calibration,layer-45:FULL_MIXED_STRIPE:p8,FULL_MIXED_STRIPE,8,45,KDA,4,98,44.2354,True,True,0,True
calibration,layer-45:FULL_MIXED_STRIPE:p8,FULL_MIXED_STRIPE,8,45,KDA,4,99,45.2331,True,True,0,True
calibration,layer-47:FULL_MIXED_STRIPE:p8,FULL_MIXED_STRIPE,8,47,GATED_MLA,1,0,23.6653,True,True,0,True
calibration,layer-47:FULL_MIXED_STRIPE:p8,FULL_MIXED_STRIPE,8,47,GATED_MLA,1,1,24.0987,True,True,0,True
calibration,layer-47:FULL_MIXED_STRIPE:p8,FULL_MIXED_STRIPE,8,47,GATED_MLA,1,2,23.5246,True,True,0,True
calibration,layer-47:FULL_MIXED_STRIPE:p8,FULL_MIXED_STRIPE,8,47,GATED_MLA,1,3,24.6114,True,True,0,True
calibration,layer-47:FULL_MIXED_STRIPE:p8,FULL_MIXED_STRIPE,8,47,GATED_MLA,1,4,23.6696,True,True,0,True
calibration,layer-47:FULL_MIXED_STRIPE:p8,FULL_MIXED_STRIPE,8,47,GATED_MLA,1,5,23.5462,True,True,0,True
calibration,layer-47:FULL_MIXED_STRIPE:p8,FULL_MIXED_STRIPE,8,47,GATED_MLA,1,6,23.7279,True,True,0,True
calibration,layer-47:FULL_MIXED_STRIPE:p8,FULL_MIXED_STRIPE,8,47,GATED_MLA,1,7,23.6384,True,True,0,True
calibration,layer-47:FULL_MIXED_STRIPE:p8,FULL_MIXED_STRIPE,8,47,GATED_MLA,1,8,23.9088,True,True,0,True
calibration,layer-47:FULL_MIXED_STRIPE:p8,FULL_MIXED_STRIPE,8,47,GATED_MLA,1,9,23.6851,True,True,0,True
calibration,layer-47:FULL_MIXED_STRIPE:p8,FULL_MIXED_STRIPE,8,47,GATED_MLA,1,10,23.5717,True,True,0,True
calibration,layer-47:FULL_MIXED_STRIPE:p8,FULL_MIXED_STRIPE,8,47,GATED_MLA,1,11,23.6253,True,True,0,True
calibration,layer-47:FULL_MIXED_STRIPE:p8,FULL_MIXED_STRIPE,8,47,GATED_MLA,1,12,24.0786,True,True,0,True
calibration,layer-47:FULL_MIXED_STRIPE:p8,FULL_MIXED_STRIPE,8,47,GATED_MLA,1,13,24.0167,True,True,0,True
calibration,layer-47:FULL_MIXED_STRIPE:p8,FULL_MIXED_STRIPE,8,47,GATED_MLA,1,14,23.6439,True,True,0,True
calibration,layer-47:FULL_MIXED_STRIPE:p8,FULL_MIXED_STRIPE,8,47,GATED_MLA,1,15,23.6638,True,True,0,True
calibration,layer-47:FULL_MIXED_STRIPE:p8,FULL_MIXED_STRIPE,8,47,GATED_MLA,1,16,23.581,True,True,0,True
calibration,layer-47:FULL_MIXED_STRIPE:p8,FULL_MIXED_STRIPE,8,47,GATED_MLA,1,17,23.5368,True,True,0,True
calibration,layer-47:FULL_MIXED_STRIPE:p8,FULL_MIXED_STRIPE,8,47,GATED_MLA,1,18,23.7316,True,True,0,True
calibration,layer-47:FULL_MIXED_STRIPE:p8,FULL_MIXED_STRIPE,8,47,GATED_MLA,1,19,24.1065,True,True,0,True
calibration,layer-47:FULL_MIXED_STRIPE:p8,FULL_MIXED_STRIPE,8,47,GATED_MLA,1,20,24.0752,True,True,0,True
calibration,layer-47:FULL_MIXED_STRIPE:p8,FULL_MIXED_STRIPE,8,47,GATED_MLA,1,21,24.4025,True,True,0,True
calibration,layer-47:FULL_MIXED_STRIPE:p8,FULL_MIXED_STRIPE,8,47,GATED_MLA,1,22,24.0521,True,True,0,True
calibration,layer-47:FULL_MIXED_STRIPE:p8,FULL_MIXED_STRIPE,8,47,GATED_MLA,1,23,24.0961,True,True,0,True
calibration,layer-47:FULL_MIXED_STRIPE:p8,FULL_MIXED_STRIPE,8,47,GATED_MLA,1,24,23.9047,True,True,0,True
calibration,layer-47:FULL_MIXED_STRIPE:p8,FULL_MIXED_STRIPE,8,47,GATED_MLA,1,25,22.5006,True,True,0,True
calibration,layer-47:FULL_MIXED_STRIPE:p8,FULL_MIXED_STRIPE,8,47,GATED_MLA,1,26,24.7555,True,True,0,True
calibration,layer-47:FULL_MIXED_STRIPE:p8,FULL_MIXED_STRIPE,8,47,GATED_MLA,1,27,24.6657,True,True,0,True
calibration,layer-47:FULL_MIXED_STRIPE:p8,FULL_MIXED_STRIPE,8,47,GATED_MLA,1,28,23.5657,True,True,0,True
calibration,layer-47:FULL_MIXED_STRIPE:p8,FULL_MIXED_STRIPE,8,47,GATED_MLA,1,29,21.2059,True,True,0,True
calibration,layer-47:FULL_MIXED_STRIPE:p8,FULL_MIXED_STRIPE,8,47,GATED_MLA,1,30,20.4005,True,True,0,True
calibration,layer-47:FULL_MIXED_STRIPE:p8,FULL_MIXED_STRIPE,8,47,GATED_MLA,1,31,21.5322,True,True,0,True
calibration,layer-47:FULL_MIXED_STRIPE:p8,FULL_MIXED_STRIPE,8,47,GATED_MLA,1,32,23.8432,True,True,0,True
calibration,layer-47:FULL_MIXED_STRIPE:p8,FULL_MIXED_STRIPE,8,47,GATED_MLA,1,33,21.6815,True,True,0,True
calibration,layer-47:FULL_MIXED_STRIPE:p8,FULL_MIXED_STRIPE,8,47,GATED_MLA,1,34,23.7809,True,True,0,True
calibration,layer-47:FULL_MIXED_STRIPE:p8,FULL_MIXED_STRIPE,8,47,GATED_MLA,1,35,23.811,True,True,0,True
calibration,layer-47:FULL_MIXED_STRIPE:p8,FULL_MIXED_STRIPE,8,47,GATED_MLA,1,36,24.0511,True,True,0,True
calibration,layer-47:FULL_MIXED_STRIPE:p8,FULL_MIXED_STRIPE,8,47,GATED_MLA,1,37,23.6875,True,True,0,True
calibration,layer-47:FULL_MIXED_STRIPE:p8,FULL_MIXED_STRIPE,8,47,GATED_MLA,1,38,25.3467,True,True,0,True
calibration,layer-47:FULL_MIXED_STRIPE:p8,FULL_MIXED_STRIPE,8,47,GATED_MLA,1,39,26.0721,True,True,0,True
calibration,layer-47:FULL_MIXED_STRIPE:p8,FULL_MIXED_STRIPE,8,47,GATED_MLA,1,40,24.7294,True,True,0,True
calibration,layer-47:FULL_MIXED_STRIPE:p8,FULL_MIXED_STRIPE,8,47,GATED_MLA,1,41,25.0474,True,True,0,True
calibration,layer-47:FULL_MIXED_STRIPE:p8,FULL_MIXED_STRIPE,8,47,GATED_MLA,1,42,24.8922,True,True,0,True
calibration,layer-47:FULL_MIXED_STRIPE:p8,FULL_MIXED_STRIPE,8,47,GATED_MLA,1,43,25.0192,True,True,0,True
calibration,layer-47:FULL_MIXED_STRIPE:p8,FULL_MIXED_STRIPE,8,47,GATED_MLA,1,44,24.4622,True,True,0,True
calibration,layer-47:FULL_MIXED_STRIPE:p8,FULL_MIXED_STRIPE,8,47,GATED_MLA,1,45,24.6989,True,True,0,True
calibration,layer-47:FULL_MIXED_STRIPE:p8,FULL_MIXED_STRIPE,8,47,GATED_MLA,1,46,24.3524,True,True,0,True
calibration,layer-47:FULL_MIXED_STRIPE:p8,FULL_MIXED_STRIPE,8,47,GATED_MLA,1,47,24.7353,True,True,0,True
calibration,layer-47:FULL_MIXED_STRIPE:p8,FULL_MIXED_STRIPE,8,47,GATED_MLA,1,48,23.3132,True,True,0,True
calibration,layer-47:FULL_MIXED_STRIPE:p8,FULL_MIXED_STRIPE,8,47,GATED_MLA,1,49,20.4943,True,True,0,True
calibration,layer-47:FULL_MIXED_STRIPE:p8,FULL_MIXED_STRIPE,8,47,GATED_MLA,1,50,24.3309,True,True,0,True
calibration,layer-47:FULL_MIXED_STRIPE:p8,FULL_MIXED_STRIPE,8,47,GATED_MLA,1,51,24.301,True,True,0,True
calibration,layer-47:FULL_MIXED_STRIPE:p8,FULL_MIXED_STRIPE,8,47,GATED_MLA,1,52,23.531,True,True,0,True
calibration,layer-47:FULL_MIXED_STRIPE:p8,FULL_MIXED_STRIPE,8,47,GATED_MLA,1,53,23.8492,True,True,0,True
calibration,layer-47:FULL_MIXED_STRIPE:p8,FULL_MIXED_STRIPE,8,47,GATED_MLA,1,54,23.9152,True,True,0,True
calibration,layer-47:FULL_MIXED_STRIPE:p8,FULL_MIXED_STRIPE,8,47,GATED_MLA,1,55,23.6024,True,True,0,True
calibration,layer-47:FULL_MIXED_STRIPE:p8,FULL_MIXED_STRIPE,8,47,GATED_MLA,1,56,23.3501,True,True,0,True
calibration,layer-47:FULL_MIXED_STRIPE:p8,FULL_MIXED_STRIPE,8,47,GATED_MLA,1,57,23.6306,True,True,0,True
calibration,layer-47:FULL_MIXED_STRIPE:p8,FULL_MIXED_STRIPE,8,47,GATED_MLA,1,58,23.9161,True,True,0,True
calibration,layer-47:FULL_MIXED_STRIPE:p8,FULL_MIXED_STRIPE,8,47,GATED_MLA,1,59,23.722,True,True,0,True
calibration,layer-47:FULL_MIXED_STRIPE:p8,FULL_MIXED_STRIPE,8,47,GATED_MLA,1,60,23.7167,True,True,0,True
calibration,layer-47:FULL_MIXED_STRIPE:p8,FULL_MIXED_STRIPE,8,47,GATED_MLA,1,61,23.8564,True,True,0,True
calibration,layer-47:FULL_MIXED_STRIPE:p8,FULL_MIXED_STRIPE,8,47,GATED_MLA,1,62,24.4273,True,True,0,True
calibration,layer-47:FULL_MIXED_STRIPE:p8,FULL_MIXED_STRIPE,8,47,GATED_MLA,1,63,24.3301,True,True,0,True
calibration,layer-47:FULL_MIXED_STRIPE:p8,FULL_MIXED_STRIPE,8,47,GATED_MLA,1,64,24.1972,True,True,0,True
calibration,layer-47:FULL_MIXED_STRIPE:p8,FULL_MIXED_STRIPE,8,47,GATED_MLA,1,65,24.0386,True,True,0,True
calibration,layer-47:FULL_MIXED_STRIPE:p8,FULL_MIXED_STRIPE,8,47,GATED_MLA,1,66,24.1129,True,True,0,True
calibration,layer-47:FULL_MIXED_STRIPE:p8,FULL_MIXED_STRIPE,8,47,GATED_MLA,1,67,24.1477,True,True,0,True
calibration,layer-47:FULL_MIXED_STRIPE:p8,FULL_MIXED_STRIPE,8,47,GATED_MLA,1,68,24.8488,True,True,0,True
calibration,layer-47:FULL_MIXED_STRIPE:p8,FULL_MIXED_STRIPE,8,47,GATED_MLA,1,69,25.1723,True,True,0,True
calibration,layer-47:FULL_MIXED_STRIPE:p8,FULL_MIXED_STRIPE,8,47,GATED_MLA,1,70,25.6172,True,True,0,True
calibration,layer-47:FULL_MIXED_STRIPE:p8,FULL_MIXED_STRIPE,8,47,GATED_MLA,1,71,23.9391,True,True,0,True
calibration,layer-47:FULL_MIXED_STRIPE:p8,FULL_MIXED_STRIPE,8,47,GATED_MLA,1,72,23.8379,True,True,0,True
calibration,layer-47:FULL_MIXED_STRIPE:p8,FULL_MIXED_STRIPE,8,47,GATED_MLA,1,73,23.8903,True,True,0,True
calibration,layer-47:FULL_MIXED_STRIPE:p8,FULL_MIXED_STRIPE,8,47,GATED_MLA,1,74,23.9321,True,True,0,True
calibration,layer-47:FULL_MIXED_STRIPE:p8,FULL_MIXED_STRIPE,8,47,GATED_MLA,1,75,24.2393,True,True,0,True
calibration,layer-47:FULL_MIXED_STRIPE:p8,FULL_MIXED_STRIPE,8,47,GATED_MLA,1,76,24.1239,True,True,0,True
calibration,layer-47:FULL_MIXED_STRIPE:p8,FULL_MIXED_STRIPE,8,47,GATED_MLA,1,77,24.549,True,True,0,True
calibration,layer-47:FULL_MIXED_STRIPE:p8,FULL_MIXED_STRIPE,8,47,GATED_MLA,1,78,24.7065,True,True,0,True
calibration,layer-47:FULL_MIXED_STRIPE:p8,FULL_MIXED_STRIPE,8,47,GATED_MLA,1,79,24.366,True,True,0,True
calibration,layer-47:FULL_MIXED_STRIPE:p8,FULL_MIXED_STRIPE,8,47,GATED_MLA,1,80,24.221,True,True,0,True
calibration,layer-47:FULL_MIXED_STRIPE:p8,FULL_MIXED_STRIPE,8,47,GATED_MLA,1,81,23.9682,True,True,0,True
calibration,layer-47:FULL_MIXED_STRIPE:p8,FULL_MIXED_STRIPE,8,47,GATED_MLA,1,82,23.7692,True,True,0,True
calibration,layer-47:FULL_MIXED_STRIPE:p8,FULL_MIXED_STRIPE,8,47,GATED_MLA,1,83,24.2894,True,True,0,True
calibration,layer-47:FULL_MIXED_STRIPE:p8,FULL_MIXED_STRIPE,8,47,GATED_MLA,1,84,24.1146,True,True,0,True
calibration,layer-47:FULL_MIXED_STRIPE:p8,FULL_MIXED_STRIPE,8,47,GATED_MLA,1,85,23.812,True,True,0,True
calibration,layer-47:FULL_MIXED_STRIPE:p8,FULL_MIXED_STRIPE,8,47,GATED_MLA,1,86,23.4469,True,True,0,True
calibration,layer-47:FULL_MIXED_STRIPE:p8,FULL_MIXED_STRIPE,8,47,GATED_MLA,1,87,23.7131,True,True,0,True
calibration,layer-47:FULL_MIXED_STRIPE:p8,FULL_MIXED_STRIPE,8,47,GATED_MLA,1,88,23.5569,True,True,0,True
calibration,layer-47:FULL_MIXED_STRIPE:p8,FULL_MIXED_STRIPE,8,47,GATED_MLA,1,89,23.4512,True,True,0,True
calibration,layer-47:FULL_MIXED_STRIPE:p8,FULL_MIXED_STRIPE,8,47,GATED_MLA,1,90,23.7724,True,True,0,True
calibration,layer-47:FULL_MIXED_STRIPE:p8,FULL_MIXED_STRIPE,8,47,GATED_MLA,1,91,23.9057,True,True,0,True
calibration,layer-47:FULL_MIXED_STRIPE:p8,FULL_MIXED_STRIPE,8,47,GATED_MLA,1,92,24.1073,True,True,0,True
calibration,layer-47:FULL_MIXED_STRIPE:p8,FULL_MIXED_STRIPE,8,47,GATED_MLA,1,93,24.0174,True,True,0,True
calibration,layer-47:FULL_MIXED_STRIPE:p8,FULL_MIXED_STRIPE,8,47,GATED_MLA,1,94,24.0049,True,True,0,True
calibration,layer-47:FULL_MIXED_STRIPE:p8,FULL_MIXED_STRIPE,8,47,GATED_MLA,1,95,24.0547,True,True,0,True
calibration,layer-47:FULL_MIXED_STRIPE:p8,FULL_MIXED_STRIPE,8,47,GATED_MLA,1,96,23.5124,True,True,0,True
calibration,layer-47:FULL_MIXED_STRIPE:p8,FULL_MIXED_STRIPE,8,47,GATED_MLA,1,97,24.0424,True,True,0,True
calibration,layer-47:FULL_MIXED_STRIPE:p8,FULL_MIXED_STRIPE,8,47,GATED_MLA,1,98,23.7162,True,True,0,True
calibration,layer-47:FULL_MIXED_STRIPE:p8,FULL_MIXED_STRIPE,8,47,GATED_MLA,1,99,24.5116,True,True,0,True
calibration,layer-47:FULL_MIXED_STRIPE:p8,FULL_MIXED_STRIPE,8,47,GATED_MLA,2,0,27.0457,True,True,0,True
calibration,layer-47:FULL_MIXED_STRIPE:p8,FULL_MIXED_STRIPE,8,47,GATED_MLA,2,1,26.2744,True,True,0,True
calibration,layer-47:FULL_MIXED_STRIPE:p8,FULL_MIXED_STRIPE,8,47,GATED_MLA,2,2,26.3285,True,True,0,True
calibration,layer-47:FULL_MIXED_STRIPE:p8,FULL_MIXED_STRIPE,8,47,GATED_MLA,2,3,26.7815,True,True,0,True
calibration,layer-47:FULL_MIXED_STRIPE:p8,FULL_MIXED_STRIPE,8,47,GATED_MLA,2,4,26.854,True,True,0,True
calibration,layer-47:FULL_MIXED_STRIPE:p8,FULL_MIXED_STRIPE,8,47,GATED_MLA,2,5,26.9003,True,True,0,True
calibration,layer-47:FULL_MIXED_STRIPE:p8,FULL_MIXED_STRIPE,8,47,GATED_MLA,2,6,26.7275,True,True,0,True
calibration,layer-47:FULL_MIXED_STRIPE:p8,FULL_MIXED_STRIPE,8,47,GATED_MLA,2,7,26.3954,True,True,0,True
calibration,layer-47:FULL_MIXED_STRIPE:p8,FULL_MIXED_STRIPE,8,47,GATED_MLA,2,8,26.426,True,True,0,True
calibration,layer-47:FULL_MIXED_STRIPE:p8,FULL_MIXED_STRIPE,8,47,GATED_MLA,2,9,26.7511,True,True,0,True
calibration,layer-47:FULL_MIXED_STRIPE:p8,FULL_MIXED_STRIPE,8,47,GATED_MLA,2,10,26.7281,True,True,0,True
calibration,layer-47:FULL_MIXED_STRIPE:p8,FULL_MIXED_STRIPE,8,47,GATED_MLA,2,11,26.4776,True,True,0,True
calibration,layer-47:FULL_MIXED_STRIPE:p8,FULL_MIXED_STRIPE,8,47,GATED_MLA,2,12,26.6357,True,True,0,True
calibration,layer-47:FULL_MIXED_STRIPE:p8,FULL_MIXED_STRIPE,8,47,GATED_MLA,2,13,26.4466,True,True,0,True
calibration,layer-47:FULL_MIXED_STRIPE:p8,FULL_MIXED_STRIPE,8,47,GATED_MLA,2,14,26.5163,True,True,0,True
calibration,layer-47:FULL_MIXED_STRIPE:p8,FULL_MIXED_STRIPE,8,47,GATED_MLA,2,15,26.7643,True,True,0,True
calibration,layer-47:FULL_MIXED_STRIPE:p8,FULL_MIXED_STRIPE,8,47,GATED_MLA,2,16,26.421,True,True,0,True
calibration,layer-47:FULL_MIXED_STRIPE:p8,FULL_MIXED_STRIPE,8,47,GATED_MLA,2,17,26.5665,True,True,0,True
calibration,layer-47:FULL_MIXED_STRIPE:p8,FULL_MIXED_STRIPE,8,47,GATED_MLA,2,18,26.8863,True,True,0,True
calibration,layer-47:FULL_MIXED_STRIPE:p8,FULL_MIXED_STRIPE,8,47,GATED_MLA,2,19,27.2144,True,True,0,True
calibration,layer-47:FULL_MIXED_STRIPE:p8,FULL_MIXED_STRIPE,8,47,GATED_MLA,2,20,26.9732,True,True,0,True
calibration,layer-47:FULL_MIXED_STRIPE:p8,FULL_MIXED_STRIPE,8,47,GATED_MLA,2,21,26.8652,True,True,0,True
calibration,layer-47:FULL_MIXED_STRIPE:p8,FULL_MIXED_STRIPE,8,47,GATED_MLA,2,22,27.1828,True,True,0,True
calibration,layer-47:FULL_MIXED_STRIPE:p8,FULL_MIXED_STRIPE,8,47,GATED_MLA,2,23,27.255,True,True,0,True
calibration,layer-47:FULL_MIXED_STRIPE:p8,FULL_MIXED_STRIPE,8,47,GATED_MLA,2,24,26.7527,True,True,0,True
calibration,layer-47:FULL_MIXED_STRIPE:p8,FULL_MIXED_STRIPE,8,47,GATED_MLA,2,25,27.7467,True,True,0,True
calibration,layer-47:FULL_MIXED_STRIPE:p8,FULL_MIXED_STRIPE,8,47,GATED_MLA,2,26,26.8835,True,True,0,True
calibration,layer-47:FULL_MIXED_STRIPE:p8,FULL_MIXED_STRIPE,8,47,GATED_MLA,2,27,26.5966,True,True,0,True
calibration,layer-47:FULL_MIXED_STRIPE:p8,FULL_MIXED_STRIPE,8,47,GATED_MLA,2,28,26.9355,True,True,0,True
calibration,layer-47:FULL_MIXED_STRIPE:p8,FULL_MIXED_STRIPE,8,47,GATED_MLA,2,29,26.5964,True,True,0,True
calibration,layer-47:FULL_MIXED_STRIPE:p8,FULL_MIXED_STRIPE,8,47,GATED_MLA,2,30,26.6844,True,True,0,True
calibration,layer-47:FULL_MIXED_STRIPE:p8,FULL_MIXED_STRIPE,8,47,GATED_MLA,2,31,26.5002,True,True,0,True
calibration,layer-47:FULL_MIXED_STRIPE:p8,FULL_MIXED_STRIPE,8,47,GATED_MLA,2,32,27.0553,True,True,0,True
calibration,layer-47:FULL_MIXED_STRIPE:p8,FULL_MIXED_STRIPE,8,47,GATED_MLA,2,33,26.5581,True,True,0,True
calibration,layer-47:FULL_MIXED_STRIPE:p8,FULL_MIXED_STRIPE,8,47,GATED_MLA,2,34,26.3953,True,True,0,True
calibration,layer-47:FULL_MIXED_STRIPE:p8,FULL_MIXED_STRIPE,8,47,GATED_MLA,2,35,26.3869,True,True,0,True
calibration,layer-47:FULL_MIXED_STRIPE:p8,FULL_MIXED_STRIPE,8,47,GATED_MLA,2,36,26.7376,True,True,0,True
calibration,layer-47:FULL_MIXED_STRIPE:p8,FULL_MIXED_STRIPE,8,47,GATED_MLA,2,37,26.3675,True,True,0,True
calibration,layer-47:FULL_MIXED_STRIPE:p8,FULL_MIXED_STRIPE,8,47,GATED_MLA,2,38,26.6362,True,True,0,True
calibration,layer-47:FULL_MIXED_STRIPE:p8,FULL_MIXED_STRIPE,8,47,GATED_MLA,2,39,26.4057,True,True,0,True
calibration,layer-47:FULL_MIXED_STRIPE:p8,FULL_MIXED_STRIPE,8,47,GATED_MLA,2,40,26.5614,True,True,0,True
calibration,layer-47:FULL_MIXED_STRIPE:p8,FULL_MIXED_STRIPE,8,47,GATED_MLA,2,41,26.2794,True,True,0,True
calibration,layer-47:FULL_MIXED_STRIPE:p8,FULL_MIXED_STRIPE,8,47,GATED_MLA,2,42,26.8977,True,True,0,True
calibration,layer-47:FULL_MIXED_STRIPE:p8,FULL_MIXED_STRIPE,8,47,GATED_MLA,2,43,26.7446,True,True,0,True
calibration,layer-47:FULL_MIXED_STRIPE:p8,FULL_MIXED_STRIPE,8,47,GATED_MLA,2,44,26.2795,True,True,0,True
calibration,layer-47:FULL_MIXED_STRIPE:p8,FULL_MIXED_STRIPE,8,47,GATED_MLA,2,45,27.0849,True,True,0,True
calibration,layer-47:FULL_MIXED_STRIPE:p8,FULL_MIXED_STRIPE,8,47,GATED_MLA,2,46,26.2942,True,True,0,True
calibration,layer-47:FULL_MIXED_STRIPE:p8,FULL_MIXED_STRIPE,8,47,GATED_MLA,2,47,26.3986,True,True,0,True
calibration,layer-47:FULL_MIXED_STRIPE:p8,FULL_MIXED_STRIPE,8,47,GATED_MLA,2,48,26.4342,True,True,0,True
calibration,layer-47:FULL_MIXED_STRIPE:p8,FULL_MIXED_STRIPE,8,47,GATED_MLA,2,49,26.5334,True,True,0,True
calibration,layer-47:FULL_MIXED_STRIPE:p8,FULL_MIXED_STRIPE,8,47,GATED_MLA,2,50,26.8469,True,True,0,True
calibration,layer-47:FULL_MIXED_STRIPE:p8,FULL_MIXED_STRIPE,8,47,GATED_MLA,2,51,26.748,True,True,0,True
calibration,layer-47:FULL_MIXED_STRIPE:p8,FULL_MIXED_STRIPE,8,47,GATED_MLA,2,52,27.1278,True,True,0,True
calibration,layer-47:FULL_MIXED_STRIPE:p8,FULL_MIXED_STRIPE,8,47,GATED_MLA,2,53,26.8687,True,True,0,True
calibration,layer-47:FULL_MIXED_STRIPE:p8,FULL_MIXED_STRIPE,8,47,GATED_MLA,2,54,26.9245,True,True,0,True
calibration,layer-47:FULL_MIXED_STRIPE:p8,FULL_MIXED_STRIPE,8,47,GATED_MLA,2,55,27.429,True,True,0,True
calibration,layer-47:FULL_MIXED_STRIPE:p8,FULL_MIXED_STRIPE,8,47,GATED_MLA,2,56,27.1382,True,True,0,True
calibration,layer-47:FULL_MIXED_STRIPE:p8,FULL_MIXED_STRIPE,8,47,GATED_MLA,2,57,27.4902,True,True,0,True
calibration,layer-47:FULL_MIXED_STRIPE:p8,FULL_MIXED_STRIPE,8,47,GATED_MLA,2,58,26.9145,True,True,0,True
calibration,layer-47:FULL_MIXED_STRIPE:p8,FULL_MIXED_STRIPE,8,47,GATED_MLA,2,59,27.107,True,True,0,True
calibration,layer-47:FULL_MIXED_STRIPE:p8,FULL_MIXED_STRIPE,8,47,GATED_MLA,2,60,27.0306,True,True,0,True
calibration,layer-47:FULL_MIXED_STRIPE:p8,FULL_MIXED_STRIPE,8,47,GATED_MLA,2,61,27.2612,True,True,0,True
calibration,layer-47:FULL_MIXED_STRIPE:p8,FULL_MIXED_STRIPE,8,47,GATED_MLA,2,62,26.8885,True,True,0,True
calibration,layer-47:FULL_MIXED_STRIPE:p8,FULL_MIXED_STRIPE,8,47,GATED_MLA,2,63,26.7298,True,True,0,True
calibration,layer-47:FULL_MIXED_STRIPE:p8,FULL_MIXED_STRIPE,8,47,GATED_MLA,2,64,26.8254,True,True,0,True
calibration,layer-47:FULL_MIXED_STRIPE:p8,FULL_MIXED_STRIPE,8,47,GATED_MLA,2,65,26.7223,True,True,0,True
calibration,layer-47:FULL_MIXED_STRIPE:p8,FULL_MIXED_STRIPE,8,47,GATED_MLA,2,66,26.357,True,True,0,True
calibration,layer-47:FULL_MIXED_STRIPE:p8,FULL_MIXED_STRIPE,8,47,GATED_MLA,2,67,26.4678,True,True,0,True
calibration,layer-47:FULL_MIXED_STRIPE:p8,FULL_MIXED_STRIPE,8,47,GATED_MLA,2,68,26.2787,True,True,0,True
calibration,layer-47:FULL_MIXED_STRIPE:p8,FULL_MIXED_STRIPE,8,47,GATED_MLA,2,69,27.1674,True,True,0,True
calibration,layer-47:FULL_MIXED_STRIPE:p8,FULL_MIXED_STRIPE,8,47,GATED_MLA,2,70,26.4326,True,True,0,True
calibration,layer-47:FULL_MIXED_STRIPE:p8,FULL_MIXED_STRIPE,8,47,GATED_MLA,2,71,26.6209,True,True,0,True
calibration,layer-47:FULL_MIXED_STRIPE:p8,FULL_MIXED_STRIPE,8,47,GATED_MLA,2,72,27.007,True,True,0,True
calibration,layer-47:FULL_MIXED_STRIPE:p8,FULL_MIXED_STRIPE,8,47,GATED_MLA,2,73,26.91,True,True,0,True
calibration,layer-47:FULL_MIXED_STRIPE:p8,FULL_MIXED_STRIPE,8,47,GATED_MLA,2,74,27.1223,True,True,0,True
calibration,layer-47:FULL_MIXED_STRIPE:p8,FULL_MIXED_STRIPE,8,47,GATED_MLA,2,75,26.7046,True,True,0,True
calibration,layer-47:FULL_MIXED_STRIPE:p8,FULL_MIXED_STRIPE,8,47,GATED_MLA,2,76,26.3461,True,True,0,True
calibration,layer-47:FULL_MIXED_STRIPE:p8,FULL_MIXED_STRIPE,8,47,GATED_MLA,2,77,26.8862,True,True,0,True
calibration,layer-47:FULL_MIXED_STRIPE:p8,FULL_MIXED_STRIPE,8,47,GATED_MLA,2,78,26.8082,True,True,0,True
calibration,layer-47:FULL_MIXED_STRIPE:p8,FULL_MIXED_STRIPE,8,47,GATED_MLA,2,79,26.4032,True,True,0,True
calibration,layer-47:FULL_MIXED_STRIPE:p8,FULL_MIXED_STRIPE,8,47,GATED_MLA,2,80,26.8328,True,True,0,True
calibration,layer-47:FULL_MIXED_STRIPE:p8,FULL_MIXED_STRIPE,8,47,GATED_MLA,2,81,27.1737,True,True,0,True
calibration,layer-47:FULL_MIXED_STRIPE:p8,FULL_MIXED_STRIPE,8,47,GATED_MLA,2,82,27.2544,True,True,0,True
calibration,layer-47:FULL_MIXED_STRIPE:p8,FULL_MIXED_STRIPE,8,47,GATED_MLA,2,83,26.9257,True,True,0,True
calibration,layer-47:FULL_MIXED_STRIPE:p8,FULL_MIXED_STRIPE,8,47,GATED_MLA,2,84,26.8403,True,True,0,True
calibration,layer-47:FULL_MIXED_STRIPE:p8,FULL_MIXED_STRIPE,8,47,GATED_MLA,2,85,27.1398,True,True,0,True
calibration,layer-47:FULL_MIXED_STRIPE:p8,FULL_MIXED_STRIPE,8,47,GATED_MLA,2,86,26.4132,True,True,0,True
calibration,layer-47:FULL_MIXED_STRIPE:p8,FULL_MIXED_STRIPE,8,47,GATED_MLA,2,87,26.4858,True,True,0,True
calibration,layer-47:FULL_MIXED_STRIPE:p8,FULL_MIXED_STRIPE,8,47,GATED_MLA,2,88,26.3885,True,True,0,True
calibration,layer-47:FULL_MIXED_STRIPE:p8,FULL_MIXED_STRIPE,8,47,GATED_MLA,2,89,26.2946,True,True,0,True
calibration,layer-47:FULL_MIXED_STRIPE:p8,FULL_MIXED_STRIPE,8,47,GATED_MLA,2,90,26.45,True,True,0,True
calibration,layer-47:FULL_MIXED_STRIPE:p8,FULL_MIXED_STRIPE,8,47,GATED_MLA,2,91,26.9693,True,True,0,True
calibration,layer-47:FULL_MIXED_STRIPE:p8,FULL_MIXED_STRIPE,8,47,GATED_MLA,2,92,26.5393,True,True,0,True
calibration,layer-47:FULL_MIXED_STRIPE:p8,FULL_MIXED_STRIPE,8,47,GATED_MLA,2,93,26.9097,True,True,0,True
calibration,layer-47:FULL_MIXED_STRIPE:p8,FULL_MIXED_STRIPE,8,47,GATED_MLA,2,94,26.5698,True,True,0,True
calibration,layer-47:FULL_MIXED_STRIPE:p8,FULL_MIXED_STRIPE,8,47,GATED_MLA,2,95,26.5084,True,True,0,True
calibration,layer-47:FULL_MIXED_STRIPE:p8,FULL_MIXED_STRIPE,8,47,GATED_MLA,2,96,27.5694,True,True,0,True
calibration,layer-47:FULL_MIXED_STRIPE:p8,FULL_MIXED_STRIPE,8,47,GATED_MLA,2,97,27.6698,True,True,0,True
calibration,layer-47:FULL_MIXED_STRIPE:p8,FULL_MIXED_STRIPE,8,47,GATED_MLA,2,98,27.2438,True,True,0,True
calibration,layer-47:FULL_MIXED_STRIPE:p8,FULL_MIXED_STRIPE,8,47,GATED_MLA,2,99,27.1575,True,True,0,True
calibration,layer-47:FULL_MIXED_STRIPE:p8,FULL_MIXED_STRIPE,8,47,GATED_MLA,4,0,34.342,True,True,0,True
calibration,layer-47:FULL_MIXED_STRIPE:p8,FULL_MIXED_STRIPE,8,47,GATED_MLA,4,1,34.0443,True,True,0,True
calibration,layer-47:FULL_MIXED_STRIPE:p8,FULL_MIXED_STRIPE,8,47,GATED_MLA,4,2,33.6792,True,True,0,True
calibration,layer-47:FULL_MIXED_STRIPE:p8,FULL_MIXED_STRIPE,8,47,GATED_MLA,4,3,33.7988,True,True,0,True
calibration,layer-47:FULL_MIXED_STRIPE:p8,FULL_MIXED_STRIPE,8,47,GATED_MLA,4,4,33.3831,True,True,0,True
calibration,layer-47:FULL_MIXED_STRIPE:p8,FULL_MIXED_STRIPE,8,47,GATED_MLA,4,5,33.7673,True,True,0,True
calibration,layer-47:FULL_MIXED_STRIPE:p8,FULL_MIXED_STRIPE,8,47,GATED_MLA,4,6,34.2523,True,True,0,True
calibration,layer-47:FULL_MIXED_STRIPE:p8,FULL_MIXED_STRIPE,8,47,GATED_MLA,4,7,33.7137,True,True,0,True
calibration,layer-47:FULL_MIXED_STRIPE:p8,FULL_MIXED_STRIPE,8,47,GATED_MLA,4,8,33.7563,True,True,0,True
calibration,layer-47:FULL_MIXED_STRIPE:p8,FULL_MIXED_STRIPE,8,47,GATED_MLA,4,9,33.3702,True,True,0,True
calibration,layer-47:FULL_MIXED_STRIPE:p8,FULL_MIXED_STRIPE,8,47,GATED_MLA,4,10,32.825,True,True,0,True
calibration,layer-47:FULL_MIXED_STRIPE:p8,FULL_MIXED_STRIPE,8,47,GATED_MLA,4,11,33.222,True,True,0,True
calibration,layer-47:FULL_MIXED_STRIPE:p8,FULL_MIXED_STRIPE,8,47,GATED_MLA,4,12,33.5878,True,True,0,True
calibration,layer-47:FULL_MIXED_STRIPE:p8,FULL_MIXED_STRIPE,8,47,GATED_MLA,4,13,33.1403,True,True,0,True
calibration,layer-47:FULL_MIXED_STRIPE:p8,FULL_MIXED_STRIPE,8,47,GATED_MLA,4,14,34.2036,True,True,0,True
calibration,layer-47:FULL_MIXED_STRIPE:p8,FULL_MIXED_STRIPE,8,47,GATED_MLA,4,15,33.8861,True,True,0,True
calibration,layer-47:FULL_MIXED_STRIPE:p8,FULL_MIXED_STRIPE,8,47,GATED_MLA,4,16,34.5005,True,True,0,True
calibration,layer-47:FULL_MIXED_STRIPE:p8,FULL_MIXED_STRIPE,8,47,GATED_MLA,4,17,33.8611,True,True,0,True
calibration,layer-47:FULL_MIXED_STRIPE:p8,FULL_MIXED_STRIPE,8,47,GATED_MLA,4,18,34.0625,True,True,0,True
calibration,layer-47:FULL_MIXED_STRIPE:p8,FULL_MIXED_STRIPE,8,47,GATED_MLA,4,19,34.4625,True,True,0,True
calibration,layer-47:FULL_MIXED_STRIPE:p8,FULL_MIXED_STRIPE,8,47,GATED_MLA,4,20,33.6564,True,True,0,True
calibration,layer-47:FULL_MIXED_STRIPE:p8,FULL_MIXED_STRIPE,8,47,GATED_MLA,4,21,34.209,True,True,0,True
calibration,layer-47:FULL_MIXED_STRIPE:p8,FULL_MIXED_STRIPE,8,47,GATED_MLA,4,22,35.3214,True,True,0,True
calibration,layer-47:FULL_MIXED_STRIPE:p8,FULL_MIXED_STRIPE,8,47,GATED_MLA,4,23,34.6196,True,True,0,True
calibration,layer-47:FULL_MIXED_STRIPE:p8,FULL_MIXED_STRIPE,8,47,GATED_MLA,4,24,34.1835,True,True,0,True
calibration,layer-47:FULL_MIXED_STRIPE:p8,FULL_MIXED_STRIPE,8,47,GATED_MLA,4,25,34.0679,True,True,0,True
calibration,layer-47:FULL_MIXED_STRIPE:p8,FULL_MIXED_STRIPE,8,47,GATED_MLA,4,26,33.6156,True,True,0,True
calibration,layer-47:FULL_MIXED_STRIPE:p8,FULL_MIXED_STRIPE,8,47,GATED_MLA,4,27,33.2237,True,True,0,True
calibration,layer-47:FULL_MIXED_STRIPE:p8,FULL_MIXED_STRIPE,8,47,GATED_MLA,4,28,33.2172,True,True,0,True
calibration,layer-47:FULL_MIXED_STRIPE:p8,FULL_MIXED_STRIPE,8,47,GATED_MLA,4,29,33.5672,True,True,0,True
calibration,layer-47:FULL_MIXED_STRIPE:p8,FULL_MIXED_STRIPE,8,47,GATED_MLA,4,30,33.3921,True,True,0,True
calibration,layer-47:FULL_MIXED_STRIPE:p8,FULL_MIXED_STRIPE,8,47,GATED_MLA,4,31,33.389,True,True,0,True
calibration,layer-47:FULL_MIXED_STRIPE:p8,FULL_MIXED_STRIPE,8,47,GATED_MLA,4,32,33.6567,True,True,0,True
calibration,layer-47:FULL_MIXED_STRIPE:p8,FULL_MIXED_STRIPE,8,47,GATED_MLA,4,33,33.4216,True,True,0,True
calibration,layer-47:FULL_MIXED_STRIPE:p8,FULL_MIXED_STRIPE,8,47,GATED_MLA,4,34,33.6424,True,True,0,True
calibration,layer-47:FULL_MIXED_STRIPE:p8,FULL_MIXED_STRIPE,8,47,GATED_MLA,4,35,34.1506,True,True,0,True
calibration,layer-47:FULL_MIXED_STRIPE:p8,FULL_MIXED_STRIPE,8,47,GATED_MLA,4,36,33.5028,True,True,0,True
calibration,layer-47:FULL_MIXED_STRIPE:p8,FULL_MIXED_STRIPE,8,47,GATED_MLA,4,37,33.263,True,True,0,True
calibration,layer-47:FULL_MIXED_STRIPE:p8,FULL_MIXED_STRIPE,8,47,GATED_MLA,4,38,33.6241,True,True,0,True
calibration,layer-47:FULL_MIXED_STRIPE:p8,FULL_MIXED_STRIPE,8,47,GATED_MLA,4,39,33.6806,True,True,0,True
calibration,layer-47:FULL_MIXED_STRIPE:p8,FULL_MIXED_STRIPE,8,47,GATED_MLA,4,40,33.7556,True,True,0,True
calibration,layer-47:FULL_MIXED_STRIPE:p8,FULL_MIXED_STRIPE,8,47,GATED_MLA,4,41,33.7578,True,True,0,True
calibration,layer-47:FULL_MIXED_STRIPE:p8,FULL_MIXED_STRIPE,8,47,GATED_MLA,4,42,33.6938,True,True,0,True
calibration,layer-47:FULL_MIXED_STRIPE:p8,FULL_MIXED_STRIPE,8,47,GATED_MLA,4,43,34.541,True,True,0,True
calibration,layer-47:FULL_MIXED_STRIPE:p8,FULL_MIXED_STRIPE,8,47,GATED_MLA,4,44,33.6978,True,True,0,True
calibration,layer-47:FULL_MIXED_STRIPE:p8,FULL_MIXED_STRIPE,8,47,GATED_MLA,4,45,32.9841,True,True,0,True
calibration,layer-47:FULL_MIXED_STRIPE:p8,FULL_MIXED_STRIPE,8,47,GATED_MLA,4,46,33.465,True,True,0,True
calibration,layer-47:FULL_MIXED_STRIPE:p8,FULL_MIXED_STRIPE,8,47,GATED_MLA,4,47,34.4646,True,True,0,True
calibration,layer-47:FULL_MIXED_STRIPE:p8,FULL_MIXED_STRIPE,8,47,GATED_MLA,4,48,34.5295,True,True,0,True
calibration,layer-47:FULL_MIXED_STRIPE:p8,FULL_MIXED_STRIPE,8,47,GATED_MLA,4,49,34.6963,True,True,0,True
calibration,layer-47:FULL_MIXED_STRIPE:p8,FULL_MIXED_STRIPE,8,47,GATED_MLA,4,50,34.8697,True,True,0,True
calibration,layer-47:FULL_MIXED_STRIPE:p8,FULL_MIXED_STRIPE,8,47,GATED_MLA,4,51,34.0849,True,True,0,True
calibration,layer-47:FULL_MIXED_STRIPE:p8,FULL_MIXED_STRIPE,8,47,GATED_MLA,4,52,33.7563,True,True,0,True
calibration,layer-47:FULL_MIXED_STRIPE:p8,FULL_MIXED_STRIPE,8,47,GATED_MLA,4,53,33.7622,True,True,0,True
calibration,layer-47:FULL_MIXED_STRIPE:p8,FULL_MIXED_STRIPE,8,47,GATED_MLA,4,54,33.7124,True,True,0,True
calibration,layer-47:FULL_MIXED_STRIPE:p8,FULL_MIXED_STRIPE,8,47,GATED_MLA,4,55,33.2328,True,True,0,True
calibration,layer-47:FULL_MIXED_STRIPE:p8,FULL_MIXED_STRIPE,8,47,GATED_MLA,4,56,33.4177,True,True,0,True
calibration,layer-47:FULL_MIXED_STRIPE:p8,FULL_MIXED_STRIPE,8,47,GATED_MLA,4,57,33.8387,True,True,0,True
calibration,layer-47:FULL_MIXED_STRIPE:p8,FULL_MIXED_STRIPE,8,47,GATED_MLA,4,58,34.2759,True,True,0,True
calibration,layer-47:FULL_MIXED_STRIPE:p8,FULL_MIXED_STRIPE,8,47,GATED_MLA,4,59,33.7074,True,True,0,True
calibration,layer-47:FULL_MIXED_STRIPE:p8,FULL_MIXED_STRIPE,8,47,GATED_MLA,4,60,33.2207,True,True,0,True
calibration,layer-47:FULL_MIXED_STRIPE:p8,FULL_MIXED_STRIPE,8,47,GATED_MLA,4,61,33.2399,True,True,0,True
calibration,layer-47:FULL_MIXED_STRIPE:p8,FULL_MIXED_STRIPE,8,47,GATED_MLA,4,62,33.2585,True,True,0,True
calibration,layer-47:FULL_MIXED_STRIPE:p8,FULL_MIXED_STRIPE,8,47,GATED_MLA,4,63,33.7907,True,True,0,True
calibration,layer-47:FULL_MIXED_STRIPE:p8,FULL_MIXED_STRIPE,8,47,GATED_MLA,4,64,33.5888,True,True,0,True
calibration,layer-47:FULL_MIXED_STRIPE:p8,FULL_MIXED_STRIPE,8,47,GATED_MLA,4,65,33.7951,True,True,0,True
calibration,layer-47:FULL_MIXED_STRIPE:p8,FULL_MIXED_STRIPE,8,47,GATED_MLA,4,66,33.4457,True,True,0,True
calibration,layer-47:FULL_MIXED_STRIPE:p8,FULL_MIXED_STRIPE,8,47,GATED_MLA,4,67,33.4411,True,True,0,True
calibration,layer-47:FULL_MIXED_STRIPE:p8,FULL_MIXED_STRIPE,8,47,GATED_MLA,4,68,33.6146,True,True,0,True
calibration,layer-47:FULL_MIXED_STRIPE:p8,FULL_MIXED_STRIPE,8,47,GATED_MLA,4,69,33.55,True,True,0,True
calibration,layer-47:FULL_MIXED_STRIPE:p8,FULL_MIXED_STRIPE,8,47,GATED_MLA,4,70,33.8303,True,True,0,True
calibration,layer-47:FULL_MIXED_STRIPE:p8,FULL_MIXED_STRIPE,8,47,GATED_MLA,4,71,34.2323,True,True,0,True
calibration,layer-47:FULL_MIXED_STRIPE:p8,FULL_MIXED_STRIPE,8,47,GATED_MLA,4,72,33.9804,True,True,0,True
calibration,layer-47:FULL_MIXED_STRIPE:p8,FULL_MIXED_STRIPE,8,47,GATED_MLA,4,73,33.7009,True,True,0,True
calibration,layer-47:FULL_MIXED_STRIPE:p8,FULL_MIXED_STRIPE,8,47,GATED_MLA,4,74,33.8784,True,True,0,True
calibration,layer-47:FULL_MIXED_STRIPE:p8,FULL_MIXED_STRIPE,8,47,GATED_MLA,4,75,33.9484,True,True,0,True
calibration,layer-47:FULL_MIXED_STRIPE:p8,FULL_MIXED_STRIPE,8,47,GATED_MLA,4,76,34.48,True,True,0,True
calibration,layer-47:FULL_MIXED_STRIPE:p8,FULL_MIXED_STRIPE,8,47,GATED_MLA,4,77,33.833,True,True,0,True
calibration,layer-47:FULL_MIXED_STRIPE:p8,FULL_MIXED_STRIPE,8,47,GATED_MLA,4,78,33.5735,True,True,0,True
calibration,layer-47:FULL_MIXED_STRIPE:p8,FULL_MIXED_STRIPE,8,47,GATED_MLA,4,79,33.519,True,True,0,True
calibration,layer-47:FULL_MIXED_STRIPE:p8,FULL_MIXED_STRIPE,8,47,GATED_MLA,4,80,34.2216,True,True,0,True
calibration,layer-47:FULL_MIXED_STRIPE:p8,FULL_MIXED_STRIPE,8,47,GATED_MLA,4,81,34.1218,True,True,0,True
calibration,layer-47:FULL_MIXED_STRIPE:p8,FULL_MIXED_STRIPE,8,47,GATED_MLA,4,82,35.18,True,True,0,True
calibration,layer-47:FULL_MIXED_STRIPE:p8,FULL_MIXED_STRIPE,8,47,GATED_MLA,4,83,34.6366,True,True,0,True
calibration,layer-47:FULL_MIXED_STRIPE:p8,FULL_MIXED_STRIPE,8,47,GATED_MLA,4,84,34.1646,True,True,0,True
calibration,layer-47:FULL_MIXED_STRIPE:p8,FULL_MIXED_STRIPE,8,47,GATED_MLA,4,85,34.2667,True,True,0,True
calibration,layer-47:FULL_MIXED_STRIPE:p8,FULL_MIXED_STRIPE,8,47,GATED_MLA,4,86,34.144,True,True,0,True
calibration,layer-47:FULL_MIXED_STRIPE:p8,FULL_MIXED_STRIPE,8,47,GATED_MLA,4,87,33.9278,True,True,0,True
calibration,layer-47:FULL_MIXED_STRIPE:p8,FULL_MIXED_STRIPE,8,47,GATED_MLA,4,88,33.3669,True,True,0,True
calibration,layer-47:FULL_MIXED_STRIPE:p8,FULL_MIXED_STRIPE,8,47,GATED_MLA,4,89,33.6939,True,True,0,True
calibration,layer-47:FULL_MIXED_STRIPE:p8,FULL_MIXED_STRIPE,8,47,GATED_MLA,4,90,33.6499,True,True,0,True
calibration,layer-47:FULL_MIXED_STRIPE:p8,FULL_MIXED_STRIPE,8,47,GATED_MLA,4,91,33.4438,True,True,0,True
calibration,layer-47:FULL_MIXED_STRIPE:p8,FULL_MIXED_STRIPE,8,47,GATED_MLA,4,92,33.6772,True,True,0,True
calibration,layer-47:FULL_MIXED_STRIPE:p8,FULL_MIXED_STRIPE,8,47,GATED_MLA,4,93,33.6997,True,True,0,True
calibration,layer-47:FULL_MIXED_STRIPE:p8,FULL_MIXED_STRIPE,8,47,GATED_MLA,4,94,33.7219,True,True,0,True
calibration,layer-47:FULL_MIXED_STRIPE:p8,FULL_MIXED_STRIPE,8,47,GATED_MLA,4,95,34.0594,True,True,0,True
calibration,layer-47:FULL_MIXED_STRIPE:p8,FULL_MIXED_STRIPE,8,47,GATED_MLA,4,96,33.7066,True,True,0,True
calibration,layer-47:FULL_MIXED_STRIPE:p8,FULL_MIXED_STRIPE,8,47,GATED_MLA,4,97,33.9894,True,True,0,True
calibration,layer-47:FULL_MIXED_STRIPE:p8,FULL_MIXED_STRIPE,8,47,GATED_MLA,4,98,33.8663,True,True,0,True
calibration,layer-47:FULL_MIXED_STRIPE:p8,FULL_MIXED_STRIPE,8,47,GATED_MLA,4,99,33.7531,True,True,0,True
heldout,layer-89:FULL_MIXED_STRIPE:p8,FULL_MIXED_STRIPE,8,89,KDA,1,0,32.7322,True,True,0,True
heldout,layer-89:FULL_MIXED_STRIPE:p8,FULL_MIXED_STRIPE,8,89,KDA,1,1,33.4466,True,True,0,True
heldout,layer-89:FULL_MIXED_STRIPE:p8,FULL_MIXED_STRIPE,8,89,KDA,1,2,32.5494,True,True,0,True
heldout,layer-89:FULL_MIXED_STRIPE:p8,FULL_MIXED_STRIPE,8,89,KDA,1,3,32.9166,True,True,0,True
heldout,layer-89:FULL_MIXED_STRIPE:p8,FULL_MIXED_STRIPE,8,89,KDA,1,4,32.486,True,True,0,True
heldout,layer-89:FULL_MIXED_STRIPE:p8,FULL_MIXED_STRIPE,8,89,KDA,1,5,31.6129,True,True,0,True
heldout,layer-89:FULL_MIXED_STRIPE:p8,FULL_MIXED_STRIPE,8,89,KDA,1,6,30.2081,True,True,0,True
heldout,layer-89:FULL_MIXED_STRIPE:p8,FULL_MIXED_STRIPE,8,89,KDA,1,7,30.337,True,True,0,True
heldout,layer-89:FULL_MIXED_STRIPE:p8,FULL_MIXED_STRIPE,8,89,KDA,1,8,33.9194,True,True,0,True
heldout,layer-89:FULL_MIXED_STRIPE:p8,FULL_MIXED_STRIPE,8,89,KDA,1,9,32.5587,True,True,0,True
heldout,layer-89:FULL_MIXED_STRIPE:p8,FULL_MIXED_STRIPE,8,89,KDA,1,10,32.6279,True,True,0,True
heldout,layer-89:FULL_MIXED_STRIPE:p8,FULL_MIXED_STRIPE,8,89,KDA,1,11,32.5759,True,True,0,True
heldout,layer-89:FULL_MIXED_STRIPE:p8,FULL_MIXED_STRIPE,8,89,KDA,1,12,32.4965,True,True,0,True
heldout,layer-89:FULL_MIXED_STRIPE:p8,FULL_MIXED_STRIPE,8,89,KDA,1,13,32.4028,True,True,0,True
heldout,layer-89:FULL_MIXED_STRIPE:p8,FULL_MIXED_STRIPE,8,89,KDA,1,14,32.8972,True,True,0,True
heldout,layer-89:FULL_MIXED_STRIPE:p8,FULL_MIXED_STRIPE,8,89,KDA,1,15,32.2462,True,True,0,True
heldout,layer-89:FULL_MIXED_STRIPE:p8,FULL_MIXED_STRIPE,8,89,KDA,1,16,32.6236,True,True,0,True
heldout,layer-89:FULL_MIXED_STRIPE:p8,FULL_MIXED_STRIPE,8,89,KDA,1,17,32.3644,True,True,0,True
heldout,layer-89:FULL_MIXED_STRIPE:p8,FULL_MIXED_STRIPE,8,89,KDA,1,18,32.177,True,True,0,True
heldout,layer-89:FULL_MIXED_STRIPE:p8,FULL_MIXED_STRIPE,8,89,KDA,1,19,32.295,True,True,0,True
heldout,layer-89:FULL_MIXED_STRIPE:p8,FULL_MIXED_STRIPE,8,89,KDA,1,20,32.1923,True,True,0,True
heldout,layer-89:FULL_MIXED_STRIPE:p8,FULL_MIXED_STRIPE,8,89,KDA,1,21,33.5456,True,True,0,True
heldout,layer-89:FULL_MIXED_STRIPE:p8,FULL_MIXED_STRIPE,8,89,KDA,1,22,32.5694,True,True,0,True
heldout,layer-89:FULL_MIXED_STRIPE:p8,FULL_MIXED_STRIPE,8,89,KDA,1,23,32.7056,True,True,0,True
heldout,layer-89:FULL_MIXED_STRIPE:p8,FULL_MIXED_STRIPE,8,89,KDA,1,24,33.0401,True,True,0,True
heldout,layer-89:FULL_MIXED_STRIPE:p8,FULL_MIXED_STRIPE,8,89,KDA,1,25,32.2558,True,True,0,True
heldout,layer-89:FULL_MIXED_STRIPE:p8,FULL_MIXED_STRIPE,8,89,KDA,1,26,32.6112,True,True,0,True
heldout,layer-89:FULL_MIXED_STRIPE:p8,FULL_MIXED_STRIPE,8,89,KDA,1,27,32.4241,True,True,0,True
heldout,layer-89:FULL_MIXED_STRIPE:p8,FULL_MIXED_STRIPE,8,89,KDA,1,28,32.0516,True,True,0,True
heldout,layer-89:FULL_MIXED_STRIPE:p8,FULL_MIXED_STRIPE,8,89,KDA,1,29,32.155,True,True,0,True
heldout,layer-89:FULL_MIXED_STRIPE:p8,FULL_MIXED_STRIPE,8,89,KDA,1,30,32.8908,True,True,0,True
heldout,layer-89:FULL_MIXED_STRIPE:p8,FULL_MIXED_STRIPE,8,89,KDA,1,31,32.5911,True,True,0,True
heldout,layer-89:FULL_MIXED_STRIPE:p8,FULL_MIXED_STRIPE,8,89,KDA,1,32,32.8214,True,True,0,True
heldout,layer-89:FULL_MIXED_STRIPE:p8,FULL_MIXED_STRIPE,8,89,KDA,1,33,33.4681,True,True,0,True
heldout,layer-89:FULL_MIXED_STRIPE:p8,FULL_MIXED_STRIPE,8,89,KDA,1,34,32.3144,True,True,0,True
heldout,layer-89:FULL_MIXED_STRIPE:p8,FULL_MIXED_STRIPE,8,89,KDA,1,35,32.0342,True,True,0,True
heldout,layer-89:FULL_MIXED_STRIPE:p8,FULL_MIXED_STRIPE,8,89,KDA,1,36,32.4447,True,True,0,True
heldout,layer-89:FULL_MIXED_STRIPE:p8,FULL_MIXED_STRIPE,8,89,KDA,1,37,32.6792,True,True,0,True
heldout,layer-89:FULL_MIXED_STRIPE:p8,FULL_MIXED_STRIPE,8,89,KDA,1,38,32.9373,True,True,0,True
heldout,layer-89:FULL_MIXED_STRIPE:p8,FULL_MIXED_STRIPE,8,89,KDA,1,39,32.8219,True,True,0,True
heldout,layer-89:FULL_MIXED_STRIPE:p8,FULL_MIXED_STRIPE,8,89,KDA,1,40,32.1043,True,True,0,True
heldout,layer-89:FULL_MIXED_STRIPE:p8,FULL_MIXED_STRIPE,8,89,KDA,1,41,32.3821,True,True,0,True
heldout,layer-89:FULL_MIXED_STRIPE:p8,FULL_MIXED_STRIPE,8,89,KDA,1,42,32.0596,True,True,0,True
heldout,layer-89:FULL_MIXED_STRIPE:p8,FULL_MIXED_STRIPE,8,89,KDA,1,43,32.3151,True,True,0,True
heldout,layer-89:FULL_MIXED_STRIPE:p8,FULL_MIXED_STRIPE,8,89,KDA,1,44,31.8554,True,True,0,True
heldout,layer-89:FULL_MIXED_STRIPE:p8,FULL_MIXED_STRIPE,8,89,KDA,1,45,31.8225,True,True,0,True
heldout,layer-89:FULL_MIXED_STRIPE:p8,FULL_MIXED_STRIPE,8,89,KDA,1,46,32.075,True,True,0,True
heldout,layer-89:FULL_MIXED_STRIPE:p8,FULL_MIXED_STRIPE,8,89,KDA,1,47,32.8532,True,True,0,True
heldout,layer-89:FULL_MIXED_STRIPE:p8,FULL_MIXED_STRIPE,8,89,KDA,1,48,32.629,True,True,0,True
heldout,layer-89:FULL_MIXED_STRIPE:p8,FULL_MIXED_STRIPE,8,89,KDA,1,49,32.7913,True,True,0,True
heldout,layer-89:FULL_MIXED_STRIPE:p8,FULL_MIXED_STRIPE,8,89,KDA,1,50,33.2453,True,True,0,True
heldout,layer-89:FULL_MIXED_STRIPE:p8,FULL_MIXED_STRIPE,8,89,KDA,1,51,32.7073,True,True,0,True
heldout,layer-89:FULL_MIXED_STRIPE:p8,FULL_MIXED_STRIPE,8,89,KDA,1,52,32.3307,True,True,0,True
heldout,layer-89:FULL_MIXED_STRIPE:p8,FULL_MIXED_STRIPE,8,89,KDA,1,53,32.0835,True,True,0,True
heldout,layer-89:FULL_MIXED_STRIPE:p8,FULL_MIXED_STRIPE,8,89,KDA,1,54,32.8488,True,True,0,True
heldout,layer-89:FULL_MIXED_STRIPE:p8,FULL_MIXED_STRIPE,8,89,KDA,1,55,32.6815,True,True,0,True
heldout,layer-89:FULL_MIXED_STRIPE:p8,FULL_MIXED_STRIPE,8,89,KDA,1,56,32.2898,True,True,0,True
heldout,layer-89:FULL_MIXED_STRIPE:p8,FULL_MIXED_STRIPE,8,89,KDA,1,57,32.4403,True,True,0,True
heldout,layer-89:FULL_MIXED_STRIPE:p8,FULL_MIXED_STRIPE,8,89,KDA,1,58,32.1148,True,True,0,True
heldout,layer-89:FULL_MIXED_STRIPE:p8,FULL_MIXED_STRIPE,8,89,KDA,1,59,32.7096,True,True,0,True
heldout,layer-89:FULL_MIXED_STRIPE:p8,FULL_MIXED_STRIPE,8,89,KDA,1,60,32.7849,True,True,0,True
heldout,layer-89:FULL_MIXED_STRIPE:p8,FULL_MIXED_STRIPE,8,89,KDA,1,61,33.1892,True,True,0,True
heldout,layer-89:FULL_MIXED_STRIPE:p8,FULL_MIXED_STRIPE,8,89,KDA,1,62,32.7684,True,True,0,True
heldout,layer-89:FULL_MIXED_STRIPE:p8,FULL_MIXED_STRIPE,8,89,KDA,1,63,32.8318,True,True,0,True
heldout,layer-89:FULL_MIXED_STRIPE:p8,FULL_MIXED_STRIPE,8,89,KDA,1,64,32.8095,True,True,0,True
heldout,layer-89:FULL_MIXED_STRIPE:p8,FULL_MIXED_STRIPE,8,89,KDA,1,65,33.4626,True,True,0,True
heldout,layer-89:FULL_MIXED_STRIPE:p8,FULL_MIXED_STRIPE,8,89,KDA,1,66,33.7718,True,True,0,True
heldout,layer-89:FULL_MIXED_STRIPE:p8,FULL_MIXED_STRIPE,8,89,KDA,1,67,32.9933,True,True,0,True
heldout,layer-89:FULL_MIXED_STRIPE:p8,FULL_MIXED_STRIPE,8,89,KDA,1,68,32.2455,True,True,0,True
heldout,layer-89:FULL_MIXED_STRIPE:p8,FULL_MIXED_STRIPE,8,89,KDA,1,69,32.8514,True,True,0,True
heldout,layer-89:FULL_MIXED_STRIPE:p8,FULL_MIXED_STRIPE,8,89,KDA,1,70,33.3271,True,True,0,True
heldout,layer-89:FULL_MIXED_STRIPE:p8,FULL_MIXED_STRIPE,8,89,KDA,1,71,31.9784,True,True,0,True
heldout,layer-89:FULL_MIXED_STRIPE:p8,FULL_MIXED_STRIPE,8,89,KDA,1,72,32.024,True,True,0,True
heldout,layer-89:FULL_MIXED_STRIPE:p8,FULL_MIXED_STRIPE,8,89,KDA,1,73,32.3823,True,True,0,True
heldout,layer-89:FULL_MIXED_STRIPE:p8,FULL_MIXED_STRIPE,8,89,KDA,1,74,32.8958,True,True,0,True
heldout,layer-89:FULL_MIXED_STRIPE:p8,FULL_MIXED_STRIPE,8,89,KDA,1,75,31.8708,True,True,0,True
heldout,layer-89:FULL_MIXED_STRIPE:p8,FULL_MIXED_STRIPE,8,89,KDA,1,76,31.8869,True,True,0,True
heldout,layer-89:FULL_MIXED_STRIPE:p8,FULL_MIXED_STRIPE,8,89,KDA,1,77,32.5473,True,True,0,True
heldout,layer-89:FULL_MIXED_STRIPE:p8,FULL_MIXED_STRIPE,8,89,KDA,1,78,32.0703,True,True,0,True
heldout,layer-89:FULL_MIXED_STRIPE:p8,FULL_MIXED_STRIPE,8,89,KDA,1,79,32.5607,True,True,0,True
heldout,layer-89:FULL_MIXED_STRIPE:p8,FULL_MIXED_STRIPE,8,89,KDA,1,80,33.4137,True,True,0,True
heldout,layer-89:FULL_MIXED_STRIPE:p8,FULL_MIXED_STRIPE,8,89,KDA,1,81,32.198,True,True,0,True
heldout,layer-89:FULL_MIXED_STRIPE:p8,FULL_MIXED_STRIPE,8,89,KDA,1,82,32.0801,True,True,0,True
heldout,layer-89:FULL_MIXED_STRIPE:p8,FULL_MIXED_STRIPE,8,89,KDA,1,83,32.7922,True,True,0,True
heldout,layer-89:FULL_MIXED_STRIPE:p8,FULL_MIXED_STRIPE,8,89,KDA,1,84,32.781,True,True,0,True
heldout,layer-89:FULL_MIXED_STRIPE:p8,FULL_MIXED_STRIPE,8,89,KDA,1,85,32.0021,True,True,0,True
heldout,layer-89:FULL_MIXED_STRIPE:p8,FULL_MIXED_STRIPE,8,89,KDA,1,86,32.3831,True,True,0,True
heldout,layer-89:FULL_MIXED_STRIPE:p8,FULL_MIXED_STRIPE,8,89,KDA,1,87,32.0671,True,True,0,True
heldout,layer-89:FULL_MIXED_STRIPE:p8,FULL_MIXED_STRIPE,8,89,KDA,1,88,31.9609,True,True,0,True
heldout,layer-89:FULL_MIXED_STRIPE:p8,FULL_MIXED_STRIPE,8,89,KDA,1,89,32.2279,True,True,0,True
heldout,layer-89:FULL_MIXED_STRIPE:p8,FULL_MIXED_STRIPE,8,89,KDA,1,90,31.9985,True,True,0,True
heldout,layer-89:FULL_MIXED_STRIPE:p8,FULL_MIXED_STRIPE,8,89,KDA,1,91,32.3422,True,True,0,True
heldout,layer-89:FULL_MIXED_STRIPE:p8,FULL_MIXED_STRIPE,8,89,KDA,1,92,32.1226,True,True,0,True
heldout,layer-89:FULL_MIXED_STRIPE:p8,FULL_MIXED_STRIPE,8,89,KDA,1,93,33.1117,True,True,0,True
heldout,layer-89:FULL_MIXED_STRIPE:p8,FULL_MIXED_STRIPE,8,89,KDA,1,94,33.3427,True,True,0,True
heldout,layer-89:FULL_MIXED_STRIPE:p8,FULL_MIXED_STRIPE,8,89,KDA,1,95,32.0528,True,True,0,True
heldout,layer-89:FULL_MIXED_STRIPE:p8,FULL_MIXED_STRIPE,8,89,KDA,1,96,32.0496,True,True,0,True
heldout,layer-89:FULL_MIXED_STRIPE:p8,FULL_MIXED_STRIPE,8,89,KDA,1,97,32.3105,True,True,0,True
heldout,layer-89:FULL_MIXED_STRIPE:p8,FULL_MIXED_STRIPE,8,89,KDA,1,98,32.3543,True,True,0,True
heldout,layer-89:FULL_MIXED_STRIPE:p8,FULL_MIXED_STRIPE,8,89,KDA,1,99,32.1588,True,True,0,True
heldout,layer-89:FULL_MIXED_STRIPE:p8,FULL_MIXED_STRIPE,8,89,KDA,2,0,37.4262,True,True,0,True
heldout,layer-89:FULL_MIXED_STRIPE:p8,FULL_MIXED_STRIPE,8,89,KDA,2,1,36.9888,True,True,0,True
heldout,layer-89:FULL_MIXED_STRIPE:p8,FULL_MIXED_STRIPE,8,89,KDA,2,2,38.5094,True,True,0,True
heldout,layer-89:FULL_MIXED_STRIPE:p8,FULL_MIXED_STRIPE,8,89,KDA,2,3,37.2442,True,True,0,True
heldout,layer-89:FULL_MIXED_STRIPE:p8,FULL_MIXED_STRIPE,8,89,KDA,2,4,36.1263,True,True,0,True
heldout,layer-89:FULL_MIXED_STRIPE:p8,FULL_MIXED_STRIPE,8,89,KDA,2,5,36.216,True,True,0,True
heldout,layer-89:FULL_MIXED_STRIPE:p8,FULL_MIXED_STRIPE,8,89,KDA,2,6,35.9419,True,True,0,True
heldout,layer-89:FULL_MIXED_STRIPE:p8,FULL_MIXED_STRIPE,8,89,KDA,2,7,35.5996,True,True,0,True
heldout,layer-89:FULL_MIXED_STRIPE:p8,FULL_MIXED_STRIPE,8,89,KDA,2,8,36.0596,True,True,0,True
heldout,layer-89:FULL_MIXED_STRIPE:p8,FULL_MIXED_STRIPE,8,89,KDA,2,9,35.546,True,True,0,True
heldout,layer-89:FULL_MIXED_STRIPE:p8,FULL_MIXED_STRIPE,8,89,KDA,2,10,36.0893,True,True,0,True
heldout,layer-89:FULL_MIXED_STRIPE:p8,FULL_MIXED_STRIPE,8,89,KDA,2,11,35.7491,True,True,0,True
heldout,layer-89:FULL_MIXED_STRIPE:p8,FULL_MIXED_STRIPE,8,89,KDA,2,12,35.7283,True,True,0,True
heldout,layer-89:FULL_MIXED_STRIPE:p8,FULL_MIXED_STRIPE,8,89,KDA,2,13,35.3284,True,True,0,True
heldout,layer-89:FULL_MIXED_STRIPE:p8,FULL_MIXED_STRIPE,8,89,KDA,2,14,35.7046,True,True,0,True
heldout,layer-89:FULL_MIXED_STRIPE:p8,FULL_MIXED_STRIPE,8,89,KDA,2,15,35.9461,True,True,0,True
heldout,layer-89:FULL_MIXED_STRIPE:p8,FULL_MIXED_STRIPE,8,89,KDA,2,16,36.0053,True,True,0,True
heldout,layer-89:FULL_MIXED_STRIPE:p8,FULL_MIXED_STRIPE,8,89,KDA,2,17,35.3707,True,True,0,True
heldout,layer-89:FULL_MIXED_STRIPE:p8,FULL_MIXED_STRIPE,8,89,KDA,2,18,35.8497,True,True,0,True
heldout,layer-89:FULL_MIXED_STRIPE:p8,FULL_MIXED_STRIPE,8,89,KDA,2,19,35.6656,True,True,0,True
heldout,layer-89:FULL_MIXED_STRIPE:p8,FULL_MIXED_STRIPE,8,89,KDA,2,20,35.7936,True,True,0,True
heldout,layer-89:FULL_MIXED_STRIPE:p8,FULL_MIXED_STRIPE,8,89,KDA,2,21,36.0383,True,True,0,True
heldout,layer-89:FULL_MIXED_STRIPE:p8,FULL_MIXED_STRIPE,8,89,KDA,2,22,36.2552,True,True,0,True
heldout,layer-89:FULL_MIXED_STRIPE:p8,FULL_MIXED_STRIPE,8,89,KDA,2,23,35.9142,True,True,0,True
heldout,layer-89:FULL_MIXED_STRIPE:p8,FULL_MIXED_STRIPE,8,89,KDA,2,24,35.8579,True,True,0,True
heldout,layer-89:FULL_MIXED_STRIPE:p8,FULL_MIXED_STRIPE,8,89,KDA,2,25,35.8882,True,True,0,True
heldout,layer-89:FULL_MIXED_STRIPE:p8,FULL_MIXED_STRIPE,8,89,KDA,2,26,35.9286,True,True,0,True
heldout,layer-89:FULL_MIXED_STRIPE:p8,FULL_MIXED_STRIPE,8,89,KDA,2,27,35.5791,True,True,0,True
heldout,layer-89:FULL_MIXED_STRIPE:p8,FULL_MIXED_STRIPE,8,89,KDA,2,28,35.4248,True,True,0,True
heldout,layer-89:FULL_MIXED_STRIPE:p8,FULL_MIXED_STRIPE,8,89,KDA,2,29,36.0786,True,True,0,True
heldout,layer-89:FULL_MIXED_STRIPE:p8,FULL_MIXED_STRIPE,8,89,KDA,2,30,35.5278,True,True,0,True
heldout,layer-89:FULL_MIXED_STRIPE:p8,FULL_MIXED_STRIPE,8,89,KDA,2,31,35.6848,True,True,0,True
heldout,layer-89:FULL_MIXED_STRIPE:p8,FULL_MIXED_STRIPE,8,89,KDA,2,32,35.9116,True,True,0,True
heldout,layer-89:FULL_MIXED_STRIPE:p8,FULL_MIXED_STRIPE,8,89,KDA,2,33,35.7767,True,True,0,True
heldout,layer-89:FULL_MIXED_STRIPE:p8,FULL_MIXED_STRIPE,8,89,KDA,2,34,35.6142,True,True,0,True
heldout,layer-89:FULL_MIXED_STRIPE:p8,FULL_MIXED_STRIPE,8,89,KDA,2,35,36.1973,True,True,0,True
heldout,layer-89:FULL_MIXED_STRIPE:p8,FULL_MIXED_STRIPE,8,89,KDA,2,36,36.2796,True,True,0,True
heldout,layer-89:FULL_MIXED_STRIPE:p8,FULL_MIXED_STRIPE,8,89,KDA,2,37,36.7286,True,True,0,True
heldout,layer-89:FULL_MIXED_STRIPE:p8,FULL_MIXED_STRIPE,8,89,KDA,2,38,35.826,True,True,0,True
heldout,layer-89:FULL_MIXED_STRIPE:p8,FULL_MIXED_STRIPE,8,89,KDA,2,39,35.8792,True,True,0,True
heldout,layer-89:FULL_MIXED_STRIPE:p8,FULL_MIXED_STRIPE,8,89,KDA,2,40,35.8258,True,True,0,True
heldout,layer-89:FULL_MIXED_STRIPE:p8,FULL_MIXED_STRIPE,8,89,KDA,2,41,35.5154,True,True,0,True
heldout,layer-89:FULL_MIXED_STRIPE:p8,FULL_MIXED_STRIPE,8,89,KDA,2,42,35.9563,True,True,0,True
heldout,layer-89:FULL_MIXED_STRIPE:p8,FULL_MIXED_STRIPE,8,89,KDA,2,43,35.4992,True,True,0,True
heldout,layer-89:FULL_MIXED_STRIPE:p8,FULL_MIXED_STRIPE,8,89,KDA,2,44,35.911,True,True,0,True
heldout,layer-89:FULL_MIXED_STRIPE:p8,FULL_MIXED_STRIPE,8,89,KDA,2,45,35.265,True,True,0,True
heldout,layer-89:FULL_MIXED_STRIPE:p8,FULL_MIXED_STRIPE,8,89,KDA,2,46,36.3987,True,True,0,True
heldout,layer-89:FULL_MIXED_STRIPE:p8,FULL_MIXED_STRIPE,8,89,KDA,2,47,36.0156,True,True,0,True
heldout,layer-89:FULL_MIXED_STRIPE:p8,FULL_MIXED_STRIPE,8,89,KDA,2,48,36.414,True,True,0,True
heldout,layer-89:FULL_MIXED_STRIPE:p8,FULL_MIXED_STRIPE,8,89,KDA,2,49,37.3055,True,True,0,True
heldout,layer-89:FULL_MIXED_STRIPE:p8,FULL_MIXED_STRIPE,8,89,KDA,2,50,35.9584,True,True,0,True
heldout,layer-89:FULL_MIXED_STRIPE:p8,FULL_MIXED_STRIPE,8,89,KDA,2,51,36.5743,True,True,0,True
heldout,layer-89:FULL_MIXED_STRIPE:p8,FULL_MIXED_STRIPE,8,89,KDA,2,52,35.9056,True,True,0,True
heldout,layer-89:FULL_MIXED_STRIPE:p8,FULL_MIXED_STRIPE,8,89,KDA,2,53,35.5939,True,True,0,True
heldout,layer-89:FULL_MIXED_STRIPE:p8,FULL_MIXED_STRIPE,8,89,KDA,2,54,35.6432,True,True,0,True
heldout,layer-89:FULL_MIXED_STRIPE:p8,FULL_MIXED_STRIPE,8,89,KDA,2,55,35.7815,True,True,0,True
heldout,layer-89:FULL_MIXED_STRIPE:p8,FULL_MIXED_STRIPE,8,89,KDA,2,56,35.7364,True,True,0,True
heldout,layer-89:FULL_MIXED_STRIPE:p8,FULL_MIXED_STRIPE,8,89,KDA,2,57,35.8397,True,True,0,True
heldout,layer-89:FULL_MIXED_STRIPE:p8,FULL_MIXED_STRIPE,8,89,KDA,2,58,35.6205,True,True,0,True
heldout,layer-89:FULL_MIXED_STRIPE:p8,FULL_MIXED_STRIPE,8,89,KDA,2,59,35.6987,True,True,0,True
heldout,layer-89:FULL_MIXED_STRIPE:p8,FULL_MIXED_STRIPE,8,89,KDA,2,60,35.3304,True,True,0,True
heldout,layer-89:FULL_MIXED_STRIPE:p8,FULL_MIXED_STRIPE,8,89,KDA,2,61,35.4467,True,True,0,True
heldout,layer-89:FULL_MIXED_STRIPE:p8,FULL_MIXED_STRIPE,8,89,KDA,2,62,35.1871,True,True,0,True
heldout,layer-89:FULL_MIXED_STRIPE:p8,FULL_MIXED_STRIPE,8,89,KDA,2,63,35.9989,True,True,0,True
heldout,layer-89:FULL_MIXED_STRIPE:p8,FULL_MIXED_STRIPE,8,89,KDA,2,64,35.7383,True,True,0,True
heldout,layer-89:FULL_MIXED_STRIPE:p8,FULL_MIXED_STRIPE,8,89,KDA,2,65,35.6716,True,True,0,True
heldout,layer-89:FULL_MIXED_STRIPE:p8,FULL_MIXED_STRIPE,8,89,KDA,2,66,35.6797,True,True,0,True
heldout,layer-89:FULL_MIXED_STRIPE:p8,FULL_MIXED_STRIPE,8,89,KDA,2,67,35.2237,True,True,0,True
heldout,layer-89:FULL_MIXED_STRIPE:p8,FULL_MIXED_STRIPE,8,89,KDA,2,68,36.0374,True,True,0,True
heldout,layer-89:FULL_MIXED_STRIPE:p8,FULL_MIXED_STRIPE,8,89,KDA,2,69,36.7047,True,True,0,True
heldout,layer-89:FULL_MIXED_STRIPE:p8,FULL_MIXED_STRIPE,8,89,KDA,2,70,36.4546,True,True,0,True
heldout,layer-89:FULL_MIXED_STRIPE:p8,FULL_MIXED_STRIPE,8,89,KDA,2,71,36.808,True,True,0,True
heldout,layer-89:FULL_MIXED_STRIPE:p8,FULL_MIXED_STRIPE,8,89,KDA,2,72,35.231,True,True,0,True
heldout,layer-89:FULL_MIXED_STRIPE:p8,FULL_MIXED_STRIPE,8,89,KDA,2,73,35.4531,True,True,0,True
heldout,layer-89:FULL_MIXED_STRIPE:p8,FULL_MIXED_STRIPE,8,89,KDA,2,74,35.969,True,True,0,True
heldout,layer-89:FULL_MIXED_STRIPE:p8,FULL_MIXED_STRIPE,8,89,KDA,2,75,35.494,True,True,0,True
heldout,layer-89:FULL_MIXED_STRIPE:p8,FULL_MIXED_STRIPE,8,89,KDA,2,76,36.2468,True,True,0,True
heldout,layer-89:FULL_MIXED_STRIPE:p8,FULL_MIXED_STRIPE,8,89,KDA,2,77,35.3676,True,True,0,True
heldout,layer-89:FULL_MIXED_STRIPE:p8,FULL_MIXED_STRIPE,8,89,KDA,2,78,36.3367,True,True,0,True
heldout,layer-89:FULL_MIXED_STRIPE:p8,FULL_MIXED_STRIPE,8,89,KDA,2,79,36.0804,True,True,0,True
heldout,layer-89:FULL_MIXED_STRIPE:p8,FULL_MIXED_STRIPE,8,89,KDA,2,80,36.4883,True,True,0,True
heldout,layer-89:FULL_MIXED_STRIPE:p8,FULL_MIXED_STRIPE,8,89,KDA,2,81,33.4928,True,True,0,True
heldout,layer-89:FULL_MIXED_STRIPE:p8,FULL_MIXED_STRIPE,8,89,KDA,2,82,32.6068,True,True,0,True
heldout,layer-89:FULL_MIXED_STRIPE:p8,FULL_MIXED_STRIPE,8,89,KDA,2,83,34.6195,True,True,0,True
heldout,layer-89:FULL_MIXED_STRIPE:p8,FULL_MIXED_STRIPE,8,89,KDA,2,84,36.1213,True,True,0,True
heldout,layer-89:FULL_MIXED_STRIPE:p8,FULL_MIXED_STRIPE,8,89,KDA,2,85,35.5973,True,True,0,True
heldout,layer-89:FULL_MIXED_STRIPE:p8,FULL_MIXED_STRIPE,8,89,KDA,2,86,35.8186,True,True,0,True
heldout,layer-89:FULL_MIXED_STRIPE:p8,FULL_MIXED_STRIPE,8,89,KDA,2,87,35.592,True,True,0,True
heldout,layer-89:FULL_MIXED_STRIPE:p8,FULL_MIXED_STRIPE,8,89,KDA,2,88,35.1241,True,True,0,True
heldout,layer-89:FULL_MIXED_STRIPE:p8,FULL_MIXED_STRIPE,8,89,KDA,2,89,35.0407,True,True,0,True
heldout,layer-89:FULL_MIXED_STRIPE:p8,FULL_MIXED_STRIPE,8,89,KDA,2,90,35.0117,True,True,0,True
heldout,layer-89:FULL_MIXED_STRIPE:p8,FULL_MIXED_STRIPE,8,89,KDA,2,91,35.4766,True,True,0,True
heldout,layer-89:FULL_MIXED_STRIPE:p8,FULL_MIXED_STRIPE,8,89,KDA,2,92,36.0245,True,True,0,True
heldout,layer-89:FULL_MIXED_STRIPE:p8,FULL_MIXED_STRIPE,8,89,KDA,2,93,36.4512,True,True,0,True
heldout,layer-89:FULL_MIXED_STRIPE:p8,FULL_MIXED_STRIPE,8,89,KDA,2,94,35.2913,True,True,0,True
heldout,layer-89:FULL_MIXED_STRIPE:p8,FULL_MIXED_STRIPE,8,89,KDA,2,95,35.0502,True,True,0,True
heldout,layer-89:FULL_MIXED_STRIPE:p8,FULL_MIXED_STRIPE,8,89,KDA,2,96,35.0216,True,True,0,True
heldout,layer-89:FULL_MIXED_STRIPE:p8,FULL_MIXED_STRIPE,8,89,KDA,2,97,35.5035,True,True,0,True
heldout,layer-89:FULL_MIXED_STRIPE:p8,FULL_MIXED_STRIPE,8,89,KDA,2,98,35.2441,True,True,0,True
heldout,layer-89:FULL_MIXED_STRIPE:p8,FULL_MIXED_STRIPE,8,89,KDA,2,99,35.044,True,True,0,True
heldout,layer-89:FULL_MIXED_STRIPE:p8,FULL_MIXED_STRIPE,8,89,KDA,4,0,43.9978,True,True,0,True
heldout,layer-89:FULL_MIXED_STRIPE:p8,FULL_MIXED_STRIPE,8,89,KDA,4,1,44.0518,True,True,0,True
heldout,layer-89:FULL_MIXED_STRIPE:p8,FULL_MIXED_STRIPE,8,89,KDA,4,2,43.1787,True,True,0,True
heldout,layer-89:FULL_MIXED_STRIPE:p8,FULL_MIXED_STRIPE,8,89,KDA,4,3,42.5301,True,True,0,True
heldout,layer-89:FULL_MIXED_STRIPE:p8,FULL_MIXED_STRIPE,8,89,KDA,4,4,42.643,True,True,0,True
heldout,layer-89:FULL_MIXED_STRIPE:p8,FULL_MIXED_STRIPE,8,89,KDA,4,5,43.6397,True,True,0,True
heldout,layer-89:FULL_MIXED_STRIPE:p8,FULL_MIXED_STRIPE,8,89,KDA,4,6,43.1346,True,True,0,True
heldout,layer-89:FULL_MIXED_STRIPE:p8,FULL_MIXED_STRIPE,8,89,KDA,4,7,43.0328,True,True,0,True
heldout,layer-89:FULL_MIXED_STRIPE:p8,FULL_MIXED_STRIPE,8,89,KDA,4,8,42.7487,True,True,0,True
heldout,layer-89:FULL_MIXED_STRIPE:p8,FULL_MIXED_STRIPE,8,89,KDA,4,9,42.7938,True,True,0,True
heldout,layer-89:FULL_MIXED_STRIPE:p8,FULL_MIXED_STRIPE,8,89,KDA,4,10,43.3884,True,True,0,True
heldout,layer-89:FULL_MIXED_STRIPE:p8,FULL_MIXED_STRIPE,8,89,KDA,4,11,43.3367,True,True,0,True
heldout,layer-89:FULL_MIXED_STRIPE:p8,FULL_MIXED_STRIPE,8,89,KDA,4,12,43.6434,True,True,0,True
heldout,layer-89:FULL_MIXED_STRIPE:p8,FULL_MIXED_STRIPE,8,89,KDA,4,13,43.5063,True,True,0,True
heldout,layer-89:FULL_MIXED_STRIPE:p8,FULL_MIXED_STRIPE,8,89,KDA,4,14,44.2378,True,True,0,True
heldout,layer-89:FULL_MIXED_STRIPE:p8,FULL_MIXED_STRIPE,8,89,KDA,4,15,43.8745,True,True,0,True
heldout,layer-89:FULL_MIXED_STRIPE:p8,FULL_MIXED_STRIPE,8,89,KDA,4,16,43.2145,True,True,0,True
heldout,layer-89:FULL_MIXED_STRIPE:p8,FULL_MIXED_STRIPE,8,89,KDA,4,17,42.9483,True,True,0,True
heldout,layer-89:FULL_MIXED_STRIPE:p8,FULL_MIXED_STRIPE,8,89,KDA,4,18,43.851,True,True,0,True
heldout,layer-89:FULL_MIXED_STRIPE:p8,FULL_MIXED_STRIPE,8,89,KDA,4,19,42.4453,True,True,0,True
heldout,layer-89:FULL_MIXED_STRIPE:p8,FULL_MIXED_STRIPE,8,89,KDA,4,20,42.5185,True,True,0,True
heldout,layer-89:FULL_MIXED_STRIPE:p8,FULL_MIXED_STRIPE,8,89,KDA,4,21,42.838,True,True,0,True
heldout,layer-89:FULL_MIXED_STRIPE:p8,FULL_MIXED_STRIPE,8,89,KDA,4,22,42.6081,True,True,0,True
heldout,layer-89:FULL_MIXED_STRIPE:p8,FULL_MIXED_STRIPE,8,89,KDA,4,23,42.3776,True,True,0,True
heldout,layer-89:FULL_MIXED_STRIPE:p8,FULL_MIXED_STRIPE,8,89,KDA,4,24,42.6131,True,True,0,True
heldout,layer-89:FULL_MIXED_STRIPE:p8,FULL_MIXED_STRIPE,8,89,KDA,4,25,42.961,True,True,0,True
heldout,layer-89:FULL_MIXED_STRIPE:p8,FULL_MIXED_STRIPE,8,89,KDA,4,26,42.5632,True,True,0,True
heldout,layer-89:FULL_MIXED_STRIPE:p8,FULL_MIXED_STRIPE,8,89,KDA,4,27,42.6008,True,True,0,True
heldout,layer-89:FULL_MIXED_STRIPE:p8,FULL_MIXED_STRIPE,8,89,KDA,4,28,42.6777,True,True,0,True
heldout,layer-89:FULL_MIXED_STRIPE:p8,FULL_MIXED_STRIPE,8,89,KDA,4,29,43.1358,True,True,0,True
heldout,layer-89:FULL_MIXED_STRIPE:p8,FULL_MIXED_STRIPE,8,89,KDA,4,30,42.4506,True,True,0,True
heldout,layer-89:FULL_MIXED_STRIPE:p8,FULL_MIXED_STRIPE,8,89,KDA,4,31,42.8504,True,True,0,True
heldout,layer-89:FULL_MIXED_STRIPE:p8,FULL_MIXED_STRIPE,8,89,KDA,4,32,43.4533,True,True,0,True
heldout,layer-89:FULL_MIXED_STRIPE:p8,FULL_MIXED_STRIPE,8,89,KDA,4,33,42.9298,True,True,0,True
heldout,layer-89:FULL_MIXED_STRIPE:p8,FULL_MIXED_STRIPE,8,89,KDA,4,34,42.6653,True,True,0,True
heldout,layer-89:FULL_MIXED_STRIPE:p8,FULL_MIXED_STRIPE,8,89,KDA,4,35,42.701,True,True,0,True
heldout,layer-89:FULL_MIXED_STRIPE:p8,FULL_MIXED_STRIPE,8,89,KDA,4,36,43.1859,True,True,0,True
heldout,layer-89:FULL_MIXED_STRIPE:p8,FULL_MIXED_STRIPE,8,89,KDA,4,37,42.2648,True,True,0,True
heldout,layer-89:FULL_MIXED_STRIPE:p8,FULL_MIXED_STRIPE,8,89,KDA,4,38,42.373,True,True,0,True
heldout,layer-89:FULL_MIXED_STRIPE:p8,FULL_MIXED_STRIPE,8,89,KDA,4,39,42.8978,True,True,0,True
heldout,layer-89:FULL_MIXED_STRIPE:p8,FULL_MIXED_STRIPE,8,89,KDA,4,40,43.0,True,True,0,True
heldout,layer-89:FULL_MIXED_STRIPE:p8,FULL_MIXED_STRIPE,8,89,KDA,4,41,42.8162,True,True,0,True
heldout,layer-89:FULL_MIXED_STRIPE:p8,FULL_MIXED_STRIPE,8,89,KDA,4,42,42.6396,True,True,0,True
heldout,layer-89:FULL_MIXED_STRIPE:p8,FULL_MIXED_STRIPE,8,89,KDA,4,43,41.9,True,True,0,True
heldout,layer-89:FULL_MIXED_STRIPE:p8,FULL_MIXED_STRIPE,8,89,KDA,4,44,42.516,True,True,0,True
heldout,layer-89:FULL_MIXED_STRIPE:p8,FULL_MIXED_STRIPE,8,89,KDA,4,45,42.2782,True,True,0,True
heldout,layer-89:FULL_MIXED_STRIPE:p8,FULL_MIXED_STRIPE,8,89,KDA,4,46,43.491,True,True,0,True
heldout,layer-89:FULL_MIXED_STRIPE:p8,FULL_MIXED_STRIPE,8,89,KDA,4,47,43.6579,True,True,0,True
heldout,layer-89:FULL_MIXED_STRIPE:p8,FULL_MIXED_STRIPE,8,89,KDA,4,48,42.8686,True,True,0,True
heldout,layer-89:FULL_MIXED_STRIPE:p8,FULL_MIXED_STRIPE,8,89,KDA,4,49,43.208,True,True,0,True
heldout,layer-89:FULL_MIXED_STRIPE:p8,FULL_MIXED_STRIPE,8,89,KDA,4,50,42.8006,True,True,0,True
heldout,layer-89:FULL_MIXED_STRIPE:p8,FULL_MIXED_STRIPE,8,89,KDA,4,51,43.0559,True,True,0,True
heldout,layer-89:FULL_MIXED_STRIPE:p8,FULL_MIXED_STRIPE,8,89,KDA,4,52,43.8182,True,True,0,True
heldout,layer-89:FULL_MIXED_STRIPE:p8,FULL_MIXED_STRIPE,8,89,KDA,4,53,42.5978,True,True,0,True
heldout,layer-89:FULL_MIXED_STRIPE:p8,FULL_MIXED_STRIPE,8,89,KDA,4,54,42.0585,True,True,0,True
heldout,layer-89:FULL_MIXED_STRIPE:p8,FULL_MIXED_STRIPE,8,89,KDA,4,55,42.5713,True,True,0,True
heldout,layer-89:FULL_MIXED_STRIPE:p8,FULL_MIXED_STRIPE,8,89,KDA,4,56,42.6973,True,True,0,True
heldout,layer-89:FULL_MIXED_STRIPE:p8,FULL_MIXED_STRIPE,8,89,KDA,4,57,43.5873,True,True,0,True
heldout,layer-89:FULL_MIXED_STRIPE:p8,FULL_MIXED_STRIPE,8,89,KDA,4,58,42.2868,True,True,0,True
heldout,layer-89:FULL_MIXED_STRIPE:p8,FULL_MIXED_STRIPE,8,89,KDA,4,59,42.8774,True,True,0,True
heldout,layer-89:FULL_MIXED_STRIPE:p8,FULL_MIXED_STRIPE,8,89,KDA,4,60,42.3592,True,True,0,True
heldout,layer-89:FULL_MIXED_STRIPE:p8,FULL_MIXED_STRIPE,8,89,KDA,4,61,42.4123,True,True,0,True
heldout,layer-89:FULL_MIXED_STRIPE:p8,FULL_MIXED_STRIPE,8,89,KDA,4,62,43.0616,True,True,0,True
heldout,layer-89:FULL_MIXED_STRIPE:p8,FULL_MIXED_STRIPE,8,89,KDA,4,63,42.3613,True,True,0,True
heldout,layer-89:FULL_MIXED_STRIPE:p8,FULL_MIXED_STRIPE,8,89,KDA,4,64,43.1108,True,True,0,True
heldout,layer-89:FULL_MIXED_STRIPE:p8,FULL_MIXED_STRIPE,8,89,KDA,4,65,43.4116,True,True,0,True
heldout,layer-89:FULL_MIXED_STRIPE:p8,FULL_MIXED_STRIPE,8,89,KDA,4,66,43.6317,True,True,0,True
heldout,layer-89:FULL_MIXED_STRIPE:p8,FULL_MIXED_STRIPE,8,89,KDA,4,67,42.0813,True,True,0,True
heldout,layer-89:FULL_MIXED_STRIPE:p8,FULL_MIXED_STRIPE,8,89,KDA,4,68,43.1105,True,True,0,True
heldout,layer-89:FULL_MIXED_STRIPE:p8,FULL_MIXED_STRIPE,8,89,KDA,4,69,43.3654,True,True,0,True
heldout,layer-89:FULL_MIXED_STRIPE:p8,FULL_MIXED_STRIPE,8,89,KDA,4,70,42.2544,True,True,0,True
heldout,layer-89:FULL_MIXED_STRIPE:p8,FULL_MIXED_STRIPE,8,89,KDA,4,71,43.5422,True,True,0,True
heldout,layer-89:FULL_MIXED_STRIPE:p8,FULL_MIXED_STRIPE,8,89,KDA,4,72,42.9743,True,True,0,True
heldout,layer-89:FULL_MIXED_STRIPE:p8,FULL_MIXED_STRIPE,8,89,KDA,4,73,42.6815,True,True,0,True
heldout,layer-89:FULL_MIXED_STRIPE:p8,FULL_MIXED_STRIPE,8,89,KDA,4,74,42.945,True,True,0,True
heldout,layer-89:FULL_MIXED_STRIPE:p8,FULL_MIXED_STRIPE,8,89,KDA,4,75,42.3249,True,True,0,True
heldout,layer-89:FULL_MIXED_STRIPE:p8,FULL_MIXED_STRIPE,8,89,KDA,4,76,43.1038,True,True,0,True
heldout,layer-89:FULL_MIXED_STRIPE:p8,FULL_MIXED_STRIPE,8,89,KDA,4,77,42.7313,True,True,0,True
heldout,layer-89:FULL_MIXED_STRIPE:p8,FULL_MIXED_STRIPE,8,89,KDA,4,78,42.5928,True,True,0,True
heldout,layer-89:FULL_MIXED_STRIPE:p8,FULL_MIXED_STRIPE,8,89,KDA,4,79,42.4998,True,True,0,True
heldout,layer-89:FULL_MIXED_STRIPE:p8,FULL_MIXED_STRIPE,8,89,KDA,4,80,42.262,True,True,0,True
heldout,layer-89:FULL_MIXED_STRIPE:p8,FULL_MIXED_STRIPE,8,89,KDA,4,81,43.1065,True,True,0,True
heldout,layer-89:FULL_MIXED_STRIPE:p8,FULL_MIXED_STRIPE,8,89,KDA,4,82,42.5408,True,True,0,True
heldout,layer-89:FULL_MIXED_STRIPE:p8,FULL_MIXED_STRIPE,8,89,KDA,4,83,42.247,True,True,0,True
heldout,layer-89:FULL_MIXED_STRIPE:p8,FULL_MIXED_STRIPE,8,89,KDA,4,84,42.3874,True,True,0,True
heldout,layer-89:FULL_MIXED_STRIPE:p8,FULL_MIXED_STRIPE,8,89,KDA,4,85,42.9997,True,True,0,True
heldout,layer-89:FULL_MIXED_STRIPE:p8,FULL_MIXED_STRIPE,8,89,KDA,4,86,42.4396,True,True,0,True
heldout,layer-89:FULL_MIXED_STRIPE:p8,FULL_MIXED_STRIPE,8,89,KDA,4,87,42.1634,True,True,0,True
heldout,layer-89:FULL_MIXED_STRIPE:p8,FULL_MIXED_STRIPE,8,89,KDA,4,88,43.0297,True,True,0,True
heldout,layer-89:FULL_MIXED_STRIPE:p8,FULL_MIXED_STRIPE,8,89,KDA,4,89,43.0321,True,True,0,True
heldout,layer-89:FULL_MIXED_STRIPE:p8,FULL_MIXED_STRIPE,8,89,KDA,4,90,42.8837,True,True,0,True
heldout,layer-89:FULL_MIXED_STRIPE:p8,FULL_MIXED_STRIPE,8,89,KDA,4,91,42.998,True,True,0,True
heldout,layer-89:FULL_MIXED_STRIPE:p8,FULL_MIXED_STRIPE,8,89,KDA,4,92,43.5022,True,True,0,True
heldout,layer-89:FULL_MIXED_STRIPE:p8,FULL_MIXED_STRIPE,8,89,KDA,4,93,43.311,True,True,0,True
heldout,layer-89:FULL_MIXED_STRIPE:p8,FULL_MIXED_STRIPE,8,89,KDA,4,94,43.2077,True,True,0,True
heldout,layer-89:FULL_MIXED_STRIPE:p8,FULL_MIXED_STRIPE,8,89,KDA,4,95,42.7248,True,True,0,True
heldout,layer-89:FULL_MIXED_STRIPE:p8,FULL_MIXED_STRIPE,8,89,KDA,4,96,42.8154,True,True,0,True
heldout,layer-89:FULL_MIXED_STRIPE:p8,FULL_MIXED_STRIPE,8,89,KDA,4,97,43.5045,True,True,0,True
heldout,layer-89:FULL_MIXED_STRIPE:p8,FULL_MIXED_STRIPE,8,89,KDA,4,98,43.531,True,True,0,True
heldout,layer-89:FULL_MIXED_STRIPE:p8,FULL_MIXED_STRIPE,8,89,KDA,4,99,42.8694,True,True,0,True
heldout,layer-91:FULL_MIXED_STRIPE:p8,FULL_MIXED_STRIPE,8,91,GATED_MLA,1,0,25.3368,True,True,0,True
heldout,layer-91:FULL_MIXED_STRIPE:p8,FULL_MIXED_STRIPE,8,91,GATED_MLA,1,1,25.1296,True,True,0,True
heldout,layer-91:FULL_MIXED_STRIPE:p8,FULL_MIXED_STRIPE,8,91,GATED_MLA,1,2,26.1219,True,True,0,True
heldout,layer-91:FULL_MIXED_STRIPE:p8,FULL_MIXED_STRIPE,8,91,GATED_MLA,1,3,25.7717,True,True,0,True
heldout,layer-91:FULL_MIXED_STRIPE:p8,FULL_MIXED_STRIPE,8,91,GATED_MLA,1,4,25.0667,True,True,0,True
heldout,layer-91:FULL_MIXED_STRIPE:p8,FULL_MIXED_STRIPE,8,91,GATED_MLA,1,5,24.7941,True,True,0,True
heldout,layer-91:FULL_MIXED_STRIPE:p8,FULL_MIXED_STRIPE,8,91,GATED_MLA,1,6,25.4607,True,True,0,True
heldout,layer-91:FULL_MIXED_STRIPE:p8,FULL_MIXED_STRIPE,8,91,GATED_MLA,1,7,24.7806,True,True,0,True
heldout,layer-91:FULL_MIXED_STRIPE:p8,FULL_MIXED_STRIPE,8,91,GATED_MLA,1,8,24.9545,True,True,0,True
heldout,layer-91:FULL_MIXED_STRIPE:p8,FULL_MIXED_STRIPE,8,91,GATED_MLA,1,9,25.0733,True,True,0,True
heldout,layer-91:FULL_MIXED_STRIPE:p8,FULL_MIXED_STRIPE,8,91,GATED_MLA,1,10,26.6171,True,True,0,True
heldout,layer-91:FULL_MIXED_STRIPE:p8,FULL_MIXED_STRIPE,8,91,GATED_MLA,1,11,25.4676,True,True,0,True
heldout,layer-91:FULL_MIXED_STRIPE:p8,FULL_MIXED_STRIPE,8,91,GATED_MLA,1,12,25.8477,True,True,0,True
heldout,layer-91:FULL_MIXED_STRIPE:p8,FULL_MIXED_STRIPE,8,91,GATED_MLA,1,13,25.5324,True,True,0,True
heldout,layer-91:FULL_MIXED_STRIPE:p8,FULL_MIXED_STRIPE,8,91,GATED_MLA,1,14,26.8276,True,True,0,True
heldout,layer-91:FULL_MIXED_STRIPE:p8,FULL_MIXED_STRIPE,8,91,GATED_MLA,1,15,25.3114,True,True,0,True
heldout,layer-91:FULL_MIXED_STRIPE:p8,FULL_MIXED_STRIPE,8,91,GATED_MLA,1,16,24.7624,True,True,0,True
heldout,layer-91:FULL_MIXED_STRIPE:p8,FULL_MIXED_STRIPE,8,91,GATED_MLA,1,17,25.0754,True,True,0,True
heldout,layer-91:FULL_MIXED_STRIPE:p8,FULL_MIXED_STRIPE,8,91,GATED_MLA,1,18,24.1773,True,True,0,True
heldout,layer-91:FULL_MIXED_STRIPE:p8,FULL_MIXED_STRIPE,8,91,GATED_MLA,1,19,24.6378,True,True,0,True
heldout,layer-91:FULL_MIXED_STRIPE:p8,FULL_MIXED_STRIPE,8,91,GATED_MLA,1,20,24.374,True,True,0,True
heldout,layer-91:FULL_MIXED_STRIPE:p8,FULL_MIXED_STRIPE,8,91,GATED_MLA,1,21,24.6302,True,True,0,True
heldout,layer-91:FULL_MIXED_STRIPE:p8,FULL_MIXED_STRIPE,8,91,GATED_MLA,1,22,25.6044,True,True,0,True
heldout,layer-91:FULL_MIXED_STRIPE:p8,FULL_MIXED_STRIPE,8,91,GATED_MLA,1,23,24.4068,True,True,0,True
heldout,layer-91:FULL_MIXED_STRIPE:p8,FULL_MIXED_STRIPE,8,91,GATED_MLA,1,24,25.1327,True,True,0,True
heldout,layer-91:FULL_MIXED_STRIPE:p8,FULL_MIXED_STRIPE,8,91,GATED_MLA,1,25,24.1916,True,True,0,True
heldout,layer-91:FULL_MIXED_STRIPE:p8,FULL_MIXED_STRIPE,8,91,GATED_MLA,1,26,24.2705,True,True,0,True
heldout,layer-91:FULL_MIXED_STRIPE:p8,FULL_MIXED_STRIPE,8,91,GATED_MLA,1,27,24.7946,True,True,0,True
heldout,layer-91:FULL_MIXED_STRIPE:p8,FULL_MIXED_STRIPE,8,91,GATED_MLA,1,28,24.2413,True,True,0,True
heldout,layer-91:FULL_MIXED_STRIPE:p8,FULL_MIXED_STRIPE,8,91,GATED_MLA,1,29,24.0879,True,True,0,True
heldout,layer-91:FULL_MIXED_STRIPE:p8,FULL_MIXED_STRIPE,8,91,GATED_MLA,1,30,24.3121,True,True,0,True
heldout,layer-91:FULL_MIXED_STRIPE:p8,FULL_MIXED_STRIPE,8,91,GATED_MLA,1,31,24.1997,True,True,0,True
heldout,layer-91:FULL_MIXED_STRIPE:p8,FULL_MIXED_STRIPE,8,91,GATED_MLA,1,32,24.3489,True,True,0,True
heldout,layer-91:FULL_MIXED_STRIPE:p8,FULL_MIXED_STRIPE,8,91,GATED_MLA,1,33,24.4447,True,True,0,True
heldout,layer-91:FULL_MIXED_STRIPE:p8,FULL_MIXED_STRIPE,8,91,GATED_MLA,1,34,24.1705,True,True,0,True
heldout,layer-91:FULL_MIXED_STRIPE:p8,FULL_MIXED_STRIPE,8,91,GATED_MLA,1,35,24.2848,True,True,0,True
heldout,layer-91:FULL_MIXED_STRIPE:p8,FULL_MIXED_STRIPE,8,91,GATED_MLA,1,36,24.3018,True,True,0,True
heldout,layer-91:FULL_MIXED_STRIPE:p8,FULL_MIXED_STRIPE,8,91,GATED_MLA,1,37,24.1826,True,True,0,True
heldout,layer-91:FULL_MIXED_STRIPE:p8,FULL_MIXED_STRIPE,8,91,GATED_MLA,1,38,24.406,True,True,0,True
heldout,layer-91:FULL_MIXED_STRIPE:p8,FULL_MIXED_STRIPE,8,91,GATED_MLA,1,39,25.0458,True,True,0,True
heldout,layer-91:FULL_MIXED_STRIPE:p8,FULL_MIXED_STRIPE,8,91,GATED_MLA,1,40,25.1239,True,True,0,True
heldout,layer-91:FULL_MIXED_STRIPE:p8,FULL_MIXED_STRIPE,8,91,GATED_MLA,1,41,24.8284,True,True,0,True
heldout,layer-91:FULL_MIXED_STRIPE:p8,FULL_MIXED_STRIPE,8,91,GATED_MLA,1,42,25.0567,True,True,0,True
heldout,layer-91:FULL_MIXED_STRIPE:p8,FULL_MIXED_STRIPE,8,91,GATED_MLA,1,43,24.9186,True,True,0,True
heldout,layer-91:FULL_MIXED_STRIPE:p8,FULL_MIXED_STRIPE,8,91,GATED_MLA,1,44,24.721,True,True,0,True
heldout,layer-91:FULL_MIXED_STRIPE:p8,FULL_MIXED_STRIPE,8,91,GATED_MLA,1,45,24.6383,True,True,0,True
heldout,layer-91:FULL_MIXED_STRIPE:p8,FULL_MIXED_STRIPE,8,91,GATED_MLA,1,46,24.7635,True,True,0,True
heldout,layer-91:FULL_MIXED_STRIPE:p8,FULL_MIXED_STRIPE,8,91,GATED_MLA,1,47,24.256,True,True,0,True
heldout,layer-91:FULL_MIXED_STRIPE:p8,FULL_MIXED_STRIPE,8,91,GATED_MLA,1,48,25.0852,True,True,0,True
heldout,layer-91:FULL_MIXED_STRIPE:p8,FULL_MIXED_STRIPE,8,91,GATED_MLA,1,49,24.6246,True,True,0,True
heldout,layer-91:FULL_MIXED_STRIPE:p8,FULL_MIXED_STRIPE,8,91,GATED_MLA,1,50,24.2474,True,True,0,True
heldout,layer-91:FULL_MIXED_STRIPE:p8,FULL_MIXED_STRIPE,8,91,GATED_MLA,1,51,24.0825,True,True,0,True
heldout,layer-91:FULL_MIXED_STRIPE:p8,FULL_MIXED_STRIPE,8,91,GATED_MLA,1,52,23.8651,True,True,0,True
heldout,layer-91:FULL_MIXED_STRIPE:p8,FULL_MIXED_STRIPE,8,91,GATED_MLA,1,53,24.2547,True,True,0,True
heldout,layer-91:FULL_MIXED_STRIPE:p8,FULL_MIXED_STRIPE,8,91,GATED_MLA,1,54,24.452,True,True,0,True
heldout,layer-91:FULL_MIXED_STRIPE:p8,FULL_MIXED_STRIPE,8,91,GATED_MLA,1,55,24.1009,True,True,0,True
heldout,layer-91:FULL_MIXED_STRIPE:p8,FULL_MIXED_STRIPE,8,91,GATED_MLA,1,56,24.2023,True,True,0,True
heldout,layer-91:FULL_MIXED_STRIPE:p8,FULL_MIXED_STRIPE,8,91,GATED_MLA,1,57,24.2797,True,True,0,True
heldout,layer-91:FULL_MIXED_STRIPE:p8,FULL_MIXED_STRIPE,8,91,GATED_MLA,1,58,24.538,True,True,0,True
heldout,layer-91:FULL_MIXED_STRIPE:p8,FULL_MIXED_STRIPE,8,91,GATED_MLA,1,59,24.446,True,True,0,True
heldout,layer-91:FULL_MIXED_STRIPE:p8,FULL_MIXED_STRIPE,8,91,GATED_MLA,1,60,24.2886,True,True,0,True
heldout,layer-91:FULL_MIXED_STRIPE:p8,FULL_MIXED_STRIPE,8,91,GATED_MLA,1,61,24.5252,True,True,0,True
heldout,layer-91:FULL_MIXED_STRIPE:p8,FULL_MIXED_STRIPE,8,91,GATED_MLA,1,62,24.2551,True,True,0,True
heldout,layer-91:FULL_MIXED_STRIPE:p8,FULL_MIXED_STRIPE,8,91,GATED_MLA,1,63,24.4963,True,True,0,True
heldout,layer-91:FULL_MIXED_STRIPE:p8,FULL_MIXED_STRIPE,8,91,GATED_MLA,1,64,24.2187,True,True,0,True
heldout,layer-91:FULL_MIXED_STRIPE:p8,FULL_MIXED_STRIPE,8,91,GATED_MLA,1,65,24.688,True,True,0,True
heldout,layer-91:FULL_MIXED_STRIPE:p8,FULL_MIXED_STRIPE,8,91,GATED_MLA,1,66,25.0447,True,True,0,True
heldout,layer-91:FULL_MIXED_STRIPE:p8,FULL_MIXED_STRIPE,8,91,GATED_MLA,1,67,24.0953,True,True,0,True
heldout,layer-91:FULL_MIXED_STRIPE:p8,FULL_MIXED_STRIPE,8,91,GATED_MLA,1,68,24.4476,True,True,0,True
heldout,layer-91:FULL_MIXED_STRIPE:p8,FULL_MIXED_STRIPE,8,91,GATED_MLA,1,69,25.2481,True,True,0,True
heldout,layer-91:FULL_MIXED_STRIPE:p8,FULL_MIXED_STRIPE,8,91,GATED_MLA,1,70,24.1548,True,True,0,True
heldout,layer-91:FULL_MIXED_STRIPE:p8,FULL_MIXED_STRIPE,8,91,GATED_MLA,1,71,24.3316,True,True,0,True
heldout,layer-91:FULL_MIXED_STRIPE:p8,FULL_MIXED_STRIPE,8,91,GATED_MLA,1,72,24.2605,True,True,0,True
heldout,layer-91:FULL_MIXED_STRIPE:p8,FULL_MIXED_STRIPE,8,91,GATED_MLA,1,73,24.2042,True,True,0,True
heldout,layer-91:FULL_MIXED_STRIPE:p8,FULL_MIXED_STRIPE,8,91,GATED_MLA,1,74,24.1097,True,True,0,True
heldout,layer-91:FULL_MIXED_STRIPE:p8,FULL_MIXED_STRIPE,8,91,GATED_MLA,1,75,24.3549,True,True,0,True
heldout,layer-91:FULL_MIXED_STRIPE:p8,FULL_MIXED_STRIPE,8,91,GATED_MLA,1,76,24.1852,True,True,0,True
heldout,layer-91:FULL_MIXED_STRIPE:p8,FULL_MIXED_STRIPE,8,91,GATED_MLA,1,77,24.5699,True,True,0,True
heldout,layer-91:FULL_MIXED_STRIPE:p8,FULL_MIXED_STRIPE,8,91,GATED_MLA,1,78,25.1833,True,True,0,True
heldout,layer-91:FULL_MIXED_STRIPE:p8,FULL_MIXED_STRIPE,8,91,GATED_MLA,1,79,25.3913,True,True,0,True
heldout,layer-91:FULL_MIXED_STRIPE:p8,FULL_MIXED_STRIPE,8,91,GATED_MLA,1,80,25.1829,True,True,0,True
heldout,layer-91:FULL_MIXED_STRIPE:p8,FULL_MIXED_STRIPE,8,91,GATED_MLA,1,81,24.7424,True,True,0,True
heldout,layer-91:FULL_MIXED_STRIPE:p8,FULL_MIXED_STRIPE,8,91,GATED_MLA,1,82,24.603,True,True,0,True
heldout,layer-91:FULL_MIXED_STRIPE:p8,FULL_MIXED_STRIPE,8,91,GATED_MLA,1,83,25.4944,True,True,0,True
heldout,layer-91:FULL_MIXED_STRIPE:p8,FULL_MIXED_STRIPE,8,91,GATED_MLA,1,84,25.8709,True,True,0,True
heldout,layer-91:FULL_MIXED_STRIPE:p8,FULL_MIXED_STRIPE,8,91,GATED_MLA,1,85,24.6055,True,True,0,True
heldout,layer-91:FULL_MIXED_STRIPE:p8,FULL_MIXED_STRIPE,8,91,GATED_MLA,1,86,25.0796,True,True,0,True
heldout,layer-91:FULL_MIXED_STRIPE:p8,FULL_MIXED_STRIPE,8,91,GATED_MLA,1,87,24.4422,True,True,0,True
heldout,layer-91:FULL_MIXED_STRIPE:p8,FULL_MIXED_STRIPE,8,91,GATED_MLA,1,88,24.2194,True,True,0,True
heldout,layer-91:FULL_MIXED_STRIPE:p8,FULL_MIXED_STRIPE,8,91,GATED_MLA,1,89,24.0836,True,True,0,True
heldout,layer-91:FULL_MIXED_STRIPE:p8,FULL_MIXED_STRIPE,8,91,GATED_MLA,1,90,24.1695,True,True,0,True
heldout,layer-91:FULL_MIXED_STRIPE:p8,FULL_MIXED_STRIPE,8,91,GATED_MLA,1,91,24.6478,True,True,0,True
heldout,layer-91:FULL_MIXED_STRIPE:p8,FULL_MIXED_STRIPE,8,91,GATED_MLA,1,92,24.9735,True,True,0,True
heldout,layer-91:FULL_MIXED_STRIPE:p8,FULL_MIXED_STRIPE,8,91,GATED_MLA,1,93,24.4801,True,True,0,True
heldout,layer-91:FULL_MIXED_STRIPE:p8,FULL_MIXED_STRIPE,8,91,GATED_MLA,1,94,25.0344,True,True,0,True
heldout,layer-91:FULL_MIXED_STRIPE:p8,FULL_MIXED_STRIPE,8,91,GATED_MLA,1,95,24.3773,True,True,0,True
heldout,layer-91:FULL_MIXED_STRIPE:p8,FULL_MIXED_STRIPE,8,91,GATED_MLA,1,96,24.4811,True,True,0,True
heldout,layer-91:FULL_MIXED_STRIPE:p8,FULL_MIXED_STRIPE,8,91,GATED_MLA,1,97,24.3443,True,True,0,True
heldout,layer-91:FULL_MIXED_STRIPE:p8,FULL_MIXED_STRIPE,8,91,GATED_MLA,1,98,24.4143,True,True,0,True
heldout,layer-91:FULL_MIXED_STRIPE:p8,FULL_MIXED_STRIPE,8,91,GATED_MLA,1,99,25.2097,True,True,0,True
heldout,layer-91:FULL_MIXED_STRIPE:p8,FULL_MIXED_STRIPE,8,91,GATED_MLA,2,0,27.2069,True,True,0,True
heldout,layer-91:FULL_MIXED_STRIPE:p8,FULL_MIXED_STRIPE,8,91,GATED_MLA,2,1,27.3521,True,True,0,True
heldout,layer-91:FULL_MIXED_STRIPE:p8,FULL_MIXED_STRIPE,8,91,GATED_MLA,2,2,27.8437,True,True,0,True
heldout,layer-91:FULL_MIXED_STRIPE:p8,FULL_MIXED_STRIPE,8,91,GATED_MLA,2,3,27.3317,True,True,0,True
heldout,layer-91:FULL_MIXED_STRIPE:p8,FULL_MIXED_STRIPE,8,91,GATED_MLA,2,4,27.3213,True,True,0,True
heldout,layer-91:FULL_MIXED_STRIPE:p8,FULL_MIXED_STRIPE,8,91,GATED_MLA,2,5,27.1794,True,True,0,True
heldout,layer-91:FULL_MIXED_STRIPE:p8,FULL_MIXED_STRIPE,8,91,GATED_MLA,2,6,27.2835,True,True,0,True
heldout,layer-91:FULL_MIXED_STRIPE:p8,FULL_MIXED_STRIPE,8,91,GATED_MLA,2,7,27.3099,True,True,0,True
heldout,layer-91:FULL_MIXED_STRIPE:p8,FULL_MIXED_STRIPE,8,91,GATED_MLA,2,8,27.2064,True,True,0,True
heldout,layer-91:FULL_MIXED_STRIPE:p8,FULL_MIXED_STRIPE,8,91,GATED_MLA,2,9,27.3091,True,True,0,True
heldout,layer-91:FULL_MIXED_STRIPE:p8,FULL_MIXED_STRIPE,8,91,GATED_MLA,2,10,27.4098,True,True,0,True
heldout,layer-91:FULL_MIXED_STRIPE:p8,FULL_MIXED_STRIPE,8,91,GATED_MLA,2,11,27.2746,True,True,0,True
heldout,layer-91:FULL_MIXED_STRIPE:p8,FULL_MIXED_STRIPE,8,91,GATED_MLA,2,12,27.455,True,True,0,True
heldout,layer-91:FULL_MIXED_STRIPE:p8,FULL_MIXED_STRIPE,8,91,GATED_MLA,2,13,27.7793,True,True,0,True
heldout,layer-91:FULL_MIXED_STRIPE:p8,FULL_MIXED_STRIPE,8,91,GATED_MLA,2,14,27.4055,True,True,0,True
heldout,layer-91:FULL_MIXED_STRIPE:p8,FULL_MIXED_STRIPE,8,91,GATED_MLA,2,15,27.0929,True,True,0,True
heldout,layer-91:FULL_MIXED_STRIPE:p8,FULL_MIXED_STRIPE,8,91,GATED_MLA,2,16,27.2544,True,True,0,True
heldout,layer-91:FULL_MIXED_STRIPE:p8,FULL_MIXED_STRIPE,8,91,GATED_MLA,2,17,27.1952,True,True,0,True
heldout,layer-91:FULL_MIXED_STRIPE:p8,FULL_MIXED_STRIPE,8,91,GATED_MLA,2,18,27.2424,True,True,0,True
heldout,layer-91:FULL_MIXED_STRIPE:p8,FULL_MIXED_STRIPE,8,91,GATED_MLA,2,19,27.2444,True,True,0,True
heldout,layer-91:FULL_MIXED_STRIPE:p8,FULL_MIXED_STRIPE,8,91,GATED_MLA,2,20,26.8085,True,True,0,True
heldout,layer-91:FULL_MIXED_STRIPE:p8,FULL_MIXED_STRIPE,8,91,GATED_MLA,2,21,27.5086,True,True,0,True
heldout,layer-91:FULL_MIXED_STRIPE:p8,FULL_MIXED_STRIPE,8,91,GATED_MLA,2,22,27.1284,True,True,0,True
heldout,layer-91:FULL_MIXED_STRIPE:p8,FULL_MIXED_STRIPE,8,91,GATED_MLA,2,23,27.7193,True,True,0,True
heldout,layer-91:FULL_MIXED_STRIPE:p8,FULL_MIXED_STRIPE,8,91,GATED_MLA,2,24,27.0678,True,True,0,True
heldout,layer-91:FULL_MIXED_STRIPE:p8,FULL_MIXED_STRIPE,8,91,GATED_MLA,2,25,28.2709,True,True,0,True
heldout,layer-91:FULL_MIXED_STRIPE:p8,FULL_MIXED_STRIPE,8,91,GATED_MLA,2,26,28.4644,True,True,0,True
heldout,layer-91:FULL_MIXED_STRIPE:p8,FULL_MIXED_STRIPE,8,91,GATED_MLA,2,27,27.2672,True,True,0,True
heldout,layer-91:FULL_MIXED_STRIPE:p8,FULL_MIXED_STRIPE,8,91,GATED_MLA,2,28,27.3486,True,True,0,True
heldout,layer-91:FULL_MIXED_STRIPE:p8,FULL_MIXED_STRIPE,8,91,GATED_MLA,2,29,27.2506,True,True,0,True
heldout,layer-91:FULL_MIXED_STRIPE:p8,FULL_MIXED_STRIPE,8,91,GATED_MLA,2,30,26.9551,True,True,0,True
heldout,layer-91:FULL_MIXED_STRIPE:p8,FULL_MIXED_STRIPE,8,91,GATED_MLA,2,31,26.8994,True,True,0,True
heldout,layer-91:FULL_MIXED_STRIPE:p8,FULL_MIXED_STRIPE,8,91,GATED_MLA,2,32,27.1801,True,True,0,True
heldout,layer-91:FULL_MIXED_STRIPE:p8,FULL_MIXED_STRIPE,8,91,GATED_MLA,2,33,27.5113,True,True,0,True
heldout,layer-91:FULL_MIXED_STRIPE:p8,FULL_MIXED_STRIPE,8,91,GATED_MLA,2,34,27.553,True,True,0,True
heldout,layer-91:FULL_MIXED_STRIPE:p8,FULL_MIXED_STRIPE,8,91,GATED_MLA,2,35,27.2754,True,True,0,True
heldout,layer-91:FULL_MIXED_STRIPE:p8,FULL_MIXED_STRIPE,8,91,GATED_MLA,2,36,27.4484,True,True,0,True
heldout,layer-91:FULL_MIXED_STRIPE:p8,FULL_MIXED_STRIPE,8,91,GATED_MLA,2,37,27.3875,True,True,0,True
heldout,layer-91:FULL_MIXED_STRIPE:p8,FULL_MIXED_STRIPE,8,91,GATED_MLA,2,38,27.0391,True,True,0,True
heldout,layer-91:FULL_MIXED_STRIPE:p8,FULL_MIXED_STRIPE,8,91,GATED_MLA,2,39,27.2054,True,True,0,True
heldout,layer-91:FULL_MIXED_STRIPE:p8,FULL_MIXED_STRIPE,8,91,GATED_MLA,2,40,27.1123,True,True,0,True
heldout,layer-91:FULL_MIXED_STRIPE:p8,FULL_MIXED_STRIPE,8,91,GATED_MLA,2,41,27.3901,True,True,0,True
heldout,layer-91:FULL_MIXED_STRIPE:p8,FULL_MIXED_STRIPE,8,91,GATED_MLA,2,42,27.6791,True,True,0,True
heldout,layer-91:FULL_MIXED_STRIPE:p8,FULL_MIXED_STRIPE,8,91,GATED_MLA,2,43,27.4247,True,True,0,True
heldout,layer-91:FULL_MIXED_STRIPE:p8,FULL_MIXED_STRIPE,8,91,GATED_MLA,2,44,26.9634,True,True,0,True
heldout,layer-91:FULL_MIXED_STRIPE:p8,FULL_MIXED_STRIPE,8,91,GATED_MLA,2,45,27.8253,True,True,0,True
heldout,layer-91:FULL_MIXED_STRIPE:p8,FULL_MIXED_STRIPE,8,91,GATED_MLA,2,46,28.0465,True,True,0,True
heldout,layer-91:FULL_MIXED_STRIPE:p8,FULL_MIXED_STRIPE,8,91,GATED_MLA,2,47,27.0628,True,True,0,True
heldout,layer-91:FULL_MIXED_STRIPE:p8,FULL_MIXED_STRIPE,8,91,GATED_MLA,2,48,27.7154,True,True,0,True
heldout,layer-91:FULL_MIXED_STRIPE:p8,FULL_MIXED_STRIPE,8,91,GATED_MLA,2,49,28.235,True,True,0,True
heldout,layer-91:FULL_MIXED_STRIPE:p8,FULL_MIXED_STRIPE,8,91,GATED_MLA,2,50,27.1575,True,True,0,True
heldout,layer-91:FULL_MIXED_STRIPE:p8,FULL_MIXED_STRIPE,8,91,GATED_MLA,2,51,27.2866,True,True,0,True
heldout,layer-91:FULL_MIXED_STRIPE:p8,FULL_MIXED_STRIPE,8,91,GATED_MLA,2,52,27.2992,True,True,0,True
heldout,layer-91:FULL_MIXED_STRIPE:p8,FULL_MIXED_STRIPE,8,91,GATED_MLA,2,53,27.5211,True,True,0,True
heldout,layer-91:FULL_MIXED_STRIPE:p8,FULL_MIXED_STRIPE,8,91,GATED_MLA,2,54,27.5917,True,True,0,True
heldout,layer-91:FULL_MIXED_STRIPE:p8,FULL_MIXED_STRIPE,8,91,GATED_MLA,2,55,27.8032,True,True,0,True
heldout,layer-91:FULL_MIXED_STRIPE:p8,FULL_MIXED_STRIPE,8,91,GATED_MLA,2,56,27.9138,True,True,0,True
heldout,layer-91:FULL_MIXED_STRIPE:p8,FULL_MIXED_STRIPE,8,91,GATED_MLA,2,57,27.3194,True,True,0,True
heldout,layer-91:FULL_MIXED_STRIPE:p8,FULL_MIXED_STRIPE,8,91,GATED_MLA,2,58,27.2588,True,True,0,True
heldout,layer-91:FULL_MIXED_STRIPE:p8,FULL_MIXED_STRIPE,8,91,GATED_MLA,2,59,27.2557,True,True,0,True
heldout,layer-91:FULL_MIXED_STRIPE:p8,FULL_MIXED_STRIPE,8,91,GATED_MLA,2,60,27.2897,True,True,0,True
heldout,layer-91:FULL_MIXED_STRIPE:p8,FULL_MIXED_STRIPE,8,91,GATED_MLA,2,61,27.2044,True,True,0,True
heldout,layer-91:FULL_MIXED_STRIPE:p8,FULL_MIXED_STRIPE,8,91,GATED_MLA,2,62,27.89,True,True,0,True
heldout,layer-91:FULL_MIXED_STRIPE:p8,FULL_MIXED_STRIPE,8,91,GATED_MLA,2,63,27.2801,True,True,0,True
heldout,layer-91:FULL_MIXED_STRIPE:p8,FULL_MIXED_STRIPE,8,91,GATED_MLA,2,64,27.2262,True,True,0,True
heldout,layer-91:FULL_MIXED_STRIPE:p8,FULL_MIXED_STRIPE,8,91,GATED_MLA,2,65,27.1227,True,True,0,True
heldout,layer-91:FULL_MIXED_STRIPE:p8,FULL_MIXED_STRIPE,8,91,GATED_MLA,2,66,27.0897,True,True,0,True
heldout,layer-91:FULL_MIXED_STRIPE:p8,FULL_MIXED_STRIPE,8,91,GATED_MLA,2,67,26.7096,True,True,0,True
heldout,layer-91:FULL_MIXED_STRIPE:p8,FULL_MIXED_STRIPE,8,91,GATED_MLA,2,68,27.0088,True,True,0,True
heldout,layer-91:FULL_MIXED_STRIPE:p8,FULL_MIXED_STRIPE,8,91,GATED_MLA,2,69,27.1116,True,True,0,True
heldout,layer-91:FULL_MIXED_STRIPE:p8,FULL_MIXED_STRIPE,8,91,GATED_MLA,2,70,27.0424,True,True,0,True
heldout,layer-91:FULL_MIXED_STRIPE:p8,FULL_MIXED_STRIPE,8,91,GATED_MLA,2,71,26.7923,True,True,0,True
heldout,layer-91:FULL_MIXED_STRIPE:p8,FULL_MIXED_STRIPE,8,91,GATED_MLA,2,72,27.2135,True,True,0,True
heldout,layer-91:FULL_MIXED_STRIPE:p8,FULL_MIXED_STRIPE,8,91,GATED_MLA,2,73,26.8809,True,True,0,True
heldout,layer-91:FULL_MIXED_STRIPE:p8,FULL_MIXED_STRIPE,8,91,GATED_MLA,2,74,27.1683,True,True,0,True
heldout,layer-91:FULL_MIXED_STRIPE:p8,FULL_MIXED_STRIPE,8,91,GATED_MLA,2,75,26.5712,True,True,0,True
heldout,layer-91:FULL_MIXED_STRIPE:p8,FULL_MIXED_STRIPE,8,91,GATED_MLA,2,76,27.111,True,True,0,True
heldout,layer-91:FULL_MIXED_STRIPE:p8,FULL_MIXED_STRIPE,8,91,GATED_MLA,2,77,27.1319,True,True,0,True
heldout,layer-91:FULL_MIXED_STRIPE:p8,FULL_MIXED_STRIPE,8,91,GATED_MLA,2,78,27.4582,True,True,0,True
heldout,layer-91:FULL_MIXED_STRIPE:p8,FULL_MIXED_STRIPE,8,91,GATED_MLA,2,79,27.4496,True,True,0,True
heldout,layer-91:FULL_MIXED_STRIPE:p8,FULL_MIXED_STRIPE,8,91,GATED_MLA,2,80,27.1678,True,True,0,True
heldout,layer-91:FULL_MIXED_STRIPE:p8,FULL_MIXED_STRIPE,8,91,GATED_MLA,2,81,26.96,True,True,0,True
heldout,layer-91:FULL_MIXED_STRIPE:p8,FULL_MIXED_STRIPE,8,91,GATED_MLA,2,82,26.6933,True,True,0,True
heldout,layer-91:FULL_MIXED_STRIPE:p8,FULL_MIXED_STRIPE,8,91,GATED_MLA,2,83,26.723,True,True,0,True
heldout,layer-91:FULL_MIXED_STRIPE:p8,FULL_MIXED_STRIPE,8,91,GATED_MLA,2,84,27.1092,True,True,0,True
heldout,layer-91:FULL_MIXED_STRIPE:p8,FULL_MIXED_STRIPE,8,91,GATED_MLA,2,85,27.6187,True,True,0,True
heldout,layer-91:FULL_MIXED_STRIPE:p8,FULL_MIXED_STRIPE,8,91,GATED_MLA,2,86,27.4063,True,True,0,True
heldout,layer-91:FULL_MIXED_STRIPE:p8,FULL_MIXED_STRIPE,8,91,GATED_MLA,2,87,27.5331,True,True,0,True
heldout,layer-91:FULL_MIXED_STRIPE:p8,FULL_MIXED_STRIPE,8,91,GATED_MLA,2,88,26.8995,True,True,0,True
heldout,layer-91:FULL_MIXED_STRIPE:p8,FULL_MIXED_STRIPE,8,91,GATED_MLA,2,89,27.4847,True,True,0,True
heldout,layer-91:FULL_MIXED_STRIPE:p8,FULL_MIXED_STRIPE,8,91,GATED_MLA,2,90,27.1825,True,True,0,True
heldout,layer-91:FULL_MIXED_STRIPE:p8,FULL_MIXED_STRIPE,8,91,GATED_MLA,2,91,26.6377,True,True,0,True
heldout,layer-91:FULL_MIXED_STRIPE:p8,FULL_MIXED_STRIPE,8,91,GATED_MLA,2,92,26.5815,True,True,0,True
heldout,layer-91:FULL_MIXED_STRIPE:p8,FULL_MIXED_STRIPE,8,91,GATED_MLA,2,93,27.1099,True,True,0,True
heldout,layer-91:FULL_MIXED_STRIPE:p8,FULL_MIXED_STRIPE,8,91,GATED_MLA,2,94,26.7282,True,True,0,True
heldout,layer-91:FULL_MIXED_STRIPE:p8,FULL_MIXED_STRIPE,8,91,GATED_MLA,2,95,26.4708,True,True,0,True
heldout,layer-91:FULL_MIXED_STRIPE:p8,FULL_MIXED_STRIPE,8,91,GATED_MLA,2,96,26.7655,True,True,0,True
heldout,layer-91:FULL_MIXED_STRIPE:p8,FULL_MIXED_STRIPE,8,91,GATED_MLA,2,97,26.7243,True,True,0,True
heldout,layer-91:FULL_MIXED_STRIPE:p8,FULL_MIXED_STRIPE,8,91,GATED_MLA,2,98,26.9681,True,True,0,True
heldout,layer-91:FULL_MIXED_STRIPE:p8,FULL_MIXED_STRIPE,8,91,GATED_MLA,2,99,27.8792,True,True,0,True
heldout,layer-91:FULL_MIXED_STRIPE:p8,FULL_MIXED_STRIPE,8,91,GATED_MLA,4,0,34.3298,True,True,0,True
heldout,layer-91:FULL_MIXED_STRIPE:p8,FULL_MIXED_STRIPE,8,91,GATED_MLA,4,1,33.9864,True,True,0,True
heldout,layer-91:FULL_MIXED_STRIPE:p8,FULL_MIXED_STRIPE,8,91,GATED_MLA,4,2,34.5389,True,True,0,True
heldout,layer-91:FULL_MIXED_STRIPE:p8,FULL_MIXED_STRIPE,8,91,GATED_MLA,4,3,34.4544,True,True,0,True
heldout,layer-91:FULL_MIXED_STRIPE:p8,FULL_MIXED_STRIPE,8,91,GATED_MLA,4,4,34.032,True,True,0,True
heldout,layer-91:FULL_MIXED_STRIPE:p8,FULL_MIXED_STRIPE,8,91,GATED_MLA,4,5,34.2034,True,True,0,True
heldout,layer-91:FULL_MIXED_STRIPE:p8,FULL_MIXED_STRIPE,8,91,GATED_MLA,4,6,34.3789,True,True,0,True
heldout,layer-91:FULL_MIXED_STRIPE:p8,FULL_MIXED_STRIPE,8,91,GATED_MLA,4,7,33.809,True,True,0,True
heldout,layer-91:FULL_MIXED_STRIPE:p8,FULL_MIXED_STRIPE,8,91,GATED_MLA,4,8,33.8092,True,True,0,True
heldout,layer-91:FULL_MIXED_STRIPE:p8,FULL_MIXED_STRIPE,8,91,GATED_MLA,4,9,33.658,True,True,0,True
heldout,layer-91:FULL_MIXED_STRIPE:p8,FULL_MIXED_STRIPE,8,91,GATED_MLA,4,10,33.4955,True,True,0,True
heldout,layer-91:FULL_MIXED_STRIPE:p8,FULL_MIXED_STRIPE,8,91,GATED_MLA,4,11,33.8355,True,True,0,True
heldout,layer-91:FULL_MIXED_STRIPE:p8,FULL_MIXED_STRIPE,8,91,GATED_MLA,4,12,34.4227,True,True,0,True
heldout,layer-91:FULL_MIXED_STRIPE:p8,FULL_MIXED_STRIPE,8,91,GATED_MLA,4,13,33.9424,True,True,0,True
heldout,layer-91:FULL_MIXED_STRIPE:p8,FULL_MIXED_STRIPE,8,91,GATED_MLA,4,14,34.1453,True,True,0,True
heldout,layer-91:FULL_MIXED_STRIPE:p8,FULL_MIXED_STRIPE,8,91,GATED_MLA,4,15,34.1604,True,True,0,True
heldout,layer-91:FULL_MIXED_STRIPE:p8,FULL_MIXED_STRIPE,8,91,GATED_MLA,4,16,33.9841,True,True,0,True
heldout,layer-91:FULL_MIXED_STRIPE:p8,FULL_MIXED_STRIPE,8,91,GATED_MLA,4,17,34.0148,True,True,0,True
heldout,layer-91:FULL_MIXED_STRIPE:p8,FULL_MIXED_STRIPE,8,91,GATED_MLA,4,18,33.9738,True,True,0,True
heldout,layer-91:FULL_MIXED_STRIPE:p8,FULL_MIXED_STRIPE,8,91,GATED_MLA,4,19,33.9569,True,True,0,True
heldout,layer-91:FULL_MIXED_STRIPE:p8,FULL_MIXED_STRIPE,8,91,GATED_MLA,4,20,33.8276,True,True,0,True
heldout,layer-91:FULL_MIXED_STRIPE:p8,FULL_MIXED_STRIPE,8,91,GATED_MLA,4,21,33.7744,True,True,0,True
heldout,layer-91:FULL_MIXED_STRIPE:p8,FULL_MIXED_STRIPE,8,91,GATED_MLA,4,22,33.9489,True,True,0,True
heldout,layer-91:FULL_MIXED_STRIPE:p8,FULL_MIXED_STRIPE,8,91,GATED_MLA,4,23,33.7997,True,True,0,True
heldout,layer-91:FULL_MIXED_STRIPE:p8,FULL_MIXED_STRIPE,8,91,GATED_MLA,4,24,33.8627,True,True,0,True
heldout,layer-91:FULL_MIXED_STRIPE:p8,FULL_MIXED_STRIPE,8,91,GATED_MLA,4,25,34.5341,True,True,0,True
heldout,layer-91:FULL_MIXED_STRIPE:p8,FULL_MIXED_STRIPE,8,91,GATED_MLA,4,26,34.3108,True,True,0,True
heldout,layer-91:FULL_MIXED_STRIPE:p8,FULL_MIXED_STRIPE,8,91,GATED_MLA,4,27,33.9445,True,True,0,True
heldout,layer-91:FULL_MIXED_STRIPE:p8,FULL_MIXED_STRIPE,8,91,GATED_MLA,4,28,34.3269,True,True,0,True
heldout,layer-91:FULL_MIXED_STRIPE:p8,FULL_MIXED_STRIPE,8,91,GATED_MLA,4,29,34.1048,True,True,0,True
heldout,layer-91:FULL_MIXED_STRIPE:p8,FULL_MIXED_STRIPE,8,91,GATED_MLA,4,30,33.7947,True,True,0,True
heldout,layer-91:FULL_MIXED_STRIPE:p8,FULL_MIXED_STRIPE,8,91,GATED_MLA,4,31,34.0336,True,True,0,True
heldout,layer-91:FULL_MIXED_STRIPE:p8,FULL_MIXED_STRIPE,8,91,GATED_MLA,4,32,34.4844,True,True,0,True
heldout,layer-91:FULL_MIXED_STRIPE:p8,FULL_MIXED_STRIPE,8,91,GATED_MLA,4,33,34.4107,True,True,0,True
heldout,layer-91:FULL_MIXED_STRIPE:p8,FULL_MIXED_STRIPE,8,91,GATED_MLA,4,34,34.8545,True,True,0,True
heldout,layer-91:FULL_MIXED_STRIPE:p8,FULL_MIXED_STRIPE,8,91,GATED_MLA,4,35,34.541,True,True,0,True
heldout,layer-91:FULL_MIXED_STRIPE:p8,FULL_MIXED_STRIPE,8,91,GATED_MLA,4,36,34.2046,True,True,0,True
heldout,layer-91:FULL_MIXED_STRIPE:p8,FULL_MIXED_STRIPE,8,91,GATED_MLA,4,37,34.3198,True,True,0,True
heldout,layer-91:FULL_MIXED_STRIPE:p8,FULL_MIXED_STRIPE,8,91,GATED_MLA,4,38,34.5313,True,True,0,True
heldout,layer-91:FULL_MIXED_STRIPE:p8,FULL_MIXED_STRIPE,8,91,GATED_MLA,4,39,33.9495,True,True,0,True
heldout,layer-91:FULL_MIXED_STRIPE:p8,FULL_MIXED_STRIPE,8,91,GATED_MLA,4,40,33.6221,True,True,0,True
heldout,layer-91:FULL_MIXED_STRIPE:p8,FULL_MIXED_STRIPE,8,91,GATED_MLA,4,41,33.6232,True,True,0,True
heldout,layer-91:FULL_MIXED_STRIPE:p8,FULL_MIXED_STRIPE,8,91,GATED_MLA,4,42,33.8274,True,True,0,True
heldout,layer-91:FULL_MIXED_STRIPE:p8,FULL_MIXED_STRIPE,8,91,GATED_MLA,4,43,35.0464,True,True,0,True
heldout,layer-91:FULL_MIXED_STRIPE:p8,FULL_MIXED_STRIPE,8,91,GATED_MLA,4,44,34.499,True,True,0,True
heldout,layer-91:FULL_MIXED_STRIPE:p8,FULL_MIXED_STRIPE,8,91,GATED_MLA,4,45,33.9846,True,True,0,True
heldout,layer-91:FULL_MIXED_STRIPE:p8,FULL_MIXED_STRIPE,8,91,GATED_MLA,4,46,34.0119,True,True,0,True
heldout,layer-91:FULL_MIXED_STRIPE:p8,FULL_MIXED_STRIPE,8,91,GATED_MLA,4,47,34.3327,True,True,0,True
heldout,layer-91:FULL_MIXED_STRIPE:p8,FULL_MIXED_STRIPE,8,91,GATED_MLA,4,48,35.0672,True,True,0,True
heldout,layer-91:FULL_MIXED_STRIPE:p8,FULL_MIXED_STRIPE,8,91,GATED_MLA,4,49,34.5858,True,True,0,True
heldout,layer-91:FULL_MIXED_STRIPE:p8,FULL_MIXED_STRIPE,8,91,GATED_MLA,4,50,34.4157,True,True,0,True
heldout,layer-91:FULL_MIXED_STRIPE:p8,FULL_MIXED_STRIPE,8,91,GATED_MLA,4,51,33.9709,True,True,0,True
heldout,layer-91:FULL_MIXED_STRIPE:p8,FULL_MIXED_STRIPE,8,91,GATED_MLA,4,52,33.8119,True,True,0,True
heldout,layer-91:FULL_MIXED_STRIPE:p8,FULL_MIXED_STRIPE,8,91,GATED_MLA,4,53,34.5412,True,True,0,True
heldout,layer-91:FULL_MIXED_STRIPE:p8,FULL_MIXED_STRIPE,8,91,GATED_MLA,4,54,34.4359,True,True,0,True
heldout,layer-91:FULL_MIXED_STRIPE:p8,FULL_MIXED_STRIPE,8,91,GATED_MLA,4,55,33.8489,True,True,0,True
heldout,layer-91:FULL_MIXED_STRIPE:p8,FULL_MIXED_STRIPE,8,91,GATED_MLA,4,56,33.9996,True,True,0,True
heldout,layer-91:FULL_MIXED_STRIPE:p8,FULL_MIXED_STRIPE,8,91,GATED_MLA,4,57,34.8701,True,True,0,True
heldout,layer-91:FULL_MIXED_STRIPE:p8,FULL_MIXED_STRIPE,8,91,GATED_MLA,4,58,34.0531,True,True,0,True
heldout,layer-91:FULL_MIXED_STRIPE:p8,FULL_MIXED_STRIPE,8,91,GATED_MLA,4,59,34.4836,True,True,0,True
heldout,layer-91:FULL_MIXED_STRIPE:p8,FULL_MIXED_STRIPE,8,91,GATED_MLA,4,60,34.4703,True,True,0,True
heldout,layer-91:FULL_MIXED_STRIPE:p8,FULL_MIXED_STRIPE,8,91,GATED_MLA,4,61,35.1187,True,True,0,True
heldout,layer-91:FULL_MIXED_STRIPE:p8,FULL_MIXED_STRIPE,8,91,GATED_MLA,4,62,34.4737,True,True,0,True
heldout,layer-91:FULL_MIXED_STRIPE:p8,FULL_MIXED_STRIPE,8,91,GATED_MLA,4,63,34.1406,True,True,0,True
heldout,layer-91:FULL_MIXED_STRIPE:p8,FULL_MIXED_STRIPE,8,91,GATED_MLA,4,64,33.5373,True,True,0,True
heldout,layer-91:FULL_MIXED_STRIPE:p8,FULL_MIXED_STRIPE,8,91,GATED_MLA,4,65,34.1392,True,True,0,True
heldout,layer-91:FULL_MIXED_STRIPE:p8,FULL_MIXED_STRIPE,8,91,GATED_MLA,4,66,34.5141,True,True,0,True
heldout,layer-91:FULL_MIXED_STRIPE:p8,FULL_MIXED_STRIPE,8,91,GATED_MLA,4,67,34.048,True,True,0,True
heldout,layer-91:FULL_MIXED_STRIPE:p8,FULL_MIXED_STRIPE,8,91,GATED_MLA,4,68,34.4721,True,True,0,True
heldout,layer-91:FULL_MIXED_STRIPE:p8,FULL_MIXED_STRIPE,8,91,GATED_MLA,4,69,34.0039,True,True,0,True
heldout,layer-91:FULL_MIXED_STRIPE:p8,FULL_MIXED_STRIPE,8,91,GATED_MLA,4,70,33.7676,True,True,0,True
heldout,layer-91:FULL_MIXED_STRIPE:p8,FULL_MIXED_STRIPE,8,91,GATED_MLA,4,71,34.5182,True,True,0,True
heldout,layer-91:FULL_MIXED_STRIPE:p8,FULL_MIXED_STRIPE,8,91,GATED_MLA,4,72,34.4743,True,True,0,True
heldout,layer-91:FULL_MIXED_STRIPE:p8,FULL_MIXED_STRIPE,8,91,GATED_MLA,4,73,33.38,True,True,0,True
heldout,layer-91:FULL_MIXED_STRIPE:p8,FULL_MIXED_STRIPE,8,91,GATED_MLA,4,74,33.6901,True,True,0,True
heldout,layer-91:FULL_MIXED_STRIPE:p8,FULL_MIXED_STRIPE,8,91,GATED_MLA,4,75,34.2083,True,True,0,True
heldout,layer-91:FULL_MIXED_STRIPE:p8,FULL_MIXED_STRIPE,8,91,GATED_MLA,4,76,34.025,True,True,0,True
heldout,layer-91:FULL_MIXED_STRIPE:p8,FULL_MIXED_STRIPE,8,91,GATED_MLA,4,77,34.1793,True,True,0,True
heldout,layer-91:FULL_MIXED_STRIPE:p8,FULL_MIXED_STRIPE,8,91,GATED_MLA,4,78,34.7159,True,True,0,True
heldout,layer-91:FULL_MIXED_STRIPE:p8,FULL_MIXED_STRIPE,8,91,GATED_MLA,4,79,33.7234,True,True,0,True
heldout,layer-91:FULL_MIXED_STRIPE:p8,FULL_MIXED_STRIPE,8,91,GATED_MLA,4,80,33.7039,True,True,0,True
heldout,layer-91:FULL_MIXED_STRIPE:p8,FULL_MIXED_STRIPE,8,91,GATED_MLA,4,81,33.5094,True,True,0,True
heldout,layer-91:FULL_MIXED_STRIPE:p8,FULL_MIXED_STRIPE,8,91,GATED_MLA,4,82,34.1524,True,True,0,True
heldout,layer-91:FULL_MIXED_STRIPE:p8,FULL_MIXED_STRIPE,8,91,GATED_MLA,4,83,34.4673,True,True,0,True
heldout,layer-91:FULL_MIXED_STRIPE:p8,FULL_MIXED_STRIPE,8,91,GATED_MLA,4,84,34.2736,True,True,0,True
heldout,layer-91:FULL_MIXED_STRIPE:p8,FULL_MIXED_STRIPE,8,91,GATED_MLA,4,85,34.0087,True,True,0,True
heldout,layer-91:FULL_MIXED_STRIPE:p8,FULL_MIXED_STRIPE,8,91,GATED_MLA,4,86,34.0673,True,True,0,True
heldout,layer-91:FULL_MIXED_STRIPE:p8,FULL_MIXED_STRIPE,8,91,GATED_MLA,4,87,31.6438,True,True,0,True
heldout,layer-91:FULL_MIXED_STRIPE:p8,FULL_MIXED_STRIPE,8,91,GATED_MLA,4,88,33.2509,True,True,0,True
heldout,layer-91:FULL_MIXED_STRIPE:p8,FULL_MIXED_STRIPE,8,91,GATED_MLA,4,89,34.6295,True,True,0,True
heldout,layer-91:FULL_MIXED_STRIPE:p8,FULL_MIXED_STRIPE,8,91,GATED_MLA,4,90,35.7858,True,True,0,True
heldout,layer-91:FULL_MIXED_STRIPE:p8,FULL_MIXED_STRIPE,8,91,GATED_MLA,4,91,34.3843,True,True,0,True
heldout,layer-91:FULL_MIXED_STRIPE:p8,FULL_MIXED_STRIPE,8,91,GATED_MLA,4,92,34.7616,True,True,0,True
heldout,layer-91:FULL_MIXED_STRIPE:p8,FULL_MIXED_STRIPE,8,91,GATED_MLA,4,93,34.3249,True,True,0,True
heldout,layer-91:FULL_MIXED_STRIPE:p8,FULL_MIXED_STRIPE,8,91,GATED_MLA,4,94,34.4244,True,True,0,True
heldout,layer-91:FULL_MIXED_STRIPE:p8,FULL_MIXED_STRIPE,8,91,GATED_MLA,4,95,33.9754,True,True,0,True
heldout,layer-91:FULL_MIXED_STRIPE:p8,FULL_MIXED_STRIPE,8,91,GATED_MLA,4,96,34.1959,True,True,0,True
heldout,layer-91:FULL_MIXED_STRIPE:p8,FULL_MIXED_STRIPE,8,91,GATED_MLA,4,97,33.7234,True,True,0,True
heldout,layer-91:FULL_MIXED_STRIPE:p8,FULL_MIXED_STRIPE,8,91,GATED_MLA,4,98,34.165,True,True,0,True
heldout,layer-91:FULL_MIXED_STRIPE:p8,FULL_MIXED_STRIPE,8,91,GATED_MLA,4,99,33.9801,True,True,0,True
