split,candidate_id,candidate_type,degree,layer,layer_type,rows,sample_index,wall_ms,device_ms,finite_output,production_native_dispatch,timed_checkpoint_reads,resident_weights,resident_memory_bytes
calibration,layer-45:WHOLE_LAYER:p1,WHOLE_LAYER,1,45,KDA,1,0,4.7587,4.558047771453857,True,True,0,True,18285068288
calibration,layer-45:WHOLE_LAYER:p1,WHOLE_LAYER,1,45,KDA,1,1,4.9018,4.669375896453857,True,True,0,True,18285068288
calibration,layer-45:WHOLE_LAYER:p1,WHOLE_LAYER,1,45,KDA,1,2,4.8057,4.581056118011475,True,True,0,True,18285068288
calibration,layer-45:WHOLE_LAYER:p1,WHOLE_LAYER,1,45,KDA,1,3,4.7914,4.582272052764893,True,True,0,True,18285068288
calibration,layer-45:WHOLE_LAYER:p1,WHOLE_LAYER,1,45,KDA,1,4,4.7997,4.56982421875,True,True,0,True,18285068288
calibration,layer-45:WHOLE_LAYER:p1,WHOLE_LAYER,1,45,KDA,1,5,4.7506,4.540448188781738,True,True,0,True,18285068288
calibration,layer-45:WHOLE_LAYER:p1,WHOLE_LAYER,1,45,KDA,1,6,4.7852,4.579071998596191,True,True,0,True,18285068288
calibration,layer-45:WHOLE_LAYER:p1,WHOLE_LAYER,1,45,KDA,1,7,4.8899,4.641088008880615,True,True,0,True,18285068288
calibration,layer-45:WHOLE_LAYER:p1,WHOLE_LAYER,1,45,KDA,1,8,4.862,4.630943775177002,True,True,0,True,18285068288
calibration,layer-45:WHOLE_LAYER:p1,WHOLE_LAYER,1,45,KDA,1,9,4.7804,4.569727897644043,True,True,0,True,18285068288
calibration,layer-45:WHOLE_LAYER:p1,WHOLE_LAYER,1,45,KDA,1,10,4.8462,4.597248077392578,True,True,0,True,18285068288
calibration,layer-45:WHOLE_LAYER:p1,WHOLE_LAYER,1,45,KDA,1,11,4.8716,4.571392059326172,True,True,0,True,18285068288
calibration,layer-45:WHOLE_LAYER:p1,WHOLE_LAYER,1,45,KDA,1,12,4.7856,4.573760032653809,True,True,0,True,18285068288
calibration,layer-45:WHOLE_LAYER:p1,WHOLE_LAYER,1,45,KDA,1,13,4.7647,4.557504177093506,True,True,0,True,18285068288
calibration,layer-45:WHOLE_LAYER:p1,WHOLE_LAYER,1,45,KDA,1,14,4.9027,4.6533122062683105,True,True,0,True,18285068288
calibration,layer-45:WHOLE_LAYER:p1,WHOLE_LAYER,1,45,KDA,1,15,4.8118,4.5675201416015625,True,True,0,True,18285068288
calibration,layer-45:WHOLE_LAYER:p1,WHOLE_LAYER,1,45,KDA,1,16,4.8043,4.591519832611084,True,True,0,True,18285068288
calibration,layer-45:WHOLE_LAYER:p1,WHOLE_LAYER,1,45,KDA,1,17,4.8524,4.63267183303833,True,True,0,True,18285068288
calibration,layer-45:WHOLE_LAYER:p1,WHOLE_LAYER,1,45,KDA,1,18,4.967,4.749023914337158,True,True,0,True,18285068288
calibration,layer-45:WHOLE_LAYER:p1,WHOLE_LAYER,1,45,KDA,1,19,4.1134,3.9025919437408447,True,True,0,True,18285068288
calibration,layer-45:WHOLE_LAYER:p1,WHOLE_LAYER,1,45,KDA,1,20,4.2587,3.9937920570373535,True,True,0,True,18285068288
calibration,layer-45:WHOLE_LAYER:p1,WHOLE_LAYER,1,45,KDA,1,21,4.2107,3.9601919651031494,True,True,0,True,18285068288
calibration,layer-45:WHOLE_LAYER:p1,WHOLE_LAYER,1,45,KDA,1,22,4.1681,3.939552068710327,True,True,0,True,18285068288
calibration,layer-45:WHOLE_LAYER:p1,WHOLE_LAYER,1,45,KDA,1,23,4.1729,3.92192006111145,True,True,0,True,18285068288
calibration,layer-45:WHOLE_LAYER:p1,WHOLE_LAYER,1,45,KDA,1,24,4.2348,3.9833920001983643,True,True,0,True,18285068288
calibration,layer-45:WHOLE_LAYER:p1,WHOLE_LAYER,1,45,KDA,1,25,4.1518,3.924351930618286,True,True,0,True,18285068288
calibration,layer-45:WHOLE_LAYER:p1,WHOLE_LAYER,1,45,KDA,1,26,4.1152,3.908128023147583,True,True,0,True,18285068288
calibration,layer-45:WHOLE_LAYER:p1,WHOLE_LAYER,1,45,KDA,1,27,4.1605,3.9356160163879395,True,True,0,True,18285068288
calibration,layer-45:WHOLE_LAYER:p1,WHOLE_LAYER,1,45,KDA,1,28,4.1808,3.9521920680999756,True,True,0,True,18285068288
calibration,layer-45:WHOLE_LAYER:p1,WHOLE_LAYER,1,45,KDA,1,29,4.121,3.916032075881958,True,True,0,True,18285068288
calibration,layer-45:WHOLE_LAYER:p1,WHOLE_LAYER,1,45,KDA,1,30,4.1099,3.913151979446411,True,True,0,True,18285068288
calibration,layer-45:WHOLE_LAYER:p1,WHOLE_LAYER,1,45,KDA,1,31,4.1535,3.9211840629577637,True,True,0,True,18285068288
calibration,layer-45:WHOLE_LAYER:p1,WHOLE_LAYER,1,45,KDA,1,32,4.124,3.9125759601593018,True,True,0,True,18285068288
calibration,layer-45:WHOLE_LAYER:p1,WHOLE_LAYER,1,45,KDA,1,33,4.1077,3.91212797164917,True,True,0,True,18285068288
calibration,layer-45:WHOLE_LAYER:p1,WHOLE_LAYER,1,45,KDA,1,34,4.1253,3.928704023361206,True,True,0,True,18285068288
calibration,layer-45:WHOLE_LAYER:p1,WHOLE_LAYER,1,45,KDA,1,35,4.623,3.9799039363861084,True,True,0,True,18285068288
calibration,layer-45:WHOLE_LAYER:p1,WHOLE_LAYER,1,45,KDA,1,36,4.1606,3.9156479835510254,True,True,0,True,18285068288
calibration,layer-45:WHOLE_LAYER:p1,WHOLE_LAYER,1,45,KDA,1,37,4.1127,3.909503936767578,True,True,0,True,18285068288
calibration,layer-45:WHOLE_LAYER:p1,WHOLE_LAYER,1,45,KDA,1,38,4.125,3.915679931640625,True,True,0,True,18285068288
calibration,layer-45:WHOLE_LAYER:p1,WHOLE_LAYER,1,45,KDA,1,39,4.2149,3.928447961807251,True,True,0,True,18285068288
calibration,layer-45:WHOLE_LAYER:p1,WHOLE_LAYER,1,45,KDA,1,40,4.1154,3.9114561080932617,True,True,0,True,18285068288
calibration,layer-45:WHOLE_LAYER:p1,WHOLE_LAYER,1,45,KDA,1,41,4.1218,3.926367998123169,True,True,0,True,18285068288
calibration,layer-45:WHOLE_LAYER:p1,WHOLE_LAYER,1,45,KDA,1,42,4.1687,3.9414079189300537,True,True,0,True,18285068288
calibration,layer-45:WHOLE_LAYER:p1,WHOLE_LAYER,1,45,KDA,1,43,4.2065,3.963871955871582,True,True,0,True,18285068288
calibration,layer-45:WHOLE_LAYER:p1,WHOLE_LAYER,1,45,KDA,1,44,4.1204,3.910144090652466,True,True,0,True,18285068288
calibration,layer-45:WHOLE_LAYER:p1,WHOLE_LAYER,1,45,KDA,1,45,4.0779,3.884063959121704,True,True,0,True,18285068288
calibration,layer-45:WHOLE_LAYER:p1,WHOLE_LAYER,1,45,KDA,1,46,4.1148,3.9141759872436523,True,True,0,True,18285068288
calibration,layer-45:WHOLE_LAYER:p1,WHOLE_LAYER,1,45,KDA,1,47,4.1443,3.9089279174804688,True,True,0,True,18285068288
calibration,layer-45:WHOLE_LAYER:p1,WHOLE_LAYER,1,45,KDA,1,48,4.1036,3.9099199771881104,True,True,0,True,18285068288
calibration,layer-45:WHOLE_LAYER:p1,WHOLE_LAYER,1,45,KDA,1,49,4.1248,3.9297280311584473,True,True,0,True,18285068288
calibration,layer-45:WHOLE_LAYER:p1,WHOLE_LAYER,1,45,KDA,1,50,4.1258,3.9051520824432373,True,True,0,True,18285068288
calibration,layer-45:WHOLE_LAYER:p1,WHOLE_LAYER,1,45,KDA,1,51,4.1012,3.9021759033203125,True,True,0,True,18285068288
calibration,layer-45:WHOLE_LAYER:p1,WHOLE_LAYER,1,45,KDA,1,52,4.0996,3.9069440364837646,True,True,0,True,18285068288
calibration,layer-45:WHOLE_LAYER:p1,WHOLE_LAYER,1,45,KDA,1,53,4.1157,3.9286398887634277,True,True,0,True,18285068288
calibration,layer-45:WHOLE_LAYER:p1,WHOLE_LAYER,1,45,KDA,1,54,4.154,3.955519914627075,True,True,0,True,18285068288
calibration,layer-45:WHOLE_LAYER:p1,WHOLE_LAYER,1,45,KDA,1,55,4.0933,3.8977599143981934,True,True,0,True,18285068288
calibration,layer-45:WHOLE_LAYER:p1,WHOLE_LAYER,1,45,KDA,1,56,4.1539,3.953792095184326,True,True,0,True,18285068288
calibration,layer-45:WHOLE_LAYER:p1,WHOLE_LAYER,1,45,KDA,1,57,4.2224,4.001311779022217,True,True,0,True,18285068288
calibration,layer-45:WHOLE_LAYER:p1,WHOLE_LAYER,1,45,KDA,1,58,4.1368,3.9293758869171143,True,True,0,True,18285068288
calibration,layer-45:WHOLE_LAYER:p1,WHOLE_LAYER,1,45,KDA,1,59,4.1635,3.9251201152801514,True,True,0,True,18285068288
calibration,layer-45:WHOLE_LAYER:p1,WHOLE_LAYER,1,45,KDA,1,60,4.1089,3.9095358848571777,True,True,0,True,18285068288
calibration,layer-45:WHOLE_LAYER:p1,WHOLE_LAYER,1,45,KDA,1,61,4.4435,4.161856174468994,True,True,0,True,18285068288
calibration,layer-45:WHOLE_LAYER:p1,WHOLE_LAYER,1,45,KDA,1,62,4.3997,4.071008205413818,True,True,0,True,18285068288
calibration,layer-45:WHOLE_LAYER:p1,WHOLE_LAYER,1,45,KDA,1,63,4.3121,4.054975986480713,True,True,0,True,18285068288
calibration,layer-45:WHOLE_LAYER:p1,WHOLE_LAYER,1,45,KDA,1,64,4.5636,3.9899520874023438,True,True,0,True,18285068288
calibration,layer-45:WHOLE_LAYER:p1,WHOLE_LAYER,1,45,KDA,1,65,4.8067,4.525248050689697,True,True,0,True,18285068288
calibration,layer-45:WHOLE_LAYER:p1,WHOLE_LAYER,1,45,KDA,1,66,4.2334,3.9689600467681885,True,True,0,True,18285068288
calibration,layer-45:WHOLE_LAYER:p1,WHOLE_LAYER,1,45,KDA,1,67,4.7899,4.503488063812256,True,True,0,True,18285068288
calibration,layer-45:WHOLE_LAYER:p1,WHOLE_LAYER,1,45,KDA,1,68,4.483,4.154816150665283,True,True,0,True,18285068288
calibration,layer-45:WHOLE_LAYER:p1,WHOLE_LAYER,1,45,KDA,1,69,4.1603,3.923520088195801,True,True,0,True,18285068288
calibration,layer-45:WHOLE_LAYER:p1,WHOLE_LAYER,1,45,KDA,1,70,4.2646,4.032383918762207,True,True,0,True,18285068288
calibration,layer-45:WHOLE_LAYER:p1,WHOLE_LAYER,1,45,KDA,1,71,4.3366,4.001344203948975,True,True,0,True,18285068288
calibration,layer-45:WHOLE_LAYER:p1,WHOLE_LAYER,1,45,KDA,1,72,4.3162,3.9903039932250977,True,True,0,True,18285068288
calibration,layer-45:WHOLE_LAYER:p1,WHOLE_LAYER,1,45,KDA,1,73,4.289,3.979327917098999,True,True,0,True,18285068288
calibration,layer-45:WHOLE_LAYER:p1,WHOLE_LAYER,1,45,KDA,1,74,4.2459,3.9429121017456055,True,True,0,True,18285068288
calibration,layer-45:WHOLE_LAYER:p1,WHOLE_LAYER,1,45,KDA,1,75,4.3799,4.042687892913818,True,True,0,True,18285068288
calibration,layer-45:WHOLE_LAYER:p1,WHOLE_LAYER,1,45,KDA,1,76,4.2485,3.9593279361724854,True,True,0,True,18285068288
calibration,layer-45:WHOLE_LAYER:p1,WHOLE_LAYER,1,45,KDA,1,77,4.2608,3.967711925506592,True,True,0,True,18285068288
calibration,layer-45:WHOLE_LAYER:p1,WHOLE_LAYER,1,45,KDA,1,78,4.2562,3.979327917098999,True,True,0,True,18285068288
calibration,layer-45:WHOLE_LAYER:p1,WHOLE_LAYER,1,45,KDA,1,79,4.3162,3.9714560508728027,True,True,0,True,18285068288
calibration,layer-45:WHOLE_LAYER:p1,WHOLE_LAYER,1,45,KDA,1,80,4.2056,3.9386560916900635,True,True,0,True,18285068288
calibration,layer-45:WHOLE_LAYER:p1,WHOLE_LAYER,1,45,KDA,1,81,4.2498,3.9762558937072754,True,True,0,True,18285068288
calibration,layer-45:WHOLE_LAYER:p1,WHOLE_LAYER,1,45,KDA,1,82,4.6189,4.17855978012085,True,True,0,True,18285068288
calibration,layer-45:WHOLE_LAYER:p1,WHOLE_LAYER,1,45,KDA,1,83,4.467,4.050303936004639,True,True,0,True,18285068288
calibration,layer-45:WHOLE_LAYER:p1,WHOLE_LAYER,1,45,KDA,1,84,4.3929,4.0469441413879395,True,True,0,True,18285068288
calibration,layer-45:WHOLE_LAYER:p1,WHOLE_LAYER,1,45,KDA,1,85,4.216,3.957632064819336,True,True,0,True,18285068288
calibration,layer-45:WHOLE_LAYER:p1,WHOLE_LAYER,1,45,KDA,1,86,4.2691,3.9941439628601074,True,True,0,True,18285068288
calibration,layer-45:WHOLE_LAYER:p1,WHOLE_LAYER,1,45,KDA,1,87,4.163,3.932703971862793,True,True,0,True,18285068288
calibration,layer-45:WHOLE_LAYER:p1,WHOLE_LAYER,1,45,KDA,1,88,4.1571,3.9363200664520264,True,True,0,True,18285068288
calibration,layer-45:WHOLE_LAYER:p1,WHOLE_LAYER,1,45,KDA,1,89,4.1354,3.924896001815796,True,True,0,True,18285068288
calibration,layer-45:WHOLE_LAYER:p1,WHOLE_LAYER,1,45,KDA,1,90,4.1381,3.923680067062378,True,True,0,True,18285068288
calibration,layer-45:WHOLE_LAYER:p1,WHOLE_LAYER,1,45,KDA,1,91,4.1704,3.9554879665374756,True,True,0,True,18285068288
calibration,layer-45:WHOLE_LAYER:p1,WHOLE_LAYER,1,45,KDA,1,92,4.1172,3.909440040588379,True,True,0,True,18285068288
calibration,layer-45:WHOLE_LAYER:p1,WHOLE_LAYER,1,45,KDA,1,93,4.1053,3.911072015762329,True,True,0,True,18285068288
calibration,layer-45:WHOLE_LAYER:p1,WHOLE_LAYER,1,45,KDA,1,94,4.1404,3.9223361015319824,True,True,0,True,18285068288
calibration,layer-45:WHOLE_LAYER:p1,WHOLE_LAYER,1,45,KDA,1,95,4.198,3.9410879611968994,True,True,0,True,18285068288
calibration,layer-45:WHOLE_LAYER:p1,WHOLE_LAYER,1,45,KDA,1,96,4.1409,3.940000057220459,True,True,0,True,18285068288
calibration,layer-45:WHOLE_LAYER:p1,WHOLE_LAYER,1,45,KDA,1,97,4.2133,4.0062079429626465,True,True,0,True,18285068288
calibration,layer-45:WHOLE_LAYER:p1,WHOLE_LAYER,1,45,KDA,1,98,4.2599,4.00054407119751,True,True,0,True,18285068288
calibration,layer-45:WHOLE_LAYER:p1,WHOLE_LAYER,1,45,KDA,1,99,4.1975,3.954335927963257,True,True,0,True,18285068288
calibration,layer-45:WHOLE_LAYER:p1,WHOLE_LAYER,1,45,KDA,2,0,5.6854,5.338111877441406,True,True,0,True,18285068288
calibration,layer-45:WHOLE_LAYER:p1,WHOLE_LAYER,1,45,KDA,2,1,5.8687,5.523039817810059,True,True,0,True,18285068288
calibration,layer-45:WHOLE_LAYER:p1,WHOLE_LAYER,1,45,KDA,2,2,5.8031,5.4615678787231445,True,True,0,True,18285068288
calibration,layer-45:WHOLE_LAYER:p1,WHOLE_LAYER,1,45,KDA,2,3,5.7925,5.413407802581787,True,True,0,True,18285068288
calibration,layer-45:WHOLE_LAYER:p1,WHOLE_LAYER,1,45,KDA,2,4,6.3548,5.5306878089904785,True,True,0,True,18285068288
calibration,layer-45:WHOLE_LAYER:p1,WHOLE_LAYER,1,45,KDA,2,5,5.8194,5.43939208984375,True,True,0,True,18285068288
calibration,layer-45:WHOLE_LAYER:p1,WHOLE_LAYER,1,45,KDA,2,6,5.6584,5.315936088562012,True,True,0,True,18285068288
calibration,layer-45:WHOLE_LAYER:p1,WHOLE_LAYER,1,45,KDA,2,7,5.869,5.531680107116699,True,True,0,True,18285068288
calibration,layer-45:WHOLE_LAYER:p1,WHOLE_LAYER,1,45,KDA,2,8,5.7898,5.456960201263428,True,True,0,True,18285068288
calibration,layer-45:WHOLE_LAYER:p1,WHOLE_LAYER,1,45,KDA,2,9,5.7061,5.380928039550781,True,True,0,True,18285068288
calibration,layer-45:WHOLE_LAYER:p1,WHOLE_LAYER,1,45,KDA,2,10,5.8633,5.543712139129639,True,True,0,True,18285068288
calibration,layer-45:WHOLE_LAYER:p1,WHOLE_LAYER,1,45,KDA,2,11,5.8167,5.4404802322387695,True,True,0,True,18285068288
calibration,layer-45:WHOLE_LAYER:p1,WHOLE_LAYER,1,45,KDA,2,12,5.6701,5.327744007110596,True,True,0,True,18285068288
calibration,layer-45:WHOLE_LAYER:p1,WHOLE_LAYER,1,45,KDA,2,13,5.9131,5.56879997253418,True,True,0,True,18285068288
calibration,layer-45:WHOLE_LAYER:p1,WHOLE_LAYER,1,45,KDA,2,14,5.9294,5.536223888397217,True,True,0,True,18285068288
calibration,layer-45:WHOLE_LAYER:p1,WHOLE_LAYER,1,45,KDA,2,15,5.8176,5.388991832733154,True,True,0,True,18285068288
calibration,layer-45:WHOLE_LAYER:p1,WHOLE_LAYER,1,45,KDA,2,16,5.9169,5.568352222442627,True,True,0,True,18285068288
calibration,layer-45:WHOLE_LAYER:p1,WHOLE_LAYER,1,45,KDA,2,17,5.7748,5.4319682121276855,True,True,0,True,18285068288
calibration,layer-45:WHOLE_LAYER:p1,WHOLE_LAYER,1,45,KDA,2,18,5.7021,5.322080135345459,True,True,0,True,18285068288
calibration,layer-45:WHOLE_LAYER:p1,WHOLE_LAYER,1,45,KDA,2,19,5.8776,5.525568008422852,True,True,0,True,18285068288
calibration,layer-45:WHOLE_LAYER:p1,WHOLE_LAYER,1,45,KDA,2,20,5.7445,5.414400100708008,True,True,0,True,18285068288
calibration,layer-45:WHOLE_LAYER:p1,WHOLE_LAYER,1,45,KDA,2,21,5.6806,5.32044792175293,True,True,0,True,18285068288
calibration,layer-45:WHOLE_LAYER:p1,WHOLE_LAYER,1,45,KDA,2,22,5.8472,5.501120090484619,True,True,0,True,18285068288
calibration,layer-45:WHOLE_LAYER:p1,WHOLE_LAYER,1,45,KDA,2,23,5.7179,5.382080078125,True,True,0,True,18285068288
calibration,layer-45:WHOLE_LAYER:p1,WHOLE_LAYER,1,45,KDA,2,24,5.6749,5.3342719078063965,True,True,0,True,18285068288
calibration,layer-45:WHOLE_LAYER:p1,WHOLE_LAYER,1,45,KDA,2,25,5.87,5.491680145263672,True,True,0,True,18285068288
calibration,layer-45:WHOLE_LAYER:p1,WHOLE_LAYER,1,45,KDA,2,26,5.7397,5.4088640213012695,True,True,0,True,18285068288
calibration,layer-45:WHOLE_LAYER:p1,WHOLE_LAYER,1,45,KDA,2,27,5.7371,5.379136085510254,True,True,0,True,18285068288
calibration,layer-45:WHOLE_LAYER:p1,WHOLE_LAYER,1,45,KDA,2,28,5.8705,5.523583889007568,True,True,0,True,18285068288
calibration,layer-45:WHOLE_LAYER:p1,WHOLE_LAYER,1,45,KDA,2,29,5.7693,5.445119857788086,True,True,0,True,18285068288
calibration,layer-45:WHOLE_LAYER:p1,WHOLE_LAYER,1,45,KDA,2,30,5.6468,5.330912113189697,True,True,0,True,18285068288
calibration,layer-45:WHOLE_LAYER:p1,WHOLE_LAYER,1,45,KDA,2,31,5.7829,5.46073579788208,True,True,0,True,18285068288
calibration,layer-45:WHOLE_LAYER:p1,WHOLE_LAYER,1,45,KDA,2,32,5.8343,5.424511909484863,True,True,0,True,18285068288
calibration,layer-45:WHOLE_LAYER:p1,WHOLE_LAYER,1,45,KDA,2,33,5.7786,5.374144077301025,True,True,0,True,18285068288
calibration,layer-45:WHOLE_LAYER:p1,WHOLE_LAYER,1,45,KDA,2,34,5.9286,5.532512187957764,True,True,0,True,18285068288
calibration,layer-45:WHOLE_LAYER:p1,WHOLE_LAYER,1,45,KDA,2,35,5.9765,5.5194878578186035,True,True,0,True,18285068288
calibration,layer-45:WHOLE_LAYER:p1,WHOLE_LAYER,1,45,KDA,2,36,5.7754,5.341599941253662,True,True,0,True,18285068288
calibration,layer-45:WHOLE_LAYER:p1,WHOLE_LAYER,1,45,KDA,2,37,6.0836,5.625792026519775,True,True,0,True,18285068288
calibration,layer-45:WHOLE_LAYER:p1,WHOLE_LAYER,1,45,KDA,2,38,5.8861,5.442592144012451,True,True,0,True,18285068288
calibration,layer-45:WHOLE_LAYER:p1,WHOLE_LAYER,1,45,KDA,2,39,5.8053,5.307487964630127,True,True,0,True,18285068288
calibration,layer-45:WHOLE_LAYER:p1,WHOLE_LAYER,1,45,KDA,2,40,6.1116,5.628223896026611,True,True,0,True,18285068288
calibration,layer-45:WHOLE_LAYER:p1,WHOLE_LAYER,1,45,KDA,2,41,5.9424,5.50816011428833,True,True,0,True,18285068288
calibration,layer-45:WHOLE_LAYER:p1,WHOLE_LAYER,1,45,KDA,2,42,5.7847,5.412576198577881,True,True,0,True,18285068288
calibration,layer-45:WHOLE_LAYER:p1,WHOLE_LAYER,1,45,KDA,2,43,5.9291,5.550975799560547,True,True,0,True,18285068288
calibration,layer-45:WHOLE_LAYER:p1,WHOLE_LAYER,1,45,KDA,2,44,5.8098,5.4356160163879395,True,True,0,True,18285068288
calibration,layer-45:WHOLE_LAYER:p1,WHOLE_LAYER,1,45,KDA,2,45,5.7399,5.3671040534973145,True,True,0,True,18285068288
calibration,layer-45:WHOLE_LAYER:p1,WHOLE_LAYER,1,45,KDA,2,46,5.9185,5.51475191116333,True,True,0,True,18285068288
calibration,layer-45:WHOLE_LAYER:p1,WHOLE_LAYER,1,45,KDA,2,47,5.8613,5.470367908477783,True,True,0,True,18285068288
calibration,layer-45:WHOLE_LAYER:p1,WHOLE_LAYER,1,45,KDA,2,48,6.0997,5.5655999183654785,True,True,0,True,18285068288
calibration,layer-45:WHOLE_LAYER:p1,WHOLE_LAYER,1,45,KDA,2,49,6.1175,5.591231822967529,True,True,0,True,18285068288
calibration,layer-45:WHOLE_LAYER:p1,WHOLE_LAYER,1,45,KDA,2,50,5.897,5.439040184020996,True,True,0,True,18285068288
calibration,layer-45:WHOLE_LAYER:p1,WHOLE_LAYER,1,45,KDA,2,51,5.7376,5.325024127960205,True,True,0,True,18285068288
calibration,layer-45:WHOLE_LAYER:p1,WHOLE_LAYER,1,45,KDA,2,52,5.9509,5.513599872589111,True,True,0,True,18285068288
calibration,layer-45:WHOLE_LAYER:p1,WHOLE_LAYER,1,45,KDA,2,53,5.9864,5.471968173980713,True,True,0,True,18285068288
calibration,layer-45:WHOLE_LAYER:p1,WHOLE_LAYER,1,45,KDA,2,54,5.8016,5.365087985992432,True,True,0,True,18285068288
calibration,layer-45:WHOLE_LAYER:p1,WHOLE_LAYER,1,45,KDA,2,55,6.6559,5.9929280281066895,True,True,0,True,18285068288
calibration,layer-45:WHOLE_LAYER:p1,WHOLE_LAYER,1,45,KDA,2,56,6.36,5.671840190887451,True,True,0,True,18285068288
calibration,layer-45:WHOLE_LAYER:p1,WHOLE_LAYER,1,45,KDA,2,57,5.992,5.44265604019165,True,True,0,True,18285068288
calibration,layer-45:WHOLE_LAYER:p1,WHOLE_LAYER,1,45,KDA,2,58,6.3649,5.663136005401611,True,True,0,True,18285068288
calibration,layer-45:WHOLE_LAYER:p1,WHOLE_LAYER,1,45,KDA,2,59,5.91,5.469888210296631,True,True,0,True,18285068288
calibration,layer-45:WHOLE_LAYER:p1,WHOLE_LAYER,1,45,KDA,2,60,5.8579,5.374591827392578,True,True,0,True,18285068288
calibration,layer-45:WHOLE_LAYER:p1,WHOLE_LAYER,1,45,KDA,2,61,5.9266,5.519008159637451,True,True,0,True,18285068288
calibration,layer-45:WHOLE_LAYER:p1,WHOLE_LAYER,1,45,KDA,2,62,5.8107,5.408736228942871,True,True,0,True,18285068288
calibration,layer-45:WHOLE_LAYER:p1,WHOLE_LAYER,1,45,KDA,2,63,5.8011,5.369664192199707,True,True,0,True,18285068288
calibration,layer-45:WHOLE_LAYER:p1,WHOLE_LAYER,1,45,KDA,2,64,5.9512,5.5338239669799805,True,True,0,True,18285068288
calibration,layer-45:WHOLE_LAYER:p1,WHOLE_LAYER,1,45,KDA,2,65,5.8164,5.405248165130615,True,True,0,True,18285068288
calibration,layer-45:WHOLE_LAYER:p1,WHOLE_LAYER,1,45,KDA,2,66,5.742,5.340447902679443,True,True,0,True,18285068288
calibration,layer-45:WHOLE_LAYER:p1,WHOLE_LAYER,1,45,KDA,2,67,5.9618,5.51859188079834,True,True,0,True,18285068288
calibration,layer-45:WHOLE_LAYER:p1,WHOLE_LAYER,1,45,KDA,2,68,5.8687,5.454400062561035,True,True,0,True,18285068288
calibration,layer-45:WHOLE_LAYER:p1,WHOLE_LAYER,1,45,KDA,2,69,5.7338,5.332863807678223,True,True,0,True,18285068288
calibration,layer-45:WHOLE_LAYER:p1,WHOLE_LAYER,1,45,KDA,2,70,5.9256,5.533184051513672,True,True,0,True,18285068288
calibration,layer-45:WHOLE_LAYER:p1,WHOLE_LAYER,1,45,KDA,2,71,5.8988,5.468224048614502,True,True,0,True,18285068288
calibration,layer-45:WHOLE_LAYER:p1,WHOLE_LAYER,1,45,KDA,2,72,5.7668,5.368319988250732,True,True,0,True,18285068288
calibration,layer-45:WHOLE_LAYER:p1,WHOLE_LAYER,1,45,KDA,2,73,6.1596,5.696800231933594,True,True,0,True,18285068288
calibration,layer-45:WHOLE_LAYER:p1,WHOLE_LAYER,1,45,KDA,2,74,5.9403,5.478015899658203,True,True,0,True,18285068288
calibration,layer-45:WHOLE_LAYER:p1,WHOLE_LAYER,1,45,KDA,2,75,5.7255,5.354176044464111,True,True,0,True,18285068288
calibration,layer-45:WHOLE_LAYER:p1,WHOLE_LAYER,1,45,KDA,2,76,6.1044,5.555808067321777,True,True,0,True,18285068288
calibration,layer-45:WHOLE_LAYER:p1,WHOLE_LAYER,1,45,KDA,2,77,5.9428,5.44214391708374,True,True,0,True,18285068288
calibration,layer-45:WHOLE_LAYER:p1,WHOLE_LAYER,1,45,KDA,2,78,5.8314,5.356383800506592,True,True,0,True,18285068288
calibration,layer-45:WHOLE_LAYER:p1,WHOLE_LAYER,1,45,KDA,2,79,5.983,5.520448207855225,True,True,0,True,18285068288
calibration,layer-45:WHOLE_LAYER:p1,WHOLE_LAYER,1,45,KDA,2,80,5.9363,5.470911979675293,True,True,0,True,18285068288
calibration,layer-45:WHOLE_LAYER:p1,WHOLE_LAYER,1,45,KDA,2,81,5.896,5.345823764801025,True,True,0,True,18285068288
calibration,layer-45:WHOLE_LAYER:p1,WHOLE_LAYER,1,45,KDA,2,82,6.0431,5.5680317878723145,True,True,0,True,18285068288
calibration,layer-45:WHOLE_LAYER:p1,WHOLE_LAYER,1,45,KDA,2,83,5.9416,5.461120128631592,True,True,0,True,18285068288
calibration,layer-45:WHOLE_LAYER:p1,WHOLE_LAYER,1,45,KDA,2,84,5.8757,5.381824016571045,True,True,0,True,18285068288
calibration,layer-45:WHOLE_LAYER:p1,WHOLE_LAYER,1,45,KDA,2,85,5.9367,5.486559867858887,True,True,0,True,18285068288
calibration,layer-45:WHOLE_LAYER:p1,WHOLE_LAYER,1,45,KDA,2,86,6.1899,5.660192012786865,True,True,0,True,18285068288
calibration,layer-45:WHOLE_LAYER:p1,WHOLE_LAYER,1,45,KDA,2,87,6.1309,5.519392013549805,True,True,0,True,18285068288
calibration,layer-45:WHOLE_LAYER:p1,WHOLE_LAYER,1,45,KDA,2,88,6.7459,5.692959785461426,True,True,0,True,18285068288
calibration,layer-45:WHOLE_LAYER:p1,WHOLE_LAYER,1,45,KDA,2,89,6.1244,5.505375862121582,True,True,0,True,18285068288
calibration,layer-45:WHOLE_LAYER:p1,WHOLE_LAYER,1,45,KDA,2,90,5.9729,5.3988800048828125,True,True,0,True,18285068288
calibration,layer-45:WHOLE_LAYER:p1,WHOLE_LAYER,1,45,KDA,2,91,6.0278,5.529183864593506,True,True,0,True,18285068288
calibration,layer-45:WHOLE_LAYER:p1,WHOLE_LAYER,1,45,KDA,2,92,6.0364,5.490272045135498,True,True,0,True,18285068288
calibration,layer-45:WHOLE_LAYER:p1,WHOLE_LAYER,1,45,KDA,2,93,5.9176,5.363296031951904,True,True,0,True,18285068288
calibration,layer-45:WHOLE_LAYER:p1,WHOLE_LAYER,1,45,KDA,2,94,6.1816,5.614719867706299,True,True,0,True,18285068288
calibration,layer-45:WHOLE_LAYER:p1,WHOLE_LAYER,1,45,KDA,2,95,6.0232,5.457600116729736,True,True,0,True,18285068288
calibration,layer-45:WHOLE_LAYER:p1,WHOLE_LAYER,1,45,KDA,2,96,5.8669,5.365087985992432,True,True,0,True,18285068288
calibration,layer-45:WHOLE_LAYER:p1,WHOLE_LAYER,1,45,KDA,2,97,5.9568,5.516511917114258,True,True,0,True,18285068288
calibration,layer-45:WHOLE_LAYER:p1,WHOLE_LAYER,1,45,KDA,2,98,5.8461,5.441919803619385,True,True,0,True,18285068288
calibration,layer-45:WHOLE_LAYER:p1,WHOLE_LAYER,1,45,KDA,2,99,5.7646,5.357247829437256,True,True,0,True,18285068288
calibration,layer-45:WHOLE_LAYER:p1,WHOLE_LAYER,1,45,KDA,4,0,8.802,7.981632232666016,True,True,0,True,18285068288
calibration,layer-45:WHOLE_LAYER:p1,WHOLE_LAYER,1,45,KDA,4,1,8.9731,8.068384170532227,True,True,0,True,18285068288
calibration,layer-45:WHOLE_LAYER:p1,WHOLE_LAYER,1,45,KDA,4,2,8.871,8.133503913879395,True,True,0,True,18285068288
calibration,layer-45:WHOLE_LAYER:p1,WHOLE_LAYER,1,45,KDA,4,3,8.7455,8.038847923278809,True,True,0,True,18285068288
calibration,layer-45:WHOLE_LAYER:p1,WHOLE_LAYER,1,45,KDA,4,4,8.5273,7.828159809112549,True,True,0,True,18285068288
calibration,layer-45:WHOLE_LAYER:p1,WHOLE_LAYER,1,45,KDA,4,5,8.5348,7.87007999420166,True,True,0,True,18285068288
calibration,layer-45:WHOLE_LAYER:p1,WHOLE_LAYER,1,45,KDA,4,6,8.6336,7.94163179397583,True,True,0,True,18285068288
calibration,layer-45:WHOLE_LAYER:p1,WHOLE_LAYER,1,45,KDA,4,7,8.673,7.883456230163574,True,True,0,True,18285068288
calibration,layer-45:WHOLE_LAYER:p1,WHOLE_LAYER,1,45,KDA,4,8,8.6877,7.892928123474121,True,True,0,True,18285068288
calibration,layer-45:WHOLE_LAYER:p1,WHOLE_LAYER,1,45,KDA,4,9,8.9325,8.173503875732422,True,True,0,True,18285068288
calibration,layer-45:WHOLE_LAYER:p1,WHOLE_LAYER,1,45,KDA,4,10,8.6127,7.826655864715576,True,True,0,True,18285068288
calibration,layer-45:WHOLE_LAYER:p1,WHOLE_LAYER,1,45,KDA,4,11,8.8222,7.979455947875977,True,True,0,True,18285068288
calibration,layer-45:WHOLE_LAYER:p1,WHOLE_LAYER,1,45,KDA,4,12,9.0616,8.181119918823242,True,True,0,True,18285068288
calibration,layer-45:WHOLE_LAYER:p1,WHOLE_LAYER,1,45,KDA,4,13,8.6274,7.9225921630859375,True,True,0,True,18285068288
calibration,layer-45:WHOLE_LAYER:p1,WHOLE_LAYER,1,45,KDA,4,14,8.7856,8.094400405883789,True,True,0,True,18285068288
calibration,layer-45:WHOLE_LAYER:p1,WHOLE_LAYER,1,45,KDA,4,15,8.7024,7.957376003265381,True,True,0,True,18285068288
calibration,layer-45:WHOLE_LAYER:p1,WHOLE_LAYER,1,45,KDA,4,16,8.3946,7.731776237487793,True,True,0,True,18285068288
calibration,layer-45:WHOLE_LAYER:p1,WHOLE_LAYER,1,45,KDA,4,17,8.5004,7.859488010406494,True,True,0,True,18285068288
calibration,layer-45:WHOLE_LAYER:p1,WHOLE_LAYER,1,45,KDA,4,18,8.6789,7.99183988571167,True,True,0,True,18285068288
calibration,layer-45:WHOLE_LAYER:p1,WHOLE_LAYER,1,45,KDA,4,19,8.6742,7.954304218292236,True,True,0,True,18285068288
calibration,layer-45:WHOLE_LAYER:p1,WHOLE_LAYER,1,45,KDA,4,20,8.6205,7.910528182983398,True,True,0,True,18285068288
calibration,layer-45:WHOLE_LAYER:p1,WHOLE_LAYER,1,45,KDA,4,21,8.7769,8.007712364196777,True,True,0,True,18285068288
calibration,layer-45:WHOLE_LAYER:p1,WHOLE_LAYER,1,45,KDA,4,22,8.5763,7.863776206970215,True,True,0,True,18285068288
calibration,layer-45:WHOLE_LAYER:p1,WHOLE_LAYER,1,45,KDA,4,23,8.684,7.949088096618652,True,True,0,True,18285068288
calibration,layer-45:WHOLE_LAYER:p1,WHOLE_LAYER,1,45,KDA,4,24,8.9529,8.115679740905762,True,True,0,True,18285068288
calibration,layer-45:WHOLE_LAYER:p1,WHOLE_LAYER,1,45,KDA,4,25,8.7552,7.902656078338623,True,True,0,True,18285068288
calibration,layer-45:WHOLE_LAYER:p1,WHOLE_LAYER,1,45,KDA,4,26,8.8215,7.923871994018555,True,True,0,True,18285068288
calibration,layer-45:WHOLE_LAYER:p1,WHOLE_LAYER,1,45,KDA,4,27,8.8342,7.990176200866699,True,True,0,True,18285068288
calibration,layer-45:WHOLE_LAYER:p1,WHOLE_LAYER,1,45,KDA,4,28,8.5789,7.796095848083496,True,True,0,True,18285068288
calibration,layer-45:WHOLE_LAYER:p1,WHOLE_LAYER,1,45,KDA,4,29,8.6312,7.880095958709717,True,True,0,True,18285068288
calibration,layer-45:WHOLE_LAYER:p1,WHOLE_LAYER,1,45,KDA,4,30,8.6993,7.970943927764893,True,True,0,True,18285068288
calibration,layer-45:WHOLE_LAYER:p1,WHOLE_LAYER,1,45,KDA,4,31,8.9922,7.834911823272705,True,True,0,True,18285068288
calibration,layer-45:WHOLE_LAYER:p1,WHOLE_LAYER,1,45,KDA,4,32,8.7329,7.943871974945068,True,True,0,True,18285068288
calibration,layer-45:WHOLE_LAYER:p1,WHOLE_LAYER,1,45,KDA,4,33,8.8379,8.037823677062988,True,True,0,True,18285068288
calibration,layer-45:WHOLE_LAYER:p1,WHOLE_LAYER,1,45,KDA,4,34,8.554,7.807424068450928,True,True,0,True,18285068288
calibration,layer-45:WHOLE_LAYER:p1,WHOLE_LAYER,1,45,KDA,4,35,8.5635,7.868671894073486,True,True,0,True,18285068288
calibration,layer-45:WHOLE_LAYER:p1,WHOLE_LAYER,1,45,KDA,4,36,8.6789,7.936927795410156,True,True,0,True,18285068288
calibration,layer-45:WHOLE_LAYER:p1,WHOLE_LAYER,1,45,KDA,4,37,8.7807,7.973120212554932,True,True,0,True,18285068288
calibration,layer-45:WHOLE_LAYER:p1,WHOLE_LAYER,1,45,KDA,4,38,9.2467,8.08569622039795,True,True,0,True,18285068288
calibration,layer-45:WHOLE_LAYER:p1,WHOLE_LAYER,1,45,KDA,4,39,9.2423,8.115776062011719,True,True,0,True,18285068288
calibration,layer-45:WHOLE_LAYER:p1,WHOLE_LAYER,1,45,KDA,4,40,8.7962,7.888959884643555,True,True,0,True,18285068288
calibration,layer-45:WHOLE_LAYER:p1,WHOLE_LAYER,1,45,KDA,4,41,8.7942,7.925792217254639,True,True,0,True,18285068288
calibration,layer-45:WHOLE_LAYER:p1,WHOLE_LAYER,1,45,KDA,4,42,8.7994,8.070816040039062,True,True,0,True,18285068288
calibration,layer-45:WHOLE_LAYER:p1,WHOLE_LAYER,1,45,KDA,4,43,8.5407,7.803199768066406,True,True,0,True,18285068288
calibration,layer-45:WHOLE_LAYER:p1,WHOLE_LAYER,1,45,KDA,4,44,8.5585,7.876768112182617,True,True,0,True,18285068288
calibration,layer-45:WHOLE_LAYER:p1,WHOLE_LAYER,1,45,KDA,4,45,8.6401,7.956704139709473,True,True,0,True,18285068288
calibration,layer-45:WHOLE_LAYER:p1,WHOLE_LAYER,1,45,KDA,4,46,8.6167,7.849184036254883,True,True,0,True,18285068288
calibration,layer-45:WHOLE_LAYER:p1,WHOLE_LAYER,1,45,KDA,4,47,8.6633,7.932928085327148,True,True,0,True,18285068288
calibration,layer-45:WHOLE_LAYER:p1,WHOLE_LAYER,1,45,KDA,4,48,8.5973,7.965280055999756,True,True,0,True,18285068288
calibration,layer-45:WHOLE_LAYER:p1,WHOLE_LAYER,1,45,KDA,4,49,8.5283,7.860000133514404,True,True,0,True,18285068288
calibration,layer-45:WHOLE_LAYER:p1,WHOLE_LAYER,1,45,KDA,4,50,8.57,7.882080078125,True,True,0,True,18285068288
calibration,layer-45:WHOLE_LAYER:p1,WHOLE_LAYER,1,45,KDA,4,51,8.9391,8.009759902954102,True,True,0,True,18285068288
calibration,layer-45:WHOLE_LAYER:p1,WHOLE_LAYER,1,45,KDA,4,52,8.4865,7.841919898986816,True,True,0,True,18285068288
calibration,layer-45:WHOLE_LAYER:p1,WHOLE_LAYER,1,45,KDA,4,53,8.5131,7.846720218658447,True,True,0,True,18285068288
calibration,layer-45:WHOLE_LAYER:p1,WHOLE_LAYER,1,45,KDA,4,54,8.5347,7.928544044494629,True,True,0,True,18285068288
calibration,layer-45:WHOLE_LAYER:p1,WHOLE_LAYER,1,45,KDA,4,55,8.276,7.705599784851074,True,True,0,True,18285068288
calibration,layer-45:WHOLE_LAYER:p1,WHOLE_LAYER,1,45,KDA,4,56,8.4927,7.833119869232178,True,True,0,True,18285068288
calibration,layer-45:WHOLE_LAYER:p1,WHOLE_LAYER,1,45,KDA,4,57,8.4802,7.890048027038574,True,True,0,True,18285068288
calibration,layer-45:WHOLE_LAYER:p1,WHOLE_LAYER,1,45,KDA,4,58,8.4864,7.858719825744629,True,True,0,True,18285068288
calibration,layer-45:WHOLE_LAYER:p1,WHOLE_LAYER,1,45,KDA,4,59,8.5794,7.956384181976318,True,True,0,True,18285068288
calibration,layer-45:WHOLE_LAYER:p1,WHOLE_LAYER,1,45,KDA,4,60,8.6065,7.966847896575928,True,True,0,True,18285068288
calibration,layer-45:WHOLE_LAYER:p1,WHOLE_LAYER,1,45,KDA,4,61,8.7208,7.953951835632324,True,True,0,True,18285068288
calibration,layer-45:WHOLE_LAYER:p1,WHOLE_LAYER,1,45,KDA,4,62,8.8726,8.102368354797363,True,True,0,True,18285068288
calibration,layer-45:WHOLE_LAYER:p1,WHOLE_LAYER,1,45,KDA,4,63,8.9095,8.071423530578613,True,True,0,True,18285068288
calibration,layer-45:WHOLE_LAYER:p1,WHOLE_LAYER,1,45,KDA,4,64,8.4628,7.85584020614624,True,True,0,True,18285068288
calibration,layer-45:WHOLE_LAYER:p1,WHOLE_LAYER,1,45,KDA,4,65,8.3958,7.920095920562744,True,True,0,True,18285068288
calibration,layer-45:WHOLE_LAYER:p1,WHOLE_LAYER,1,45,KDA,4,66,8.5089,7.962240219116211,True,True,0,True,18285068288
calibration,layer-45:WHOLE_LAYER:p1,WHOLE_LAYER,1,45,KDA,4,67,8.5661,7.960256099700928,True,True,0,True,18285068288
calibration,layer-45:WHOLE_LAYER:p1,WHOLE_LAYER,1,45,KDA,4,68,8.6032,7.885056018829346,True,True,0,True,18285068288
calibration,layer-45:WHOLE_LAYER:p1,WHOLE_LAYER,1,45,KDA,4,69,8.5258,7.927616119384766,True,True,0,True,18285068288
calibration,layer-45:WHOLE_LAYER:p1,WHOLE_LAYER,1,45,KDA,4,70,8.4669,7.832992076873779,True,True,0,True,18285068288
calibration,layer-45:WHOLE_LAYER:p1,WHOLE_LAYER,1,45,KDA,4,71,8.5273,7.86575984954834,True,True,0,True,18285068288
calibration,layer-45:WHOLE_LAYER:p1,WHOLE_LAYER,1,45,KDA,4,72,8.7038,8.033120155334473,True,True,0,True,18285068288
calibration,layer-45:WHOLE_LAYER:p1,WHOLE_LAYER,1,45,KDA,4,73,8.4551,7.826784133911133,True,True,0,True,18285068288
calibration,layer-45:WHOLE_LAYER:p1,WHOLE_LAYER,1,45,KDA,4,74,8.8039,8.139967918395996,True,True,0,True,18285068288
calibration,layer-45:WHOLE_LAYER:p1,WHOLE_LAYER,1,45,KDA,4,75,8.5633,7.924352169036865,True,True,0,True,18285068288
calibration,layer-45:WHOLE_LAYER:p1,WHOLE_LAYER,1,45,KDA,4,76,8.4938,7.786208152770996,True,True,0,True,18285068288
calibration,layer-45:WHOLE_LAYER:p1,WHOLE_LAYER,1,45,KDA,4,77,8.6007,7.969696044921875,True,True,0,True,18285068288
calibration,layer-45:WHOLE_LAYER:p1,WHOLE_LAYER,1,45,KDA,4,78,8.5686,7.9661760330200195,True,True,0,True,18285068288
calibration,layer-45:WHOLE_LAYER:p1,WHOLE_LAYER,1,45,KDA,4,79,8.5402,7.908095836639404,True,True,0,True,18285068288
calibration,layer-45:WHOLE_LAYER:p1,WHOLE_LAYER,1,45,KDA,4,80,8.4916,7.880735874176025,True,True,0,True,18285068288
calibration,layer-45:WHOLE_LAYER:p1,WHOLE_LAYER,1,45,KDA,4,81,8.5778,7.922143936157227,True,True,0,True,18285068288
calibration,layer-45:WHOLE_LAYER:p1,WHOLE_LAYER,1,45,KDA,4,82,8.3935,7.802720069885254,True,True,0,True,18285068288
calibration,layer-45:WHOLE_LAYER:p1,WHOLE_LAYER,1,45,KDA,4,83,8.4821,7.865536212921143,True,True,0,True,18285068288
calibration,layer-45:WHOLE_LAYER:p1,WHOLE_LAYER,1,45,KDA,4,84,8.5624,7.957695960998535,True,True,0,True,18285068288
calibration,layer-45:WHOLE_LAYER:p1,WHOLE_LAYER,1,45,KDA,4,85,8.4055,7.789055824279785,True,True,0,True,18285068288
calibration,layer-45:WHOLE_LAYER:p1,WHOLE_LAYER,1,45,KDA,4,86,8.7451,7.969791889190674,True,True,0,True,18285068288
calibration,layer-45:WHOLE_LAYER:p1,WHOLE_LAYER,1,45,KDA,4,87,8.6789,7.978623867034912,True,True,0,True,18285068288
calibration,layer-45:WHOLE_LAYER:p1,WHOLE_LAYER,1,45,KDA,4,88,8.4725,7.846208095550537,True,True,0,True,18285068288
calibration,layer-45:WHOLE_LAYER:p1,WHOLE_LAYER,1,45,KDA,4,89,8.4671,7.875040054321289,True,True,0,True,18285068288
calibration,layer-45:WHOLE_LAYER:p1,WHOLE_LAYER,1,45,KDA,4,90,8.505,7.913760185241699,True,True,0,True,18285068288
calibration,layer-45:WHOLE_LAYER:p1,WHOLE_LAYER,1,45,KDA,4,91,8.7104,7.737599849700928,True,True,0,True,18285068288
calibration,layer-45:WHOLE_LAYER:p1,WHOLE_LAYER,1,45,KDA,4,92,8.5083,7.894239902496338,True,True,0,True,18285068288
calibration,layer-45:WHOLE_LAYER:p1,WHOLE_LAYER,1,45,KDA,4,93,8.544,7.9376959800720215,True,True,0,True,18285068288
calibration,layer-45:WHOLE_LAYER:p1,WHOLE_LAYER,1,45,KDA,4,94,8.3712,7.788512229919434,True,True,0,True,18285068288
calibration,layer-45:WHOLE_LAYER:p1,WHOLE_LAYER,1,45,KDA,4,95,8.5044,7.904223918914795,True,True,0,True,18285068288
calibration,layer-45:WHOLE_LAYER:p1,WHOLE_LAYER,1,45,KDA,4,96,8.6952,8.036543846130371,True,True,0,True,18285068288
calibration,layer-45:WHOLE_LAYER:p1,WHOLE_LAYER,1,45,KDA,4,97,8.4907,7.808032035827637,True,True,0,True,18285068288
calibration,layer-45:WHOLE_LAYER:p1,WHOLE_LAYER,1,45,KDA,4,98,8.5433,7.920767784118652,True,True,0,True,18285068288
calibration,layer-45:WHOLE_LAYER:p1,WHOLE_LAYER,1,45,KDA,4,99,8.7241,8.034048080444336,True,True,0,True,18285068288
calibration,layer-47:WHOLE_LAYER:p1,WHOLE_LAYER,1,47,GATED_MLA,1,0,3.6751,3.3953919410705566,True,True,0,True,18249416704
calibration,layer-47:WHOLE_LAYER:p1,WHOLE_LAYER,1,47,GATED_MLA,1,1,3.6318,3.393183946609497,True,True,0,True,18249416704
calibration,layer-47:WHOLE_LAYER:p1,WHOLE_LAYER,1,47,GATED_MLA,1,2,3.6057,3.375999927520752,True,True,0,True,18249416704
calibration,layer-47:WHOLE_LAYER:p1,WHOLE_LAYER,1,47,GATED_MLA,1,3,3.6099,3.391871929168701,True,True,0,True,18249416704
calibration,layer-47:WHOLE_LAYER:p1,WHOLE_LAYER,1,47,GATED_MLA,1,4,3.6122,3.381887912750244,True,True,0,True,18249416704
calibration,layer-47:WHOLE_LAYER:p1,WHOLE_LAYER,1,47,GATED_MLA,1,5,3.6207,3.3983359336853027,True,True,0,True,18249416704
calibration,layer-47:WHOLE_LAYER:p1,WHOLE_LAYER,1,47,GATED_MLA,1,6,3.6298,3.404736042022705,True,True,0,True,18249416704
calibration,layer-47:WHOLE_LAYER:p1,WHOLE_LAYER,1,47,GATED_MLA,1,7,3.6343,3.4020159244537354,True,True,0,True,18249416704
calibration,layer-47:WHOLE_LAYER:p1,WHOLE_LAYER,1,47,GATED_MLA,1,8,3.6397,3.412480115890503,True,True,0,True,18249416704
calibration,layer-47:WHOLE_LAYER:p1,WHOLE_LAYER,1,47,GATED_MLA,1,9,3.6609,3.414047956466675,True,True,0,True,18249416704
calibration,layer-47:WHOLE_LAYER:p1,WHOLE_LAYER,1,47,GATED_MLA,1,10,3.6268,3.4020800590515137,True,True,0,True,18249416704
calibration,layer-47:WHOLE_LAYER:p1,WHOLE_LAYER,1,47,GATED_MLA,1,11,3.6133,3.387903928756714,True,True,0,True,18249416704
calibration,layer-47:WHOLE_LAYER:p1,WHOLE_LAYER,1,47,GATED_MLA,1,12,3.6543,3.3997440338134766,True,True,0,True,18249416704
calibration,layer-47:WHOLE_LAYER:p1,WHOLE_LAYER,1,47,GATED_MLA,1,13,3.6662,3.422463893890381,True,True,0,True,18249416704
calibration,layer-47:WHOLE_LAYER:p1,WHOLE_LAYER,1,47,GATED_MLA,1,14,3.6396,3.4132161140441895,True,True,0,True,18249416704
calibration,layer-47:WHOLE_LAYER:p1,WHOLE_LAYER,1,47,GATED_MLA,1,15,3.6468,3.418015956878662,True,True,0,True,18249416704
calibration,layer-47:WHOLE_LAYER:p1,WHOLE_LAYER,1,47,GATED_MLA,1,16,3.6222,3.348128080368042,True,True,0,True,18249416704
calibration,layer-47:WHOLE_LAYER:p1,WHOLE_LAYER,1,47,GATED_MLA,1,17,3.6562,3.422624111175537,True,True,0,True,18249416704
calibration,layer-47:WHOLE_LAYER:p1,WHOLE_LAYER,1,47,GATED_MLA,1,18,3.6372,3.403359889984131,True,True,0,True,18249416704
calibration,layer-47:WHOLE_LAYER:p1,WHOLE_LAYER,1,47,GATED_MLA,1,19,3.6343,3.4080960750579834,True,True,0,True,18249416704
calibration,layer-47:WHOLE_LAYER:p1,WHOLE_LAYER,1,47,GATED_MLA,1,20,3.6091,3.3887040615081787,True,True,0,True,18249416704
calibration,layer-47:WHOLE_LAYER:p1,WHOLE_LAYER,1,47,GATED_MLA,1,21,3.6196,3.3927040100097656,True,True,0,True,18249416704
calibration,layer-47:WHOLE_LAYER:p1,WHOLE_LAYER,1,47,GATED_MLA,1,22,3.6045,3.386143922805786,True,True,0,True,18249416704
calibration,layer-47:WHOLE_LAYER:p1,WHOLE_LAYER,1,47,GATED_MLA,1,23,3.6073,3.368799924850464,True,True,0,True,18249416704
calibration,layer-47:WHOLE_LAYER:p1,WHOLE_LAYER,1,47,GATED_MLA,1,24,3.6778,3.415168046951294,True,True,0,True,18249416704
calibration,layer-47:WHOLE_LAYER:p1,WHOLE_LAYER,1,47,GATED_MLA,1,25,3.6021,3.3771519660949707,True,True,0,True,18249416704
calibration,layer-47:WHOLE_LAYER:p1,WHOLE_LAYER,1,47,GATED_MLA,1,26,3.625,3.3928000926971436,True,True,0,True,18249416704
calibration,layer-47:WHOLE_LAYER:p1,WHOLE_LAYER,1,47,GATED_MLA,1,27,3.6401,3.4147520065307617,True,True,0,True,18249416704
calibration,layer-47:WHOLE_LAYER:p1,WHOLE_LAYER,1,47,GATED_MLA,1,28,3.6364,3.40447998046875,True,True,0,True,18249416704
calibration,layer-47:WHOLE_LAYER:p1,WHOLE_LAYER,1,47,GATED_MLA,1,29,3.5967,3.3607680797576904,True,True,0,True,18249416704
calibration,layer-47:WHOLE_LAYER:p1,WHOLE_LAYER,1,47,GATED_MLA,1,30,3.6459,3.4007680416107178,True,True,0,True,18249416704
calibration,layer-47:WHOLE_LAYER:p1,WHOLE_LAYER,1,47,GATED_MLA,1,31,3.6362,3.4005439281463623,True,True,0,True,18249416704
calibration,layer-47:WHOLE_LAYER:p1,WHOLE_LAYER,1,47,GATED_MLA,1,32,3.6203,3.3935680389404297,True,True,0,True,18249416704
calibration,layer-47:WHOLE_LAYER:p1,WHOLE_LAYER,1,47,GATED_MLA,1,33,3.6065,3.380160093307495,True,True,0,True,18249416704
calibration,layer-47:WHOLE_LAYER:p1,WHOLE_LAYER,1,47,GATED_MLA,1,34,3.6089,3.379103899002075,True,True,0,True,18249416704
calibration,layer-47:WHOLE_LAYER:p1,WHOLE_LAYER,1,47,GATED_MLA,1,35,3.6299,3.3914880752563477,True,True,0,True,18249416704
calibration,layer-47:WHOLE_LAYER:p1,WHOLE_LAYER,1,47,GATED_MLA,1,36,3.6308,3.369568109512329,True,True,0,True,18249416704
calibration,layer-47:WHOLE_LAYER:p1,WHOLE_LAYER,1,47,GATED_MLA,1,37,3.5887,3.3602559566497803,True,True,0,True,18249416704
calibration,layer-47:WHOLE_LAYER:p1,WHOLE_LAYER,1,47,GATED_MLA,1,38,3.5865,3.3650240898132324,True,True,0,True,18249416704
calibration,layer-47:WHOLE_LAYER:p1,WHOLE_LAYER,1,47,GATED_MLA,1,39,3.6247,3.399104118347168,True,True,0,True,18249416704
calibration,layer-47:WHOLE_LAYER:p1,WHOLE_LAYER,1,47,GATED_MLA,1,40,3.6303,3.3967039585113525,True,True,0,True,18249416704
calibration,layer-47:WHOLE_LAYER:p1,WHOLE_LAYER,1,47,GATED_MLA,1,41,3.6465,3.4041600227355957,True,True,0,True,18249416704
calibration,layer-47:WHOLE_LAYER:p1,WHOLE_LAYER,1,47,GATED_MLA,1,42,3.6407,3.410207986831665,True,True,0,True,18249416704
calibration,layer-47:WHOLE_LAYER:p1,WHOLE_LAYER,1,47,GATED_MLA,1,43,3.6288,3.3998401165008545,True,True,0,True,18249416704
calibration,layer-47:WHOLE_LAYER:p1,WHOLE_LAYER,1,47,GATED_MLA,1,44,3.632,3.4068799018859863,True,True,0,True,18249416704
calibration,layer-47:WHOLE_LAYER:p1,WHOLE_LAYER,1,47,GATED_MLA,1,45,3.5994,3.3787200450897217,True,True,0,True,18249416704
calibration,layer-47:WHOLE_LAYER:p1,WHOLE_LAYER,1,47,GATED_MLA,1,46,3.5851,3.3703041076660156,True,True,0,True,18249416704
calibration,layer-47:WHOLE_LAYER:p1,WHOLE_LAYER,1,47,GATED_MLA,1,47,3.6294,3.406208038330078,True,True,0,True,18249416704
calibration,layer-47:WHOLE_LAYER:p1,WHOLE_LAYER,1,47,GATED_MLA,1,48,3.6625,3.4072320461273193,True,True,0,True,18249416704
calibration,layer-47:WHOLE_LAYER:p1,WHOLE_LAYER,1,47,GATED_MLA,1,49,3.6584,3.424288034439087,True,True,0,True,18249416704
calibration,layer-47:WHOLE_LAYER:p1,WHOLE_LAYER,1,47,GATED_MLA,1,50,3.6434,3.4119679927825928,True,True,0,True,18249416704
calibration,layer-47:WHOLE_LAYER:p1,WHOLE_LAYER,1,47,GATED_MLA,1,51,3.6189,3.3974080085754395,True,True,0,True,18249416704
calibration,layer-47:WHOLE_LAYER:p1,WHOLE_LAYER,1,47,GATED_MLA,1,52,3.6212,3.3960320949554443,True,True,0,True,18249416704
calibration,layer-47:WHOLE_LAYER:p1,WHOLE_LAYER,1,47,GATED_MLA,1,53,3.6152,3.394943952560425,True,True,0,True,18249416704
calibration,layer-47:WHOLE_LAYER:p1,WHOLE_LAYER,1,47,GATED_MLA,1,54,3.6884,3.468127965927124,True,True,0,True,18249416704
calibration,layer-47:WHOLE_LAYER:p1,WHOLE_LAYER,1,47,GATED_MLA,1,55,3.6318,3.4119040966033936,True,True,0,True,18249416704
calibration,layer-47:WHOLE_LAYER:p1,WHOLE_LAYER,1,47,GATED_MLA,1,56,3.6221,3.3941121101379395,True,True,0,True,18249416704
calibration,layer-47:WHOLE_LAYER:p1,WHOLE_LAYER,1,47,GATED_MLA,1,57,3.6387,3.401855945587158,True,True,0,True,18249416704
calibration,layer-47:WHOLE_LAYER:p1,WHOLE_LAYER,1,47,GATED_MLA,1,58,3.6325,3.411360025405884,True,True,0,True,18249416704
calibration,layer-47:WHOLE_LAYER:p1,WHOLE_LAYER,1,47,GATED_MLA,1,59,3.5879,3.3666880130767822,True,True,0,True,18249416704
calibration,layer-47:WHOLE_LAYER:p1,WHOLE_LAYER,1,47,GATED_MLA,1,60,4.1012,3.416896104812622,True,True,0,True,18249416704
calibration,layer-47:WHOLE_LAYER:p1,WHOLE_LAYER,1,47,GATED_MLA,1,61,3.6823,3.427328109741211,True,True,0,True,18249416704
calibration,layer-47:WHOLE_LAYER:p1,WHOLE_LAYER,1,47,GATED_MLA,1,62,3.6781,3.4442880153656006,True,True,0,True,18249416704
calibration,layer-47:WHOLE_LAYER:p1,WHOLE_LAYER,1,47,GATED_MLA,1,63,3.6263,3.401855945587158,True,True,0,True,18249416704
calibration,layer-47:WHOLE_LAYER:p1,WHOLE_LAYER,1,47,GATED_MLA,1,64,3.607,3.381472110748291,True,True,0,True,18249416704
calibration,layer-47:WHOLE_LAYER:p1,WHOLE_LAYER,1,47,GATED_MLA,1,65,3.6198,3.3879361152648926,True,True,0,True,18249416704
calibration,layer-47:WHOLE_LAYER:p1,WHOLE_LAYER,1,47,GATED_MLA,1,66,3.6136,3.384351968765259,True,True,0,True,18249416704
calibration,layer-47:WHOLE_LAYER:p1,WHOLE_LAYER,1,47,GATED_MLA,1,67,3.6432,3.416896104812622,True,True,0,True,18249416704
calibration,layer-47:WHOLE_LAYER:p1,WHOLE_LAYER,1,47,GATED_MLA,1,68,3.6202,3.392224073410034,True,True,0,True,18249416704
calibration,layer-47:WHOLE_LAYER:p1,WHOLE_LAYER,1,47,GATED_MLA,1,69,3.6614,3.430272102355957,True,True,0,True,18249416704
calibration,layer-47:WHOLE_LAYER:p1,WHOLE_LAYER,1,47,GATED_MLA,1,70,3.6008,3.376352071762085,True,True,0,True,18249416704
calibration,layer-47:WHOLE_LAYER:p1,WHOLE_LAYER,1,47,GATED_MLA,1,71,3.6087,3.3832321166992188,True,True,0,True,18249416704
calibration,layer-47:WHOLE_LAYER:p1,WHOLE_LAYER,1,47,GATED_MLA,1,72,3.6695,3.4072000980377197,True,True,0,True,18249416704
calibration,layer-47:WHOLE_LAYER:p1,WHOLE_LAYER,1,47,GATED_MLA,1,73,3.6483,3.4102718830108643,True,True,0,True,18249416704
calibration,layer-47:WHOLE_LAYER:p1,WHOLE_LAYER,1,47,GATED_MLA,1,74,3.6029,3.3685760498046875,True,True,0,True,18249416704
calibration,layer-47:WHOLE_LAYER:p1,WHOLE_LAYER,1,47,GATED_MLA,1,75,3.6306,3.4072320461273193,True,True,0,True,18249416704
calibration,layer-47:WHOLE_LAYER:p1,WHOLE_LAYER,1,47,GATED_MLA,1,76,3.621,3.4039039611816406,True,True,0,True,18249416704
calibration,layer-47:WHOLE_LAYER:p1,WHOLE_LAYER,1,47,GATED_MLA,1,77,3.6296,3.397536039352417,True,True,0,True,18249416704
calibration,layer-47:WHOLE_LAYER:p1,WHOLE_LAYER,1,47,GATED_MLA,1,78,3.5934,3.3690240383148193,True,True,0,True,18249416704
calibration,layer-47:WHOLE_LAYER:p1,WHOLE_LAYER,1,47,GATED_MLA,1,79,3.5872,3.368864059448242,True,True,0,True,18249416704
calibration,layer-47:WHOLE_LAYER:p1,WHOLE_LAYER,1,47,GATED_MLA,1,80,3.6138,3.3817920684814453,True,True,0,True,18249416704
calibration,layer-47:WHOLE_LAYER:p1,WHOLE_LAYER,1,47,GATED_MLA,1,81,3.6397,3.415616035461426,True,True,0,True,18249416704
calibration,layer-47:WHOLE_LAYER:p1,WHOLE_LAYER,1,47,GATED_MLA,1,82,3.6409,3.3966081142425537,True,True,0,True,18249416704
calibration,layer-47:WHOLE_LAYER:p1,WHOLE_LAYER,1,47,GATED_MLA,1,83,3.641,3.4129281044006348,True,True,0,True,18249416704
calibration,layer-47:WHOLE_LAYER:p1,WHOLE_LAYER,1,47,GATED_MLA,1,84,3.6544,3.406048059463501,True,True,0,True,18249416704
calibration,layer-47:WHOLE_LAYER:p1,WHOLE_LAYER,1,47,GATED_MLA,1,85,3.6518,3.422719955444336,True,True,0,True,18249416704
calibration,layer-47:WHOLE_LAYER:p1,WHOLE_LAYER,1,47,GATED_MLA,1,86,3.8464,3.477247953414917,True,True,0,True,18249416704
calibration,layer-47:WHOLE_LAYER:p1,WHOLE_LAYER,1,47,GATED_MLA,1,87,3.6754,3.4066240787506104,True,True,0,True,18249416704
calibration,layer-47:WHOLE_LAYER:p1,WHOLE_LAYER,1,47,GATED_MLA,1,88,3.6147,3.387360095977783,True,True,0,True,18249416704
calibration,layer-47:WHOLE_LAYER:p1,WHOLE_LAYER,1,47,GATED_MLA,1,89,3.6398,3.4100160598754883,True,True,0,True,18249416704
calibration,layer-47:WHOLE_LAYER:p1,WHOLE_LAYER,1,47,GATED_MLA,1,90,3.6565,3.4252800941467285,True,True,0,True,18249416704
calibration,layer-47:WHOLE_LAYER:p1,WHOLE_LAYER,1,47,GATED_MLA,1,91,3.6351,3.4048960208892822,True,True,0,True,18249416704
calibration,layer-47:WHOLE_LAYER:p1,WHOLE_LAYER,1,47,GATED_MLA,1,92,3.6274,3.403424024581909,True,True,0,True,18249416704
calibration,layer-47:WHOLE_LAYER:p1,WHOLE_LAYER,1,47,GATED_MLA,1,93,3.6216,3.402240037918091,True,True,0,True,18249416704
calibration,layer-47:WHOLE_LAYER:p1,WHOLE_LAYER,1,47,GATED_MLA,1,94,3.7282,3.3816640377044678,True,True,0,True,18249416704
calibration,layer-47:WHOLE_LAYER:p1,WHOLE_LAYER,1,47,GATED_MLA,1,95,3.7227,3.4357120990753174,True,True,0,True,18249416704
calibration,layer-47:WHOLE_LAYER:p1,WHOLE_LAYER,1,47,GATED_MLA,1,96,3.6656,3.4069440364837646,True,True,0,True,18249416704
calibration,layer-47:WHOLE_LAYER:p1,WHOLE_LAYER,1,47,GATED_MLA,1,97,3.6346,3.4167680740356445,True,True,0,True,18249416704
calibration,layer-47:WHOLE_LAYER:p1,WHOLE_LAYER,1,47,GATED_MLA,1,98,3.6346,3.404031991958618,True,True,0,True,18249416704
calibration,layer-47:WHOLE_LAYER:p1,WHOLE_LAYER,1,47,GATED_MLA,1,99,3.6922,3.4430720806121826,True,True,0,True,18249416704
calibration,layer-47:WHOLE_LAYER:p1,WHOLE_LAYER,1,47,GATED_MLA,2,0,5.3284,5.003104209899902,True,True,0,True,18249416704
calibration,layer-47:WHOLE_LAYER:p1,WHOLE_LAYER,1,47,GATED_MLA,2,1,5.3544,4.996831893920898,True,True,0,True,18249416704
calibration,layer-47:WHOLE_LAYER:p1,WHOLE_LAYER,1,47,GATED_MLA,2,2,5.3995,5.076288223266602,True,True,0,True,18249416704
calibration,layer-47:WHOLE_LAYER:p1,WHOLE_LAYER,1,47,GATED_MLA,2,3,5.6391,5.283360004425049,True,True,0,True,18249416704
calibration,layer-47:WHOLE_LAYER:p1,WHOLE_LAYER,1,47,GATED_MLA,2,4,5.3558,5.032127857208252,True,True,0,True,18249416704
calibration,layer-47:WHOLE_LAYER:p1,WHOLE_LAYER,1,47,GATED_MLA,2,5,5.5408,5.186304092407227,True,True,0,True,18249416704
calibration,layer-47:WHOLE_LAYER:p1,WHOLE_LAYER,1,47,GATED_MLA,2,6,5.3734,5.036543846130371,True,True,0,True,18249416704
calibration,layer-47:WHOLE_LAYER:p1,WHOLE_LAYER,1,47,GATED_MLA,2,7,5.3297,5.014463901519775,True,True,0,True,18249416704
calibration,layer-47:WHOLE_LAYER:p1,WHOLE_LAYER,1,47,GATED_MLA,2,8,5.4229,5.116511821746826,True,True,0,True,18249416704
calibration,layer-47:WHOLE_LAYER:p1,WHOLE_LAYER,1,47,GATED_MLA,2,9,5.369,5.036223888397217,True,True,0,True,18249416704
calibration,layer-47:WHOLE_LAYER:p1,WHOLE_LAYER,1,47,GATED_MLA,2,10,5.5058,5.163360118865967,True,True,0,True,18249416704
calibration,layer-47:WHOLE_LAYER:p1,WHOLE_LAYER,1,47,GATED_MLA,2,11,5.4322,5.112864017486572,True,True,0,True,18249416704
calibration,layer-47:WHOLE_LAYER:p1,WHOLE_LAYER,1,47,GATED_MLA,2,12,5.3935,5.038943767547607,True,True,0,True,18249416704
calibration,layer-47:WHOLE_LAYER:p1,WHOLE_LAYER,1,47,GATED_MLA,2,13,5.3088,4.994751930236816,True,True,0,True,18249416704
calibration,layer-47:WHOLE_LAYER:p1,WHOLE_LAYER,1,47,GATED_MLA,2,14,5.4306,5.111008167266846,True,True,0,True,18249416704
calibration,layer-47:WHOLE_LAYER:p1,WHOLE_LAYER,1,47,GATED_MLA,2,15,5.3566,5.027552127838135,True,True,0,True,18249416704
calibration,layer-47:WHOLE_LAYER:p1,WHOLE_LAYER,1,47,GATED_MLA,2,16,5.3662,5.043231964111328,True,True,0,True,18249416704
calibration,layer-47:WHOLE_LAYER:p1,WHOLE_LAYER,1,47,GATED_MLA,2,17,5.4048,5.088895797729492,True,True,0,True,18249416704
calibration,layer-47:WHOLE_LAYER:p1,WHOLE_LAYER,1,47,GATED_MLA,2,18,5.3824,5.058559894561768,True,True,0,True,18249416704
calibration,layer-47:WHOLE_LAYER:p1,WHOLE_LAYER,1,47,GATED_MLA,2,19,5.3972,5.039616107940674,True,True,0,True,18249416704
calibration,layer-47:WHOLE_LAYER:p1,WHOLE_LAYER,1,47,GATED_MLA,2,20,5.4469,5.116767883300781,True,True,0,True,18249416704
calibration,layer-47:WHOLE_LAYER:p1,WHOLE_LAYER,1,47,GATED_MLA,2,21,5.3922,5.058623790740967,True,True,0,True,18249416704
calibration,layer-47:WHOLE_LAYER:p1,WHOLE_LAYER,1,47,GATED_MLA,2,22,5.3342,5.014688014984131,True,True,0,True,18249416704
calibration,layer-47:WHOLE_LAYER:p1,WHOLE_LAYER,1,47,GATED_MLA,2,23,5.4825,5.150496006011963,True,True,0,True,18249416704
calibration,layer-47:WHOLE_LAYER:p1,WHOLE_LAYER,1,47,GATED_MLA,2,24,5.3398,5.020224094390869,True,True,0,True,18249416704
calibration,layer-47:WHOLE_LAYER:p1,WHOLE_LAYER,1,47,GATED_MLA,2,25,5.3727,5.058047771453857,True,True,0,True,18249416704
calibration,layer-47:WHOLE_LAYER:p1,WHOLE_LAYER,1,47,GATED_MLA,2,26,5.4854,5.136223793029785,True,True,0,True,18249416704
calibration,layer-47:WHOLE_LAYER:p1,WHOLE_LAYER,1,47,GATED_MLA,2,27,5.3471,5.027584075927734,True,True,0,True,18249416704
calibration,layer-47:WHOLE_LAYER:p1,WHOLE_LAYER,1,47,GATED_MLA,2,28,5.3645,5.047776222229004,True,True,0,True,18249416704
calibration,layer-47:WHOLE_LAYER:p1,WHOLE_LAYER,1,47,GATED_MLA,2,29,5.5536,5.218624114990234,True,True,0,True,18249416704
calibration,layer-47:WHOLE_LAYER:p1,WHOLE_LAYER,1,47,GATED_MLA,2,30,5.3583,5.040607929229736,True,True,0,True,18249416704
calibration,layer-47:WHOLE_LAYER:p1,WHOLE_LAYER,1,47,GATED_MLA,2,31,5.3949,5.0840959548950195,True,True,0,True,18249416704
calibration,layer-47:WHOLE_LAYER:p1,WHOLE_LAYER,1,47,GATED_MLA,2,32,5.4501,5.14137601852417,True,True,0,True,18249416704
calibration,layer-47:WHOLE_LAYER:p1,WHOLE_LAYER,1,47,GATED_MLA,2,33,5.3647,5.031455993652344,True,True,0,True,18249416704
calibration,layer-47:WHOLE_LAYER:p1,WHOLE_LAYER,1,47,GATED_MLA,2,34,5.3677,5.066175937652588,True,True,0,True,18249416704
calibration,layer-47:WHOLE_LAYER:p1,WHOLE_LAYER,1,47,GATED_MLA,2,35,5.4485,5.144832134246826,True,True,0,True,18249416704
calibration,layer-47:WHOLE_LAYER:p1,WHOLE_LAYER,1,47,GATED_MLA,2,36,5.3687,5.069183826446533,True,True,0,True,18249416704
calibration,layer-47:WHOLE_LAYER:p1,WHOLE_LAYER,1,47,GATED_MLA,2,37,9.7447,7.923711776733398,True,True,0,True,18249416704
calibration,layer-47:WHOLE_LAYER:p1,WHOLE_LAYER,1,47,GATED_MLA,2,38,5.9109,5.424384117126465,True,True,0,True,18249416704
calibration,layer-47:WHOLE_LAYER:p1,WHOLE_LAYER,1,47,GATED_MLA,2,39,5.387,5.05782413482666,True,True,0,True,18249416704
calibration,layer-47:WHOLE_LAYER:p1,WHOLE_LAYER,1,47,GATED_MLA,2,40,5.7473,5.0641279220581055,True,True,0,True,18249416704
calibration,layer-47:WHOLE_LAYER:p1,WHOLE_LAYER,1,47,GATED_MLA,2,41,5.4898,5.146111965179443,True,True,0,True,18249416704
calibration,layer-47:WHOLE_LAYER:p1,WHOLE_LAYER,1,47,GATED_MLA,2,42,5.4601,5.118912220001221,True,True,0,True,18249416704
calibration,layer-47:WHOLE_LAYER:p1,WHOLE_LAYER,1,47,GATED_MLA,2,43,5.3913,5.05782413482666,True,True,0,True,18249416704
calibration,layer-47:WHOLE_LAYER:p1,WHOLE_LAYER,1,47,GATED_MLA,2,44,5.4319,5.109983921051025,True,True,0,True,18249416704
calibration,layer-47:WHOLE_LAYER:p1,WHOLE_LAYER,1,47,GATED_MLA,2,45,5.3846,5.0647358894348145,True,True,0,True,18249416704
calibration,layer-47:WHOLE_LAYER:p1,WHOLE_LAYER,1,47,GATED_MLA,2,46,5.3683,5.036416053771973,True,True,0,True,18249416704
calibration,layer-47:WHOLE_LAYER:p1,WHOLE_LAYER,1,47,GATED_MLA,2,47,5.4952,5.131648063659668,True,True,0,True,18249416704
calibration,layer-47:WHOLE_LAYER:p1,WHOLE_LAYER,1,47,GATED_MLA,2,48,5.4565,5.108767986297607,True,True,0,True,18249416704
calibration,layer-47:WHOLE_LAYER:p1,WHOLE_LAYER,1,47,GATED_MLA,2,49,5.3721,5.031167984008789,True,True,0,True,18249416704
calibration,layer-47:WHOLE_LAYER:p1,WHOLE_LAYER,1,47,GATED_MLA,2,50,5.4621,5.133855819702148,True,True,0,True,18249416704
calibration,layer-47:WHOLE_LAYER:p1,WHOLE_LAYER,1,47,GATED_MLA,2,51,5.3646,5.0457282066345215,True,True,0,True,18249416704
calibration,layer-47:WHOLE_LAYER:p1,WHOLE_LAYER,1,47,GATED_MLA,2,52,5.4006,5.077151775360107,True,True,0,True,18249416704
calibration,layer-47:WHOLE_LAYER:p1,WHOLE_LAYER,1,47,GATED_MLA,2,53,5.5345,5.1629438400268555,True,True,0,True,18249416704
calibration,layer-47:WHOLE_LAYER:p1,WHOLE_LAYER,1,47,GATED_MLA,2,54,5.4658,5.079967975616455,True,True,0,True,18249416704
calibration,layer-47:WHOLE_LAYER:p1,WHOLE_LAYER,1,47,GATED_MLA,2,55,5.3931,5.065887928009033,True,True,0,True,18249416704
calibration,layer-47:WHOLE_LAYER:p1,WHOLE_LAYER,1,47,GATED_MLA,2,56,5.45,5.123424053192139,True,True,0,True,18249416704
calibration,layer-47:WHOLE_LAYER:p1,WHOLE_LAYER,1,47,GATED_MLA,2,57,5.4094,5.086976051330566,True,True,0,True,18249416704
calibration,layer-47:WHOLE_LAYER:p1,WHOLE_LAYER,1,47,GATED_MLA,2,58,5.3665,5.051360130310059,True,True,0,True,18249416704
calibration,layer-47:WHOLE_LAYER:p1,WHOLE_LAYER,1,47,GATED_MLA,2,59,5.4631,5.139711856842041,True,True,0,True,18249416704
calibration,layer-47:WHOLE_LAYER:p1,WHOLE_LAYER,1,47,GATED_MLA,2,60,5.587,5.2570881843566895,True,True,0,True,18249416704
calibration,layer-47:WHOLE_LAYER:p1,WHOLE_LAYER,1,47,GATED_MLA,2,61,5.4281,5.059040069580078,True,True,0,True,18249416704
calibration,layer-47:WHOLE_LAYER:p1,WHOLE_LAYER,1,47,GATED_MLA,2,62,5.8105,5.483839988708496,True,True,0,True,18249416704
calibration,layer-47:WHOLE_LAYER:p1,WHOLE_LAYER,1,47,GATED_MLA,2,63,5.3561,5.04585599899292,True,True,0,True,18249416704
calibration,layer-47:WHOLE_LAYER:p1,WHOLE_LAYER,1,47,GATED_MLA,2,64,5.4132,5.101151943206787,True,True,0,True,18249416704
calibration,layer-47:WHOLE_LAYER:p1,WHOLE_LAYER,1,47,GATED_MLA,2,65,5.4744,5.165567874908447,True,True,0,True,18249416704
calibration,layer-47:WHOLE_LAYER:p1,WHOLE_LAYER,1,47,GATED_MLA,2,66,5.4016,5.0946879386901855,True,True,0,True,18249416704
calibration,layer-47:WHOLE_LAYER:p1,WHOLE_LAYER,1,47,GATED_MLA,2,67,5.3837,5.083807945251465,True,True,0,True,18249416704
calibration,layer-47:WHOLE_LAYER:p1,WHOLE_LAYER,1,47,GATED_MLA,2,68,5.6525,5.264480113983154,True,True,0,True,18249416704
calibration,layer-47:WHOLE_LAYER:p1,WHOLE_LAYER,1,47,GATED_MLA,2,69,5.4768,5.122079849243164,True,True,0,True,18249416704
calibration,layer-47:WHOLE_LAYER:p1,WHOLE_LAYER,1,47,GATED_MLA,2,70,6.7408,5.796224117279053,True,True,0,True,18249416704
calibration,layer-47:WHOLE_LAYER:p1,WHOLE_LAYER,1,47,GATED_MLA,2,71,6.0396,5.515168190002441,True,True,0,True,18249416704
calibration,layer-47:WHOLE_LAYER:p1,WHOLE_LAYER,1,47,GATED_MLA,2,72,5.4178,5.086175918579102,True,True,0,True,18249416704
calibration,layer-47:WHOLE_LAYER:p1,WHOLE_LAYER,1,47,GATED_MLA,2,73,5.8144,5.409984111785889,True,True,0,True,18249416704
calibration,layer-47:WHOLE_LAYER:p1,WHOLE_LAYER,1,47,GATED_MLA,2,74,5.9193,5.526591777801514,True,True,0,True,18249416704
calibration,layer-47:WHOLE_LAYER:p1,WHOLE_LAYER,1,47,GATED_MLA,2,75,5.7125,5.3191680908203125,True,True,0,True,18249416704
calibration,layer-47:WHOLE_LAYER:p1,WHOLE_LAYER,1,47,GATED_MLA,2,76,5.6463,5.271615982055664,True,True,0,True,18249416704
calibration,layer-47:WHOLE_LAYER:p1,WHOLE_LAYER,1,47,GATED_MLA,2,77,5.4975,5.160639762878418,True,True,0,True,18249416704
calibration,layer-47:WHOLE_LAYER:p1,WHOLE_LAYER,1,47,GATED_MLA,2,78,5.7579,5.428927898406982,True,True,0,True,18249416704
calibration,layer-47:WHOLE_LAYER:p1,WHOLE_LAYER,1,47,GATED_MLA,2,79,5.3864,5.066400051116943,True,True,0,True,18249416704
calibration,layer-47:WHOLE_LAYER:p1,WHOLE_LAYER,1,47,GATED_MLA,2,80,5.4969,5.175136089324951,True,True,0,True,18249416704
calibration,layer-47:WHOLE_LAYER:p1,WHOLE_LAYER,1,47,GATED_MLA,2,81,5.4041,5.0726399421691895,True,True,0,True,18249416704
calibration,layer-47:WHOLE_LAYER:p1,WHOLE_LAYER,1,47,GATED_MLA,2,82,5.4503,5.086463928222656,True,True,0,True,18249416704
calibration,layer-47:WHOLE_LAYER:p1,WHOLE_LAYER,1,47,GATED_MLA,2,83,5.493,5.173503875732422,True,True,0,True,18249416704
calibration,layer-47:WHOLE_LAYER:p1,WHOLE_LAYER,1,47,GATED_MLA,2,84,5.4528,5.100800037384033,True,True,0,True,18249416704
calibration,layer-47:WHOLE_LAYER:p1,WHOLE_LAYER,1,47,GATED_MLA,2,85,5.4368,5.1030402183532715,True,True,0,True,18249416704
calibration,layer-47:WHOLE_LAYER:p1,WHOLE_LAYER,1,47,GATED_MLA,2,86,5.4896,5.177152156829834,True,True,0,True,18249416704
calibration,layer-47:WHOLE_LAYER:p1,WHOLE_LAYER,1,47,GATED_MLA,2,87,5.405,5.063968181610107,True,True,0,True,18249416704
calibration,layer-47:WHOLE_LAYER:p1,WHOLE_LAYER,1,47,GATED_MLA,2,88,5.4369,5.116703987121582,True,True,0,True,18249416704
calibration,layer-47:WHOLE_LAYER:p1,WHOLE_LAYER,1,47,GATED_MLA,2,89,5.5707,5.192927837371826,True,True,0,True,18249416704
calibration,layer-47:WHOLE_LAYER:p1,WHOLE_LAYER,1,47,GATED_MLA,2,90,5.5355,5.170783996582031,True,True,0,True,18249416704
calibration,layer-47:WHOLE_LAYER:p1,WHOLE_LAYER,1,47,GATED_MLA,2,91,5.4673,5.116384029388428,True,True,0,True,18249416704
calibration,layer-47:WHOLE_LAYER:p1,WHOLE_LAYER,1,47,GATED_MLA,2,92,5.56,5.219552040100098,True,True,0,True,18249416704
calibration,layer-47:WHOLE_LAYER:p1,WHOLE_LAYER,1,47,GATED_MLA,2,93,5.4403,5.112063884735107,True,True,0,True,18249416704
calibration,layer-47:WHOLE_LAYER:p1,WHOLE_LAYER,1,47,GATED_MLA,2,94,5.4613,5.13267183303833,True,True,0,True,18249416704
calibration,layer-47:WHOLE_LAYER:p1,WHOLE_LAYER,1,47,GATED_MLA,2,95,5.4754,5.148064136505127,True,True,0,True,18249416704
calibration,layer-47:WHOLE_LAYER:p1,WHOLE_LAYER,1,47,GATED_MLA,2,96,5.4802,5.104447841644287,True,True,0,True,18249416704
calibration,layer-47:WHOLE_LAYER:p1,WHOLE_LAYER,1,47,GATED_MLA,2,97,5.4472,5.122623920440674,True,True,0,True,18249416704
calibration,layer-47:WHOLE_LAYER:p1,WHOLE_LAYER,1,47,GATED_MLA,2,98,5.5313,5.210239887237549,True,True,0,True,18249416704
calibration,layer-47:WHOLE_LAYER:p1,WHOLE_LAYER,1,47,GATED_MLA,2,99,5.4323,5.118175983428955,True,True,0,True,18249416704
calibration,layer-47:WHOLE_LAYER:p1,WHOLE_LAYER,1,47,GATED_MLA,4,0,7.7443,7.343135833740234,True,True,0,True,18249416704
calibration,layer-47:WHOLE_LAYER:p1,WHOLE_LAYER,1,47,GATED_MLA,4,1,7.6236,7.231776237487793,True,True,0,True,18249416704
calibration,layer-47:WHOLE_LAYER:p1,WHOLE_LAYER,1,47,GATED_MLA,4,2,7.8984,7.434368133544922,True,True,0,True,18249416704
calibration,layer-47:WHOLE_LAYER:p1,WHOLE_LAYER,1,47,GATED_MLA,4,3,7.6995,7.287327766418457,True,True,0,True,18249416704
calibration,layer-47:WHOLE_LAYER:p1,WHOLE_LAYER,1,47,GATED_MLA,4,4,7.7967,7.35807991027832,True,True,0,True,18249416704
calibration,layer-47:WHOLE_LAYER:p1,WHOLE_LAYER,1,47,GATED_MLA,4,5,7.8282,7.415679931640625,True,True,0,True,18249416704
calibration,layer-47:WHOLE_LAYER:p1,WHOLE_LAYER,1,47,GATED_MLA,4,6,8.239,7.503551959991455,True,True,0,True,18249416704
calibration,layer-47:WHOLE_LAYER:p1,WHOLE_LAYER,1,47,GATED_MLA,4,7,8.1422,7.402304172515869,True,True,0,True,18249416704
calibration,layer-47:WHOLE_LAYER:p1,WHOLE_LAYER,1,47,GATED_MLA,4,8,7.986,7.3823041915893555,True,True,0,True,18249416704
calibration,layer-47:WHOLE_LAYER:p1,WHOLE_LAYER,1,47,GATED_MLA,4,9,7.8673,7.291296005249023,True,True,0,True,18249416704
calibration,layer-47:WHOLE_LAYER:p1,WHOLE_LAYER,1,47,GATED_MLA,4,10,8.0836,7.420032024383545,True,True,0,True,18249416704
calibration,layer-47:WHOLE_LAYER:p1,WHOLE_LAYER,1,47,GATED_MLA,4,11,8.0788,7.426688194274902,True,True,0,True,18249416704
calibration,layer-47:WHOLE_LAYER:p1,WHOLE_LAYER,1,47,GATED_MLA,4,12,7.9414,7.349535942077637,True,True,0,True,18249416704
calibration,layer-47:WHOLE_LAYER:p1,WHOLE_LAYER,1,47,GATED_MLA,4,13,7.8246,7.322368144989014,True,True,0,True,18249416704
calibration,layer-47:WHOLE_LAYER:p1,WHOLE_LAYER,1,47,GATED_MLA,4,14,8.0849,7.572192192077637,True,True,0,True,18249416704
calibration,layer-47:WHOLE_LAYER:p1,WHOLE_LAYER,1,47,GATED_MLA,4,15,7.9014,7.413280010223389,True,True,0,True,18249416704
calibration,layer-47:WHOLE_LAYER:p1,WHOLE_LAYER,1,47,GATED_MLA,4,16,7.8326,7.347424030303955,True,True,0,True,18249416704
calibration,layer-47:WHOLE_LAYER:p1,WHOLE_LAYER,1,47,GATED_MLA,4,17,7.9923,7.3853759765625,True,True,0,True,18249416704
calibration,layer-47:WHOLE_LAYER:p1,WHOLE_LAYER,1,47,GATED_MLA,4,18,7.7705,7.291296005249023,True,True,0,True,18249416704
calibration,layer-47:WHOLE_LAYER:p1,WHOLE_LAYER,1,47,GATED_MLA,4,19,7.862,7.397280216217041,True,True,0,True,18249416704
calibration,layer-47:WHOLE_LAYER:p1,WHOLE_LAYER,1,47,GATED_MLA,4,20,7.9043,7.452672004699707,True,True,0,True,18249416704
calibration,layer-47:WHOLE_LAYER:p1,WHOLE_LAYER,1,47,GATED_MLA,4,21,7.8265,7.371359825134277,True,True,0,True,18249416704
calibration,layer-47:WHOLE_LAYER:p1,WHOLE_LAYER,1,47,GATED_MLA,4,22,7.8344,7.331488132476807,True,True,0,True,18249416704
calibration,layer-47:WHOLE_LAYER:p1,WHOLE_LAYER,1,47,GATED_MLA,4,23,8.0775,7.464416027069092,True,True,0,True,18249416704
calibration,layer-47:WHOLE_LAYER:p1,WHOLE_LAYER,1,47,GATED_MLA,4,24,8.1167,7.62611198425293,True,True,0,True,18249416704
calibration,layer-47:WHOLE_LAYER:p1,WHOLE_LAYER,1,47,GATED_MLA,4,25,8.0218,7.536831855773926,True,True,0,True,18249416704
calibration,layer-47:WHOLE_LAYER:p1,WHOLE_LAYER,1,47,GATED_MLA,4,26,8.0372,7.55398416519165,True,True,0,True,18249416704
calibration,layer-47:WHOLE_LAYER:p1,WHOLE_LAYER,1,47,GATED_MLA,4,27,7.8141,7.340735912322998,True,True,0,True,18249416704
calibration,layer-47:WHOLE_LAYER:p1,WHOLE_LAYER,1,47,GATED_MLA,4,28,7.7372,7.333087921142578,True,True,0,True,18249416704
calibration,layer-47:WHOLE_LAYER:p1,WHOLE_LAYER,1,47,GATED_MLA,4,29,7.8432,7.431392192840576,True,True,0,True,18249416704
calibration,layer-47:WHOLE_LAYER:p1,WHOLE_LAYER,1,47,GATED_MLA,4,30,7.882,7.44982385635376,True,True,0,True,18249416704
calibration,layer-47:WHOLE_LAYER:p1,WHOLE_LAYER,1,47,GATED_MLA,4,31,8.2206,7.7802557945251465,True,True,0,True,18249416704
calibration,layer-47:WHOLE_LAYER:p1,WHOLE_LAYER,1,47,GATED_MLA,4,32,7.8419,7.399072170257568,True,True,0,True,18249416704
calibration,layer-47:WHOLE_LAYER:p1,WHOLE_LAYER,1,47,GATED_MLA,4,33,7.8084,7.407264232635498,True,True,0,True,18249416704
calibration,layer-47:WHOLE_LAYER:p1,WHOLE_LAYER,1,47,GATED_MLA,4,34,7.7263,7.337471961975098,True,True,0,True,18249416704
calibration,layer-47:WHOLE_LAYER:p1,WHOLE_LAYER,1,47,GATED_MLA,4,35,7.8689,7.472991943359375,True,True,0,True,18249416704
calibration,layer-47:WHOLE_LAYER:p1,WHOLE_LAYER,1,47,GATED_MLA,4,36,7.7606,7.356959819793701,True,True,0,True,18249416704
calibration,layer-47:WHOLE_LAYER:p1,WHOLE_LAYER,1,47,GATED_MLA,4,37,7.8181,7.366176128387451,True,True,0,True,18249416704
calibration,layer-47:WHOLE_LAYER:p1,WHOLE_LAYER,1,47,GATED_MLA,4,38,7.8825,7.483871936798096,True,True,0,True,18249416704
calibration,layer-47:WHOLE_LAYER:p1,WHOLE_LAYER,1,47,GATED_MLA,4,39,7.9189,7.470431804656982,True,True,0,True,18249416704
calibration,layer-47:WHOLE_LAYER:p1,WHOLE_LAYER,1,47,GATED_MLA,4,40,8.1672,7.691232204437256,True,True,0,True,18249416704
calibration,layer-47:WHOLE_LAYER:p1,WHOLE_LAYER,1,47,GATED_MLA,4,41,8.0791,7.642591953277588,True,True,0,True,18249416704
calibration,layer-47:WHOLE_LAYER:p1,WHOLE_LAYER,1,47,GATED_MLA,4,42,7.7805,7.343135833740234,True,True,0,True,18249416704
calibration,layer-47:WHOLE_LAYER:p1,WHOLE_LAYER,1,47,GATED_MLA,4,43,7.8218,7.428287982940674,True,True,0,True,18249416704
calibration,layer-47:WHOLE_LAYER:p1,WHOLE_LAYER,1,47,GATED_MLA,4,44,7.8165,7.428256034851074,True,True,0,True,18249416704
calibration,layer-47:WHOLE_LAYER:p1,WHOLE_LAYER,1,47,GATED_MLA,4,45,7.8365,7.442975997924805,True,True,0,True,18249416704
calibration,layer-47:WHOLE_LAYER:p1,WHOLE_LAYER,1,47,GATED_MLA,4,46,7.8171,7.426432132720947,True,True,0,True,18249416704
calibration,layer-47:WHOLE_LAYER:p1,WHOLE_LAYER,1,47,GATED_MLA,4,47,7.9567,7.512864112854004,True,True,0,True,18249416704
calibration,layer-47:WHOLE_LAYER:p1,WHOLE_LAYER,1,47,GATED_MLA,4,48,7.8312,7.428671836853027,True,True,0,True,18249416704
calibration,layer-47:WHOLE_LAYER:p1,WHOLE_LAYER,1,47,GATED_MLA,4,49,7.7896,7.397439956665039,True,True,0,True,18249416704
calibration,layer-47:WHOLE_LAYER:p1,WHOLE_LAYER,1,47,GATED_MLA,4,50,7.8985,7.512639999389648,True,True,0,True,18249416704
calibration,layer-47:WHOLE_LAYER:p1,WHOLE_LAYER,1,47,GATED_MLA,4,51,7.8459,7.41868782043457,True,True,0,True,18249416704
calibration,layer-47:WHOLE_LAYER:p1,WHOLE_LAYER,1,47,GATED_MLA,4,52,7.8709,7.40550422668457,True,True,0,True,18249416704
calibration,layer-47:WHOLE_LAYER:p1,WHOLE_LAYER,1,47,GATED_MLA,4,53,7.9297,7.5300798416137695,True,True,0,True,18249416704
calibration,layer-47:WHOLE_LAYER:p1,WHOLE_LAYER,1,47,GATED_MLA,4,54,7.829,7.433504104614258,True,True,0,True,18249416704
calibration,layer-47:WHOLE_LAYER:p1,WHOLE_LAYER,1,47,GATED_MLA,4,55,7.8065,7.412799835205078,True,True,0,True,18249416704
calibration,layer-47:WHOLE_LAYER:p1,WHOLE_LAYER,1,47,GATED_MLA,4,56,7.9085,7.511104106903076,True,True,0,True,18249416704
calibration,layer-47:WHOLE_LAYER:p1,WHOLE_LAYER,1,47,GATED_MLA,4,57,8.0901,7.3954877853393555,True,True,0,True,18249416704
calibration,layer-47:WHOLE_LAYER:p1,WHOLE_LAYER,1,47,GATED_MLA,4,58,7.8518,7.461599826812744,True,True,0,True,18249416704
calibration,layer-47:WHOLE_LAYER:p1,WHOLE_LAYER,1,47,GATED_MLA,4,59,7.8903,7.507391929626465,True,True,0,True,18249416704
calibration,layer-47:WHOLE_LAYER:p1,WHOLE_LAYER,1,47,GATED_MLA,4,60,7.8475,7.455840110778809,True,True,0,True,18249416704
calibration,layer-47:WHOLE_LAYER:p1,WHOLE_LAYER,1,47,GATED_MLA,4,61,7.8214,7.430880069732666,True,True,0,True,18249416704
calibration,layer-47:WHOLE_LAYER:p1,WHOLE_LAYER,1,47,GATED_MLA,4,62,7.9938,7.548831939697266,True,True,0,True,18249416704
calibration,layer-47:WHOLE_LAYER:p1,WHOLE_LAYER,1,47,GATED_MLA,4,63,7.8867,7.489151954650879,True,True,0,True,18249416704
calibration,layer-47:WHOLE_LAYER:p1,WHOLE_LAYER,1,47,GATED_MLA,4,64,7.9877,7.552127838134766,True,True,0,True,18249416704
calibration,layer-47:WHOLE_LAYER:p1,WHOLE_LAYER,1,47,GATED_MLA,4,65,7.9579,7.553215980529785,True,True,0,True,18249416704
calibration,layer-47:WHOLE_LAYER:p1,WHOLE_LAYER,1,47,GATED_MLA,4,66,11.3904,10.360383987426758,True,True,0,True,18249416704
calibration,layer-47:WHOLE_LAYER:p1,WHOLE_LAYER,1,47,GATED_MLA,4,67,8.4999,7.784927845001221,True,True,0,True,18249416704
calibration,layer-47:WHOLE_LAYER:p1,WHOLE_LAYER,1,47,GATED_MLA,4,68,8.0409,7.567872047424316,True,True,0,True,18249416704
calibration,layer-47:WHOLE_LAYER:p1,WHOLE_LAYER,1,47,GATED_MLA,4,69,7.9857,7.531744003295898,True,True,0,True,18249416704
calibration,layer-47:WHOLE_LAYER:p1,WHOLE_LAYER,1,47,GATED_MLA,4,70,7.9213,7.471424102783203,True,True,0,True,18249416704
calibration,layer-47:WHOLE_LAYER:p1,WHOLE_LAYER,1,47,GATED_MLA,4,71,8.0689,7.5801920890808105,True,True,0,True,18249416704
calibration,layer-47:WHOLE_LAYER:p1,WHOLE_LAYER,1,47,GATED_MLA,4,72,8.0344,7.524256229400635,True,True,0,True,18249416704
calibration,layer-47:WHOLE_LAYER:p1,WHOLE_LAYER,1,47,GATED_MLA,4,73,8.0537,7.62659215927124,True,True,0,True,18249416704
calibration,layer-47:WHOLE_LAYER:p1,WHOLE_LAYER,1,47,GATED_MLA,4,74,7.9666,7.564767837524414,True,True,0,True,18249416704
calibration,layer-47:WHOLE_LAYER:p1,WHOLE_LAYER,1,47,GATED_MLA,4,75,7.9938,7.51254415512085,True,True,0,True,18249416704
calibration,layer-47:WHOLE_LAYER:p1,WHOLE_LAYER,1,47,GATED_MLA,4,76,8.0005,7.5452799797058105,True,True,0,True,18249416704
calibration,layer-47:WHOLE_LAYER:p1,WHOLE_LAYER,1,47,GATED_MLA,4,77,8.1347,7.673855781555176,True,True,0,True,18249416704
calibration,layer-47:WHOLE_LAYER:p1,WHOLE_LAYER,1,47,GATED_MLA,4,78,7.946,7.543935775756836,True,True,0,True,18249416704
calibration,layer-47:WHOLE_LAYER:p1,WHOLE_LAYER,1,47,GATED_MLA,4,79,7.9238,7.520448207855225,True,True,0,True,18249416704
calibration,layer-47:WHOLE_LAYER:p1,WHOLE_LAYER,1,47,GATED_MLA,4,80,7.9975,7.593791961669922,True,True,0,True,18249416704
calibration,layer-47:WHOLE_LAYER:p1,WHOLE_LAYER,1,47,GATED_MLA,4,81,8.0888,7.635136127471924,True,True,0,True,18249416704
calibration,layer-47:WHOLE_LAYER:p1,WHOLE_LAYER,1,47,GATED_MLA,4,82,7.9508,7.48956823348999,True,True,0,True,18249416704
calibration,layer-47:WHOLE_LAYER:p1,WHOLE_LAYER,1,47,GATED_MLA,4,83,8.4274,7.972640037536621,True,True,0,True,18249416704
calibration,layer-47:WHOLE_LAYER:p1,WHOLE_LAYER,1,47,GATED_MLA,4,84,8.4381,7.986207962036133,True,True,0,True,18249416704
calibration,layer-47:WHOLE_LAYER:p1,WHOLE_LAYER,1,47,GATED_MLA,4,85,7.9626,7.553919792175293,True,True,0,True,18249416704
calibration,layer-47:WHOLE_LAYER:p1,WHOLE_LAYER,1,47,GATED_MLA,4,86,8.0228,7.622496128082275,True,True,0,True,18249416704
calibration,layer-47:WHOLE_LAYER:p1,WHOLE_LAYER,1,47,GATED_MLA,4,87,8.0184,7.58787202835083,True,True,0,True,18249416704
calibration,layer-47:WHOLE_LAYER:p1,WHOLE_LAYER,1,47,GATED_MLA,4,88,7.9464,7.548064231872559,True,True,0,True,18249416704
calibration,layer-47:WHOLE_LAYER:p1,WHOLE_LAYER,1,47,GATED_MLA,4,89,8.4162,8.004735946655273,True,True,0,True,18249416704
calibration,layer-47:WHOLE_LAYER:p1,WHOLE_LAYER,1,47,GATED_MLA,4,90,12.961,11.599743843078613,True,True,0,True,18249416704
calibration,layer-47:WHOLE_LAYER:p1,WHOLE_LAYER,1,47,GATED_MLA,4,91,8.378,7.645503997802734,True,True,0,True,18249416704
calibration,layer-47:WHOLE_LAYER:p1,WHOLE_LAYER,1,47,GATED_MLA,4,92,8.3951,7.845376014709473,True,True,0,True,18249416704
calibration,layer-47:WHOLE_LAYER:p1,WHOLE_LAYER,1,47,GATED_MLA,4,93,8.0871,7.605247974395752,True,True,0,True,18249416704
calibration,layer-47:WHOLE_LAYER:p1,WHOLE_LAYER,1,47,GATED_MLA,4,94,8.0241,7.564479827880859,True,True,0,True,18249416704
calibration,layer-47:WHOLE_LAYER:p1,WHOLE_LAYER,1,47,GATED_MLA,4,95,8.1339,7.661407947540283,True,True,0,True,18249416704
calibration,layer-47:WHOLE_LAYER:p1,WHOLE_LAYER,1,47,GATED_MLA,4,96,8.0395,7.567488193511963,True,True,0,True,18249416704
calibration,layer-47:WHOLE_LAYER:p1,WHOLE_LAYER,1,47,GATED_MLA,4,97,8.0851,7.580639839172363,True,True,0,True,18249416704
calibration,layer-47:WHOLE_LAYER:p1,WHOLE_LAYER,1,47,GATED_MLA,4,98,8.1005,7.64467191696167,True,True,0,True,18249416704
calibration,layer-47:WHOLE_LAYER:p1,WHOLE_LAYER,1,47,GATED_MLA,4,99,8.0056,7.556704044342041,True,True,0,True,18249416704
heldout,layer-89:WHOLE_LAYER:p1,WHOLE_LAYER,1,89,KDA,1,0,4.1276,3.915328025817871,True,True,0,True,18282971136
heldout,layer-89:WHOLE_LAYER:p1,WHOLE_LAYER,1,89,KDA,1,1,4.1572,3.950495958328247,True,True,0,True,18282971136
heldout,layer-89:WHOLE_LAYER:p1,WHOLE_LAYER,1,89,KDA,1,2,4.1394,3.9227519035339355,True,True,0,True,18282971136
heldout,layer-89:WHOLE_LAYER:p1,WHOLE_LAYER,1,89,KDA,1,3,4.1599,3.951551914215088,True,True,0,True,18282971136
heldout,layer-89:WHOLE_LAYER:p1,WHOLE_LAYER,1,89,KDA,1,4,4.1682,3.955264091491699,True,True,0,True,18282971136
heldout,layer-89:WHOLE_LAYER:p1,WHOLE_LAYER,1,89,KDA,1,5,4.3019,4.018432140350342,True,True,0,True,18282971136
heldout,layer-89:WHOLE_LAYER:p1,WHOLE_LAYER,1,89,KDA,1,6,4.2884,4.0,True,True,0,True,18282971136
heldout,layer-89:WHOLE_LAYER:p1,WHOLE_LAYER,1,89,KDA,1,7,4.2217,3.993824005126953,True,True,0,True,18282971136
heldout,layer-89:WHOLE_LAYER:p1,WHOLE_LAYER,1,89,KDA,1,8,4.1536,3.9401919841766357,True,True,0,True,18282971136
heldout,layer-89:WHOLE_LAYER:p1,WHOLE_LAYER,1,89,KDA,1,9,4.2284,3.9740800857543945,True,True,0,True,18282971136
heldout,layer-89:WHOLE_LAYER:p1,WHOLE_LAYER,1,89,KDA,1,10,4.159,3.9289920330047607,True,True,0,True,18282971136
heldout,layer-89:WHOLE_LAYER:p1,WHOLE_LAYER,1,89,KDA,1,11,4.2137,3.9381120204925537,True,True,0,True,18282971136
heldout,layer-89:WHOLE_LAYER:p1,WHOLE_LAYER,1,89,KDA,1,12,4.1379,3.9112319946289062,True,True,0,True,18282971136
heldout,layer-89:WHOLE_LAYER:p1,WHOLE_LAYER,1,89,KDA,1,13,4.2075,3.9551360607147217,True,True,0,True,18282971136
heldout,layer-89:WHOLE_LAYER:p1,WHOLE_LAYER,1,89,KDA,1,14,4.1277,3.9000320434570312,True,True,0,True,18282971136
heldout,layer-89:WHOLE_LAYER:p1,WHOLE_LAYER,1,89,KDA,1,15,4.1222,3.908128023147583,True,True,0,True,18282971136
heldout,layer-89:WHOLE_LAYER:p1,WHOLE_LAYER,1,89,KDA,1,16,4.1084,3.8977599143981934,True,True,0,True,18282971136
heldout,layer-89:WHOLE_LAYER:p1,WHOLE_LAYER,1,89,KDA,1,17,4.2379,3.976032018661499,True,True,0,True,18282971136
heldout,layer-89:WHOLE_LAYER:p1,WHOLE_LAYER,1,89,KDA,1,18,4.1926,3.937983989715576,True,True,0,True,18282971136
heldout,layer-89:WHOLE_LAYER:p1,WHOLE_LAYER,1,89,KDA,1,19,4.1451,3.9232959747314453,True,True,0,True,18282971136
heldout,layer-89:WHOLE_LAYER:p1,WHOLE_LAYER,1,89,KDA,1,20,4.1372,3.9211840629577637,True,True,0,True,18282971136
heldout,layer-89:WHOLE_LAYER:p1,WHOLE_LAYER,1,89,KDA,1,21,4.1092,3.900928020477295,True,True,0,True,18282971136
heldout,layer-89:WHOLE_LAYER:p1,WHOLE_LAYER,1,89,KDA,1,22,4.1327,3.920192003250122,True,True,0,True,18282971136
heldout,layer-89:WHOLE_LAYER:p1,WHOLE_LAYER,1,89,KDA,1,23,4.192,3.937824010848999,True,True,0,True,18282971136
heldout,layer-89:WHOLE_LAYER:p1,WHOLE_LAYER,1,89,KDA,1,24,4.1404,3.9151999950408936,True,True,0,True,18282971136
heldout,layer-89:WHOLE_LAYER:p1,WHOLE_LAYER,1,89,KDA,1,25,4.1589,3.9362239837646484,True,True,0,True,18282971136
heldout,layer-89:WHOLE_LAYER:p1,WHOLE_LAYER,1,89,KDA,1,26,4.1241,3.9141759872436523,True,True,0,True,18282971136
heldout,layer-89:WHOLE_LAYER:p1,WHOLE_LAYER,1,89,KDA,1,27,4.1454,3.927072048187256,True,True,0,True,18282971136
heldout,layer-89:WHOLE_LAYER:p1,WHOLE_LAYER,1,89,KDA,1,28,4.1452,3.911776065826416,True,True,0,True,18282971136
heldout,layer-89:WHOLE_LAYER:p1,WHOLE_LAYER,1,89,KDA,1,29,4.1563,3.9278080463409424,True,True,0,True,18282971136
heldout,layer-89:WHOLE_LAYER:p1,WHOLE_LAYER,1,89,KDA,1,30,4.1709,3.9494080543518066,True,True,0,True,18282971136
heldout,layer-89:WHOLE_LAYER:p1,WHOLE_LAYER,1,89,KDA,1,31,4.1509,3.926464080810547,True,True,0,True,18282971136
heldout,layer-89:WHOLE_LAYER:p1,WHOLE_LAYER,1,89,KDA,1,32,4.1521,3.926464080810547,True,True,0,True,18282971136
heldout,layer-89:WHOLE_LAYER:p1,WHOLE_LAYER,1,89,KDA,1,33,4.1729,3.953536033630371,True,True,0,True,18282971136
heldout,layer-89:WHOLE_LAYER:p1,WHOLE_LAYER,1,89,KDA,1,34,4.1647,3.9559359550476074,True,True,0,True,18282971136
heldout,layer-89:WHOLE_LAYER:p1,WHOLE_LAYER,1,89,KDA,1,35,4.5135,4.188704013824463,True,True,0,True,18282971136
heldout,layer-89:WHOLE_LAYER:p1,WHOLE_LAYER,1,89,KDA,1,36,4.2421,3.9769279956817627,True,True,0,True,18282971136
heldout,layer-89:WHOLE_LAYER:p1,WHOLE_LAYER,1,89,KDA,1,37,4.1609,3.9387199878692627,True,True,0,True,18282971136
heldout,layer-89:WHOLE_LAYER:p1,WHOLE_LAYER,1,89,KDA,1,38,4.1851,3.970304012298584,True,True,0,True,18282971136
heldout,layer-89:WHOLE_LAYER:p1,WHOLE_LAYER,1,89,KDA,1,39,4.2472,3.99836802482605,True,True,0,True,18282971136
heldout,layer-89:WHOLE_LAYER:p1,WHOLE_LAYER,1,89,KDA,1,40,4.2339,3.998687982559204,True,True,0,True,18282971136
heldout,layer-89:WHOLE_LAYER:p1,WHOLE_LAYER,1,89,KDA,1,41,4.1392,3.9231679439544678,True,True,0,True,18282971136
heldout,layer-89:WHOLE_LAYER:p1,WHOLE_LAYER,1,89,KDA,1,42,4.1771,3.9482879638671875,True,True,0,True,18282971136
heldout,layer-89:WHOLE_LAYER:p1,WHOLE_LAYER,1,89,KDA,1,43,4.1247,3.9143359661102295,True,True,0,True,18282971136
heldout,layer-89:WHOLE_LAYER:p1,WHOLE_LAYER,1,89,KDA,1,44,4.3106,4.098688125610352,True,True,0,True,18282971136
heldout,layer-89:WHOLE_LAYER:p1,WHOLE_LAYER,1,89,KDA,1,45,4.1779,3.9691200256347656,True,True,0,True,18282971136
heldout,layer-89:WHOLE_LAYER:p1,WHOLE_LAYER,1,89,KDA,1,46,4.4008,4.136864185333252,True,True,0,True,18282971136
heldout,layer-89:WHOLE_LAYER:p1,WHOLE_LAYER,1,89,KDA,1,47,4.2776,3.9840641021728516,True,True,0,True,18282971136
heldout,layer-89:WHOLE_LAYER:p1,WHOLE_LAYER,1,89,KDA,1,48,4.1694,3.9443199634552,True,True,0,True,18282971136
heldout,layer-89:WHOLE_LAYER:p1,WHOLE_LAYER,1,89,KDA,1,49,4.1616,3.9446399211883545,True,True,0,True,18282971136
heldout,layer-89:WHOLE_LAYER:p1,WHOLE_LAYER,1,89,KDA,1,50,4.1681,3.9507200717926025,True,True,0,True,18282971136
heldout,layer-89:WHOLE_LAYER:p1,WHOLE_LAYER,1,89,KDA,1,51,4.1543,3.9455039501190186,True,True,0,True,18282971136
heldout,layer-89:WHOLE_LAYER:p1,WHOLE_LAYER,1,89,KDA,1,52,4.1254,3.9180479049682617,True,True,0,True,18282971136
heldout,layer-89:WHOLE_LAYER:p1,WHOLE_LAYER,1,89,KDA,1,53,4.1628,3.942847967147827,True,True,0,True,18282971136
heldout,layer-89:WHOLE_LAYER:p1,WHOLE_LAYER,1,89,KDA,1,54,4.2359,3.9788479804992676,True,True,0,True,18282971136
heldout,layer-89:WHOLE_LAYER:p1,WHOLE_LAYER,1,89,KDA,1,55,4.1406,3.9326400756835938,True,True,0,True,18282971136
heldout,layer-89:WHOLE_LAYER:p1,WHOLE_LAYER,1,89,KDA,1,56,4.2016,3.9958078861236572,True,True,0,True,18282971136
heldout,layer-89:WHOLE_LAYER:p1,WHOLE_LAYER,1,89,KDA,1,57,4.5133,4.289087772369385,True,True,0,True,18282971136
heldout,layer-89:WHOLE_LAYER:p1,WHOLE_LAYER,1,89,KDA,1,58,4.1283,3.9150400161743164,True,True,0,True,18282971136
heldout,layer-89:WHOLE_LAYER:p1,WHOLE_LAYER,1,89,KDA,1,59,4.8122,4.156256198883057,True,True,0,True,18282971136
heldout,layer-89:WHOLE_LAYER:p1,WHOLE_LAYER,1,89,KDA,1,60,4.2208,3.9502720832824707,True,True,0,True,18282971136
heldout,layer-89:WHOLE_LAYER:p1,WHOLE_LAYER,1,89,KDA,1,61,4.191,3.93833589553833,True,True,0,True,18282971136
heldout,layer-89:WHOLE_LAYER:p1,WHOLE_LAYER,1,89,KDA,1,62,4.1317,3.918623924255371,True,True,0,True,18282971136
heldout,layer-89:WHOLE_LAYER:p1,WHOLE_LAYER,1,89,KDA,1,63,4.1211,3.9132800102233887,True,True,0,True,18282971136
heldout,layer-89:WHOLE_LAYER:p1,WHOLE_LAYER,1,89,KDA,1,64,4.1893,3.957887887954712,True,True,0,True,18282971136
heldout,layer-89:WHOLE_LAYER:p1,WHOLE_LAYER,1,89,KDA,1,65,4.1263,3.9106240272521973,True,True,0,True,18282971136
heldout,layer-89:WHOLE_LAYER:p1,WHOLE_LAYER,1,89,KDA,1,66,4.146,3.9390079975128174,True,True,0,True,18282971136
heldout,layer-89:WHOLE_LAYER:p1,WHOLE_LAYER,1,89,KDA,1,67,4.1611,3.950079917907715,True,True,0,True,18282971136
heldout,layer-89:WHOLE_LAYER:p1,WHOLE_LAYER,1,89,KDA,1,68,4.292,4.041696071624756,True,True,0,True,18282971136
heldout,layer-89:WHOLE_LAYER:p1,WHOLE_LAYER,1,89,KDA,1,69,4.1917,3.954240083694458,True,True,0,True,18282971136
heldout,layer-89:WHOLE_LAYER:p1,WHOLE_LAYER,1,89,KDA,1,70,4.1474,3.9260799884796143,True,True,0,True,18282971136
heldout,layer-89:WHOLE_LAYER:p1,WHOLE_LAYER,1,89,KDA,1,71,4.2176,3.9472320079803467,True,True,0,True,18282971136
heldout,layer-89:WHOLE_LAYER:p1,WHOLE_LAYER,1,89,KDA,1,72,4.5763,3.9770240783691406,True,True,0,True,18282971136
heldout,layer-89:WHOLE_LAYER:p1,WHOLE_LAYER,1,89,KDA,1,73,4.2455,3.990976095199585,True,True,0,True,18282971136
heldout,layer-89:WHOLE_LAYER:p1,WHOLE_LAYER,1,89,KDA,1,74,4.2012,3.962239980697632,True,True,0,True,18282971136
heldout,layer-89:WHOLE_LAYER:p1,WHOLE_LAYER,1,89,KDA,1,75,4.1896,3.965791940689087,True,True,0,True,18282971136
heldout,layer-89:WHOLE_LAYER:p1,WHOLE_LAYER,1,89,KDA,1,76,4.1623,3.9438400268554688,True,True,0,True,18282971136
heldout,layer-89:WHOLE_LAYER:p1,WHOLE_LAYER,1,89,KDA,1,77,4.1661,3.9452478885650635,True,True,0,True,18282971136
heldout,layer-89:WHOLE_LAYER:p1,WHOLE_LAYER,1,89,KDA,1,78,4.3723,4.107679843902588,True,True,0,True,18282971136
heldout,layer-89:WHOLE_LAYER:p1,WHOLE_LAYER,1,89,KDA,1,79,4.1689,3.9378559589385986,True,True,0,True,18282971136
heldout,layer-89:WHOLE_LAYER:p1,WHOLE_LAYER,1,89,KDA,1,80,4.2094,3.9938559532165527,True,True,0,True,18282971136
heldout,layer-89:WHOLE_LAYER:p1,WHOLE_LAYER,1,89,KDA,1,81,4.1952,3.9787518978118896,True,True,0,True,18282971136
heldout,layer-89:WHOLE_LAYER:p1,WHOLE_LAYER,1,89,KDA,1,82,4.1882,3.971424102783203,True,True,0,True,18282971136
heldout,layer-89:WHOLE_LAYER:p1,WHOLE_LAYER,1,89,KDA,1,83,4.1817,3.927743911743164,True,True,0,True,18282971136
heldout,layer-89:WHOLE_LAYER:p1,WHOLE_LAYER,1,89,KDA,1,84,4.151,3.9452478885650635,True,True,0,True,18282971136
heldout,layer-89:WHOLE_LAYER:p1,WHOLE_LAYER,1,89,KDA,1,85,4.1323,3.9214398860931396,True,True,0,True,18282971136
heldout,layer-89:WHOLE_LAYER:p1,WHOLE_LAYER,1,89,KDA,1,86,4.1793,3.9510719776153564,True,True,0,True,18282971136
heldout,layer-89:WHOLE_LAYER:p1,WHOLE_LAYER,1,89,KDA,1,87,4.168,3.958559989929199,True,True,0,True,18282971136
heldout,layer-89:WHOLE_LAYER:p1,WHOLE_LAYER,1,89,KDA,1,88,4.2034,3.9957120418548584,True,True,0,True,18282971136
heldout,layer-89:WHOLE_LAYER:p1,WHOLE_LAYER,1,89,KDA,1,89,4.1647,3.9577279090881348,True,True,0,True,18282971136
heldout,layer-89:WHOLE_LAYER:p1,WHOLE_LAYER,1,89,KDA,1,90,4.1752,3.959264039993286,True,True,0,True,18282971136
heldout,layer-89:WHOLE_LAYER:p1,WHOLE_LAYER,1,89,KDA,1,91,4.1372,3.9282240867614746,True,True,0,True,18282971136
heldout,layer-89:WHOLE_LAYER:p1,WHOLE_LAYER,1,89,KDA,1,92,4.1338,3.9324800968170166,True,True,0,True,18282971136
heldout,layer-89:WHOLE_LAYER:p1,WHOLE_LAYER,1,89,KDA,1,93,4.1584,3.9456639289855957,True,True,0,True,18282971136
heldout,layer-89:WHOLE_LAYER:p1,WHOLE_LAYER,1,89,KDA,1,94,4.1166,3.916703939437866,True,True,0,True,18282971136
heldout,layer-89:WHOLE_LAYER:p1,WHOLE_LAYER,1,89,KDA,1,95,4.1712,3.9144959449768066,True,True,0,True,18282971136
heldout,layer-89:WHOLE_LAYER:p1,WHOLE_LAYER,1,89,KDA,1,96,4.1487,3.934783935546875,True,True,0,True,18282971136
heldout,layer-89:WHOLE_LAYER:p1,WHOLE_LAYER,1,89,KDA,1,97,4.2049,3.981343984603882,True,True,0,True,18282971136
heldout,layer-89:WHOLE_LAYER:p1,WHOLE_LAYER,1,89,KDA,1,98,4.1297,3.9226560592651367,True,True,0,True,18282971136
heldout,layer-89:WHOLE_LAYER:p1,WHOLE_LAYER,1,89,KDA,1,99,4.1329,3.932960033416748,True,True,0,True,18282971136
heldout,layer-89:WHOLE_LAYER:p1,WHOLE_LAYER,1,89,KDA,2,0,4.7955,4.451551914215088,True,True,0,True,18282971136
heldout,layer-89:WHOLE_LAYER:p1,WHOLE_LAYER,1,89,KDA,2,1,5.7922,5.466464042663574,True,True,0,True,18282971136
heldout,layer-89:WHOLE_LAYER:p1,WHOLE_LAYER,1,89,KDA,2,2,5.8317,5.462240219116211,True,True,0,True,18282971136
heldout,layer-89:WHOLE_LAYER:p1,WHOLE_LAYER,1,89,KDA,2,3,4.8146,4.481344223022461,True,True,0,True,18282971136
heldout,layer-89:WHOLE_LAYER:p1,WHOLE_LAYER,1,89,KDA,2,4,5.7826,5.4508161544799805,True,True,0,True,18282971136
heldout,layer-89:WHOLE_LAYER:p1,WHOLE_LAYER,1,89,KDA,2,5,5.7671,5.440576076507568,True,True,0,True,18282971136
heldout,layer-89:WHOLE_LAYER:p1,WHOLE_LAYER,1,89,KDA,2,6,4.747,4.439871788024902,True,True,0,True,18282971136
heldout,layer-89:WHOLE_LAYER:p1,WHOLE_LAYER,1,89,KDA,2,7,5.838,5.523647785186768,True,True,0,True,18282971136
heldout,layer-89:WHOLE_LAYER:p1,WHOLE_LAYER,1,89,KDA,2,8,6.0963,5.692895889282227,True,True,0,True,18282971136
heldout,layer-89:WHOLE_LAYER:p1,WHOLE_LAYER,1,89,KDA,2,9,4.7798,4.449408054351807,True,True,0,True,18282971136
heldout,layer-89:WHOLE_LAYER:p1,WHOLE_LAYER,1,89,KDA,2,10,5.7866,5.458623886108398,True,True,0,True,18282971136
heldout,layer-89:WHOLE_LAYER:p1,WHOLE_LAYER,1,89,KDA,2,11,5.8251,5.483488082885742,True,True,0,True,18282971136
heldout,layer-89:WHOLE_LAYER:p1,WHOLE_LAYER,1,89,KDA,2,12,4.7443,4.428671836853027,True,True,0,True,18282971136
heldout,layer-89:WHOLE_LAYER:p1,WHOLE_LAYER,1,89,KDA,2,13,5.7807,5.448544025421143,True,True,0,True,18282971136
heldout,layer-89:WHOLE_LAYER:p1,WHOLE_LAYER,1,89,KDA,2,14,5.8059,5.4738240242004395,True,True,0,True,18282971136
heldout,layer-89:WHOLE_LAYER:p1,WHOLE_LAYER,1,89,KDA,2,15,4.871,4.555327892303467,True,True,0,True,18282971136
heldout,layer-89:WHOLE_LAYER:p1,WHOLE_LAYER,1,89,KDA,2,16,5.8332,5.449632167816162,True,True,0,True,18282971136
heldout,layer-89:WHOLE_LAYER:p1,WHOLE_LAYER,1,89,KDA,2,17,5.8339,5.480735778808594,True,True,0,True,18282971136
heldout,layer-89:WHOLE_LAYER:p1,WHOLE_LAYER,1,89,KDA,2,18,4.8555,4.551648139953613,True,True,0,True,18282971136
heldout,layer-89:WHOLE_LAYER:p1,WHOLE_LAYER,1,89,KDA,2,19,5.881,5.498688220977783,True,True,0,True,18282971136
heldout,layer-89:WHOLE_LAYER:p1,WHOLE_LAYER,1,89,KDA,2,20,5.8235,5.467967987060547,True,True,0,True,18282971136
heldout,layer-89:WHOLE_LAYER:p1,WHOLE_LAYER,1,89,KDA,2,21,4.858,4.525599956512451,True,True,0,True,18282971136
heldout,layer-89:WHOLE_LAYER:p1,WHOLE_LAYER,1,89,KDA,2,22,5.9112,5.525568008422852,True,True,0,True,18282971136
heldout,layer-89:WHOLE_LAYER:p1,WHOLE_LAYER,1,89,KDA,2,23,5.8061,5.4534077644348145,True,True,0,True,18282971136
heldout,layer-89:WHOLE_LAYER:p1,WHOLE_LAYER,1,89,KDA,2,24,4.8962,4.5378241539001465,True,True,0,True,18282971136
heldout,layer-89:WHOLE_LAYER:p1,WHOLE_LAYER,1,89,KDA,2,25,5.898,5.566720008850098,True,True,0,True,18282971136
heldout,layer-89:WHOLE_LAYER:p1,WHOLE_LAYER,1,89,KDA,2,26,5.7698,5.450655937194824,True,True,0,True,18282971136
heldout,layer-89:WHOLE_LAYER:p1,WHOLE_LAYER,1,89,KDA,2,27,4.8199,4.514304161071777,True,True,0,True,18282971136
heldout,layer-89:WHOLE_LAYER:p1,WHOLE_LAYER,1,89,KDA,2,28,5.767,5.440127849578857,True,True,0,True,18282971136
heldout,layer-89:WHOLE_LAYER:p1,WHOLE_LAYER,1,89,KDA,2,29,5.7865,5.4667840003967285,True,True,0,True,18282971136
heldout,layer-89:WHOLE_LAYER:p1,WHOLE_LAYER,1,89,KDA,2,30,4.9232,4.609119892120361,True,True,0,True,18282971136
heldout,layer-89:WHOLE_LAYER:p1,WHOLE_LAYER,1,89,KDA,2,31,5.9047,5.537087917327881,True,True,0,True,18282971136
heldout,layer-89:WHOLE_LAYER:p1,WHOLE_LAYER,1,89,KDA,2,32,5.8895,5.4885759353637695,True,True,0,True,18282971136
heldout,layer-89:WHOLE_LAYER:p1,WHOLE_LAYER,1,89,KDA,2,33,4.8827,4.549248218536377,True,True,0,True,18282971136
heldout,layer-89:WHOLE_LAYER:p1,WHOLE_LAYER,1,89,KDA,2,34,5.8079,5.468224048614502,True,True,0,True,18282971136
heldout,layer-89:WHOLE_LAYER:p1,WHOLE_LAYER,1,89,KDA,2,35,5.8213,5.483424186706543,True,True,0,True,18282971136
heldout,layer-89:WHOLE_LAYER:p1,WHOLE_LAYER,1,89,KDA,2,36,4.8519,4.527328014373779,True,True,0,True,18282971136
heldout,layer-89:WHOLE_LAYER:p1,WHOLE_LAYER,1,89,KDA,2,37,5.8026,5.478496074676514,True,True,0,True,18282971136
heldout,layer-89:WHOLE_LAYER:p1,WHOLE_LAYER,1,89,KDA,2,38,5.8099,5.4784321784973145,True,True,0,True,18282971136
heldout,layer-89:WHOLE_LAYER:p1,WHOLE_LAYER,1,89,KDA,2,39,4.9742,4.577119827270508,True,True,0,True,18282971136
heldout,layer-89:WHOLE_LAYER:p1,WHOLE_LAYER,1,89,KDA,2,40,5.839,5.4812798500061035,True,True,0,True,18282971136
heldout,layer-89:WHOLE_LAYER:p1,WHOLE_LAYER,1,89,KDA,2,41,5.8247,5.497504234313965,True,True,0,True,18282971136
heldout,layer-89:WHOLE_LAYER:p1,WHOLE_LAYER,1,89,KDA,2,42,4.9328,4.582111835479736,True,True,0,True,18282971136
heldout,layer-89:WHOLE_LAYER:p1,WHOLE_LAYER,1,89,KDA,2,43,5.8093,5.458399772644043,True,True,0,True,18282971136
heldout,layer-89:WHOLE_LAYER:p1,WHOLE_LAYER,1,89,KDA,2,44,5.8321,5.483327865600586,True,True,0,True,18282971136
heldout,layer-89:WHOLE_LAYER:p1,WHOLE_LAYER,1,89,KDA,2,45,5.0197,4.662528038024902,True,True,0,True,18282971136
heldout,layer-89:WHOLE_LAYER:p1,WHOLE_LAYER,1,89,KDA,2,46,5.8311,5.465151786804199,True,True,0,True,18282971136
heldout,layer-89:WHOLE_LAYER:p1,WHOLE_LAYER,1,89,KDA,2,47,5.8141,5.452447891235352,True,True,0,True,18282971136
heldout,layer-89:WHOLE_LAYER:p1,WHOLE_LAYER,1,89,KDA,2,48,5.2938,4.580704212188721,True,True,0,True,18282971136
heldout,layer-89:WHOLE_LAYER:p1,WHOLE_LAYER,1,89,KDA,2,49,5.8243,5.460512161254883,True,True,0,True,18282971136
heldout,layer-89:WHOLE_LAYER:p1,WHOLE_LAYER,1,89,KDA,2,50,5.778,5.424191951751709,True,True,0,True,18282971136
heldout,layer-89:WHOLE_LAYER:p1,WHOLE_LAYER,1,89,KDA,2,51,4.884,4.550879955291748,True,True,0,True,18282971136
heldout,layer-89:WHOLE_LAYER:p1,WHOLE_LAYER,1,89,KDA,2,52,5.8204,5.479584217071533,True,True,0,True,18282971136
heldout,layer-89:WHOLE_LAYER:p1,WHOLE_LAYER,1,89,KDA,2,53,5.833,5.435200214385986,True,True,0,True,18282971136
heldout,layer-89:WHOLE_LAYER:p1,WHOLE_LAYER,1,89,KDA,2,54,4.9281,4.583456039428711,True,True,0,True,18282971136
heldout,layer-89:WHOLE_LAYER:p1,WHOLE_LAYER,1,89,KDA,2,55,5.7996,5.4683518409729,True,True,0,True,18282971136
heldout,layer-89:WHOLE_LAYER:p1,WHOLE_LAYER,1,89,KDA,2,56,5.8425,5.452991962432861,True,True,0,True,18282971136
heldout,layer-89:WHOLE_LAYER:p1,WHOLE_LAYER,1,89,KDA,2,57,4.8796,4.559967994689941,True,True,0,True,18282971136
heldout,layer-89:WHOLE_LAYER:p1,WHOLE_LAYER,1,89,KDA,2,58,5.785,5.4617919921875,True,True,0,True,18282971136
heldout,layer-89:WHOLE_LAYER:p1,WHOLE_LAYER,1,89,KDA,2,59,5.8138,5.487040042877197,True,True,0,True,18282971136
heldout,layer-89:WHOLE_LAYER:p1,WHOLE_LAYER,1,89,KDA,2,60,4.8485,4.53545618057251,True,True,0,True,18282971136
heldout,layer-89:WHOLE_LAYER:p1,WHOLE_LAYER,1,89,KDA,2,61,5.7864,5.4700798988342285,True,True,0,True,18282971136
heldout,layer-89:WHOLE_LAYER:p1,WHOLE_LAYER,1,89,KDA,2,62,5.7857,5.453023910522461,True,True,0,True,18282971136
heldout,layer-89:WHOLE_LAYER:p1,WHOLE_LAYER,1,89,KDA,2,63,4.8113,4.504032135009766,True,True,0,True,18282971136
heldout,layer-89:WHOLE_LAYER:p1,WHOLE_LAYER,1,89,KDA,2,64,5.8364,5.4496002197265625,True,True,0,True,18282971136
heldout,layer-89:WHOLE_LAYER:p1,WHOLE_LAYER,1,89,KDA,2,65,5.7802,5.45359992980957,True,True,0,True,18282971136
heldout,layer-89:WHOLE_LAYER:p1,WHOLE_LAYER,1,89,KDA,2,66,4.821,4.514463901519775,True,True,0,True,18282971136
heldout,layer-89:WHOLE_LAYER:p1,WHOLE_LAYER,1,89,KDA,2,67,5.823,5.428959846496582,True,True,0,True,18282971136
heldout,layer-89:WHOLE_LAYER:p1,WHOLE_LAYER,1,89,KDA,2,68,5.7973,5.456511974334717,True,True,0,True,18282971136
heldout,layer-89:WHOLE_LAYER:p1,WHOLE_LAYER,1,89,KDA,2,69,4.8408,4.532224178314209,True,True,0,True,18282971136
heldout,layer-89:WHOLE_LAYER:p1,WHOLE_LAYER,1,89,KDA,2,70,5.7711,5.429440021514893,True,True,0,True,18282971136
heldout,layer-89:WHOLE_LAYER:p1,WHOLE_LAYER,1,89,KDA,2,71,5.7843,5.451456069946289,True,True,0,True,18282971136
heldout,layer-89:WHOLE_LAYER:p1,WHOLE_LAYER,1,89,KDA,2,72,4.9046,4.550335884094238,True,True,0,True,18282971136
heldout,layer-89:WHOLE_LAYER:p1,WHOLE_LAYER,1,89,KDA,2,73,5.7586,5.421088218688965,True,True,0,True,18282971136
heldout,layer-89:WHOLE_LAYER:p1,WHOLE_LAYER,1,89,KDA,2,74,5.7712,5.444352149963379,True,True,0,True,18282971136
heldout,layer-89:WHOLE_LAYER:p1,WHOLE_LAYER,1,89,KDA,2,75,4.8346,4.523039817810059,True,True,0,True,18282971136
heldout,layer-89:WHOLE_LAYER:p1,WHOLE_LAYER,1,89,KDA,2,76,5.7646,5.4527997970581055,True,True,0,True,18282971136
heldout,layer-89:WHOLE_LAYER:p1,WHOLE_LAYER,1,89,KDA,2,77,5.756,5.443136215209961,True,True,0,True,18282971136
heldout,layer-89:WHOLE_LAYER:p1,WHOLE_LAYER,1,89,KDA,2,78,4.8268,4.52569580078125,True,True,0,True,18282971136
heldout,layer-89:WHOLE_LAYER:p1,WHOLE_LAYER,1,89,KDA,2,79,5.7839,5.467840194702148,True,True,0,True,18282971136
heldout,layer-89:WHOLE_LAYER:p1,WHOLE_LAYER,1,89,KDA,2,80,5.8049,5.444672107696533,True,True,0,True,18282971136
heldout,layer-89:WHOLE_LAYER:p1,WHOLE_LAYER,1,89,KDA,2,81,4.8496,4.548351764678955,True,True,0,True,18282971136
heldout,layer-89:WHOLE_LAYER:p1,WHOLE_LAYER,1,89,KDA,2,82,5.7491,5.43887996673584,True,True,0,True,18282971136
heldout,layer-89:WHOLE_LAYER:p1,WHOLE_LAYER,1,89,KDA,2,83,5.7627,5.450143814086914,True,True,0,True,18282971136
heldout,layer-89:WHOLE_LAYER:p1,WHOLE_LAYER,1,89,KDA,2,84,4.8419,4.54099178314209,True,True,0,True,18282971136
heldout,layer-89:WHOLE_LAYER:p1,WHOLE_LAYER,1,89,KDA,2,85,5.8314,5.496319770812988,True,True,0,True,18282971136
heldout,layer-89:WHOLE_LAYER:p1,WHOLE_LAYER,1,89,KDA,2,86,5.7889,5.4609599113464355,True,True,0,True,18282971136
heldout,layer-89:WHOLE_LAYER:p1,WHOLE_LAYER,1,89,KDA,2,87,4.8725,4.576863765716553,True,True,0,True,18282971136
heldout,layer-89:WHOLE_LAYER:p1,WHOLE_LAYER,1,89,KDA,2,88,5.8857,5.505280017852783,True,True,0,True,18282971136
heldout,layer-89:WHOLE_LAYER:p1,WHOLE_LAYER,1,89,KDA,2,89,5.7908,5.454080104827881,True,True,0,True,18282971136
heldout,layer-89:WHOLE_LAYER:p1,WHOLE_LAYER,1,89,KDA,2,90,4.8473,4.541152000427246,True,True,0,True,18282971136
heldout,layer-89:WHOLE_LAYER:p1,WHOLE_LAYER,1,89,KDA,2,91,5.787,5.449408054351807,True,True,0,True,18282971136
heldout,layer-89:WHOLE_LAYER:p1,WHOLE_LAYER,1,89,KDA,2,92,5.8152,5.478303909301758,True,True,0,True,18282971136
heldout,layer-89:WHOLE_LAYER:p1,WHOLE_LAYER,1,89,KDA,2,93,4.858,4.539423942565918,True,True,0,True,18282971136
heldout,layer-89:WHOLE_LAYER:p1,WHOLE_LAYER,1,89,KDA,2,94,5.8599,5.493599891662598,True,True,0,True,18282971136
heldout,layer-89:WHOLE_LAYER:p1,WHOLE_LAYER,1,89,KDA,2,95,5.8533,5.470367908477783,True,True,0,True,18282971136
heldout,layer-89:WHOLE_LAYER:p1,WHOLE_LAYER,1,89,KDA,2,96,5.0277,4.655680179595947,True,True,0,True,18282971136
heldout,layer-89:WHOLE_LAYER:p1,WHOLE_LAYER,1,89,KDA,2,97,5.7761,5.4470720291137695,True,True,0,True,18282971136
heldout,layer-89:WHOLE_LAYER:p1,WHOLE_LAYER,1,89,KDA,2,98,5.7993,5.4692158699035645,True,True,0,True,18282971136
heldout,layer-89:WHOLE_LAYER:p1,WHOLE_LAYER,1,89,KDA,2,99,5.0536,4.612768173217773,True,True,0,True,18282971136
heldout,layer-89:WHOLE_LAYER:p1,WHOLE_LAYER,1,89,KDA,4,0,8.2595,7.741727828979492,True,True,0,True,18282971136
heldout,layer-89:WHOLE_LAYER:p1,WHOLE_LAYER,1,89,KDA,4,1,7.6194,6.98035192489624,True,True,0,True,18282971136
heldout,layer-89:WHOLE_LAYER:p1,WHOLE_LAYER,1,89,KDA,4,2,8.2399,7.7674560546875,True,True,0,True,18282971136
heldout,layer-89:WHOLE_LAYER:p1,WHOLE_LAYER,1,89,KDA,4,3,8.1774,7.7381439208984375,True,True,0,True,18282971136
heldout,layer-89:WHOLE_LAYER:p1,WHOLE_LAYER,1,89,KDA,4,4,7.4431,7.005375862121582,True,True,0,True,18282971136
heldout,layer-89:WHOLE_LAYER:p1,WHOLE_LAYER,1,89,KDA,4,5,8.1717,7.738239765167236,True,True,0,True,18282971136
heldout,layer-89:WHOLE_LAYER:p1,WHOLE_LAYER,1,89,KDA,4,6,8.2821,7.784671783447266,True,True,0,True,18282971136
heldout,layer-89:WHOLE_LAYER:p1,WHOLE_LAYER,1,89,KDA,4,7,7.4488,6.966303825378418,True,True,0,True,18282971136
heldout,layer-89:WHOLE_LAYER:p1,WHOLE_LAYER,1,89,KDA,4,8,8.182,7.728352069854736,True,True,0,True,18282971136
heldout,layer-89:WHOLE_LAYER:p1,WHOLE_LAYER,1,89,KDA,4,9,8.2315,7.762271881103516,True,True,0,True,18282971136
heldout,layer-89:WHOLE_LAYER:p1,WHOLE_LAYER,1,89,KDA,4,10,7.4297,6.959199905395508,True,True,0,True,18282971136
heldout,layer-89:WHOLE_LAYER:p1,WHOLE_LAYER,1,89,KDA,4,11,8.1306,7.683455944061279,True,True,0,True,18282971136
heldout,layer-89:WHOLE_LAYER:p1,WHOLE_LAYER,1,89,KDA,4,12,8.5955,7.715583801269531,True,True,0,True,18282971136
heldout,layer-89:WHOLE_LAYER:p1,WHOLE_LAYER,1,89,KDA,4,13,7.3781,6.915552139282227,True,True,0,True,18282971136
heldout,layer-89:WHOLE_LAYER:p1,WHOLE_LAYER,1,89,KDA,4,14,8.2203,7.763455867767334,True,True,0,True,18282971136
heldout,layer-89:WHOLE_LAYER:p1,WHOLE_LAYER,1,89,KDA,4,15,8.1461,7.7144317626953125,True,True,0,True,18282971136
heldout,layer-89:WHOLE_LAYER:p1,WHOLE_LAYER,1,89,KDA,4,16,7.3256,6.892928123474121,True,True,0,True,18282971136
heldout,layer-89:WHOLE_LAYER:p1,WHOLE_LAYER,1,89,KDA,4,17,8.1734,7.725599765777588,True,True,0,True,18282971136
heldout,layer-89:WHOLE_LAYER:p1,WHOLE_LAYER,1,89,KDA,4,18,8.178,7.6960320472717285,True,True,0,True,18282971136
heldout,layer-89:WHOLE_LAYER:p1,WHOLE_LAYER,1,89,KDA,4,19,7.571,7.102975845336914,True,True,0,True,18282971136
heldout,layer-89:WHOLE_LAYER:p1,WHOLE_LAYER,1,89,KDA,4,20,8.1887,7.738336086273193,True,True,0,True,18282971136
heldout,layer-89:WHOLE_LAYER:p1,WHOLE_LAYER,1,89,KDA,4,21,8.1784,7.7226881980896,True,True,0,True,18282971136
heldout,layer-89:WHOLE_LAYER:p1,WHOLE_LAYER,1,89,KDA,4,22,7.3413,6.89577579498291,True,True,0,True,18282971136
heldout,layer-89:WHOLE_LAYER:p1,WHOLE_LAYER,1,89,KDA,4,23,8.2398,7.766335964202881,True,True,0,True,18282971136
heldout,layer-89:WHOLE_LAYER:p1,WHOLE_LAYER,1,89,KDA,4,24,8.3103,7.808800220489502,True,True,0,True,18282971136
heldout,layer-89:WHOLE_LAYER:p1,WHOLE_LAYER,1,89,KDA,4,25,7.3386,6.898015975952148,True,True,0,True,18282971136
heldout,layer-89:WHOLE_LAYER:p1,WHOLE_LAYER,1,89,KDA,4,26,8.1459,7.692607879638672,True,True,0,True,18282971136
heldout,layer-89:WHOLE_LAYER:p1,WHOLE_LAYER,1,89,KDA,4,27,8.2373,7.764863967895508,True,True,0,True,18282971136
heldout,layer-89:WHOLE_LAYER:p1,WHOLE_LAYER,1,89,KDA,4,28,7.3441,6.894720077514648,True,True,0,True,18282971136
heldout,layer-89:WHOLE_LAYER:p1,WHOLE_LAYER,1,89,KDA,4,29,8.2079,7.743423938751221,True,True,0,True,18282971136
heldout,layer-89:WHOLE_LAYER:p1,WHOLE_LAYER,1,89,KDA,4,30,8.1861,7.691711902618408,True,True,0,True,18282971136
heldout,layer-89:WHOLE_LAYER:p1,WHOLE_LAYER,1,89,KDA,4,31,7.3273,6.891424179077148,True,True,0,True,18282971136
heldout,layer-89:WHOLE_LAYER:p1,WHOLE_LAYER,1,89,KDA,4,32,8.1247,7.693376064300537,True,True,0,True,18282971136
heldout,layer-89:WHOLE_LAYER:p1,WHOLE_LAYER,1,89,KDA,4,33,8.1516,7.722720146179199,True,True,0,True,18282971136
heldout,layer-89:WHOLE_LAYER:p1,WHOLE_LAYER,1,89,KDA,4,34,7.3287,6.9009599685668945,True,True,0,True,18282971136
heldout,layer-89:WHOLE_LAYER:p1,WHOLE_LAYER,1,89,KDA,4,35,8.1678,7.730591773986816,True,True,0,True,18282971136
heldout,layer-89:WHOLE_LAYER:p1,WHOLE_LAYER,1,89,KDA,4,36,8.1804,7.70963191986084,True,True,0,True,18282971136
heldout,layer-89:WHOLE_LAYER:p1,WHOLE_LAYER,1,89,KDA,4,37,7.3829,6.923583984375,True,True,0,True,18282971136
heldout,layer-89:WHOLE_LAYER:p1,WHOLE_LAYER,1,89,KDA,4,38,8.1459,7.718912124633789,True,True,0,True,18282971136
heldout,layer-89:WHOLE_LAYER:p1,WHOLE_LAYER,1,89,KDA,4,39,8.1419,7.712512016296387,True,True,0,True,18282971136
heldout,layer-89:WHOLE_LAYER:p1,WHOLE_LAYER,1,89,KDA,4,40,7.4974,6.935232162475586,True,True,0,True,18282971136
heldout,layer-89:WHOLE_LAYER:p1,WHOLE_LAYER,1,89,KDA,4,41,8.2643,7.785376071929932,True,True,0,True,18282971136
heldout,layer-89:WHOLE_LAYER:p1,WHOLE_LAYER,1,89,KDA,4,42,8.2038,7.694752216339111,True,True,0,True,18282971136
heldout,layer-89:WHOLE_LAYER:p1,WHOLE_LAYER,1,89,KDA,4,43,7.372,6.934912204742432,True,True,0,True,18282971136
heldout,layer-89:WHOLE_LAYER:p1,WHOLE_LAYER,1,89,KDA,4,44,8.0798,7.647456169128418,True,True,0,True,18282971136
heldout,layer-89:WHOLE_LAYER:p1,WHOLE_LAYER,1,89,KDA,4,45,8.1445,7.709184169769287,True,True,0,True,18282971136
heldout,layer-89:WHOLE_LAYER:p1,WHOLE_LAYER,1,89,KDA,4,46,7.3358,6.895840167999268,True,True,0,True,18282971136
heldout,layer-89:WHOLE_LAYER:p1,WHOLE_LAYER,1,89,KDA,4,47,8.1247,7.689919948577881,True,True,0,True,18282971136
heldout,layer-89:WHOLE_LAYER:p1,WHOLE_LAYER,1,89,KDA,4,48,8.1901,7.709727764129639,True,True,0,True,18282971136
heldout,layer-89:WHOLE_LAYER:p1,WHOLE_LAYER,1,89,KDA,4,49,7.358,6.924160003662109,True,True,0,True,18282971136
heldout,layer-89:WHOLE_LAYER:p1,WHOLE_LAYER,1,89,KDA,4,50,8.2843,7.805344104766846,True,True,0,True,18282971136
heldout,layer-89:WHOLE_LAYER:p1,WHOLE_LAYER,1,89,KDA,4,51,8.2319,7.78166389465332,True,True,0,True,18282971136
heldout,layer-89:WHOLE_LAYER:p1,WHOLE_LAYER,1,89,KDA,4,52,7.4508,6.983424186706543,True,True,0,True,18282971136
heldout,layer-89:WHOLE_LAYER:p1,WHOLE_LAYER,1,89,KDA,4,53,8.1475,7.7017598152160645,True,True,0,True,18282971136
heldout,layer-89:WHOLE_LAYER:p1,WHOLE_LAYER,1,89,KDA,4,54,8.2061,7.721343994140625,True,True,0,True,18282971136
heldout,layer-89:WHOLE_LAYER:p1,WHOLE_LAYER,1,89,KDA,4,55,7.3858,6.947423934936523,True,True,0,True,18282971136
heldout,layer-89:WHOLE_LAYER:p1,WHOLE_LAYER,1,89,KDA,4,56,8.2097,7.73199987411499,True,True,0,True,18282971136
heldout,layer-89:WHOLE_LAYER:p1,WHOLE_LAYER,1,89,KDA,4,57,8.2318,7.779903888702393,True,True,0,True,18282971136
heldout,layer-89:WHOLE_LAYER:p1,WHOLE_LAYER,1,89,KDA,4,58,7.3642,6.928095817565918,True,True,0,True,18282971136
heldout,layer-89:WHOLE_LAYER:p1,WHOLE_LAYER,1,89,KDA,4,59,8.1981,7.749728202819824,True,True,0,True,18282971136
heldout,layer-89:WHOLE_LAYER:p1,WHOLE_LAYER,1,89,KDA,4,60,8.2358,7.743743896484375,True,True,0,True,18282971136
heldout,layer-89:WHOLE_LAYER:p1,WHOLE_LAYER,1,89,KDA,4,61,7.4069,6.974048137664795,True,True,0,True,18282971136
heldout,layer-89:WHOLE_LAYER:p1,WHOLE_LAYER,1,89,KDA,4,62,8.2141,7.778143882751465,True,True,0,True,18282971136
heldout,layer-89:WHOLE_LAYER:p1,WHOLE_LAYER,1,89,KDA,4,63,8.1789,7.749407768249512,True,True,0,True,18282971136
heldout,layer-89:WHOLE_LAYER:p1,WHOLE_LAYER,1,89,KDA,4,64,7.3461,6.906400203704834,True,True,0,True,18282971136
heldout,layer-89:WHOLE_LAYER:p1,WHOLE_LAYER,1,89,KDA,4,65,8.239,7.768320083618164,True,True,0,True,18282971136
heldout,layer-89:WHOLE_LAYER:p1,WHOLE_LAYER,1,89,KDA,4,66,8.3209,7.774303913116455,True,True,0,True,18282971136
heldout,layer-89:WHOLE_LAYER:p1,WHOLE_LAYER,1,89,KDA,4,67,7.4593,6.988255977630615,True,True,0,True,18282971136
heldout,layer-89:WHOLE_LAYER:p1,WHOLE_LAYER,1,89,KDA,4,68,8.1969,7.743296146392822,True,True,0,True,18282971136
heldout,layer-89:WHOLE_LAYER:p1,WHOLE_LAYER,1,89,KDA,4,69,8.1759,7.716383934020996,True,True,0,True,18282971136
heldout,layer-89:WHOLE_LAYER:p1,WHOLE_LAYER,1,89,KDA,4,70,7.511,6.989664077758789,True,True,0,True,18282971136
heldout,layer-89:WHOLE_LAYER:p1,WHOLE_LAYER,1,89,KDA,4,71,8.2398,7.785024166107178,True,True,0,True,18282971136
heldout,layer-89:WHOLE_LAYER:p1,WHOLE_LAYER,1,89,KDA,4,72,8.2798,7.758975982666016,True,True,0,True,18282971136
heldout,layer-89:WHOLE_LAYER:p1,WHOLE_LAYER,1,89,KDA,4,73,7.4179,6.966720104217529,True,True,0,True,18282971136
heldout,layer-89:WHOLE_LAYER:p1,WHOLE_LAYER,1,89,KDA,4,74,8.2226,7.787360191345215,True,True,0,True,18282971136
heldout,layer-89:WHOLE_LAYER:p1,WHOLE_LAYER,1,89,KDA,4,75,8.2194,7.788032054901123,True,True,0,True,18282971136
heldout,layer-89:WHOLE_LAYER:p1,WHOLE_LAYER,1,89,KDA,4,76,7.385,6.946879863739014,True,True,0,True,18282971136
heldout,layer-89:WHOLE_LAYER:p1,WHOLE_LAYER,1,89,KDA,4,77,8.1448,7.71347188949585,True,True,0,True,18282971136
heldout,layer-89:WHOLE_LAYER:p1,WHOLE_LAYER,1,89,KDA,4,78,8.1885,7.708703994750977,True,True,0,True,18282971136
heldout,layer-89:WHOLE_LAYER:p1,WHOLE_LAYER,1,89,KDA,4,79,7.3306,6.903200149536133,True,True,0,True,18282971136
heldout,layer-89:WHOLE_LAYER:p1,WHOLE_LAYER,1,89,KDA,4,80,8.3519,7.896512031555176,True,True,0,True,18282971136
heldout,layer-89:WHOLE_LAYER:p1,WHOLE_LAYER,1,89,KDA,4,81,8.2212,7.760575771331787,True,True,0,True,18282971136
heldout,layer-89:WHOLE_LAYER:p1,WHOLE_LAYER,1,89,KDA,4,82,7.4285,6.987775802612305,True,True,0,True,18282971136
heldout,layer-89:WHOLE_LAYER:p1,WHOLE_LAYER,1,89,KDA,4,83,8.1597,7.706592082977295,True,True,0,True,18282971136
heldout,layer-89:WHOLE_LAYER:p1,WHOLE_LAYER,1,89,KDA,4,84,8.5303,7.693759918212891,True,True,0,True,18282971136
heldout,layer-89:WHOLE_LAYER:p1,WHOLE_LAYER,1,89,KDA,4,85,7.3754,6.942336082458496,True,True,0,True,18282971136
heldout,layer-89:WHOLE_LAYER:p1,WHOLE_LAYER,1,89,KDA,4,86,8.1265,7.692192077636719,True,True,0,True,18282971136
heldout,layer-89:WHOLE_LAYER:p1,WHOLE_LAYER,1,89,KDA,4,87,8.1514,7.706175804138184,True,True,0,True,18282971136
heldout,layer-89:WHOLE_LAYER:p1,WHOLE_LAYER,1,89,KDA,4,88,7.4121,6.9771199226379395,True,True,0,True,18282971136
heldout,layer-89:WHOLE_LAYER:p1,WHOLE_LAYER,1,89,KDA,4,89,8.1784,7.748415946960449,True,True,0,True,18282971136
heldout,layer-89:WHOLE_LAYER:p1,WHOLE_LAYER,1,89,KDA,4,90,8.1842,7.7076802253723145,True,True,0,True,18282971136
heldout,layer-89:WHOLE_LAYER:p1,WHOLE_LAYER,1,89,KDA,4,91,7.4265,6.959360122680664,True,True,0,True,18282971136
heldout,layer-89:WHOLE_LAYER:p1,WHOLE_LAYER,1,89,KDA,4,92,8.1108,7.664383888244629,True,True,0,True,18282971136
heldout,layer-89:WHOLE_LAYER:p1,WHOLE_LAYER,1,89,KDA,4,93,8.1637,7.7269439697265625,True,True,0,True,18282971136
heldout,layer-89:WHOLE_LAYER:p1,WHOLE_LAYER,1,89,KDA,4,94,7.3405,6.906367778778076,True,True,0,True,18282971136
heldout,layer-89:WHOLE_LAYER:p1,WHOLE_LAYER,1,89,KDA,4,95,8.2163,7.7808637619018555,True,True,0,True,18282971136
heldout,layer-89:WHOLE_LAYER:p1,WHOLE_LAYER,1,89,KDA,4,96,8.2144,7.731040000915527,True,True,0,True,18282971136
heldout,layer-89:WHOLE_LAYER:p1,WHOLE_LAYER,1,89,KDA,4,97,7.3879,6.952608108520508,True,True,0,True,18282971136
heldout,layer-89:WHOLE_LAYER:p1,WHOLE_LAYER,1,89,KDA,4,98,8.1121,7.680287837982178,True,True,0,True,18282971136
heldout,layer-89:WHOLE_LAYER:p1,WHOLE_LAYER,1,89,KDA,4,99,8.1535,7.721151828765869,True,True,0,True,18282971136
heldout,layer-91:WHOLE_LAYER:p1,WHOLE_LAYER,1,91,GATED_MLA,1,0,3.6527,3.3850560188293457,True,True,0,True,18249416704
heldout,layer-91:WHOLE_LAYER:p1,WHOLE_LAYER,1,91,GATED_MLA,1,1,3.6482,3.4260480403900146,True,True,0,True,18249416704
heldout,layer-91:WHOLE_LAYER:p1,WHOLE_LAYER,1,91,GATED_MLA,1,2,3.6403,3.4051520824432373,True,True,0,True,18249416704
heldout,layer-91:WHOLE_LAYER:p1,WHOLE_LAYER,1,91,GATED_MLA,1,3,3.6135,3.3807361125946045,True,True,0,True,18249416704
heldout,layer-91:WHOLE_LAYER:p1,WHOLE_LAYER,1,91,GATED_MLA,1,4,3.6031,3.384000062942505,True,True,0,True,18249416704
heldout,layer-91:WHOLE_LAYER:p1,WHOLE_LAYER,1,91,GATED_MLA,1,5,3.5842,3.3622400760650635,True,True,0,True,18249416704
heldout,layer-91:WHOLE_LAYER:p1,WHOLE_LAYER,1,91,GATED_MLA,1,6,3.6707,3.455264091491699,True,True,0,True,18249416704
heldout,layer-91:WHOLE_LAYER:p1,WHOLE_LAYER,1,91,GATED_MLA,1,7,3.5904,3.375200033187866,True,True,0,True,18249416704
heldout,layer-91:WHOLE_LAYER:p1,WHOLE_LAYER,1,91,GATED_MLA,1,8,3.5941,3.3744959831237793,True,True,0,True,18249416704
heldout,layer-91:WHOLE_LAYER:p1,WHOLE_LAYER,1,91,GATED_MLA,1,9,3.6046,3.3841919898986816,True,True,0,True,18249416704
heldout,layer-91:WHOLE_LAYER:p1,WHOLE_LAYER,1,91,GATED_MLA,1,10,3.607,3.3819520473480225,True,True,0,True,18249416704
heldout,layer-91:WHOLE_LAYER:p1,WHOLE_LAYER,1,91,GATED_MLA,1,11,3.603,3.3841919898986816,True,True,0,True,18249416704
heldout,layer-91:WHOLE_LAYER:p1,WHOLE_LAYER,1,91,GATED_MLA,1,12,3.6273,3.367583990097046,True,True,0,True,18249416704
heldout,layer-91:WHOLE_LAYER:p1,WHOLE_LAYER,1,91,GATED_MLA,1,13,3.9405,3.6778879165649414,True,True,0,True,18249416704
heldout,layer-91:WHOLE_LAYER:p1,WHOLE_LAYER,1,91,GATED_MLA,1,14,3.6226,3.38371205329895,True,True,0,True,18249416704
heldout,layer-91:WHOLE_LAYER:p1,WHOLE_LAYER,1,91,GATED_MLA,1,15,3.6247,3.4048640727996826,True,True,0,True,18249416704
heldout,layer-91:WHOLE_LAYER:p1,WHOLE_LAYER,1,91,GATED_MLA,1,16,3.6124,3.3913280963897705,True,True,0,True,18249416704
heldout,layer-91:WHOLE_LAYER:p1,WHOLE_LAYER,1,91,GATED_MLA,1,17,3.6104,3.390079975128174,True,True,0,True,18249416704
heldout,layer-91:WHOLE_LAYER:p1,WHOLE_LAYER,1,91,GATED_MLA,1,18,3.6268,3.396480083465576,True,True,0,True,18249416704
heldout,layer-91:WHOLE_LAYER:p1,WHOLE_LAYER,1,91,GATED_MLA,1,19,3.631,3.409440040588379,True,True,0,True,18249416704
heldout,layer-91:WHOLE_LAYER:p1,WHOLE_LAYER,1,91,GATED_MLA,1,20,3.6017,3.3856000900268555,True,True,0,True,18249416704
heldout,layer-91:WHOLE_LAYER:p1,WHOLE_LAYER,1,91,GATED_MLA,1,21,3.6661,3.4530880451202393,True,True,0,True,18249416704
heldout,layer-91:WHOLE_LAYER:p1,WHOLE_LAYER,1,91,GATED_MLA,1,22,3.666,3.4431040287017822,True,True,0,True,18249416704
heldout,layer-91:WHOLE_LAYER:p1,WHOLE_LAYER,1,91,GATED_MLA,1,23,3.8886,3.603231906890869,True,True,0,True,18249416704
heldout,layer-91:WHOLE_LAYER:p1,WHOLE_LAYER,1,91,GATED_MLA,1,24,3.7609,3.461632013320923,True,True,0,True,18249416704
heldout,layer-91:WHOLE_LAYER:p1,WHOLE_LAYER,1,91,GATED_MLA,1,25,3.6809,3.4465599060058594,True,True,0,True,18249416704
heldout,layer-91:WHOLE_LAYER:p1,WHOLE_LAYER,1,91,GATED_MLA,1,26,3.6329,3.4174718856811523,True,True,0,True,18249416704
heldout,layer-91:WHOLE_LAYER:p1,WHOLE_LAYER,1,91,GATED_MLA,1,27,3.7124,3.4539520740509033,True,True,0,True,18249416704
heldout,layer-91:WHOLE_LAYER:p1,WHOLE_LAYER,1,91,GATED_MLA,1,28,3.6971,3.4402880668640137,True,True,0,True,18249416704
heldout,layer-91:WHOLE_LAYER:p1,WHOLE_LAYER,1,91,GATED_MLA,1,29,3.6499,3.4098238945007324,True,True,0,True,18249416704
heldout,layer-91:WHOLE_LAYER:p1,WHOLE_LAYER,1,91,GATED_MLA,1,30,3.684,3.428895950317383,True,True,0,True,18249416704
heldout,layer-91:WHOLE_LAYER:p1,WHOLE_LAYER,1,91,GATED_MLA,1,31,3.6629,3.4211840629577637,True,True,0,True,18249416704
heldout,layer-91:WHOLE_LAYER:p1,WHOLE_LAYER,1,91,GATED_MLA,1,32,3.6447,3.41811203956604,True,True,0,True,18249416704
heldout,layer-91:WHOLE_LAYER:p1,WHOLE_LAYER,1,91,GATED_MLA,1,33,3.6777,3.452064037322998,True,True,0,True,18249416704
heldout,layer-91:WHOLE_LAYER:p1,WHOLE_LAYER,1,91,GATED_MLA,1,34,3.6035,3.3828160762786865,True,True,0,True,18249416704
heldout,layer-91:WHOLE_LAYER:p1,WHOLE_LAYER,1,91,GATED_MLA,1,35,3.638,3.4220800399780273,True,True,0,True,18249416704
heldout,layer-91:WHOLE_LAYER:p1,WHOLE_LAYER,1,91,GATED_MLA,1,36,3.7893,3.4880640506744385,True,True,0,True,18249416704
heldout,layer-91:WHOLE_LAYER:p1,WHOLE_LAYER,1,91,GATED_MLA,1,37,3.7121,3.460223913192749,True,True,0,True,18249416704
heldout,layer-91:WHOLE_LAYER:p1,WHOLE_LAYER,1,91,GATED_MLA,1,38,3.675,3.4450879096984863,True,True,0,True,18249416704
heldout,layer-91:WHOLE_LAYER:p1,WHOLE_LAYER,1,91,GATED_MLA,1,39,3.6671,3.434175968170166,True,True,0,True,18249416704
heldout,layer-91:WHOLE_LAYER:p1,WHOLE_LAYER,1,91,GATED_MLA,1,40,3.6878,3.4588160514831543,True,True,0,True,18249416704
heldout,layer-91:WHOLE_LAYER:p1,WHOLE_LAYER,1,91,GATED_MLA,1,41,3.6481,3.421312093734741,True,True,0,True,18249416704
heldout,layer-91:WHOLE_LAYER:p1,WHOLE_LAYER,1,91,GATED_MLA,1,42,3.6165,3.39683198928833,True,True,0,True,18249416704
heldout,layer-91:WHOLE_LAYER:p1,WHOLE_LAYER,1,91,GATED_MLA,1,43,3.6175,3.405087947845459,True,True,0,True,18249416704
heldout,layer-91:WHOLE_LAYER:p1,WHOLE_LAYER,1,91,GATED_MLA,1,44,3.6456,3.4286720752716064,True,True,0,True,18249416704
heldout,layer-91:WHOLE_LAYER:p1,WHOLE_LAYER,1,91,GATED_MLA,1,45,3.6158,3.3956799507141113,True,True,0,True,18249416704
heldout,layer-91:WHOLE_LAYER:p1,WHOLE_LAYER,1,91,GATED_MLA,1,46,3.6361,3.409759998321533,True,True,0,True,18249416704
heldout,layer-91:WHOLE_LAYER:p1,WHOLE_LAYER,1,91,GATED_MLA,1,47,3.6558,3.4372479915618896,True,True,0,True,18249416704
heldout,layer-91:WHOLE_LAYER:p1,WHOLE_LAYER,1,91,GATED_MLA,1,48,3.7304,3.4451520442962646,True,True,0,True,18249416704
heldout,layer-91:WHOLE_LAYER:p1,WHOLE_LAYER,1,91,GATED_MLA,1,49,3.662,3.424031972885132,True,True,0,True,18249416704
heldout,layer-91:WHOLE_LAYER:p1,WHOLE_LAYER,1,91,GATED_MLA,1,50,3.6249,3.409343957901001,True,True,0,True,18249416704
heldout,layer-91:WHOLE_LAYER:p1,WHOLE_LAYER,1,91,GATED_MLA,1,51,3.6752,3.4570560455322266,True,True,0,True,18249416704
heldout,layer-91:WHOLE_LAYER:p1,WHOLE_LAYER,1,91,GATED_MLA,1,52,3.5945,3.3859200477600098,True,True,0,True,18249416704
heldout,layer-91:WHOLE_LAYER:p1,WHOLE_LAYER,1,91,GATED_MLA,1,53,3.7458,3.4820480346679688,True,True,0,True,18249416704
heldout,layer-91:WHOLE_LAYER:p1,WHOLE_LAYER,1,91,GATED_MLA,1,54,3.7122,3.437119960784912,True,True,0,True,18249416704
heldout,layer-91:WHOLE_LAYER:p1,WHOLE_LAYER,1,91,GATED_MLA,1,55,3.7999,3.5267200469970703,True,True,0,True,18249416704
heldout,layer-91:WHOLE_LAYER:p1,WHOLE_LAYER,1,91,GATED_MLA,1,56,3.6969,3.44051194190979,True,True,0,True,18249416704
heldout,layer-91:WHOLE_LAYER:p1,WHOLE_LAYER,1,91,GATED_MLA,1,57,3.7015,3.4319040775299072,True,True,0,True,18249416704
heldout,layer-91:WHOLE_LAYER:p1,WHOLE_LAYER,1,91,GATED_MLA,1,58,3.6374,3.405951976776123,True,True,0,True,18249416704
heldout,layer-91:WHOLE_LAYER:p1,WHOLE_LAYER,1,91,GATED_MLA,1,59,3.6227,3.4026880264282227,True,True,0,True,18249416704
heldout,layer-91:WHOLE_LAYER:p1,WHOLE_LAYER,1,91,GATED_MLA,1,60,4.0971,3.399456024169922,True,True,0,True,18249416704
heldout,layer-91:WHOLE_LAYER:p1,WHOLE_LAYER,1,91,GATED_MLA,1,61,3.7605,3.4907519817352295,True,True,0,True,18249416704
heldout,layer-91:WHOLE_LAYER:p1,WHOLE_LAYER,1,91,GATED_MLA,1,62,3.6294,3.4052159786224365,True,True,0,True,18249416704
heldout,layer-91:WHOLE_LAYER:p1,WHOLE_LAYER,1,91,GATED_MLA,1,63,3.6219,3.406208038330078,True,True,0,True,18249416704
heldout,layer-91:WHOLE_LAYER:p1,WHOLE_LAYER,1,91,GATED_MLA,1,64,3.6567,3.446784019470215,True,True,0,True,18249416704
heldout,layer-91:WHOLE_LAYER:p1,WHOLE_LAYER,1,91,GATED_MLA,1,65,3.7519,3.4876160621643066,True,True,0,True,18249416704
heldout,layer-91:WHOLE_LAYER:p1,WHOLE_LAYER,1,91,GATED_MLA,1,66,3.6717,3.4350080490112305,True,True,0,True,18249416704
heldout,layer-91:WHOLE_LAYER:p1,WHOLE_LAYER,1,91,GATED_MLA,1,67,3.6398,3.4248640537261963,True,True,0,True,18249416704
heldout,layer-91:WHOLE_LAYER:p1,WHOLE_LAYER,1,91,GATED_MLA,1,68,3.6123,3.405888080596924,True,True,0,True,18249416704
heldout,layer-91:WHOLE_LAYER:p1,WHOLE_LAYER,1,91,GATED_MLA,1,69,3.6398,3.428352117538452,True,True,0,True,18249416704
heldout,layer-91:WHOLE_LAYER:p1,WHOLE_LAYER,1,91,GATED_MLA,1,70,3.7282,3.5214080810546875,True,True,0,True,18249416704
heldout,layer-91:WHOLE_LAYER:p1,WHOLE_LAYER,1,91,GATED_MLA,1,71,3.6665,3.4651200771331787,True,True,0,True,18249416704
heldout,layer-91:WHOLE_LAYER:p1,WHOLE_LAYER,1,91,GATED_MLA,1,72,3.6784,3.4280641078948975,True,True,0,True,18249416704
heldout,layer-91:WHOLE_LAYER:p1,WHOLE_LAYER,1,91,GATED_MLA,1,73,3.6493,3.4393599033355713,True,True,0,True,18249416704
heldout,layer-91:WHOLE_LAYER:p1,WHOLE_LAYER,1,91,GATED_MLA,1,74,3.7057,3.4658560752868652,True,True,0,True,18249416704
heldout,layer-91:WHOLE_LAYER:p1,WHOLE_LAYER,1,91,GATED_MLA,1,75,3.6734,3.4476161003112793,True,True,0,True,18249416704
heldout,layer-91:WHOLE_LAYER:p1,WHOLE_LAYER,1,91,GATED_MLA,1,76,3.6422,3.4344000816345215,True,True,0,True,18249416704
heldout,layer-91:WHOLE_LAYER:p1,WHOLE_LAYER,1,91,GATED_MLA,1,77,3.6488,3.437824010848999,True,True,0,True,18249416704
heldout,layer-91:WHOLE_LAYER:p1,WHOLE_LAYER,1,91,GATED_MLA,1,78,3.7555,3.5013439655303955,True,True,0,True,18249416704
heldout,layer-91:WHOLE_LAYER:p1,WHOLE_LAYER,1,91,GATED_MLA,1,79,3.6708,3.438944101333618,True,True,0,True,18249416704
heldout,layer-91:WHOLE_LAYER:p1,WHOLE_LAYER,1,91,GATED_MLA,1,80,3.6938,3.470463991165161,True,True,0,True,18249416704
heldout,layer-91:WHOLE_LAYER:p1,WHOLE_LAYER,1,91,GATED_MLA,1,81,3.6725,3.4573121070861816,True,True,0,True,18249416704
heldout,layer-91:WHOLE_LAYER:p1,WHOLE_LAYER,1,91,GATED_MLA,1,82,3.7105,3.4593279361724854,True,True,0,True,18249416704
heldout,layer-91:WHOLE_LAYER:p1,WHOLE_LAYER,1,91,GATED_MLA,1,83,3.6369,3.4181759357452393,True,True,0,True,18249416704
heldout,layer-91:WHOLE_LAYER:p1,WHOLE_LAYER,1,91,GATED_MLA,1,84,3.7176,3.461440086364746,True,True,0,True,18249416704
heldout,layer-91:WHOLE_LAYER:p1,WHOLE_LAYER,1,91,GATED_MLA,1,85,3.6407,3.4233920574188232,True,True,0,True,18249416704
heldout,layer-91:WHOLE_LAYER:p1,WHOLE_LAYER,1,91,GATED_MLA,1,86,3.5967,3.391711950302124,True,True,0,True,18249416704
heldout,layer-91:WHOLE_LAYER:p1,WHOLE_LAYER,1,91,GATED_MLA,1,87,3.6923,3.4594240188598633,True,True,0,True,18249416704
heldout,layer-91:WHOLE_LAYER:p1,WHOLE_LAYER,1,91,GATED_MLA,1,88,3.6654,3.4488959312438965,True,True,0,True,18249416704
heldout,layer-91:WHOLE_LAYER:p1,WHOLE_LAYER,1,91,GATED_MLA,1,89,3.6244,3.4193599224090576,True,True,0,True,18249416704
heldout,layer-91:WHOLE_LAYER:p1,WHOLE_LAYER,1,91,GATED_MLA,1,90,3.6668,3.4642879962921143,True,True,0,True,18249416704
heldout,layer-91:WHOLE_LAYER:p1,WHOLE_LAYER,1,91,GATED_MLA,1,91,3.7628,3.5182719230651855,True,True,0,True,18249416704
heldout,layer-91:WHOLE_LAYER:p1,WHOLE_LAYER,1,91,GATED_MLA,1,92,3.6612,3.4314239025115967,True,True,0,True,18249416704
heldout,layer-91:WHOLE_LAYER:p1,WHOLE_LAYER,1,91,GATED_MLA,1,93,3.6863,3.4683520793914795,True,True,0,True,18249416704
heldout,layer-91:WHOLE_LAYER:p1,WHOLE_LAYER,1,91,GATED_MLA,1,94,3.6471,3.441728115081787,True,True,0,True,18249416704
heldout,layer-91:WHOLE_LAYER:p1,WHOLE_LAYER,1,91,GATED_MLA,1,95,3.7717,3.5230400562286377,True,True,0,True,18249416704
heldout,layer-91:WHOLE_LAYER:p1,WHOLE_LAYER,1,91,GATED_MLA,1,96,3.7304,3.4504001140594482,True,True,0,True,18249416704
heldout,layer-91:WHOLE_LAYER:p1,WHOLE_LAYER,1,91,GATED_MLA,1,97,3.6406,3.4244160652160645,True,True,0,True,18249416704
heldout,layer-91:WHOLE_LAYER:p1,WHOLE_LAYER,1,91,GATED_MLA,1,98,3.6608,3.44867205619812,True,True,0,True,18249416704
heldout,layer-91:WHOLE_LAYER:p1,WHOLE_LAYER,1,91,GATED_MLA,1,99,3.6851,3.4593920707702637,True,True,0,True,18249416704
heldout,layer-91:WHOLE_LAYER:p1,WHOLE_LAYER,1,91,GATED_MLA,2,0,4.7337,4.424255847930908,True,True,0,True,18249416704
heldout,layer-91:WHOLE_LAYER:p1,WHOLE_LAYER,1,91,GATED_MLA,2,1,5.2339,4.8639678955078125,True,True,0,True,18249416704
heldout,layer-91:WHOLE_LAYER:p1,WHOLE_LAYER,1,91,GATED_MLA,2,2,5.2465,4.9236159324646,True,True,0,True,18249416704
heldout,layer-91:WHOLE_LAYER:p1,WHOLE_LAYER,1,91,GATED_MLA,2,3,4.7541,4.398687839508057,True,True,0,True,18249416704
heldout,layer-91:WHOLE_LAYER:p1,WHOLE_LAYER,1,91,GATED_MLA,2,4,5.2326,4.884479999542236,True,True,0,True,18249416704
heldout,layer-91:WHOLE_LAYER:p1,WHOLE_LAYER,1,91,GATED_MLA,2,5,5.2129,4.879903793334961,True,True,0,True,18249416704
heldout,layer-91:WHOLE_LAYER:p1,WHOLE_LAYER,1,91,GATED_MLA,2,6,4.7011,4.381760120391846,True,True,0,True,18249416704
heldout,layer-91:WHOLE_LAYER:p1,WHOLE_LAYER,1,91,GATED_MLA,2,7,5.3829,4.929855823516846,True,True,0,True,18249416704
heldout,layer-91:WHOLE_LAYER:p1,WHOLE_LAYER,1,91,GATED_MLA,2,8,5.2751,4.892576217651367,True,True,0,True,18249416704
heldout,layer-91:WHOLE_LAYER:p1,WHOLE_LAYER,1,91,GATED_MLA,2,9,4.8576,4.429279804229736,True,True,0,True,18249416704
heldout,layer-91:WHOLE_LAYER:p1,WHOLE_LAYER,1,91,GATED_MLA,2,10,5.2045,4.851071834564209,True,True,0,True,18249416704
heldout,layer-91:WHOLE_LAYER:p1,WHOLE_LAYER,1,91,GATED_MLA,2,11,5.2185,4.879360198974609,True,True,0,True,18249416704
heldout,layer-91:WHOLE_LAYER:p1,WHOLE_LAYER,1,91,GATED_MLA,2,12,4.7972,4.427487850189209,True,True,0,True,18249416704
heldout,layer-91:WHOLE_LAYER:p1,WHOLE_LAYER,1,91,GATED_MLA,2,13,5.2906,4.932544231414795,True,True,0,True,18249416704
heldout,layer-91:WHOLE_LAYER:p1,WHOLE_LAYER,1,91,GATED_MLA,2,14,5.239,4.902527809143066,True,True,0,True,18249416704
heldout,layer-91:WHOLE_LAYER:p1,WHOLE_LAYER,1,91,GATED_MLA,2,15,4.7371,4.407135963439941,True,True,0,True,18249416704
heldout,layer-91:WHOLE_LAYER:p1,WHOLE_LAYER,1,91,GATED_MLA,2,16,5.23,4.900991916656494,True,True,0,True,18249416704
heldout,layer-91:WHOLE_LAYER:p1,WHOLE_LAYER,1,91,GATED_MLA,2,17,5.2758,4.893599987030029,True,True,0,True,18249416704
heldout,layer-91:WHOLE_LAYER:p1,WHOLE_LAYER,1,91,GATED_MLA,2,18,4.7189,4.386335849761963,True,True,0,True,18249416704
heldout,layer-91:WHOLE_LAYER:p1,WHOLE_LAYER,1,91,GATED_MLA,2,19,5.201,4.877791881561279,True,True,0,True,18249416704
heldout,layer-91:WHOLE_LAYER:p1,WHOLE_LAYER,1,91,GATED_MLA,2,20,5.1577,4.840320110321045,True,True,0,True,18249416704
heldout,layer-91:WHOLE_LAYER:p1,WHOLE_LAYER,1,91,GATED_MLA,2,21,4.9272,4.569664001464844,True,True,0,True,18249416704
heldout,layer-91:WHOLE_LAYER:p1,WHOLE_LAYER,1,91,GATED_MLA,2,22,5.2412,4.895071983337402,True,True,0,True,18249416704
heldout,layer-91:WHOLE_LAYER:p1,WHOLE_LAYER,1,91,GATED_MLA,2,23,5.2006,4.87388801574707,True,True,0,True,18249416704
heldout,layer-91:WHOLE_LAYER:p1,WHOLE_LAYER,1,91,GATED_MLA,2,24,4.8921,4.536960124969482,True,True,0,True,18249416704
heldout,layer-91:WHOLE_LAYER:p1,WHOLE_LAYER,1,91,GATED_MLA,2,25,5.2638,4.880159854888916,True,True,0,True,18249416704
heldout,layer-91:WHOLE_LAYER:p1,WHOLE_LAYER,1,91,GATED_MLA,2,26,5.2224,4.898784160614014,True,True,0,True,18249416704
heldout,layer-91:WHOLE_LAYER:p1,WHOLE_LAYER,1,91,GATED_MLA,2,27,4.8161,4.490367889404297,True,True,0,True,18249416704
heldout,layer-91:WHOLE_LAYER:p1,WHOLE_LAYER,1,91,GATED_MLA,2,28,5.2002,4.877056121826172,True,True,0,True,18249416704
heldout,layer-91:WHOLE_LAYER:p1,WHOLE_LAYER,1,91,GATED_MLA,2,29,5.2183,4.901343822479248,True,True,0,True,18249416704
heldout,layer-91:WHOLE_LAYER:p1,WHOLE_LAYER,1,91,GATED_MLA,2,30,4.7428,4.437407970428467,True,True,0,True,18249416704
heldout,layer-91:WHOLE_LAYER:p1,WHOLE_LAYER,1,91,GATED_MLA,2,31,5.2076,4.889344215393066,True,True,0,True,18249416704
heldout,layer-91:WHOLE_LAYER:p1,WHOLE_LAYER,1,91,GATED_MLA,2,32,5.2182,4.903584003448486,True,True,0,True,18249416704
heldout,layer-91:WHOLE_LAYER:p1,WHOLE_LAYER,1,91,GATED_MLA,2,33,4.7637,4.413119792938232,True,True,0,True,18249416704
heldout,layer-91:WHOLE_LAYER:p1,WHOLE_LAYER,1,91,GATED_MLA,2,34,5.2458,4.904640197753906,True,True,0,True,18249416704
heldout,layer-91:WHOLE_LAYER:p1,WHOLE_LAYER,1,91,GATED_MLA,2,35,5.198,4.868544101715088,True,True,0,True,18249416704
heldout,layer-91:WHOLE_LAYER:p1,WHOLE_LAYER,1,91,GATED_MLA,2,36,4.7714,4.4429121017456055,True,True,0,True,18249416704
heldout,layer-91:WHOLE_LAYER:p1,WHOLE_LAYER,1,91,GATED_MLA,2,37,5.3049,4.954048156738281,True,True,0,True,18249416704
heldout,layer-91:WHOLE_LAYER:p1,WHOLE_LAYER,1,91,GATED_MLA,2,38,5.2381,4.8919358253479,True,True,0,True,18249416704
heldout,layer-91:WHOLE_LAYER:p1,WHOLE_LAYER,1,91,GATED_MLA,2,39,4.7456,4.421664237976074,True,True,0,True,18249416704
heldout,layer-91:WHOLE_LAYER:p1,WHOLE_LAYER,1,91,GATED_MLA,2,40,5.2098,4.877791881561279,True,True,0,True,18249416704
heldout,layer-91:WHOLE_LAYER:p1,WHOLE_LAYER,1,91,GATED_MLA,2,41,5.3343,4.946047782897949,True,True,0,True,18249416704
heldout,layer-91:WHOLE_LAYER:p1,WHOLE_LAYER,1,91,GATED_MLA,2,42,4.7516,4.434912204742432,True,True,0,True,18249416704
heldout,layer-91:WHOLE_LAYER:p1,WHOLE_LAYER,1,91,GATED_MLA,2,43,5.1997,4.886144161224365,True,True,0,True,18249416704
heldout,layer-91:WHOLE_LAYER:p1,WHOLE_LAYER,1,91,GATED_MLA,2,44,5.1749,4.8646721839904785,True,True,0,True,18249416704
heldout,layer-91:WHOLE_LAYER:p1,WHOLE_LAYER,1,91,GATED_MLA,2,45,4.7363,4.436960220336914,True,True,0,True,18249416704
heldout,layer-91:WHOLE_LAYER:p1,WHOLE_LAYER,1,91,GATED_MLA,2,46,5.1949,4.88105583190918,True,True,0,True,18249416704
heldout,layer-91:WHOLE_LAYER:p1,WHOLE_LAYER,1,91,GATED_MLA,2,47,5.1956,4.880288124084473,True,True,0,True,18249416704
heldout,layer-91:WHOLE_LAYER:p1,WHOLE_LAYER,1,91,GATED_MLA,2,48,4.7329,4.429952144622803,True,True,0,True,18249416704
heldout,layer-91:WHOLE_LAYER:p1,WHOLE_LAYER,1,91,GATED_MLA,2,49,5.6726,4.9686079025268555,True,True,0,True,18249416704
heldout,layer-91:WHOLE_LAYER:p1,WHOLE_LAYER,1,91,GATED_MLA,2,50,5.2352,4.893887996673584,True,True,0,True,18249416704
heldout,layer-91:WHOLE_LAYER:p1,WHOLE_LAYER,1,91,GATED_MLA,2,51,4.8717,4.487264156341553,True,True,0,True,18249416704
heldout,layer-91:WHOLE_LAYER:p1,WHOLE_LAYER,1,91,GATED_MLA,2,52,5.2849,4.927807807922363,True,True,0,True,18249416704
heldout,layer-91:WHOLE_LAYER:p1,WHOLE_LAYER,1,91,GATED_MLA,2,53,5.2553,4.932096004486084,True,True,0,True,18249416704
heldout,layer-91:WHOLE_LAYER:p1,WHOLE_LAYER,1,91,GATED_MLA,2,54,4.7334,4.423391819000244,True,True,0,True,18249416704
heldout,layer-91:WHOLE_LAYER:p1,WHOLE_LAYER,1,91,GATED_MLA,2,55,5.3151,4.966368198394775,True,True,0,True,18249416704
heldout,layer-91:WHOLE_LAYER:p1,WHOLE_LAYER,1,91,GATED_MLA,2,56,5.2338,4.892320156097412,True,True,0,True,18249416704
heldout,layer-91:WHOLE_LAYER:p1,WHOLE_LAYER,1,91,GATED_MLA,2,57,4.8648,4.496960163116455,True,True,0,True,18249416704
heldout,layer-91:WHOLE_LAYER:p1,WHOLE_LAYER,1,91,GATED_MLA,2,58,5.2661,4.937632083892822,True,True,0,True,18249416704
heldout,layer-91:WHOLE_LAYER:p1,WHOLE_LAYER,1,91,GATED_MLA,2,59,5.2749,4.959743976593018,True,True,0,True,18249416704
heldout,layer-91:WHOLE_LAYER:p1,WHOLE_LAYER,1,91,GATED_MLA,2,60,4.7372,4.434688091278076,True,True,0,True,18249416704
heldout,layer-91:WHOLE_LAYER:p1,WHOLE_LAYER,1,91,GATED_MLA,2,61,5.2403,4.922463893890381,True,True,0,True,18249416704
heldout,layer-91:WHOLE_LAYER:p1,WHOLE_LAYER,1,91,GATED_MLA,2,62,5.2103,4.902080059051514,True,True,0,True,18249416704
heldout,layer-91:WHOLE_LAYER:p1,WHOLE_LAYER,1,91,GATED_MLA,2,63,4.7998,4.487679958343506,True,True,0,True,18249416704
heldout,layer-91:WHOLE_LAYER:p1,WHOLE_LAYER,1,91,GATED_MLA,2,64,5.2754,4.940959930419922,True,True,0,True,18249416704
heldout,layer-91:WHOLE_LAYER:p1,WHOLE_LAYER,1,91,GATED_MLA,2,65,5.2991,4.923776149749756,True,True,0,True,18249416704
heldout,layer-91:WHOLE_LAYER:p1,WHOLE_LAYER,1,91,GATED_MLA,2,66,4.752,4.441664218902588,True,True,0,True,18249416704
heldout,layer-91:WHOLE_LAYER:p1,WHOLE_LAYER,1,91,GATED_MLA,2,67,5.2287,4.908448219299316,True,True,0,True,18249416704
heldout,layer-91:WHOLE_LAYER:p1,WHOLE_LAYER,1,91,GATED_MLA,2,68,5.2346,4.91923189163208,True,True,0,True,18249416704
heldout,layer-91:WHOLE_LAYER:p1,WHOLE_LAYER,1,91,GATED_MLA,2,69,4.7311,4.424767971038818,True,True,0,True,18249416704
heldout,layer-91:WHOLE_LAYER:p1,WHOLE_LAYER,1,91,GATED_MLA,2,70,5.3293,4.984255790710449,True,True,0,True,18249416704
heldout,layer-91:WHOLE_LAYER:p1,WHOLE_LAYER,1,91,GATED_MLA,2,71,5.2466,4.9198079109191895,True,True,0,True,18249416704
heldout,layer-91:WHOLE_LAYER:p1,WHOLE_LAYER,1,91,GATED_MLA,2,72,4.7769,4.4608001708984375,True,True,0,True,18249416704
heldout,layer-91:WHOLE_LAYER:p1,WHOLE_LAYER,1,91,GATED_MLA,2,73,5.3635,4.976448059082031,True,True,0,True,18249416704
heldout,layer-91:WHOLE_LAYER:p1,WHOLE_LAYER,1,91,GATED_MLA,2,74,5.2463,4.905407905578613,True,True,0,True,18249416704
heldout,layer-91:WHOLE_LAYER:p1,WHOLE_LAYER,1,91,GATED_MLA,2,75,4.7599,4.446303844451904,True,True,0,True,18249416704
heldout,layer-91:WHOLE_LAYER:p1,WHOLE_LAYER,1,91,GATED_MLA,2,76,5.2602,4.931424140930176,True,True,0,True,18249416704
heldout,layer-91:WHOLE_LAYER:p1,WHOLE_LAYER,1,91,GATED_MLA,2,77,5.2222,4.900256156921387,True,True,0,True,18249416704
heldout,layer-91:WHOLE_LAYER:p1,WHOLE_LAYER,1,91,GATED_MLA,2,78,4.7881,4.477407932281494,True,True,0,True,18249416704
heldout,layer-91:WHOLE_LAYER:p1,WHOLE_LAYER,1,91,GATED_MLA,2,79,5.3132,4.964672088623047,True,True,0,True,18249416704
heldout,layer-91:WHOLE_LAYER:p1,WHOLE_LAYER,1,91,GATED_MLA,2,80,5.305,4.963744163513184,True,True,0,True,18249416704
heldout,layer-91:WHOLE_LAYER:p1,WHOLE_LAYER,1,91,GATED_MLA,2,81,4.8386,4.471104145050049,True,True,0,True,18249416704
heldout,layer-91:WHOLE_LAYER:p1,WHOLE_LAYER,1,91,GATED_MLA,2,82,5.3722,5.020224094390869,True,True,0,True,18249416704
heldout,layer-91:WHOLE_LAYER:p1,WHOLE_LAYER,1,91,GATED_MLA,2,83,5.2795,4.945184230804443,True,True,0,True,18249416704
heldout,layer-91:WHOLE_LAYER:p1,WHOLE_LAYER,1,91,GATED_MLA,2,84,4.8335,4.515967845916748,True,True,0,True,18249416704
heldout,layer-91:WHOLE_LAYER:p1,WHOLE_LAYER,1,91,GATED_MLA,2,85,5.2589,4.927743911743164,True,True,0,True,18249416704
heldout,layer-91:WHOLE_LAYER:p1,WHOLE_LAYER,1,91,GATED_MLA,2,86,5.2829,4.953567981719971,True,True,0,True,18249416704
heldout,layer-91:WHOLE_LAYER:p1,WHOLE_LAYER,1,91,GATED_MLA,2,87,4.762,4.451871871948242,True,True,0,True,18249416704
heldout,layer-91:WHOLE_LAYER:p1,WHOLE_LAYER,1,91,GATED_MLA,2,88,5.2573,4.931583881378174,True,True,0,True,18249416704
heldout,layer-91:WHOLE_LAYER:p1,WHOLE_LAYER,1,91,GATED_MLA,2,89,5.2901,4.9266557693481445,True,True,0,True,18249416704
heldout,layer-91:WHOLE_LAYER:p1,WHOLE_LAYER,1,91,GATED_MLA,2,90,4.8057,4.497024059295654,True,True,0,True,18249416704
heldout,layer-91:WHOLE_LAYER:p1,WHOLE_LAYER,1,91,GATED_MLA,2,91,5.2392,4.916192054748535,True,True,0,True,18249416704
heldout,layer-91:WHOLE_LAYER:p1,WHOLE_LAYER,1,91,GATED_MLA,2,92,5.2605,4.930784225463867,True,True,0,True,18249416704
heldout,layer-91:WHOLE_LAYER:p1,WHOLE_LAYER,1,91,GATED_MLA,2,93,4.7702,4.4653120040893555,True,True,0,True,18249416704
heldout,layer-91:WHOLE_LAYER:p1,WHOLE_LAYER,1,91,GATED_MLA,2,94,5.2418,4.925471782684326,True,True,0,True,18249416704
heldout,layer-91:WHOLE_LAYER:p1,WHOLE_LAYER,1,91,GATED_MLA,2,95,5.2264,4.912032127380371,True,True,0,True,18249416704
heldout,layer-91:WHOLE_LAYER:p1,WHOLE_LAYER,1,91,GATED_MLA,2,96,4.7928,4.494175910949707,True,True,0,True,18249416704
heldout,layer-91:WHOLE_LAYER:p1,WHOLE_LAYER,1,91,GATED_MLA,2,97,5.4629,5.008800029754639,True,True,0,True,18249416704
heldout,layer-91:WHOLE_LAYER:p1,WHOLE_LAYER,1,91,GATED_MLA,2,98,5.3853,4.999360084533691,True,True,0,True,18249416704
heldout,layer-91:WHOLE_LAYER:p1,WHOLE_LAYER,1,91,GATED_MLA,2,99,4.798,4.461023807525635,True,True,0,True,18249416704
heldout,layer-91:WHOLE_LAYER:p1,WHOLE_LAYER,1,91,GATED_MLA,4,0,7.2941,6.874080181121826,True,True,0,True,18249416704
heldout,layer-91:WHOLE_LAYER:p1,WHOLE_LAYER,1,91,GATED_MLA,4,1,6.9626,6.497568130493164,True,True,0,True,18249416704
heldout,layer-91:WHOLE_LAYER:p1,WHOLE_LAYER,1,91,GATED_MLA,4,2,7.3816,6.953567981719971,True,True,0,True,18249416704
heldout,layer-91:WHOLE_LAYER:p1,WHOLE_LAYER,1,91,GATED_MLA,4,3,7.3804,6.9580159187316895,True,True,0,True,18249416704
heldout,layer-91:WHOLE_LAYER:p1,WHOLE_LAYER,1,91,GATED_MLA,4,4,6.9868,6.560800075531006,True,True,0,True,18249416704
heldout,layer-91:WHOLE_LAYER:p1,WHOLE_LAYER,1,91,GATED_MLA,4,5,7.4468,7.023776054382324,True,True,0,True,18249416704
heldout,layer-91:WHOLE_LAYER:p1,WHOLE_LAYER,1,91,GATED_MLA,4,6,7.3092,6.877120018005371,True,True,0,True,18249416704
heldout,layer-91:WHOLE_LAYER:p1,WHOLE_LAYER,1,91,GATED_MLA,4,7,7.0147,6.52675199508667,True,True,0,True,18249416704
heldout,layer-91:WHOLE_LAYER:p1,WHOLE_LAYER,1,91,GATED_MLA,4,8,7.3751,6.930943965911865,True,True,0,True,18249416704
heldout,layer-91:WHOLE_LAYER:p1,WHOLE_LAYER,1,91,GATED_MLA,4,9,7.4158,6.934688091278076,True,True,0,True,18249416704
heldout,layer-91:WHOLE_LAYER:p1,WHOLE_LAYER,1,91,GATED_MLA,4,10,6.9732,6.523712158203125,True,True,0,True,18249416704
heldout,layer-91:WHOLE_LAYER:p1,WHOLE_LAYER,1,91,GATED_MLA,4,11,7.3832,6.900576114654541,True,True,0,True,18249416704
heldout,layer-91:WHOLE_LAYER:p1,WHOLE_LAYER,1,91,GATED_MLA,4,12,7.372,6.943391799926758,True,True,0,True,18249416704
heldout,layer-91:WHOLE_LAYER:p1,WHOLE_LAYER,1,91,GATED_MLA,4,13,7.3487,6.532991886138916,True,True,0,True,18249416704
heldout,layer-91:WHOLE_LAYER:p1,WHOLE_LAYER,1,91,GATED_MLA,4,14,7.4307,6.98422384262085,True,True,0,True,18249416704
heldout,layer-91:WHOLE_LAYER:p1,WHOLE_LAYER,1,91,GATED_MLA,4,15,7.4114,6.984767913818359,True,True,0,True,18249416704
heldout,layer-91:WHOLE_LAYER:p1,WHOLE_LAYER,1,91,GATED_MLA,4,16,6.9991,6.580416202545166,True,True,0,True,18249416704
heldout,layer-91:WHOLE_LAYER:p1,WHOLE_LAYER,1,91,GATED_MLA,4,17,7.3848,6.962495803833008,True,True,0,True,18249416704
heldout,layer-91:WHOLE_LAYER:p1,WHOLE_LAYER,1,91,GATED_MLA,4,18,7.3918,6.933472156524658,True,True,0,True,18249416704
heldout,layer-91:WHOLE_LAYER:p1,WHOLE_LAYER,1,91,GATED_MLA,4,19,7.0712,6.582240104675293,True,True,0,True,18249416704
heldout,layer-91:WHOLE_LAYER:p1,WHOLE_LAYER,1,91,GATED_MLA,4,20,7.4085,6.9712958335876465,True,True,0,True,18249416704
heldout,layer-91:WHOLE_LAYER:p1,WHOLE_LAYER,1,91,GATED_MLA,4,21,7.4032,6.978528022766113,True,True,0,True,18249416704
heldout,layer-91:WHOLE_LAYER:p1,WHOLE_LAYER,1,91,GATED_MLA,4,22,7.0673,6.586175918579102,True,True,0,True,18249416704
heldout,layer-91:WHOLE_LAYER:p1,WHOLE_LAYER,1,91,GATED_MLA,4,23,7.4573,7.018752098083496,True,True,0,True,18249416704
heldout,layer-91:WHOLE_LAYER:p1,WHOLE_LAYER,1,91,GATED_MLA,4,24,7.4568,7.007967948913574,True,True,0,True,18249416704
heldout,layer-91:WHOLE_LAYER:p1,WHOLE_LAYER,1,91,GATED_MLA,4,25,7.1004,6.622687816619873,True,True,0,True,18249416704
heldout,layer-91:WHOLE_LAYER:p1,WHOLE_LAYER,1,91,GATED_MLA,4,26,7.5957,7.128992080688477,True,True,0,True,18249416704
heldout,layer-91:WHOLE_LAYER:p1,WHOLE_LAYER,1,91,GATED_MLA,4,27,7.5332,7.073791980743408,True,True,0,True,18249416704
heldout,layer-91:WHOLE_LAYER:p1,WHOLE_LAYER,1,91,GATED_MLA,4,28,7.2594,6.700287818908691,True,True,0,True,18249416704
heldout,layer-91:WHOLE_LAYER:p1,WHOLE_LAYER,1,91,GATED_MLA,4,29,7.6542,7.126783847808838,True,True,0,True,18249416704
heldout,layer-91:WHOLE_LAYER:p1,WHOLE_LAYER,1,91,GATED_MLA,4,30,7.8293,7.347104072570801,True,True,0,True,18249416704
heldout,layer-91:WHOLE_LAYER:p1,WHOLE_LAYER,1,91,GATED_MLA,4,31,7.1307,6.643136024475098,True,True,0,True,18249416704
heldout,layer-91:WHOLE_LAYER:p1,WHOLE_LAYER,1,91,GATED_MLA,4,32,7.4625,7.033152103424072,True,True,0,True,18249416704
heldout,layer-91:WHOLE_LAYER:p1,WHOLE_LAYER,1,91,GATED_MLA,4,33,7.4687,7.042208194732666,True,True,0,True,18249416704
heldout,layer-91:WHOLE_LAYER:p1,WHOLE_LAYER,1,91,GATED_MLA,4,34,7.1284,6.650400161743164,True,True,0,True,18249416704
heldout,layer-91:WHOLE_LAYER:p1,WHOLE_LAYER,1,91,GATED_MLA,4,35,7.7249,7.149759769439697,True,True,0,True,18249416704
heldout,layer-91:WHOLE_LAYER:p1,WHOLE_LAYER,1,91,GATED_MLA,4,36,7.8028,7.150815963745117,True,True,0,True,18249416704
heldout,layer-91:WHOLE_LAYER:p1,WHOLE_LAYER,1,91,GATED_MLA,4,37,7.7439,6.812672138214111,True,True,0,True,18249416704
heldout,layer-91:WHOLE_LAYER:p1,WHOLE_LAYER,1,91,GATED_MLA,4,38,8.1455,7.1833600997924805,True,True,0,True,18249416704
heldout,layer-91:WHOLE_LAYER:p1,WHOLE_LAYER,1,91,GATED_MLA,4,39,7.8242,7.102975845336914,True,True,0,True,18249416704
heldout,layer-91:WHOLE_LAYER:p1,WHOLE_LAYER,1,91,GATED_MLA,4,40,7.4683,6.770624160766602,True,True,0,True,18249416704
heldout,layer-91:WHOLE_LAYER:p1,WHOLE_LAYER,1,91,GATED_MLA,4,41,8.089,7.27839994430542,True,True,0,True,18249416704
heldout,layer-91:WHOLE_LAYER:p1,WHOLE_LAYER,1,91,GATED_MLA,4,42,7.8813,7.20143985748291,True,True,0,True,18249416704
heldout,layer-91:WHOLE_LAYER:p1,WHOLE_LAYER,1,91,GATED_MLA,4,43,7.364,6.748032093048096,True,True,0,True,18249416704
heldout,layer-91:WHOLE_LAYER:p1,WHOLE_LAYER,1,91,GATED_MLA,4,44,7.6406,7.123231887817383,True,True,0,True,18249416704
heldout,layer-91:WHOLE_LAYER:p1,WHOLE_LAYER,1,91,GATED_MLA,4,45,7.6518,7.15388822555542,True,True,0,True,18249416704
heldout,layer-91:WHOLE_LAYER:p1,WHOLE_LAYER,1,91,GATED_MLA,4,46,7.2221,6.7427520751953125,True,True,0,True,18249416704
heldout,layer-91:WHOLE_LAYER:p1,WHOLE_LAYER,1,91,GATED_MLA,4,47,7.6164,7.129983901977539,True,True,0,True,18249416704
heldout,layer-91:WHOLE_LAYER:p1,WHOLE_LAYER,1,91,GATED_MLA,4,48,7.5981,7.125728130340576,True,True,0,True,18249416704
heldout,layer-91:WHOLE_LAYER:p1,WHOLE_LAYER,1,91,GATED_MLA,4,49,7.3204,6.7690558433532715,True,True,0,True,18249416704
heldout,layer-91:WHOLE_LAYER:p1,WHOLE_LAYER,1,91,GATED_MLA,4,50,7.6362,7.156447887420654,True,True,0,True,18249416704
heldout,layer-91:WHOLE_LAYER:p1,WHOLE_LAYER,1,91,GATED_MLA,4,51,7.62,7.146592140197754,True,True,0,True,18249416704
heldout,layer-91:WHOLE_LAYER:p1,WHOLE_LAYER,1,91,GATED_MLA,4,52,7.2601,6.800032138824463,True,True,0,True,18249416704
heldout,layer-91:WHOLE_LAYER:p1,WHOLE_LAYER,1,91,GATED_MLA,4,53,7.5279,7.058879852294922,True,True,0,True,18249416704
heldout,layer-91:WHOLE_LAYER:p1,WHOLE_LAYER,1,91,GATED_MLA,4,54,7.5571,7.100863933563232,True,True,0,True,18249416704
heldout,layer-91:WHOLE_LAYER:p1,WHOLE_LAYER,1,91,GATED_MLA,4,55,7.2583,6.734335899353027,True,True,0,True,18249416704
heldout,layer-91:WHOLE_LAYER:p1,WHOLE_LAYER,1,91,GATED_MLA,4,56,7.4863,7.031583786010742,True,True,0,True,18249416704
heldout,layer-91:WHOLE_LAYER:p1,WHOLE_LAYER,1,91,GATED_MLA,4,57,7.5506,7.092031955718994,True,True,0,True,18249416704
heldout,layer-91:WHOLE_LAYER:p1,WHOLE_LAYER,1,91,GATED_MLA,4,58,7.1184,6.6750078201293945,True,True,0,True,18249416704
heldout,layer-91:WHOLE_LAYER:p1,WHOLE_LAYER,1,91,GATED_MLA,4,59,7.5602,7.118624210357666,True,True,0,True,18249416704
heldout,layer-91:WHOLE_LAYER:p1,WHOLE_LAYER,1,91,GATED_MLA,4,60,7.5118,7.0722880363464355,True,True,0,True,18249416704
heldout,layer-91:WHOLE_LAYER:p1,WHOLE_LAYER,1,91,GATED_MLA,4,61,7.1991,6.705440044403076,True,True,0,True,18249416704
heldout,layer-91:WHOLE_LAYER:p1,WHOLE_LAYER,1,91,GATED_MLA,4,62,7.6258,7.187647819519043,True,True,0,True,18249416704
heldout,layer-91:WHOLE_LAYER:p1,WHOLE_LAYER,1,91,GATED_MLA,4,63,7.4992,7.059103965759277,True,True,0,True,18249416704
heldout,layer-91:WHOLE_LAYER:p1,WHOLE_LAYER,1,91,GATED_MLA,4,64,7.1325,6.69536018371582,True,True,0,True,18249416704
heldout,layer-91:WHOLE_LAYER:p1,WHOLE_LAYER,1,91,GATED_MLA,4,65,7.4978,7.056511878967285,True,True,0,True,18249416704
heldout,layer-91:WHOLE_LAYER:p1,WHOLE_LAYER,1,91,GATED_MLA,4,66,7.5233,7.08073616027832,True,True,0,True,18249416704
heldout,layer-91:WHOLE_LAYER:p1,WHOLE_LAYER,1,91,GATED_MLA,4,67,7.2502,6.745247840881348,True,True,0,True,18249416704
heldout,layer-91:WHOLE_LAYER:p1,WHOLE_LAYER,1,91,GATED_MLA,4,68,7.6404,7.189407825469971,True,True,0,True,18249416704
heldout,layer-91:WHOLE_LAYER:p1,WHOLE_LAYER,1,91,GATED_MLA,4,69,7.6484,7.1943678855896,True,True,0,True,18249416704
heldout,layer-91:WHOLE_LAYER:p1,WHOLE_LAYER,1,91,GATED_MLA,4,70,7.3679,6.904032230377197,True,True,0,True,18249416704
heldout,layer-91:WHOLE_LAYER:p1,WHOLE_LAYER,1,91,GATED_MLA,4,71,7.6278,7.149631977081299,True,True,0,True,18249416704
heldout,layer-91:WHOLE_LAYER:p1,WHOLE_LAYER,1,91,GATED_MLA,4,72,7.6203,7.152383804321289,True,True,0,True,18249416704
heldout,layer-91:WHOLE_LAYER:p1,WHOLE_LAYER,1,91,GATED_MLA,4,73,7.247,6.743711948394775,True,True,0,True,18249416704
heldout,layer-91:WHOLE_LAYER:p1,WHOLE_LAYER,1,91,GATED_MLA,4,74,7.6137,7.1629438400268555,True,True,0,True,18249416704
heldout,layer-91:WHOLE_LAYER:p1,WHOLE_LAYER,1,91,GATED_MLA,4,75,7.6118,7.161791801452637,True,True,0,True,18249416704
heldout,layer-91:WHOLE_LAYER:p1,WHOLE_LAYER,1,91,GATED_MLA,4,76,7.4368,6.956384181976318,True,True,0,True,18249416704
heldout,layer-91:WHOLE_LAYER:p1,WHOLE_LAYER,1,91,GATED_MLA,4,77,7.6029,7.148223876953125,True,True,0,True,18249416704
heldout,layer-91:WHOLE_LAYER:p1,WHOLE_LAYER,1,91,GATED_MLA,4,78,7.6127,7.159840106964111,True,True,0,True,18249416704
heldout,layer-91:WHOLE_LAYER:p1,WHOLE_LAYER,1,91,GATED_MLA,4,79,7.2827,6.785759925842285,True,True,0,True,18249416704
heldout,layer-91:WHOLE_LAYER:p1,WHOLE_LAYER,1,91,GATED_MLA,4,80,7.6547,7.192831993103027,True,True,0,True,18249416704
heldout,layer-91:WHOLE_LAYER:p1,WHOLE_LAYER,1,91,GATED_MLA,4,81,7.7279,7.219200134277344,True,True,0,True,18249416704
heldout,layer-91:WHOLE_LAYER:p1,WHOLE_LAYER,1,91,GATED_MLA,4,82,7.2704,6.814080238342285,True,True,0,True,18249416704
heldout,layer-91:WHOLE_LAYER:p1,WHOLE_LAYER,1,91,GATED_MLA,4,83,7.5353,7.093696117401123,True,True,0,True,18249416704
heldout,layer-91:WHOLE_LAYER:p1,WHOLE_LAYER,1,91,GATED_MLA,4,84,7.7413,7.268383979797363,True,True,0,True,18249416704
heldout,layer-91:WHOLE_LAYER:p1,WHOLE_LAYER,1,91,GATED_MLA,4,85,7.6908,6.805471897125244,True,True,0,True,18249416704
heldout,layer-91:WHOLE_LAYER:p1,WHOLE_LAYER,1,91,GATED_MLA,4,86,7.8997,7.425792217254639,True,True,0,True,18249416704
heldout,layer-91:WHOLE_LAYER:p1,WHOLE_LAYER,1,91,GATED_MLA,4,87,7.6429,7.198976039886475,True,True,0,True,18249416704
heldout,layer-91:WHOLE_LAYER:p1,WHOLE_LAYER,1,91,GATED_MLA,4,88,7.2925,6.819231986999512,True,True,0,True,18249416704
heldout,layer-91:WHOLE_LAYER:p1,WHOLE_LAYER,1,91,GATED_MLA,4,89,7.7623,7.315360069274902,True,True,0,True,18249416704
heldout,layer-91:WHOLE_LAYER:p1,WHOLE_LAYER,1,91,GATED_MLA,4,90,7.5746,7.136352062225342,True,True,0,True,18249416704
heldout,layer-91:WHOLE_LAYER:p1,WHOLE_LAYER,1,91,GATED_MLA,4,91,7.2225,6.74780797958374,True,True,0,True,18249416704
heldout,layer-91:WHOLE_LAYER:p1,WHOLE_LAYER,1,91,GATED_MLA,4,92,7.6576,7.18339204788208,True,True,0,True,18249416704
heldout,layer-91:WHOLE_LAYER:p1,WHOLE_LAYER,1,91,GATED_MLA,4,93,7.6659,7.21619176864624,True,True,0,True,18249416704
heldout,layer-91:WHOLE_LAYER:p1,WHOLE_LAYER,1,91,GATED_MLA,4,94,7.2366,6.790463924407959,True,True,0,True,18249416704
heldout,layer-91:WHOLE_LAYER:p1,WHOLE_LAYER,1,91,GATED_MLA,4,95,7.6684,7.2366719245910645,True,True,0,True,18249416704
heldout,layer-91:WHOLE_LAYER:p1,WHOLE_LAYER,1,91,GATED_MLA,4,96,7.9085,7.438047885894775,True,True,0,True,18249416704
heldout,layer-91:WHOLE_LAYER:p1,WHOLE_LAYER,1,91,GATED_MLA,4,97,7.3067,6.810912132263184,True,True,0,True,18249416704
heldout,layer-91:WHOLE_LAYER:p1,WHOLE_LAYER,1,91,GATED_MLA,4,98,7.6879,7.251455783843994,True,True,0,True,18249416704
heldout,layer-91:WHOLE_LAYER:p1,WHOLE_LAYER,1,91,GATED_MLA,4,99,7.6843,7.246848106384277,True,True,0,True,18249416704
