layer,layer_type,group_index,rows,sample_index,cuda_ms,input_copy_ms,output_copy_ms,outer_elapsed_ms,checkpoint_reads_in_timed_region,finite
89,KDA,0,1,0,0.9025920033454895,0.0161,0.0281,0.9991,0,True
89,KDA,0,1,1,0.8924800157546997,0.016,0.0294,0.9817,0,True
89,KDA,0,1,2,0.9032319784164429,0.0162,0.0292,0.9967,0,True
89,KDA,0,1,3,0.9044479727745056,0.0167,0.0294,0.9918,0,True
89,KDA,0,1,4,0.9019200205802917,0.0162,0.029,0.9869,0,True
89,KDA,0,1,5,0.9049599766731262,0.0171,0.028,0.9891,0,True
89,KDA,0,1,6,0.8929280042648315,0.017,0.0752,1.1047,0,True
89,KDA,0,1,7,0.9123520255088806,0.0302,0.0283,1.0496,0,True
89,KDA,0,1,8,0.9149760007858276,0.0208,0.0298,1.014,0,True
89,KDA,0,1,9,0.9142720103263855,0.0184,0.061,1.1413,0,True
89,KDA,0,1,10,0.9041600227355957,0.0251,0.0296,1.0387,0,True
89,KDA,0,1,11,0.9019839763641357,0.0169,0.0283,0.9968,0,True
89,KDA,0,1,12,0.9011520147323608,0.0132,0.0642,1.0561,0,True
89,KDA,0,1,13,0.9132159948348999,0.0912,0.0688,1.1877,0,True
89,KDA,0,1,14,0.9101759791374207,0.026,0.0301,1.0352,0,True
89,KDA,0,1,15,0.8940799832344055,0.0156,0.0289,0.9815,0,True
89,KDA,0,1,16,0.9015359878540039,0.0173,0.03,0.9909,0,True
89,KDA,0,1,17,0.9047359824180603,0.0186,0.0293,0.993,0,True
89,KDA,0,1,18,0.9029759764671326,0.0173,0.0272,0.995,0,True
89,KDA,0,1,19,0.90447998046875,0.0182,0.0352,1.0094,0,True
89,KDA,0,1,20,0.907039999961853,0.0193,0.0339,1.0279,0,True
89,KDA,0,1,21,0.9050880074501038,0.0212,0.0783,1.1187,0,True
89,KDA,0,1,22,0.9276480078697205,0.0297,0.0409,1.095,0,True
89,KDA,0,1,23,1.382464051246643,0.0206,0.0455,1.5236,0,True
89,KDA,0,1,24,0.9078080058097839,0.0209,0.0313,1.03,0,True
89,KDA,0,1,25,0.8961600065231323,0.0209,0.0373,1.0247,0,True
89,KDA,0,1,26,0.9056000113487244,0.019,0.0308,1.0148,0,True
89,KDA,0,1,27,0.9041919708251953,0.0177,0.2378,1.2679,0,True
89,KDA,0,1,28,0.9021440148353577,0.0304,0.054,1.251,0,True
89,KDA,0,1,29,0.9099519848823547,0.0255,0.0285,1.0355,0,True
89,KDA,0,1,30,0.9031360149383545,0.0174,0.042,1.0292,0,True
89,KDA,0,1,31,0.8951039910316467,0.0204,0.0709,1.0901,0,True
89,KDA,0,1,32,0.9136000275611877,0.0296,0.0557,1.1023,0,True
89,KDA,0,1,33,0.9089919924736023,0.0274,0.0568,1.0855,0,True
89,KDA,0,1,34,1.3817600011825562,0.0775,0.1515,1.7506,0,True
89,KDA,0,1,35,0.9137279987335205,0.0436,0.0304,1.0681,0,True
89,KDA,0,1,36,0.9039999842643738,0.0222,0.061,1.0752,0,True
89,KDA,0,1,37,0.9118080139160156,0.0273,0.0282,1.0393,0,True
89,KDA,0,1,38,0.9119359850883484,0.0739,0.0488,1.1361,0,True
89,KDA,0,1,39,0.9059200286865234,0.0242,0.0282,1.0262,0,True
89,KDA,0,1,40,0.9034559726715088,0.0181,0.0329,1.0166,0,True
89,KDA,0,1,41,0.9052799940109253,0.0198,0.0671,1.0957,0,True
89,KDA,0,1,42,1.3383680582046509,0.0282,0.0716,1.5685,0,True
89,KDA,0,1,43,0.9097920060157776,0.0264,0.0478,1.0848,0,True
89,KDA,0,1,44,0.9100160002708435,0.045,0.0496,1.0805,0,True
89,KDA,0,1,45,0.9087039828300476,0.1444,0.0449,1.1974,0,True
89,KDA,0,1,46,0.9040960073471069,0.022,0.0331,1.0252,0,True
89,KDA,0,1,47,0.904416024684906,0.0182,0.0312,1.0086,0,True
89,KDA,0,1,48,0.9056959748268127,0.0171,0.0281,1.0073,0,True
89,KDA,0,1,49,0.9074879884719849,0.0176,0.0366,1.0425,0,True
89,KDA,0,1,50,0.9051520228385925,0.0198,0.0309,1.015,0,True
89,KDA,0,1,51,0.9040960073471069,0.037,0.0528,1.0764,0,True
89,KDA,0,1,52,0.9037439823150635,0.0259,0.0299,1.0352,0,True
89,KDA,0,1,53,0.9031999707221985,0.0174,0.0298,0.9967,0,True
89,KDA,0,1,54,0.9049919843673706,0.0165,0.0278,1.0002,0,True
89,KDA,0,1,55,0.8934720158576965,0.0165,0.0283,0.9841,0,True
89,KDA,0,1,56,0.9279680252075195,0.0188,0.0954,1.1506,0,True
89,KDA,0,1,57,1.4023360013961792,0.055,0.0514,1.6271,0,True
89,KDA,0,1,58,0.9091519713401794,0.0214,0.0685,1.0986,0,True
89,KDA,0,1,59,0.9184319972991943,0.0247,0.0279,1.0353,0,True
89,KDA,0,1,60,0.9097599983215332,0.0135,0.0286,0.9977,0,True
89,KDA,0,1,61,0.9062079787254333,0.018,0.0306,1.0033,0,True
89,KDA,0,1,62,0.8963519930839539,0.018,0.0407,1.0247,0,True
89,KDA,0,1,63,0.9094079732894897,0.2281,0.0748,1.3313,0,True
89,KDA,0,1,64,0.9159680008888245,0.0278,0.0295,1.0536,0,True
89,KDA,0,1,65,0.9065920114517212,0.0187,0.0291,1.001,0,True
89,KDA,0,1,66,0.9042559862136841,0.0173,0.0296,0.9945,0,True
89,KDA,0,1,67,0.9065279960632324,0.0176,0.0298,0.9955,0,True
89,KDA,0,1,68,0.9065600037574768,0.0172,0.0292,0.9925,0,True
89,KDA,0,1,69,0.9062399864196777,0.0173,0.0293,0.9939,0,True
89,KDA,0,1,70,0.9111999869346619,0.0171,0.03,1.0265,0,True
89,KDA,0,1,71,0.9099839925765991,0.0176,0.0281,0.9967,0,True
89,KDA,0,1,72,1.2788480520248413,0.0127,0.1378,1.5589,0,True
89,KDA,0,1,73,0.9164800047874451,0.0677,0.0266,1.09,0,True
89,KDA,0,1,74,0.9064000248908997,0.0199,0.058,1.0684,0,True
89,KDA,0,1,75,0.9010559916496277,0.1566,0.0297,1.1544,0,True
89,KDA,0,1,76,0.9046080112457275,0.0166,0.0297,0.9926,0,True
89,KDA,0,1,77,0.8957759737968445,0.0176,0.0279,0.9811,0,True
89,KDA,0,1,78,0.8938559889793396,0.0157,0.0311,0.9767,0,True
89,KDA,0,1,79,0.9062719941139221,0.0133,0.029,0.9897,0,True
89,KDA,0,1,80,0.9056320190429688,0.0154,0.0293,0.9849,0,True
89,KDA,0,1,81,0.9062719941139221,0.0161,0.0306,0.9921,0,True
89,KDA,0,1,82,0.9045439958572388,0.0166,0.0281,0.9892,0,True
89,KDA,0,1,83,0.9070079922676086,0.0157,0.0296,0.9901,0,True
89,KDA,0,1,84,0.9071999788284302,0.0151,0.0295,0.9898,0,True
89,KDA,0,1,85,0.9072960019111633,0.0158,0.0295,0.9913,0,True
89,KDA,0,1,86,0.9072319865226746,0.0178,0.0277,0.9924,0,True
89,KDA,0,1,87,0.9053120017051697,0.0174,0.0606,1.0567,0,True
89,KDA,0,1,88,1.3285759687423706,0.0255,0.0533,1.5031,0,True
89,KDA,0,1,89,0.9088000059127808,0.1338,0.0301,1.1288,0,True
89,KDA,0,1,90,0.9063360095024109,0.018,0.0294,0.994,0,True
89,KDA,0,1,91,0.9054399728775024,0.0174,0.0287,0.9928,0,True
89,KDA,0,1,92,0.9101439714431763,0.0186,0.0296,1.0012,0,True
89,KDA,0,1,93,0.8940479755401611,0.017,0.0294,0.9842,0,True
89,KDA,0,1,94,0.9069439768791199,0.0175,0.0288,0.9961,0,True
89,KDA,0,1,95,0.9099839925765991,0.0173,0.0287,1.0012,0,True
89,KDA,0,1,96,0.9355840086936951,0.0186,0.0277,1.0246,0,True
89,KDA,0,1,97,0.9082880020141602,0.0191,0.0278,1.0026,0,True
89,KDA,0,1,98,0.9094079732894897,0.0188,0.029,1.0031,0,True
89,KDA,0,1,99,0.9049599766731262,0.0168,0.0292,0.9911,0,True
89,KDA,0,1,100,0.9086400270462036,0.0171,0.03,0.9926,0,True
89,KDA,0,1,101,0.9047039747238159,0.014,0.0289,0.986,0,True
89,KDA,0,1,102,0.9042239785194397,0.0155,0.0291,0.9915,0,True
89,KDA,0,1,103,0.907584011554718,0.0166,0.0808,1.1063,0,True
89,KDA,0,1,104,1.3452160358428955,0.0399,0.0655,1.5868,0,True
89,KDA,0,1,105,0.9100160002708435,0.026,0.0338,1.0466,0,True
89,KDA,0,1,106,0.9108480215072632,0.0175,0.0377,1.0311,0,True
89,KDA,0,1,107,0.9000959992408752,0.0195,0.0526,1.0311,0,True
89,KDA,0,1,108,0.9088320136070251,0.1707,0.1301,1.3842,0,True
89,KDA,0,1,109,0.9286400079727173,0.0332,0.0295,1.0882,0,True
89,KDA,0,1,110,0.925823986530304,0.0178,0.0295,1.023,0,True
89,KDA,0,1,111,0.906495988368988,0.0186,0.0293,0.9943,0,True
89,KDA,0,1,112,0.9116160273551941,0.0162,0.0291,0.9941,0,True
89,KDA,0,1,113,0.8941439986228943,0.0162,0.0292,0.974,0,True
89,KDA,0,1,114,0.9085440039634705,0.0122,0.0296,0.9863,0,True
89,KDA,0,1,115,0.9063360095024109,0.0166,0.0287,0.9881,0,True
89,KDA,0,1,116,0.9035519957542419,0.0158,0.0295,0.9847,0,True
89,KDA,0,1,117,0.9088000059127808,0.0146,0.0554,1.0482,0,True
89,KDA,0,1,118,0.9106240272521973,0.0284,0.0531,1.0835,0,True
89,KDA,0,1,119,1.3316160440444946,0.0254,0.0534,1.5054,0,True
89,KDA,0,1,120,0.9124799966812134,0.0275,0.0304,1.0365,0,True
89,KDA,0,1,121,0.9075199961662292,0.0172,0.053,1.0283,0,True
89,KDA,0,1,122,0.8992000222206116,0.2116,0.0288,1.1876,0,True
89,KDA,0,1,123,0.9073280096054077,0.0188,0.0283,0.9965,0,True
89,KDA,0,1,124,0.934112012386322,0.0179,0.0294,1.0245,0,True
89,KDA,0,1,125,0.9317759871482849,0.0173,0.0275,1.0176,0,True
89,KDA,0,1,126,0.9060159921646118,0.0159,0.0274,0.989,0,True
89,KDA,0,1,127,0.9060800075531006,0.0177,0.029,0.9982,0,True
89,KDA,0,1,128,0.9052159786224365,0.0175,0.0282,0.9936,0,True
89,KDA,0,1,129,0.9088000059127808,0.0172,0.03,0.9977,0,True
89,KDA,0,1,130,0.9200000166893005,0.0155,0.0263,1.0076,0,True
89,KDA,0,1,131,0.9351999759674072,0.017,0.0265,1.0229,0,True
89,KDA,0,1,132,0.9080960154533386,0.0164,0.0269,0.9942,0,True
89,KDA,0,1,133,0.894752025604248,0.0175,0.0289,0.9836,0,True
89,KDA,0,1,134,0.8950080275535583,0.0164,0.1078,1.1644,0,True
89,KDA,0,1,135,0.8918399810791016,0.1086,0.0292,1.2833,0,True
89,KDA,0,1,136,0.9095680117607117,0.0175,0.0296,1.0055,0,True
89,KDA,0,1,137,0.928928017616272,0.0146,0.0298,1.0118,0,True
89,KDA,0,1,138,0.910207986831665,0.0161,0.0291,0.9941,0,True
89,KDA,0,1,139,0.9070720076560974,0.0156,0.0297,0.9892,0,True
89,KDA,0,1,140,0.9078080058097839,0.0149,0.0295,0.9955,0,True
89,KDA,0,1,141,0.9077759981155396,0.0162,0.0289,0.9921,0,True
89,KDA,0,1,142,0.9057919979095459,0.0174,0.0296,0.9913,0,True
89,KDA,0,1,143,0.9064319729804993,0.0166,0.0282,0.9925,0,True
89,KDA,0,1,144,0.9074559807777405,0.0181,0.0275,0.9961,0,True
89,KDA,0,1,145,0.90556800365448,0.0174,0.0293,0.9895,0,True
89,KDA,0,1,146,0.9063680171966553,0.0156,0.0658,1.0646,0,True
89,KDA,0,1,147,0.9104639887809753,0.0297,0.0296,1.0426,0,True
89,KDA,0,1,148,0.907039999961853,0.0183,0.0839,1.1141,0,True
89,KDA,0,1,149,0.9172160029411316,0.0275,0.0282,1.0438,0,True
89,KDA,0,1,150,1.144063949584961,0.0146,0.0717,1.3393,0,True
89,KDA,0,1,151,0.9166079759597778,0.0292,0.0801,1.1601,0,True
89,KDA,0,1,152,0.9175360202789307,0.0253,0.0291,1.0428,0,True
89,KDA,0,1,153,0.9356160163879395,0.0173,0.0295,1.0219,0,True
89,KDA,0,1,154,0.8949440121650696,0.0175,0.0291,0.9781,0,True
89,KDA,0,1,155,0.9077759981155396,0.017,0.0293,0.993,0,True
89,KDA,0,1,156,0.9049599766731262,0.0147,0.0302,0.9871,0,True
89,KDA,0,1,157,0.9053760170936584,0.0152,0.0292,0.99,0,True
89,KDA,0,1,158,0.9056000113487244,0.0167,0.0293,0.9885,0,True
89,KDA,0,1,159,0.9103360176086426,0.0173,0.0294,0.9963,0,True
89,KDA,0,1,160,0.9071360230445862,0.0159,0.0293,0.9896,0,True
89,KDA,0,1,161,0.9128640294075012,0.0158,0.0385,1.1326,0,True
89,KDA,0,1,162,0.9051839709281921,0.0225,0.031,1.0235,0,True
89,KDA,0,1,163,1.3100160360336304,0.0183,0.0716,1.5044,0,True
89,KDA,0,1,164,0.9124799966812134,0.0269,0.0301,1.039,0,True
89,KDA,0,1,165,0.9088320136070251,0.0178,0.1096,1.1776,0,True
89,KDA,0,1,166,0.9036800265312195,0.1344,0.0413,1.3044,0,True
89,KDA,0,1,167,0.9079359769821167,0.0228,0.0498,1.0606,0,True
89,KDA,0,1,168,0.9120640158653259,0.0236,0.0298,1.025,0,True
89,KDA,0,1,169,0.9092479944229126,0.0152,0.0296,0.9975,0,True
89,KDA,0,1,170,0.9055039882659912,0.0164,0.0293,0.991,0,True
89,KDA,0,1,171,0.9051839709281921,0.0167,0.0293,0.993,0,True
89,KDA,0,1,172,0.8952320218086243,0.0162,0.0293,0.9789,0,True
89,KDA,0,1,173,0.9053120017051697,0.0178,0.0296,0.9913,0,True
89,KDA,0,1,174,0.9313920140266418,0.0184,0.0291,1.0211,0,True
89,KDA,0,1,175,0.8958399891853333,0.0175,0.0664,1.059,0,True
89,KDA,0,1,176,0.9029120206832886,0.0276,0.0484,1.0707,0,True
89,KDA,0,1,177,0.9048960208892822,0.0243,0.0296,1.021,0,True
89,KDA,0,1,178,0.9079679846763611,0.0189,0.0296,0.9959,0,True
89,KDA,0,1,179,0.9046080112457275,0.0186,0.0295,0.9939,0,True
89,KDA,0,1,180,0.9060159921646118,0.0158,0.0296,0.9869,0,True
89,KDA,0,1,181,1.2851519584655762,0.0128,0.0932,1.4966,0,True
89,KDA,0,1,182,0.9366080164909363,0.052,0.0643,1.1745,0,True
89,KDA,0,1,183,0.9142720103263855,0.0273,0.0302,1.0505,0,True
89,KDA,0,1,184,0.9037759900093079,0.033,0.029,1.0033,0,True
89,KDA,0,1,185,0.9068800210952759,0.0192,0.0293,0.9921,0,True
89,KDA,0,1,186,0.9068800210952759,0.0146,0.0297,0.9927,0,True
89,KDA,0,1,187,0.9080320000648499,0.0153,0.0298,0.9932,0,True
89,KDA,0,1,188,0.9086719751358032,0.0144,0.0291,0.9886,0,True
89,KDA,0,1,189,0.9083200097084045,0.0164,0.029,0.9951,0,True
89,KDA,0,1,190,0.9265919923782349,0.0161,0.03,1.0179,0,True
89,KDA,0,1,191,0.8966400027275085,0.0151,0.03,0.9895,0,True
89,KDA,0,1,192,0.9075520038604736,0.0141,0.0291,0.9926,0,True
89,KDA,0,1,193,0.9047679901123047,0.0186,0.028,0.9956,0,True
89,KDA,0,1,194,0.9079679846763611,0.0181,0.0302,1.001,0,True
89,KDA,0,1,195,0.9090240001678467,0.0148,0.0284,0.9938,0,True
89,KDA,0,1,196,0.9199680089950562,0.0172,0.0291,1.0178,0,True
89,KDA,0,1,197,1.3032959699630737,0.0212,0.0814,1.5095,0,True
89,KDA,0,1,198,0.9191039800643921,0.029,0.089,1.1836,0,True
89,KDA,0,1,199,0.9186879992485046,0.0281,0.0297,1.054,0,True
89,KDA,0,2,0,1.7542719841003418,0.0187,0.0301,1.8608,0,True
89,KDA,0,2,1,1.752992033958435,0.0183,0.0313,1.8482,0,True
89,KDA,0,2,2,1.7454400062561035,0.018,0.0309,1.8434,0,True
89,KDA,0,2,3,2.118623971939087,0.0182,0.0724,2.3049,0,True
89,KDA,0,2,4,1.765504002571106,0.0264,0.054,1.9624,0,True
89,KDA,0,2,5,1.768671989440918,0.0948,0.0308,1.9626,0,True
89,KDA,0,2,6,1.7539199590682983,0.0212,0.0598,1.9149,0,True
89,KDA,0,2,7,1.764639973640442,0.0393,0.0305,1.9122,0,True
89,KDA,0,2,8,1.744320034980774,0.0188,0.0309,1.8512,0,True
89,KDA,0,2,9,1.7791039943695068,0.0193,0.0306,1.8824,0,True
89,KDA,0,2,10,1.7747520208358765,0.0181,0.0306,1.8715,0,True
89,KDA,0,2,11,1.7462719678878784,0.0182,0.0332,1.8568,0,True
89,KDA,0,2,12,2.5167360305786133,0.0203,0.0716,2.7309,0,True
89,KDA,0,2,13,1.7721920013427734,0.0221,0.0369,1.9323,0,True
89,KDA,0,2,14,1.746783971786499,0.0195,0.0312,1.8599,0,True
89,KDA,0,2,15,1.75382399559021,0.0163,0.0307,1.8554,0,True
89,KDA,0,2,16,1.7522239685058594,0.0184,0.0313,1.8481,0,True
89,KDA,0,2,17,1.7545599937438965,0.0184,0.0302,1.8498,0,True
89,KDA,0,2,18,1.7760640382766724,0.017,0.0308,1.8684,0,True
89,KDA,0,2,19,1.7543679475784302,0.0179,0.0307,1.8461,0,True
89,KDA,0,2,20,2.5968639850616455,0.0171,0.068,2.7694,0,True
89,KDA,0,2,21,1.7724159955978394,0.029,0.0512,1.9556,0,True
89,KDA,0,2,22,1.7509440183639526,0.0346,0.0307,1.8862,0,True
89,KDA,0,2,23,1.7779200077056885,0.0184,0.0309,1.8819,0,True
89,KDA,0,2,24,1.7807999849319458,0.0188,0.0298,1.877,0,True
89,KDA,0,2,25,1.7688319683074951,0.0174,0.0308,1.8665,0,True
89,KDA,0,2,26,1.7576320171356201,0.0189,0.0313,1.8635,0,True
89,KDA,0,2,27,1.7443840503692627,0.0172,0.0304,1.8458,0,True
89,KDA,0,2,28,2.1813759803771973,0.0176,0.0466,2.3154,0,True
89,KDA,0,2,29,1.750815987586975,0.0185,0.0789,1.975,0,True
89,KDA,0,2,30,1.754688024520874,0.0293,0.0541,1.9525,0,True
89,KDA,0,2,31,1.7493120431900024,0.0255,0.0312,1.8804,0,True
89,KDA,0,2,32,1.7656960487365723,0.0193,0.0302,1.8684,0,True
89,KDA,0,2,33,1.7549760341644287,0.0194,0.0295,1.8627,0,True
89,KDA,0,2,34,1.7742719650268555,0.0185,0.0298,1.8768,0,True
89,KDA,0,2,35,1.7576960325241089,0.0189,0.0295,1.8594,0,True
89,KDA,0,2,36,1.7551679611206055,0.0168,0.0308,1.8601,0,True
89,KDA,0,2,37,2.1739840507507324,0.0222,0.0884,2.4145,0,True
89,KDA,0,2,38,1.778432011604309,0.0321,0.0583,1.998,0,True
89,KDA,0,2,39,1.753216028213501,0.1484,0.0313,2.0094,0,True
89,KDA,0,2,40,1.7601920366287231,0.0177,0.0314,1.8637,0,True
89,KDA,0,2,41,1.7555840015411377,0.0198,0.0308,1.8545,0,True
89,KDA,0,2,42,1.7621760368347168,0.0168,0.031,1.8641,0,True
89,KDA,0,2,43,1.7429440021514893,0.0204,0.0295,1.8493,0,True
89,KDA,0,2,44,1.772223949432373,0.0193,0.0464,1.9124,0,True
89,KDA,0,2,45,2.253664016723633,0.0189,0.0963,2.5249,0,True
89,KDA,0,2,46,1.770367980003357,0.033,0.0587,1.9906,0,True
89,KDA,0,2,47,1.767680048942566,0.0256,0.0301,1.9003,0,True
89,KDA,0,2,48,1.745919942855835,0.0174,0.0307,1.8476,0,True
89,KDA,0,2,49,1.7547520399093628,0.0179,0.03,1.8533,0,True
89,KDA,0,2,50,1.7761919498443604,0.0184,0.03,1.8774,0,True
89,KDA,0,2,51,1.754464030265808,0.0199,0.0296,1.8707,0,True
89,KDA,0,2,52,1.745535969734192,0.019,0.0294,1.8575,0,True
89,KDA,0,2,53,1.7621760368347168,0.0183,0.1038,2.0201,0,True
89,KDA,0,2,54,2.180000066757202,0.0631,0.0713,2.6359,0,True
89,KDA,0,2,55,1.7620480060577393,0.0252,0.0315,1.8903,0,True
89,KDA,0,2,56,1.7605119943618774,0.0182,0.031,1.8593,0,True
89,KDA,0,2,57,1.781599998474121,0.0199,0.031,1.8801,0,True
89,KDA,0,2,58,1.776352047920227,0.0177,0.031,1.8707,0,True
89,KDA,0,2,59,1.7453759908676147,0.0178,0.0317,1.8535,0,True
89,KDA,0,2,60,1.7632639408111572,0.0201,0.0297,1.8732,0,True
89,KDA,0,2,61,1.7578879594802856,0.0187,0.0355,1.8781,0,True
89,KDA,0,2,62,2.5267200469970703,0.0136,0.093,2.7696,0,True
89,KDA,0,2,63,1.779039978981018,0.0277,0.0309,1.929,0,True
89,KDA,0,2,64,1.7567039728164673,0.0169,0.0309,1.8538,0,True
89,KDA,0,2,65,1.7533760070800781,0.0188,0.0309,1.8471,0,True
89,KDA,0,2,66,1.755295991897583,0.0176,0.0308,1.846,0,True
89,KDA,0,2,67,1.751423954963684,0.0167,0.0302,1.8407,0,True
89,KDA,0,2,68,1.7537599802017212,0.0171,0.0607,1.9112,0,True
89,KDA,0,2,69,1.7610559463500977,0.0269,0.0672,1.9765,0,True
89,KDA,0,2,70,2.1284799575805664,0.0274,0.0466,2.3038,0,True
89,KDA,0,2,71,1.7740479707717896,0.0209,0.0537,1.9544,0,True
89,KDA,0,2,72,1.7466239929199219,0.023,0.0312,1.8877,0,True
89,KDA,0,2,73,1.77292799949646,0.0198,0.0309,1.8735,0,True
89,KDA,0,2,74,1.7445440292358398,0.0184,0.031,1.8405,0,True
89,KDA,0,2,75,1.7658239603042603,0.0174,0.0302,1.8648,0,True
89,KDA,0,2,76,1.7744640111923218,0.0178,0.058,1.9343,0,True
89,KDA,0,2,77,1.7626240253448486,0.0271,0.067,1.9727,0,True
89,KDA,0,2,78,1.7614719867706299,0.0256,0.0302,1.9077,0,True
89,KDA,0,2,79,2.1573760509490967,0.0186,0.1047,2.4435,0,True
89,KDA,0,2,80,1.7667200565338135,0.0431,0.0299,1.9303,0,True
89,KDA,0,2,81,1.7547839879989624,0.0177,0.031,1.8573,0,True
89,KDA,0,2,82,2.195647954940796,0.0191,0.0683,2.3696,0,True
89,KDA,0,2,83,1.751423954963684,0.0288,0.031,1.8911,0,True
89,KDA,0,2,84,1.7723840475082397,0.0202,0.0303,1.8781,0,True
89,KDA,0,2,85,1.7833919525146484,0.0199,0.0313,1.8879,0,True
89,KDA,0,2,86,1.772063970565796,0.0188,0.0319,1.8868,0,True
89,KDA,0,2,87,2.2258241176605225,0.0199,0.0577,2.4706,0,True
89,KDA,0,2,88,1.7742079496383667,0.0228,0.0324,1.9018,0,True
89,KDA,0,2,89,1.7924480438232422,0.0201,0.0308,1.8944,0,True
89,KDA,0,2,90,2.1948161125183105,0.0203,0.033,2.2997,0,True
89,KDA,0,2,91,1.7767679691314697,0.0182,0.0311,1.874,0,True
89,KDA,0,2,92,1.7689599990844727,0.017,0.0445,1.9598,0,True
89,KDA,0,2,93,1.7706559896469116,0.0213,0.0306,1.8918,0,True
89,KDA,0,2,94,1.7731200456619263,0.0188,0.0307,1.8732,0,True
89,KDA,0,2,95,2.20796799659729,0.019,0.0431,2.3346,0,True
89,KDA,0,2,96,1.7772480249404907,0.0197,0.0308,1.8933,0,True
89,KDA,0,2,97,1.775871992111206,0.0172,0.0293,1.8745,0,True
89,KDA,0,2,98,1.793887972831726,0.018,0.0294,1.8953,0,True
89,KDA,0,2,99,1.7663999795913696,0.0179,0.0291,1.8709,0,True
89,KDA,0,2,100,1.7902400493621826,0.0193,0.0367,1.9124,0,True
89,KDA,0,2,101,1.7641279697418213,0.0195,0.0312,1.8769,0,True
89,KDA,0,2,102,1.7622079849243164,0.0152,0.0312,1.8568,0,True
89,KDA,0,2,103,1.7946560382843018,0.0158,0.103,2.044,0,True
89,KDA,0,2,104,1.802016019821167,0.2019,0.0629,2.2055,0,True
89,KDA,0,2,105,1.7823359966278076,0.03,0.0339,1.9373,0,True
89,KDA,0,2,106,1.7933119535446167,0.3065,0.0289,2.198,0,True
89,KDA,0,2,107,1.774176001548767,0.0168,0.0296,1.8852,0,True
89,KDA,0,2,108,1.792191982269287,0.0197,0.0294,1.9021,0,True
89,KDA,0,2,109,1.7966400384902954,0.0194,0.0302,1.9045,0,True
89,KDA,0,2,110,1.771232008934021,0.0187,0.0307,1.8752,0,True
89,KDA,0,2,111,1.778880000114441,0.0173,0.0277,1.8775,0,True
89,KDA,0,2,112,2.496448040008545,0.0261,0.103,2.7904,0,True
89,KDA,0,2,113,1.7884800434112549,0.1069,0.0302,2.0334,0,True
89,KDA,0,2,114,1.7760319709777832,0.0199,0.0308,1.8824,0,True
89,KDA,0,2,115,1.781599998474121,0.0184,0.052,1.9205,0,True
89,KDA,0,2,116,1.7801599502563477,0.0268,0.0657,1.9949,0,True
89,KDA,0,2,117,1.780735969543457,0.0259,0.0315,1.9315,0,True
89,KDA,0,2,118,1.7838720083236694,0.019,0.0314,1.8821,0,True
89,KDA,0,2,119,1.761888027191162,0.075,0.0303,1.9138,0,True
89,KDA,0,2,120,2.180448055267334,0.0162,0.0448,2.3074,0,True
89,KDA,0,2,121,1.7744640111923218,0.0222,0.0436,1.9383,0,True
89,KDA,0,2,122,1.788864016532898,0.0203,0.0321,1.9186,0,True
89,KDA,0,2,123,1.776319980621338,0.0217,0.0813,1.9963,0,True
89,KDA,0,2,124,1.7839360237121582,0.0348,0.0319,1.9505,0,True
89,KDA,0,2,125,2.20579195022583,0.0224,0.0373,2.344,0,True
89,KDA,0,2,126,1.775488018989563,0.021,0.0307,1.8937,0,True
89,KDA,0,2,127,1.788640022277832,0.0191,0.0304,1.8975,0,True
89,KDA,0,2,128,2.5112640857696533,0.018,0.0723,2.7018,0,True
89,KDA,0,2,129,1.7940479516983032,0.0942,0.0315,2.0021,0,True
89,KDA,0,2,130,1.7752000093460083,0.017,0.0384,1.9004,0,True
89,KDA,0,2,131,1.7647039890289307,0.029,0.0307,1.8934,0,True
89,KDA,0,2,132,1.7749119997024536,0.0183,0.0305,1.8767,0,True
89,KDA,0,2,133,1.776960015296936,0.0182,0.0305,1.8721,0,True
89,KDA,0,2,134,1.7657599449157715,0.0182,0.031,1.8628,0,True
89,KDA,0,2,135,1.7738239765167236,0.0174,0.0303,1.8716,0,True
89,KDA,0,2,136,2.1628479957580566,0.0185,0.069,2.3411,0,True
89,KDA,0,2,137,1.7868800163269043,0.0317,0.0963,2.0686,0,True
89,KDA,0,2,138,1.7766400575637817,0.0295,0.0407,1.9638,0,True
89,KDA,0,2,139,1.7729920148849487,0.0192,0.0303,1.8915,0,True
89,KDA,0,2,140,1.7734400033950806,0.0164,0.0303,1.8734,0,True
89,KDA,0,2,141,1.7874879837036133,0.0188,0.0305,1.887,0,True
89,KDA,0,2,142,1.7723840475082397,0.0195,0.0296,1.8712,0,True
89,KDA,0,2,143,1.7769919633865356,0.015,0.0295,1.8749,0,True
89,KDA,0,2,144,1.7807999849319458,0.0178,0.0349,1.8973,0,True
89,KDA,0,2,145,2.16758394241333,0.0208,0.0382,2.3049,0,True
89,KDA,0,2,146,1.765663981437683,0.0215,0.0745,1.9804,0,True
89,KDA,0,2,147,1.7842559814453125,0.0272,0.03,1.9321,0,True
89,KDA,0,2,148,1.7889920473098755,0.0203,0.0612,1.999,0,True
89,KDA,0,2,149,1.7850559949874878,0.0307,0.031,1.953,0,True
89,KDA,0,2,150,1.791167974472046,0.0197,0.0304,1.8973,0,True
89,KDA,0,2,151,1.794592022895813,0.0183,0.0296,1.896,0,True
89,KDA,0,2,152,1.7737599611282349,0.0183,0.0324,1.8832,0,True
89,KDA,0,2,153,2.1256000995635986,0.0205,0.1133,2.397,0,True
89,KDA,0,2,154,1.798624038696289,0.0336,0.0863,2.0252,0,True
89,KDA,0,2,155,1.7761600017547607,0.1391,0.1198,2.1809,0,True
89,KDA,0,2,156,1.795807957649231,0.0336,0.0294,1.9752,0,True
89,KDA,0,2,157,1.773535966873169,0.0166,0.0308,1.8779,0,True
89,KDA,0,2,158,1.780735969543457,0.0204,0.0313,1.8837,0,True
89,KDA,0,2,159,1.7903679609298706,0.0179,0.0303,1.8901,0,True
89,KDA,0,2,160,1.773535966873169,0.0188,0.0293,1.8762,0,True
89,KDA,0,2,161,2.1583359241485596,0.0192,0.0494,2.306,0,True
89,KDA,0,2,162,1.787071943283081,0.0227,0.0336,1.9337,0,True
89,KDA,0,2,163,1.775231957435608,0.0208,0.054,1.9129,0,True
89,KDA,0,2,164,1.7760640382766724,0.1509,0.0294,2.0074,0,True
89,KDA,0,2,165,1.7999680042266846,0.0165,0.0309,1.8904,0,True
89,KDA,0,2,166,1.7747199535369873,0.017,0.0318,1.8667,0,True
89,KDA,0,2,167,1.7645119428634644,0.0152,0.0379,1.8755,0,True
89,KDA,0,2,168,1.7729599475860596,0.0282,0.0303,1.9012,0,True
89,KDA,0,2,169,1.7805759906768799,0.0223,0.0375,1.9247,0,True
89,KDA,0,2,170,2.432096004486084,0.0199,0.0874,2.6627,0,True
89,KDA,0,2,171,1.7860159873962402,0.0325,0.0317,1.9466,0,True
89,KDA,0,2,172,1.7749119997024536,0.019,0.0308,1.8845,0,True
89,KDA,0,2,173,1.7921279668807983,0.0195,0.0312,1.8941,0,True
89,KDA,0,2,174,1.7642879486083984,0.0184,0.0311,1.862,0,True
89,KDA,0,2,175,1.7911039590835571,0.0166,0.0291,1.8893,0,True
89,KDA,0,2,176,1.7741440534591675,0.0185,0.0301,1.873,0,True
89,KDA,0,2,177,1.7727680206298828,0.017,0.03,1.8674,0,True
89,KDA,0,2,178,2.512255907058716,0.0159,0.0392,2.6311,0,True
89,KDA,0,2,179,1.7827520370483398,0.0174,0.0308,1.8873,0,True
89,KDA,0,2,180,1.7757760286331177,0.0131,0.031,1.8634,0,True
89,KDA,0,2,181,1.7850559949874878,0.0164,0.0312,1.8769,0,True
89,KDA,0,2,182,1.7954879999160767,0.0179,0.0301,1.8884,0,True
89,KDA,0,2,183,1.7736320495605469,0.0165,0.0308,1.8653,0,True
89,KDA,0,2,184,1.7718080282211304,0.0185,0.0312,1.8667,0,True
89,KDA,0,2,185,1.76310396194458,0.0191,0.0646,1.9295,0,True
89,KDA,0,2,186,1.7810879945755005,0.0257,0.0762,2.0084,0,True
89,KDA,0,2,187,1.78438401222229,0.1004,0.0804,2.1128,0,True
89,KDA,0,2,188,1.7768640518188477,0.0268,0.0311,1.9287,0,True
89,KDA,0,2,189,1.7897599935531616,0.0211,0.0311,1.896,0,True
89,KDA,0,2,190,1.7906559705734253,0.0196,0.0314,1.8984,0,True
89,KDA,0,2,191,1.7734400033950806,0.0171,0.0308,1.8845,0,True
89,KDA,0,2,192,1.7753599882125854,0.0194,0.0327,1.8902,0,True
89,KDA,0,2,193,1.7743680477142334,0.018,0.0357,1.8989,0,True
89,KDA,0,2,194,1.7772159576416016,0.0192,0.0311,1.8946,0,True
89,KDA,0,2,195,2.1767680644989014,0.0163,0.0442,2.3147,0,True
89,KDA,0,2,196,1.7812479734420776,0.0193,0.0545,1.9279,0,True
89,KDA,0,2,197,1.7677119970321655,0.105,0.0315,1.9507,0,True
89,KDA,0,2,198,1.773087978363037,0.0181,0.033,1.8655,0,True
89,KDA,0,2,199,1.7617919445037842,0.0161,0.0299,1.8509,0,True
89,KDA,0,4,0,3.4902400970458984,0.0295,0.0339,3.661,0,True
89,KDA,0,4,1,3.4751040935516357,0.0225,0.0327,3.6071,0,True
89,KDA,0,4,2,3.4759678840637207,0.0191,0.035,3.6014,0,True
89,KDA,0,4,3,3.905280113220215,0.0182,0.0395,4.0338,0,True
89,KDA,0,4,4,3.9213759899139404,0.0207,0.0538,4.0969,0,True
89,KDA,0,4,5,3.4886720180511475,0.0253,0.0337,3.6297,0,True
89,KDA,0,4,6,3.476576089859009,0.0225,0.033,3.5957,0,True
89,KDA,0,4,7,3.8591039180755615,0.0184,0.1171,4.1434,0,True
89,KDA,0,4,8,3.8619840145111084,0.041,0.0724,4.1382,0,True
89,KDA,0,4,9,4.036640167236328,0.0313,0.0403,4.2183,0,True
89,KDA,0,4,10,3.4804799556732178,0.0226,0.0365,3.6229,0,True
89,KDA,0,4,11,3.4767038822174072,0.021,0.079,3.6883,0,True
89,KDA,0,4,12,3.4863040447235107,0.0965,0.0639,3.7545,0,True
89,KDA,0,4,13,3.9838080406188965,0.1139,0.0358,4.2125,0,True
89,KDA,0,4,14,3.47871994972229,0.0209,0.0353,3.6021,0,True
89,KDA,0,4,15,3.474816083908081,0.0206,0.0331,3.5961,0,True
89,KDA,0,4,16,3.919327974319458,0.0179,0.0894,4.1773,0,True
89,KDA,0,4,17,3.957472085952759,0.0388,0.0372,4.1568,0,True
89,KDA,0,4,18,3.483328104019165,0.023,0.0334,3.6227,0,True
89,KDA,0,4,19,3.479167938232422,0.0207,0.0323,3.6045,0,True
89,KDA,0,4,20,3.876800060272217,0.0187,0.0741,4.0842,0,True
89,KDA,0,4,21,3.4969921112060547,0.0964,0.0335,3.7306,0,True
89,KDA,0,4,22,3.4762558937072754,0.0407,0.0335,3.6138,0,True
89,KDA,0,4,23,3.4781439304351807,0.0184,0.0337,3.5886,0,True
89,KDA,0,4,24,3.4766719341278076,0.0183,0.0781,3.6774,0,True
89,KDA,0,4,25,4.347871780395508,0.0345,0.0856,4.6412,0,True
89,KDA,0,4,26,3.4858880043029785,0.0323,0.11,3.8196,0,True
89,KDA,0,4,27,3.493056058883667,0.0389,0.1266,3.8895,0,True
89,KDA,0,4,28,3.494431972503662,0.0397,0.1358,3.9185,0,True
89,KDA,0,4,29,4.5194878578186035,0.1207,0.1438,5.074,0,True
89,KDA,0,4,30,3.5054399967193604,0.0421,0.0978,3.8757,0,True
89,KDA,0,4,31,3.48524808883667,0.0357,0.0808,3.7757,0,True
89,KDA,0,4,32,3.4836480617523193,0.0355,0.278,4.1344,0,True
89,KDA,0,4,33,3.915328025817871,0.1341,0.0726,4.3684,0,True
89,KDA,0,4,34,3.4926400184631348,0.2154,0.0381,3.8714,0,True
89,KDA,0,4,35,3.4758400917053223,0.0211,0.037,3.6205,0,True
89,KDA,0,4,36,3.474816083908081,0.0228,0.045,3.6299,0,True
89,KDA,0,4,37,4.315455913543701,0.0229,0.041,4.4632,0,True
89,KDA,0,4,38,3.4834558963775635,0.0217,0.0335,3.6066,0,True
89,KDA,0,4,39,3.4817280769348145,0.0178,0.124,3.8043,0,True
89,KDA,0,4,40,3.4823360443115234,0.0332,0.058,3.7322,0,True
89,KDA,0,4,41,3.913952112197876,0.0269,0.0541,4.117,0,True
89,KDA,0,4,42,3.4888319969177246,0.1291,0.0523,3.7927,0,True
89,KDA,0,4,43,3.4853439331054688,0.0264,0.0394,3.6522,0,True
89,KDA,0,4,44,3.4808640480041504,0.0205,0.0338,3.6165,0,True
89,KDA,0,4,45,3.478015899658203,0.0203,0.0334,3.6046,0,True
89,KDA,0,4,46,3.9047040939331055,0.2044,0.0357,4.2062,0,True
89,KDA,0,4,47,3.4732160568237305,0.0188,0.0332,3.5895,0,True
89,KDA,0,4,48,3.4768640995025635,0.0182,0.0333,3.5874,0,True
89,KDA,0,4,49,3.473439931869507,0.027,0.0343,3.5982,0,True
89,KDA,0,4,50,4.299871921539307,0.0198,0.0351,4.4156,0,True
89,KDA,0,4,51,3.4837119579315186,0.0216,0.0344,3.5981,0,True
89,KDA,0,4,52,3.4753921031951904,0.0207,0.0338,3.5928,0,True
89,KDA,0,4,53,3.4758079051971436,0.0184,0.0312,3.583,0,True
89,KDA,0,4,54,3.8749120235443115,0.0598,0.0582,4.049,0,True
89,KDA,0,4,55,3.4829440116882324,0.1353,0.0336,3.707,0,True
89,KDA,0,4,56,3.481055974960327,0.0181,0.0336,3.583,0,True
89,KDA,0,4,57,3.474656105041504,0.0177,0.0343,3.5806,0,True
89,KDA,0,4,58,3.4791040420532227,0.0189,0.0341,3.583,0,True
89,KDA,0,4,59,4.254271984100342,0.0769,0.0326,4.4157,0,True
89,KDA,0,4,60,3.4895360469818115,0.0193,0.0434,3.6103,0,True
89,KDA,0,4,61,3.4816319942474365,0.0206,0.0343,3.5936,0,True
89,KDA,0,4,62,3.4742400646209717,0.0215,0.0342,3.5882,0,True
89,KDA,0,4,63,3.907360076904297,0.0175,0.1081,4.172,0,True
89,KDA,0,4,64,3.4953598976135254,0.1055,0.0351,3.7642,0,True
89,KDA,0,4,65,3.4810879230499268,0.021,0.0345,3.6227,0,True
89,KDA,0,4,66,3.4792640209198,0.0231,0.0334,3.6152,0,True
89,KDA,0,4,67,3.479935884475708,0.0207,0.0809,3.709,0,True
89,KDA,0,4,68,3.8996479511260986,0.1104,0.0435,4.2045,0,True
89,KDA,0,4,69,3.4757440090179443,0.0246,0.0347,3.6125,0,True
89,KDA,0,4,70,3.474303960800171,0.0224,0.0398,3.6107,0,True
89,KDA,0,4,71,3.476191997528076,0.0214,0.033,3.6085,0,True
89,KDA,0,4,72,4.310815811157227,0.0193,0.0973,4.582,0,True
89,KDA,0,4,73,3.4930241107940674,0.0302,0.033,3.6586,0,True
89,KDA,0,4,74,3.4784319400787354,0.0196,0.0341,3.5998,0,True
89,KDA,0,4,75,3.478463888168335,0.0187,0.033,3.5905,0,True
89,KDA,0,4,76,3.899616003036499,0.0181,0.0811,4.1147,0,True
89,KDA,0,4,77,3.91593599319458,0.0319,0.0395,4.0976,0,True
89,KDA,0,4,78,3.4787518978118896,0.0233,0.0351,3.6132,0,True
89,KDA,0,4,79,3.47760009765625,0.0195,0.0352,3.6025,0,True
89,KDA,0,4,80,3.478624105453491,0.0206,0.0435,3.6288,0,True
89,KDA,0,4,81,3.9112958908081055,0.1366,0.033,4.1657,0,True
89,KDA,0,4,82,3.4799680709838867,0.0212,0.034,3.6037,0,True
89,KDA,0,4,83,3.4766719341278076,0.0188,0.0337,3.5859,0,True
89,KDA,0,4,84,3.4919679164886475,0.0183,0.0689,3.6721,0,True
89,KDA,0,4,85,4.3342719078063965,0.0783,0.0872,4.6839,0,True
89,KDA,0,4,86,3.490880012512207,0.0322,0.0391,3.6742,0,True
89,KDA,0,4,87,3.4792640209198,0.0213,0.0336,3.6151,0,True
89,KDA,0,4,88,3.484031915664673,0.0195,0.0318,3.6067,0,True
89,KDA,0,4,89,3.8725759983062744,0.0205,0.0707,4.0871,0,True
89,KDA,0,4,90,3.4923200607299805,0.0947,0.0342,3.7142,0,True
89,KDA,0,4,91,3.478271961212158,0.0209,0.0334,3.5985,0,True
89,KDA,0,4,92,3.4833600521087646,0.0196,0.0636,3.6563,0,True
89,KDA,0,4,93,3.4816958904266357,0.0281,0.0667,3.7017,0,True
89,KDA,0,4,94,4.298880100250244,0.0346,0.083,4.5913,0,True
89,KDA,0,4,95,3.4872961044311523,0.0314,0.0346,3.6734,0,True
89,KDA,0,4,96,3.4802238941192627,0.0195,0.0458,3.6252,0,True
89,KDA,0,4,97,3.48140811920166,0.0246,0.0346,3.63,0,True
89,KDA,0,4,98,4.303103923797607,0.0215,0.1056,4.5845,0,True
89,KDA,0,4,99,3.500159978866577,0.033,0.0339,3.6857,0,True
89,KDA,0,4,100,3.8496320247650146,0.0205,0.0655,4.0371,0,True
89,KDA,0,4,101,3.4858880043029785,0.0318,0.0332,3.6477,0,True
89,KDA,0,4,102,3.9144959449768066,0.0199,0.0713,4.1162,0,True
89,KDA,0,4,103,3.49072003364563,0.1445,0.0336,3.7645,0,True
89,KDA,0,4,104,3.477152109146118,0.0216,0.0604,3.6543,0,True
89,KDA,0,4,105,3.4832000732421875,0.027,0.0893,3.7603,0,True
89,KDA,0,4,106,3.986176013946533,0.0308,0.0547,4.2229,0,True
89,KDA,0,4,107,3.4923200607299805,0.0229,0.0355,3.6432,0,True
89,KDA,0,4,108,3.4792320728302,0.0214,0.0873,3.7231,0,True
89,KDA,0,4,109,3.4936320781707764,0.0328,0.0342,3.6706,0,True
89,KDA,0,4,110,3.4779200553894043,0.0191,0.0347,3.5994,0,True
89,KDA,0,4,111,3.8954238891601562,0.0188,0.0387,4.0247,0,True
89,KDA,0,4,112,3.915584087371826,0.0209,0.0378,4.0498,0,True
89,KDA,0,4,113,3.4936959743499756,0.0203,0.0335,3.6087,0,True
89,KDA,0,4,114,3.4769279956817627,0.0189,0.0341,3.5883,0,True
89,KDA,0,4,115,3.8728959560394287,0.0191,0.0578,4.0104,0,True
89,KDA,0,4,116,3.4843521118164062,0.1243,0.0337,3.7011,0,True
89,KDA,0,4,117,3.476288080215454,0.0181,0.0343,3.5858,0,True
89,KDA,0,4,118,3.477344036102295,0.0399,0.0342,3.6074,0,True
89,KDA,0,4,119,3.474560022354126,0.0179,0.0351,3.58,0,True
89,KDA,0,4,120,4.304096221923828,0.0261,0.0643,4.4903,0,True
89,KDA,0,4,121,3.4848639965057373,0.0293,0.0343,3.6397,0,True
89,KDA,0,4,122,3.476032018661499,0.0203,0.0345,3.5946,0,True
89,KDA,0,4,123,3.4832000732421875,0.02,0.0333,3.6182,0,True
89,KDA,0,4,124,3.9061760902404785,0.0197,0.0769,4.1144,0,True
89,KDA,0,4,125,3.925568103790283,0.0296,0.0349,4.0941,0,True
89,KDA,0,4,126,3.480031967163086,0.0252,0.0338,3.622,0,True
89,KDA,0,4,127,3.47708797454834,0.0184,0.0371,3.6153,0,True
89,KDA,0,4,128,3.863840103149414,0.0211,0.086,4.1201,0,True
89,KDA,0,4,129,3.4999680519104004,0.0977,0.0683,3.808,0,True
89,KDA,0,4,130,3.48799991607666,0.0275,0.0332,3.6428,0,True
89,KDA,0,4,131,3.4832959175109863,0.0219,0.0348,3.6183,0,True
89,KDA,0,4,132,3.4778239727020264,0.0222,0.0829,3.7057,0,True
89,KDA,0,4,133,4.290656089782715,0.0638,0.0879,4.6123,0,True
89,KDA,0,4,134,3.494335889816284,0.0921,0.034,3.7317,0,True
89,KDA,0,4,135,3.474112033843994,0.0203,0.0328,3.6051,0,True
89,KDA,0,4,136,3.498784065246582,0.0222,0.1196,3.7754,0,True
89,KDA,0,4,137,4.296256065368652,0.056,0.085,4.5941,0,True
89,KDA,0,4,138,3.4893438816070557,0.0339,0.0342,3.6708,0,True
89,KDA,0,4,139,3.479487895965576,0.0201,0.0333,3.6021,0,True
89,KDA,0,4,140,3.4749441146850586,0.0198,0.035,3.6023,0,True
89,KDA,0,4,141,3.9072320461273193,0.0203,0.077,4.1318,0,True
89,KDA,0,4,142,3.487168073654175,0.0993,0.0339,3.7241,0,True
89,KDA,0,4,143,3.495487928390503,0.0196,0.035,3.6109,0,True
89,KDA,0,4,144,3.478463888168335,0.0186,0.0931,3.7202,0,True
89,KDA,0,4,145,3.48854398727417,0.0314,0.0844,3.7667,0,True
89,KDA,0,4,146,3.9231679439544678,0.1885,0.0483,4.2807,0,True
89,KDA,0,4,147,3.483488082885742,0.0255,0.0395,3.6439,0,True
89,KDA,0,4,148,3.4839680194854736,0.0225,0.0331,3.6208,0,True
89,KDA,0,4,149,3.479423999786377,0.0204,0.0336,3.6025,0,True
89,KDA,0,4,150,4.311135768890381,0.0186,0.0964,4.5472,0,True
89,KDA,0,4,151,3.491487979888916,0.0342,0.0327,3.6715,0,True
89,KDA,0,4,152,3.4804799556732178,0.0216,0.0368,3.6156,0,True
89,KDA,0,4,153,3.478879928588867,0.0204,0.0367,3.6198,0,True
89,KDA,0,4,154,3.874687910079956,0.0196,0.0579,4.0388,0,True
89,KDA,0,4,155,3.483936071395874,0.0823,0.0339,3.6719,0,True
89,KDA,0,4,156,3.476639986038208,0.0222,0.0871,3.6921,0,True
89,KDA,0,4,157,3.4838719367980957,0.028,0.0699,3.7183,0,True
89,KDA,0,4,158,3.483488082885742,0.0299,0.0491,3.6852,0,True
89,KDA,0,4,159,4.317567825317383,0.0212,0.0653,4.5163,0,True
89,KDA,0,4,160,3.489759922027588,0.0269,0.0394,3.6712,0,True
89,KDA,0,4,161,3.482464075088501,0.0233,0.034,3.6228,0,True
89,KDA,0,4,162,3.4786880016326904,0.0201,0.0335,3.6067,0,True
89,KDA,0,4,163,4.315040111541748,0.0198,0.0373,4.4455,0,True
89,KDA,0,4,164,3.478368043899536,0.0443,0.0335,3.6202,0,True
89,KDA,0,4,165,3.479871988296509,0.0201,0.034,3.5898,0,True
89,KDA,0,4,166,3.480736017227173,0.0183,0.0341,3.5878,0,True
89,KDA,0,4,167,3.8706560134887695,0.0179,0.2306,4.2701,0,True
89,KDA,0,4,168,3.506592035293579,0.1283,0.0659,3.8623,0,True
89,KDA,0,4,169,3.483583927154541,0.0249,0.0337,3.6248,0,True
89,KDA,0,4,170,3.4983038902282715,0.0188,0.033,3.6168,0,True
89,KDA,0,4,171,3.4768319129943848,0.0193,0.1169,3.7497,0,True
89,KDA,0,4,172,4.316832065582275,0.0338,0.0911,4.613,0,True
89,KDA,0,4,173,3.492703914642334,0.0339,0.0873,3.7853,0,True
89,KDA,0,4,174,3.486815929412842,0.0312,0.0526,3.713,0,True
89,KDA,0,4,175,3.481055974960327,0.0237,0.0362,3.6357,0,True
89,KDA,0,4,176,4.307456016540527,0.0195,0.0936,4.5631,0,True
89,KDA,0,4,177,3.4914560317993164,0.0302,0.0336,3.6727,0,True
89,KDA,0,4,178,3.4779200553894043,0.0196,0.0337,3.6041,0,True
89,KDA,0,4,179,3.479935884475708,0.0196,0.033,3.5987,0,True
89,KDA,0,4,180,3.90828800201416,0.0194,0.0575,4.0572,0,True
89,KDA,0,4,181,3.4829440116882324,0.1314,0.0331,3.7158,0,True
89,KDA,0,4,182,3.475071907043457,0.0179,0.0347,3.5898,0,True
89,KDA,0,4,183,3.4984641075134277,0.0149,0.0345,3.604,0,True
89,KDA,0,4,184,3.4988479614257812,0.0177,0.0341,3.6053,0,True
89,KDA,0,4,185,4.335904121398926,0.0188,0.0353,4.4467,0,True
89,KDA,0,4,186,3.4791998863220215,0.0191,0.0431,3.6092,0,True
89,KDA,0,4,187,3.4787840843200684,0.0274,0.0338,3.6113,0,True
89,KDA,0,4,188,3.47871994972229,0.0198,0.034,3.5934,0,True
89,KDA,0,4,189,4.314976215362549,0.018,0.0649,4.4968,0,True
89,KDA,0,4,190,3.4863359928131104,0.03,0.0339,3.6429,0,True
89,KDA,0,4,191,3.4773759841918945,0.0203,0.034,3.5939,0,True
89,KDA,0,4,192,3.4766080379486084,0.0198,0.0348,3.5922,0,True
89,KDA,0,4,193,3.8782401084899902,0.0194,0.0611,4.0558,0,True
89,KDA,0,4,194,3.487936019897461,0.109,0.0346,3.7204,0,True
89,KDA,0,4,195,3.5015039443969727,0.0198,0.0336,3.6181,0,True
89,KDA,0,4,196,3.4768640995025635,0.0181,0.1373,3.8195,0,True
89,KDA,0,4,197,3.4814720153808594,0.0362,0.1282,3.866,0,True
89,KDA,0,4,198,4.3008317947387695,0.0648,0.0868,4.6323,0,True
89,KDA,0,4,199,3.4910080432891846,0.0326,0.0336,3.6659,0,True
89,KDA,7,1,0,0.9105920195579529,0.0463,0.0315,1.0237,0,True
89,KDA,7,1,1,0.9035840034484863,0.029,0.0287,0.996,0,True
89,KDA,7,1,2,0.9036480188369751,0.0165,0.0289,0.9855,0,True
89,KDA,7,1,3,1.284991979598999,0.0152,0.0573,1.3936,0,True
89,KDA,7,1,4,0.9103360176086426,0.1389,0.0296,1.1168,0,True
89,KDA,7,1,5,0.9019520282745361,0.0124,0.0284,0.9761,0,True
89,KDA,7,1,6,0.9147199988365173,0.0152,0.0294,0.9948,0,True
89,KDA,7,1,7,0.9049599766731262,0.0151,0.0287,0.9824,0,True
89,KDA,7,1,8,0.9023360013961792,0.0156,0.0305,0.9813,0,True
89,KDA,7,1,9,0.9028159976005554,0.0464,0.0285,1.0122,0,True
89,KDA,7,1,10,0.9050880074501038,0.0155,0.0283,0.9839,0,True
89,KDA,7,1,11,0.9044479727745056,0.0159,0.028,0.981,0,True
89,KDA,7,1,12,0.9035199880599976,0.0113,0.0287,0.9751,0,True
89,KDA,7,1,13,0.9046720266342163,0.0163,0.029,0.9836,0,True
89,KDA,7,1,14,0.9031040072441101,0.0162,0.0287,0.9821,0,True
89,KDA,7,1,15,0.9043520092964172,0.0167,0.0287,0.9914,0,True
89,KDA,7,1,16,0.9037759900093079,0.0165,0.0292,0.9942,0,True
89,KDA,7,1,17,1.1236799955368042,0.0146,0.0283,1.2026,0,True
89,KDA,7,1,18,0.9121279716491699,0.0149,0.0298,0.9909,0,True
89,KDA,7,1,19,0.9314879775047302,0.0148,0.0279,1.0083,0,True
89,KDA,7,1,20,0.9033920168876648,0.0156,0.028,0.9815,0,True
89,KDA,7,1,21,0.9047679901123047,0.0163,0.0282,0.9819,0,True
89,KDA,7,1,22,0.902944028377533,0.0167,0.0286,0.9845,0,True
89,KDA,7,1,23,0.9040319919586182,0.0149,0.0286,0.9813,0,True
89,KDA,7,1,24,0.9032319784164429,0.0255,0.0301,0.9916,0,True
89,KDA,7,1,25,0.9032639861106873,0.0127,0.0286,0.9789,0,True
89,KDA,7,1,26,0.9041919708251953,0.0161,0.0304,0.9839,0,True
89,KDA,7,1,27,0.901856005191803,0.0548,0.0289,1.0169,0,True
89,KDA,7,1,28,0.9028800129890442,0.0152,0.0286,0.9801,0,True
89,KDA,7,1,29,0.9052159786224365,0.0157,0.0312,0.997,0,True
89,KDA,7,1,30,0.9232640266418457,0.025,0.0291,1.0275,0,True
89,KDA,7,1,31,0.9029120206832886,0.0188,0.0291,0.9909,0,True
89,KDA,7,1,32,0.9050559997558594,0.0175,0.0287,0.99,0,True
89,KDA,7,1,33,0.9038079977035522,0.0163,0.0284,0.9877,0,True
89,KDA,7,1,34,0.913375973701477,0.015,0.0301,0.9923,0,True
89,KDA,7,1,35,0.9344000220298767,0.0156,0.0292,1.0118,0,True
89,KDA,7,1,36,1.3933759927749634,0.0149,0.1198,1.6683,0,True
89,KDA,7,1,37,0.9455999732017517,0.0601,0.0434,1.1764,0,True
89,KDA,7,1,38,0.9097599983215332,0.0225,0.0279,1.0172,0,True
89,KDA,7,1,39,0.9042559862136841,0.0169,0.029,0.9891,0,True
89,KDA,7,1,40,0.903328001499176,0.0183,0.0291,0.989,0,True
89,KDA,7,1,41,0.9151999950408936,0.0163,0.0288,0.999,0,True
89,KDA,7,1,42,0.9029759764671326,0.016,0.0287,0.984,0,True
89,KDA,7,1,43,0.9036160111427307,0.0118,0.0287,0.9788,0,True
89,KDA,7,1,44,0.9036800265312195,0.0127,0.0288,0.9791,0,True
89,KDA,7,1,45,0.9020799994468689,0.0149,0.0292,0.9784,0,True
89,KDA,7,1,46,0.9025920033454895,0.0156,0.0334,0.9968,0,True
89,KDA,7,1,47,0.9051520228385925,0.0225,0.0293,1.0064,0,True
89,KDA,7,1,48,0.9047999978065491,0.0195,0.0289,1.0021,0,True
89,KDA,7,1,49,0.9035840034484863,0.0159,0.0284,0.9898,0,True
89,KDA,7,1,50,1.4227839708328247,0.018,0.0306,1.511,0,True
89,KDA,7,1,51,0.9344320297241211,0.018,0.0282,1.0275,0,True
89,KDA,7,1,52,0.9315199851989746,0.0186,0.0287,1.0242,0,True
89,KDA,7,1,53,0.903872013092041,0.0169,0.0291,0.9886,0,True
89,KDA,7,1,54,0.9170560240745544,0.0194,0.0288,1.0061,0,True
89,KDA,7,1,55,0.903007984161377,0.0163,0.029,0.9829,0,True
89,KDA,7,1,56,0.9048320055007935,0.0154,0.0291,0.9883,0,True
89,KDA,7,1,57,0.9052159786224365,0.0168,0.0289,0.9891,0,True
89,KDA,7,1,58,0.9155840277671814,0.0162,0.0342,1.0123,0,True
89,KDA,7,1,59,0.9200959801673889,0.0238,0.0363,1.0521,0,True
89,KDA,7,1,60,0.9085760116577148,0.0198,0.0317,1.025,0,True
89,KDA,7,1,61,0.9040960073471069,0.0172,0.0269,1.0004,0,True
89,KDA,7,1,62,0.902944028377533,0.032,0.0282,1.0046,0,True
89,KDA,7,1,63,0.9024320244789124,0.0116,0.0296,0.9858,0,True
89,KDA,7,1,64,0.9031680226325989,0.0164,0.0298,0.9862,0,True
89,KDA,7,1,65,0.90447998046875,0.0136,0.0271,0.9907,0,True
89,KDA,7,1,66,0.8998720049858093,0.181,0.029,1.1652,0,True
89,KDA,7,1,67,0.9053760170936584,0.0152,0.0296,0.9913,0,True
89,KDA,7,1,68,0.9047679901123047,0.0158,0.029,0.9843,0,True
89,KDA,7,1,69,0.9017279744148254,0.0156,0.0289,0.9843,0,True
89,KDA,7,1,70,0.9037119746208191,0.0168,0.0294,0.9856,0,True
89,KDA,7,1,71,0.9046720266342163,0.0167,0.0273,0.9943,0,True
89,KDA,7,1,72,0.9327679872512817,0.0176,0.0289,1.0196,0,True
89,KDA,7,1,73,0.9037119746208191,0.0168,0.0286,0.9865,0,True
89,KDA,7,1,74,0.9017279744148254,0.0143,0.0295,0.9797,0,True
89,KDA,7,1,75,0.9025279879570007,0.0147,0.0291,0.9801,0,True
89,KDA,7,1,76,0.9156479835510254,0.0163,0.0285,0.9952,0,True
89,KDA,7,1,77,0.9030399918556213,0.014,0.0291,0.9803,0,True
89,KDA,7,1,78,0.9039999842643738,0.0145,0.0286,0.9825,0,True
89,KDA,7,1,79,0.9049599766731262,0.0154,0.0296,0.9861,0,True
89,KDA,7,1,80,0.9028159976005554,0.0154,0.0293,0.9827,0,True
89,KDA,7,1,81,0.9047679901123047,0.0159,0.0687,1.1132,0,True
89,KDA,7,1,82,0.9138879776000977,0.1328,0.029,1.1519,0,True
89,KDA,7,1,83,0.9020159840583801,0.017,0.0692,1.0931,0,True
89,KDA,7,1,84,0.9118720293045044,0.026,0.0295,1.038,0,True
89,KDA,7,1,85,0.9049280285835266,0.0171,0.0286,0.9893,0,True
89,KDA,7,1,86,0.9043520092964172,0.0195,0.0284,0.989,0,True
89,KDA,7,1,87,0.9045439958572388,0.0167,0.0282,0.9866,0,True
89,KDA,7,1,88,0.9130880236625671,0.0144,0.0289,0.9921,0,True
89,KDA,7,1,89,0.9042239785194397,0.0157,0.029,0.9838,0,True
89,KDA,7,1,90,0.9033920168876648,0.0151,0.0312,0.984,0,True
89,KDA,7,1,91,0.9041600227355957,0.0133,0.0283,0.9807,0,True
89,KDA,7,1,92,0.9027199745178223,0.0163,0.0304,0.9923,0,True
89,KDA,7,1,93,0.9217280149459839,0.0255,0.0297,1.0252,0,True
89,KDA,7,1,94,0.9048960208892822,0.0413,0.0292,1.02,0,True
89,KDA,7,1,95,0.9039679765701294,0.0171,0.0289,0.9887,0,True
89,KDA,7,1,96,0.9047039747238159,0.0188,0.0287,0.9934,0,True
89,KDA,7,1,97,0.9228159785270691,0.0146,0.0277,1.0074,0,True
89,KDA,7,1,98,0.9151359796524048,0.0159,0.0291,1.0062,0,True
89,KDA,7,1,99,0.9060479998588562,0.0207,0.0298,1.0095,0,True
89,KDA,7,1,100,1.34716796875,0.0199,0.0287,1.4535,0,True
89,KDA,7,1,101,0.9110720157623291,0.014,0.0277,0.9999,0,True
89,KDA,7,1,102,0.9035199880599976,0.0155,0.029,0.9875,0,True
89,KDA,7,1,103,0.902239978313446,0.0144,0.0291,0.9886,0,True
89,KDA,7,1,104,0.9064639806747437,0.0241,0.0291,1.0068,0,True
89,KDA,7,1,105,0.9048960208892822,0.018,0.0286,0.9945,0,True
89,KDA,7,1,106,0.9032959938049316,0.0162,0.0283,0.9862,0,True
89,KDA,7,1,107,0.9035519957542419,0.0181,0.0284,0.9923,0,True
89,KDA,7,1,108,0.9055359959602356,0.0158,0.0276,0.9884,0,True
89,KDA,7,1,109,0.923583984375,0.0219,0.0287,1.0178,0,True
89,KDA,7,1,110,0.9040639996528625,0.0182,0.0287,0.9958,0,True
89,KDA,7,1,111,0.9038079977035522,0.0173,0.0292,0.9944,0,True
89,KDA,7,1,112,0.9049919843673706,0.0216,0.0287,1.0043,0,True
89,KDA,7,1,113,0.9069120287895203,0.015,0.0267,0.9994,0,True
89,KDA,7,1,114,1.3379199504852295,0.0144,0.0319,1.4269,0,True
89,KDA,7,1,115,0.9228799939155579,0.0154,0.0288,1.0027,0,True
89,KDA,7,1,116,0.9040319919586182,0.0194,0.0293,1.0036,0,True
89,KDA,7,1,117,0.9036800265312195,0.0162,0.0293,0.9878,0,True
89,KDA,7,1,118,0.9025599956512451,0.0153,0.0286,0.9801,0,True
89,KDA,7,1,119,0.9029120206832886,0.0157,0.0279,0.9805,0,True
89,KDA,7,1,120,0.9036800265312195,0.0147,0.0292,0.9818,0,True
89,KDA,7,1,121,0.9142400026321411,0.0146,0.0303,0.9923,0,True
89,KDA,7,1,122,0.9192000031471252,0.0142,0.029,0.9963,0,True
89,KDA,7,1,123,0.902944028377533,0.0154,0.0292,0.9862,0,True
89,KDA,7,1,124,0.9132159948348999,0.0163,0.0281,0.9935,0,True
89,KDA,7,1,125,0.9171839952468872,0.015,0.0284,0.9951,0,True
89,KDA,7,1,126,0.9046400189399719,0.0161,0.0607,1.0586,0,True
89,KDA,7,1,127,0.9135040044784546,0.0265,0.0295,1.0395,0,True
89,KDA,7,1,128,0.9029759764671326,0.0184,0.0666,1.0704,0,True
89,KDA,7,1,129,0.9128959774971008,0.0275,0.0296,1.0343,0,True
89,KDA,7,1,130,1.317855954170227,0.015,0.0306,1.4073,0,True
89,KDA,7,1,131,0.9158080220222473,0.0162,0.0293,0.9977,0,True
89,KDA,7,1,132,0.901856005191803,0.0157,0.0291,0.9848,0,True
89,KDA,7,1,133,0.9053440093994141,0.0141,0.0284,0.9871,0,True
89,KDA,7,1,134,0.9149119853973389,0.013,0.0288,0.9898,0,True
89,KDA,7,1,135,0.9044479727745056,0.0149,0.0285,0.9845,0,True
89,KDA,7,1,136,0.9126719832420349,0.0156,0.029,0.9904,0,True
89,KDA,7,1,137,0.9035199880599976,0.0151,0.0286,0.9828,0,True
89,KDA,7,1,138,0.9028800129890442,0.0152,0.0293,0.9822,0,True
89,KDA,7,1,139,0.9028800129890442,0.0164,0.0287,0.9859,0,True
89,KDA,7,1,140,0.9016000032424927,0.0151,0.0304,0.988,0,True
89,KDA,7,1,141,0.9190400242805481,0.0193,0.0284,1.0174,0,True
89,KDA,7,1,142,0.9047999978065491,0.0183,0.029,1.002,0,True
89,KDA,7,1,143,0.9046400189399719,0.0192,0.0287,1.0021,0,True
89,KDA,7,1,144,0.9143679738044739,0.0178,0.0316,1.0075,0,True
89,KDA,7,1,145,0.9032639861106873,0.0144,0.0285,1.0067,0,True
89,KDA,7,1,146,1.325760006904602,0.0184,0.0297,1.4163,0,True
89,KDA,7,1,147,0.9124799966812134,0.0154,0.0284,0.9928,0,True
89,KDA,7,1,148,0.9123839735984802,0.0152,0.0285,0.9926,0,True
89,KDA,7,1,149,0.9028159976005554,0.016,0.0308,0.9836,0,True
89,KDA,7,1,150,0.9023039937019348,0.0149,0.0286,0.9882,0,True
89,KDA,7,1,151,0.904416024684906,0.016,0.0296,1.0002,0,True
89,KDA,7,1,152,0.90665602684021,0.0151,0.0286,0.9871,0,True
89,KDA,7,1,153,0.920960009098053,0.0156,0.0292,1.0013,0,True
89,KDA,7,1,154,0.9140480160713196,0.0165,0.0312,0.9954,0,True
89,KDA,7,1,155,0.9030399918556213,0.0127,0.0286,0.9791,0,True
89,KDA,7,1,156,0.9053440093994141,0.016,0.0283,0.9901,0,True
89,KDA,7,1,157,0.9031040072441101,0.0181,0.0311,1.0032,0,True
89,KDA,7,1,158,0.9067839980125427,0.0154,0.0283,1.0005,0,True
89,KDA,7,1,159,0.9032319784164429,0.0155,0.0301,0.9856,0,True
89,KDA,7,1,160,0.9113280177116394,0.0134,0.0303,0.9894,0,True
89,KDA,7,1,161,0.9020159840583801,0.0163,0.0287,0.9813,0,True
89,KDA,7,1,162,0.9137600064277649,0.0121,0.0284,0.9967,0,True
89,KDA,7,1,163,0.9036160111427307,0.0178,0.0281,0.9976,0,True
89,KDA,7,1,164,1.2874560356140137,0.0151,0.0308,1.3822,0,True
89,KDA,7,1,165,0.9412479996681213,0.0182,0.0303,1.0314,0,True
89,KDA,7,1,166,0.9202240109443665,0.0145,0.0285,0.9949,0,True
89,KDA,7,1,167,0.9039360284805298,0.0154,0.0295,0.9846,0,True
89,KDA,7,1,168,0.9048640131950378,0.016,0.0312,0.9909,0,True
89,KDA,7,1,169,0.9138240218162537,0.0137,0.0282,0.992,0,True
89,KDA,7,1,170,0.9031040072441101,0.0126,0.0282,0.9772,0,True
89,KDA,7,1,171,0.9036160111427307,0.0179,0.0283,0.984,0,True
89,KDA,7,1,172,0.9013760089874268,0.0153,0.0636,1.0672,0,True
89,KDA,7,1,173,0.9127359986305237,0.0324,0.0296,1.061,0,True
89,KDA,7,1,174,0.9073920249938965,0.018,0.0285,1.0069,0,True
89,KDA,7,1,175,0.9037759900093079,0.0174,0.0289,0.9919,0,True
89,KDA,7,1,176,0.9039360284805298,0.0173,0.0294,0.9912,0,True
89,KDA,7,1,177,0.9048640131950378,0.0189,0.0281,0.9969,0,True
89,KDA,7,1,178,0.9046400189399719,0.024,0.0289,1.0064,0,True
89,KDA,7,1,179,1.3258880376815796,0.0152,0.0308,1.4134,0,True
89,KDA,7,1,180,0.9048960208892822,0.0162,0.0295,0.986,0,True
89,KDA,7,1,181,0.9134719967842102,0.0151,0.0312,1.0045,0,True
89,KDA,7,1,182,0.9321280121803284,0.0255,0.0292,1.0366,0,True
89,KDA,7,1,183,0.9043520092964172,0.0198,0.0283,0.9945,0,True
89,KDA,7,1,184,0.9037439823150635,0.017,0.0284,0.9861,0,True
89,KDA,7,1,185,0.9036480188369751,0.0146,0.0274,0.981,0,True
89,KDA,7,1,186,0.901856005191803,0.0291,0.027,0.9952,0,True
89,KDA,7,1,187,0.9180480241775513,0.016,0.0271,1.0043,0,True
89,KDA,7,1,188,0.9027519822120667,0.0178,0.0287,0.9885,0,True
89,KDA,7,1,189,0.9037439823150635,0.0158,0.0274,0.9864,0,True
89,KDA,7,1,190,0.9036160111427307,0.015,0.0277,0.9869,0,True
89,KDA,7,1,191,0.9022719860076904,0.0306,0.0275,0.9955,0,True
89,KDA,7,1,192,0.9030399918556213,0.0115,0.0291,0.9789,0,True
89,KDA,7,1,193,0.9021120071411133,0.078,0.0279,1.0453,0,True
89,KDA,7,1,194,1.2349120378494263,0.0153,0.0293,1.3229,0,True
89,KDA,7,1,195,0.9214400053024292,0.0163,0.0291,1.0071,0,True
89,KDA,7,1,196,0.9014719724655151,0.0152,0.0288,0.9802,0,True
89,KDA,7,1,197,0.9041280150413513,0.017,0.029,0.9889,0,True
89,KDA,7,1,198,0.9025920033454895,0.023,0.0292,0.992,0,True
89,KDA,7,1,199,0.9146559834480286,0.014,0.0285,0.9898,0,True
89,KDA,7,2,0,1.7661759853363037,0.0164,0.0307,1.8582,0,True
89,KDA,7,2,1,1.766592025756836,0.018,0.0299,1.8569,0,True
89,KDA,7,2,2,1.767583966255188,0.018,0.0318,1.8612,0,True
89,KDA,7,2,3,2.1109440326690674,0.0167,0.0321,2.2034,0,True
89,KDA,7,2,4,1.7654720544815063,0.0169,0.0312,1.8546,0,True
89,KDA,7,2,5,1.7653119564056396,0.0187,0.0734,1.9406,0,True
89,KDA,7,2,6,1.7681280374526978,0.0504,0.0293,1.9331,0,True
89,KDA,7,2,7,1.7654399871826172,0.0217,0.0287,1.872,0,True
89,KDA,7,2,8,1.775871992111206,0.0201,0.0304,1.8999,0,True
89,KDA,7,2,9,1.7919360399246216,0.0186,0.0299,1.8915,0,True
89,KDA,7,2,10,1.7749760150909424,0.0169,0.0303,1.8704,0,True
89,KDA,7,2,11,2.03222393989563,0.0189,0.0299,2.1291,0,True
89,KDA,7,2,12,1.80131196975708,0.0181,0.0341,1.9082,0,True
89,KDA,7,2,13,1.7728639841079712,0.0274,0.0747,1.9855,0,True
89,KDA,7,2,14,1.7991679906845093,0.0571,0.0556,2.0387,0,True
89,KDA,7,2,15,1.778432011604309,0.0261,0.0348,1.9171,0,True
89,KDA,7,2,16,1.7786240577697754,0.017,0.0307,1.8768,0,True
89,KDA,7,2,17,1.79203200340271,0.0223,0.0287,1.8881,0,True
89,KDA,7,2,18,1.773792028427124,0.0176,0.0327,1.877,0,True
89,KDA,7,2,19,1.7791680097579956,0.0267,0.0295,1.8957,0,True
89,KDA,7,2,20,2.1470398902893066,0.0161,0.0327,2.2514,0,True
89,KDA,7,2,21,1.7782080173492432,0.0178,0.0444,1.9137,0,True
89,KDA,7,2,22,1.778175950050354,0.0212,0.0318,1.8923,0,True
89,KDA,7,2,23,1.7759679555892944,0.0168,0.0298,1.872,0,True
89,KDA,7,2,24,1.7951359748840332,0.018,0.0304,1.8901,0,True
89,KDA,7,2,25,1.7766720056533813,0.0183,0.0303,1.8687,0,True
89,KDA,7,2,26,1.7749760150909424,0.018,0.0313,1.8684,0,True
89,KDA,7,2,27,1.773695945739746,0.0153,0.0308,1.8745,0,True
89,KDA,7,2,28,2.1008639335632324,0.0189,0.0357,2.2228,0,True
89,KDA,7,2,29,1.7804800271987915,0.0178,0.077,1.9839,0,True
89,KDA,7,2,30,1.7987200021743774,0.0488,0.0577,2.0204,0,True
89,KDA,7,2,31,1.7803839445114136,0.0262,0.0311,1.9151,0,True
89,KDA,7,2,32,1.7735040187835693,0.019,0.0328,1.8719,0,True
89,KDA,7,2,33,1.7725119590759277,0.0191,0.0309,1.8678,0,True
89,KDA,7,2,34,1.792191982269287,0.0183,0.0297,1.8831,0,True
89,KDA,7,2,35,1.77183997631073,0.018,0.0292,1.8617,0,True
89,KDA,7,2,36,1.776576042175293,0.018,0.0316,1.8682,0,True
89,KDA,7,2,37,1.773568034172058,0.0161,0.0294,1.8665,0,True
89,KDA,7,2,38,2.177216053009033,0.1,0.0641,2.4526,0,True
89,KDA,7,2,39,1.7806719541549683,0.0265,0.0304,1.9182,0,True
89,KDA,7,2,40,1.7715200185775757,0.0193,0.0304,1.8788,0,True
89,KDA,7,2,41,1.7718720436096191,0.0181,0.0308,1.8643,0,True
89,KDA,7,2,42,1.7715200185775757,0.0184,0.0306,1.8657,0,True
89,KDA,7,2,43,1.7920960187911987,0.0184,0.0318,1.8879,0,True
89,KDA,7,2,44,1.7723840475082397,0.0186,0.031,1.8638,0,True
89,KDA,7,2,45,2.1186881065368652,0.0167,0.0296,2.2147,0,True
89,KDA,7,2,46,1.7788480520248413,0.0178,0.0309,1.8833,0,True
89,KDA,7,2,47,1.7748160362243652,0.0164,0.0298,1.8681,0,True
89,KDA,7,2,48,1.7757439613342285,0.0167,0.0301,1.8639,0,True
89,KDA,7,2,49,1.7763839960098267,0.0173,0.0309,1.8652,0,True
89,KDA,7,2,50,1.795456051826477,0.0178,0.0317,1.886,0,True
89,KDA,7,2,51,1.772063970565796,0.0176,0.0298,1.8677,0,True
89,KDA,7,2,52,1.7726720571517944,0.0177,0.0302,1.8653,0,True
89,KDA,7,2,53,1.7776639461517334,0.0183,0.0307,1.8666,0,True
89,KDA,7,2,54,2.1618878841400146,0.0128,0.062,2.3248,0,True
89,KDA,7,2,55,1.779360055923462,0.0284,0.0304,1.9165,0,True
89,KDA,7,2,56,1.7942719459533691,0.0183,0.0305,1.8911,0,True
89,KDA,7,2,57,1.7911039590835571,0.0182,0.0307,1.8869,0,True
89,KDA,7,2,58,1.7741119861602783,0.0183,0.0312,1.8667,0,True
89,KDA,7,2,59,1.774623990058899,0.0166,0.03,1.8639,0,True
89,KDA,7,2,60,1.772704005241394,0.0178,0.0299,1.8614,0,True
89,KDA,7,2,61,1.7736320495605469,0.0125,0.032,1.8618,0,True
89,KDA,7,2,62,1.7729920148849487,0.0169,0.0794,1.9651,0,True
89,KDA,7,2,63,2.175935983657837,0.1049,0.0396,2.4275,0,True
89,KDA,7,2,64,1.7743040323257446,0.0236,0.032,1.9096,0,True
89,KDA,7,2,65,1.7729920148849487,0.0197,0.0309,1.8765,0,True
89,KDA,7,2,66,1.7912960052490234,0.0195,0.0304,1.8886,0,True
89,KDA,7,2,67,1.7741119861602783,0.0182,0.0313,1.8695,0,True
89,KDA,7,2,68,1.7727999687194824,0.0189,0.0303,1.8669,0,True
89,KDA,7,2,69,1.7722560167312622,0.0188,0.0292,1.8658,0,True
89,KDA,7,2,70,1.7722879648208618,0.0159,0.0307,1.8692,0,True
89,KDA,7,2,71,1.7738879919052124,0.0165,0.0301,1.8677,0,True
89,KDA,7,2,72,1.7729599475860596,0.0166,0.0294,1.8683,0,True
89,KDA,7,2,73,2.1549439430236816,0.0175,0.0373,2.2723,0,True
89,KDA,7,2,74,1.7755839824676514,0.029,0.0316,1.8992,0,True
89,KDA,7,2,75,1.7932480573654175,0.0209,0.0305,1.8974,0,True
89,KDA,7,2,76,1.7730560302734375,0.019,0.0295,1.8699,0,True
89,KDA,7,2,77,1.7764480113983154,0.0197,0.0577,1.9334,0,True
89,KDA,7,2,78,1.7791999578475952,0.0257,0.0305,1.9079,0,True
89,KDA,7,2,79,1.7732160091400146,0.0189,0.0302,1.8744,0,True
89,KDA,7,2,80,1.7739520072937012,0.0197,0.0327,1.8823,0,True
89,KDA,7,2,81,2.1557440757751465,0.0203,0.0291,2.2874,0,True
89,KDA,7,2,82,1.7746880054473877,0.0191,0.0316,1.8745,0,True
89,KDA,7,2,83,1.7728639841079712,0.0176,0.0303,1.862,0,True
89,KDA,7,2,84,1.7724159955978394,0.0182,0.0313,1.8626,0,True
89,KDA,7,2,85,1.7713919878005981,0.0183,0.0847,1.9935,0,True
89,KDA,7,2,86,1.7806400060653687,0.0312,0.0659,2.0165,0,True
89,KDA,7,2,87,1.7787840366363525,0.0286,0.0308,1.9262,0,True
89,KDA,7,2,88,2.1098880767822266,0.0133,0.0316,2.2047,0,True
89,KDA,7,2,89,1.7988159656524658,0.0193,0.0302,1.8942,0,True
89,KDA,7,2,90,1.772447943687439,0.0181,0.0328,1.8759,0,True
89,KDA,7,2,91,1.7710720300674438,0.0271,0.0312,1.892,0,True
89,KDA,7,2,92,1.7934399843215942,0.0198,0.0302,1.8962,0,True
89,KDA,7,2,93,1.79312002658844,0.0192,0.0299,1.8965,0,True
89,KDA,7,2,94,1.773311972618103,0.0171,0.0306,1.8725,0,True
89,KDA,7,2,95,1.77510404586792,0.0378,0.0301,1.8863,0,True
89,KDA,7,2,96,1.7754240036010742,0.018,0.0276,1.8669,0,True
89,KDA,7,2,97,1.7774720191955566,0.1191,0.0304,1.977,0,True
89,KDA,7,2,98,1.773311972618103,0.0159,0.0301,1.8653,0,True
89,KDA,7,2,99,1.7905280590057373,0.02,0.0302,1.8829,0,True
89,KDA,7,2,100,1.7731839418411255,0.0184,0.0315,1.8645,0,True
89,KDA,7,2,101,1.7724800109863281,0.018,0.0716,1.9518,0,True
89,KDA,7,2,102,1.7810239791870117,0.027,0.0893,2.0288,0,True
89,KDA,7,2,103,1.7816959619522095,0.0293,0.0316,1.932,0,True
89,KDA,7,2,104,1.7706559896469116,0.0202,0.0319,1.8768,0,True
89,KDA,7,2,105,2.1250240802764893,0.0185,0.0307,2.2268,0,True
89,KDA,7,2,106,1.7866239547729492,0.0184,0.0349,1.8997,0,True
89,KDA,7,2,107,1.7778879404067993,0.0278,0.0302,1.9101,0,True
89,KDA,7,2,108,1.7732479572296143,0.0193,0.0309,1.8867,0,True
89,KDA,7,2,109,1.796288013458252,0.0187,0.0308,1.8956,0,True
89,KDA,7,2,110,1.7775360345840454,0.0179,0.031,1.8697,0,True
89,KDA,7,2,111,1.7941759824752808,0.0176,0.0301,1.8831,0,True
89,KDA,7,2,112,1.7912960052490234,0.0177,0.0296,1.888,0,True
89,KDA,7,2,113,1.793727993965149,0.031,0.0291,1.9163,0,True
89,KDA,7,2,114,2.182176113128662,0.0169,0.0314,2.286,0,True
89,KDA,7,2,115,1.8119679689407349,0.0183,0.0315,1.909,0,True
89,KDA,7,2,116,1.792415976524353,0.0181,0.0306,1.8868,0,True
89,KDA,7,2,117,1.7920639514923096,0.0186,0.0937,2.0181,0,True
89,KDA,7,2,118,1.8138560056686401,0.0574,0.0431,2.039,0,True
89,KDA,7,2,119,1.797984004020691,0.0273,0.0307,1.9316,0,True
89,KDA,7,2,120,1.8139519691467285,0.0177,0.0309,1.9098,0,True
89,KDA,7,2,121,1.8037439584732056,0.0222,0.0304,1.9001,0,True
89,KDA,7,2,122,2.168800115585327,0.0182,0.031,2.2663,0,True
89,KDA,7,2,123,1.791648030281067,0.0133,0.0305,1.8773,0,True
89,KDA,7,2,124,1.7916159629821777,0.0172,0.0303,1.8796,0,True
89,KDA,7,2,125,1.7906880378723145,0.0183,0.0743,1.9769,0,True
89,KDA,7,2,126,1.8137600421905518,0.052,0.0474,2.0259,0,True
89,KDA,7,2,127,1.7956160306930542,0.0249,0.0308,1.9251,0,True
89,KDA,7,2,128,1.791200041770935,0.0169,0.0306,1.8846,0,True
89,KDA,7,2,129,1.8097599744796753,0.0201,0.0326,1.9072,0,True
89,KDA,7,2,130,1.7930560111999512,0.0165,0.0344,1.9015,0,True
89,KDA,7,2,131,1.7923200130462646,0.0269,0.0368,1.9299,0,True
89,KDA,7,2,132,2.2048959732055664,0.0204,0.0377,2.3327,0,True
89,KDA,7,2,133,1.7943040132522583,0.0202,0.0756,1.997,0,True
89,KDA,7,2,134,1.7984319925308228,0.0314,0.0697,2.0305,0,True
89,KDA,7,2,135,1.7997119426727295,0.0261,0.0313,1.9407,0,True
89,KDA,7,2,136,1.7912319898605347,0.0188,0.031,1.9129,0,True
89,KDA,7,2,137,1.7906240224838257,0.0184,0.0296,1.8825,0,True
89,KDA,7,2,138,1.790112018585205,0.0183,0.0327,1.8947,0,True
89,KDA,7,2,139,2.1867198944091797,0.0204,0.0387,2.3154,0,True
89,KDA,7,2,140,1.7968640327453613,0.0225,0.0574,1.9854,0,True
89,KDA,7,2,141,1.7996480464935303,0.0247,0.0618,1.9969,0,True
89,KDA,7,2,142,1.794592022895813,0.0221,0.0312,1.9253,0,True
89,KDA,7,2,143,1.8146239519119263,0.0181,0.0305,1.9104,0,True
89,KDA,7,2,144,1.8109439611434937,0.0195,0.0302,1.9053,0,True
89,KDA,7,2,145,1.7929600477218628,0.018,0.031,1.8857,0,True
89,KDA,7,2,146,1.7922240495681763,0.018,0.0305,1.8846,0,True
89,KDA,7,2,147,2.165503978729248,0.0183,0.0306,2.2575,0,True
89,KDA,7,2,148,1.7935999631881714,0.0164,0.0513,1.938,0,True
89,KDA,7,2,149,1.79420804977417,0.0299,0.0635,1.996,0,True
89,KDA,7,2,150,1.7947520017623901,0.0259,0.031,1.9304,0,True
89,KDA,7,2,151,1.7923200130462646,0.0174,0.0304,1.8906,0,True
89,KDA,7,2,152,1.8142720460891724,0.0199,0.0312,1.9097,0,True
89,KDA,7,2,153,1.79203200340271,0.0127,0.0316,1.8883,0,True
89,KDA,7,2,154,1.7902400493621826,0.028,0.0306,1.9083,0,True
89,KDA,7,2,155,1.8111679553985596,0.0186,0.0298,1.9111,0,True
89,KDA,7,2,156,2.1853439807891846,0.017,0.0679,2.3651,0,True
89,KDA,7,2,157,1.800063967704773,0.0301,0.0297,1.9505,0,True
89,KDA,7,2,158,1.7911360263824463,0.019,0.0702,1.976,0,True
89,KDA,7,2,159,1.7998720407485962,0.0248,0.0317,1.9387,0,True
89,KDA,7,2,160,1.7928639650344849,0.017,0.0638,1.9523,0,True
89,KDA,7,2,161,1.7951040267944336,0.0295,0.0303,1.9329,0,True
89,KDA,7,2,162,1.8065600395202637,0.0208,0.0304,1.9114,0,True
89,KDA,7,2,163,1.7918399572372437,0.0195,0.0313,1.8914,0,True
89,KDA,7,2,164,2.146591901779175,0.0149,0.0301,2.2425,0,True
89,KDA,7,2,165,1.7946879863739014,0.017,0.0357,1.9092,0,True
89,KDA,7,2,166,1.793280005455017,0.0282,0.0308,1.9126,0,True
89,KDA,7,2,167,1.814687967300415,0.02,0.0305,1.9186,0,True
89,KDA,7,2,168,1.7917120456695557,0.0181,0.0311,1.8903,0,True
89,KDA,7,2,169,1.7967679500579834,0.0367,0.0307,1.9403,0,True
89,KDA,7,2,170,1.8100160360336304,0.0202,0.0308,1.9099,0,True
89,KDA,7,2,171,1.7906559705734253,0.0197,0.0588,1.9472,0,True
89,KDA,7,2,172,1.7987840175628662,0.024,0.0346,1.9413,0,True
89,KDA,7,2,173,2.1504321098327637,0.0211,0.0387,2.2925,0,True
89,KDA,7,2,174,1.7987840175628662,0.0214,0.0305,1.9197,0,True
89,KDA,7,2,175,1.7923200130462646,0.0187,0.0303,1.9157,0,True
89,KDA,7,2,176,1.7907520532608032,0.0181,0.0307,1.8833,0,True
89,KDA,7,2,177,1.7918720245361328,0.0184,0.0298,1.8837,0,True
89,KDA,7,2,178,1.7936960458755493,0.0168,0.0297,1.8832,0,True
89,KDA,7,2,179,1.7942399978637695,0.0173,0.0289,1.8897,0,True
89,KDA,7,2,180,1.793887972831726,0.0184,0.0315,1.8955,0,True
89,KDA,7,2,181,2.176608085632324,0.0168,0.0301,2.2743,0,True
89,KDA,7,2,182,1.7969919443130493,0.0185,0.0323,1.9024,0,True
89,KDA,7,2,183,1.7944320440292358,0.0173,0.0312,1.8936,0,True
89,KDA,7,2,184,1.7904640436172485,0.0178,0.0309,1.88,0,True
89,KDA,7,2,185,1.7947520017623901,0.018,0.0329,1.8967,0,True
89,KDA,7,2,186,1.7946239709854126,0.029,0.0315,1.9205,0,True
89,KDA,7,2,187,1.8142399787902832,0.0206,0.0422,1.9483,0,True
89,KDA,7,2,188,1.793727993965149,0.0194,0.0316,1.9035,0,True
89,KDA,7,2,189,2.122528076171875,0.0126,0.0307,2.2118,0,True
89,KDA,7,2,190,1.79420804977417,0.0161,0.0311,1.8984,0,True
89,KDA,7,2,191,1.7938239574432373,0.0257,0.0315,1.9119,0,True
89,KDA,7,2,192,1.812127947807312,0.0196,0.031,1.911,0,True
89,KDA,7,2,193,1.8177599906921387,0.0174,0.0315,1.9107,0,True
89,KDA,7,2,194,1.7939200401306152,0.0179,0.0311,1.8889,0,True
89,KDA,7,2,195,1.7939200401306152,0.0178,0.0807,2.0052,0,True
89,KDA,7,2,196,1.802016019821167,0.0311,0.031,1.9612,0,True
89,KDA,7,2,197,1.8116159439086914,0.02,0.0295,1.9103,0,True
89,KDA,7,2,198,2.187839984893799,0.0179,0.029,2.2933,0,True
89,KDA,7,2,199,1.8142080307006836,0.0187,0.0305,1.9099,0,True
89,KDA,7,4,0,3.4960639476776123,0.029,0.0351,3.6521,0,True
89,KDA,7,4,1,3.87280011177063,0.0234,0.0425,4.026,0,True
89,KDA,7,4,2,3.4897279739379883,0.0307,0.0351,3.6381,0,True
89,KDA,7,4,3,3.487135887145996,0.0206,0.0524,3.6535,0,True
89,KDA,7,4,4,3.49564790725708,0.0253,0.0338,3.6344,0,True
89,KDA,7,4,5,3.850208044052124,0.0208,0.0353,3.9693,0,True
89,KDA,7,4,6,3.4933760166168213,0.0207,0.0363,3.611,0,True
89,KDA,7,4,7,3.4878718852996826,0.0188,0.0342,3.6013,0,True
89,KDA,7,4,8,3.4901440143585205,0.019,0.0342,3.6082,0,True
89,KDA,7,4,9,3.489856004714966,0.0187,0.0384,3.6206,0,True
89,KDA,7,4,10,3.886687994003296,0.0296,0.0487,4.0529,0,True
89,KDA,7,4,11,3.492799997329712,0.0256,0.056,3.6787,0,True
89,KDA,7,4,12,3.4967360496520996,0.0258,0.0322,3.6373,0,True
89,KDA,7,4,13,3.488095998764038,0.0204,0.034,3.6005,0,True
89,KDA,7,4,14,3.8973119258880615,0.0197,0.0341,4.0087,0,True
89,KDA,7,4,15,3.4868481159210205,0.018,0.0611,3.6656,0,True
89,KDA,7,4,16,3.4944000244140625,0.028,0.0699,3.7295,0,True
89,KDA,7,4,17,3.494784116744995,0.0265,0.034,3.6584,0,True
89,KDA,7,4,18,3.509216070175171,0.0194,0.0345,3.622,0,True
89,KDA,7,4,19,3.899359941482544,0.0205,0.0401,4.0337,0,True
89,KDA,7,4,20,3.491584062576294,0.0216,0.0351,3.6171,0,True
89,KDA,7,4,21,3.4883840084075928,0.0213,0.0335,3.6097,0,True
89,KDA,7,4,22,3.4921278953552246,0.0205,0.0332,3.6226,0,True
89,KDA,7,4,23,3.896575927734375,0.0209,0.1258,4.1504,0,True
89,KDA,7,4,24,3.4977920055389404,0.0375,0.0617,3.7562,0,True
89,KDA,7,4,25,3.4976000785827637,0.025,0.0349,3.6617,0,True
89,KDA,7,4,26,3.491424083709717,0.0184,0.0346,3.6061,0,True
89,KDA,7,4,27,3.828160047531128,0.019,0.0352,3.9449,0,True
89,KDA,7,4,28,3.4923200607299805,0.0177,0.0539,3.6528,0,True
89,KDA,7,4,29,3.495232105255127,0.0299,0.0356,3.6417,0,True
89,KDA,7,4,30,3.491328001022339,0.0346,0.0379,3.6388,0,True
89,KDA,7,4,31,3.4911680221557617,0.029,0.0351,3.6302,0,True
89,KDA,7,4,32,3.8980801105499268,0.0323,0.0616,4.0859,0,True
89,KDA,7,4,33,3.4961280822753906,0.0262,0.0334,3.6366,0,True
89,KDA,7,4,34,3.4904959201812744,0.0196,0.0345,3.6069,0,True
89,KDA,7,4,35,3.485919952392578,0.0147,0.0355,3.5918,0,True
89,KDA,7,4,36,3.489311933517456,0.0196,0.0332,3.6006,0,True
89,KDA,7,4,37,3.8848319053649902,0.0175,0.0363,4.0013,0,True
89,KDA,7,4,38,3.4892160892486572,0.0193,0.0384,3.6076,0,True
89,KDA,7,4,39,3.4896960258483887,0.0393,0.033,3.6231,0,True
89,KDA,7,4,40,3.4901440143585205,0.02,0.0822,3.7143,0,True
89,KDA,7,4,41,3.514400005340576,0.0504,0.0597,3.753,0,True
89,KDA,7,4,42,3.498528003692627,0.0266,0.0339,3.654,0,True
89,KDA,7,4,43,3.4875519275665283,0.0199,0.0329,3.597,0,True
89,KDA,7,4,44,3.490015983581543,0.0192,0.0358,3.5985,0,True
89,KDA,7,4,45,3.4965760707855225,0.0188,0.0311,3.6069,0,True
89,KDA,7,4,46,3.900991916656494,0.0186,0.0396,4.0306,0,True
89,KDA,7,4,47,3.491935968399048,0.0207,0.0366,3.6162,0,True
89,KDA,7,4,48,3.4899840354919434,0.0159,0.0355,3.6086,0,True
89,KDA,7,4,49,3.4903039932250977,0.019,0.0492,3.6371,0,True
89,KDA,7,4,50,3.884511947631836,0.022,0.0366,4.0205,0,True
89,KDA,7,4,51,3.4909439086914062,0.0191,0.0359,3.6079,0,True
89,KDA,7,4,52,3.4859519004821777,0.0189,0.0337,3.5951,0,True
89,KDA,7,4,53,3.487584114074707,0.0182,0.0378,3.615,0,True
89,KDA,7,4,54,3.863487958908081,0.0209,0.0387,4.0047,0,True
89,KDA,7,4,55,3.500096082687378,0.0209,0.035,3.6244,0,True
89,KDA,7,4,56,3.513279914855957,0.0161,0.0339,3.6413,0,True
89,KDA,7,4,57,3.4876160621643066,0.0179,0.0343,3.5977,0,True
89,KDA,7,4,58,3.494271993637085,0.0203,0.036,3.6172,0,True
89,KDA,7,4,59,3.882175922393799,0.06,0.0833,4.141,0,True
89,KDA,7,4,60,3.495487928390503,0.0336,0.0336,3.6697,0,True
89,KDA,7,4,61,3.4895360469818115,0.0248,0.0426,3.6295,0,True
89,KDA,7,4,62,3.489567995071411,0.0211,0.0361,3.6305,0,True
89,KDA,7,4,63,3.492000102996826,0.0204,0.0309,3.6151,0,True
89,KDA,7,4,64,3.4940481185913086,0.0209,0.0343,3.6243,0,True
89,KDA,7,4,65,3.491136074066162,0.0192,0.0346,3.6125,0,True
89,KDA,7,4,66,3.5058560371398926,0.0197,0.0711,3.7063,0,True
89,KDA,7,4,67,3.9080960750579834,0.0287,0.0325,4.0714,0,True
89,KDA,7,4,68,3.8797121047973633,0.0262,0.0672,4.087,0,True
89,KDA,7,4,69,3.4974400997161865,0.0327,0.098,3.7998,0,True
89,KDA,7,4,70,3.499743938446045,0.0338,0.045,3.7265,0,True
89,KDA,7,4,71,3.4925758838653564,0.0253,0.033,3.6322,0,True
89,KDA,7,4,72,3.4878718852996826,0.0205,0.0334,3.6179,0,True
89,KDA,7,4,73,3.4894399642944336,0.021,0.0413,3.6355,0,True
89,KDA,7,4,74,3.4911999702453613,0.0254,0.0443,3.6597,0,True
89,KDA,7,4,75,3.4898879528045654,0.0221,0.0341,3.625,0,True
89,KDA,7,4,76,3.4877119064331055,0.0206,0.035,3.6157,0,True
89,KDA,7,4,77,3.489664077758789,0.0202,0.0353,3.6124,0,True
89,KDA,7,4,78,3.489248037338257,0.0548,0.0478,3.6725,0,True
89,KDA,7,4,79,3.4964799880981445,0.0231,0.0355,3.6302,0,True
89,KDA,7,4,80,3.505631923675537,0.0197,0.0378,3.6309,0,True
89,KDA,7,4,81,3.868896007537842,0.0217,0.0415,4.0123,0,True
89,KDA,7,4,82,3.4965760707855225,0.022,0.0378,3.6389,0,True
89,KDA,7,4,83,3.4911999702453613,0.0209,0.0336,3.6173,0,True
89,KDA,7,4,84,3.5047359466552734,0.0193,0.0404,3.6374,0,True
89,KDA,7,4,85,3.492703914642334,0.0284,0.034,3.6393,0,True
89,KDA,7,4,86,3.883392095565796,0.0209,0.0743,4.0934,0,True
89,KDA,7,4,87,3.4980480670928955,0.0317,0.0332,3.6628,0,True
89,KDA,7,4,88,3.4896960258483887,0.0195,0.0345,3.6148,0,True
89,KDA,7,4,89,3.4881598949432373,0.0412,0.0345,3.6317,0,True
89,KDA,7,4,90,3.488863945007324,0.0202,0.0327,3.6111,0,True
89,KDA,7,4,91,3.9152960777282715,0.019,0.0376,4.0484,0,True
89,KDA,7,4,92,3.49619197845459,0.0218,0.0333,3.6345,0,True
89,KDA,7,4,93,3.4912960529327393,0.021,0.0338,3.6136,0,True
89,KDA,7,4,94,3.4892799854278564,0.0189,0.0366,3.6268,0,True
89,KDA,7,4,95,4.221248149871826,0.0209,0.0575,4.4025,0,True
89,KDA,7,4,96,3.494335889816284,0.03,0.0359,3.6542,0,True
89,KDA,7,4,97,3.4888319969177246,0.0216,0.0357,3.6186,0,True
89,KDA,7,4,98,3.4925758838653564,0.0197,0.035,3.6125,0,True
89,KDA,7,4,99,3.492448091506958,0.0189,0.0666,3.6746,0,True
89,KDA,7,4,100,3.498016119003296,0.0305,0.0331,3.6848,0,True
89,KDA,7,4,101,3.4951040744781494,0.02,0.0842,3.7244,0,True
89,KDA,7,4,102,3.5033600330352783,0.0297,0.0354,3.7046,0,True
89,KDA,7,4,103,3.494976043701172,0.0227,0.0386,3.6538,0,True
89,KDA,7,4,104,3.4930880069732666,0.0223,0.0578,3.6858,0,True
89,KDA,7,4,105,3.4950079917907715,0.0241,0.0326,3.654,0,True
89,KDA,7,4,106,3.4904959201812744,0.0264,0.0366,3.6296,0,True
89,KDA,7,4,107,3.490623950958252,0.0191,0.0343,3.6079,0,True
89,KDA,7,4,108,3.487776041030884,0.0187,0.0427,3.6204,0,True
89,KDA,7,4,109,3.5043840408325195,0.1955,0.0363,3.8033,0,True
89,KDA,7,4,110,3.4892799854278564,0.0168,0.0362,3.5964,0,True
89,KDA,7,4,111,3.495392084121704,0.0147,0.0369,3.6027,0,True
89,KDA,7,4,112,3.4918079376220703,0.0312,0.0342,3.6106,0,True
89,KDA,7,4,113,3.867136001586914,0.0194,0.0344,3.9769,0,True
89,KDA,7,4,114,3.4879040718078613,0.018,0.0373,3.5934,0,True
89,KDA,7,4,115,3.487328052520752,0.0158,0.0358,3.5926,0,True
89,KDA,7,4,116,3.4879679679870605,0.0179,0.1004,3.745,0,True
89,KDA,7,4,117,3.9293758869171143,0.059,0.0679,4.2131,0,True
89,KDA,7,4,118,3.4981439113616943,0.0301,0.0361,3.6599,0,True
89,KDA,7,4,119,3.488895893096924,0.019,0.0387,3.6206,0,True
89,KDA,7,4,120,3.4931840896606445,0.0301,0.034,3.6367,0,True
89,KDA,7,4,121,3.8613440990448,0.0209,0.0556,4.0224,0,True
89,KDA,7,4,122,3.498080015182495,0.0211,0.0346,3.6556,0,True
89,KDA,7,4,123,3.489408016204834,0.0288,0.0366,3.6138,0,True
89,KDA,7,4,124,3.488352060317993,0.0416,0.0349,3.6338,0,True
89,KDA,7,4,125,3.4965760707855225,0.0214,0.033,3.6151,0,True
89,KDA,7,4,126,4.446847915649414,0.0159,0.0424,4.5784,0,True
89,KDA,7,4,127,3.493920087814331,0.0204,0.0364,3.618,0,True
89,KDA,7,4,128,3.48688006401062,0.0182,0.0345,3.5967,0,True
89,KDA,7,4,129,3.517184019088745,0.0173,0.0456,3.7705,0,True
89,KDA,7,4,130,3.9179201126098633,0.0249,0.0614,4.1001,0,True
89,KDA,7,4,131,3.5077760219573975,0.445,0.0329,4.0665,0,True
89,KDA,7,4,132,3.4946560859680176,0.0653,0.0331,3.6605,0,True
89,KDA,7,4,133,3.4911680221557617,0.0212,0.0336,3.6262,0,True
89,KDA,7,4,134,3.8669118881225586,0.0182,0.0353,3.9796,0,True
89,KDA,7,4,135,3.49836802482605,0.0179,0.0354,3.6099,0,True
89,KDA,7,4,136,3.490783929824829,0.0152,0.0347,3.6008,0,True
89,KDA,7,4,137,3.485599994659424,0.0206,0.0347,3.5996,0,True
89,KDA,7,4,138,3.5048959255218506,0.025,0.0338,3.6244,0,True
89,KDA,7,4,139,3.489471912384033,0.0191,0.0339,3.5969,0,True
89,KDA,7,4,140,3.4881598949432373,0.0166,0.0356,3.5935,0,True
89,KDA,7,4,141,3.4890239238739014,0.0169,0.0344,3.5919,0,True
89,KDA,7,4,142,3.8919999599456787,0.0176,0.0341,3.9973,0,True
89,KDA,7,4,143,3.8707520961761475,0.0236,0.0341,3.9836,0,True
89,KDA,7,4,144,3.933664083480835,0.02,0.056,4.0745,0,True
89,KDA,7,4,145,3.4960639476776123,0.2311,0.0339,3.9864,0,True
89,KDA,7,4,146,3.490528106689453,0.017,0.0364,3.5969,0,True
89,KDA,7,4,147,3.4890880584716797,0.0163,0.0349,3.5908,0,True
89,KDA,7,4,148,3.866368055343628,0.0186,0.037,3.9728,0,True
89,KDA,7,4,149,3.491935968399048,0.017,0.0347,3.5956,0,True
89,KDA,7,4,150,3.4942080974578857,0.0172,0.032,4.2076,0,True
89,KDA,7,4,151,3.48854398727417,0.0208,0.0344,3.6136,0,True
89,KDA,7,4,152,4.026112079620361,0.0182,0.0472,4.1665,0,True
89,KDA,7,4,153,3.4929919242858887,0.0245,0.0336,3.6325,0,True
89,KDA,7,4,154,3.9309439659118652,0.0201,0.0589,4.1142,0,True
89,KDA,7,4,155,3.4951999187469482,0.0259,0.033,3.6446,0,True
89,KDA,7,4,156,3.9769279956817627,0.0186,0.0357,4.0961,0,True
89,KDA,7,4,157,3.929152011871338,0.0219,0.0334,4.0951,0,True
89,KDA,7,4,158,3.957087993621826,0.0552,0.072,4.2362,0,True
89,KDA,7,4,159,3.4992001056671143,0.0308,0.0336,3.6659,0,True
89,KDA,7,4,160,4.0009918212890625,0.0221,0.0592,4.1673,0,True
89,KDA,7,4,161,3.505887985229492,0.1027,0.0553,3.773,0,True
89,KDA,7,4,162,3.9608640670776367,0.0233,0.0365,4.1194,0,True
89,KDA,7,4,163,3.4891200065612793,0.0206,0.0346,3.617,0,True
89,KDA,7,4,164,3.4870400428771973,0.019,0.0979,3.7136,0,True
89,KDA,7,4,165,4.030272006988525,0.0447,0.0866,4.3193,0,True
89,KDA,7,4,166,3.976480007171631,0.096,0.0545,4.2608,0,True
89,KDA,7,4,167,3.4955201148986816,0.0257,0.0426,3.6627,0,True
89,KDA,7,4,168,3.496511936187744,0.0213,0.0382,3.6381,0,True
89,KDA,7,4,169,4.145567893981934,0.0288,0.0767,4.353,0,True
89,KDA,7,4,170,3.4976959228515625,0.0282,0.0343,3.6596,0,True
89,KDA,7,4,171,3.941983938217163,0.021,0.0395,4.08,0,True
89,KDA,7,4,172,3.4878718852996826,0.0325,0.0346,3.6339,0,True
89,KDA,7,4,173,4.014592170715332,0.0208,0.0358,4.1413,0,True
89,KDA,7,4,174,3.4897921085357666,0.0182,0.0348,3.6046,0,True
89,KDA,7,4,175,4.3467841148376465,0.0202,0.035,4.466,0,True
89,KDA,7,4,176,3.48905611038208,0.0186,0.0351,3.6013,0,True
89,KDA,7,4,177,3.9766719341278076,0.0198,0.0845,4.2052,0,True
89,KDA,7,4,178,3.4996800422668457,0.0688,0.0341,3.7173,0,True
89,KDA,7,4,179,4.0074238777160645,0.0241,0.0367,4.1698,0,True
89,KDA,7,4,180,3.4885759353637695,0.0223,0.0364,3.6182,0,True
89,KDA,7,4,181,3.9818239212036133,0.0586,0.0485,4.1701,0,True
89,KDA,7,4,182,3.917664051055908,0.0238,0.0448,4.0714,0,True
89,KDA,7,4,183,3.968991994857788,0.0215,0.0359,4.1008,0,True
89,KDA,7,4,184,3.4898879528045654,0.0202,0.0335,3.6042,0,True
89,KDA,7,4,185,3.495903968811035,0.0184,0.0462,3.6386,0,True
89,KDA,7,4,186,4.139232158660889,0.0222,0.0428,4.282,0,True
89,KDA,7,4,187,3.9386239051818848,0.0275,0.0344,4.0756,0,True
89,KDA,7,4,188,3.5079360008239746,0.0198,0.0348,3.6247,0,True
89,KDA,7,4,189,3.491071939468384,0.0225,0.0848,3.717,0,True
89,KDA,7,4,190,4.158495903015137,0.0332,0.0795,4.4175,0,True
89,KDA,7,4,191,3.8834879398345947,0.0313,0.0339,4.0723,0,True
89,KDA,7,4,192,3.492703914642334,0.0221,0.0366,3.6302,0,True
89,KDA,7,4,193,3.489311933517456,0.0284,0.0346,3.6369,0,True
89,KDA,7,4,194,4.020383834838867,0.0216,0.0584,4.1882,0,True
89,KDA,7,4,195,3.502592086791992,0.1306,0.0446,3.7732,0,True
89,KDA,7,4,196,3.5008320808410645,0.1403,0.0351,3.7513,0,True
89,KDA,7,4,197,3.4884800910949707,0.017,0.0363,3.6135,0,True
89,KDA,7,4,198,3.973439931869507,0.0186,0.0335,4.0969,0,True
89,KDA,7,4,199,3.4941439628601074,0.0217,0.0327,3.6128,0,True
91,Gated_MLA,0,1,0,0.900160014629364,0.0178,0.0325,0.9894,0,True
91,Gated_MLA,0,1,1,0.9034559726715088,0.0171,0.0273,0.9843,0,True
91,Gated_MLA,0,1,2,0.902239978313446,0.0159,0.0675,1.0629,0,True
91,Gated_MLA,0,1,3,0.9108480215072632,0.0306,0.0299,1.0414,0,True
91,Gated_MLA,0,1,4,0.9042879939079285,0.0174,0.03,1.0102,0,True
91,Gated_MLA,0,1,5,1.0044480562210083,0.0207,0.0276,1.1037,0,True
91,Gated_MLA,0,1,6,1.3258880376815796,0.0164,0.0535,1.4505,0,True
91,Gated_MLA,0,1,7,0.9084479808807373,0.0932,0.0483,1.1201,0,True
91,Gated_MLA,0,1,8,0.9047679901123047,0.2257,0.0295,1.2148,0,True
91,Gated_MLA,0,1,9,0.9043840169906616,0.0166,0.0284,0.9863,0,True
91,Gated_MLA,0,1,10,0.9023360013961792,0.0153,0.0311,1.0024,0,True
91,Gated_MLA,0,1,11,0.9049599766731262,0.0272,0.0288,1.0412,0,True
91,Gated_MLA,0,1,12,0.9067519903182983,0.0187,0.0288,0.9976,0,True
91,Gated_MLA,0,1,13,0.9046720266342163,0.0179,0.0283,0.9959,0,True
91,Gated_MLA,0,1,14,0.9043200016021729,0.0172,0.0296,1.0041,0,True
91,Gated_MLA,0,1,15,0.9285439848899841,0.0193,0.0287,1.0158,0,True
91,Gated_MLA,0,1,16,0.9047359824180603,0.0153,0.0335,1.0125,0,True
91,Gated_MLA,0,1,17,0.9057919979095459,0.0166,0.03,0.9984,0,True
91,Gated_MLA,0,1,18,0.9046080112457275,0.0146,0.0282,0.9981,0,True
91,Gated_MLA,0,1,19,0.9014719724655151,0.0158,0.0294,0.9854,0,True
91,Gated_MLA,0,1,20,0.9041919708251953,0.0151,0.0271,0.984,0,True
91,Gated_MLA,0,1,21,0.9037439823150635,0.0159,0.0282,0.9951,0,True
91,Gated_MLA,0,1,22,1.2764480113983154,0.0164,0.0296,1.374,0,True
91,Gated_MLA,0,1,23,0.9056320190429688,0.0206,0.0294,1.0028,0,True
91,Gated_MLA,0,1,24,0.9034240245819092,0.0193,0.0292,1.0109,0,True
91,Gated_MLA,0,1,25,0.9022079706192017,0.0157,0.0324,0.9981,0,True
91,Gated_MLA,0,1,26,0.9016000032424927,0.0157,0.034,0.9917,0,True
91,Gated_MLA,0,1,27,0.9035519957542419,0.0158,0.0285,0.9888,0,True
91,Gated_MLA,0,1,28,0.9018239974975586,0.0151,0.0288,0.9873,0,True
91,Gated_MLA,0,1,29,0.8925759792327881,0.0179,0.0295,0.9819,0,True
91,Gated_MLA,0,1,30,0.9021440148353577,0.0479,0.029,1.0117,0,True
91,Gated_MLA,0,1,31,0.9027519822120667,0.0159,0.1988,1.1672,0,True
91,Gated_MLA,0,1,32,0.9055039882659912,0.0249,0.0301,1.0162,0,True
91,Gated_MLA,0,1,33,0.9039040207862854,0.0243,0.0269,1.0027,0,True
91,Gated_MLA,0,1,34,1.3227519989013672,0.0139,0.0299,1.4083,0,True
91,Gated_MLA,0,1,35,0.9036800265312195,0.0141,0.0291,0.985,0,True
91,Gated_MLA,0,1,36,0.8994240164756775,0.0225,0.0542,1.0122,0,True
91,Gated_MLA,0,1,37,0.903007984161377,0.2504,0.0296,1.4233,0,True
91,Gated_MLA,0,1,38,0.9037439823150635,0.0163,0.0297,0.9861,0,True
91,Gated_MLA,0,1,39,1.327839970588684,0.0166,0.031,1.4146,0,True
91,Gated_MLA,0,1,40,0.9226880073547363,0.0166,0.0215,1.0035,0,True
91,Gated_MLA,0,1,41,0.9189440011978149,0.0123,0.0311,1.0065,0,True
91,Gated_MLA,0,1,42,0.9042559862136841,0.0229,0.0336,1.0139,0,True
91,Gated_MLA,0,1,43,0.9078720211982727,0.0185,0.0264,1.3679,0,True
91,Gated_MLA,0,1,44,0.9023680090904236,0.0161,0.0295,0.9879,0,True
91,Gated_MLA,0,1,45,0.9010559916496277,0.0142,0.1196,1.1874,0,True
91,Gated_MLA,0,1,46,0.9142400026321411,0.0365,0.028,1.1142,0,True
91,Gated_MLA,0,1,47,0.8971840143203735,0.0302,0.0268,1.0119,0,True
91,Gated_MLA,0,1,48,0.903007984161377,0.0162,0.0287,0.9973,0,True
91,Gated_MLA,0,1,49,0.9045439958572388,0.0143,0.0284,0.9846,0,True
91,Gated_MLA,0,1,50,0.9035199880599976,0.0157,0.029,0.9835,0,True
91,Gated_MLA,0,1,51,0.9058240056037903,0.0178,0.0538,1.0227,0,True
91,Gated_MLA,0,1,52,0.9068160057067871,0.2318,0.0286,1.2198,0,True
91,Gated_MLA,0,1,53,0.9030399918556213,0.0175,0.0287,0.9865,0,True
91,Gated_MLA,0,1,54,0.9020159840583801,0.0148,0.0292,0.9799,0,True
91,Gated_MLA,0,1,55,0.9051839709281921,0.0129,0.0284,0.9875,0,True
91,Gated_MLA,0,1,56,0.9233599901199341,0.017,0.0286,1.0162,0,True
91,Gated_MLA,0,1,57,0.9023360013961792,0.0164,0.0274,0.9805,0,True
91,Gated_MLA,0,1,58,0.9049919843673706,0.0246,0.03,1.0117,0,True
91,Gated_MLA,0,1,59,0.9281280040740967,0.0179,0.0286,1.0167,0,True
91,Gated_MLA,0,1,60,0.9043840169906616,0.0161,0.0287,0.9853,0,True
91,Gated_MLA,0,1,61,0.9045439958572388,0.0154,0.0419,1.0194,0,True
91,Gated_MLA,0,1,62,0.9052159786224365,0.0205,0.0733,1.1026,0,True
91,Gated_MLA,0,1,63,0.9100480079650879,0.0253,0.041,1.1105,0,True
91,Gated_MLA,0,1,64,0.9093440175056458,0.0241,0.0291,1.0254,0,True
91,Gated_MLA,0,1,65,0.9035519957542419,0.0177,0.0285,0.9887,0,True
91,Gated_MLA,0,1,66,0.9031680226325989,0.0173,0.0288,0.9847,0,True
91,Gated_MLA,0,1,67,0.9032959938049316,0.016,0.0344,0.9929,0,True
91,Gated_MLA,0,1,68,0.9014719724655151,0.0141,0.0284,0.9804,0,True
91,Gated_MLA,0,1,69,0.8945919871330261,0.0142,0.0302,0.9786,0,True
91,Gated_MLA,0,1,70,0.9025279879570007,0.0119,0.0541,1.0385,0,True
91,Gated_MLA,0,1,71,0.9108800292015076,0.0262,0.0286,1.0365,0,True
91,Gated_MLA,0,1,72,0.9038079977035522,0.0158,0.0282,0.9949,0,True
91,Gated_MLA,0,1,73,0.9028480052947998,0.0161,0.0294,0.988,0,True
91,Gated_MLA,0,1,74,0.9040639996528625,0.0177,0.0288,0.9891,0,True
91,Gated_MLA,0,1,75,0.9026560187339783,0.0171,0.0283,0.9837,0,True
91,Gated_MLA,0,1,76,0.9023680090904236,0.0134,0.0546,1.0698,0,True
91,Gated_MLA,0,1,77,0.9103360176086426,0.0288,0.0442,1.0961,0,True
91,Gated_MLA,0,1,78,0.9060159921646118,0.021,0.0269,1.0164,0,True
91,Gated_MLA,0,1,79,0.8920639753341675,0.0139,0.0276,0.9752,0,True
91,Gated_MLA,0,1,80,0.9020479917526245,0.014,0.0298,0.9831,0,True
91,Gated_MLA,0,1,81,0.9017599821090698,0.0157,0.0299,0.9836,0,True
91,Gated_MLA,0,1,82,0.9022719860076904,0.0133,0.0287,0.9804,0,True
91,Gated_MLA,0,1,83,0.9043200016021729,0.0144,0.027,0.9859,0,True
91,Gated_MLA,0,1,84,0.9045119881629944,0.0162,0.0296,0.9998,0,True
91,Gated_MLA,0,1,85,1.3711999654769897,0.018,0.0953,1.6076,0,True
91,Gated_MLA,0,1,86,0.9189440011978149,0.0299,0.0296,1.062,0,True
91,Gated_MLA,0,1,87,0.8935679793357849,0.0181,0.0298,0.9957,0,True
91,Gated_MLA,0,1,88,0.9275519847869873,0.0191,0.0294,1.02,0,True
91,Gated_MLA,0,1,89,0.9052479863166809,0.0177,0.0291,0.9905,0,True
91,Gated_MLA,0,1,90,0.9043840169906616,0.0163,0.0285,0.9863,0,True
91,Gated_MLA,0,1,91,0.902783989906311,0.0156,0.0332,1.0002,0,True
91,Gated_MLA,0,1,92,0.8946239948272705,0.0198,0.0264,0.9979,0,True
91,Gated_MLA,0,1,93,0.9054080247879028,0.0174,0.0274,0.999,0,True
91,Gated_MLA,0,1,94,0.9045119881629944,0.0181,0.0288,0.995,0,True
91,Gated_MLA,0,1,95,0.9041919708251953,0.068,0.0286,1.0369,0,True
91,Gated_MLA,0,1,96,0.9122560024261475,0.0137,0.0283,0.9883,0,True
91,Gated_MLA,0,1,97,0.903007984161377,0.0153,0.0304,0.9914,0,True
91,Gated_MLA,0,1,98,0.8930559754371643,0.0274,0.0293,1.0007,0,True
91,Gated_MLA,0,1,99,0.8927680253982544,0.0134,0.0405,1.0068,0,True
91,Gated_MLA,0,1,100,1.2346559762954712,0.0196,0.0382,1.3603,0,True
91,Gated_MLA,0,1,101,0.9056640267372131,0.017,0.0294,1.0045,0,True
91,Gated_MLA,0,1,102,0.8927680253982544,0.0146,0.0298,0.9762,0,True
91,Gated_MLA,0,1,103,0.9019520282745361,0.0147,0.0285,0.9794,0,True
91,Gated_MLA,0,1,104,0.9014719724655151,0.0148,0.0284,0.9786,0,True
91,Gated_MLA,0,1,105,0.9026240110397339,0.0156,0.0282,0.9807,0,True
91,Gated_MLA,0,1,106,0.8917760252952576,0.0154,0.0263,0.9726,0,True
91,Gated_MLA,0,1,107,0.9040960073471069,0.0138,0.0279,0.9842,0,True
91,Gated_MLA,0,1,108,0.9234880208969116,0.0132,0.0294,1.0081,0,True
91,Gated_MLA,0,1,109,0.9248639941215515,0.0231,0.0292,1.0225,0,True
91,Gated_MLA,0,1,110,0.9028800129890442,0.0181,0.0286,0.9933,0,True
91,Gated_MLA,0,1,111,0.9025920033454895,0.0546,0.0275,1.0198,0,True
91,Gated_MLA,0,1,112,0.9043520092964172,0.029,0.028,0.9949,0,True
91,Gated_MLA,0,1,113,0.9050559997558594,0.0538,0.0275,1.0199,0,True
91,Gated_MLA,0,1,114,0.9027199745178223,0.0149,0.0287,0.9794,0,True
91,Gated_MLA,0,1,115,0.9022719860076904,0.0146,0.0282,0.9784,0,True
91,Gated_MLA,0,1,116,0.9011200070381165,0.0114,0.03,0.9757,0,True
91,Gated_MLA,0,1,117,0.9029759764671326,0.0145,0.028,0.9818,0,True
91,Gated_MLA,0,1,118,0.9014400243759155,0.0143,0.0287,0.9791,0,True
91,Gated_MLA,0,1,119,0.9035519957542419,0.0149,0.0297,0.9882,0,True
91,Gated_MLA,0,1,120,0.9016640186309814,0.0143,0.0307,0.9798,0,True
91,Gated_MLA,0,1,121,0.9017919898033142,0.0134,0.028,0.9781,0,True
91,Gated_MLA,0,1,122,0.9192320108413696,0.0144,0.0934,1.1368,0,True
91,Gated_MLA,0,1,123,0.910368025302887,0.0244,0.0797,1.1549,0,True
91,Gated_MLA,0,1,124,0.9122880101203918,0.0302,0.0294,1.0496,0,True
91,Gated_MLA,0,1,125,1.3272639513015747,0.0193,0.0299,1.4304,0,True
91,Gated_MLA,0,1,126,0.9268800020217896,0.0207,0.0296,1.0216,0,True
91,Gated_MLA,0,1,127,0.9040319919586182,0.0176,0.0294,0.9931,0,True
91,Gated_MLA,0,1,128,0.9043840169906616,0.0182,0.0363,1.0116,0,True
91,Gated_MLA,0,1,129,0.9055359959602356,0.0194,0.0294,1.0039,0,True
91,Gated_MLA,0,1,130,0.9036800265312195,0.0167,0.0292,0.9944,0,True
91,Gated_MLA,0,1,131,0.9036800265312195,0.0184,0.0378,1.0119,0,True
91,Gated_MLA,0,1,132,1.287168025970459,0.0194,0.037,1.4144,0,True
91,Gated_MLA,0,1,133,0.9066240191459656,0.0242,0.0826,1.1327,0,True
91,Gated_MLA,0,1,134,0.9162560105323792,0.0292,0.2849,2.1308,0,True
91,Gated_MLA,0,1,135,0.9177280068397522,0.0747,0.0548,1.281,0,True
91,Gated_MLA,0,1,136,0.9459519982337952,0.1974,0.0885,1.5589,0,True
91,Gated_MLA,0,1,137,0.9147840142250061,0.0449,0.0564,1.1374,0,True
91,Gated_MLA,0,1,138,0.9171199798583984,0.0509,0.0756,1.1937,0,True
91,Gated_MLA,0,1,139,0.9121599793434143,0.025,0.0301,1.0417,0,True
91,Gated_MLA,0,1,140,0.9331520199775696,0.0196,0.0619,1.1176,0,True
91,Gated_MLA,0,1,141,0.9118080139160156,0.0318,0.0439,1.082,0,True
91,Gated_MLA,0,1,142,0.9138240218162537,0.0285,0.087,1.1572,0,True
91,Gated_MLA,0,1,143,0.9213759899139404,0.0393,0.0811,1.2223,0,True
91,Gated_MLA,0,1,144,0.9111999869346619,0.0346,0.0286,1.0454,0,True
91,Gated_MLA,0,1,145,0.9106240272521973,0.0162,0.0291,1.0001,0,True
91,Gated_MLA,0,1,146,0.902463972568512,0.0155,0.0294,0.9978,0,True
91,Gated_MLA,0,1,147,0.9015359878540039,0.0176,0.0453,1.1491,0,True
91,Gated_MLA,0,1,148,0.9152960181236267,0.0522,0.0321,1.0859,0,True
91,Gated_MLA,0,1,149,0.9053120017051697,0.0192,0.0979,1.1453,0,True
91,Gated_MLA,0,1,150,0.9305920004844666,0.0566,0.0599,1.1746,0,True
91,Gated_MLA,0,1,151,0.9015359878540039,0.188,0.052,1.3644,0,True
91,Gated_MLA,0,1,152,0.9017919898033142,0.2167,0.0543,1.2706,0,True
91,Gated_MLA,0,1,153,0.9109439849853516,0.0275,0.0284,1.0385,0,True
91,Gated_MLA,0,1,154,0.9046720266342163,0.0174,0.0299,1.0014,0,True
91,Gated_MLA,0,1,155,0.9034879803657532,0.0158,0.0293,0.9961,0,True
91,Gated_MLA,0,1,156,0.9048640131950378,0.019,0.0758,1.081,0,True
91,Gated_MLA,0,1,157,0.9113600254058838,0.0277,0.0299,1.0506,0,True
91,Gated_MLA,0,1,158,0.9048640131950378,0.0168,0.0282,0.9985,0,True
91,Gated_MLA,0,1,159,0.9032639861106873,0.0149,0.0495,1.0336,0,True
91,Gated_MLA,0,1,160,0.907263994216919,0.027,0.062,1.0919,0,True
91,Gated_MLA,0,1,161,0.9077439904212952,0.0259,0.0294,1.0283,0,True
91,Gated_MLA,0,1,162,0.9021440148353577,0.0191,0.0486,1.035,0,True
91,Gated_MLA,0,1,163,0.9049280285835266,0.028,0.0648,1.0962,0,True
91,Gated_MLA,0,1,164,0.9086719751358032,0.0274,0.0296,1.0305,0,True
91,Gated_MLA,0,1,165,0.9012479782104492,0.0174,0.0288,0.9975,0,True
91,Gated_MLA,0,1,166,0.9053120017051697,0.0184,0.0286,0.9917,0,True
91,Gated_MLA,0,1,167,0.9022719860076904,0.0157,0.0292,0.9849,0,True
91,Gated_MLA,0,1,168,0.9016320109367371,0.0164,0.0291,0.9853,0,True
91,Gated_MLA,0,1,169,0.9034879803657532,0.017,0.0288,0.9846,0,True
91,Gated_MLA,0,1,170,0.903872013092041,0.016,0.0283,0.9816,0,True
91,Gated_MLA,0,1,171,0.9036800265312195,0.0174,0.029,0.985,0,True
91,Gated_MLA,0,1,172,0.9019839763641357,0.0156,0.0286,0.9799,0,True
91,Gated_MLA,0,1,173,0.9052799940109253,0.0305,0.0293,1.0182,0,True
91,Gated_MLA,0,1,174,0.9134399890899658,0.0185,0.0285,1.0004,0,True
91,Gated_MLA,0,1,175,0.9020799994468689,0.0161,0.0288,0.9883,0,True
91,Gated_MLA,0,1,176,1.1841599941253662,0.0179,0.031,1.2834,0,True
91,Gated_MLA,0,1,177,0.9062719941139221,0.0256,0.0641,1.091,0,True
91,Gated_MLA,0,1,178,0.9130880236625671,0.0288,0.0865,1.1568,0,True
91,Gated_MLA,0,1,179,0.914687991142273,0.0271,0.0292,1.0529,0,True
91,Gated_MLA,0,1,180,0.9321920275688171,0.018,0.0296,1.022,0,True
91,Gated_MLA,0,1,181,0.9019200205802917,0.024,0.0289,0.9958,0,True
91,Gated_MLA,0,1,182,0.900160014629364,0.0193,0.0289,0.984,0,True
91,Gated_MLA,0,1,183,0.9014400243759155,0.0538,0.0287,1.0236,0,True
91,Gated_MLA,0,1,184,0.9014080166816711,0.0159,0.0283,0.9794,0,True
91,Gated_MLA,0,1,185,0.9030399918556213,0.0156,0.0283,0.9798,0,True
91,Gated_MLA,0,1,186,0.9045119881629944,0.0167,0.0283,0.9901,0,True
91,Gated_MLA,0,1,187,0.9036160111427307,0.0301,0.0278,0.9959,0,True
91,Gated_MLA,0,1,188,0.9037759900093079,0.0152,0.0286,0.9837,0,True
91,Gated_MLA,0,1,189,0.9004160165786743,0.0153,0.0283,0.9782,0,True
91,Gated_MLA,0,1,190,0.9036800265312195,0.0156,0.029,0.9825,0,True
91,Gated_MLA,0,1,191,0.8934080004692078,0.0164,0.0303,0.9894,0,True
91,Gated_MLA,0,1,192,1.2653119564056396,0.0189,0.072,1.4581,0,True
91,Gated_MLA,0,1,193,0.9139840006828308,0.0293,0.0725,1.137,0,True
91,Gated_MLA,0,1,194,0.9138240218162537,0.0231,0.0293,1.0337,0,True
91,Gated_MLA,0,1,195,0.9047999978065491,0.0179,0.0292,0.9909,0,True
91,Gated_MLA,0,1,196,0.9018239974975586,0.0172,0.0284,0.9826,0,True
91,Gated_MLA,0,1,197,0.9043840169906616,0.0161,0.0287,0.985,0,True
91,Gated_MLA,0,1,198,0.9039040207862854,0.015,0.0306,0.9831,0,True
91,Gated_MLA,0,1,199,0.9175040125846863,0.0658,0.0283,1.0625,0,True
91,Gated_MLA,0,2,0,1.7394880056381226,0.0196,0.0875,2.0892,0,True
91,Gated_MLA,0,2,1,1.7747199535369873,0.0526,0.0499,1.987,0,True
91,Gated_MLA,0,2,2,1.7435519695281982,0.0269,0.03,1.8709,0,True
91,Gated_MLA,0,2,3,1.7485120296478271,0.0196,0.0308,1.8464,0,True
91,Gated_MLA,0,2,4,1.7396479845046997,0.0221,0.0301,1.845,0,True
91,Gated_MLA,0,2,5,1.747648000717163,0.0182,0.0297,1.8376,0,True
91,Gated_MLA,0,2,6,1.746783971786499,0.0184,0.0306,1.8364,0,True
91,Gated_MLA,0,2,7,1.7480640411376953,0.0145,0.0307,1.8379,0,True
91,Gated_MLA,0,2,8,1.7472319602966309,0.0187,0.0478,1.8822,0,True
91,Gated_MLA,0,2,9,2.122528076171875,0.0279,0.0466,2.2788,0,True
91,Gated_MLA,0,2,10,1.7535680532455444,0.0205,0.0384,1.8952,0,True
91,Gated_MLA,0,2,11,1.7498879432678223,0.0213,0.0875,2.0096,0,True
91,Gated_MLA,0,2,12,1.7535040378570557,0.0304,0.0725,1.993,0,True
91,Gated_MLA,0,2,13,1.7553280591964722,0.0273,0.0381,1.9165,0,True
91,Gated_MLA,0,2,14,1.7477439641952515,0.0247,0.0697,1.9421,0,True
91,Gated_MLA,0,2,15,1.755679965019226,0.031,0.0788,2.0278,0,True
91,Gated_MLA,0,2,16,1.769536018371582,0.073,0.2143,2.409,0,True
91,Gated_MLA,0,2,17,2.1990718841552734,0.0695,0.0846,2.5422,0,True
91,Gated_MLA,0,2,18,1.7625919580459595,0.1326,0.1544,2.2876,0,True
91,Gated_MLA,0,2,19,1.7343039512634277,0.1598,0.0765,2.3658,0,True
91,Gated_MLA,0,2,20,1.7562559843063354,0.0323,0.0305,1.9195,0,True
91,Gated_MLA,0,2,21,1.7417279481887817,0.023,0.0331,1.8671,0,True
91,Gated_MLA,0,2,22,1.7492799758911133,0.0195,0.0359,1.8756,0,True
91,Gated_MLA,0,2,23,1.7507519721984863,0.0202,0.0342,1.875,0,True
91,Gated_MLA,0,2,24,1.7405439615249634,0.019,0.0699,1.9274,0,True
91,Gated_MLA,0,2,25,1.745919942855835,0.0286,0.0762,2.0341,0,True
91,Gated_MLA,0,2,26,1.7707200050354004,0.0619,0.0845,2.0772,0,True
91,Gated_MLA,0,2,27,1.7581759691238403,0.0463,0.0375,1.9639,0,True
91,Gated_MLA,0,2,28,1.7496320009231567,0.025,0.0371,1.8917,0,True
91,Gated_MLA,0,2,29,1.739840030670166,0.0201,0.0339,1.8597,0,True
91,Gated_MLA,0,2,30,1.74835205078125,0.0209,0.0415,1.8889,0,True
91,Gated_MLA,0,2,31,1.7431360483169556,0.0259,0.0393,1.8863,0,True
91,Gated_MLA,0,2,32,1.7400000095367432,0.0217,0.0302,1.8652,0,True
91,Gated_MLA,0,2,33,1.742527961730957,0.0177,0.0301,1.8483,0,True
91,Gated_MLA,0,2,34,2.564095973968506,0.0181,0.1422,2.9148,0,True
91,Gated_MLA,0,2,35,1.751263976097107,0.1193,0.0812,2.4036,0,True
91,Gated_MLA,0,2,36,1.7603520154953003,0.095,0.0818,2.0875,0,True
91,Gated_MLA,0,2,37,1.7472319602966309,0.0285,0.0562,1.9404,0,True
91,Gated_MLA,0,2,38,1.74399995803833,0.0277,0.0298,1.879,0,True
91,Gated_MLA,0,2,39,1.7427200078964233,0.0742,0.033,1.9386,0,True
91,Gated_MLA,0,2,40,1.7479039430618286,0.0277,0.1253,2.0369,0,True
91,Gated_MLA,0,2,41,1.7611199617385864,0.0316,0.0808,2.0268,0,True
91,Gated_MLA,0,2,42,1.7700480222702026,0.1467,0.0558,2.0894,0,True
91,Gated_MLA,0,2,43,1.7541120052337646,0.4584,0.0412,2.3359,0,True
91,Gated_MLA,0,2,44,1.7405760288238525,0.0199,0.0628,1.9227,0,True
91,Gated_MLA,0,2,45,1.7453759908676147,0.027,0.0312,1.8804,0,True
91,Gated_MLA,0,2,46,1.7479039430618286,0.0171,0.0297,1.8498,0,True
91,Gated_MLA,0,2,47,1.7403520345687866,0.0163,0.0315,1.8464,0,True
91,Gated_MLA,0,2,48,1.760864019393921,0.0194,0.037,1.8867,0,True
91,Gated_MLA,0,2,49,1.75273597240448,0.0373,0.042,1.9072,0,True
91,Gated_MLA,0,2,50,1.7424639463424683,0.0179,0.0617,1.9214,0,True
91,Gated_MLA,0,2,51,1.7473599910736084,0.148,0.0297,2.0082,0,True
91,Gated_MLA,0,2,52,1.7485120296478271,0.0176,0.0301,1.8529,0,True
91,Gated_MLA,0,2,53,1.7485120296478271,0.0181,0.0301,1.844,0,True
91,Gated_MLA,0,2,54,1.75872004032135,0.0183,0.0599,1.919,0,True
91,Gated_MLA,0,2,55,1.755776047706604,0.0273,0.0481,1.9366,0,True
91,Gated_MLA,0,2,56,2.185215950012207,0.0467,0.0962,2.4742,0,True
91,Gated_MLA,0,2,57,1.7509440183639526,0.0321,0.0309,1.917,0,True
91,Gated_MLA,0,2,58,2.097856044769287,0.0212,0.0422,2.2296,0,True
91,Gated_MLA,0,2,59,1.7541439533233643,0.0216,0.0311,1.8759,0,True
91,Gated_MLA,0,2,60,1.7506239414215088,0.0191,0.0348,1.8771,0,True
91,Gated_MLA,0,2,61,1.764415979385376,0.0203,0.0309,1.871,0,True
91,Gated_MLA,0,2,62,1.7479360103607178,0.0191,0.0381,1.8696,0,True
91,Gated_MLA,0,2,63,1.7547199726104736,0.0206,0.033,1.8852,0,True
91,Gated_MLA,0,2,64,2.1304640769958496,0.0191,0.0306,2.2489,0,True
91,Gated_MLA,0,2,65,1.7605760097503662,0.0173,0.0343,1.8735,0,True
91,Gated_MLA,0,2,66,1.7566720247268677,0.0171,0.0313,1.8557,0,True
91,Gated_MLA,0,2,67,2.113408088684082,0.0181,0.0314,2.2079,0,True
91,Gated_MLA,0,2,68,1.775712013244629,0.0198,0.056,1.9092,0,True
91,Gated_MLA,0,2,69,1.7440639734268188,0.2097,0.0316,2.2128,0,True
91,Gated_MLA,0,2,70,1.7608959674835205,0.0418,0.0675,2.2307,0,True
91,Gated_MLA,0,2,71,1.7618240118026733,0.0319,0.0303,1.9111,0,True
91,Gated_MLA,0,2,72,1.772704005241394,0.021,0.031,1.881,0,True
91,Gated_MLA,0,2,73,1.7740479707717896,0.0193,0.0297,1.8703,0,True
91,Gated_MLA,0,2,74,1.7648320198059082,0.0172,0.0289,1.8613,0,True
91,Gated_MLA,0,2,75,1.7597440481185913,0.0144,0.0838,1.9605,0,True
91,Gated_MLA,0,2,76,1.7583680152893066,0.0953,0.0561,2.0296,0,True
91,Gated_MLA,0,2,77,1.760032057762146,0.0255,0.0884,2.0341,0,True
91,Gated_MLA,0,2,78,1.760864019393921,0.0378,0.0518,1.9533,0,True
91,Gated_MLA,0,2,79,1.7523839473724365,0.0287,0.0316,1.8981,0,True
91,Gated_MLA,0,2,80,1.7619520425796509,0.0195,0.0298,1.8648,0,True
91,Gated_MLA,0,2,81,1.7567039728164673,0.0194,0.0301,1.8554,0,True
91,Gated_MLA,0,2,82,1.7728639841079712,0.0184,0.0297,1.8775,0,True
91,Gated_MLA,0,2,83,1.7580480575561523,0.0174,0.0966,1.9743,0,True
91,Gated_MLA,0,2,84,1.7671040296554565,0.1069,0.0899,2.1041,0,True
91,Gated_MLA,0,2,85,1.7569279670715332,0.1225,0.0316,1.9961,0,True
91,Gated_MLA,0,2,86,1.8152960538864136,0.0171,0.0327,1.9279,0,True
91,Gated_MLA,0,2,87,1.7578239440917969,0.0214,0.0307,1.872,0,True
91,Gated_MLA,0,2,88,1.755903959274292,0.0179,0.0309,1.8579,0,True
91,Gated_MLA,0,2,89,1.763584017753601,0.0224,0.0307,1.8605,0,True
91,Gated_MLA,0,2,90,1.7552319765090942,0.0187,0.0294,1.8527,0,True
91,Gated_MLA,0,2,91,1.7565759420394897,0.0161,0.0306,1.8552,0,True
91,Gated_MLA,0,2,92,2.35481595993042,0.0174,0.0494,2.5258,0,True
91,Gated_MLA,0,2,93,1.7652159929275513,0.0232,0.0512,1.9196,0,True
91,Gated_MLA,0,2,94,1.7505279779434204,0.2137,0.0322,2.0684,0,True
91,Gated_MLA,0,2,95,1.7492480278015137,0.0169,0.0307,1.8502,0,True
91,Gated_MLA,0,2,96,1.7549439668655396,0.0175,0.0309,1.8757,0,True
91,Gated_MLA,0,2,97,1.757472038269043,0.0186,0.0299,1.8597,0,True
91,Gated_MLA,0,2,98,1.748576045036316,0.0179,0.0311,1.8461,0,True
91,Gated_MLA,0,2,99,1.7450239658355713,0.0179,0.0298,1.8407,0,True
91,Gated_MLA,0,2,100,1.7591999769210815,0.0168,0.1117,2.0374,0,True
91,Gated_MLA,0,2,101,1.7747520208358765,0.035,0.0702,2.0294,0,True
91,Gated_MLA,0,2,102,1.7612160444259644,0.0249,0.0312,1.902,0,True
91,Gated_MLA,0,2,103,2.1700479984283447,0.0186,0.0377,2.295,0,True
91,Gated_MLA,0,2,104,1.7520320415496826,0.0198,0.031,1.86,0,True
91,Gated_MLA,0,2,105,1.7570240497589111,0.0156,0.0335,1.8641,0,True
91,Gated_MLA,0,2,106,1.7583680152893066,0.0169,0.0302,1.8671,0,True
91,Gated_MLA,0,2,107,1.7485439777374268,0.0196,0.0301,1.8457,0,True
91,Gated_MLA,0,2,108,1.7541439533233643,0.0171,0.0287,1.8433,0,True
91,Gated_MLA,0,2,109,2.116863965988159,0.0258,0.0934,2.3616,0,True
91,Gated_MLA,0,2,110,1.773535966873169,0.0342,0.0889,2.0573,0,True
91,Gated_MLA,0,2,111,1.7591999769210815,0.3567,0.0458,2.2993,0,True
91,Gated_MLA,0,2,112,1.7492480278015137,0.0244,0.0297,1.8976,0,True
91,Gated_MLA,0,2,113,1.7668800354003906,0.0192,0.0332,1.8691,0,True
91,Gated_MLA,0,2,114,1.7992960214614868,0.0183,0.0312,1.8953,0,True
91,Gated_MLA,0,2,115,1.7653440237045288,0.0178,0.0323,1.8604,0,True
91,Gated_MLA,0,2,116,1.7659519910812378,0.0186,0.0302,1.8612,0,True
91,Gated_MLA,0,2,117,1.7667839527130127,0.0181,0.0606,1.9211,0,True
91,Gated_MLA,0,2,118,1.782080054283142,0.0314,0.0738,2.0122,0,True
91,Gated_MLA,0,2,119,1.7990399599075317,0.0523,0.0551,2.0295,0,True
91,Gated_MLA,0,2,120,1.7892160415649414,0.0461,0.0713,2.0378,0,True
91,Gated_MLA,0,2,121,1.7793920040130615,0.039,0.0286,1.9237,0,True
91,Gated_MLA,0,2,122,1.7755839824676514,0.0164,0.031,1.8802,0,True
91,Gated_MLA,0,2,123,1.7642240524291992,0.0174,0.0296,1.8687,0,True
91,Gated_MLA,0,2,124,1.776319980621338,0.0183,0.0318,1.8917,0,True
91,Gated_MLA,0,2,125,1.7785600423812866,0.0207,0.1187,2.0822,0,True
91,Gated_MLA,0,2,126,1.7749119997024536,0.1022,0.1046,2.1319,0,True
91,Gated_MLA,0,2,127,1.7741440534591675,0.0433,0.0318,1.9414,0,True
91,Gated_MLA,0,2,128,1.7747199535369873,0.0192,0.0644,1.954,0,True
91,Gated_MLA,0,2,129,1.779039978981018,0.0292,0.0294,1.9207,0,True
91,Gated_MLA,0,2,130,1.7650879621505737,0.0192,0.0309,1.8886,0,True
91,Gated_MLA,0,2,131,1.7648639678955078,0.0203,0.0304,1.8732,0,True
91,Gated_MLA,0,2,132,1.7631360292434692,0.0312,0.0298,1.8834,0,True
91,Gated_MLA,0,2,133,1.775264024734497,0.0205,0.0705,2.0045,0,True
91,Gated_MLA,0,2,134,1.793280005455017,0.0702,0.1081,2.1717,0,True
91,Gated_MLA,0,2,135,2.266432046890259,0.0586,0.08,2.5753,0,True
91,Gated_MLA,0,2,136,1.7848960161209106,0.0314,0.0595,2.0064,0,True
91,Gated_MLA,0,2,137,1.7724800109863281,0.1129,0.0571,2.0355,0,True
91,Gated_MLA,0,2,138,1.7621439695358276,0.2214,0.0329,2.2566,0,True
91,Gated_MLA,0,2,139,1.7812800407409668,0.0206,0.0294,1.8924,0,True
91,Gated_MLA,0,2,140,1.7801599502563477,0.0204,0.029,1.9136,0,True
91,Gated_MLA,0,2,141,1.7662080526351929,0.0193,0.0783,1.9698,0,True
91,Gated_MLA,0,2,142,2.6572799682617188,0.0417,0.0923,2.9533,0,True
91,Gated_MLA,0,2,143,1.804352045059204,0.0425,0.0293,1.9742,0,True
91,Gated_MLA,0,2,144,1.7688959836959839,0.0184,0.0309,1.8774,0,True
91,Gated_MLA,0,2,145,1.7976319789886475,0.0194,0.0315,1.9025,0,True
91,Gated_MLA,0,2,146,1.7770240306854248,0.0171,0.0323,1.8878,0,True
91,Gated_MLA,0,2,147,1.7765439748764038,0.0168,0.0305,1.8908,0,True
91,Gated_MLA,0,2,148,1.7751359939575195,0.0173,0.0287,1.8764,0,True
91,Gated_MLA,0,2,149,1.7779840230941772,0.0208,0.0319,1.9127,0,True
91,Gated_MLA,0,2,150,1.774176001548767,0.0174,0.0766,2.0902,0,True
91,Gated_MLA,0,2,151,2.270848035812378,0.2738,0.0605,2.7644,0,True
91,Gated_MLA,0,2,152,1.7850240468978882,0.0296,0.0315,1.9384,0,True
91,Gated_MLA,0,2,153,1.7957760095596313,0.0204,0.0292,1.9035,0,True
91,Gated_MLA,0,2,154,1.7760000228881836,0.0184,0.0297,1.8799,0,True
91,Gated_MLA,0,2,155,1.7638720273971558,0.0184,0.0306,1.8652,0,True
91,Gated_MLA,0,2,156,1.765887975692749,0.0166,0.0726,1.951,0,True
91,Gated_MLA,0,2,157,1.7901760339736938,0.0544,0.0508,2.008,0,True
91,Gated_MLA,0,2,158,1.7860159873962402,0.0253,0.0717,2.0053,0,True
91,Gated_MLA,0,2,159,1.7850559949874878,0.2746,0.0476,2.2163,0,True
91,Gated_MLA,0,2,160,1.769152045249939,0.0316,0.0305,1.9047,0,True
91,Gated_MLA,0,2,161,2.1918718814849854,0.0178,0.0416,2.3242,0,True
91,Gated_MLA,0,2,162,1.7685120105743408,0.0191,0.0441,1.9121,0,True
91,Gated_MLA,0,2,163,1.7764480113983154,0.0198,0.0302,1.8925,0,True
91,Gated_MLA,0,2,164,1.775488018989563,0.0185,0.0312,1.8828,0,True
91,Gated_MLA,0,2,165,1.7763839960098267,0.0184,0.0306,1.8819,0,True
91,Gated_MLA,0,2,166,1.7770240306854248,0.017,0.0761,1.981,0,True
91,Gated_MLA,0,2,167,2.228895902633667,0.1141,0.0828,2.5785,0,True
91,Gated_MLA,0,2,168,1.790112018585205,0.0349,0.0312,1.9424,0,True
91,Gated_MLA,0,2,169,1.7899199724197388,0.0195,0.0307,1.8907,0,True
91,Gated_MLA,0,2,170,1.7627840042114258,0.0201,0.0305,1.8626,0,True
91,Gated_MLA,0,2,171,1.7923200130462646,0.0181,0.0767,1.99,0,True
91,Gated_MLA,0,2,172,1.789952039718628,0.0548,0.0769,2.0623,0,True
91,Gated_MLA,0,2,173,2.1537280082702637,0.0292,0.0309,2.2985,0,True
91,Gated_MLA,0,2,174,1.8009920120239258,0.0195,0.0537,1.9456,0,True
91,Gated_MLA,0,2,175,1.768671989440918,0.4215,0.1113,2.4294,0,True
91,Gated_MLA,0,2,176,1.7833280563354492,0.0863,0.072,2.1174,0,True
91,Gated_MLA,0,2,177,1.7755839824676514,0.0257,0.0314,1.9322,0,True
91,Gated_MLA,0,2,178,1.7895679473876953,0.0193,0.0302,1.8886,0,True
91,Gated_MLA,0,2,179,1.7746880054473877,0.0178,0.031,1.8757,0,True
91,Gated_MLA,0,2,180,1.766111969947815,0.0237,0.0309,1.8755,0,True
91,Gated_MLA,0,2,181,1.7665599584579468,0.0177,0.0287,1.8665,0,True
91,Gated_MLA,0,2,182,1.788256049156189,0.0194,0.0816,2.0099,0,True
91,Gated_MLA,0,2,183,2.228192090988159,0.1039,0.0299,2.4657,0,True
91,Gated_MLA,0,2,184,1.7963839769363403,0.0213,0.1048,2.074,0,True
91,Gated_MLA,0,2,185,1.7861119508743286,0.0311,0.0315,1.953,0,True
91,Gated_MLA,0,2,186,1.7654720544815063,0.0196,0.0297,1.8695,0,True
91,Gated_MLA,0,2,187,1.77510404586792,0.0168,0.0304,1.8736,0,True
91,Gated_MLA,0,2,188,1.784000039100647,0.0173,0.0332,1.89,0,True
91,Gated_MLA,0,2,189,1.7760640382766724,0.032,0.0299,1.9002,0,True
91,Gated_MLA,0,2,190,1.7739839553833008,0.0215,0.07,1.9673,0,True
91,Gated_MLA,0,2,191,2.7120959758758545,0.0316,0.0458,2.89,0,True
91,Gated_MLA,0,2,192,1.7661759853363037,0.024,0.0312,1.8964,0,True
91,Gated_MLA,0,2,193,1.7992000579833984,0.0207,0.0311,1.9198,0,True
91,Gated_MLA,0,2,194,1.7691199779510498,0.0209,0.0798,1.9777,0,True
91,Gated_MLA,0,2,195,1.7740800380706787,0.0293,0.0292,1.9199,0,True
91,Gated_MLA,0,2,196,1.7737280130386353,0.0178,0.0304,1.8758,0,True
91,Gated_MLA,0,2,197,1.7634559869766235,0.0189,0.0298,1.8621,0,True
91,Gated_MLA,0,2,198,1.7739839553833008,0.0182,0.0304,1.9138,0,True
91,Gated_MLA,0,2,199,1.7815040349960327,0.0516,0.0526,2.0106,0,True
91,Gated_MLA,0,4,0,3.966464042663574,0.0201,0.0921,4.2024,0,True
91,Gated_MLA,0,4,1,3.952224016189575,0.0335,0.0569,4.1764,0,True
91,Gated_MLA,0,4,2,3.483583927154541,0.0272,0.0361,3.6339,0,True
91,Gated_MLA,0,4,3,3.475615978240967,0.0207,0.038,3.6085,0,True
91,Gated_MLA,0,4,4,3.477855920791626,0.0285,0.0656,3.6804,0,True
91,Gated_MLA,0,4,5,4.344448089599609,0.2573,0.0454,4.7681,0,True
91,Gated_MLA,0,4,6,3.4779839515686035,0.0242,0.0457,3.6396,0,True
91,Gated_MLA,0,4,7,3.4780800342559814,0.0312,0.0448,3.6579,0,True
91,Gated_MLA,0,4,8,3.4781761169433594,0.0222,0.0731,3.6923,0,True
91,Gated_MLA,0,4,9,4.231647968292236,0.0316,0.0831,4.5621,0,True
91,Gated_MLA,0,4,10,3.4892799854278564,0.0987,0.0354,3.7272,0,True
91,Gated_MLA,0,4,11,3.475231885910034,0.0206,0.0342,3.5996,0,True
91,Gated_MLA,0,4,12,3.4737279415130615,0.0191,0.0497,3.6234,0,True
91,Gated_MLA,0,4,13,4.016736030578613,0.0231,0.0942,4.2877,0,True
91,Gated_MLA,0,4,14,3.497056007385254,0.0935,0.0365,3.7495,0,True
91,Gated_MLA,0,4,15,3.477344036102295,0.0208,0.0335,3.6064,0,True
91,Gated_MLA,0,4,16,3.4753599166870117,0.0199,0.0363,3.6006,0,True
91,Gated_MLA,0,4,17,3.9580159187316895,0.0196,0.057,4.1025,0,True
91,Gated_MLA,0,4,18,3.9423038959503174,0.1021,0.0343,4.1482,0,True
91,Gated_MLA,0,4,19,3.4752960205078125,0.0203,0.0331,3.5901,0,True
91,Gated_MLA,0,4,20,3.4818880558013916,0.0189,0.0641,3.6586,0,True
91,Gated_MLA,0,4,21,3.4817919731140137,0.0278,0.0796,3.7367,0,True
91,Gated_MLA,0,4,22,3.991744041442871,0.1027,0.0622,4.3248,0,True
91,Gated_MLA,0,4,23,3.488032102584839,0.0268,0.0417,3.6649,0,True
91,Gated_MLA,0,4,24,3.4805119037628174,0.0223,0.0445,3.6388,0,True
91,Gated_MLA,0,4,25,4.333151817321777,0.0278,0.0481,4.5149,0,True
91,Gated_MLA,0,4,26,4.134399890899658,0.0235,0.0954,4.4132,0,True
91,Gated_MLA,0,4,27,3.8989760875701904,0.0362,0.0721,4.1653,0,True
91,Gated_MLA,0,4,28,3.49235200881958,0.0311,0.0617,3.7122,0,True
91,Gated_MLA,0,4,29,3.479935884475708,0.029,0.0332,3.6376,0,True
91,Gated_MLA,0,4,30,3.984384059906006,0.0225,0.0518,4.1542,0,True
91,Gated_MLA,0,4,31,3.4810879230499268,0.0293,0.0338,3.6437,0,True
91,Gated_MLA,0,4,32,3.9052159786224365,0.0237,0.0623,4.0943,0,True
91,Gated_MLA,0,4,33,3.4844799041748047,0.0327,0.0324,3.6419,0,True
91,Gated_MLA,0,4,34,3.971935987472534,0.023,0.0933,4.2305,0,True
91,Gated_MLA,0,4,35,3.4925758838653564,0.1038,0.0735,3.8145,0,True
91,Gated_MLA,0,4,36,3.493760108947754,0.0311,0.0472,3.6972,0,True
91,Gated_MLA,0,4,37,3.4800639152526855,0.0286,0.0338,3.6264,0,True
91,Gated_MLA,0,4,38,3.4787518978118896,0.0257,0.0633,3.6653,0,True
91,Gated_MLA,0,4,39,4.290495872497559,0.0305,0.0515,4.4844,0,True
91,Gated_MLA,0,4,40,3.4797439575195312,0.0238,0.036,3.6305,0,True
91,Gated_MLA,0,4,41,3.477440118789673,0.0241,0.0401,3.624,0,True
91,Gated_MLA,0,4,42,3.478368043899536,0.0305,0.0414,3.6441,0,True
91,Gated_MLA,0,4,43,4.255104064941406,0.0248,0.0546,4.4505,0,True
91,Gated_MLA,0,4,44,3.4842560291290283,0.0246,0.0345,3.6442,0,True
91,Gated_MLA,0,4,45,3.4887359142303467,0.0211,0.0349,3.6327,0,True
91,Gated_MLA,0,4,46,3.475519895553589,0.0296,0.0353,3.6336,0,True
91,Gated_MLA,0,4,47,3.961440086364746,0.0227,0.0718,4.1782,0,True
91,Gated_MLA,0,4,48,3.4836480617523193,0.0943,0.0378,3.7213,0,True
91,Gated_MLA,0,4,49,3.904128074645996,0.0245,0.0363,4.0551,0,True
91,Gated_MLA,0,4,50,3.478559970855713,0.0233,0.0334,3.6125,0,True
91,Gated_MLA,0,4,51,3.9670400619506836,0.0211,0.0794,4.2337,0,True
91,Gated_MLA,0,4,52,3.920959949493408,0.1295,0.1291,4.4809,0,True
91,Gated_MLA,0,4,53,3.5035839080810547,0.0408,0.036,3.724,0,True
91,Gated_MLA,0,4,54,3.4810240268707275,0.021,0.0353,3.625,0,True
91,Gated_MLA,0,4,55,3.4919679164886475,0.0207,0.0935,3.7394,0,True
91,Gated_MLA,0,4,56,3.992959976196289,0.0317,0.0491,4.2011,0,True
91,Gated_MLA,0,4,57,3.482111930847168,0.0247,0.0899,3.7444,0,True
91,Gated_MLA,0,4,58,3.487679958343506,0.0334,0.0607,3.7181,0,True
91,Gated_MLA,0,4,59,3.90067195892334,0.0322,0.0487,4.0875,0,True
91,Gated_MLA,0,4,60,3.9893760681152344,0.0252,0.1097,4.2812,0,True
91,Gated_MLA,0,4,61,3.918720006942749,0.0738,0.067,4.1979,0,True
91,Gated_MLA,0,4,62,3.4815680980682373,0.0254,0.1068,3.7726,0,True
91,Gated_MLA,0,4,63,3.486815929412842,0.0332,0.0682,3.7362,0,True
91,Gated_MLA,0,4,64,4.006400108337402,0.0306,0.1033,4.3269,0,True
91,Gated_MLA,0,4,65,3.4981439113616943,0.0997,0.0347,3.766,0,True
91,Gated_MLA,0,4,66,3.4816319942474365,0.0246,0.0528,3.6484,0,True
91,Gated_MLA,0,4,67,3.883807897567749,0.0214,0.0806,4.11,0,True
91,Gated_MLA,0,4,68,4.482816219329834,0.0323,0.1062,5.1111,0,True
91,Gated_MLA,0,4,69,3.4997119903564453,0.0527,0.098,3.845,0,True
91,Gated_MLA,0,4,70,3.491744041442871,0.0317,0.1145,3.843,0,True
91,Gated_MLA,0,4,71,3.4785919189453125,0.0338,0.0589,3.7267,0,True
91,Gated_MLA,0,4,72,3.874272108078003,0.0301,0.1085,4.1936,0,True
91,Gated_MLA,0,4,73,4.243711948394775,0.1312,0.065,4.7589,0,True
91,Gated_MLA,0,4,74,4.014080047607422,0.0312,0.1213,4.3693,0,True
91,Gated_MLA,0,4,75,3.4938559532165527,0.0364,0.0342,3.6969,0,True
91,Gated_MLA,0,4,76,4.017600059509277,0.0216,0.1095,4.3163,0,True
91,Gated_MLA,0,4,77,3.499840021133423,0.1355,0.0436,3.8195,0,True
91,Gated_MLA,0,4,78,3.480031967163086,0.0246,0.0745,3.7033,0,True
91,Gated_MLA,0,4,79,3.483583927154541,0.0285,0.0493,3.68,0,True
91,Gated_MLA,0,4,80,4.398079872131348,0.1642,0.1045,5.0092,0,True
91,Gated_MLA,0,4,81,3.494112014770508,0.0359,0.0409,3.7014,0,True
91,Gated_MLA,0,4,82,4.002431869506836,0.021,0.713,4.9446,0,True
91,Gated_MLA,0,4,83,3.499135971069336,0.267,0.1168,4.3778,0,True
91,Gated_MLA,0,4,84,4.351391792297363,0.0742,0.1792,5.1158,0,True
91,Gated_MLA,0,4,85,3.5018560886383057,0.1058,0.1198,3.9739,0,True
91,Gated_MLA,0,4,86,3.4937920570373535,0.0353,0.124,3.8896,0,True
91,Gated_MLA,0,4,87,3.4981119632720947,0.0623,0.1163,3.9764,0,True
91,Gated_MLA,0,4,88,4.029600143432617,0.0795,0.0974,4.5613,0,True
91,Gated_MLA,0,4,89,3.4887359142303467,0.0391,0.0571,3.7406,0,True
91,Gated_MLA,0,4,90,3.892575979232788,0.0309,0.0597,4.1125,0,True
91,Gated_MLA,0,4,91,3.479520082473755,0.0953,0.0509,3.742,0,True
91,Gated_MLA,0,4,92,4.158912181854248,0.0233,0.0803,4.4011,0,True
91,Gated_MLA,0,4,93,3.489151954650879,0.0324,0.046,3.7003,0,True
91,Gated_MLA,0,4,94,3.4772799015045166,0.0234,0.0371,3.6261,0,True
91,Gated_MLA,0,4,95,3.4765119552612305,0.0213,0.0386,3.6206,0,True
91,Gated_MLA,0,4,96,3.9242560863494873,0.0217,0.0435,4.077,0,True
91,Gated_MLA,0,4,97,3.983839988708496,0.2332,0.0578,4.3545,0,True
91,Gated_MLA,0,4,98,3.4812159538269043,0.2294,0.0356,3.8121,0,True
91,Gated_MLA,0,4,99,3.493920087814331,0.0199,0.0339,3.6062,0,True
91,Gated_MLA,0,4,100,4.017471790313721,0.0197,0.0803,4.2351,0,True
91,Gated_MLA,0,4,101,3.4954240322113037,0.1243,0.0624,3.8296,0,True
91,Gated_MLA,0,4,102,3.4813120365142822,0.0325,0.0356,3.6525,0,True
91,Gated_MLA,0,4,103,3.4844160079956055,0.0222,0.0373,3.6223,0,True
91,Gated_MLA,0,4,104,3.956511974334717,0.0224,0.1057,4.1973,0,True
91,Gated_MLA,0,4,105,3.9126079082489014,0.0966,0.0415,4.1663,0,True
91,Gated_MLA,0,4,106,3.4791998863220215,0.0235,0.0356,3.6151,0,True
91,Gated_MLA,0,4,107,3.477440118789673,0.0194,0.0355,3.63,0,True
91,Gated_MLA,0,4,108,3.4747519493103027,0.0188,0.0352,3.595,0,True
91,Gated_MLA,0,4,109,4.273375988006592,0.0378,0.0993,4.5589,0,True
91,Gated_MLA,0,4,110,3.4835519790649414,0.0377,0.0353,3.683,0,True
91,Gated_MLA,0,4,111,3.4757440090179443,0.0211,0.0399,3.6219,0,True
91,Gated_MLA,0,4,112,3.4820480346679688,0.0349,0.034,3.6355,0,True
91,Gated_MLA,0,4,113,4.1269121170043945,0.0249,0.0806,4.3578,0,True
91,Gated_MLA,0,4,114,3.488607883453369,0.0323,0.0354,3.6648,0,True
91,Gated_MLA,0,4,115,3.476896047592163,0.0205,0.0337,3.6022,0,True
91,Gated_MLA,0,4,116,3.4772799015045166,0.0186,0.0321,3.5957,0,True
91,Gated_MLA,0,4,117,3.9588799476623535,0.0188,0.0999,4.2333,0,True
91,Gated_MLA,0,4,118,3.9290881156921387,0.0985,0.1265,4.3869,0,True
91,Gated_MLA,0,4,119,3.4990720748901367,0.0313,0.0333,3.6972,0,True
91,Gated_MLA,0,4,120,3.4746880531311035,0.0207,0.034,3.5994,0,True
91,Gated_MLA,0,4,121,3.475167989730835,0.0209,0.076,3.6894,0,True
91,Gated_MLA,0,4,122,4.369120121002197,0.067,0.0787,4.6796,0,True
91,Gated_MLA,0,4,123,3.489311933517456,0.0336,0.0342,3.6575,0,True
91,Gated_MLA,0,4,124,3.477695941925049,0.0201,0.0322,3.602,0,True
91,Gated_MLA,0,4,125,3.4866559505462646,0.0216,0.0666,3.7435,0,True
91,Gated_MLA,0,4,126,3.9967041015625,0.0298,0.1093,4.3285,0,True
91,Gated_MLA,0,4,127,3.493727922439575,0.0997,0.1122,3.9117,0,True
91,Gated_MLA,0,4,128,3.5036160945892334,0.0301,0.036,3.6813,0,True
91,Gated_MLA,0,4,129,3.865151882171631,0.0211,0.0659,4.0564,0,True
91,Gated_MLA,0,4,130,4.001728057861328,0.0246,0.1008,4.2812,0,True
91,Gated_MLA,0,4,131,3.5000319480895996,0.2724,0.0353,3.9196,0,True
91,Gated_MLA,0,4,132,3.4762558937072754,0.0204,0.0365,3.6031,0,True
91,Gated_MLA,0,4,133,3.4745280742645264,0.02,0.0589,3.6463,0,True
91,Gated_MLA,0,4,134,3.968287944793701,0.0294,0.0551,4.1656,0,True
91,Gated_MLA,0,4,135,3.48636794090271,0.0985,0.0329,3.7061,0,True
91,Gated_MLA,0,4,136,3.4774720668792725,0.0218,0.093,3.725,0,True
91,Gated_MLA,0,4,137,3.489759922027588,0.0633,0.0637,3.7814,0,True
91,Gated_MLA,0,4,138,3.4797120094299316,0.0312,0.0539,3.7049,0,True
91,Gated_MLA,0,4,139,4.269375801086426,0.2276,0.0427,4.6491,0,True
91,Gated_MLA,0,4,140,3.4839038848876953,0.0239,0.0857,3.7636,0,True
91,Gated_MLA,0,4,141,3.484800100326538,0.0313,0.0578,3.7487,0,True
91,Gated_MLA,0,4,142,3.4815680980682373,0.0262,0.034,3.6367,0,True
91,Gated_MLA,0,4,143,4.136767864227295,0.0204,0.0955,4.4088,0,True
91,Gated_MLA,0,4,144,3.497567892074585,0.1009,0.0367,3.7559,0,True
91,Gated_MLA,0,4,145,3.476223945617676,0.021,0.0329,3.6027,0,True
91,Gated_MLA,0,4,146,3.4754559993743896,0.0207,0.0352,3.5959,0,True
91,Gated_MLA,0,4,147,4.003200054168701,0.0197,0.0757,4.2118,0,True
91,Gated_MLA,0,4,148,3.496095895767212,0.144,0.0353,3.7768,0,True
91,Gated_MLA,0,4,149,3.4767038822174072,0.0213,0.0342,3.6027,0,True
91,Gated_MLA,0,4,150,3.4733760356903076,0.0184,0.0319,3.5874,0,True
91,Gated_MLA,0,4,151,3.9595839977264404,0.0198,0.0611,4.1026,0,True
91,Gated_MLA,0,4,152,3.48524808883667,0.1062,0.0342,3.6886,0,True
91,Gated_MLA,0,4,153,3.869568109512329,0.0181,0.035,3.9876,0,True
91,Gated_MLA,0,4,154,3.480128049850464,0.021,0.0336,3.6002,0,True
91,Gated_MLA,0,4,155,3.4754879474639893,0.0219,0.0335,3.5889,0,True
91,Gated_MLA,0,4,156,4.253632068634033,0.0232,0.0902,4.4917,0,True
91,Gated_MLA,0,4,157,3.4946560859680176,0.0378,0.0373,3.6911,0,True
91,Gated_MLA,0,4,158,3.4825279712677,0.0232,0.0353,3.6155,0,True
91,Gated_MLA,0,4,159,3.474303960800171,0.0222,0.0341,3.5915,0,True
91,Gated_MLA,0,4,160,4.005727767944336,0.019,0.0767,4.2117,0,True
91,Gated_MLA,0,4,161,3.4887681007385254,0.0976,0.0341,3.7169,0,True
91,Gated_MLA,0,4,162,3.4768319129943848,0.0208,0.0404,3.6106,0,True
91,Gated_MLA,0,4,163,3.4804799556732178,0.0291,0.0343,3.621,0,True
91,Gated_MLA,0,4,164,3.944927930831909,0.0207,0.059,4.102,0,True
91,Gated_MLA,0,4,165,3.490880012512207,0.0917,0.0634,3.7459,0,True
91,Gated_MLA,0,4,166,3.4830400943756104,0.0288,0.0366,3.6383,0,True
91,Gated_MLA,0,4,167,3.475167989730835,0.0353,0.0348,3.6102,0,True
91,Gated_MLA,0,4,168,3.4799680709838867,0.0574,0.0363,3.6323,0,True
91,Gated_MLA,0,4,169,4.16048002243042,0.0192,0.0704,4.3547,0,True
91,Gated_MLA,0,4,170,3.49183988571167,0.1214,0.0946,3.8693,0,True
91,Gated_MLA,0,4,171,3.4892799854278564,0.0336,0.034,3.6827,0,True
91,Gated_MLA,0,4,172,3.4748799800872803,0.0226,0.0413,3.6223,0,True
91,Gated_MLA,0,4,173,3.977663993835449,0.0243,0.0953,4.2434,0,True
91,Gated_MLA,0,4,174,3.503999948501587,0.111,0.0355,3.7693,0,True
91,Gated_MLA,0,4,175,3.484096050262451,0.0223,0.0356,3.6184,0,True
91,Gated_MLA,0,4,176,3.478559970855713,0.021,0.0406,3.6124,0,True
91,Gated_MLA,0,4,177,3.476896047592163,0.0288,0.0524,3.6572,0,True
91,Gated_MLA,0,4,178,4.2797441482543945,0.0264,0.0737,4.5017,0,True
91,Gated_MLA,0,4,179,3.492000102996826,0.029,0.034,3.6486,0,True
91,Gated_MLA,0,4,180,3.4778881072998047,0.0195,0.0335,3.5972,0,True
91,Gated_MLA,0,4,181,3.4934399127960205,0.0179,0.0339,3.6104,0,True
91,Gated_MLA,0,4,182,4.277376174926758,0.0219,0.0809,4.5074,0,True
91,Gated_MLA,0,4,183,3.4885120391845703,0.0298,0.0325,3.6498,0,True
91,Gated_MLA,0,4,184,3.4807679653167725,0.021,0.0345,3.6036,0,True
91,Gated_MLA,0,4,185,3.475615978240967,0.0199,0.0454,3.6198,0,True
91,Gated_MLA,0,4,186,3.9847679138183594,0.025,0.0587,4.152,0,True
91,Gated_MLA,0,4,187,3.479680061340332,0.093,0.0335,3.67,0,True
91,Gated_MLA,0,4,188,3.4779200553894043,0.0195,0.0352,3.5907,0,True
91,Gated_MLA,0,4,189,3.477663993835449,0.0193,0.0411,3.6064,0,True
91,Gated_MLA,0,4,190,3.9303359985351562,0.0219,0.0629,4.1101,0,True
91,Gated_MLA,0,4,191,3.4760959148406982,0.2614,0.0863,4.2427,0,True
91,Gated_MLA,0,4,192,3.4876480102539062,0.0293,0.035,3.6673,0,True
91,Gated_MLA,0,4,193,3.476799964904785,0.0203,0.0424,3.625,0,True
91,Gated_MLA,0,4,194,3.4771840572357178,0.0287,0.0728,3.7026,0,True
91,Gated_MLA,0,4,195,4.135712146759033,0.0288,0.0552,4.3597,0,True
91,Gated_MLA,0,4,196,3.4882240295410156,0.0218,0.0343,3.6336,0,True
91,Gated_MLA,0,4,197,3.475775957107544,0.0191,0.0388,3.6164,0,True
91,Gated_MLA,0,4,198,3.4799680709838867,0.02,0.0322,3.6118,0,True
91,Gated_MLA,0,4,199,3.9560000896453857,0.0202,0.0606,4.136,0,True
91,Gated_MLA,7,1,0,0.8956159949302673,0.0177,0.0294,0.9784,0,True
91,Gated_MLA,7,1,1,0.8945919871330261,0.0151,0.0283,0.9706,0,True
91,Gated_MLA,7,1,2,0.8948479890823364,0.0149,0.0289,0.9712,0,True
91,Gated_MLA,7,1,3,0.9042559862136841,0.0153,0.028,0.9825,0,True
91,Gated_MLA,7,1,4,0.8955519795417786,0.0135,0.0293,0.9719,0,True
91,Gated_MLA,7,1,5,0.8955199718475342,0.0152,0.0284,0.9824,0,True
91,Gated_MLA,7,1,6,0.8933759927749634,0.0161,0.0288,0.9715,0,True
91,Gated_MLA,7,1,7,0.8937280178070068,0.0151,0.0299,0.9705,0,True
91,Gated_MLA,7,1,8,0.8928639888763428,0.0144,0.0287,0.9699,0,True
91,Gated_MLA,7,1,9,0.894976019859314,0.0151,0.0294,0.977,0,True
91,Gated_MLA,7,1,10,0.9025599956512451,0.0122,0.0527,1.0042,0,True
91,Gated_MLA,7,1,11,0.8931519985198975,0.0165,0.0288,0.9716,0,True
91,Gated_MLA,7,1,12,0.908191978931427,0.0111,0.0288,0.988,0,True
91,Gated_MLA,7,1,13,0.8932160139083862,0.0165,0.0288,0.972,0,True
91,Gated_MLA,7,1,14,0.893343985080719,0.0156,0.029,0.9701,0,True
91,Gated_MLA,7,1,15,0.8945279717445374,0.0182,0.0284,0.9794,0,True
91,Gated_MLA,7,1,16,0.8928959965705872,0.0152,0.029,0.9811,0,True
91,Gated_MLA,7,1,17,0.8944000005722046,0.0155,0.0283,0.983,0,True
91,Gated_MLA,7,1,18,0.9024320244789124,0.0155,0.0285,0.9802,0,True
91,Gated_MLA,7,1,19,0.8949440121650696,0.015,0.1334,1.3011,0,True
91,Gated_MLA,7,1,20,0.9049919843673706,0.0821,0.0269,1.0814,0,True
91,Gated_MLA,7,1,21,0.8957440257072449,0.0187,0.0296,0.9869,0,True
91,Gated_MLA,7,1,22,0.8932160139083862,0.0172,0.029,0.9802,0,True
91,Gated_MLA,7,1,23,0.8989760279655457,0.0173,0.0291,0.9867,0,True
91,Gated_MLA,7,1,24,0.8974720239639282,0.0174,0.0289,0.988,0,True
91,Gated_MLA,7,1,25,0.8952959775924683,0.0162,0.0289,0.9786,0,True
91,Gated_MLA,7,1,26,0.8958079814910889,0.0153,0.03,0.9741,0,True
91,Gated_MLA,7,1,27,0.8967360258102417,0.0161,0.0282,0.9751,0,True
91,Gated_MLA,7,1,28,0.8954880237579346,0.0122,0.0441,0.9983,0,True
91,Gated_MLA,7,1,29,1.3120959997177124,0.0176,0.0542,1.4271,0,True
91,Gated_MLA,7,1,30,0.9424639940261841,0.1448,0.0296,1.1566,0,True
91,Gated_MLA,7,1,31,0.894752025604248,0.0156,0.0286,0.9725,0,True
91,Gated_MLA,7,1,32,0.8976320028305054,0.0148,0.0277,0.9781,0,True
91,Gated_MLA,7,1,33,0.9043520092964172,0.03,0.0805,1.1415,0,True
91,Gated_MLA,7,1,34,0.9057279825210571,0.0331,0.0296,1.0668,0,True
91,Gated_MLA,7,1,35,0.9158080220222473,0.023,0.0607,1.138,0,True
91,Gated_MLA,7,1,36,0.8995839953422546,0.0219,0.0295,1.0094,0,True
91,Gated_MLA,7,1,37,0.9306560158729553,0.0174,0.0295,1.0214,0,True
91,Gated_MLA,7,1,38,0.8980479836463928,0.0172,0.0294,0.9862,0,True
91,Gated_MLA,7,1,39,0.8971520066261292,0.017,0.0287,0.9925,0,True
91,Gated_MLA,7,1,40,0.899616003036499,0.0187,0.0296,1.0074,0,True
91,Gated_MLA,7,1,41,0.8987200260162354,0.017,0.0279,0.9956,0,True
91,Gated_MLA,7,1,42,0.8985599875450134,0.0154,0.0618,1.0274,0,True
91,Gated_MLA,7,1,43,0.9631680250167847,0.1134,0.0326,1.1598,0,True
91,Gated_MLA,7,1,44,0.8963840007781982,0.0236,0.0291,1.0093,0,True
91,Gated_MLA,7,1,45,0.8980159759521484,0.0163,0.0297,0.9877,0,True
91,Gated_MLA,7,1,46,0.8984959721565247,0.0145,0.0293,0.9834,0,True
91,Gated_MLA,7,1,47,0.8954240083694458,0.0144,0.0287,0.9765,0,True
91,Gated_MLA,7,1,48,0.9076799750328064,0.0141,0.0561,1.0457,0,True
91,Gated_MLA,7,1,49,0.9050880074501038,0.0315,0.0296,1.0354,0,True
91,Gated_MLA,7,1,50,0.8982080221176147,0.0178,0.0292,0.9953,0,True
91,Gated_MLA,7,1,51,0.8976960182189941,0.0191,0.0294,0.989,0,True
91,Gated_MLA,7,1,52,0.8979840278625488,0.0178,0.0297,0.9862,0,True
91,Gated_MLA,7,1,53,0.8968960046768188,0.0697,0.0293,1.0369,0,True
91,Gated_MLA,7,1,54,0.9192000031471252,0.0173,0.0308,1.0102,0,True
91,Gated_MLA,7,1,55,0.9019839763641357,0.0261,0.0292,1.0055,0,True
91,Gated_MLA,7,1,56,0.9210559725761414,0.0178,0.031,1.0252,0,True
91,Gated_MLA,7,1,57,0.8991039991378784,0.0262,0.0293,1.0098,0,True
91,Gated_MLA,7,1,58,0.898464024066925,0.0134,0.0289,0.9816,0,True
91,Gated_MLA,7,1,59,0.8996480107307434,0.018,0.0286,0.9833,0,True
91,Gated_MLA,7,1,60,0.8971840143203735,0.015,0.0288,0.9753,0,True
91,Gated_MLA,7,1,61,0.8992319703102112,0.0234,0.0272,0.9854,0,True
91,Gated_MLA,7,1,62,0.8961279988288879,0.0112,0.0283,0.9699,0,True
91,Gated_MLA,7,1,63,0.894815981388092,0.0158,0.0498,1.0261,0,True
91,Gated_MLA,7,1,64,0.9025599956512451,0.0251,0.0301,1.0278,0,True
91,Gated_MLA,7,1,65,0.8962879776954651,0.018,0.0274,0.9837,0,True
91,Gated_MLA,7,1,66,1.375872015953064,0.0118,0.0314,1.4647,0,True
91,Gated_MLA,7,1,67,0.9010559916496277,0.0167,0.03,0.9862,0,True
91,Gated_MLA,7,1,68,0.8979520201683044,0.0155,0.0294,0.9785,0,True
91,Gated_MLA,7,1,69,0.9043200016021729,0.0158,0.0289,0.9859,0,True
91,Gated_MLA,7,1,70,0.8962879776954651,0.0156,0.0286,0.9759,0,True
91,Gated_MLA,7,1,71,0.8994560241699219,0.0153,0.0288,0.9816,0,True
91,Gated_MLA,7,1,72,0.8985599875450134,0.0167,0.0285,0.9797,0,True
91,Gated_MLA,7,1,73,0.894432008266449,0.015,0.0283,0.9709,0,True
91,Gated_MLA,7,1,74,0.898751974105835,0.0716,0.0291,1.0391,0,True
91,Gated_MLA,7,1,75,1.3592000007629395,0.0154,0.0293,1.4444,0,True
91,Gated_MLA,7,1,76,0.9111040234565735,0.0159,0.0299,1.0233,0,True
91,Gated_MLA,7,1,77,0.8973119854927063,0.0169,0.0744,1.078,0,True
91,Gated_MLA,7,1,78,0.9053440093994141,0.0302,0.0297,1.0377,0,True
91,Gated_MLA,7,1,79,0.8986560106277466,0.0173,0.0601,1.062,0,True
91,Gated_MLA,7,1,80,0.9014400243759155,0.0245,0.0279,1.0144,0,True
91,Gated_MLA,7,1,81,0.9272639751434326,0.0178,0.0293,1.0133,0,True
91,Gated_MLA,7,1,82,0.8982399702072144,0.0171,0.0281,0.9815,0,True
91,Gated_MLA,7,1,83,0.8977919816970825,0.0144,0.0277,0.9805,0,True
91,Gated_MLA,7,1,84,0.8969600200653076,0.0151,0.0294,0.9812,0,True
91,Gated_MLA,7,1,85,0.9063040018081665,0.0155,0.0294,0.9897,0,True
91,Gated_MLA,7,1,86,0.8957440257072449,0.0155,0.0288,0.9771,0,True
91,Gated_MLA,7,1,87,0.8941760063171387,0.0149,0.0287,0.9711,0,True
91,Gated_MLA,7,1,88,0.8978880047798157,0.0154,0.0287,0.9769,0,True
91,Gated_MLA,7,1,89,0.8963199853897095,0.0149,0.029,0.9733,0,True
91,Gated_MLA,7,1,90,0.8971840143203735,0.0154,0.0293,0.9769,0,True
91,Gated_MLA,7,1,91,0.9141119718551636,0.0139,0.0295,0.9903,0,True
91,Gated_MLA,7,1,92,0.9155200123786926,0.0144,0.0248,1.0226,0,True
91,Gated_MLA,7,1,93,0.8959360122680664,0.0176,0.0277,0.9859,0,True
91,Gated_MLA,7,1,94,0.8975039720535278,0.0143,0.0297,0.98,0,True
91,Gated_MLA,7,1,95,0.9124799966812134,0.0136,0.0286,0.9878,0,True
91,Gated_MLA,7,1,96,0.8968639969825745,0.0134,0.0285,0.971,0,True
91,Gated_MLA,7,1,97,0.8973119854927063,0.015,0.0411,0.9884,0,True
91,Gated_MLA,7,1,98,0.8963840007781982,0.0158,0.0333,0.9822,0,True
91,Gated_MLA,7,1,99,0.9187520146369934,0.0165,0.0252,0.9998,0,True
91,Gated_MLA,7,1,100,0.8972799777984619,0.0151,0.0297,0.975,0,True
91,Gated_MLA,7,1,101,0.8994879722595215,0.0547,0.0303,1.0174,0,True
91,Gated_MLA,7,1,102,0.8974400162696838,0.0113,0.029,0.9732,0,True
91,Gated_MLA,7,1,103,0.8994879722595215,0.0144,0.029,0.9775,0,True
91,Gated_MLA,7,1,104,0.8979840278625488,0.0557,0.0287,1.0222,0,True
91,Gated_MLA,7,1,105,0.8955199718475342,0.015,0.0291,0.9749,0,True
91,Gated_MLA,7,1,106,0.8976320028305054,0.0168,0.0278,0.9809,0,True
91,Gated_MLA,7,1,107,0.9188799858093262,0.0129,0.0287,0.9996,0,True
91,Gated_MLA,7,1,108,0.8959680199623108,0.0139,0.0444,1.013,0,True
91,Gated_MLA,7,1,109,0.9151999950408936,0.0242,0.0314,1.0313,0,True
91,Gated_MLA,7,1,110,0.8975039720535278,0.0169,0.029,0.9854,0,True
91,Gated_MLA,7,1,111,0.8951680064201355,0.0154,0.0287,0.9733,0,True
91,Gated_MLA,7,1,112,0.8957759737968445,0.0159,0.029,0.9749,0,True
91,Gated_MLA,7,1,113,0.8965759873390198,0.0145,0.0283,0.9717,0,True
91,Gated_MLA,7,1,114,0.895583987236023,0.0141,0.0342,0.9764,0,True
91,Gated_MLA,7,1,115,0.8957120180130005,0.0152,0.0289,0.9752,0,True
91,Gated_MLA,7,1,116,0.9001280069351196,0.0174,0.0287,0.9882,0,True
91,Gated_MLA,7,1,117,0.8974080085754395,0.0115,0.0288,0.9742,0,True
91,Gated_MLA,7,1,118,0.8979520201683044,0.0156,0.03,0.9941,0,True
91,Gated_MLA,7,1,119,0.8991039991378784,0.0179,0.0284,0.9878,0,True
91,Gated_MLA,7,1,120,0.8970879912376404,0.0149,0.0282,0.9736,0,True
91,Gated_MLA,7,1,121,0.8981119990348816,0.019,0.0285,0.9798,0,True
91,Gated_MLA,7,1,122,0.8966720104217529,0.015,0.0289,0.9802,0,True
91,Gated_MLA,7,1,123,0.8984320163726807,0.0169,0.0287,0.9835,0,True
91,Gated_MLA,7,1,124,0.8986240029335022,0.0159,0.0301,0.9913,0,True
91,Gated_MLA,7,1,125,0.8993600010871887,0.016,0.0294,1.0025,0,True
91,Gated_MLA,7,1,126,1.1102399826049805,0.0195,0.03,1.2145,0,True
91,Gated_MLA,7,1,127,0.905023992061615,0.0168,0.0296,0.9944,0,True
91,Gated_MLA,7,1,128,0.8997759819030762,0.0152,0.0302,0.9915,0,True
91,Gated_MLA,7,1,129,0.914080023765564,0.0248,0.03,1.0176,0,True
91,Gated_MLA,7,1,130,0.8989760279655457,0.0185,0.029,0.9865,0,True
91,Gated_MLA,7,1,131,0.8975679874420166,0.0155,0.0285,0.9768,0,True
91,Gated_MLA,7,1,132,0.8977919816970825,0.016,0.0286,0.9804,0,True
91,Gated_MLA,7,1,133,0.8966720104217529,0.0145,0.0287,0.9754,0,True
91,Gated_MLA,7,1,134,0.8971520066261292,0.0145,0.028,0.9791,0,True
91,Gated_MLA,7,1,135,0.9021120071411133,0.0181,0.0294,0.9892,0,True
91,Gated_MLA,7,1,136,0.8974400162696838,0.0167,0.0286,0.9809,0,True
91,Gated_MLA,7,1,137,0.9169279932975769,0.0119,0.0311,0.9979,0,True
91,Gated_MLA,7,1,138,0.8976320028305054,0.0122,0.029,0.9771,0,True
91,Gated_MLA,7,1,139,0.8992319703102112,0.0153,0.0276,0.9814,0,True
91,Gated_MLA,7,1,140,1.103551983833313,0.0135,0.0289,1.1904,0,True
91,Gated_MLA,7,1,141,0.9502720236778259,0.0156,0.0302,1.0348,0,True
91,Gated_MLA,7,1,142,0.9159039855003357,0.015,0.0286,0.9911,0,True
91,Gated_MLA,7,1,143,0.8959360122680664,0.0146,0.03,0.9726,0,True
91,Gated_MLA,7,1,144,0.894432008266449,0.0138,0.0272,0.9682,0,True
91,Gated_MLA,7,1,145,0.90556800365448,0.0141,0.0286,0.9815,0,True
91,Gated_MLA,7,1,146,0.897599995136261,0.0143,0.0297,0.9766,0,True
91,Gated_MLA,7,1,147,0.8973119854927063,0.0148,0.0285,0.9743,0,True
91,Gated_MLA,7,1,148,0.8972480297088623,0.0151,0.0287,0.9775,0,True
91,Gated_MLA,7,1,149,0.8979520201683044,0.0152,0.0285,0.9744,0,True
91,Gated_MLA,7,1,150,0.894752025604248,0.0156,0.0285,0.9732,0,True
91,Gated_MLA,7,1,151,0.8980479836463928,0.0469,0.029,1.0326,0,True
91,Gated_MLA,7,1,152,0.8937919735908508,0.0119,0.0296,0.9684,0,True
91,Gated_MLA,7,1,153,0.905951976776123,0.015,0.0279,0.9826,0,True
91,Gated_MLA,7,1,154,0.9143040180206299,0.0112,0.0289,0.9901,0,True
91,Gated_MLA,7,1,155,0.8978880047798157,0.0159,0.1206,1.1348,0,True
91,Gated_MLA,7,1,156,0.9024320244789124,0.0469,0.0295,1.056,0,True
91,Gated_MLA,7,1,157,0.8976320028305054,0.0156,0.0292,0.9833,0,True
91,Gated_MLA,7,1,158,0.8989760279655457,0.0163,0.0295,0.983,0,True
91,Gated_MLA,7,1,159,1.367616057395935,0.0149,0.0303,1.4512,0,True
91,Gated_MLA,7,1,160,0.9002879858016968,0.0141,0.0292,0.9812,0,True
91,Gated_MLA,7,1,161,0.8945599794387817,0.015,0.0313,0.9842,0,True
91,Gated_MLA,7,1,162,0.8986240029335022,0.0269,0.0298,1.0062,0,True
91,Gated_MLA,7,1,163,0.9221439957618713,0.0175,0.0283,1.0118,0,True
91,Gated_MLA,7,1,164,0.8964800238609314,0.0143,0.0297,0.9791,0,True
91,Gated_MLA,7,1,165,0.8973119854927063,0.016,0.0293,0.9801,0,True
91,Gated_MLA,7,1,166,0.895583987236023,0.015,0.0289,0.9765,0,True
91,Gated_MLA,7,1,167,0.8948799967765808,0.0149,0.0283,0.9717,0,True
91,Gated_MLA,7,1,168,0.8969280123710632,0.0164,0.0297,0.976,0,True
91,Gated_MLA,7,1,169,0.897599995136261,0.0415,0.0285,1.0025,0,True
91,Gated_MLA,7,1,170,0.8971199989318848,0.0149,0.0726,1.0868,0,True
91,Gated_MLA,7,1,171,0.9033920168876648,0.0339,0.0296,1.0573,0,True
91,Gated_MLA,7,1,172,0.9166719913482666,0.0555,0.0449,1.1528,0,True
91,Gated_MLA,7,1,173,1.3528319597244263,0.0218,0.0294,1.4624,0,True
91,Gated_MLA,7,1,174,0.9031360149383545,0.0158,0.0278,0.9915,0,True
91,Gated_MLA,7,1,175,0.8979200124740601,0.0157,0.0287,0.9776,0,True
91,Gated_MLA,7,1,176,0.908128023147583,0.0172,0.0299,0.9921,0,True
91,Gated_MLA,7,1,177,0.9046400189399719,0.0201,0.029,0.9876,0,True
91,Gated_MLA,7,1,178,0.8975039720535278,0.0155,0.0287,0.9791,0,True
91,Gated_MLA,7,1,179,0.894976019859314,0.0148,0.0289,0.9715,0,True
91,Gated_MLA,7,1,180,0.8966400027275085,0.0152,0.0283,0.9743,0,True
91,Gated_MLA,7,1,181,0.8962879776954651,0.0152,0.0287,0.9754,0,True
91,Gated_MLA,7,1,182,0.8986240029335022,0.0162,0.0294,0.9808,0,True
91,Gated_MLA,7,1,183,0.9039360284805298,0.0132,0.0289,0.9783,0,True
91,Gated_MLA,7,1,184,0.8937919735908508,0.0141,0.0285,0.9697,0,True
91,Gated_MLA,7,1,185,0.8968960046768188,0.0139,0.0283,0.9773,0,True
91,Gated_MLA,7,1,186,0.9005759954452515,0.0168,0.0285,0.9907,0,True
91,Gated_MLA,7,1,187,0.8974720239639282,0.0173,0.0289,0.981,0,True
91,Gated_MLA,7,1,188,0.8978559970855713,0.0163,0.0293,0.9804,0,True
91,Gated_MLA,7,1,189,0.9064000248908997,0.0152,0.0285,0.9843,0,True
91,Gated_MLA,7,1,190,0.8977919816970825,0.0151,0.0304,0.9754,0,True
91,Gated_MLA,7,1,191,0.8981760144233704,0.0123,0.0287,0.9704,0,True
91,Gated_MLA,7,1,192,0.8947200179100037,0.0145,0.0288,0.9724,0,True
91,Gated_MLA,7,1,193,0.8969280123710632,0.0154,0.0292,0.9738,0,True
91,Gated_MLA,7,1,194,0.8956480026245117,0.0196,0.0295,0.978,0,True
91,Gated_MLA,7,1,195,0.8960639834403992,0.0157,0.0282,0.9738,0,True
91,Gated_MLA,7,1,196,0.896511971950531,0.0157,0.0292,0.9752,0,True
91,Gated_MLA,7,1,197,0.8983680009841919,0.0161,0.029,0.9776,0,True
91,Gated_MLA,7,1,198,0.8993279933929443,0.0147,0.0276,0.9787,0,True
91,Gated_MLA,7,1,199,0.8980479836463928,0.0173,0.0287,0.9898,0,True
91,Gated_MLA,7,2,0,1.7608000040054321,0.0184,0.0386,1.8791,0,True
91,Gated_MLA,7,2,1,1.7615679502487183,0.0283,0.0455,1.9138,0,True
91,Gated_MLA,7,2,2,1.7671359777450562,0.0235,0.0302,1.89,0,True
91,Gated_MLA,7,2,3,1.779520034790039,0.019,0.0641,1.9121,0,True
91,Gated_MLA,7,2,4,1.7640000581741333,0.0147,0.0498,1.902,0,True
91,Gated_MLA,7,2,5,1.761855959892273,0.0277,0.0277,1.8933,0,True
91,Gated_MLA,7,2,6,1.7611199617385864,0.0185,0.0307,1.8665,0,True
91,Gated_MLA,7,2,7,1.7622720003128052,0.0168,0.0304,1.8602,0,True
91,Gated_MLA,7,2,8,1.766271948814392,0.0172,0.0305,1.8696,0,True
91,Gated_MLA,7,2,9,2.112799882888794,0.0172,0.0412,2.242,0,True
91,Gated_MLA,7,2,10,1.7706559896469116,0.0226,0.0359,1.9118,0,True
91,Gated_MLA,7,2,11,1.767807960510254,0.0166,0.0305,1.8872,0,True
91,Gated_MLA,7,2,12,1.75929594039917,0.0189,0.0746,1.9629,0,True
91,Gated_MLA,7,2,13,1.7715840339660645,0.0287,0.089,2.0259,0,True
91,Gated_MLA,7,2,14,1.7676479816436768,0.0467,0.03,1.9243,0,True
91,Gated_MLA,7,2,15,1.7784960269927979,0.0214,0.0304,1.8938,0,True
91,Gated_MLA,7,2,16,1.780735969543457,0.0193,0.0603,1.9433,0,True
91,Gated_MLA,7,2,17,2.1672959327697754,0.0273,0.0761,2.3946,0,True
91,Gated_MLA,7,2,18,1.772447943687439,0.0292,0.0305,1.9272,0,True
91,Gated_MLA,7,2,19,1.7630079984664917,0.0205,0.0534,1.9225,0,True
91,Gated_MLA,7,2,20,1.7675199508666992,0.0276,0.0499,1.9468,0,True
91,Gated_MLA,7,2,21,1.766975998878479,0.0243,0.0287,1.9061,0,True
91,Gated_MLA,7,2,22,1.7625919580459595,0.018,0.0304,1.8696,0,True
91,Gated_MLA,7,2,23,1.7518399953842163,0.0208,0.031,1.8594,0,True
91,Gated_MLA,7,2,24,1.7786879539489746,0.0187,0.0291,1.8817,0,True
91,Gated_MLA,7,2,25,1.7764480113983154,0.019,0.0373,1.9048,0,True
91,Gated_MLA,7,2,26,1.7657279968261719,0.0194,0.0298,1.8877,0,True
91,Gated_MLA,7,2,27,1.7628799676895142,0.0197,0.0767,1.967,0,True
91,Gated_MLA,7,2,28,1.7695679664611816,0.029,0.064,1.9844,0,True
91,Gated_MLA,7,2,29,2.192960023880005,0.0247,0.0323,2.328,0,True
91,Gated_MLA,7,2,30,1.7647360563278198,0.0174,0.031,1.8712,0,True
91,Gated_MLA,7,2,31,1.7630399465560913,0.0194,0.0301,1.8659,0,True
91,Gated_MLA,7,2,32,1.762976050376892,0.0183,0.0309,1.8607,0,True
91,Gated_MLA,7,2,33,1.7806400060653687,0.0171,0.038,1.9072,0,True
91,Gated_MLA,7,2,34,2.1364479064941406,0.0186,0.0318,2.2557,0,True
91,Gated_MLA,7,2,35,1.7791039943695068,0.0199,0.0584,1.9404,0,True
91,Gated_MLA,7,2,36,1.767807960510254,0.0263,0.064,1.9696,0,True
91,Gated_MLA,7,2,37,1.7680000066757202,0.0238,0.0306,1.9038,0,True
91,Gated_MLA,7,2,38,1.7611199617385864,0.0178,0.0308,1.859,0,True
91,Gated_MLA,7,2,39,1.7626240253448486,0.0177,0.0305,1.8563,0,True
91,Gated_MLA,7,2,40,1.7671680450439453,0.0169,0.0329,1.8692,0,True
91,Gated_MLA,7,2,41,1.7663999795913696,0.0283,0.0304,1.8899,0,True
91,Gated_MLA,7,2,42,1.7964160442352295,0.0198,0.0299,1.9005,0,True
91,Gated_MLA,7,2,43,1.76419198513031,0.0155,0.0291,1.8556,0,True
91,Gated_MLA,7,2,44,1.7644799947738647,0.0174,0.0302,1.8593,0,True
91,Gated_MLA,7,2,45,1.7653119564056396,0.0159,0.0307,1.8592,0,True
91,Gated_MLA,7,2,46,1.7607359886169434,0.0172,0.0298,1.8503,0,True
91,Gated_MLA,7,2,47,1.7642879486083984,0.0177,0.031,1.8553,0,True
91,Gated_MLA,7,2,48,1.7828480005264282,0.0177,0.0304,1.8746,0,True
91,Gated_MLA,7,2,49,1.7620799541473389,0.0174,0.0296,1.8539,0,True
91,Gated_MLA,7,2,50,1.7635200023651123,0.0163,0.0282,1.8502,0,True
91,Gated_MLA,7,2,51,1.7600640058517456,0.0133,0.0308,1.8468,0,True
91,Gated_MLA,7,2,52,1.7607359886169434,0.0156,0.0546,1.906,0,True
91,Gated_MLA,7,2,53,1.7717759609222412,0.0268,0.0305,1.906,0,True
91,Gated_MLA,7,2,54,1.765887975692749,0.0178,0.031,1.8705,0,True
91,Gated_MLA,7,2,55,1.7630399465560913,0.0193,0.0302,1.8627,0,True
91,Gated_MLA,7,2,56,1.7877440452575684,0.0187,0.0301,1.8835,0,True
91,Gated_MLA,7,2,57,1.7636799812316895,0.019,0.0309,1.8583,0,True
91,Gated_MLA,7,2,58,1.7827520370483398,0.0182,0.0312,1.8786,0,True
91,Gated_MLA,7,2,59,1.760543942451477,0.0187,0.0288,1.8541,0,True
91,Gated_MLA,7,2,60,1.7636480331420898,0.0164,0.0332,1.8747,0,True
91,Gated_MLA,7,2,61,2.182111978530884,0.0193,0.0393,2.3097,0,True
91,Gated_MLA,7,2,62,1.7807680368423462,0.0197,0.0314,1.8913,0,True
91,Gated_MLA,7,2,63,1.8066240549087524,0.0175,0.0309,1.899,0,True
91,Gated_MLA,7,2,64,1.7788480520248413,0.0173,0.0302,1.8688,0,True
91,Gated_MLA,7,2,65,1.8016959428787231,0.0186,0.0303,1.9048,0,True
91,Gated_MLA,7,2,66,1.8008639812469482,0.0195,0.0303,1.9033,0,True
91,Gated_MLA,7,2,67,1.776960015296936,0.0185,0.0303,1.8927,0,True
91,Gated_MLA,7,2,68,2.12060809135437,0.018,0.0442,2.2467,0,True
91,Gated_MLA,7,2,69,1.7879040241241455,0.0234,0.0331,1.921,0,True
91,Gated_MLA,7,2,70,1.7841919660568237,0.023,0.0306,1.9188,0,True
91,Gated_MLA,7,2,71,1.7794239521026611,0.0195,0.0312,1.8803,0,True
91,Gated_MLA,7,2,72,1.7820160388946533,0.0185,0.0305,1.8763,0,True
91,Gated_MLA,7,2,73,1.779360055923462,0.0185,0.0306,1.8751,0,True
91,Gated_MLA,7,2,74,1.7821760177612305,0.0139,0.0312,1.8765,0,True
91,Gated_MLA,7,2,75,1.8018560409545898,0.0181,0.0304,1.8956,0,True
91,Gated_MLA,7,2,76,1.7798080444335938,0.0177,0.0295,1.8679,0,True
91,Gated_MLA,7,2,77,1.7794239521026611,0.0236,0.0321,1.9724,0,True
91,Gated_MLA,7,2,78,2.1878719329833984,0.0178,0.0321,2.2916,0,True
91,Gated_MLA,7,2,79,1.7827199697494507,0.0183,0.0309,1.8772,0,True
91,Gated_MLA,7,2,80,1.7805440425872803,0.0174,0.0306,1.8747,0,True
91,Gated_MLA,7,2,81,1.8119679689407349,0.0183,0.0291,1.905,0,True
91,Gated_MLA,7,2,82,1.768064022064209,0.0179,0.0299,1.859,0,True
91,Gated_MLA,7,2,83,1.7859840393066406,0.0171,0.0311,1.8798,0,True
91,Gated_MLA,7,2,84,1.7638399600982666,0.0178,0.0341,1.8699,0,True
91,Gated_MLA,7,2,85,1.7655359506607056,0.0279,0.0676,1.9571,0,True
91,Gated_MLA,7,2,86,2.14467191696167,0.0227,0.0319,2.2724,0,True
91,Gated_MLA,7,2,87,1.761504054069519,0.02,0.0314,1.8632,0,True
91,Gated_MLA,7,2,88,1.7661759853363037,0.0189,0.0298,1.86,0,True
91,Gated_MLA,7,2,89,1.764415979385376,0.0178,0.0315,1.8676,0,True
91,Gated_MLA,7,2,90,1.7673920392990112,0.027,0.0304,1.8887,0,True
91,Gated_MLA,7,2,91,1.7636799812316895,0.0196,0.0304,1.8639,0,True
91,Gated_MLA,7,2,92,1.780992031097412,0.0184,0.0301,1.8746,0,True
91,Gated_MLA,7,2,93,1.7596160173416138,0.0183,0.0321,1.8544,0,True
91,Gated_MLA,7,2,94,1.7700159549713135,0.0191,0.031,1.8656,0,True
91,Gated_MLA,7,2,95,1.7625279426574707,0.0163,0.0295,1.8511,0,True
91,Gated_MLA,7,2,96,1.7610880136489868,0.0149,0.0299,1.8469,0,True
91,Gated_MLA,7,2,97,1.7638720273971558,0.0179,0.0296,1.8535,0,True
91,Gated_MLA,7,2,98,1.7630079984664917,0.017,0.0303,1.8511,0,True
91,Gated_MLA,7,2,99,1.762943983078003,0.015,0.0305,1.848,0,True
91,Gated_MLA,7,2,100,1.7638399600982666,0.0177,0.0305,1.8522,0,True
91,Gated_MLA,7,2,101,1.7644480466842651,0.0171,0.0303,1.8621,0,True
91,Gated_MLA,7,2,102,1.7630399465560913,0.0188,0.0292,1.8593,0,True
91,Gated_MLA,7,2,103,2.1865599155426025,0.0124,0.031,2.2754,0,True
91,Gated_MLA,7,2,104,1.7818880081176758,0.0178,0.0318,1.876,0,True
91,Gated_MLA,7,2,105,1.7805119752883911,0.0164,0.0309,1.8701,0,True
91,Gated_MLA,7,2,106,1.7834240198135376,0.0176,0.0302,1.8723,0,True
91,Gated_MLA,7,2,107,1.778432011604309,0.0169,0.0304,1.8673,0,True
91,Gated_MLA,7,2,108,1.7778559923171997,0.0176,0.0303,1.866,0,True
91,Gated_MLA,7,2,109,1.7794239521026611,0.0178,0.0304,1.8688,0,True
91,Gated_MLA,7,2,110,1.7786240577697754,0.0163,0.0309,1.8675,0,True
91,Gated_MLA,7,2,111,1.7792960405349731,0.018,0.0305,1.8698,0,True
91,Gated_MLA,7,2,112,2.163680076599121,0.0156,0.0311,2.2537,0,True
91,Gated_MLA,7,2,113,1.7787840366363525,0.0167,0.0298,1.8708,0,True
91,Gated_MLA,7,2,114,1.780351996421814,0.0174,0.0306,1.8699,0,True
91,Gated_MLA,7,2,115,1.7794239521026611,0.0166,0.0316,1.8766,0,True
91,Gated_MLA,7,2,116,1.7816640138626099,0.0269,0.0308,1.9002,0,True
91,Gated_MLA,7,2,117,1.7984319925308228,0.0197,0.0303,1.8975,0,True
91,Gated_MLA,7,2,118,1.7778240442276,0.0145,0.0302,1.8655,0,True
91,Gated_MLA,7,2,119,1.778880000114441,0.0178,0.0301,1.8687,0,True
91,Gated_MLA,7,2,120,1.782304048538208,0.0175,0.0313,1.8739,0,True
91,Gated_MLA,7,2,121,1.7778879404067993,0.0165,0.0305,1.8656,0,True
91,Gated_MLA,7,2,122,1.7804800271987915,0.0167,0.0299,1.8707,0,True
91,Gated_MLA,7,2,123,1.7783360481262207,0.017,0.0299,1.8652,0,True
91,Gated_MLA,7,2,124,1.7783039808273315,0.0153,0.0314,1.866,0,True
91,Gated_MLA,7,2,125,1.7799359560012817,0.0178,0.0296,1.8673,0,True
91,Gated_MLA,7,2,126,1.779871940612793,0.0172,0.0324,1.8717,0,True
91,Gated_MLA,7,2,127,2.1937921047210693,0.0165,0.0312,2.2861,0,True
91,Gated_MLA,7,2,128,1.778432011604309,0.0166,0.0301,1.8662,0,True
91,Gated_MLA,7,2,129,1.7756160497665405,0.0137,0.0554,1.8894,0,True
91,Gated_MLA,7,2,130,1.782304048538208,0.088,0.0306,1.9452,0,True
91,Gated_MLA,7,2,131,1.7795840501785278,0.0164,0.0304,1.8672,0,True
91,Gated_MLA,7,2,132,1.7814719676971436,0.0161,0.0307,1.8692,0,True
91,Gated_MLA,7,2,133,1.782655954360962,0.0181,0.0306,1.8713,0,True
91,Gated_MLA,7,2,134,1.7813119888305664,0.0179,0.031,1.8705,0,True
91,Gated_MLA,7,2,135,1.7782080173492432,0.0156,0.0301,1.8651,0,True
91,Gated_MLA,7,2,136,1.7794239521026611,0.0165,0.0306,1.8673,0,True
91,Gated_MLA,7,2,137,1.7772159576416016,0.0121,0.0318,1.8632,0,True
91,Gated_MLA,7,2,138,1.7786879539489746,0.0167,0.0305,1.865,0,True
91,Gated_MLA,7,2,139,1.7760000228881836,0.0174,0.0309,1.8634,0,True
91,Gated_MLA,7,2,140,1.7781120538711548,0.0178,0.0295,1.8642,0,True
91,Gated_MLA,7,2,141,1.7799040079116821,0.0167,0.0297,1.8644,0,True
91,Gated_MLA,7,2,142,1.781599998474121,0.0163,0.0291,1.8658,0,True
91,Gated_MLA,7,2,143,1.778272032737732,0.0149,0.0308,1.8658,0,True
91,Gated_MLA,7,2,144,1.779968023300171,0.0164,0.0298,1.864,0,True
91,Gated_MLA,7,2,145,1.782304048538208,0.0177,0.0301,1.8689,0,True
91,Gated_MLA,7,2,146,1.7804479598999023,0.0162,0.0297,1.865,0,True
91,Gated_MLA,7,2,147,1.7817920446395874,0.0148,0.0297,1.8652,0,True
91,Gated_MLA,7,2,148,1.7805440425872803,0.0159,0.0303,1.8671,0,True
91,Gated_MLA,7,2,149,1.7781440019607544,0.0171,0.0304,1.8641,0,True
91,Gated_MLA,7,2,150,1.7782399654388428,0.0175,0.0742,1.9389,0,True
91,Gated_MLA,7,2,151,1.7834240198135376,0.027,0.0287,1.9262,0,True
91,Gated_MLA,7,2,152,1.7816319465637207,0.0204,0.0743,2.0019,0,True
91,Gated_MLA,7,2,153,1.7844159603118896,0.0297,0.0311,1.9383,0,True
91,Gated_MLA,7,2,154,1.779039978981018,0.0196,0.031,1.8858,0,True
91,Gated_MLA,7,2,155,1.7974400520324707,0.02,0.0302,1.8988,0,True
91,Gated_MLA,7,2,156,2.1468799114227295,0.0204,0.0392,2.2693,0,True
91,Gated_MLA,7,2,157,1.7844799757003784,0.0214,0.0347,1.9093,0,True
91,Gated_MLA,7,2,158,1.780992031097412,0.0296,0.0328,1.9218,0,True
91,Gated_MLA,7,2,159,1.781599998474121,0.0203,0.0321,1.9066,0,True
91,Gated_MLA,7,2,160,1.7815359830856323,0.0189,0.0292,1.8896,0,True
91,Gated_MLA,7,2,161,1.7961599826812744,0.0193,0.0306,1.8972,0,True
91,Gated_MLA,7,2,162,1.781440019607544,0.0186,0.0377,1.8984,0,True
91,Gated_MLA,7,2,163,1.7800320386886597,0.0291,0.0437,1.9343,0,True
91,Gated_MLA,7,2,164,2.17574405670166,0.0229,0.0398,2.3247,0,True
91,Gated_MLA,7,2,165,1.7821120023727417,0.02,0.0309,1.9,0,True
91,Gated_MLA,7,2,166,1.7777279615402222,0.0194,0.033,1.8917,0,True
91,Gated_MLA,7,2,167,1.779039978981018,0.0196,0.03,1.8933,0,True
91,Gated_MLA,7,2,168,1.8013759851455688,0.0177,0.0304,1.901,0,True
91,Gated_MLA,7,2,169,1.7794560194015503,0.0186,0.0297,1.8783,0,True
91,Gated_MLA,7,2,170,1.7986559867858887,0.0172,0.0306,1.8919,0,True
91,Gated_MLA,7,2,171,1.8066240549087524,0.0173,0.031,1.8992,0,True
91,Gated_MLA,7,2,172,1.7799359560012817,0.0174,0.0307,1.8736,0,True
91,Gated_MLA,7,2,173,1.7814079523086548,0.0164,0.0309,1.8718,0,True
91,Gated_MLA,7,2,174,1.7777600288391113,0.0176,0.0304,1.8681,0,True
91,Gated_MLA,7,2,175,1.7799999713897705,0.0183,0.0373,1.8957,0,True
91,Gated_MLA,7,2,176,2.176640033721924,0.0195,0.0319,2.306,0,True
91,Gated_MLA,7,2,177,1.7770880460739136,0.0186,0.0302,1.873,0,True
91,Gated_MLA,7,2,178,1.7978880405426025,0.0176,0.0307,1.8934,0,True
91,Gated_MLA,7,2,179,1.8021119832992554,0.0182,0.0293,1.9013,0,True
91,Gated_MLA,7,2,180,1.7787840366363525,0.0175,0.0311,1.8733,0,True
91,Gated_MLA,7,2,181,2.131648063659668,0.0195,0.0524,2.2535,0,True
91,Gated_MLA,7,2,182,1.8047679662704468,0.0184,0.079,1.9776,0,True
91,Gated_MLA,7,2,183,1.7822719812393188,0.0247,0.0298,1.9085,0,True
91,Gated_MLA,7,2,184,1.7879359722137451,0.0272,0.0302,1.9273,0,True
91,Gated_MLA,7,2,185,1.784224033355713,0.018,0.1329,2.1128,0,True
91,Gated_MLA,7,2,186,1.7987840175628662,0.0328,0.0312,1.9823,0,True
91,Gated_MLA,7,2,187,1.7802879810333252,0.0201,0.0309,1.8846,0,True
91,Gated_MLA,7,2,188,1.7936639785766602,0.0183,0.0523,1.9432,0,True
91,Gated_MLA,7,2,189,1.782080054283142,0.0293,0.0294,1.9232,0,True
91,Gated_MLA,7,2,190,1.7791680097579956,0.0176,0.0284,1.8811,0,True
91,Gated_MLA,7,2,191,1.7750400304794312,0.0341,0.0321,1.8888,0,True
91,Gated_MLA,7,2,192,1.7792320251464844,0.0158,0.0307,1.8739,0,True
91,Gated_MLA,7,2,193,1.7802239656448364,0.0181,0.0326,1.8836,0,True
91,Gated_MLA,7,2,194,1.7825920581817627,0.0272,0.0311,1.9034,0,True
91,Gated_MLA,7,2,195,1.8006080389022827,0.0202,0.0301,1.9024,0,True
91,Gated_MLA,7,2,196,1.7987200021743774,0.017,0.0308,1.8921,0,True
91,Gated_MLA,7,2,197,1.7787519693374634,0.0152,0.0526,1.9277,0,True
91,Gated_MLA,7,2,198,1.7853440046310425,0.0244,0.0299,1.9213,0,True
91,Gated_MLA,7,2,199,1.7999039888381958,0.0183,0.0605,1.9678,0,True
91,Gated_MLA,7,4,0,3.488607883453369,0.0199,0.0671,3.6908,0,True
91,Gated_MLA,7,4,1,3.49619197845459,0.0272,0.0343,3.6568,0,True
91,Gated_MLA,7,4,2,3.4879040718078613,0.0198,0.0345,3.604,0,True
91,Gated_MLA,7,4,3,3.4883840084075928,0.0211,0.034,3.6,0,True
91,Gated_MLA,7,4,4,3.4872639179229736,0.0197,0.0475,3.6354,0,True
91,Gated_MLA,7,4,5,3.494368076324463,0.0261,0.0405,3.6482,0,True
91,Gated_MLA,7,4,6,3.89302396774292,0.0219,0.0393,4.0377,0,True
91,Gated_MLA,7,4,7,3.49017596244812,0.0197,0.0348,3.6088,0,True
91,Gated_MLA,7,4,8,3.487391948699951,0.0188,0.0982,3.7568,0,True
91,Gated_MLA,7,4,9,3.4931840896606445,0.0295,0.0326,3.6525,0,True
91,Gated_MLA,7,4,10,3.879807949066162,0.0218,0.0343,4.0086,0,True
91,Gated_MLA,7,4,11,3.4917120933532715,0.0234,0.0319,3.6199,0,True
91,Gated_MLA,7,4,12,3.491487979888916,0.0193,0.0332,3.6158,0,True
91,Gated_MLA,7,4,13,3.489504098892212,0.0214,0.0481,3.6537,0,True
91,Gated_MLA,7,4,14,3.4882559776306152,0.0241,0.0331,3.6367,0,True
91,Gated_MLA,7,4,15,3.4917759895324707,0.021,0.0328,3.6153,0,True
91,Gated_MLA,7,4,16,3.486527919769287,0.0173,0.0322,3.5987,0,True
91,Gated_MLA,7,4,17,3.8444159030914307,0.0198,0.0877,4.0673,0,True
91,Gated_MLA,7,4,18,3.501471996307373,0.0301,0.0333,3.6767,0,True
91,Gated_MLA,7,4,19,3.857055902481079,0.0191,0.0338,3.9758,0,True
91,Gated_MLA,7,4,20,3.488895893096924,0.023,0.0354,3.612,0,True
91,Gated_MLA,7,4,21,3.4881598949432373,0.018,0.063,3.6886,0,True
91,Gated_MLA,7,4,22,3.4954559803009033,0.027,0.0332,3.6464,0,True
91,Gated_MLA,7,4,23,3.487584114074707,0.0221,0.0354,3.6214,0,True
91,Gated_MLA,7,4,24,3.4858880043029785,0.0202,0.0357,3.5988,0,True
91,Gated_MLA,7,4,25,3.487423896789551,0.0221,0.0341,3.6081,0,True
91,Gated_MLA,7,4,26,3.4922239780426025,0.0225,0.0333,3.6131,0,True
91,Gated_MLA,7,4,27,3.485856056213379,0.0179,0.0345,3.5986,0,True
91,Gated_MLA,7,4,28,3.4896318912506104,0.0174,0.051,3.6398,0,True
91,Gated_MLA,7,4,29,3.4906558990478516,0.0278,0.0341,3.6426,0,True
91,Gated_MLA,7,4,30,3.4876160621643066,0.0207,0.0544,3.6507,0,True
91,Gated_MLA,7,4,31,3.4924159049987793,0.0294,0.0332,3.6427,0,True
91,Gated_MLA,7,4,32,3.488287925720215,0.0224,0.0509,3.6367,0,True
91,Gated_MLA,7,4,33,3.888767957687378,0.0251,0.0374,4.0325,0,True
91,Gated_MLA,7,4,34,3.487328052520752,0.0206,0.0334,3.6209,0,True
91,Gated_MLA,7,4,35,3.4926719665527344,0.0205,0.0347,3.6118,0,True
91,Gated_MLA,7,4,36,3.5083200931549072,0.0183,0.0341,3.6288,0,True
91,Gated_MLA,7,4,37,3.8745920658111572,0.02,0.0348,4.006,0,True
91,Gated_MLA,7,4,38,3.4903359413146973,0.0183,0.033,3.6304,0,True
91,Gated_MLA,7,4,39,3.4861440658569336,0.0207,0.0331,3.6056,0,True
91,Gated_MLA,7,4,40,3.4858241081237793,0.0183,0.0364,3.605,0,True
91,Gated_MLA,7,4,41,3.4926400184631348,0.0297,0.0353,3.6456,0,True
91,Gated_MLA,7,4,42,3.4933440685272217,0.0209,0.0329,3.6224,0,True
91,Gated_MLA,7,4,43,3.8875839710235596,0.0201,0.0344,4.0075,0,True
91,Gated_MLA,7,4,44,3.489919900894165,0.019,0.0344,3.6089,0,True
91,Gated_MLA,7,4,45,3.484287977218628,0.018,0.0342,3.5996,0,True
91,Gated_MLA,7,4,46,3.8652799129486084,0.0197,0.0331,3.9828,0,True
91,Gated_MLA,7,4,47,3.4982399940490723,0.0189,0.0346,3.6081,0,True
91,Gated_MLA,7,4,48,3.493504047393799,0.0184,0.0346,3.6026,0,True
91,Gated_MLA,7,4,49,3.511136054992676,0.0184,0.0348,3.6214,0,True
91,Gated_MLA,7,4,50,3.4863359928131104,0.0195,0.034,3.5968,0,True
91,Gated_MLA,7,4,51,3.492703914642334,0.0169,0.0346,3.5984,0,True
91,Gated_MLA,7,4,52,3.4862399101257324,0.0177,0.0351,3.5928,0,True
91,Gated_MLA,7,4,53,3.5040318965911865,0.0178,0.0345,3.6135,0,True
91,Gated_MLA,7,4,54,3.4864320755004883,0.0216,0.0361,3.6302,0,True
91,Gated_MLA,7,4,55,3.4874560832977295,0.0151,0.0332,3.5947,0,True
91,Gated_MLA,7,4,56,3.491744041442871,0.0197,0.034,3.6064,0,True
91,Gated_MLA,7,4,57,3.48854398727417,0.0208,0.0347,3.6123,0,True
91,Gated_MLA,7,4,58,3.4867520332336426,0.0181,0.0354,3.5951,0,True
91,Gated_MLA,7,4,59,3.5004799365997314,0.0185,0.04,3.6288,0,True
91,Gated_MLA,7,4,60,3.906752109527588,0.0211,0.0384,4.0404,0,True
91,Gated_MLA,7,4,61,3.5045759677886963,0.0167,0.036,3.612,0,True
91,Gated_MLA,7,4,62,3.504863977432251,0.0637,0.0346,3.6565,0,True
91,Gated_MLA,7,4,63,3.5054399967193604,0.0174,0.0344,3.6155,0,True
91,Gated_MLA,7,4,64,3.903872013092041,0.0213,0.0347,4.0183,0,True
91,Gated_MLA,7,4,65,3.5034561157226562,0.0188,0.0353,3.6184,0,True
91,Gated_MLA,7,4,66,3.5007359981536865,0.022,0.0356,3.6113,0,True
91,Gated_MLA,7,4,67,3.5037760734558105,0.019,0.0632,3.6853,0,True
91,Gated_MLA,7,4,68,3.883104085922241,0.0287,0.038,4.0528,0,True
91,Gated_MLA,7,4,69,3.5127360820770264,0.0358,0.0356,3.6809,0,True
91,Gated_MLA,7,4,70,3.5027520656585693,0.0206,0.0348,3.6322,0,True
91,Gated_MLA,7,4,71,3.506527900695801,0.02,0.0324,3.6305,0,True
91,Gated_MLA,7,4,72,3.5037119388580322,0.0218,0.0316,3.6332,0,True
91,Gated_MLA,7,4,73,3.893951892852783,0.0203,0.0458,4.0466,0,True
91,Gated_MLA,7,4,74,3.5084800720214844,0.0248,0.0336,3.6448,0,True
91,Gated_MLA,7,4,75,3.50764799118042,0.0206,0.0316,3.6603,0,True
91,Gated_MLA,7,4,76,3.5014400482177734,0.0186,0.0918,3.741,0,True
91,Gated_MLA,7,4,77,3.5146241188049316,0.0324,0.0692,3.7581,0,True
91,Gated_MLA,7,4,78,3.5108799934387207,0.0286,0.0336,3.6671,0,True
91,Gated_MLA,7,4,79,3.5081920623779297,0.0214,0.0333,3.6327,0,True
91,Gated_MLA,7,4,80,3.504863977432251,0.0213,0.0397,3.6444,0,True
91,Gated_MLA,7,4,81,3.9133119583129883,0.0218,0.102,4.1808,0,True
91,Gated_MLA,7,4,82,3.523360013961792,0.1124,0.0525,3.8168,0,True
91,Gated_MLA,7,4,83,3.507967948913574,0.0251,0.0326,3.6484,0,True
91,Gated_MLA,7,4,84,3.502527952194214,0.0207,0.0347,3.6367,0,True
91,Gated_MLA,7,4,85,3.5074241161346436,0.0247,0.0345,3.6406,0,True
91,Gated_MLA,7,4,86,3.5053439140319824,0.0205,0.0339,3.6232,0,True
91,Gated_MLA,7,4,87,3.503743886947632,0.0194,0.0327,3.627,0,True
91,Gated_MLA,7,4,88,3.499488115310669,0.0188,0.0781,3.7143,0,True
91,Gated_MLA,7,4,89,3.5284481048583984,0.0565,0.0531,3.7691,0,True
91,Gated_MLA,7,4,90,3.5127038955688477,0.0264,0.0342,3.6672,0,True
91,Gated_MLA,7,4,91,3.5016000270843506,0.0184,0.0345,3.6165,0,True
91,Gated_MLA,7,4,92,3.5023999214172363,0.0193,0.0515,3.6682,0,True
91,Gated_MLA,7,4,93,3.5072319507598877,0.0278,0.0697,3.7302,0,True
91,Gated_MLA,7,4,94,3.5133440494537354,0.0285,0.0339,3.6852,0,True
91,Gated_MLA,7,4,95,3.505664110183716,0.0223,0.0384,3.6451,0,True
91,Gated_MLA,7,4,96,3.9063680171966553,0.0223,0.0341,4.0418,0,True
91,Gated_MLA,7,4,97,3.5067520141601562,0.0215,0.0336,3.6401,0,True
91,Gated_MLA,7,4,98,3.500607967376709,0.0231,0.0349,3.634,0,True
91,Gated_MLA,7,4,99,3.8552958965301514,0.0233,0.0432,4.0082,0,True
91,Gated_MLA,7,4,100,3.5080959796905518,0.0228,0.0409,3.6612,0,True
91,Gated_MLA,7,4,101,3.506495952606201,0.0293,0.0794,3.7422,0,True
91,Gated_MLA,7,4,102,3.5119359493255615,0.0303,0.0337,3.6839,0,True
91,Gated_MLA,7,4,103,3.509536027908325,0.0204,0.0329,3.6352,0,True
91,Gated_MLA,7,4,104,3.5037119388580322,0.0194,0.0345,3.6218,0,True
91,Gated_MLA,7,4,105,3.865760087966919,0.0168,0.0357,3.9797,0,True
91,Gated_MLA,7,4,106,3.5115199089050293,0.0188,0.0339,3.624,0,True
91,Gated_MLA,7,4,107,3.5044798851013184,0.0172,0.034,3.6135,0,True
91,Gated_MLA,7,4,108,3.859231948852539,0.0178,0.035,3.9743,0,True
91,Gated_MLA,7,4,109,3.509471893310547,0.0173,0.0354,3.6223,0,True
91,Gated_MLA,7,4,110,3.5012800693511963,0.0184,0.0342,3.6143,0,True
91,Gated_MLA,7,4,111,3.504096031188965,0.0179,0.0339,3.6453,0,True
91,Gated_MLA,7,4,112,3.5032958984375,0.0199,0.0335,3.615,0,True
91,Gated_MLA,7,4,113,3.50710391998291,0.0184,0.0335,3.6217,0,True
91,Gated_MLA,7,4,114,3.505376100540161,0.0189,0.0344,3.6176,0,True
91,Gated_MLA,7,4,115,3.5036160945892334,0.0165,0.0367,3.6256,0,True
91,Gated_MLA,7,4,116,3.501728057861328,0.0211,0.0338,3.6182,0,True
91,Gated_MLA,7,4,117,3.5040318965911865,0.0185,0.0344,3.6118,0,True
91,Gated_MLA,7,4,118,3.502687931060791,0.0183,0.0352,3.616,0,True
91,Gated_MLA,7,4,119,3.5016961097717285,0.0192,0.0326,3.618,0,True
91,Gated_MLA,7,4,120,3.5010879039764404,0.0178,0.0356,3.6254,0,True
91,Gated_MLA,7,4,121,3.5041279792785645,0.0297,0.0341,3.6453,0,True
91,Gated_MLA,7,4,122,3.5017919540405273,0.0205,0.0343,3.629,0,True
91,Gated_MLA,7,4,123,3.9033279418945312,0.0201,0.036,4.0232,0,True
91,Gated_MLA,7,4,124,3.50547194480896,0.0204,0.0348,3.6225,0,True
91,Gated_MLA,7,4,125,3.4999680519104004,0.0191,0.0355,3.6172,0,True
91,Gated_MLA,7,4,126,3.5062079429626465,0.0163,0.041,3.6349,0,True
91,Gated_MLA,7,4,127,3.87609601020813,0.0221,0.0355,4.0121,0,True
91,Gated_MLA,7,4,128,3.501375913619995,0.0188,0.0358,3.6136,0,True
91,Gated_MLA,7,4,129,3.504512071609497,0.0179,0.0348,3.6182,0,True
91,Gated_MLA,7,4,130,3.5041279792785645,0.0187,0.0633,3.6786,0,True
91,Gated_MLA,7,4,131,3.87939190864563,0.0287,0.0644,4.0949,0,True
91,Gated_MLA,7,4,132,3.5094079971313477,0.0277,0.0789,3.7515,0,True
91,Gated_MLA,7,4,133,3.50927996635437,0.0271,0.034,3.6879,0,True
91,Gated_MLA,7,4,134,3.5039680004119873,0.0191,0.0555,3.6952,0,True
91,Gated_MLA,7,4,135,3.871648073196411,0.0232,0.063,4.0718,0,True
91,Gated_MLA,7,4,136,3.5045759677886963,0.0259,0.0337,3.66,0,True
91,Gated_MLA,7,4,137,3.5070080757141113,0.0189,0.035,3.6242,0,True
91,Gated_MLA,7,4,138,3.501215934753418,0.0186,0.044,3.6343,0,True
91,Gated_MLA,7,4,139,3.506272077560425,0.0218,0.0343,3.6311,0,True
91,Gated_MLA,7,4,140,3.505919933319092,0.0198,0.0334,3.6233,0,True
91,Gated_MLA,7,4,141,3.522847890853882,0.0181,0.035,3.63,0,True
91,Gated_MLA,7,4,142,3.501312017440796,0.0172,0.0327,3.6067,0,True
91,Gated_MLA,7,4,143,3.5021440982818604,0.0185,0.0856,3.7307,0,True
91,Gated_MLA,7,4,144,4.296448230743408,0.0297,0.0353,4.473,0,True
91,Gated_MLA,7,4,145,3.506175994873047,0.02,0.0333,3.6249,0,True
91,Gated_MLA,7,4,146,3.517632007598877,0.0192,0.0342,3.6297,0,True
91,Gated_MLA,7,4,147,3.5187840461730957,0.0181,0.0336,3.6332,0,True
91,Gated_MLA,7,4,148,3.5038399696350098,0.0229,0.0329,3.6235,0,True
91,Gated_MLA,7,4,149,3.5039680004119873,0.02,0.0333,3.6207,0,True
91,Gated_MLA,7,4,150,3.5008320808410645,0.0208,0.0324,3.6126,0,True
91,Gated_MLA,7,4,151,3.5039360523223877,0.0165,0.0324,3.6152,0,True
91,Gated_MLA,7,4,152,3.502880096435547,0.0166,0.0337,3.6124,0,True
91,Gated_MLA,7,4,153,3.506943941116333,0.0203,0.0326,3.6356,0,True
91,Gated_MLA,7,4,154,3.5101120471954346,0.02,0.0338,3.6461,0,True
91,Gated_MLA,7,4,155,3.5037119388580322,0.0188,0.0734,3.7087,0,True
91,Gated_MLA,7,4,156,3.514944076538086,0.033,0.0873,3.7972,0,True
91,Gated_MLA,7,4,157,3.510528087615967,0.0308,0.0344,3.7001,0,True
91,Gated_MLA,7,4,158,3.899456024169922,0.018,0.0361,4.0238,0,True
91,Gated_MLA,7,4,159,3.5041921138763428,0.0189,0.0607,3.687,0,True
91,Gated_MLA,7,4,160,3.5406079292297363,0.031,0.063,3.7933,0,True
91,Gated_MLA,7,4,161,3.511392116546631,0.0251,0.0345,3.6846,0,True
91,Gated_MLA,7,4,162,3.8936638832092285,0.02,0.0489,4.0458,0,True
91,Gated_MLA,7,4,163,3.5063679218292236,0.0291,0.0357,3.6582,0,True
91,Gated_MLA,7,4,164,3.504607915878296,0.0203,0.0338,3.6328,0,True
91,Gated_MLA,7,4,165,3.5004799365997314,0.0211,0.0356,3.6176,0,True
91,Gated_MLA,7,4,166,3.505023956298828,0.0182,0.0341,3.6225,0,True
91,Gated_MLA,7,4,167,3.510335922241211,0.0206,0.0347,3.657,0,True
91,Gated_MLA,7,4,168,3.5072638988494873,0.0186,0.0763,3.7094,0,True
91,Gated_MLA,7,4,169,3.9148480892181396,0.0287,0.0454,4.1029,0,True
91,Gated_MLA,7,4,170,3.5038719177246094,0.0308,0.0327,3.6597,0,True
91,Gated_MLA,7,4,171,3.890687942504883,0.022,0.0341,4.0275,0,True
91,Gated_MLA,7,4,172,3.504159927368164,0.0191,0.0344,3.6244,0,True
91,Gated_MLA,7,4,173,3.501823902130127,0.0186,0.0329,3.6148,0,True
91,Gated_MLA,7,4,174,3.504672050476074,0.0196,0.0357,3.6217,0,True
91,Gated_MLA,7,4,175,3.510751962661743,0.02,0.0332,3.629,0,True
91,Gated_MLA,7,4,176,3.502847909927368,0.0185,0.0332,3.6205,0,True
91,Gated_MLA,7,4,177,3.5185279846191406,0.0178,0.034,3.6267,0,True
91,Gated_MLA,7,4,178,3.5027201175689697,0.0179,0.0352,3.6143,0,True
91,Gated_MLA,7,4,179,3.520416021347046,0.0175,0.0345,3.6267,0,True
91,Gated_MLA,7,4,180,3.504767894744873,0.018,0.0377,3.631,0,True
91,Gated_MLA,7,4,181,3.5072319507598877,0.0218,0.0339,3.6358,0,True
91,Gated_MLA,7,4,182,3.5022079944610596,0.0188,0.034,3.6113,0,True
91,Gated_MLA,7,4,183,3.523776054382324,0.0175,0.0352,3.6308,0,True
91,Gated_MLA,7,4,184,3.502592086791992,0.0182,0.0338,3.6124,0,True
91,Gated_MLA,7,4,185,4.242176055908203,0.0229,0.0519,4.4001,0,True
91,Gated_MLA,7,4,186,3.5051839351654053,0.0251,0.0341,3.6415,0,True
91,Gated_MLA,7,4,187,3.505919933319092,0.019,0.034,3.6242,0,True
91,Gated_MLA,7,4,188,3.5079360008239746,0.0196,0.035,3.621,0,True
91,Gated_MLA,7,4,189,3.9120640754699707,0.0189,0.0331,4.0244,0,True
91,Gated_MLA,7,4,190,3.5027520656585693,0.0193,0.0363,3.6146,0,True
91,Gated_MLA,7,4,191,3.5004799365997314,0.0176,0.0348,3.6092,0,True
91,Gated_MLA,7,4,192,3.497215986251831,0.0202,0.0342,3.6098,0,True
91,Gated_MLA,7,4,193,3.507711887359619,0.0192,0.0883,3.7373,0,True
91,Gated_MLA,7,4,194,3.9150400161743164,0.0319,0.0358,4.0915,0,True
91,Gated_MLA,7,4,195,3.505664110183716,0.0245,0.0316,3.6356,0,True
91,Gated_MLA,7,4,196,3.5055999755859375,0.0207,0.0329,3.6257,0,True
91,Gated_MLA,7,4,197,3.5069758892059326,0.0207,0.0331,3.6291,0,True
91,Gated_MLA,7,4,198,3.8981120586395264,0.0725,0.0339,4.0727,0,True
91,Gated_MLA,7,4,199,3.5084800720214844,0.0197,0.0375,3.6282,0,True
