inventory_id,layer_id,source_node_id,destination_node_id,objective_before,objective_after,relative_gain_percent,starting_candidate,relocation_iteration,accepted
coarse-friendly-01,6,coarse-000,coarse-002,3.9515794425444906,4.313545144286576,9.160025934060666,FROZEN_A,1,True
coarse-friendly-01,18,coarse-020,coarse-002,4.313545144286576,4.328624216495815,0.3495749251450686,FROZEN_A,2,True
coarse-friendly-01,90,coarse-012,coarse-000,4.328624216495815,4.533366951331918,4.729972494629031,FROZEN_A,3,True
coarse-friendly-01,8,coarse-010,coarse-003,4.533366951331918,4.583837626892478,1.113315469548115,FROZEN_A,4,True
coarse-friendly-01,13,coarse-016,coarse-004,4.583837626892478,4.659011551997607,1.6399779229547384,FROZEN_A,5,True
coarse-friendly-01,9,coarse-006,coarse-012,4.659011551997607,4.747551483918028,1.9004016395378631,FROZEN_A,6,True
coarse-friendly-01,92,coarse-031,coarse-020,4.747551483918028,4.836124616157446,1.8656592253807558,FROZEN_A,7,True
coarse-friendly-01,76,coarse-009,coarse-006,4.836124616157446,5.057046835624591,4.56816639358395,FROZEN_A,8,True
coarse-friendly-01,24,coarse-024,coarse-009,5.057046835624591,5.078350737649564,0.4212715981765758,FROZEN_A,9,True
coarse-friendly-01,81,coarse-015,coarse-016,5.078350737649564,5.1010274404282825,0.44653675868819853,FROZEN_A,10,True
coarse-friendly-01,29,coarse-022,coarse-031,5.1010274404282825,5.1088613851594005,0.15357582021673366,FROZEN_A,11,True
coarse-friendly-01,85,coarse-025,coarse-024,5.1088613851594005,5.1461374392945265,0.7296352616535717,FROZEN_A,12,True
coarse-friendly-01,7,coarse-007,coarse-015,5.1461374392945265,5.190433144273111,0.8607563536946028,FROZEN_A,13,True
coarse-friendly-01,88,coarse-035,coarse-022,5.190433144273111,5.214505239147972,0.463778151182237,FROZEN_A,14,True
coarse-friendly-01,78,coarse-011,coarse-010,5.214505239147972,5.301065918380978,1.6599979339008142,FROZEN_A,15,True
coarse-friendly-01,3,coarse-001,coarse-011,5.301065918380978,5.51384915909648,4.0139708502340055,FROZEN_A,16,True
coarse-friendly-01,6,coarse-000,coarse-002,3.9515794425444906,4.313545144286576,9.160025934060666,FROZEN_B,1,True
coarse-friendly-01,18,coarse-020,coarse-002,4.313545144286576,4.328624216495815,0.3495749251450686,FROZEN_B,2,True
coarse-friendly-01,90,coarse-012,coarse-000,4.328624216495815,4.533366951331918,4.729972494629031,FROZEN_B,3,True
coarse-friendly-01,8,coarse-010,coarse-003,4.533366951331918,4.583837626892478,1.113315469548115,FROZEN_B,4,True
coarse-friendly-01,13,coarse-016,coarse-004,4.583837626892478,4.659011551997607,1.6399779229547384,FROZEN_B,5,True
coarse-friendly-01,9,coarse-006,coarse-012,4.659011551997607,4.747551483918028,1.9004016395378631,FROZEN_B,6,True
coarse-friendly-01,92,coarse-031,coarse-020,4.747551483918028,4.836124616157446,1.8656592253807558,FROZEN_B,7,True
coarse-friendly-01,76,coarse-009,coarse-006,4.836124616157446,5.057046835624591,4.56816639358395,FROZEN_B,8,True
coarse-friendly-01,24,coarse-024,coarse-009,5.057046835624591,5.078350737649564,0.4212715981765758,FROZEN_B,9,True
coarse-friendly-01,81,coarse-015,coarse-016,5.078350737649564,5.1010274404282825,0.44653675868819853,FROZEN_B,10,True
coarse-friendly-01,29,coarse-022,coarse-031,5.1010274404282825,5.1088613851594005,0.15357582021673366,FROZEN_B,11,True
coarse-friendly-01,85,coarse-025,coarse-024,5.1088613851594005,5.1461374392945265,0.7296352616535717,FROZEN_B,12,True
coarse-friendly-01,7,coarse-007,coarse-015,5.1461374392945265,5.190433144273111,0.8607563536946028,FROZEN_B,13,True
coarse-friendly-01,88,coarse-035,coarse-022,5.190433144273111,5.214505239147972,0.463778151182237,FROZEN_B,14,True
coarse-friendly-01,78,coarse-011,coarse-010,5.214505239147972,5.301065918380978,1.6599979339008142,FROZEN_B,15,True
coarse-friendly-01,3,coarse-001,coarse-011,5.301065918380978,5.51384915909648,4.0139708502340055,FROZEN_B,16,True
coarse-friendly-01,6,coarse-000,coarse-002,3.9515794425444906,4.313545144286576,9.160025934060666,FROZEN_C,1,True
coarse-friendly-01,18,coarse-020,coarse-002,4.313545144286576,4.328624216495815,0.3495749251450686,FROZEN_C,2,True
coarse-friendly-01,90,coarse-012,coarse-000,4.328624216495815,4.533366951331918,4.729972494629031,FROZEN_C,3,True
coarse-friendly-01,8,coarse-010,coarse-003,4.533366951331918,4.583837626892478,1.113315469548115,FROZEN_C,4,True
coarse-friendly-01,13,coarse-016,coarse-004,4.583837626892478,4.659011551997607,1.6399779229547384,FROZEN_C,5,True
coarse-friendly-01,9,coarse-006,coarse-012,4.659011551997607,4.747551483918028,1.9004016395378631,FROZEN_C,6,True
coarse-friendly-01,92,coarse-031,coarse-020,4.747551483918028,4.836124616157446,1.8656592253807558,FROZEN_C,7,True
coarse-friendly-01,76,coarse-009,coarse-006,4.836124616157446,5.057046835624591,4.56816639358395,FROZEN_C,8,True
coarse-friendly-01,24,coarse-024,coarse-009,5.057046835624591,5.078350737649564,0.4212715981765758,FROZEN_C,9,True
coarse-friendly-01,81,coarse-015,coarse-016,5.078350737649564,5.1010274404282825,0.44653675868819853,FROZEN_C,10,True
coarse-friendly-01,29,coarse-022,coarse-031,5.1010274404282825,5.1088613851594005,0.15357582021673366,FROZEN_C,11,True
coarse-friendly-01,85,coarse-025,coarse-024,5.1088613851594005,5.1461374392945265,0.7296352616535717,FROZEN_C,12,True
coarse-friendly-01,7,coarse-007,coarse-015,5.1461374392945265,5.190433144273111,0.8607563536946028,FROZEN_C,13,True
coarse-friendly-01,88,coarse-035,coarse-022,5.190433144273111,5.214505239147972,0.463778151182237,FROZEN_C,14,True
coarse-friendly-01,78,coarse-011,coarse-010,5.214505239147972,5.301065918380978,1.6599979339008142,FROZEN_C,15,True
coarse-friendly-01,3,coarse-001,coarse-011,5.301065918380978,5.51384915909648,4.0139708502340055,FROZEN_C,16,True
coarse-friendly-01,6,coarse-000,coarse-002,3.9515794425444906,4.313545144286576,9.160025934060666,FROZEN_D,1,True
coarse-friendly-01,18,coarse-020,coarse-002,4.313545144286576,4.328624216495815,0.3495749251450686,FROZEN_D,2,True
coarse-friendly-01,90,coarse-012,coarse-000,4.328624216495815,4.533366951331918,4.729972494629031,FROZEN_D,3,True
coarse-friendly-01,8,coarse-010,coarse-003,4.533366951331918,4.583837626892478,1.113315469548115,FROZEN_D,4,True
coarse-friendly-01,13,coarse-016,coarse-004,4.583837626892478,4.659011551997607,1.6399779229547384,FROZEN_D,5,True
coarse-friendly-01,9,coarse-006,coarse-012,4.659011551997607,4.747551483918028,1.9004016395378631,FROZEN_D,6,True
coarse-friendly-01,92,coarse-031,coarse-020,4.747551483918028,4.836124616157446,1.8656592253807558,FROZEN_D,7,True
coarse-friendly-01,76,coarse-009,coarse-006,4.836124616157446,5.057046835624591,4.56816639358395,FROZEN_D,8,True
coarse-friendly-01,24,coarse-024,coarse-009,5.057046835624591,5.078350737649564,0.4212715981765758,FROZEN_D,9,True
coarse-friendly-01,81,coarse-015,coarse-016,5.078350737649564,5.1010274404282825,0.44653675868819853,FROZEN_D,10,True
coarse-friendly-01,29,coarse-022,coarse-031,5.1010274404282825,5.1088613851594005,0.15357582021673366,FROZEN_D,11,True
coarse-friendly-01,85,coarse-025,coarse-024,5.1088613851594005,5.1461374392945265,0.7296352616535717,FROZEN_D,12,True
coarse-friendly-01,7,coarse-007,coarse-015,5.1461374392945265,5.190433144273111,0.8607563536946028,FROZEN_D,13,True
coarse-friendly-01,88,coarse-035,coarse-022,5.190433144273111,5.214505239147972,0.463778151182237,FROZEN_D,14,True
coarse-friendly-01,78,coarse-011,coarse-010,5.214505239147972,5.301065918380978,1.6599979339008142,FROZEN_D,15,True
coarse-friendly-01,3,coarse-001,coarse-011,5.301065918380978,5.51384915909648,4.0139708502340055,FROZEN_D,16,True
coarse-friendly-01,6,coarse-000,coarse-002,3.9515794425444906,4.313545144286576,9.160025934060666,FROZEN_E,1,True
coarse-friendly-01,18,coarse-020,coarse-002,4.313545144286576,4.328624216495815,0.3495749251450686,FROZEN_E,2,True
coarse-friendly-01,90,coarse-012,coarse-000,4.328624216495815,4.533366951331918,4.729972494629031,FROZEN_E,3,True
coarse-friendly-01,8,coarse-010,coarse-003,4.533366951331918,4.583837626892478,1.113315469548115,FROZEN_E,4,True
coarse-friendly-01,13,coarse-016,coarse-004,4.583837626892478,4.659011551997607,1.6399779229547384,FROZEN_E,5,True
coarse-friendly-01,9,coarse-006,coarse-012,4.659011551997607,4.747551483918028,1.9004016395378631,FROZEN_E,6,True
coarse-friendly-01,92,coarse-031,coarse-020,4.747551483918028,4.836124616157446,1.8656592253807558,FROZEN_E,7,True
coarse-friendly-01,76,coarse-009,coarse-006,4.836124616157446,5.057046835624591,4.56816639358395,FROZEN_E,8,True
coarse-friendly-01,24,coarse-024,coarse-009,5.057046835624591,5.078350737649564,0.4212715981765758,FROZEN_E,9,True
coarse-friendly-01,81,coarse-015,coarse-016,5.078350737649564,5.1010274404282825,0.44653675868819853,FROZEN_E,10,True
coarse-friendly-01,29,coarse-022,coarse-031,5.1010274404282825,5.1088613851594005,0.15357582021673366,FROZEN_E,11,True
coarse-friendly-01,85,coarse-025,coarse-024,5.1088613851594005,5.1461374392945265,0.7296352616535717,FROZEN_E,12,True
coarse-friendly-01,7,coarse-007,coarse-015,5.1461374392945265,5.190433144273111,0.8607563536946028,FROZEN_E,13,True
coarse-friendly-01,88,coarse-035,coarse-022,5.190433144273111,5.214505239147972,0.463778151182237,FROZEN_E,14,True
coarse-friendly-01,78,coarse-011,coarse-010,5.214505239147972,5.301065918380978,1.6599979339008142,FROZEN_E,15,True
coarse-friendly-01,3,coarse-001,coarse-011,5.301065918380978,5.51384915909648,4.0139708502340055,FROZEN_E,16,True
coarse-friendly-02,20,coarse-023,coarse-002,4.432844365806232,4.529161818046363,2.1728137577555984,FROZEN_A,1,True
coarse-friendly-02,7,coarse-003,coarse-002,4.529161818046363,4.701878792111142,3.813442332234418,FROZEN_A,2,True
coarse-friendly-02,90,coarse-028,coarse-023,4.701878792111142,4.755997985594204,1.15101209273758,FROZEN_A,3,True
coarse-friendly-02,8,coarse-006,coarse-016,4.755997985594204,4.807925300214605,1.0918279355392357,FROZEN_A,4,True
coarse-friendly-02,80,coarse-015,coarse-003,4.807925300214605,4.89219380898401,1.7527000422748573,FROZEN_A,5,True
coarse-friendly-02,22,coarse-025,coarse-006,4.89219380898401,4.920955940868151,0.5879188970666194,FROZEN_A,6,True
coarse-friendly-02,10,coarse-005,coarse-015,4.920955940868151,4.944380222033494,0.47601078828620746,FROZEN_A,7,True
coarse-friendly-02,13,coarse-013,coarse-005,4.944380222033494,5.009182910132517,1.3106331873557142,FROZEN_A,8,True
coarse-friendly-02,1,coarse-001,coarse-019,5.009182910132517,5.044812919594665,0.7112938397612956,FROZEN_A,9,True
coarse-friendly-02,13,coarse-005,coarse-001,5.044812919594665,5.1144430090749555,1.3802313503012087,FROZEN_A,10,True
coarse-friendly-02,68,coarse-009,coarse-005,5.1144430090749555,5.14892525802517,0.6742131819443609,FROZEN_A,11,True
coarse-friendly-02,5,coarse-008,coarse-009,5.14892525802517,5.196079664137901,0.9158106546455658,FROZEN_A,12,True
coarse-friendly-02,30,coarse-033,coarse-008,5.196079664137901,5.226404260309233,0.5836052972902905,FROZEN_A,13,True
coarse-friendly-02,85,coarse-030,coarse-025,5.226404260309233,5.233352375982852,0.1329425610334889,FROZEN_A,14,True
coarse-friendly-02,25,coarse-026,coarse-028,5.233352375982852,5.243491075455053,0.19373240599525055,FROZEN_A,15,True
coarse-friendly-02,82,coarse-027,coarse-026,5.243491075455053,5.254418018877692,0.20839061734627684,FROZEN_A,16,True
coarse-friendly-02,20,coarse-023,coarse-002,4.432844365806232,4.529161818046363,2.1728137577555984,FROZEN_B,1,True
coarse-friendly-02,7,coarse-003,coarse-002,4.529161818046363,4.701878792111142,3.813442332234418,FROZEN_B,2,True
coarse-friendly-02,90,coarse-028,coarse-023,4.701878792111142,4.755997985594204,1.15101209273758,FROZEN_B,3,True
coarse-friendly-02,8,coarse-006,coarse-016,4.755997985594204,4.807925300214605,1.0918279355392357,FROZEN_B,4,True
coarse-friendly-02,80,coarse-015,coarse-003,4.807925300214605,4.89219380898401,1.7527000422748573,FROZEN_B,5,True
coarse-friendly-02,22,coarse-025,coarse-006,4.89219380898401,4.920955940868151,0.5879188970666194,FROZEN_B,6,True
coarse-friendly-02,10,coarse-005,coarse-015,4.920955940868151,4.944380222033494,0.47601078828620746,FROZEN_B,7,True
coarse-friendly-02,13,coarse-013,coarse-005,4.944380222033494,5.009182910132517,1.3106331873557142,FROZEN_B,8,True
coarse-friendly-02,1,coarse-001,coarse-019,5.009182910132517,5.044812919594665,0.7112938397612956,FROZEN_B,9,True
coarse-friendly-02,13,coarse-005,coarse-001,5.044812919594665,5.1144430090749555,1.3802313503012087,FROZEN_B,10,True
coarse-friendly-02,68,coarse-009,coarse-005,5.1144430090749555,5.14892525802517,0.6742131819443609,FROZEN_B,11,True
coarse-friendly-02,5,coarse-008,coarse-009,5.14892525802517,5.196079664137901,0.9158106546455658,FROZEN_B,12,True
coarse-friendly-02,30,coarse-033,coarse-008,5.196079664137901,5.226404260309233,0.5836052972902905,FROZEN_B,13,True
coarse-friendly-02,85,coarse-030,coarse-025,5.226404260309233,5.233352375982852,0.1329425610334889,FROZEN_B,14,True
coarse-friendly-02,25,coarse-026,coarse-028,5.233352375982852,5.243491075455053,0.19373240599525055,FROZEN_B,15,True
coarse-friendly-02,82,coarse-027,coarse-026,5.243491075455053,5.254418018877692,0.20839061734627684,FROZEN_B,16,True
coarse-friendly-02,20,coarse-023,coarse-002,4.432844365806232,4.529161818046363,2.1728137577555984,FROZEN_C,1,True
coarse-friendly-02,7,coarse-003,coarse-002,4.529161818046363,4.701878792111142,3.813442332234418,FROZEN_C,2,True
coarse-friendly-02,90,coarse-028,coarse-023,4.701878792111142,4.755997985594204,1.15101209273758,FROZEN_C,3,True
coarse-friendly-02,8,coarse-006,coarse-016,4.755997985594204,4.807925300214605,1.0918279355392357,FROZEN_C,4,True
coarse-friendly-02,80,coarse-015,coarse-003,4.807925300214605,4.89219380898401,1.7527000422748573,FROZEN_C,5,True
coarse-friendly-02,22,coarse-025,coarse-006,4.89219380898401,4.920955940868151,0.5879188970666194,FROZEN_C,6,True
coarse-friendly-02,10,coarse-005,coarse-015,4.920955940868151,4.944380222033494,0.47601078828620746,FROZEN_C,7,True
coarse-friendly-02,13,coarse-013,coarse-005,4.944380222033494,5.009182910132517,1.3106331873557142,FROZEN_C,8,True
coarse-friendly-02,1,coarse-001,coarse-019,5.009182910132517,5.044812919594665,0.7112938397612956,FROZEN_C,9,True
coarse-friendly-02,13,coarse-005,coarse-001,5.044812919594665,5.1144430090749555,1.3802313503012087,FROZEN_C,10,True
coarse-friendly-02,68,coarse-009,coarse-005,5.1144430090749555,5.14892525802517,0.6742131819443609,FROZEN_C,11,True
coarse-friendly-02,5,coarse-008,coarse-009,5.14892525802517,5.196079664137901,0.9158106546455658,FROZEN_C,12,True
coarse-friendly-02,30,coarse-033,coarse-008,5.196079664137901,5.226404260309233,0.5836052972902905,FROZEN_C,13,True
coarse-friendly-02,85,coarse-030,coarse-025,5.226404260309233,5.233352375982852,0.1329425610334889,FROZEN_C,14,True
coarse-friendly-02,25,coarse-026,coarse-028,5.233352375982852,5.243491075455053,0.19373240599525055,FROZEN_C,15,True
coarse-friendly-02,82,coarse-027,coarse-026,5.243491075455053,5.254418018877692,0.20839061734627684,FROZEN_C,16,True
coarse-friendly-02,20,coarse-023,coarse-002,4.432844365806232,4.529161818046363,2.1728137577555984,FROZEN_D,1,True
coarse-friendly-02,7,coarse-003,coarse-002,4.529161818046363,4.701878792111142,3.813442332234418,FROZEN_D,2,True
coarse-friendly-02,90,coarse-028,coarse-023,4.701878792111142,4.755997985594204,1.15101209273758,FROZEN_D,3,True
coarse-friendly-02,8,coarse-006,coarse-016,4.755997985594204,4.807925300214605,1.0918279355392357,FROZEN_D,4,True
coarse-friendly-02,80,coarse-015,coarse-003,4.807925300214605,4.89219380898401,1.7527000422748573,FROZEN_D,5,True
coarse-friendly-02,22,coarse-025,coarse-006,4.89219380898401,4.920955940868151,0.5879188970666194,FROZEN_D,6,True
coarse-friendly-02,10,coarse-005,coarse-015,4.920955940868151,4.944380222033494,0.47601078828620746,FROZEN_D,7,True
coarse-friendly-02,13,coarse-013,coarse-005,4.944380222033494,5.009182910132517,1.3106331873557142,FROZEN_D,8,True
coarse-friendly-02,1,coarse-001,coarse-019,5.009182910132517,5.044812919594665,0.7112938397612956,FROZEN_D,9,True
coarse-friendly-02,13,coarse-005,coarse-001,5.044812919594665,5.1144430090749555,1.3802313503012087,FROZEN_D,10,True
coarse-friendly-02,68,coarse-009,coarse-005,5.1144430090749555,5.14892525802517,0.6742131819443609,FROZEN_D,11,True
coarse-friendly-02,5,coarse-008,coarse-009,5.14892525802517,5.196079664137901,0.9158106546455658,FROZEN_D,12,True
coarse-friendly-02,30,coarse-033,coarse-008,5.196079664137901,5.226404260309233,0.5836052972902905,FROZEN_D,13,True
coarse-friendly-02,85,coarse-030,coarse-025,5.226404260309233,5.233352375982852,0.1329425610334889,FROZEN_D,14,True
coarse-friendly-02,25,coarse-026,coarse-028,5.233352375982852,5.243491075455053,0.19373240599525055,FROZEN_D,15,True
coarse-friendly-02,82,coarse-027,coarse-026,5.243491075455053,5.254418018877692,0.20839061734627684,FROZEN_D,16,True
coarse-friendly-02,20,coarse-023,coarse-002,4.432844365806232,4.529161818046363,2.1728137577555984,FROZEN_E,1,True
coarse-friendly-02,7,coarse-003,coarse-002,4.529161818046363,4.701878792111142,3.813442332234418,FROZEN_E,2,True
coarse-friendly-02,90,coarse-028,coarse-023,4.701878792111142,4.755997985594204,1.15101209273758,FROZEN_E,3,True
coarse-friendly-02,8,coarse-006,coarse-016,4.755997985594204,4.807925300214605,1.0918279355392357,FROZEN_E,4,True
coarse-friendly-02,80,coarse-015,coarse-003,4.807925300214605,4.89219380898401,1.7527000422748573,FROZEN_E,5,True
coarse-friendly-02,22,coarse-025,coarse-006,4.89219380898401,4.920955940868151,0.5879188970666194,FROZEN_E,6,True
coarse-friendly-02,10,coarse-005,coarse-015,4.920955940868151,4.944380222033494,0.47601078828620746,FROZEN_E,7,True
coarse-friendly-02,13,coarse-013,coarse-005,4.944380222033494,5.009182910132517,1.3106331873557142,FROZEN_E,8,True
coarse-friendly-02,1,coarse-001,coarse-019,5.009182910132517,5.044812919594665,0.7112938397612956,FROZEN_E,9,True
coarse-friendly-02,13,coarse-005,coarse-001,5.044812919594665,5.1144430090749555,1.3802313503012087,FROZEN_E,10,True
coarse-friendly-02,68,coarse-009,coarse-005,5.1144430090749555,5.14892525802517,0.6742131819443609,FROZEN_E,11,True
coarse-friendly-02,5,coarse-008,coarse-009,5.14892525802517,5.196079664137901,0.9158106546455658,FROZEN_E,12,True
coarse-friendly-02,30,coarse-033,coarse-008,5.196079664137901,5.226404260309233,0.5836052972902905,FROZEN_E,13,True
coarse-friendly-02,85,coarse-030,coarse-025,5.226404260309233,5.233352375982852,0.1329425610334889,FROZEN_E,14,True
coarse-friendly-02,25,coarse-026,coarse-028,5.233352375982852,5.243491075455053,0.19373240599525055,FROZEN_E,15,True
coarse-friendly-02,82,coarse-027,coarse-026,5.243491075455053,5.254418018877692,0.20839061734627684,FROZEN_E,16,True
coarse-friendly-03,20,coarse-020,coarse-002,4.471700121183494,4.550192945573286,1.7553239766225248,FROZEN_A,1,True
coarse-friendly-03,18,coarse-015,coarse-002,4.550192945573286,4.685075269523277,2.9643209763491996,FROZEN_A,2,True
coarse-friendly-03,67,coarse-000,coarse-005,4.685075269523277,4.793708973749823,2.3187184405171646,FROZEN_A,3,True
coarse-friendly-03,11,coarse-008,coarse-000,4.793708973749823,4.888339298026325,1.9740523422405065,FROZEN_A,4,True
coarse-friendly-03,3,coarse-003,coarse-019,4.888339298026325,4.935954130097148,0.9740492459279215,FROZEN_A,5,True
coarse-friendly-03,7,coarse-004,coarse-003,4.935954130097148,4.968649653242883,0.6623951982530185,FROZEN_A,6,True
coarse-friendly-03,67,coarse-005,coarse-004,4.968649653242883,4.981465038434802,0.2579249109172954,FROZEN_A,7,True
coarse-friendly-03,88,coarse-029,coarse-015,4.981465038434802,4.987133953910021,0.11380016584439101,FROZEN_A,8,True
coarse-friendly-03,30,coarse-032,coarse-005,4.987133953910021,5.021153539178865,0.6821470123570927,FROZEN_A,9,True
coarse-friendly-03,21,coarse-022,coarse-008,5.021153539178865,5.029896548950388,0.17412352964918387,FROZEN_A,10,True
coarse-friendly-03,29,coarse-030,coarse-022,5.029896548950388,5.041700825861622,0.23468230005043722,FROZEN_A,11,True
coarse-friendly-03,25,coarse-028,coarse-029,5.041700825861622,5.046868969283298,0.10250793532144975,FROZEN_A,12,True
coarse-friendly-03,78,coarse-016,coarse-020,5.046868969283298,5.060046767013686,0.2611083784935131,FROZEN_A,13,True
coarse-friendly-03,6,coarse-009,coarse-016,5.060046767013686,5.11126521114701,1.0122128607034764,FROZEN_A,14,True
coarse-friendly-03,13,coarse-001,coarse-009,5.11126521114701,5.1507052959760795,0.7716305689451586,FROZEN_A,15,True
coarse-friendly-03,85,coarse-031,coarse-028,5.1507052959760795,5.161001869465793,0.1999060885459203,FROZEN_A,16,True
coarse-friendly-03,20,coarse-020,coarse-002,4.471700121183494,4.550192945573286,1.7553239766225248,FROZEN_B,1,True
coarse-friendly-03,18,coarse-015,coarse-002,4.550192945573286,4.685075269523277,2.9643209763491996,FROZEN_B,2,True
coarse-friendly-03,67,coarse-000,coarse-005,4.685075269523277,4.793708973749823,2.3187184405171646,FROZEN_B,3,True
coarse-friendly-03,11,coarse-008,coarse-000,4.793708973749823,4.888339298026325,1.9740523422405065,FROZEN_B,4,True
coarse-friendly-03,3,coarse-003,coarse-019,4.888339298026325,4.935954130097148,0.9740492459279215,FROZEN_B,5,True
coarse-friendly-03,7,coarse-004,coarse-003,4.935954130097148,4.968649653242883,0.6623951982530185,FROZEN_B,6,True
coarse-friendly-03,67,coarse-005,coarse-004,4.968649653242883,4.981465038434802,0.2579249109172954,FROZEN_B,7,True
coarse-friendly-03,88,coarse-029,coarse-015,4.981465038434802,4.987133953910021,0.11380016584439101,FROZEN_B,8,True
coarse-friendly-03,30,coarse-032,coarse-005,4.987133953910021,5.021153539178865,0.6821470123570927,FROZEN_B,9,True
coarse-friendly-03,21,coarse-022,coarse-008,5.021153539178865,5.029896548950388,0.17412352964918387,FROZEN_B,10,True
coarse-friendly-03,29,coarse-030,coarse-022,5.029896548950388,5.041700825861622,0.23468230005043722,FROZEN_B,11,True
coarse-friendly-03,25,coarse-028,coarse-029,5.041700825861622,5.046868969283298,0.10250793532144975,FROZEN_B,12,True
coarse-friendly-03,78,coarse-016,coarse-020,5.046868969283298,5.060046767013686,0.2611083784935131,FROZEN_B,13,True
coarse-friendly-03,6,coarse-009,coarse-016,5.060046767013686,5.11126521114701,1.0122128607034764,FROZEN_B,14,True
coarse-friendly-03,13,coarse-001,coarse-009,5.11126521114701,5.1507052959760795,0.7716305689451586,FROZEN_B,15,True
coarse-friendly-03,85,coarse-031,coarse-028,5.1507052959760795,5.161001869465793,0.1999060885459203,FROZEN_B,16,True
coarse-friendly-03,20,coarse-020,coarse-002,4.471700121183494,4.550192945573286,1.7553239766225248,FROZEN_C,1,True
coarse-friendly-03,18,coarse-015,coarse-002,4.550192945573286,4.685075269523277,2.9643209763491996,FROZEN_C,2,True
coarse-friendly-03,67,coarse-000,coarse-005,4.685075269523277,4.793708973749823,2.3187184405171646,FROZEN_C,3,True
coarse-friendly-03,11,coarse-008,coarse-000,4.793708973749823,4.888339298026325,1.9740523422405065,FROZEN_C,4,True
coarse-friendly-03,3,coarse-003,coarse-019,4.888339298026325,4.935954130097148,0.9740492459279215,FROZEN_C,5,True
coarse-friendly-03,7,coarse-004,coarse-003,4.935954130097148,4.968649653242883,0.6623951982530185,FROZEN_C,6,True
coarse-friendly-03,67,coarse-005,coarse-004,4.968649653242883,4.981465038434802,0.2579249109172954,FROZEN_C,7,True
coarse-friendly-03,88,coarse-029,coarse-015,4.981465038434802,4.987133953910021,0.11380016584439101,FROZEN_C,8,True
coarse-friendly-03,30,coarse-032,coarse-005,4.987133953910021,5.021153539178865,0.6821470123570927,FROZEN_C,9,True
coarse-friendly-03,21,coarse-022,coarse-008,5.021153539178865,5.029896548950388,0.17412352964918387,FROZEN_C,10,True
coarse-friendly-03,29,coarse-030,coarse-022,5.029896548950388,5.041700825861622,0.23468230005043722,FROZEN_C,11,True
coarse-friendly-03,25,coarse-028,coarse-029,5.041700825861622,5.046868969283298,0.10250793532144975,FROZEN_C,12,True
coarse-friendly-03,78,coarse-016,coarse-020,5.046868969283298,5.060046767013686,0.2611083784935131,FROZEN_C,13,True
coarse-friendly-03,6,coarse-009,coarse-016,5.060046767013686,5.11126521114701,1.0122128607034764,FROZEN_C,14,True
coarse-friendly-03,13,coarse-001,coarse-009,5.11126521114701,5.1507052959760795,0.7716305689451586,FROZEN_C,15,True
coarse-friendly-03,85,coarse-031,coarse-028,5.1507052959760795,5.161001869465793,0.1999060885459203,FROZEN_C,16,True
coarse-friendly-03,20,coarse-020,coarse-002,4.471700121183494,4.550192945573286,1.7553239766225248,FROZEN_D,1,True
coarse-friendly-03,18,coarse-015,coarse-002,4.550192945573286,4.685075269523277,2.9643209763491996,FROZEN_D,2,True
coarse-friendly-03,67,coarse-000,coarse-005,4.685075269523277,4.793708973749823,2.3187184405171646,FROZEN_D,3,True
coarse-friendly-03,11,coarse-008,coarse-000,4.793708973749823,4.888339298026325,1.9740523422405065,FROZEN_D,4,True
coarse-friendly-03,3,coarse-003,coarse-019,4.888339298026325,4.935954130097148,0.9740492459279215,FROZEN_D,5,True
coarse-friendly-03,7,coarse-004,coarse-003,4.935954130097148,4.968649653242883,0.6623951982530185,FROZEN_D,6,True
coarse-friendly-03,67,coarse-005,coarse-004,4.968649653242883,4.981465038434802,0.2579249109172954,FROZEN_D,7,True
coarse-friendly-03,88,coarse-029,coarse-015,4.981465038434802,4.987133953910021,0.11380016584439101,FROZEN_D,8,True
coarse-friendly-03,30,coarse-032,coarse-005,4.987133953910021,5.021153539178865,0.6821470123570927,FROZEN_D,9,True
coarse-friendly-03,21,coarse-022,coarse-008,5.021153539178865,5.029896548950388,0.17412352964918387,FROZEN_D,10,True
coarse-friendly-03,29,coarse-030,coarse-022,5.029896548950388,5.041700825861622,0.23468230005043722,FROZEN_D,11,True
coarse-friendly-03,25,coarse-028,coarse-029,5.041700825861622,5.046868969283298,0.10250793532144975,FROZEN_D,12,True
coarse-friendly-03,78,coarse-016,coarse-020,5.046868969283298,5.060046767013686,0.2611083784935131,FROZEN_D,13,True
coarse-friendly-03,6,coarse-009,coarse-016,5.060046767013686,5.11126521114701,1.0122128607034764,FROZEN_D,14,True
coarse-friendly-03,13,coarse-001,coarse-009,5.11126521114701,5.1507052959760795,0.7716305689451586,FROZEN_D,15,True
coarse-friendly-03,85,coarse-031,coarse-028,5.1507052959760795,5.161001869465793,0.1999060885459203,FROZEN_D,16,True
coarse-friendly-03,20,coarse-020,coarse-002,4.471700121183494,4.550192945573286,1.7553239766225248,FROZEN_E,1,True
coarse-friendly-03,18,coarse-015,coarse-002,4.550192945573286,4.685075269523277,2.9643209763491996,FROZEN_E,2,True
coarse-friendly-03,67,coarse-000,coarse-005,4.685075269523277,4.793708973749823,2.3187184405171646,FROZEN_E,3,True
coarse-friendly-03,11,coarse-008,coarse-000,4.793708973749823,4.888339298026325,1.9740523422405065,FROZEN_E,4,True
coarse-friendly-03,3,coarse-003,coarse-019,4.888339298026325,4.935954130097148,0.9740492459279215,FROZEN_E,5,True
coarse-friendly-03,7,coarse-004,coarse-003,4.935954130097148,4.968649653242883,0.6623951982530185,FROZEN_E,6,True
coarse-friendly-03,67,coarse-005,coarse-004,4.968649653242883,4.981465038434802,0.2579249109172954,FROZEN_E,7,True
coarse-friendly-03,88,coarse-029,coarse-015,4.981465038434802,4.987133953910021,0.11380016584439101,FROZEN_E,8,True
coarse-friendly-03,30,coarse-032,coarse-005,4.987133953910021,5.021153539178865,0.6821470123570927,FROZEN_E,9,True
coarse-friendly-03,21,coarse-022,coarse-008,5.021153539178865,5.029896548950388,0.17412352964918387,FROZEN_E,10,True
coarse-friendly-03,29,coarse-030,coarse-022,5.029896548950388,5.041700825861622,0.23468230005043722,FROZEN_E,11,True
coarse-friendly-03,25,coarse-028,coarse-029,5.041700825861622,5.046868969283298,0.10250793532144975,FROZEN_E,12,True
coarse-friendly-03,78,coarse-016,coarse-020,5.046868969283298,5.060046767013686,0.2611083784935131,FROZEN_E,13,True
coarse-friendly-03,6,coarse-009,coarse-016,5.060046767013686,5.11126521114701,1.0122128607034764,FROZEN_E,14,True
coarse-friendly-03,13,coarse-001,coarse-009,5.11126521114701,5.1507052959760795,0.7716305689451586,FROZEN_E,15,True
coarse-friendly-03,85,coarse-031,coarse-028,5.1507052959760795,5.161001869465793,0.1999060885459203,FROZEN_E,16,True
memory-fragmented-01,18,frag-whole-001,frag-whole-019,3.9347173368619273,3.9838375433528106,1.248379547641365,FROZEN_A,1,True
memory-fragmented-01,85,frag-whole-010,frag-whole-015,3.9838375433528106,3.9971418089508157,0.33395602740387,FROZEN_A,2,True
memory-fragmented-01,82,frag-whole-004,frag-whole-001,3.9971418089508157,4.085071815389326,2.1998220388780965,FROZEN_A,3,True
memory-fragmented-01,7,frag-whole-008,frag-whole-004,4.085071815389326,4.359328361430736,6.713628509741931,FROZEN_A,4,True
memory-fragmented-01,25,frag-whole-026,frag-whole-000,4.359328361430736,4.497506765720849,3.1697177370865193,FROZEN_A,5,True
memory-fragmented-01,26,frag-whole-025,frag-whole-006,4.497506765720849,4.580859922225722,1.8533192021004785,FROZEN_A,6,True
memory-fragmented-01,23,frag-whole-016,frag-whole-008,4.580859922225722,4.606612235616647,0.5621720338135239,FROZEN_A,7,True
memory-fragmented-01,88,frag-whole-036,frag-whole-025,4.606612235616647,4.612631164636549,0.13065846900170985,FROZEN_A,8,True
memory-fragmented-01,28,frag-whole-015,frag-whole-010,4.612631164636549,4.618041609168379,0.11729627491807726,FROZEN_A,9,True
memory-fragmented-01,49,frag-whole-046,frag-whole-026,4.618041609168379,4.623464761105304,0.11743402064976483,FROZEN_A,10,True
memory-fragmented-01,46,frag-whole-042,frag-whole-046,4.623464761105304,4.628900665268413,0.11757209028253612,FROZEN_A,11,True
memory-fragmented-01,18,frag-whole-001,frag-whole-019,3.9347173368619273,3.9838375433528106,1.248379547641365,FROZEN_B,1,True
memory-fragmented-01,85,frag-whole-010,frag-whole-015,3.9838375433528106,3.9971418089508157,0.33395602740387,FROZEN_B,2,True
memory-fragmented-01,82,frag-whole-004,frag-whole-001,3.9971418089508157,4.085071815389326,2.1998220388780965,FROZEN_B,3,True
memory-fragmented-01,7,frag-whole-008,frag-whole-004,4.085071815389326,4.359328361430736,6.713628509741931,FROZEN_B,4,True
memory-fragmented-01,25,frag-whole-026,frag-whole-000,4.359328361430736,4.497506765720849,3.1697177370865193,FROZEN_B,5,True
memory-fragmented-01,26,frag-whole-025,frag-whole-006,4.497506765720849,4.580859922225722,1.8533192021004785,FROZEN_B,6,True
memory-fragmented-01,23,frag-whole-016,frag-whole-008,4.580859922225722,4.606612235616647,0.5621720338135239,FROZEN_B,7,True
memory-fragmented-01,88,frag-whole-036,frag-whole-025,4.606612235616647,4.612631164636549,0.13065846900170985,FROZEN_B,8,True
memory-fragmented-01,28,frag-whole-015,frag-whole-010,4.612631164636549,4.618041609168379,0.11729627491807726,FROZEN_B,9,True
memory-fragmented-01,49,frag-whole-046,frag-whole-026,4.618041609168379,4.623464761105304,0.11743402064976483,FROZEN_B,10,True
memory-fragmented-01,46,frag-whole-042,frag-whole-046,4.623464761105304,4.628900665268413,0.11757209028253612,FROZEN_B,11,True
memory-fragmented-01,18,frag-whole-001,frag-whole-019,3.9347173368619273,3.9838375433528106,1.248379547641365,FROZEN_C,1,True
memory-fragmented-01,85,frag-whole-010,frag-whole-015,3.9838375433528106,3.9971418089508157,0.33395602740387,FROZEN_C,2,True
memory-fragmented-01,82,frag-whole-004,frag-whole-001,3.9971418089508157,4.085071815389326,2.1998220388780965,FROZEN_C,3,True
memory-fragmented-01,7,frag-whole-008,frag-whole-004,4.085071815389326,4.359328361430736,6.713628509741931,FROZEN_C,4,True
memory-fragmented-01,25,frag-whole-026,frag-whole-000,4.359328361430736,4.497506765720849,3.1697177370865193,FROZEN_C,5,True
memory-fragmented-01,26,frag-whole-025,frag-whole-006,4.497506765720849,4.580859922225722,1.8533192021004785,FROZEN_C,6,True
memory-fragmented-01,23,frag-whole-016,frag-whole-008,4.580859922225722,4.606612235616647,0.5621720338135239,FROZEN_C,7,True
memory-fragmented-01,88,frag-whole-036,frag-whole-025,4.606612235616647,4.612631164636549,0.13065846900170985,FROZEN_C,8,True
memory-fragmented-01,28,frag-whole-015,frag-whole-010,4.612631164636549,4.618041609168379,0.11729627491807726,FROZEN_C,9,True
memory-fragmented-01,49,frag-whole-046,frag-whole-026,4.618041609168379,4.623464761105304,0.11743402064976483,FROZEN_C,10,True
memory-fragmented-01,46,frag-whole-042,frag-whole-046,4.623464761105304,4.628900665268413,0.11757209028253612,FROZEN_C,11,True
memory-fragmented-01,18,frag-whole-001,frag-whole-019,3.9347173368619273,3.9838375433528106,1.248379547641365,FROZEN_D,1,True
memory-fragmented-01,85,frag-whole-010,frag-whole-015,3.9838375433528106,3.9971418089508157,0.33395602740387,FROZEN_D,2,True
memory-fragmented-01,82,frag-whole-004,frag-whole-001,3.9971418089508157,4.085071815389326,2.1998220388780965,FROZEN_D,3,True
memory-fragmented-01,7,frag-whole-008,frag-whole-004,4.085071815389326,4.359328361430736,6.713628509741931,FROZEN_D,4,True
memory-fragmented-01,25,frag-whole-026,frag-whole-000,4.359328361430736,4.497506765720849,3.1697177370865193,FROZEN_D,5,True
memory-fragmented-01,26,frag-whole-025,frag-whole-006,4.497506765720849,4.580859922225722,1.8533192021004785,FROZEN_D,6,True
memory-fragmented-01,23,frag-whole-016,frag-whole-008,4.580859922225722,4.606612235616647,0.5621720338135239,FROZEN_D,7,True
memory-fragmented-01,88,frag-whole-036,frag-whole-025,4.606612235616647,4.612631164636549,0.13065846900170985,FROZEN_D,8,True
memory-fragmented-01,28,frag-whole-015,frag-whole-010,4.612631164636549,4.618041609168379,0.11729627491807726,FROZEN_D,9,True
memory-fragmented-01,49,frag-whole-046,frag-whole-026,4.618041609168379,4.623464761105304,0.11743402064976483,FROZEN_D,10,True
memory-fragmented-01,46,frag-whole-042,frag-whole-046,4.623464761105304,4.628900665268413,0.11757209028253612,FROZEN_D,11,True
memory-fragmented-01,18,frag-whole-001,frag-whole-019,3.9347173368619273,3.9838375433528106,1.248379547641365,FROZEN_E,1,True
memory-fragmented-01,85,frag-whole-010,frag-whole-015,3.9838375433528106,3.9971418089508157,0.33395602740387,FROZEN_E,2,True
memory-fragmented-01,82,frag-whole-004,frag-whole-001,3.9971418089508157,4.085071815389326,2.1998220388780965,FROZEN_E,3,True
memory-fragmented-01,7,frag-whole-008,frag-whole-004,4.085071815389326,4.359328361430736,6.713628509741931,FROZEN_E,4,True
memory-fragmented-01,25,frag-whole-026,frag-whole-000,4.359328361430736,4.497506765720849,3.1697177370865193,FROZEN_E,5,True
memory-fragmented-01,26,frag-whole-025,frag-whole-006,4.497506765720849,4.580859922225722,1.8533192021004785,FROZEN_E,6,True
memory-fragmented-01,23,frag-whole-016,frag-whole-008,4.580859922225722,4.606612235616647,0.5621720338135239,FROZEN_E,7,True
memory-fragmented-01,88,frag-whole-036,frag-whole-025,4.606612235616647,4.612631164636549,0.13065846900170985,FROZEN_E,8,True
memory-fragmented-01,28,frag-whole-015,frag-whole-010,4.612631164636549,4.618041609168379,0.11729627491807726,FROZEN_E,9,True
memory-fragmented-01,49,frag-whole-046,frag-whole-026,4.618041609168379,4.623464761105304,0.11743402064976483,FROZEN_E,10,True
memory-fragmented-01,46,frag-whole-042,frag-whole-046,4.623464761105304,4.628900665268413,0.11757209028253612,FROZEN_E,11,True
memory-fragmented-02,0,frag-small-025,frag-whole-000,2.473897925049268,2.4828291895000523,0.3610199256950608,FROZEN_C,1,True
memory-fragmented-02,0,frag-small-025,frag-whole-000,2.500303413346326,2.509426705010019,0.364887381867085,FROZEN_E,1,True
memory-fragmented-03,11,frag-whole-013,frag-whole-022,4.003051437974919,4.037061668407666,0.849607629572513,FROZEN_A,1,True
memory-fragmented-03,4,frag-whole-005,frag-whole-027,4.037061668407666,4.179743708255455,3.534304193675286,FROZEN_A,2,True
memory-fragmented-03,84,frag-whole-015,frag-whole-005,4.179743708255455,4.24343741150003,1.5238662389460034,FROZEN_A,3,True
memory-fragmented-03,23,frag-whole-025,frag-whole-023,4.24343741150003,4.248740384485208,0.12496880408336963,FROZEN_A,4,True
memory-fragmented-03,22,frag-whole-004,frag-whole-013,4.248740384485208,4.381024098743552,3.113480756352982,FROZEN_A,5,True
memory-fragmented-03,9,frag-whole-010,frag-whole-015,4.381024098743552,4.446681984267553,1.4986880702808847,FROZEN_A,6,True
memory-fragmented-03,28,frag-whole-028,frag-whole-010,4.446681984267553,4.510530319829246,1.4358646691530863,FROZEN_A,7,True
memory-fragmented-03,22,frag-whole-013,frag-whole-030,4.510530319829246,4.532683763254851,0.4911494182449738,FROZEN_A,8,True
memory-fragmented-03,82,frag-whole-012,frag-whole-028,4.532683763254851,4.5448715427083615,0.2688866042743543,FROZEN_A,9,True
memory-fragmented-03,10,frag-whole-011,frag-whole-012,4.5448715427083615,4.616968578566298,1.5863382535774129,FROZEN_A,10,True
memory-fragmented-03,20,frag-whole-021,frag-whole-011,4.616968578566298,4.705068790815729,1.908183058867352,FROZEN_A,11,True
memory-fragmented-03,70,frag-whole-009,frag-whole-021,4.705068790815729,4.787165538444951,1.7448575414980905,FROZEN_A,12,True
memory-fragmented-03,27,frag-whole-019,frag-whole-009,4.787165538444951,4.855254900116075,1.4223314636669704,FROZEN_A,13,True
memory-fragmented-03,37,frag-whole-029,frag-whole-019,4.855254900116075,4.862686638829213,0.15306588152477207,FROZEN_A,14,True
memory-fragmented-03,74,frag-whole-014,frag-whole-013,4.862686638829213,4.881645391837545,0.38988226913379,FROZEN_A,15,True
memory-fragmented-03,55,frag-whole-000,frag-whole-014,4.881645391837545,4.959968136220098,1.6044333026219881,FROZEN_A,16,True
memory-fragmented-03,25,frag-whole-025,frag-whole-004,4.294475988473197,4.2995814086548645,0.11888342594932322,FROZEN_B,1,True
memory-fragmented-03,92,frag-whole-027,frag-whole-025,4.2995814086548645,4.357359941191247,1.3438176195496032,FROZEN_B,2,True
memory-fragmented-03,78,frag-whole-012,frag-whole-013,4.357359941191247,4.402099758787503,1.0267643297795725,FROZEN_B,3,True
memory-fragmented-03,28,frag-whole-029,frag-whole-012,4.402099758787503,4.432901382965012,0.6997030023234485,FROZEN_B,4,True
memory-fragmented-03,87,frag-whole-023,frag-whole-027,4.432901382965012,4.450629564954716,0.3999227697198737,FROZEN_B,5,True
memory-fragmented-03,89,frag-whole-028,frag-whole-029,4.450629564954716,4.463129645003358,0.28086094037280684,FROZEN_B,6,True
memory-fragmented-03,26,frag-whole-027,frag-whole-015,4.463129645003358,4.471338473017678,0.18392537674791765,FROZEN_B,7,True
memory-fragmented-03,22,frag-whole-022,frag-whole-023,4.471338473017678,4.478377040732757,0.15741522941179475,FROZEN_B,8,True
memory-fragmented-03,82,frag-whole-018,frag-whole-027,4.478377040732757,4.500468300848592,0.49328718673988803,FROZEN_B,9,True
memory-fragmented-03,16,frag-whole-013,frag-whole-018,4.500468300848592,4.528061206603314,0.6131118788131218,FROZEN_B,10,True
memory-fragmented-03,77,frag-whole-008,frag-whole-013,4.528061206603314,4.5495734612875465,0.4750875419453404,FROZEN_B,11,True
memory-fragmented-03,63,frag-whole-000,frag-whole-008,4.5495734612875465,4.663125783744982,2.4958894152090405,FROZEN_B,12,True
memory-fragmented-03,21,frag-whole-015,frag-whole-000,4.663125783744982,4.701811695224157,0.8296132953142354,FROZEN_B,13,True
memory-fragmented-03,80,frag-whole-011,frag-whole-028,4.701811695224157,4.712818845069289,0.23410443800444547,FROZEN_B,14,True
memory-fragmented-03,18,frag-whole-019,frag-whole-011,4.712818845069289,4.738934245317492,0.5541354570741897,FROZEN_B,15,True
memory-fragmented-03,11,frag-whole-013,frag-whole-022,4.003051437974919,4.037061668407666,0.849607629572513,FROZEN_C,1,True
memory-fragmented-03,4,frag-whole-005,frag-whole-027,4.037061668407666,4.179743708255455,3.534304193675286,FROZEN_C,2,True
memory-fragmented-03,84,frag-whole-015,frag-whole-005,4.179743708255455,4.24343741150003,1.5238662389460034,FROZEN_C,3,True
memory-fragmented-03,23,frag-whole-025,frag-whole-023,4.24343741150003,4.248740384485208,0.12496880408336963,FROZEN_C,4,True
memory-fragmented-03,22,frag-whole-004,frag-whole-013,4.248740384485208,4.381024098743552,3.113480756352982,FROZEN_C,5,True
memory-fragmented-03,9,frag-whole-010,frag-whole-015,4.381024098743552,4.446681984267553,1.4986880702808847,FROZEN_C,6,True
memory-fragmented-03,28,frag-whole-028,frag-whole-010,4.446681984267553,4.510530319829246,1.4358646691530863,FROZEN_C,7,True
memory-fragmented-03,22,frag-whole-013,frag-whole-030,4.510530319829246,4.532683763254851,0.4911494182449738,FROZEN_C,8,True
memory-fragmented-03,82,frag-whole-012,frag-whole-028,4.532683763254851,4.5448715427083615,0.2688866042743543,FROZEN_C,9,True
memory-fragmented-03,10,frag-whole-011,frag-whole-012,4.5448715427083615,4.616968578566298,1.5863382535774129,FROZEN_C,10,True
memory-fragmented-03,20,frag-whole-021,frag-whole-011,4.616968578566298,4.705068790815729,1.908183058867352,FROZEN_C,11,True
memory-fragmented-03,70,frag-whole-009,frag-whole-021,4.705068790815729,4.787165538444951,1.7448575414980905,FROZEN_C,12,True
memory-fragmented-03,27,frag-whole-019,frag-whole-009,4.787165538444951,4.855254900116075,1.4223314636669704,FROZEN_C,13,True
memory-fragmented-03,37,frag-whole-029,frag-whole-019,4.855254900116075,4.862686638829213,0.15306588152477207,FROZEN_C,14,True
memory-fragmented-03,74,frag-whole-014,frag-whole-013,4.862686638829213,4.881645391837545,0.38988226913379,FROZEN_C,15,True
memory-fragmented-03,55,frag-whole-000,frag-whole-014,4.881645391837545,4.959968136220098,1.6044333026219881,FROZEN_C,16,True
memory-fragmented-03,11,frag-whole-013,frag-whole-022,4.003051437974919,4.037061668407666,0.849607629572513,FROZEN_D,1,True
memory-fragmented-03,4,frag-whole-005,frag-whole-027,4.037061668407666,4.179743708255455,3.534304193675286,FROZEN_D,2,True
memory-fragmented-03,84,frag-whole-015,frag-whole-005,4.179743708255455,4.24343741150003,1.5238662389460034,FROZEN_D,3,True
memory-fragmented-03,23,frag-whole-025,frag-whole-023,4.24343741150003,4.248740384485208,0.12496880408336963,FROZEN_D,4,True
memory-fragmented-03,22,frag-whole-004,frag-whole-013,4.248740384485208,4.381024098743552,3.113480756352982,FROZEN_D,5,True
memory-fragmented-03,9,frag-whole-010,frag-whole-015,4.381024098743552,4.446681984267553,1.4986880702808847,FROZEN_D,6,True
memory-fragmented-03,28,frag-whole-028,frag-whole-010,4.446681984267553,4.510530319829246,1.4358646691530863,FROZEN_D,7,True
memory-fragmented-03,22,frag-whole-013,frag-whole-030,4.510530319829246,4.532683763254851,0.4911494182449738,FROZEN_D,8,True
memory-fragmented-03,82,frag-whole-012,frag-whole-028,4.532683763254851,4.5448715427083615,0.2688866042743543,FROZEN_D,9,True
memory-fragmented-03,10,frag-whole-011,frag-whole-012,4.5448715427083615,4.616968578566298,1.5863382535774129,FROZEN_D,10,True
memory-fragmented-03,20,frag-whole-021,frag-whole-011,4.616968578566298,4.705068790815729,1.908183058867352,FROZEN_D,11,True
memory-fragmented-03,70,frag-whole-009,frag-whole-021,4.705068790815729,4.787165538444951,1.7448575414980905,FROZEN_D,12,True
memory-fragmented-03,27,frag-whole-019,frag-whole-009,4.787165538444951,4.855254900116075,1.4223314636669704,FROZEN_D,13,True
memory-fragmented-03,37,frag-whole-029,frag-whole-019,4.855254900116075,4.862686638829213,0.15306588152477207,FROZEN_D,14,True
memory-fragmented-03,74,frag-whole-014,frag-whole-013,4.862686638829213,4.881645391837545,0.38988226913379,FROZEN_D,15,True
memory-fragmented-03,55,frag-whole-000,frag-whole-014,4.881645391837545,4.959968136220098,1.6044333026219881,FROZEN_D,16,True
memory-fragmented-03,11,frag-whole-013,frag-whole-022,4.003051437974919,4.037061668407666,0.849607629572513,FROZEN_E,1,True
memory-fragmented-03,4,frag-whole-005,frag-whole-027,4.037061668407666,4.179743708255455,3.534304193675286,FROZEN_E,2,True
memory-fragmented-03,84,frag-whole-015,frag-whole-005,4.179743708255455,4.24343741150003,1.5238662389460034,FROZEN_E,3,True
memory-fragmented-03,23,frag-whole-025,frag-whole-023,4.24343741150003,4.248740384485208,0.12496880408336963,FROZEN_E,4,True
memory-fragmented-03,22,frag-whole-004,frag-whole-013,4.248740384485208,4.381024098743552,3.113480756352982,FROZEN_E,5,True
memory-fragmented-03,9,frag-whole-010,frag-whole-015,4.381024098743552,4.446681984267553,1.4986880702808847,FROZEN_E,6,True
memory-fragmented-03,28,frag-whole-028,frag-whole-010,4.446681984267553,4.510530319829246,1.4358646691530863,FROZEN_E,7,True
memory-fragmented-03,22,frag-whole-013,frag-whole-030,4.510530319829246,4.532683763254851,0.4911494182449738,FROZEN_E,8,True
memory-fragmented-03,82,frag-whole-012,frag-whole-028,4.532683763254851,4.5448715427083615,0.2688866042743543,FROZEN_E,9,True
memory-fragmented-03,10,frag-whole-011,frag-whole-012,4.5448715427083615,4.616968578566298,1.5863382535774129,FROZEN_E,10,True
memory-fragmented-03,20,frag-whole-021,frag-whole-011,4.616968578566298,4.705068790815729,1.908183058867352,FROZEN_E,11,True
memory-fragmented-03,70,frag-whole-009,frag-whole-021,4.705068790815729,4.787165538444951,1.7448575414980905,FROZEN_E,12,True
memory-fragmented-03,27,frag-whole-019,frag-whole-009,4.787165538444951,4.855254900116075,1.4223314636669704,FROZEN_E,13,True
memory-fragmented-03,37,frag-whole-029,frag-whole-019,4.855254900116075,4.862686638829213,0.15306588152477207,FROZEN_E,14,True
memory-fragmented-03,74,frag-whole-014,frag-whole-013,4.862686638829213,4.881645391837545,0.38988226913379,FROZEN_E,15,True
memory-fragmented-03,55,frag-whole-000,frag-whole-014,4.881645391837545,4.959968136220098,1.6044333026219881,FROZEN_E,16,True
memory-fragmented-05,14,frag-whole-013,frag-whole-001,4.010051499911449,4.073371178914738,1.5790240849696602,FROZEN_A,1,True
memory-fragmented-05,0,frag-small-051,frag-whole-004,4.073371178914738,4.087458913587932,0.3458495200760803,FROZEN_A,2,True
memory-fragmented-05,9,frag-whole-010,frag-whole-003,4.087458913587932,4.096843946613212,0.22960556237228147,FROZEN_A,3,True
memory-fragmented-05,4,frag-whole-006,frag-whole-002,4.096843946613212,4.108339852930603,0.28060395922318015,FROZEN_A,4,True
memory-fragmented-05,85,frag-whole-014,frag-whole-006,4.108339852930603,4.151786044803592,1.0575121199381199,FROZEN_A,5,True
memory-fragmented-05,15,frag-whole-005,frag-whole-010,4.151786044803592,4.33675168155337,4.455085949847581,FROZEN_A,6,True
memory-fragmented-05,30,frag-whole-026,frag-whole-005,4.33675168155337,4.369254765142037,0.7494799328013224,FROZEN_A,7,True
memory-fragmented-05,15,frag-whole-010,frag-whole-014,4.369254765142037,4.420227857830723,1.166631277611696,FROZEN_A,8,True
memory-fragmented-05,72,frag-whole-000,frag-whole-012,4.420227857830723,4.500284014356243,1.811131894110285,FROZEN_A,9,True
memory-fragmented-05,62,frag-whole-004,frag-whole-000,4.500284014356243,4.604570687824354,2.3173353756213766,FROZEN_A,10,True
memory-fragmented-05,30,frag-whole-005,frag-whole-004,4.604570687824354,4.647727803059659,0.9372668628895964,FROZEN_A,11,True
memory-fragmented-05,74,frag-whole-011,frag-whole-005,4.647727803059659,4.664478065800533,0.3603968100250432,FROZEN_A,12,True
memory-fragmented-05,16,frag-whole-018,frag-whole-011,4.664478065800533,4.769152923269441,2.2440851043201038,FROZEN_A,13,True
memory-fragmented-05,19,frag-whole-020,frag-whole-018,4.769152923269441,4.831217958902839,1.3013848922849958,FROZEN_A,14,True
memory-fragmented-05,72,frag-whole-012,frag-whole-020,4.831217958902839,4.8770791229192305,0.9492671290451726,FROZEN_A,15,True
memory-fragmented-05,80,frag-whole-018,frag-whole-010,4.8770791229192305,4.905617315940381,0.5851492727899199,FROZEN_A,16,True
memory-fragmented-05,14,frag-whole-013,frag-whole-001,4.010051499911449,4.073371178914738,1.5790240849696602,FROZEN_B,1,True
memory-fragmented-05,0,frag-small-051,frag-whole-004,4.073371178914738,4.087458913587932,0.3458495200760803,FROZEN_B,2,True
memory-fragmented-05,9,frag-whole-010,frag-whole-003,4.087458913587932,4.096843946613212,0.22960556237228147,FROZEN_B,3,True
memory-fragmented-05,4,frag-whole-006,frag-whole-002,4.096843946613212,4.108339852930603,0.28060395922318015,FROZEN_B,4,True
memory-fragmented-05,85,frag-whole-014,frag-whole-006,4.108339852930603,4.151786044803592,1.0575121199381199,FROZEN_B,5,True
memory-fragmented-05,15,frag-whole-005,frag-whole-010,4.151786044803592,4.33675168155337,4.455085949847581,FROZEN_B,6,True
memory-fragmented-05,30,frag-whole-026,frag-whole-005,4.33675168155337,4.369254765142037,0.7494799328013224,FROZEN_B,7,True
memory-fragmented-05,15,frag-whole-010,frag-whole-014,4.369254765142037,4.420227857830723,1.166631277611696,FROZEN_B,8,True
memory-fragmented-05,72,frag-whole-000,frag-whole-012,4.420227857830723,4.500284014356243,1.811131894110285,FROZEN_B,9,True
memory-fragmented-05,62,frag-whole-004,frag-whole-000,4.500284014356243,4.604570687824354,2.3173353756213766,FROZEN_B,10,True
memory-fragmented-05,30,frag-whole-005,frag-whole-004,4.604570687824354,4.647727803059659,0.9372668628895964,FROZEN_B,11,True
memory-fragmented-05,74,frag-whole-011,frag-whole-005,4.647727803059659,4.664478065800533,0.3603968100250432,FROZEN_B,12,True
memory-fragmented-05,16,frag-whole-018,frag-whole-011,4.664478065800533,4.769152923269441,2.2440851043201038,FROZEN_B,13,True
memory-fragmented-05,19,frag-whole-020,frag-whole-018,4.769152923269441,4.831217958902839,1.3013848922849958,FROZEN_B,14,True
memory-fragmented-05,72,frag-whole-012,frag-whole-020,4.831217958902839,4.8770791229192305,0.9492671290451726,FROZEN_B,15,True
memory-fragmented-05,80,frag-whole-018,frag-whole-010,4.8770791229192305,4.905617315940381,0.5851492727899199,FROZEN_B,16,True
memory-fragmented-05,14,frag-whole-013,frag-whole-001,4.010051499911449,4.073371178914738,1.5790240849696602,FROZEN_C,1,True
memory-fragmented-05,0,frag-small-051,frag-whole-004,4.073371178914738,4.087458913587932,0.3458495200760803,FROZEN_C,2,True
memory-fragmented-05,9,frag-whole-010,frag-whole-003,4.087458913587932,4.096843946613212,0.22960556237228147,FROZEN_C,3,True
memory-fragmented-05,4,frag-whole-006,frag-whole-002,4.096843946613212,4.108339852930603,0.28060395922318015,FROZEN_C,4,True
memory-fragmented-05,85,frag-whole-014,frag-whole-006,4.108339852930603,4.151786044803592,1.0575121199381199,FROZEN_C,5,True
memory-fragmented-05,15,frag-whole-005,frag-whole-010,4.151786044803592,4.33675168155337,4.455085949847581,FROZEN_C,6,True
memory-fragmented-05,30,frag-whole-026,frag-whole-005,4.33675168155337,4.369254765142037,0.7494799328013224,FROZEN_C,7,True
memory-fragmented-05,15,frag-whole-010,frag-whole-014,4.369254765142037,4.420227857830723,1.166631277611696,FROZEN_C,8,True
memory-fragmented-05,72,frag-whole-000,frag-whole-012,4.420227857830723,4.500284014356243,1.811131894110285,FROZEN_C,9,True
memory-fragmented-05,62,frag-whole-004,frag-whole-000,4.500284014356243,4.604570687824354,2.3173353756213766,FROZEN_C,10,True
memory-fragmented-05,30,frag-whole-005,frag-whole-004,4.604570687824354,4.647727803059659,0.9372668628895964,FROZEN_C,11,True
memory-fragmented-05,74,frag-whole-011,frag-whole-005,4.647727803059659,4.664478065800533,0.3603968100250432,FROZEN_C,12,True
memory-fragmented-05,16,frag-whole-018,frag-whole-011,4.664478065800533,4.769152923269441,2.2440851043201038,FROZEN_C,13,True
memory-fragmented-05,19,frag-whole-020,frag-whole-018,4.769152923269441,4.831217958902839,1.3013848922849958,FROZEN_C,14,True
memory-fragmented-05,72,frag-whole-012,frag-whole-020,4.831217958902839,4.8770791229192305,0.9492671290451726,FROZEN_C,15,True
memory-fragmented-05,80,frag-whole-018,frag-whole-010,4.8770791229192305,4.905617315940381,0.5851492727899199,FROZEN_C,16,True
memory-fragmented-05,14,frag-whole-013,frag-whole-001,4.010051499911449,4.073371178914738,1.5790240849696602,FROZEN_D,1,True
memory-fragmented-05,0,frag-small-051,frag-whole-004,4.073371178914738,4.087458913587932,0.3458495200760803,FROZEN_D,2,True
memory-fragmented-05,9,frag-whole-010,frag-whole-003,4.087458913587932,4.096843946613212,0.22960556237228147,FROZEN_D,3,True
memory-fragmented-05,4,frag-whole-006,frag-whole-002,4.096843946613212,4.108339852930603,0.28060395922318015,FROZEN_D,4,True
memory-fragmented-05,85,frag-whole-014,frag-whole-006,4.108339852930603,4.151786044803592,1.0575121199381199,FROZEN_D,5,True
memory-fragmented-05,15,frag-whole-005,frag-whole-010,4.151786044803592,4.33675168155337,4.455085949847581,FROZEN_D,6,True
memory-fragmented-05,30,frag-whole-026,frag-whole-005,4.33675168155337,4.369254765142037,0.7494799328013224,FROZEN_D,7,True
memory-fragmented-05,15,frag-whole-010,frag-whole-014,4.369254765142037,4.420227857830723,1.166631277611696,FROZEN_D,8,True
memory-fragmented-05,72,frag-whole-000,frag-whole-012,4.420227857830723,4.500284014356243,1.811131894110285,FROZEN_D,9,True
memory-fragmented-05,62,frag-whole-004,frag-whole-000,4.500284014356243,4.604570687824354,2.3173353756213766,FROZEN_D,10,True
memory-fragmented-05,30,frag-whole-005,frag-whole-004,4.604570687824354,4.647727803059659,0.9372668628895964,FROZEN_D,11,True
memory-fragmented-05,74,frag-whole-011,frag-whole-005,4.647727803059659,4.664478065800533,0.3603968100250432,FROZEN_D,12,True
memory-fragmented-05,16,frag-whole-018,frag-whole-011,4.664478065800533,4.769152923269441,2.2440851043201038,FROZEN_D,13,True
memory-fragmented-05,19,frag-whole-020,frag-whole-018,4.769152923269441,4.831217958902839,1.3013848922849958,FROZEN_D,14,True
memory-fragmented-05,72,frag-whole-012,frag-whole-020,4.831217958902839,4.8770791229192305,0.9492671290451726,FROZEN_D,15,True
memory-fragmented-05,80,frag-whole-018,frag-whole-010,4.8770791229192305,4.905617315940381,0.5851492727899199,FROZEN_D,16,True
memory-fragmented-05,14,frag-whole-013,frag-whole-001,4.010051499911449,4.073371178914738,1.5790240849696602,FROZEN_E,1,True
memory-fragmented-05,0,frag-small-051,frag-whole-004,4.073371178914738,4.087458913587932,0.3458495200760803,FROZEN_E,2,True
memory-fragmented-05,9,frag-whole-010,frag-whole-003,4.087458913587932,4.096843946613212,0.22960556237228147,FROZEN_E,3,True
memory-fragmented-05,4,frag-whole-006,frag-whole-002,4.096843946613212,4.108339852930603,0.28060395922318015,FROZEN_E,4,True
memory-fragmented-05,85,frag-whole-014,frag-whole-006,4.108339852930603,4.151786044803592,1.0575121199381199,FROZEN_E,5,True
memory-fragmented-05,15,frag-whole-005,frag-whole-010,4.151786044803592,4.33675168155337,4.455085949847581,FROZEN_E,6,True
memory-fragmented-05,30,frag-whole-026,frag-whole-005,4.33675168155337,4.369254765142037,0.7494799328013224,FROZEN_E,7,True
memory-fragmented-05,15,frag-whole-010,frag-whole-014,4.369254765142037,4.420227857830723,1.166631277611696,FROZEN_E,8,True
memory-fragmented-05,72,frag-whole-000,frag-whole-012,4.420227857830723,4.500284014356243,1.811131894110285,FROZEN_E,9,True
memory-fragmented-05,62,frag-whole-004,frag-whole-000,4.500284014356243,4.604570687824354,2.3173353756213766,FROZEN_E,10,True
memory-fragmented-05,30,frag-whole-005,frag-whole-004,4.604570687824354,4.647727803059659,0.9372668628895964,FROZEN_E,11,True
memory-fragmented-05,74,frag-whole-011,frag-whole-005,4.647727803059659,4.664478065800533,0.3603968100250432,FROZEN_E,12,True
memory-fragmented-05,16,frag-whole-018,frag-whole-011,4.664478065800533,4.769152923269441,2.2440851043201038,FROZEN_E,13,True
memory-fragmented-05,19,frag-whole-020,frag-whole-018,4.769152923269441,4.831217958902839,1.3013848922849958,FROZEN_E,14,True
memory-fragmented-05,72,frag-whole-012,frag-whole-020,4.831217958902839,4.8770791229192305,0.9492671290451726,FROZEN_E,15,True
memory-fragmented-05,80,frag-whole-018,frag-whole-010,4.8770791229192305,4.905617315940381,0.5851492727899199,FROZEN_E,16,True
memory-fragmented-06,0,frag-small-025,frag-small-036,1.9654504528301873,1.9687788125528565,0.16934335423599567,FROZEN_B,1,True
compute-heterogeneous-01,90,compute-slow-008,compute-slow-014,3.1410780302418893,3.1464953223339243,0.17246601452998167,FROZEN_A,1,True
compute-heterogeneous-01,90,compute-slow-008,compute-slow-014,3.1410780302418893,3.1464953223339243,0.17246601452998167,FROZEN_B,1,True
compute-heterogeneous-01,90,compute-slow-008,compute-slow-014,3.1410780302418893,3.1464953223339243,0.17246601452998167,FROZEN_C,1,True
compute-heterogeneous-01,90,compute-slow-008,compute-slow-014,3.1410780302418893,3.1464953223339243,0.17246601452998167,FROZEN_D,1,True
compute-heterogeneous-01,90,compute-slow-008,compute-slow-014,3.1410780302418893,3.1464953223339243,0.17246601452998167,FROZEN_E,1,True
compute-heterogeneous-02,1,compute-main-017,compute-slow-002,3.2509674440905254,3.2891012253948975,1.1729979447714811,FROZEN_A,1,True
compute-heterogeneous-02,75,compute-main-023,compute-main-017,3.2891012253948975,3.361860144580509,2.212121616198548,FROZEN_A,2,True
compute-heterogeneous-02,16,compute-main-034,compute-main-023,3.361860144580509,3.505485217287388,4.272190588844382,FROZEN_A,3,True
compute-heterogeneous-02,41,compute-slow-010,compute-main-034,3.505485217287388,3.5323204328652715,0.7655207172332368,FROZEN_A,4,True
compute-heterogeneous-02,39,compute-slow-000,compute-slow-012,3.5323204328652715,3.556497057629967,0.6844403055779491,FROZEN_A,5,True
compute-heterogeneous-02,90,compute-slow-008,compute-slow-000,3.556497057629967,3.5692052349701697,0.3573228695055164,FROZEN_A,6,True
compute-heterogeneous-02,35,compute-slow-005,compute-slow-014,3.5692052349701697,3.586723028390322,0.49080375789314346,FROZEN_A,7,True
compute-heterogeneous-02,1,compute-main-017,compute-slow-002,3.2509674440905254,3.2891012253948975,1.1729979447714811,FROZEN_B,1,True
compute-heterogeneous-02,75,compute-main-023,compute-main-017,3.2891012253948975,3.361860144580509,2.212121616198548,FROZEN_B,2,True
compute-heterogeneous-02,16,compute-main-034,compute-main-023,3.361860144580509,3.505485217287388,4.272190588844382,FROZEN_B,3,True
compute-heterogeneous-02,41,compute-slow-010,compute-main-034,3.505485217287388,3.5323204328652715,0.7655207172332368,FROZEN_B,4,True
compute-heterogeneous-02,39,compute-slow-000,compute-slow-012,3.5323204328652715,3.556497057629967,0.6844403055779491,FROZEN_B,5,True
compute-heterogeneous-02,90,compute-slow-008,compute-slow-000,3.556497057629967,3.5692052349701697,0.3573228695055164,FROZEN_B,6,True
compute-heterogeneous-02,35,compute-slow-005,compute-slow-014,3.5692052349701697,3.586723028390322,0.49080375789314346,FROZEN_B,7,True
compute-heterogeneous-02,1,compute-main-017,compute-slow-002,3.2509674440905254,3.2891012253948975,1.1729979447714811,FROZEN_C,1,True
compute-heterogeneous-02,75,compute-main-023,compute-main-017,3.2891012253948975,3.361860144580509,2.212121616198548,FROZEN_C,2,True
compute-heterogeneous-02,16,compute-main-034,compute-main-023,3.361860144580509,3.505485217287388,4.272190588844382,FROZEN_C,3,True
compute-heterogeneous-02,41,compute-slow-010,compute-main-034,3.505485217287388,3.5323204328652715,0.7655207172332368,FROZEN_C,4,True
compute-heterogeneous-02,39,compute-slow-000,compute-slow-012,3.5323204328652715,3.556497057629967,0.6844403055779491,FROZEN_C,5,True
compute-heterogeneous-02,90,compute-slow-008,compute-slow-000,3.556497057629967,3.5692052349701697,0.3573228695055164,FROZEN_C,6,True
compute-heterogeneous-02,35,compute-slow-005,compute-slow-014,3.5692052349701697,3.586723028390322,0.49080375789314346,FROZEN_C,7,True
compute-heterogeneous-02,1,compute-main-017,compute-slow-002,3.2509674440905254,3.2891012253948975,1.1729979447714811,FROZEN_D,1,True
compute-heterogeneous-02,75,compute-main-023,compute-main-017,3.2891012253948975,3.361860144580509,2.212121616198548,FROZEN_D,2,True
compute-heterogeneous-02,16,compute-main-034,compute-main-023,3.361860144580509,3.505485217287388,4.272190588844382,FROZEN_D,3,True
compute-heterogeneous-02,41,compute-slow-010,compute-main-034,3.505485217287388,3.5323204328652715,0.7655207172332368,FROZEN_D,4,True
compute-heterogeneous-02,39,compute-slow-000,compute-slow-012,3.5323204328652715,3.556497057629967,0.6844403055779491,FROZEN_D,5,True
compute-heterogeneous-02,90,compute-slow-008,compute-slow-000,3.556497057629967,3.5692052349701697,0.3573228695055164,FROZEN_D,6,True
compute-heterogeneous-02,35,compute-slow-005,compute-slow-014,3.5692052349701697,3.586723028390322,0.49080375789314346,FROZEN_D,7,True
compute-heterogeneous-02,1,compute-main-017,compute-slow-002,3.2509674440905254,3.2891012253948975,1.1729979447714811,FROZEN_E,1,True
compute-heterogeneous-02,75,compute-main-023,compute-main-017,3.2891012253948975,3.361860144580509,2.212121616198548,FROZEN_E,2,True
compute-heterogeneous-02,16,compute-main-034,compute-main-023,3.361860144580509,3.505485217287388,4.272190588844382,FROZEN_E,3,True
compute-heterogeneous-02,41,compute-slow-010,compute-main-034,3.505485217287388,3.5323204328652715,0.7655207172332368,FROZEN_E,4,True
compute-heterogeneous-02,39,compute-slow-000,compute-slow-012,3.5323204328652715,3.556497057629967,0.6844403055779491,FROZEN_E,5,True
compute-heterogeneous-02,90,compute-slow-008,compute-slow-000,3.556497057629967,3.5692052349701697,0.3573228695055164,FROZEN_E,6,True
compute-heterogeneous-02,35,compute-slow-005,compute-slow-014,3.5692052349701697,3.586723028390322,0.49080375789314346,FROZEN_E,7,True
compute-heterogeneous-03,2,compute-main-020,compute-slow-008,3.1823848845328073,3.198218709239261,0.49754587458639143,FROZEN_A,1,True
compute-heterogeneous-03,76,compute-main-022,compute-main-020,3.198218709239261,3.2348160038572344,1.1443024366109888,FROZEN_A,2,True
compute-heterogeneous-03,6,compute-main-024,compute-main-022,3.2348160038572344,3.2941693668923686,1.834829646086833,FROZEN_A,3,True
compute-heterogeneous-03,74,compute-main-017,compute-main-024,3.2941693668923686,3.3791527452856034,2.5798120536044467,FROZEN_A,4,True
compute-heterogeneous-03,17,compute-main-029,compute-main-017,3.3791527452856034,3.4436025750218455,1.9072777880833724,FROZEN_A,5,True
compute-heterogeneous-03,72,compute-main-019,compute-main-029,3.4436025750218455,3.5489649387745525,3.0596551564037178,FROZEN_A,6,True
compute-heterogeneous-03,35,compute-slow-004,compute-main-019,3.5489649387745525,3.5791140366400915,0.8495180534510816,FROZEN_A,7,True
compute-heterogeneous-03,20,compute-main-034,compute-slow-007,3.5791140366400915,3.597789247087754,0.5217830517966426,FROZEN_A,8,True
compute-heterogeneous-03,32,compute-slow-001,compute-main-034,3.597789247087754,3.633448781693125,0.9911512919839716,FROZEN_A,9,True
compute-heterogeneous-03,1,compute-main-018,compute-slow-011,3.633448781693125,3.7177042507594638,2.3188841821812467,FROZEN_A,10,True
compute-heterogeneous-03,44,compute-slow-010,compute-main-018,3.7177042507594638,3.7702829573485186,1.4142788947860474,FROZEN_A,11,True
compute-heterogeneous-03,89,compute-slow-006,compute-slow-004,3.7702829573485186,3.8059573292102282,0.946198793705344,FROZEN_A,12,True
compute-heterogeneous-03,11,compute-main-023,compute-slow-006,3.8059573292102282,3.839166072257428,0.8725463838579417,FROZEN_A,13,True
compute-heterogeneous-03,33,compute-slow-002,compute-main-023,3.839166072257428,3.8861991863672545,1.225086730415148,FROZEN_A,14,True
compute-heterogeneous-03,36,compute-slow-005,compute-slow-015,3.8861991863672545,3.9042784760133435,0.4652177816698355,FROZEN_A,15,True
compute-heterogeneous-03,63,compute-main-016,compute-slow-002,3.9042784760133435,3.9259317419496567,0.5546035219911705,FROZEN_A,16,True
compute-heterogeneous-03,2,compute-main-020,compute-slow-008,3.1823848845328073,3.198218709239261,0.49754587458639143,FROZEN_B,1,True
compute-heterogeneous-03,76,compute-main-022,compute-main-020,3.198218709239261,3.2348160038572344,1.1443024366109888,FROZEN_B,2,True
compute-heterogeneous-03,6,compute-main-024,compute-main-022,3.2348160038572344,3.2941693668923686,1.834829646086833,FROZEN_B,3,True
compute-heterogeneous-03,74,compute-main-017,compute-main-024,3.2941693668923686,3.3791527452856034,2.5798120536044467,FROZEN_B,4,True
compute-heterogeneous-03,17,compute-main-029,compute-main-017,3.3791527452856034,3.4436025750218455,1.9072777880833724,FROZEN_B,5,True
compute-heterogeneous-03,72,compute-main-019,compute-main-029,3.4436025750218455,3.5489649387745525,3.0596551564037178,FROZEN_B,6,True
compute-heterogeneous-03,35,compute-slow-004,compute-main-019,3.5489649387745525,3.5791140366400915,0.8495180534510816,FROZEN_B,7,True
compute-heterogeneous-03,20,compute-main-034,compute-slow-007,3.5791140366400915,3.597789247087754,0.5217830517966426,FROZEN_B,8,True
compute-heterogeneous-03,32,compute-slow-001,compute-main-034,3.597789247087754,3.633448781693125,0.9911512919839716,FROZEN_B,9,True
compute-heterogeneous-03,1,compute-main-018,compute-slow-011,3.633448781693125,3.7177042507594638,2.3188841821812467,FROZEN_B,10,True
compute-heterogeneous-03,44,compute-slow-010,compute-main-018,3.7177042507594638,3.7702829573485186,1.4142788947860474,FROZEN_B,11,True
compute-heterogeneous-03,89,compute-slow-006,compute-slow-004,3.7702829573485186,3.8059573292102282,0.946198793705344,FROZEN_B,12,True
compute-heterogeneous-03,11,compute-main-023,compute-slow-006,3.8059573292102282,3.839166072257428,0.8725463838579417,FROZEN_B,13,True
compute-heterogeneous-03,33,compute-slow-002,compute-main-023,3.839166072257428,3.8861991863672545,1.225086730415148,FROZEN_B,14,True
compute-heterogeneous-03,36,compute-slow-005,compute-slow-015,3.8861991863672545,3.9042784760133435,0.4652177816698355,FROZEN_B,15,True
compute-heterogeneous-03,63,compute-main-016,compute-slow-002,3.9042784760133435,3.9259317419496567,0.5546035219911705,FROZEN_B,16,True
compute-heterogeneous-03,2,compute-main-020,compute-slow-008,3.1823848845328073,3.198218709239261,0.49754587458639143,FROZEN_C,1,True
compute-heterogeneous-03,76,compute-main-022,compute-main-020,3.198218709239261,3.2348160038572344,1.1443024366109888,FROZEN_C,2,True
compute-heterogeneous-03,6,compute-main-024,compute-main-022,3.2348160038572344,3.2941693668923686,1.834829646086833,FROZEN_C,3,True
compute-heterogeneous-03,74,compute-main-017,compute-main-024,3.2941693668923686,3.3791527452856034,2.5798120536044467,FROZEN_C,4,True
compute-heterogeneous-03,17,compute-main-029,compute-main-017,3.3791527452856034,3.4436025750218455,1.9072777880833724,FROZEN_C,5,True
compute-heterogeneous-03,72,compute-main-019,compute-main-029,3.4436025750218455,3.5489649387745525,3.0596551564037178,FROZEN_C,6,True
compute-heterogeneous-03,35,compute-slow-004,compute-main-019,3.5489649387745525,3.5791140366400915,0.8495180534510816,FROZEN_C,7,True
compute-heterogeneous-03,20,compute-main-034,compute-slow-007,3.5791140366400915,3.597789247087754,0.5217830517966426,FROZEN_C,8,True
compute-heterogeneous-03,32,compute-slow-001,compute-main-034,3.597789247087754,3.633448781693125,0.9911512919839716,FROZEN_C,9,True
compute-heterogeneous-03,1,compute-main-018,compute-slow-011,3.633448781693125,3.7177042507594638,2.3188841821812467,FROZEN_C,10,True
compute-heterogeneous-03,44,compute-slow-010,compute-main-018,3.7177042507594638,3.7702829573485186,1.4142788947860474,FROZEN_C,11,True
compute-heterogeneous-03,89,compute-slow-006,compute-slow-004,3.7702829573485186,3.8059573292102282,0.946198793705344,FROZEN_C,12,True
compute-heterogeneous-03,11,compute-main-023,compute-slow-006,3.8059573292102282,3.839166072257428,0.8725463838579417,FROZEN_C,13,True
compute-heterogeneous-03,33,compute-slow-002,compute-main-023,3.839166072257428,3.8861991863672545,1.225086730415148,FROZEN_C,14,True
compute-heterogeneous-03,36,compute-slow-005,compute-slow-015,3.8861991863672545,3.9042784760133435,0.4652177816698355,FROZEN_C,15,True
compute-heterogeneous-03,63,compute-main-016,compute-slow-002,3.9042784760133435,3.9259317419496567,0.5546035219911705,FROZEN_C,16,True
compute-heterogeneous-03,2,compute-main-020,compute-slow-008,3.1823848845328073,3.198218709239261,0.49754587458639143,FROZEN_D,1,True
compute-heterogeneous-03,76,compute-main-022,compute-main-020,3.198218709239261,3.2348160038572344,1.1443024366109888,FROZEN_D,2,True
compute-heterogeneous-03,6,compute-main-024,compute-main-022,3.2348160038572344,3.2941693668923686,1.834829646086833,FROZEN_D,3,True
compute-heterogeneous-03,74,compute-main-017,compute-main-024,3.2941693668923686,3.3791527452856034,2.5798120536044467,FROZEN_D,4,True
compute-heterogeneous-03,17,compute-main-029,compute-main-017,3.3791527452856034,3.4436025750218455,1.9072777880833724,FROZEN_D,5,True
compute-heterogeneous-03,72,compute-main-019,compute-main-029,3.4436025750218455,3.5489649387745525,3.0596551564037178,FROZEN_D,6,True
compute-heterogeneous-03,35,compute-slow-004,compute-main-019,3.5489649387745525,3.5791140366400915,0.8495180534510816,FROZEN_D,7,True
compute-heterogeneous-03,20,compute-main-034,compute-slow-007,3.5791140366400915,3.597789247087754,0.5217830517966426,FROZEN_D,8,True
compute-heterogeneous-03,32,compute-slow-001,compute-main-034,3.597789247087754,3.633448781693125,0.9911512919839716,FROZEN_D,9,True
compute-heterogeneous-03,1,compute-main-018,compute-slow-011,3.633448781693125,3.7177042507594638,2.3188841821812467,FROZEN_D,10,True
compute-heterogeneous-03,44,compute-slow-010,compute-main-018,3.7177042507594638,3.7702829573485186,1.4142788947860474,FROZEN_D,11,True
compute-heterogeneous-03,89,compute-slow-006,compute-slow-004,3.7702829573485186,3.8059573292102282,0.946198793705344,FROZEN_D,12,True
compute-heterogeneous-03,11,compute-main-023,compute-slow-006,3.8059573292102282,3.839166072257428,0.8725463838579417,FROZEN_D,13,True
compute-heterogeneous-03,33,compute-slow-002,compute-main-023,3.839166072257428,3.8861991863672545,1.225086730415148,FROZEN_D,14,True
compute-heterogeneous-03,36,compute-slow-005,compute-slow-015,3.8861991863672545,3.9042784760133435,0.4652177816698355,FROZEN_D,15,True
compute-heterogeneous-03,63,compute-main-016,compute-slow-002,3.9042784760133435,3.9259317419496567,0.5546035219911705,FROZEN_D,16,True
compute-heterogeneous-03,2,compute-main-020,compute-slow-008,3.1823848845328073,3.198218709239261,0.49754587458639143,FROZEN_E,1,True
compute-heterogeneous-03,76,compute-main-022,compute-main-020,3.198218709239261,3.2348160038572344,1.1443024366109888,FROZEN_E,2,True
compute-heterogeneous-03,6,compute-main-024,compute-main-022,3.2348160038572344,3.2941693668923686,1.834829646086833,FROZEN_E,3,True
compute-heterogeneous-03,74,compute-main-017,compute-main-024,3.2941693668923686,3.3791527452856034,2.5798120536044467,FROZEN_E,4,True
compute-heterogeneous-03,17,compute-main-029,compute-main-017,3.3791527452856034,3.4436025750218455,1.9072777880833724,FROZEN_E,5,True
compute-heterogeneous-03,72,compute-main-019,compute-main-029,3.4436025750218455,3.5489649387745525,3.0596551564037178,FROZEN_E,6,True
compute-heterogeneous-03,35,compute-slow-004,compute-main-019,3.5489649387745525,3.5791140366400915,0.8495180534510816,FROZEN_E,7,True
compute-heterogeneous-03,20,compute-main-034,compute-slow-007,3.5791140366400915,3.597789247087754,0.5217830517966426,FROZEN_E,8,True
compute-heterogeneous-03,32,compute-slow-001,compute-main-034,3.597789247087754,3.633448781693125,0.9911512919839716,FROZEN_E,9,True
compute-heterogeneous-03,1,compute-main-018,compute-slow-011,3.633448781693125,3.7177042507594638,2.3188841821812467,FROZEN_E,10,True
compute-heterogeneous-03,44,compute-slow-010,compute-main-018,3.7177042507594638,3.7702829573485186,1.4142788947860474,FROZEN_E,11,True
compute-heterogeneous-03,89,compute-slow-006,compute-slow-004,3.7702829573485186,3.8059573292102282,0.946198793705344,FROZEN_E,12,True
compute-heterogeneous-03,11,compute-main-023,compute-slow-006,3.8059573292102282,3.839166072257428,0.8725463838579417,FROZEN_E,13,True
compute-heterogeneous-03,33,compute-slow-002,compute-main-023,3.839166072257428,3.8861991863672545,1.225086730415148,FROZEN_E,14,True
compute-heterogeneous-03,36,compute-slow-005,compute-slow-015,3.8861991863672545,3.9042784760133435,0.4652177816698355,FROZEN_E,15,True
compute-heterogeneous-03,63,compute-main-016,compute-slow-002,3.9042784760133435,3.9259317419496567,0.5546035219911705,FROZEN_E,16,True
compute-heterogeneous-04,6,compute-main-017,compute-slow-000,3.096907984892641,3.4576784985369327,11.649377876391709,FROZEN_A,1,True
compute-heterogeneous-04,75,compute-main-031,compute-main-017,3.4576784985369327,3.507868775409234,1.451559966999194,FROZEN_A,2,True
compute-heterogeneous-04,41,compute-slow-011,compute-main-031,3.507868775409234,3.536718363092585,0.8224249403395945,FROZEN_A,3,True
compute-heterogeneous-04,40,compute-slow-009,compute-slow-001,3.536718363092585,3.558030596297738,0.6025991050787827,FROZEN_A,4,True
compute-heterogeneous-04,38,compute-slow-007,compute-slow-013,3.558030596297738,3.5751577090771214,0.48136496625983405,FROZEN_A,5,True
compute-heterogeneous-04,89,compute-slow-004,compute-slow-007,3.5751577090771214,3.5964927095403496,0.5967569041516629,FROZEN_A,6,True
compute-heterogeneous-04,43,compute-slow-012,compute-slow-004,3.5964927095403496,3.60052900103579,0.11222854657075843,FROZEN_A,7,True
compute-heterogeneous-04,47,compute-slow-010,compute-slow-014,3.60052900103579,3.604574362452833,0.1123546405508602,FROZEN_A,8,True
compute-heterogeneous-04,6,compute-main-016,compute-slow-012,3.1072642909383816,3.2909226690475895,5.910613353515015,FROZEN_B,1,True
compute-heterogeneous-04,40,compute-slow-003,compute-main-016,3.2909226690475895,3.316067156456509,0.7640558572042266,FROZEN_B,2,True
compute-heterogeneous-04,90,compute-slow-007,compute-slow-011,3.316067156456509,3.32452346825891,0.25501026979914965,FROZEN_B,3,True
compute-heterogeneous-04,36,compute-slow-006,compute-slow-007,3.32452346825891,3.3290408903073985,0.13588179152947966,FROZEN_B,4,True
compute-heterogeneous-04,82,compute-main-037,compute-slow-003,3.3290408903073985,3.3333084218244973,0.12819102130958715,FROZEN_B,5,True
compute-heterogeneous-04,3,compute-main-021,compute-main-037,3.3333084218244973,3.375097743012277,1.2536890050188099,FROZEN_B,6,True
compute-heterogeneous-04,42,compute-slow-012,compute-main-021,3.375097743012277,3.3999667174084536,0.7368371611656155,FROZEN_B,7,True
compute-heterogeneous-04,18,compute-main-025,compute-slow-012,3.3999667174084536,3.40934102994425,0.275717773582862,FROZEN_B,8,True
compute-heterogeneous-04,45,compute-slow-009,compute-main-025,3.40934102994425,3.432567951048175,0.6812730348745522,FROZEN_B,9,True
compute-heterogeneous-04,6,compute-main-017,compute-slow-000,3.096907984892641,3.4576784985369327,11.649377876391709,FROZEN_C,1,True
compute-heterogeneous-04,75,compute-main-031,compute-main-017,3.4576784985369327,3.507868775409234,1.451559966999194,FROZEN_C,2,True
compute-heterogeneous-04,41,compute-slow-011,compute-main-031,3.507868775409234,3.536718363092585,0.8224249403395945,FROZEN_C,3,True
compute-heterogeneous-04,40,compute-slow-009,compute-slow-001,3.536718363092585,3.558030596297738,0.6025991050787827,FROZEN_C,4,True
compute-heterogeneous-04,38,compute-slow-007,compute-slow-013,3.558030596297738,3.5751577090771214,0.48136496625983405,FROZEN_C,5,True
compute-heterogeneous-04,89,compute-slow-004,compute-slow-007,3.5751577090771214,3.5964927095403496,0.5967569041516629,FROZEN_C,6,True
compute-heterogeneous-04,43,compute-slow-012,compute-slow-004,3.5964927095403496,3.60052900103579,0.11222854657075843,FROZEN_C,7,True
compute-heterogeneous-04,47,compute-slow-010,compute-slow-014,3.60052900103579,3.604574362452833,0.1123546405508602,FROZEN_C,8,True
compute-heterogeneous-04,6,compute-main-017,compute-slow-000,3.096907984892641,3.4576784985369327,11.649377876391709,FROZEN_D,1,True
compute-heterogeneous-04,75,compute-main-031,compute-main-017,3.4576784985369327,3.507868775409234,1.451559966999194,FROZEN_D,2,True
compute-heterogeneous-04,41,compute-slow-011,compute-main-031,3.507868775409234,3.536718363092585,0.8224249403395945,FROZEN_D,3,True
compute-heterogeneous-04,40,compute-slow-009,compute-slow-001,3.536718363092585,3.558030596297738,0.6025991050787827,FROZEN_D,4,True
compute-heterogeneous-04,38,compute-slow-007,compute-slow-013,3.558030596297738,3.5751577090771214,0.48136496625983405,FROZEN_D,5,True
compute-heterogeneous-04,89,compute-slow-004,compute-slow-007,3.5751577090771214,3.5964927095403496,0.5967569041516629,FROZEN_D,6,True
compute-heterogeneous-04,43,compute-slow-012,compute-slow-004,3.5964927095403496,3.60052900103579,0.11222854657075843,FROZEN_D,7,True
compute-heterogeneous-04,47,compute-slow-010,compute-slow-014,3.60052900103579,3.604574362452833,0.1123546405508602,FROZEN_D,8,True
compute-heterogeneous-04,6,compute-main-017,compute-slow-000,3.096907984892641,3.4576784985369327,11.649377876391709,FROZEN_E,1,True
compute-heterogeneous-04,75,compute-main-031,compute-main-017,3.4576784985369327,3.507868775409234,1.451559966999194,FROZEN_E,2,True
compute-heterogeneous-04,41,compute-slow-011,compute-main-031,3.507868775409234,3.536718363092585,0.8224249403395945,FROZEN_E,3,True
compute-heterogeneous-04,40,compute-slow-009,compute-slow-001,3.536718363092585,3.558030596297738,0.6025991050787827,FROZEN_E,4,True
compute-heterogeneous-04,38,compute-slow-007,compute-slow-013,3.558030596297738,3.5751577090771214,0.48136496625983405,FROZEN_E,5,True
compute-heterogeneous-04,89,compute-slow-004,compute-slow-007,3.5751577090771214,3.5964927095403496,0.5967569041516629,FROZEN_E,6,True
compute-heterogeneous-04,43,compute-slow-012,compute-slow-004,3.5964927095403496,3.60052900103579,0.11222854657075843,FROZEN_E,7,True
compute-heterogeneous-04,47,compute-slow-010,compute-slow-014,3.60052900103579,3.604574362452833,0.1123546405508602,FROZEN_E,8,True
compute-heterogeneous-05,77,compute-main-021,compute-slow-006,3.2369866365807636,3.2551937213547744,0.5624701865696524,FROZEN_A,1,True
compute-heterogeneous-05,5,compute-main-023,compute-main-021,3.2551937213547744,3.3732535779809933,3.6268150756042727,FROZEN_A,2,True
compute-heterogeneous-05,28,compute-main-046,compute-main-023,3.3732535779809933,3.486436069155196,3.3552915177502474,FROZEN_A,3,True
compute-heterogeneous-05,37,compute-slow-004,compute-main-046,3.486436069155196,3.524308252748539,1.0862721369940376,FROZEN_A,4,True
compute-heterogeneous-05,41,compute-slow-011,compute-slow-010,3.524308252748539,3.5483488886457497,0.6821377181880139,FROZEN_A,5,True
compute-heterogeneous-05,34,compute-slow-003,compute-slow-015,3.5483488886457497,3.554001134457219,0.15929227899647014,FROZEN_A,6,True
compute-heterogeneous-05,38,compute-slow-008,compute-slow-003,3.554001134457219,3.5672699658272884,0.37334910339288374,FROZEN_A,7,True
compute-heterogeneous-05,87,compute-main-046,compute-slow-008,3.5672699658272884,3.5711602776543208,0.10905571667689795,FROZEN_A,8,True
compute-heterogeneous-05,32,compute-slow-001,compute-main-046,3.5711602776543208,3.602381436577873,0.8742581261029114,FROZEN_A,9,True
compute-heterogeneous-05,77,compute-main-021,compute-slow-006,3.2369866365807636,3.2551937213547744,0.5624701865696524,FROZEN_B,1,True
compute-heterogeneous-05,5,compute-main-023,compute-main-021,3.2551937213547744,3.3732535779809933,3.6268150756042727,FROZEN_B,2,True
compute-heterogeneous-05,28,compute-main-046,compute-main-023,3.3732535779809933,3.486436069155196,3.3552915177502474,FROZEN_B,3,True
compute-heterogeneous-05,37,compute-slow-004,compute-main-046,3.486436069155196,3.524308252748539,1.0862721369940376,FROZEN_B,4,True
compute-heterogeneous-05,41,compute-slow-011,compute-slow-010,3.524308252748539,3.5483488886457497,0.6821377181880139,FROZEN_B,5,True
compute-heterogeneous-05,34,compute-slow-003,compute-slow-015,3.5483488886457497,3.554001134457219,0.15929227899647014,FROZEN_B,6,True
compute-heterogeneous-05,38,compute-slow-008,compute-slow-003,3.554001134457219,3.5672699658272884,0.37334910339288374,FROZEN_B,7,True
compute-heterogeneous-05,87,compute-main-046,compute-slow-008,3.5672699658272884,3.5711602776543208,0.10905571667689795,FROZEN_B,8,True
compute-heterogeneous-05,32,compute-slow-001,compute-main-046,3.5711602776543208,3.602381436577873,0.8742581261029114,FROZEN_B,9,True
compute-heterogeneous-05,77,compute-main-021,compute-slow-006,3.2369866365807636,3.2551937213547744,0.5624701865696524,FROZEN_C,1,True
compute-heterogeneous-05,5,compute-main-023,compute-main-021,3.2551937213547744,3.3732535779809933,3.6268150756042727,FROZEN_C,2,True
compute-heterogeneous-05,28,compute-main-046,compute-main-023,3.3732535779809933,3.486436069155196,3.3552915177502474,FROZEN_C,3,True
compute-heterogeneous-05,37,compute-slow-004,compute-main-046,3.486436069155196,3.524308252748539,1.0862721369940376,FROZEN_C,4,True
compute-heterogeneous-05,41,compute-slow-011,compute-slow-010,3.524308252748539,3.5483488886457497,0.6821377181880139,FROZEN_C,5,True
compute-heterogeneous-05,34,compute-slow-003,compute-slow-015,3.5483488886457497,3.554001134457219,0.15929227899647014,FROZEN_C,6,True
compute-heterogeneous-05,38,compute-slow-008,compute-slow-003,3.554001134457219,3.5672699658272884,0.37334910339288374,FROZEN_C,7,True
compute-heterogeneous-05,87,compute-main-046,compute-slow-008,3.5672699658272884,3.5711602776543208,0.10905571667689795,FROZEN_C,8,True
compute-heterogeneous-05,32,compute-slow-001,compute-main-046,3.5711602776543208,3.602381436577873,0.8742581261029114,FROZEN_C,9,True
compute-heterogeneous-05,77,compute-main-021,compute-slow-006,3.2369866365807636,3.2551937213547744,0.5624701865696524,FROZEN_D,1,True
compute-heterogeneous-05,5,compute-main-023,compute-main-021,3.2551937213547744,3.3732535779809933,3.6268150756042727,FROZEN_D,2,True
compute-heterogeneous-05,28,compute-main-046,compute-main-023,3.3732535779809933,3.486436069155196,3.3552915177502474,FROZEN_D,3,True
compute-heterogeneous-05,37,compute-slow-004,compute-main-046,3.486436069155196,3.524308252748539,1.0862721369940376,FROZEN_D,4,True
compute-heterogeneous-05,41,compute-slow-011,compute-slow-010,3.524308252748539,3.5483488886457497,0.6821377181880139,FROZEN_D,5,True
compute-heterogeneous-05,34,compute-slow-003,compute-slow-015,3.5483488886457497,3.554001134457219,0.15929227899647014,FROZEN_D,6,True
compute-heterogeneous-05,38,compute-slow-008,compute-slow-003,3.554001134457219,3.5672699658272884,0.37334910339288374,FROZEN_D,7,True
compute-heterogeneous-05,87,compute-main-046,compute-slow-008,3.5672699658272884,3.5711602776543208,0.10905571667689795,FROZEN_D,8,True
compute-heterogeneous-05,32,compute-slow-001,compute-main-046,3.5711602776543208,3.602381436577873,0.8742581261029114,FROZEN_D,9,True
compute-heterogeneous-05,77,compute-main-021,compute-slow-006,3.2369866365807636,3.2551937213547744,0.5624701865696524,FROZEN_E,1,True
compute-heterogeneous-05,5,compute-main-023,compute-main-021,3.2551937213547744,3.3732535779809933,3.6268150756042727,FROZEN_E,2,True
compute-heterogeneous-05,28,compute-main-046,compute-main-023,3.3732535779809933,3.486436069155196,3.3552915177502474,FROZEN_E,3,True
compute-heterogeneous-05,37,compute-slow-004,compute-main-046,3.486436069155196,3.524308252748539,1.0862721369940376,FROZEN_E,4,True
compute-heterogeneous-05,41,compute-slow-011,compute-slow-010,3.524308252748539,3.5483488886457497,0.6821377181880139,FROZEN_E,5,True
compute-heterogeneous-05,34,compute-slow-003,compute-slow-015,3.5483488886457497,3.554001134457219,0.15929227899647014,FROZEN_E,6,True
compute-heterogeneous-05,38,compute-slow-008,compute-slow-003,3.554001134457219,3.5672699658272884,0.37334910339288374,FROZEN_E,7,True
compute-heterogeneous-05,87,compute-main-046,compute-slow-008,3.5672699658272884,3.5711602776543208,0.10905571667689795,FROZEN_E,8,True
compute-heterogeneous-05,32,compute-slow-001,compute-main-046,3.5711602776543208,3.602381436577873,0.8742581261029114,FROZEN_E,9,True
compute-heterogeneous-06,34,compute-slow-004,compute-slow-010,3.2602253122643408,3.2775633659620307,0.5318053826668834,FROZEN_A,1,True
compute-heterogeneous-06,76,compute-main-018,compute-slow-004,3.2775633659620307,3.28289736737044,0.1627428919850571,FROZEN_A,2,True
compute-heterogeneous-06,40,compute-slow-008,compute-main-018,3.28289736737044,3.3056402241722878,0.6927678284400551,FROZEN_A,3,True
compute-heterogeneous-06,82,compute-main-030,compute-slow-008,3.3056402241722878,3.323411583590844,0.5376071869105603,FROZEN_A,4,True
compute-heterogeneous-06,2,compute-main-016,compute-main-030,3.323411583590844,3.4806697445006947,4.731829234943508,FROZEN_A,5,True
compute-heterogeneous-06,18,compute-main-034,compute-main-016,3.4806697445006947,3.5353191985080263,1.5700844383089052,FROZEN_A,6,True
compute-heterogeneous-06,36,compute-slow-005,compute-main-034,3.5353191985080263,3.6150236710581605,2.254519834694735,FROZEN_A,7,True
compute-heterogeneous-06,67,compute-main-020,compute-slow-005,3.6150236710581605,3.681807698317271,1.8474022118799116,FROZEN_A,8,True
compute-heterogeneous-06,46,compute-slow-011,compute-main-020,3.681807698317271,3.7069031386511244,0.6816064930637911,FROZEN_A,9,True
compute-heterogeneous-06,34,compute-slow-004,compute-slow-010,3.2602253122643408,3.2775633659620307,0.5318053826668834,FROZEN_B,1,True
compute-heterogeneous-06,76,compute-main-018,compute-slow-004,3.2775633659620307,3.28289736737044,0.1627428919850571,FROZEN_B,2,True
compute-heterogeneous-06,40,compute-slow-008,compute-main-018,3.28289736737044,3.3056402241722878,0.6927678284400551,FROZEN_B,3,True
compute-heterogeneous-06,82,compute-main-030,compute-slow-008,3.3056402241722878,3.323411583590844,0.5376071869105603,FROZEN_B,4,True
compute-heterogeneous-06,2,compute-main-016,compute-main-030,3.323411583590844,3.4806697445006947,4.731829234943508,FROZEN_B,5,True
compute-heterogeneous-06,18,compute-main-034,compute-main-016,3.4806697445006947,3.5353191985080263,1.5700844383089052,FROZEN_B,6,True
compute-heterogeneous-06,36,compute-slow-005,compute-main-034,3.5353191985080263,3.6150236710581605,2.254519834694735,FROZEN_B,7,True
compute-heterogeneous-06,67,compute-main-020,compute-slow-005,3.6150236710581605,3.681807698317271,1.8474022118799116,FROZEN_B,8,True
compute-heterogeneous-06,46,compute-slow-011,compute-main-020,3.681807698317271,3.7069031386511244,0.6816064930637911,FROZEN_B,9,True
compute-heterogeneous-06,34,compute-slow-004,compute-slow-010,3.2602253122643408,3.2775633659620307,0.5318053826668834,FROZEN_C,1,True
compute-heterogeneous-06,76,compute-main-018,compute-slow-004,3.2775633659620307,3.28289736737044,0.1627428919850571,FROZEN_C,2,True
compute-heterogeneous-06,40,compute-slow-008,compute-main-018,3.28289736737044,3.3056402241722878,0.6927678284400551,FROZEN_C,3,True
compute-heterogeneous-06,82,compute-main-030,compute-slow-008,3.3056402241722878,3.323411583590844,0.5376071869105603,FROZEN_C,4,True
compute-heterogeneous-06,2,compute-main-016,compute-main-030,3.323411583590844,3.4806697445006947,4.731829234943508,FROZEN_C,5,True
compute-heterogeneous-06,18,compute-main-034,compute-main-016,3.4806697445006947,3.5353191985080263,1.5700844383089052,FROZEN_C,6,True
compute-heterogeneous-06,36,compute-slow-005,compute-main-034,3.5353191985080263,3.6150236710581605,2.254519834694735,FROZEN_C,7,True
compute-heterogeneous-06,67,compute-main-020,compute-slow-005,3.6150236710581605,3.681807698317271,1.8474022118799116,FROZEN_C,8,True
compute-heterogeneous-06,46,compute-slow-011,compute-main-020,3.681807698317271,3.7069031386511244,0.6816064930637911,FROZEN_C,9,True
compute-heterogeneous-06,34,compute-slow-004,compute-slow-010,3.2602253122643408,3.2775633659620307,0.5318053826668834,FROZEN_D,1,True
compute-heterogeneous-06,76,compute-main-018,compute-slow-004,3.2775633659620307,3.28289736737044,0.1627428919850571,FROZEN_D,2,True
compute-heterogeneous-06,40,compute-slow-008,compute-main-018,3.28289736737044,3.3056402241722878,0.6927678284400551,FROZEN_D,3,True
compute-heterogeneous-06,82,compute-main-030,compute-slow-008,3.3056402241722878,3.323411583590844,0.5376071869105603,FROZEN_D,4,True
compute-heterogeneous-06,2,compute-main-016,compute-main-030,3.323411583590844,3.4806697445006947,4.731829234943508,FROZEN_D,5,True
compute-heterogeneous-06,18,compute-main-034,compute-main-016,3.4806697445006947,3.5353191985080263,1.5700844383089052,FROZEN_D,6,True
compute-heterogeneous-06,36,compute-slow-005,compute-main-034,3.5353191985080263,3.6150236710581605,2.254519834694735,FROZEN_D,7,True
compute-heterogeneous-06,67,compute-main-020,compute-slow-005,3.6150236710581605,3.681807698317271,1.8474022118799116,FROZEN_D,8,True
compute-heterogeneous-06,46,compute-slow-011,compute-main-020,3.681807698317271,3.7069031386511244,0.6816064930637911,FROZEN_D,9,True
compute-heterogeneous-06,34,compute-slow-004,compute-slow-010,3.2602253122643408,3.2775633659620307,0.5318053826668834,FROZEN_E,1,True
compute-heterogeneous-06,76,compute-main-018,compute-slow-004,3.2775633659620307,3.28289736737044,0.1627428919850571,FROZEN_E,2,True
compute-heterogeneous-06,40,compute-slow-008,compute-main-018,3.28289736737044,3.3056402241722878,0.6927678284400551,FROZEN_E,3,True
compute-heterogeneous-06,82,compute-main-030,compute-slow-008,3.3056402241722878,3.323411583590844,0.5376071869105603,FROZEN_E,4,True
compute-heterogeneous-06,2,compute-main-016,compute-main-030,3.323411583590844,3.4806697445006947,4.731829234943508,FROZEN_E,5,True
compute-heterogeneous-06,18,compute-main-034,compute-main-016,3.4806697445006947,3.5353191985080263,1.5700844383089052,FROZEN_E,6,True
compute-heterogeneous-06,36,compute-slow-005,compute-main-034,3.5353191985080263,3.6150236710581605,2.254519834694735,FROZEN_E,7,True
compute-heterogeneous-06,67,compute-main-020,compute-slow-005,3.6150236710581605,3.681807698317271,1.8474022118799116,FROZEN_E,8,True
compute-heterogeneous-06,46,compute-slow-011,compute-main-020,3.681807698317271,3.7069031386511244,0.6816064930637911,FROZEN_E,9,True
network-heterogeneous-01,15,network-main-010,network-main-005,3.3736586679427223,3.523344426040763,4.436896936859358,FROZEN_A,1,True
network-heterogeneous-01,19,network-main-015,network-main-016,3.523344426040763,3.6561176017736474,3.768384798022262,FROZEN_A,2,True
network-heterogeneous-01,41,network-main-043,network-main-006,3.6561176017736474,3.738343548118894,2.2489962113187323,FROZEN_A,3,True
network-heterogeneous-01,10,network-main-011,network-main-001,3.738343548118894,3.811939316775483,1.9686732294473597,FROZEN_A,4,True
network-heterogeneous-01,67,network-main-002,network-main-015,3.811939316775483,3.922012460964216,2.88758909944673,FROZEN_A,5,True
network-heterogeneous-01,12,network-main-008,network-main-002,3.922012460964216,3.995096968758673,1.8634440487343307,FROZEN_A,6,True
network-heterogeneous-01,89,network-main-043,network-main-010,3.995096968758673,4.055175055996015,1.5037954699760103,FROZEN_A,7,True
network-heterogeneous-01,86,network-main-024,network-main-011,4.055175055996015,4.0910886694080855,0.8856242434951866,FROZEN_A,8,True
network-heterogeneous-01,23,network-main-017,network-main-008,4.0910886694080855,4.113705612233864,0.5528343346576925,FROZEN_A,9,True
network-heterogeneous-01,6,network-main-005,network-main-024,4.113705612233864,4.129933005647629,0.394471431439003,FROZEN_A,10,True
network-heterogeneous-01,28,network-main-028,network-main-005,4.129933005647629,4.14331894048271,0.3241199025934671,FROZEN_A,11,True
network-heterogeneous-01,37,network-main-038,network-main-028,4.14331894048271,4.215898275940216,1.7517197324193878,FROZEN_A,12,True
network-heterogeneous-01,15,network-main-010,network-main-005,3.3736586679427223,3.523344426040763,4.436896936859358,FROZEN_B,1,True
network-heterogeneous-01,19,network-main-015,network-main-016,3.523344426040763,3.6561176017736474,3.768384798022262,FROZEN_B,2,True
network-heterogeneous-01,41,network-main-043,network-main-006,3.6561176017736474,3.738343548118894,2.2489962113187323,FROZEN_B,3,True
network-heterogeneous-01,10,network-main-011,network-main-001,3.738343548118894,3.811939316775483,1.9686732294473597,FROZEN_B,4,True
network-heterogeneous-01,67,network-main-002,network-main-015,3.811939316775483,3.922012460964216,2.88758909944673,FROZEN_B,5,True
network-heterogeneous-01,12,network-main-008,network-main-002,3.922012460964216,3.995096968758673,1.8634440487343307,FROZEN_B,6,True
network-heterogeneous-01,89,network-main-043,network-main-010,3.995096968758673,4.055175055996015,1.5037954699760103,FROZEN_B,7,True
network-heterogeneous-01,86,network-main-024,network-main-011,4.055175055996015,4.0910886694080855,0.8856242434951866,FROZEN_B,8,True
network-heterogeneous-01,23,network-main-017,network-main-008,4.0910886694080855,4.113705612233864,0.5528343346576925,FROZEN_B,9,True
network-heterogeneous-01,6,network-main-005,network-main-024,4.113705612233864,4.129933005647629,0.394471431439003,FROZEN_B,10,True
network-heterogeneous-01,28,network-main-028,network-main-005,4.129933005647629,4.14331894048271,0.3241199025934671,FROZEN_B,11,True
network-heterogeneous-01,37,network-main-038,network-main-028,4.14331894048271,4.215898275940216,1.7517197324193878,FROZEN_B,12,True
network-heterogeneous-01,15,network-main-010,network-main-005,3.3736586679427223,3.523344426040763,4.436896936859358,FROZEN_C,1,True
network-heterogeneous-01,19,network-main-015,network-main-016,3.523344426040763,3.6561176017736474,3.768384798022262,FROZEN_C,2,True
network-heterogeneous-01,41,network-main-043,network-main-006,3.6561176017736474,3.738343548118894,2.2489962113187323,FROZEN_C,3,True
network-heterogeneous-01,10,network-main-011,network-main-001,3.738343548118894,3.811939316775483,1.9686732294473597,FROZEN_C,4,True
network-heterogeneous-01,67,network-main-002,network-main-015,3.811939316775483,3.922012460964216,2.88758909944673,FROZEN_C,5,True
network-heterogeneous-01,12,network-main-008,network-main-002,3.922012460964216,3.995096968758673,1.8634440487343307,FROZEN_C,6,True
network-heterogeneous-01,89,network-main-043,network-main-010,3.995096968758673,4.055175055996015,1.5037954699760103,FROZEN_C,7,True
network-heterogeneous-01,86,network-main-024,network-main-011,4.055175055996015,4.0910886694080855,0.8856242434951866,FROZEN_C,8,True
network-heterogeneous-01,23,network-main-017,network-main-008,4.0910886694080855,4.113705612233864,0.5528343346576925,FROZEN_C,9,True
network-heterogeneous-01,6,network-main-005,network-main-024,4.113705612233864,4.129933005647629,0.394471431439003,FROZEN_C,10,True
network-heterogeneous-01,28,network-main-028,network-main-005,4.129933005647629,4.14331894048271,0.3241199025934671,FROZEN_C,11,True
network-heterogeneous-01,37,network-main-038,network-main-028,4.14331894048271,4.215898275940216,1.7517197324193878,FROZEN_C,12,True
network-heterogeneous-01,31,network-main-029,network-main-005,3.517770952696206,3.593827087410641,2.162054770966293,FROZEN_D,1,True
network-heterogeneous-01,48,network-main-042,network-main-008,3.593827087410641,3.6732446485846273,2.2098325612879277,FROZEN_D,2,True
network-heterogeneous-01,62,network-main-032,network-main-029,3.6732446485846273,3.74830366181324,2.043398150938147,FROZEN_D,3,True
network-heterogeneous-01,78,network-main-006,network-main-042,3.74830366181324,3.81129049382963,1.6804089982912496,FROZEN_D,4,True
network-heterogeneous-01,13,network-main-015,network-main-032,3.81129049382963,3.8743531685254147,1.6546278694285155,FROZEN_D,5,True
network-heterogeneous-01,38,network-main-037,network-main-015,3.8743531685254147,3.9336395650674705,1.5302269556551673,FROZEN_D,6,True
network-heterogeneous-01,42,network-main-043,network-main-037,3.9336395650674705,3.967678601898701,0.8653318706043356,FROZEN_D,7,True
network-heterogeneous-01,77,network-main-025,network-main-043,3.967678601898701,3.9971931196955635,0.7438737044562771,FROZEN_D,8,True
network-heterogeneous-01,34,network-main-034,network-main-025,3.9971931196955635,4.064701594751703,1.688897009341428,FROZEN_D,9,True
network-heterogeneous-01,85,network-main-024,network-main-011,4.064701594751703,4.0929733906185275,0.6955441920589722,FROZEN_D,10,True
network-heterogeneous-01,9,network-main-001,network-main-006,4.0929733906185275,4.117441064423851,0.5977970406894295,FROZEN_D,11,True
network-heterogeneous-01,14,network-main-010,network-main-016,4.117441064423851,4.181237198478317,1.5494121969513275,FROZEN_D,12,True
network-heterogeneous-01,81,network-main-007,network-main-001,4.181237198478317,4.263021966021086,1.9559944499808246,FROZEN_D,13,True
network-heterogeneous-01,63,network-main-002,network-main-007,4.263021966021086,4.303547946116815,0.9506397203379535,FROZEN_D,14,True
network-heterogeneous-01,57,network-main-037,network-main-002,4.303547946116815,4.333517590222086,0.6963938703718364,FROZEN_D,15,True
network-heterogeneous-01,20,network-main-011,network-main-037,4.333517590222086,4.3511344881336775,0.4065265121189654,FROZEN_D,16,True
network-heterogeneous-01,15,network-main-010,network-main-005,3.3736586679427223,3.523344426040763,4.436896936859358,FROZEN_E,1,True
network-heterogeneous-01,19,network-main-015,network-main-016,3.523344426040763,3.6561176017736474,3.768384798022262,FROZEN_E,2,True
network-heterogeneous-01,41,network-main-043,network-main-006,3.6561176017736474,3.738343548118894,2.2489962113187323,FROZEN_E,3,True
network-heterogeneous-01,10,network-main-011,network-main-001,3.738343548118894,3.811939316775483,1.9686732294473597,FROZEN_E,4,True
network-heterogeneous-01,67,network-main-002,network-main-015,3.811939316775483,3.922012460964216,2.88758909944673,FROZEN_E,5,True
network-heterogeneous-01,12,network-main-008,network-main-002,3.922012460964216,3.995096968758673,1.8634440487343307,FROZEN_E,6,True
network-heterogeneous-01,89,network-main-043,network-main-010,3.995096968758673,4.055175055996015,1.5037954699760103,FROZEN_E,7,True
network-heterogeneous-01,86,network-main-024,network-main-011,4.055175055996015,4.0910886694080855,0.8856242434951866,FROZEN_E,8,True
network-heterogeneous-01,23,network-main-017,network-main-008,4.0910886694080855,4.113705612233864,0.5528343346576925,FROZEN_E,9,True
network-heterogeneous-01,6,network-main-005,network-main-024,4.113705612233864,4.129933005647629,0.394471431439003,FROZEN_E,10,True
network-heterogeneous-01,28,network-main-028,network-main-005,4.129933005647629,4.14331894048271,0.3241199025934671,FROZEN_E,11,True
network-heterogeneous-01,37,network-main-038,network-main-028,4.14331894048271,4.215898275940216,1.7517197324193878,FROZEN_E,12,True
network-heterogeneous-02,33,network-main-022,network-main-000,3.26273589316046,3.3103570238256523,1.459545983020516,FROZEN_A,1,True
network-heterogeneous-02,76,network-main-019,network-main-022,3.3103570238256523,3.3776230115874646,2.0319858938984137,FROZEN_A,2,True
network-heterogeneous-02,89,network-main-004,network-main-007,3.3776230115874646,3.405583042848879,0.8278020124061536,FROZEN_A,3,True
network-heterogeneous-02,90,network-main-001,network-main-016,3.405583042848879,3.471588051335593,1.9381412127157605,FROZEN_A,4,True
network-heterogeneous-02,5,network-main-007,network-main-001,3.471588051335593,3.646054209695471,5.025543232088192,FROZEN_A,5,True
network-heterogeneous-02,14,network-main-013,network-main-004,3.646054209695471,3.7077498457253535,1.6921206455412285,FROZEN_A,6,True
network-heterogeneous-02,88,network-main-010,network-main-013,3.7077498457253535,3.737080435489474,0.7910617216513538,FROZEN_A,7,True
network-heterogeneous-02,3,network-main-002,network-main-008,3.737080435489474,3.7924214785819736,1.4808630439673953,FROZEN_A,8,True
network-heterogeneous-02,72,network-main-003,network-main-002,3.7924214785819736,3.871572536358292,2.0870849462099716,FROZEN_A,9,True
network-heterogeneous-02,90,network-main-016,network-main-007,3.871572536358292,4.04540351832997,4.489932200397018,FROZEN_A,10,True
network-heterogeneous-02,57,network-main-023,network-main-003,4.04540351832997,4.076090184431983,0.7585563705318821,FROZEN_A,11,True
network-heterogeneous-02,70,network-main-047,network-main-023,4.076090184431983,4.112286233708118,0.8880090390144035,FROZEN_A,12,True
network-heterogeneous-02,54,network-main-013,network-main-010,4.112286233708118,4.134577380022986,0.5420621291423844,FROZEN_A,13,True
network-heterogeneous-02,29,network-main-029,network-main-013,4.134577380022986,4.166637185686488,0.7754070783245082,FROZEN_A,14,True
network-heterogeneous-02,61,network-main-029,network-main-016,4.166637185686488,4.189267703973574,0.5431362818156371,FROZEN_A,15,True
network-heterogeneous-02,14,network-main-004,network-main-029,4.189267703973574,4.2108878576877595,0.5160843193114273,FROZEN_A,16,True
network-heterogeneous-02,33,network-main-022,network-main-000,3.26273589316046,3.3103570238256523,1.459545983020516,FROZEN_B,1,True
network-heterogeneous-02,76,network-main-019,network-main-022,3.3103570238256523,3.3776230115874646,2.0319858938984137,FROZEN_B,2,True
network-heterogeneous-02,89,network-main-004,network-main-007,3.3776230115874646,3.405583042848879,0.8278020124061536,FROZEN_B,3,True
network-heterogeneous-02,90,network-main-001,network-main-016,3.405583042848879,3.471588051335593,1.9381412127157605,FROZEN_B,4,True
network-heterogeneous-02,5,network-main-007,network-main-001,3.471588051335593,3.646054209695471,5.025543232088192,FROZEN_B,5,True
network-heterogeneous-02,14,network-main-013,network-main-004,3.646054209695471,3.7077498457253535,1.6921206455412285,FROZEN_B,6,True
network-heterogeneous-02,88,network-main-010,network-main-013,3.7077498457253535,3.737080435489474,0.7910617216513538,FROZEN_B,7,True
network-heterogeneous-02,3,network-main-002,network-main-008,3.737080435489474,3.7924214785819736,1.4808630439673953,FROZEN_B,8,True
network-heterogeneous-02,72,network-main-003,network-main-002,3.7924214785819736,3.871572536358292,2.0870849462099716,FROZEN_B,9,True
network-heterogeneous-02,90,network-main-016,network-main-007,3.871572536358292,4.04540351832997,4.489932200397018,FROZEN_B,10,True
network-heterogeneous-02,57,network-main-023,network-main-003,4.04540351832997,4.076090184431983,0.7585563705318821,FROZEN_B,11,True
network-heterogeneous-02,70,network-main-047,network-main-023,4.076090184431983,4.112286233708118,0.8880090390144035,FROZEN_B,12,True
network-heterogeneous-02,54,network-main-013,network-main-010,4.112286233708118,4.134577380022986,0.5420621291423844,FROZEN_B,13,True
network-heterogeneous-02,29,network-main-029,network-main-013,4.134577380022986,4.166637185686488,0.7754070783245082,FROZEN_B,14,True
network-heterogeneous-02,61,network-main-029,network-main-016,4.166637185686488,4.189267703973574,0.5431362818156371,FROZEN_B,15,True
network-heterogeneous-02,14,network-main-004,network-main-029,4.189267703973574,4.2108878576877595,0.5160843193114273,FROZEN_B,16,True
network-heterogeneous-02,33,network-main-022,network-main-000,3.26273589316046,3.3103570238256523,1.459545983020516,FROZEN_C,1,True
network-heterogeneous-02,76,network-main-019,network-main-022,3.3103570238256523,3.3776230115874646,2.0319858938984137,FROZEN_C,2,True
network-heterogeneous-02,89,network-main-004,network-main-007,3.3776230115874646,3.405583042848879,0.8278020124061536,FROZEN_C,3,True
network-heterogeneous-02,90,network-main-001,network-main-016,3.405583042848879,3.471588051335593,1.9381412127157605,FROZEN_C,4,True
network-heterogeneous-02,5,network-main-007,network-main-001,3.471588051335593,3.646054209695471,5.025543232088192,FROZEN_C,5,True
network-heterogeneous-02,14,network-main-013,network-main-004,3.646054209695471,3.7077498457253535,1.6921206455412285,FROZEN_C,6,True
network-heterogeneous-02,88,network-main-010,network-main-013,3.7077498457253535,3.737080435489474,0.7910617216513538,FROZEN_C,7,True
network-heterogeneous-02,3,network-main-002,network-main-008,3.737080435489474,3.7924214785819736,1.4808630439673953,FROZEN_C,8,True
network-heterogeneous-02,72,network-main-003,network-main-002,3.7924214785819736,3.871572536358292,2.0870849462099716,FROZEN_C,9,True
network-heterogeneous-02,90,network-main-016,network-main-007,3.871572536358292,4.04540351832997,4.489932200397018,FROZEN_C,10,True
network-heterogeneous-02,57,network-main-023,network-main-003,4.04540351832997,4.076090184431983,0.7585563705318821,FROZEN_C,11,True
network-heterogeneous-02,70,network-main-047,network-main-023,4.076090184431983,4.112286233708118,0.8880090390144035,FROZEN_C,12,True
network-heterogeneous-02,54,network-main-013,network-main-010,4.112286233708118,4.134577380022986,0.5420621291423844,FROZEN_C,13,True
network-heterogeneous-02,29,network-main-029,network-main-013,4.134577380022986,4.166637185686488,0.7754070783245082,FROZEN_C,14,True
network-heterogeneous-02,61,network-main-029,network-main-016,4.166637185686488,4.189267703973574,0.5431362818156371,FROZEN_C,15,True
network-heterogeneous-02,14,network-main-004,network-main-029,4.189267703973574,4.2108878576877595,0.5160843193114273,FROZEN_C,16,True
network-heterogeneous-02,33,network-main-022,network-main-000,3.26273589316046,3.3103570238256523,1.459545983020516,FROZEN_D,1,True
network-heterogeneous-02,76,network-main-019,network-main-022,3.3103570238256523,3.3776230115874646,2.0319858938984137,FROZEN_D,2,True
network-heterogeneous-02,89,network-main-004,network-main-007,3.3776230115874646,3.405583042848879,0.8278020124061536,FROZEN_D,3,True
network-heterogeneous-02,90,network-main-001,network-main-016,3.405583042848879,3.471588051335593,1.9381412127157605,FROZEN_D,4,True
network-heterogeneous-02,5,network-main-007,network-main-001,3.471588051335593,3.646054209695471,5.025543232088192,FROZEN_D,5,True
network-heterogeneous-02,14,network-main-013,network-main-004,3.646054209695471,3.7077498457253535,1.6921206455412285,FROZEN_D,6,True
network-heterogeneous-02,88,network-main-010,network-main-013,3.7077498457253535,3.737080435489474,0.7910617216513538,FROZEN_D,7,True
network-heterogeneous-02,3,network-main-002,network-main-008,3.737080435489474,3.7924214785819736,1.4808630439673953,FROZEN_D,8,True
network-heterogeneous-02,72,network-main-003,network-main-002,3.7924214785819736,3.871572536358292,2.0870849462099716,FROZEN_D,9,True
network-heterogeneous-02,90,network-main-016,network-main-007,3.871572536358292,4.04540351832997,4.489932200397018,FROZEN_D,10,True
network-heterogeneous-02,57,network-main-023,network-main-003,4.04540351832997,4.076090184431983,0.7585563705318821,FROZEN_D,11,True
network-heterogeneous-02,70,network-main-047,network-main-023,4.076090184431983,4.112286233708118,0.8880090390144035,FROZEN_D,12,True
network-heterogeneous-02,54,network-main-013,network-main-010,4.112286233708118,4.134577380022986,0.5420621291423844,FROZEN_D,13,True
network-heterogeneous-02,29,network-main-029,network-main-013,4.134577380022986,4.166637185686488,0.7754070783245082,FROZEN_D,14,True
network-heterogeneous-02,61,network-main-029,network-main-016,4.166637185686488,4.189267703973574,0.5431362818156371,FROZEN_D,15,True
network-heterogeneous-02,14,network-main-004,network-main-029,4.189267703973574,4.2108878576877595,0.5160843193114273,FROZEN_D,16,True
network-heterogeneous-02,33,network-main-022,network-main-000,3.26273589316046,3.3103570238256523,1.459545983020516,FROZEN_E,1,True
network-heterogeneous-02,76,network-main-019,network-main-022,3.3103570238256523,3.3776230115874646,2.0319858938984137,FROZEN_E,2,True
network-heterogeneous-02,89,network-main-004,network-main-007,3.3776230115874646,3.405583042848879,0.8278020124061536,FROZEN_E,3,True
network-heterogeneous-02,90,network-main-001,network-main-016,3.405583042848879,3.471588051335593,1.9381412127157605,FROZEN_E,4,True
network-heterogeneous-02,5,network-main-007,network-main-001,3.471588051335593,3.646054209695471,5.025543232088192,FROZEN_E,5,True
network-heterogeneous-02,14,network-main-013,network-main-004,3.646054209695471,3.7077498457253535,1.6921206455412285,FROZEN_E,6,True
network-heterogeneous-02,88,network-main-010,network-main-013,3.7077498457253535,3.737080435489474,0.7910617216513538,FROZEN_E,7,True
network-heterogeneous-02,3,network-main-002,network-main-008,3.737080435489474,3.7924214785819736,1.4808630439673953,FROZEN_E,8,True
network-heterogeneous-02,72,network-main-003,network-main-002,3.7924214785819736,3.871572536358292,2.0870849462099716,FROZEN_E,9,True
network-heterogeneous-02,90,network-main-016,network-main-007,3.871572536358292,4.04540351832997,4.489932200397018,FROZEN_E,10,True
network-heterogeneous-02,57,network-main-023,network-main-003,4.04540351832997,4.076090184431983,0.7585563705318821,FROZEN_E,11,True
network-heterogeneous-02,70,network-main-047,network-main-023,4.076090184431983,4.112286233708118,0.8880090390144035,FROZEN_E,12,True
network-heterogeneous-02,54,network-main-013,network-main-010,4.112286233708118,4.134577380022986,0.5420621291423844,FROZEN_E,13,True
network-heterogeneous-02,29,network-main-029,network-main-013,4.134577380022986,4.166637185686488,0.7754070783245082,FROZEN_E,14,True
network-heterogeneous-02,61,network-main-029,network-main-016,4.166637185686488,4.189267703973574,0.5431362818156371,FROZEN_E,15,True
network-heterogeneous-02,14,network-main-004,network-main-029,4.189267703973574,4.2108878576877595,0.5160843193114273,FROZEN_E,16,True
network-heterogeneous-03,80,network-main-030,network-main-002,3.5566485585689778,3.6344136747887026,2.1864717567432024,FROZEN_A,1,True
network-heterogeneous-03,71,network-main-001,network-main-022,3.6344136747887026,3.7086334857566374,2.0421398775484656,FROZEN_A,2,True
network-heterogeneous-03,10,network-main-010,network-main-001,3.7086334857566374,3.7391932484192565,0.8240167916292229,FROZEN_A,3,True
network-heterogeneous-03,75,network-main-017,network-main-010,3.7391932484192565,3.7558974365115607,0.44673240944062,FROZEN_A,4,True
network-heterogeneous-03,36,network-main-037,network-main-017,3.7558974365115607,3.842726008405086,2.311792943264468,FROZEN_A,5,True
network-heterogeneous-03,17,network-main-004,network-main-037,3.842726008405086,3.8579109297910876,0.3951601376936065,FROZEN_A,6,True
network-heterogeneous-03,90,network-main-014,network-main-004,3.8579109297910876,3.967324363330697,2.836079824827231,FROZEN_A,7,True
network-heterogeneous-03,3,network-main-005,network-main-014,3.967324363330697,3.9913282790064555,0.6050404120626629,FROZEN_A,8,True
network-heterogeneous-03,12,network-main-012,network-main-005,3.9913282790064555,4.041735082084194,1.2629079733397885,FROZEN_A,9,True
network-heterogeneous-03,29,network-main-031,network-main-029,4.041735082084194,4.046833321032678,0.12613985936593686,FROZEN_A,10,True
network-heterogeneous-03,77,network-main-005,network-main-031,4.046833321032678,4.077246394756332,0.7515277084822802,FROZEN_A,11,True
network-heterogeneous-03,80,network-main-030,network-main-002,3.5566485585689778,3.6344136747887026,2.1864717567432024,FROZEN_B,1,True
network-heterogeneous-03,71,network-main-001,network-main-022,3.6344136747887026,3.7086334857566374,2.0421398775484656,FROZEN_B,2,True
network-heterogeneous-03,10,network-main-010,network-main-001,3.7086334857566374,3.7391932484192565,0.8240167916292229,FROZEN_B,3,True
network-heterogeneous-03,75,network-main-017,network-main-010,3.7391932484192565,3.7558974365115607,0.44673240944062,FROZEN_B,4,True
network-heterogeneous-03,36,network-main-037,network-main-017,3.7558974365115607,3.842726008405086,2.311792943264468,FROZEN_B,5,True
network-heterogeneous-03,17,network-main-004,network-main-037,3.842726008405086,3.8579109297910876,0.3951601376936065,FROZEN_B,6,True
network-heterogeneous-03,90,network-main-014,network-main-004,3.8579109297910876,3.967324363330697,2.836079824827231,FROZEN_B,7,True
network-heterogeneous-03,3,network-main-005,network-main-014,3.967324363330697,3.9913282790064555,0.6050404120626629,FROZEN_B,8,True
network-heterogeneous-03,12,network-main-012,network-main-005,3.9913282790064555,4.041735082084194,1.2629079733397885,FROZEN_B,9,True
network-heterogeneous-03,29,network-main-031,network-main-029,4.041735082084194,4.046833321032678,0.12613985936593686,FROZEN_B,10,True
network-heterogeneous-03,77,network-main-005,network-main-031,4.046833321032678,4.077246394756332,0.7515277084822802,FROZEN_B,11,True
network-heterogeneous-03,80,network-main-030,network-main-002,3.5566485585689778,3.6344136747887026,2.1864717567432024,FROZEN_C,1,True
network-heterogeneous-03,71,network-main-001,network-main-022,3.6344136747887026,3.7086334857566374,2.0421398775484656,FROZEN_C,2,True
network-heterogeneous-03,10,network-main-010,network-main-001,3.7086334857566374,3.7391932484192565,0.8240167916292229,FROZEN_C,3,True
network-heterogeneous-03,75,network-main-017,network-main-010,3.7391932484192565,3.7558974365115607,0.44673240944062,FROZEN_C,4,True
network-heterogeneous-03,36,network-main-037,network-main-017,3.7558974365115607,3.842726008405086,2.311792943264468,FROZEN_C,5,True
network-heterogeneous-03,17,network-main-004,network-main-037,3.842726008405086,3.8579109297910876,0.3951601376936065,FROZEN_C,6,True
network-heterogeneous-03,90,network-main-014,network-main-004,3.8579109297910876,3.967324363330697,2.836079824827231,FROZEN_C,7,True
network-heterogeneous-03,3,network-main-005,network-main-014,3.967324363330697,3.9913282790064555,0.6050404120626629,FROZEN_C,8,True
network-heterogeneous-03,12,network-main-012,network-main-005,3.9913282790064555,4.041735082084194,1.2629079733397885,FROZEN_C,9,True
network-heterogeneous-03,29,network-main-031,network-main-029,4.041735082084194,4.046833321032678,0.12613985936593686,FROZEN_C,10,True
network-heterogeneous-03,77,network-main-005,network-main-031,4.046833321032678,4.077246394756332,0.7515277084822802,FROZEN_C,11,True
network-heterogeneous-03,56,network-main-025,network-main-028,3.6672374442880105,3.7499699799737383,2.2559906998820045,FROZEN_D,1,True
network-heterogeneous-03,61,network-main-000,network-main-025,3.7499699799737383,3.8365215493254916,2.30806032618851,FROZEN_D,2,True
network-heterogeneous-03,40,network-main-029,network-main-000,3.8365215493254916,3.9112950958178883,1.9489932620225359,FROZEN_D,3,True
network-heterogeneous-03,80,network-main-004,network-main-029,3.9112950958178883,3.991476286689708,2.0499908318744042,FROZEN_D,4,True
network-heterogeneous-03,77,network-main-024,network-main-004,3.991476286689708,4.062978757938149,1.7913790816415087,FROZEN_D,5,True
network-heterogeneous-03,20,network-main-019,network-main-043,4.062978757938149,4.094400594637585,0.7733694555514203,FROZEN_D,6,True
network-heterogeneous-03,64,network-main-018,network-main-044,4.094400594637585,4.121518865848161,0.6623257930866044,FROZEN_D,7,True
network-heterogeneous-03,30,network-main-032,network-main-018,4.121518865848161,4.163169819686604,1.0105729269753505,FROZEN_D,8,True
network-heterogeneous-03,69,network-main-031,network-main-045,4.163169819686604,4.189031167581157,0.6211936820895714,FROZEN_D,9,True
network-heterogeneous-03,76,network-main-014,network-main-031,4.189031167581157,4.217421796017858,0.6777373407105491,FROZEN_D,10,True
network-heterogeneous-03,18,network-main-018,network-main-014,4.217421796017858,4.235325907622237,0.4245274120147302,FROZEN_D,11,True
network-heterogeneous-03,33,network-main-035,network-main-018,4.235325907622237,4.25208315434357,0.395654244486221,FROZEN_D,12,True
network-heterogeneous-03,41,network-main-036,network-main-035,4.25208315434357,4.274812542486299,0.5345471223795695,FROZEN_D,13,True
network-heterogeneous-03,67,network-main-030,network-main-036,4.274812542486299,4.287210761539603,0.2900295376716766,FROZEN_D,14,True
network-heterogeneous-03,26,network-main-014,network-main-046,4.287210761539603,4.297647041893465,0.2434282085566064,FROZEN_D,15,True
network-heterogeneous-03,14,network-main-010,network-main-014,4.297647041893465,4.312017933992715,0.3343897709412236,FROZEN_D,16,True
network-heterogeneous-03,80,network-main-030,network-main-002,3.5566485585689778,3.6344136747887026,2.1864717567432024,FROZEN_E,1,True
network-heterogeneous-03,71,network-main-001,network-main-022,3.6344136747887026,3.7086334857566374,2.0421398775484656,FROZEN_E,2,True
network-heterogeneous-03,10,network-main-010,network-main-001,3.7086334857566374,3.7391932484192565,0.8240167916292229,FROZEN_E,3,True
network-heterogeneous-03,75,network-main-017,network-main-010,3.7391932484192565,3.7558974365115607,0.44673240944062,FROZEN_E,4,True
network-heterogeneous-03,36,network-main-037,network-main-017,3.7558974365115607,3.842726008405086,2.311792943264468,FROZEN_E,5,True
network-heterogeneous-03,17,network-main-004,network-main-037,3.842726008405086,3.8579109297910876,0.3951601376936065,FROZEN_E,6,True
network-heterogeneous-03,90,network-main-014,network-main-004,3.8579109297910876,3.967324363330697,2.836079824827231,FROZEN_E,7,True
network-heterogeneous-03,3,network-main-005,network-main-014,3.967324363330697,3.9913282790064555,0.6050404120626629,FROZEN_E,8,True
network-heterogeneous-03,12,network-main-012,network-main-005,3.9913282790064555,4.041735082084194,1.2629079733397885,FROZEN_E,9,True
network-heterogeneous-03,29,network-main-031,network-main-029,4.041735082084194,4.046833321032678,0.12613985936593686,FROZEN_E,10,True
network-heterogeneous-03,77,network-main-005,network-main-031,4.046833321032678,4.077246394756332,0.7515277084822802,FROZEN_E,11,True
network-heterogeneous-04,51,network-main-034,network-main-020,3.7998397458508886,3.8809650722714686,2.134967047206726,FROZEN_A,1,True
network-heterogeneous-04,55,network-main-033,network-main-023,3.8809650722714686,3.965629965243571,2.181542255482083,FROZEN_A,2,True
network-heterogeneous-04,13,network-main-006,network-main-004,3.965629965243571,4.028556870221991,1.5868072798001176,FROZEN_A,3,True
network-heterogeneous-04,83,network-main-013,network-main-006,4.028556870221991,4.066250000275257,0.9356484534668752,FROZEN_A,4,True
network-heterogeneous-04,72,network-main-002,network-main-033,4.066250000275257,4.109759962058555,1.070026726845441,FROZEN_A,5,True
network-heterogeneous-04,9,network-main-010,network-main-002,4.109759962058555,4.195523929317492,2.0868364101726877,FROZEN_A,6,True
network-heterogeneous-04,92,network-main-022,network-main-010,4.195523929317492,4.255904637689423,1.4391696815266197,FROZEN_A,7,True
network-heterogeneous-04,3,network-main-001,network-main-022,4.255904637689423,4.317717498040152,1.452402382406004,FROZEN_A,8,True
network-heterogeneous-04,11,network-main-011,network-main-001,4.317717498040152,4.362542866442456,1.0381727943676422,FROZEN_A,9,True
network-heterogeneous-04,85,network-main-016,network-main-034,4.362542866442456,4.440112354463219,1.778079674985955,FROZEN_A,10,True
network-heterogeneous-04,1,network-main-003,network-main-000,4.440112354463219,4.6353396570825565,4.396900056438757,FROZEN_A,11,True
network-heterogeneous-04,26,network-main-018,network-main-003,4.6353396570825565,4.737104437451006,2.195411510199863,FROZEN_A,12,True
network-heterogeneous-04,76,network-main-001,network-main-016,4.737104437451006,4.828384200354577,1.9269105021608501,FROZEN_A,13,True
network-heterogeneous-04,69,network-main-005,network-main-013,4.828384200354577,4.980836530037131,3.1574191977381982,FROZEN_A,14,True
network-heterogeneous-04,63,network-main-031,network-main-005,4.980836530037131,5.021025706735323,0.8068760429263078,FROZEN_A,15,True
network-heterogeneous-04,30,network-main-027,network-main-031,5.021025706735323,5.067726750675719,0.9301096363189432,FROZEN_A,16,True
network-heterogeneous-04,51,network-main-034,network-main-020,3.7998397458508886,3.8809650722714686,2.134967047206726,FROZEN_B,1,True
network-heterogeneous-04,55,network-main-033,network-main-023,3.8809650722714686,3.965629965243571,2.181542255482083,FROZEN_B,2,True
network-heterogeneous-04,13,network-main-006,network-main-004,3.965629965243571,4.028556870221991,1.5868072798001176,FROZEN_B,3,True
network-heterogeneous-04,83,network-main-013,network-main-006,4.028556870221991,4.066250000275257,0.9356484534668752,FROZEN_B,4,True
network-heterogeneous-04,72,network-main-002,network-main-033,4.066250000275257,4.109759962058555,1.070026726845441,FROZEN_B,5,True
network-heterogeneous-04,9,network-main-010,network-main-002,4.109759962058555,4.195523929317492,2.0868364101726877,FROZEN_B,6,True
network-heterogeneous-04,92,network-main-022,network-main-010,4.195523929317492,4.255904637689423,1.4391696815266197,FROZEN_B,7,True
network-heterogeneous-04,3,network-main-001,network-main-022,4.255904637689423,4.317717498040152,1.452402382406004,FROZEN_B,8,True
network-heterogeneous-04,11,network-main-011,network-main-001,4.317717498040152,4.362542866442456,1.0381727943676422,FROZEN_B,9,True
network-heterogeneous-04,85,network-main-016,network-main-034,4.362542866442456,4.440112354463219,1.778079674985955,FROZEN_B,10,True
network-heterogeneous-04,1,network-main-003,network-main-000,4.440112354463219,4.6353396570825565,4.396900056438757,FROZEN_B,11,True
network-heterogeneous-04,26,network-main-018,network-main-003,4.6353396570825565,4.737104437451006,2.195411510199863,FROZEN_B,12,True
network-heterogeneous-04,76,network-main-001,network-main-016,4.737104437451006,4.828384200354577,1.9269105021608501,FROZEN_B,13,True
network-heterogeneous-04,69,network-main-005,network-main-013,4.828384200354577,4.980836530037131,3.1574191977381982,FROZEN_B,14,True
network-heterogeneous-04,63,network-main-031,network-main-005,4.980836530037131,5.021025706735323,0.8068760429263078,FROZEN_B,15,True
network-heterogeneous-04,30,network-main-027,network-main-031,5.021025706735323,5.067726750675719,0.9301096363189432,FROZEN_B,16,True
network-heterogeneous-04,31,network-main-033,network-main-020,3.8125259716077244,3.89417521966658,2.141605032120597,FROZEN_C,1,True
network-heterogeneous-04,21,network-main-023,network-main-004,3.89417521966658,3.97285336219288,2.0204058135071756,FROZEN_C,2,True
network-heterogeneous-04,23,network-main-025,network-main-028,3.97285336219288,4.054776298247384,2.0620679543351006,FROZEN_C,3,True
network-heterogeneous-04,62,network-main-035,network-main-033,4.054776298247384,4.128585607374509,1.8203053312467077,FROZEN_C,4,True
network-heterogeneous-04,45,network-main-045,network-main-035,4.128585607374509,4.166470725629443,0.9176294706657817,FROZEN_C,5,True
network-heterogeneous-04,34,network-main-024,network-main-000,4.166470725629443,4.199028992883745,0.7814351617551285,FROZEN_C,6,True
network-heterogeneous-04,41,network-main-039,network-main-024,4.199028992883745,4.232100111233601,0.7875896643224634,FROZEN_C,7,True
network-heterogeneous-04,17,network-main-011,network-main-023,4.232100111233601,4.256307655979545,0.5719983958245134,FROZEN_C,8,True
network-heterogeneous-04,71,network-main-002,network-main-011,4.256307655979545,4.277754037236865,0.503872910295633,FROZEN_C,9,True
network-heterogeneous-04,43,network-main-043,network-main-002,4.277754037236865,4.312081909651069,0.8024741982682437,FROZEN_C,10,True
network-heterogeneous-04,8,network-main-001,network-main-043,4.312081909651069,4.332995654206645,0.4850034158388139,FROZEN_C,11,True
network-heterogeneous-04,89,network-main-023,network-main-001,4.332995654206645,4.386848040264338,1.2428442203816115,FROZEN_C,12,True
network-heterogeneous-04,90,network-main-018,network-main-045,4.386848040264338,4.497678937726051,2.5264357562527984,FROZEN_C,13,True
network-heterogeneous-04,4,network-main-005,network-main-018,4.497678937726051,4.626750802825644,2.8697438587034663,FROZEN_C,14,True
network-heterogeneous-04,13,network-main-013,network-main-005,4.626750802825644,4.769935200947189,3.0947073707557227,FROZEN_C,15,True
network-heterogeneous-04,80,network-main-016,network-main-013,4.769935200947189,4.861931010396759,1.9286595220685987,FROZEN_C,16,True
network-heterogeneous-04,51,network-main-034,network-main-020,3.7998397458508886,3.8809650722714686,2.134967047206726,FROZEN_D,1,True
network-heterogeneous-04,55,network-main-033,network-main-023,3.8809650722714686,3.965629965243571,2.181542255482083,FROZEN_D,2,True
network-heterogeneous-04,13,network-main-006,network-main-004,3.965629965243571,4.028556870221991,1.5868072798001176,FROZEN_D,3,True
network-heterogeneous-04,83,network-main-013,network-main-006,4.028556870221991,4.066250000275257,0.9356484534668752,FROZEN_D,4,True
network-heterogeneous-04,72,network-main-002,network-main-033,4.066250000275257,4.109759962058555,1.070026726845441,FROZEN_D,5,True
network-heterogeneous-04,9,network-main-010,network-main-002,4.109759962058555,4.195523929317492,2.0868364101726877,FROZEN_D,6,True
network-heterogeneous-04,92,network-main-022,network-main-010,4.195523929317492,4.255904637689423,1.4391696815266197,FROZEN_D,7,True
network-heterogeneous-04,3,network-main-001,network-main-022,4.255904637689423,4.317717498040152,1.452402382406004,FROZEN_D,8,True
network-heterogeneous-04,11,network-main-011,network-main-001,4.317717498040152,4.362542866442456,1.0381727943676422,FROZEN_D,9,True
network-heterogeneous-04,85,network-main-016,network-main-034,4.362542866442456,4.440112354463219,1.778079674985955,FROZEN_D,10,True
network-heterogeneous-04,1,network-main-003,network-main-000,4.440112354463219,4.6353396570825565,4.396900056438757,FROZEN_D,11,True
network-heterogeneous-04,26,network-main-018,network-main-003,4.6353396570825565,4.737104437451006,2.195411510199863,FROZEN_D,12,True
network-heterogeneous-04,76,network-main-001,network-main-016,4.737104437451006,4.828384200354577,1.9269105021608501,FROZEN_D,13,True
network-heterogeneous-04,69,network-main-005,network-main-013,4.828384200354577,4.980836530037131,3.1574191977381982,FROZEN_D,14,True
network-heterogeneous-04,63,network-main-031,network-main-005,4.980836530037131,5.021025706735323,0.8068760429263078,FROZEN_D,15,True
network-heterogeneous-04,30,network-main-027,network-main-031,5.021025706735323,5.067726750675719,0.9301096363189432,FROZEN_D,16,True
network-heterogeneous-04,51,network-main-034,network-main-020,3.7998397458508886,3.8809650722714686,2.134967047206726,FROZEN_E,1,True
network-heterogeneous-04,55,network-main-033,network-main-023,3.8809650722714686,3.965629965243571,2.181542255482083,FROZEN_E,2,True
network-heterogeneous-04,13,network-main-006,network-main-004,3.965629965243571,4.028556870221991,1.5868072798001176,FROZEN_E,3,True
network-heterogeneous-04,83,network-main-013,network-main-006,4.028556870221991,4.066250000275257,0.9356484534668752,FROZEN_E,4,True
network-heterogeneous-04,72,network-main-002,network-main-033,4.066250000275257,4.109759962058555,1.070026726845441,FROZEN_E,5,True
network-heterogeneous-04,9,network-main-010,network-main-002,4.109759962058555,4.195523929317492,2.0868364101726877,FROZEN_E,6,True
network-heterogeneous-04,92,network-main-022,network-main-010,4.195523929317492,4.255904637689423,1.4391696815266197,FROZEN_E,7,True
network-heterogeneous-04,3,network-main-001,network-main-022,4.255904637689423,4.317717498040152,1.452402382406004,FROZEN_E,8,True
network-heterogeneous-04,11,network-main-011,network-main-001,4.317717498040152,4.362542866442456,1.0381727943676422,FROZEN_E,9,True
network-heterogeneous-04,85,network-main-016,network-main-034,4.362542866442456,4.440112354463219,1.778079674985955,FROZEN_E,10,True
network-heterogeneous-04,1,network-main-003,network-main-000,4.440112354463219,4.6353396570825565,4.396900056438757,FROZEN_E,11,True
network-heterogeneous-04,26,network-main-018,network-main-003,4.6353396570825565,4.737104437451006,2.195411510199863,FROZEN_E,12,True
network-heterogeneous-04,76,network-main-001,network-main-016,4.737104437451006,4.828384200354577,1.9269105021608501,FROZEN_E,13,True
network-heterogeneous-04,69,network-main-005,network-main-013,4.828384200354577,4.980836530037131,3.1574191977381982,FROZEN_E,14,True
network-heterogeneous-04,63,network-main-031,network-main-005,4.980836530037131,5.021025706735323,0.8068760429263078,FROZEN_E,15,True
network-heterogeneous-04,30,network-main-027,network-main-031,5.021025706735323,5.067726750675719,0.9301096363189432,FROZEN_E,16,True
network-heterogeneous-05,71,network-main-022,network-main-042,3.7894498022897327,3.9373942548543712,3.9041143248617516,FROZEN_A,1,True
network-heterogeneous-05,83,network-main-006,network-main-043,3.9373942548543712,4.035148380256804,2.482711130131632,FROZEN_A,2,True
network-heterogeneous-05,35,network-main-035,network-main-000,4.035148380256804,4.1196879243869615,2.095078945393758,FROZEN_A,3,True
network-heterogeneous-05,88,network-main-039,network-main-022,4.1196879243869615,4.2058756977844896,2.0920947163820314,FROZEN_A,4,True
network-heterogeneous-05,56,network-main-036,network-main-003,4.2058756977844896,4.275000877138219,1.6435383335304588,FROZEN_A,5,True
network-heterogeneous-05,14,network-main-016,network-main-036,4.275000877138219,4.322614548376973,1.1137698589345657,FROZEN_A,6,True
network-heterogeneous-05,21,network-main-018,network-main-016,4.322614548376973,4.3765099812339345,1.2468248615226996,FROZEN_A,7,True
network-heterogeneous-05,59,network-main-045,network-main-018,4.3765099812339345,4.447191952675685,1.6150305093517003,FROZEN_A,8,True
network-heterogeneous-05,62,network-main-046,network-main-045,4.447191952675685,4.479203082638728,0.7198054481049043,FROZEN_A,9,True
network-heterogeneous-05,53,network-main-038,network-main-046,4.479203082638728,4.511678389487229,0.7250242118821193,FROZEN_A,10,True
network-heterogeneous-05,30,network-main-031,network-main-038,4.511678389487229,4.52844023490565,0.37152128257809114,FROZEN_A,11,True
network-heterogeneous-05,33,network-main-023,network-main-031,4.52844023490565,4.547602427910272,0.4231521674266103,FROZEN_A,12,True
network-heterogeneous-05,76,network-main-030,network-main-035,4.547602427910272,4.555287783299796,0.16899796126319533,FROZEN_A,13,True
network-heterogeneous-05,66,network-main-001,network-main-030,4.555287783299796,4.584153241202577,0.6336692493634555,FROZEN_A,14,True
network-heterogeneous-05,56,network-main-003,network-main-001,4.584153241202577,4.610381290303881,0.5721459934097561,FROZEN_A,15,True
network-heterogeneous-05,64,network-main-028,network-main-003,4.610381290303881,4.618314546262007,0.17207374962262545,FROZEN_A,16,True
network-heterogeneous-05,71,network-main-022,network-main-042,3.7894498022897327,3.9373942548543712,3.9041143248617516,FROZEN_B,1,True
network-heterogeneous-05,83,network-main-006,network-main-043,3.9373942548543712,4.035148380256804,2.482711130131632,FROZEN_B,2,True
network-heterogeneous-05,35,network-main-035,network-main-000,4.035148380256804,4.1196879243869615,2.095078945393758,FROZEN_B,3,True
network-heterogeneous-05,88,network-main-039,network-main-022,4.1196879243869615,4.2058756977844896,2.0920947163820314,FROZEN_B,4,True
network-heterogeneous-05,56,network-main-036,network-main-003,4.2058756977844896,4.275000877138219,1.6435383335304588,FROZEN_B,5,True
network-heterogeneous-05,14,network-main-016,network-main-036,4.275000877138219,4.322614548376973,1.1137698589345657,FROZEN_B,6,True
network-heterogeneous-05,21,network-main-018,network-main-016,4.322614548376973,4.3765099812339345,1.2468248615226996,FROZEN_B,7,True
network-heterogeneous-05,59,network-main-045,network-main-018,4.3765099812339345,4.447191952675685,1.6150305093517003,FROZEN_B,8,True
network-heterogeneous-05,62,network-main-046,network-main-045,4.447191952675685,4.479203082638728,0.7198054481049043,FROZEN_B,9,True
network-heterogeneous-05,53,network-main-038,network-main-046,4.479203082638728,4.511678389487229,0.7250242118821193,FROZEN_B,10,True
network-heterogeneous-05,30,network-main-031,network-main-038,4.511678389487229,4.52844023490565,0.37152128257809114,FROZEN_B,11,True
network-heterogeneous-05,33,network-main-023,network-main-031,4.52844023490565,4.547602427910272,0.4231521674266103,FROZEN_B,12,True
network-heterogeneous-05,76,network-main-030,network-main-035,4.547602427910272,4.555287783299796,0.16899796126319533,FROZEN_B,13,True
network-heterogeneous-05,66,network-main-001,network-main-030,4.555287783299796,4.584153241202577,0.6336692493634555,FROZEN_B,14,True
network-heterogeneous-05,56,network-main-003,network-main-001,4.584153241202577,4.610381290303881,0.5721459934097561,FROZEN_B,15,True
network-heterogeneous-05,64,network-main-028,network-main-003,4.610381290303881,4.618314546262007,0.17207374962262545,FROZEN_B,16,True
network-heterogeneous-05,71,network-main-022,network-main-042,3.7894498022897327,3.9373942548543712,3.9041143248617516,FROZEN_C,1,True
network-heterogeneous-05,83,network-main-006,network-main-043,3.9373942548543712,4.035148380256804,2.482711130131632,FROZEN_C,2,True
network-heterogeneous-05,35,network-main-035,network-main-000,4.035148380256804,4.1196879243869615,2.095078945393758,FROZEN_C,3,True
network-heterogeneous-05,88,network-main-039,network-main-022,4.1196879243869615,4.2058756977844896,2.0920947163820314,FROZEN_C,4,True
network-heterogeneous-05,56,network-main-036,network-main-003,4.2058756977844896,4.275000877138219,1.6435383335304588,FROZEN_C,5,True
network-heterogeneous-05,14,network-main-016,network-main-036,4.275000877138219,4.322614548376973,1.1137698589345657,FROZEN_C,6,True
network-heterogeneous-05,21,network-main-018,network-main-016,4.322614548376973,4.3765099812339345,1.2468248615226996,FROZEN_C,7,True
network-heterogeneous-05,59,network-main-045,network-main-018,4.3765099812339345,4.447191952675685,1.6150305093517003,FROZEN_C,8,True
network-heterogeneous-05,62,network-main-046,network-main-045,4.447191952675685,4.479203082638728,0.7198054481049043,FROZEN_C,9,True
network-heterogeneous-05,53,network-main-038,network-main-046,4.479203082638728,4.511678389487229,0.7250242118821193,FROZEN_C,10,True
network-heterogeneous-05,30,network-main-031,network-main-038,4.511678389487229,4.52844023490565,0.37152128257809114,FROZEN_C,11,True
network-heterogeneous-05,33,network-main-023,network-main-031,4.52844023490565,4.547602427910272,0.4231521674266103,FROZEN_C,12,True
network-heterogeneous-05,76,network-main-030,network-main-035,4.547602427910272,4.555287783299796,0.16899796126319533,FROZEN_C,13,True
network-heterogeneous-05,66,network-main-001,network-main-030,4.555287783299796,4.584153241202577,0.6336692493634555,FROZEN_C,14,True
network-heterogeneous-05,56,network-main-003,network-main-001,4.584153241202577,4.610381290303881,0.5721459934097561,FROZEN_C,15,True
network-heterogeneous-05,64,network-main-028,network-main-003,4.610381290303881,4.618314546262007,0.17207374962262545,FROZEN_C,16,True
network-heterogeneous-05,71,network-main-022,network-main-042,3.7894498022897327,3.9373942548543712,3.9041143248617516,FROZEN_D,1,True
network-heterogeneous-05,83,network-main-006,network-main-043,3.9373942548543712,4.035148380256804,2.482711130131632,FROZEN_D,2,True
network-heterogeneous-05,35,network-main-035,network-main-000,4.035148380256804,4.1196879243869615,2.095078945393758,FROZEN_D,3,True
network-heterogeneous-05,88,network-main-039,network-main-022,4.1196879243869615,4.2058756977844896,2.0920947163820314,FROZEN_D,4,True
network-heterogeneous-05,56,network-main-036,network-main-003,4.2058756977844896,4.275000877138219,1.6435383335304588,FROZEN_D,5,True
network-heterogeneous-05,14,network-main-016,network-main-036,4.275000877138219,4.322614548376973,1.1137698589345657,FROZEN_D,6,True
network-heterogeneous-05,21,network-main-018,network-main-016,4.322614548376973,4.3765099812339345,1.2468248615226996,FROZEN_D,7,True
network-heterogeneous-05,59,network-main-045,network-main-018,4.3765099812339345,4.447191952675685,1.6150305093517003,FROZEN_D,8,True
network-heterogeneous-05,62,network-main-046,network-main-045,4.447191952675685,4.479203082638728,0.7198054481049043,FROZEN_D,9,True
network-heterogeneous-05,53,network-main-038,network-main-046,4.479203082638728,4.511678389487229,0.7250242118821193,FROZEN_D,10,True
network-heterogeneous-05,30,network-main-031,network-main-038,4.511678389487229,4.52844023490565,0.37152128257809114,FROZEN_D,11,True
network-heterogeneous-05,33,network-main-023,network-main-031,4.52844023490565,4.547602427910272,0.4231521674266103,FROZEN_D,12,True
network-heterogeneous-05,76,network-main-030,network-main-035,4.547602427910272,4.555287783299796,0.16899796126319533,FROZEN_D,13,True
network-heterogeneous-05,66,network-main-001,network-main-030,4.555287783299796,4.584153241202577,0.6336692493634555,FROZEN_D,14,True
network-heterogeneous-05,56,network-main-003,network-main-001,4.584153241202577,4.610381290303881,0.5721459934097561,FROZEN_D,15,True
network-heterogeneous-05,64,network-main-028,network-main-003,4.610381290303881,4.618314546262007,0.17207374962262545,FROZEN_D,16,True
network-heterogeneous-05,71,network-main-022,network-main-042,3.7894498022897327,3.9373942548543712,3.9041143248617516,FROZEN_E,1,True
network-heterogeneous-05,83,network-main-006,network-main-043,3.9373942548543712,4.035148380256804,2.482711130131632,FROZEN_E,2,True
network-heterogeneous-05,35,network-main-035,network-main-000,4.035148380256804,4.1196879243869615,2.095078945393758,FROZEN_E,3,True
network-heterogeneous-05,88,network-main-039,network-main-022,4.1196879243869615,4.2058756977844896,2.0920947163820314,FROZEN_E,4,True
network-heterogeneous-05,56,network-main-036,network-main-003,4.2058756977844896,4.275000877138219,1.6435383335304588,FROZEN_E,5,True
network-heterogeneous-05,14,network-main-016,network-main-036,4.275000877138219,4.322614548376973,1.1137698589345657,FROZEN_E,6,True
network-heterogeneous-05,21,network-main-018,network-main-016,4.322614548376973,4.3765099812339345,1.2468248615226996,FROZEN_E,7,True
network-heterogeneous-05,59,network-main-045,network-main-018,4.3765099812339345,4.447191952675685,1.6150305093517003,FROZEN_E,8,True
network-heterogeneous-05,62,network-main-046,network-main-045,4.447191952675685,4.479203082638728,0.7198054481049043,FROZEN_E,9,True
network-heterogeneous-05,53,network-main-038,network-main-046,4.479203082638728,4.511678389487229,0.7250242118821193,FROZEN_E,10,True
network-heterogeneous-05,30,network-main-031,network-main-038,4.511678389487229,4.52844023490565,0.37152128257809114,FROZEN_E,11,True
network-heterogeneous-05,33,network-main-023,network-main-031,4.52844023490565,4.547602427910272,0.4231521674266103,FROZEN_E,12,True
network-heterogeneous-05,76,network-main-030,network-main-035,4.547602427910272,4.555287783299796,0.16899796126319533,FROZEN_E,13,True
network-heterogeneous-05,66,network-main-001,network-main-030,4.555287783299796,4.584153241202577,0.6336692493634555,FROZEN_E,14,True
network-heterogeneous-05,56,network-main-003,network-main-001,4.584153241202577,4.610381290303881,0.5721459934097561,FROZEN_E,15,True
network-heterogeneous-05,64,network-main-028,network-main-003,4.610381290303881,4.618314546262007,0.17207374962262545,FROZEN_E,16,True
network-heterogeneous-06,9,network-main-011,network-main-001,4.090534619441443,4.313429709504934,5.449045437829025,FROZEN_A,1,True
network-heterogeneous-06,20,network-main-022,network-main-011,4.313429709504934,4.393476248192875,1.8557515498989874,FROZEN_A,2,True
network-heterogeneous-06,73,network-main-000,network-main-022,4.393476248192875,4.431000100502089,0.8540811464418097,FROZEN_A,3,True
network-heterogeneous-06,36,network-main-036,network-main-000,4.431000100502089,4.457507534239168,0.5982268818742531,FROZEN_A,4,True
network-heterogeneous-06,46,network-main-044,network-main-036,4.457507534239168,4.4871183371604975,0.6642905860255288,FROZEN_A,5,True
network-heterogeneous-06,0,network-small-048,network-main-003,4.4871183371604975,4.5042193104422,0.38111259825885924,FROZEN_A,6,True
network-heterogeneous-06,12,network-main-014,network-main-008,4.5042193104422,4.52000745538086,0.3505190100770106,FROZEN_A,7,True
network-heterogeneous-06,31,network-main-033,network-main-025,4.52000745538086,4.533871045530609,0.3067160903295729,FROZEN_A,8,True
network-heterogeneous-06,23,network-main-023,network-main-014,4.533871045530609,4.545585272816438,0.25837142627549436,FROZEN_A,9,True
network-heterogeneous-06,25,network-main-027,network-main-023,4.545585272816438,4.557982231839565,0.27272525492512134,FROZEN_A,10,True
network-heterogeneous-06,86,network-main-021,network-main-027,4.557982231839565,4.585403349736113,0.601606511429531,FROZEN_A,11,True
network-heterogeneous-06,82,network-main-016,network-main-021,4.585403349736113,4.5987606006862425,0.2912993673914732,FROZEN_A,12,True
network-heterogeneous-06,77,network-main-004,network-main-013,4.5987606006862425,4.652672426223891,1.1723120688126976,FROZEN_A,13,True
network-heterogeneous-06,80,network-main-015,network-main-044,4.652672426223891,4.707884723790761,1.1866792352643651,FROZEN_A,14,True
network-heterogeneous-06,15,network-main-017,network-main-016,4.707884723790761,4.739395694087065,0.6693233191770176,FROZEN_A,15,True
network-heterogeneous-06,10,network-main-007,network-main-004,4.739395694087065,4.751591776092393,0.2573341158355724,FROZEN_A,16,True
network-heterogeneous-06,9,network-main-011,network-main-001,4.090534619441443,4.313429709504934,5.449045437829025,FROZEN_B,1,True
network-heterogeneous-06,20,network-main-022,network-main-011,4.313429709504934,4.393476248192875,1.8557515498989874,FROZEN_B,2,True
network-heterogeneous-06,73,network-main-000,network-main-022,4.393476248192875,4.431000100502089,0.8540811464418097,FROZEN_B,3,True
network-heterogeneous-06,36,network-main-036,network-main-000,4.431000100502089,4.457507534239168,0.5982268818742531,FROZEN_B,4,True
network-heterogeneous-06,46,network-main-044,network-main-036,4.457507534239168,4.4871183371604975,0.6642905860255288,FROZEN_B,5,True
network-heterogeneous-06,0,network-small-048,network-main-003,4.4871183371604975,4.5042193104422,0.38111259825885924,FROZEN_B,6,True
network-heterogeneous-06,12,network-main-014,network-main-008,4.5042193104422,4.52000745538086,0.3505190100770106,FROZEN_B,7,True
network-heterogeneous-06,31,network-main-033,network-main-025,4.52000745538086,4.533871045530609,0.3067160903295729,FROZEN_B,8,True
network-heterogeneous-06,23,network-main-023,network-main-014,4.533871045530609,4.545585272816438,0.25837142627549436,FROZEN_B,9,True
network-heterogeneous-06,25,network-main-027,network-main-023,4.545585272816438,4.557982231839565,0.27272525492512134,FROZEN_B,10,True
network-heterogeneous-06,86,network-main-021,network-main-027,4.557982231839565,4.585403349736113,0.601606511429531,FROZEN_B,11,True
network-heterogeneous-06,82,network-main-016,network-main-021,4.585403349736113,4.5987606006862425,0.2912993673914732,FROZEN_B,12,True
network-heterogeneous-06,77,network-main-004,network-main-013,4.5987606006862425,4.652672426223891,1.1723120688126976,FROZEN_B,13,True
network-heterogeneous-06,80,network-main-015,network-main-044,4.652672426223891,4.707884723790761,1.1866792352643651,FROZEN_B,14,True
network-heterogeneous-06,15,network-main-017,network-main-016,4.707884723790761,4.739395694087065,0.6693233191770176,FROZEN_B,15,True
network-heterogeneous-06,10,network-main-007,network-main-004,4.739395694087065,4.751591776092393,0.2573341158355724,FROZEN_B,16,True
network-heterogeneous-06,9,network-main-011,network-main-001,4.090534619441443,4.313429709504934,5.449045437829025,FROZEN_C,1,True
network-heterogeneous-06,20,network-main-022,network-main-011,4.313429709504934,4.393476248192875,1.8557515498989874,FROZEN_C,2,True
network-heterogeneous-06,73,network-main-000,network-main-022,4.393476248192875,4.431000100502089,0.8540811464418097,FROZEN_C,3,True
network-heterogeneous-06,36,network-main-036,network-main-000,4.431000100502089,4.457507534239168,0.5982268818742531,FROZEN_C,4,True
network-heterogeneous-06,46,network-main-044,network-main-036,4.457507534239168,4.4871183371604975,0.6642905860255288,FROZEN_C,5,True
network-heterogeneous-06,0,network-small-048,network-main-003,4.4871183371604975,4.5042193104422,0.38111259825885924,FROZEN_C,6,True
network-heterogeneous-06,12,network-main-014,network-main-008,4.5042193104422,4.52000745538086,0.3505190100770106,FROZEN_C,7,True
network-heterogeneous-06,31,network-main-033,network-main-025,4.52000745538086,4.533871045530609,0.3067160903295729,FROZEN_C,8,True
network-heterogeneous-06,23,network-main-023,network-main-014,4.533871045530609,4.545585272816438,0.25837142627549436,FROZEN_C,9,True
network-heterogeneous-06,25,network-main-027,network-main-023,4.545585272816438,4.557982231839565,0.27272525492512134,FROZEN_C,10,True
network-heterogeneous-06,86,network-main-021,network-main-027,4.557982231839565,4.585403349736113,0.601606511429531,FROZEN_C,11,True
network-heterogeneous-06,82,network-main-016,network-main-021,4.585403349736113,4.5987606006862425,0.2912993673914732,FROZEN_C,12,True
network-heterogeneous-06,77,network-main-004,network-main-013,4.5987606006862425,4.652672426223891,1.1723120688126976,FROZEN_C,13,True
network-heterogeneous-06,80,network-main-015,network-main-044,4.652672426223891,4.707884723790761,1.1866792352643651,FROZEN_C,14,True
network-heterogeneous-06,15,network-main-017,network-main-016,4.707884723790761,4.739395694087065,0.6693233191770176,FROZEN_C,15,True
network-heterogeneous-06,10,network-main-007,network-main-004,4.739395694087065,4.751591776092393,0.2573341158355724,FROZEN_C,16,True
network-heterogeneous-06,9,network-main-011,network-main-001,4.090534619441443,4.313429709504934,5.449045437829025,FROZEN_D,1,True
network-heterogeneous-06,20,network-main-022,network-main-011,4.313429709504934,4.393476248192875,1.8557515498989874,FROZEN_D,2,True
network-heterogeneous-06,73,network-main-000,network-main-022,4.393476248192875,4.431000100502089,0.8540811464418097,FROZEN_D,3,True
network-heterogeneous-06,36,network-main-036,network-main-000,4.431000100502089,4.457507534239168,0.5982268818742531,FROZEN_D,4,True
network-heterogeneous-06,46,network-main-044,network-main-036,4.457507534239168,4.4871183371604975,0.6642905860255288,FROZEN_D,5,True
network-heterogeneous-06,0,network-small-048,network-main-003,4.4871183371604975,4.5042193104422,0.38111259825885924,FROZEN_D,6,True
network-heterogeneous-06,12,network-main-014,network-main-008,4.5042193104422,4.52000745538086,0.3505190100770106,FROZEN_D,7,True
network-heterogeneous-06,31,network-main-033,network-main-025,4.52000745538086,4.533871045530609,0.3067160903295729,FROZEN_D,8,True
network-heterogeneous-06,23,network-main-023,network-main-014,4.533871045530609,4.545585272816438,0.25837142627549436,FROZEN_D,9,True
network-heterogeneous-06,25,network-main-027,network-main-023,4.545585272816438,4.557982231839565,0.27272525492512134,FROZEN_D,10,True
network-heterogeneous-06,86,network-main-021,network-main-027,4.557982231839565,4.585403349736113,0.601606511429531,FROZEN_D,11,True
network-heterogeneous-06,82,network-main-016,network-main-021,4.585403349736113,4.5987606006862425,0.2912993673914732,FROZEN_D,12,True
network-heterogeneous-06,77,network-main-004,network-main-013,4.5987606006862425,4.652672426223891,1.1723120688126976,FROZEN_D,13,True
network-heterogeneous-06,80,network-main-015,network-main-044,4.652672426223891,4.707884723790761,1.1866792352643651,FROZEN_D,14,True
network-heterogeneous-06,15,network-main-017,network-main-016,4.707884723790761,4.739395694087065,0.6693233191770176,FROZEN_D,15,True
network-heterogeneous-06,10,network-main-007,network-main-004,4.739395694087065,4.751591776092393,0.2573341158355724,FROZEN_D,16,True
network-heterogeneous-06,9,network-main-011,network-main-001,4.090534619441443,4.313429709504934,5.449045437829025,FROZEN_E,1,True
network-heterogeneous-06,20,network-main-022,network-main-011,4.313429709504934,4.393476248192875,1.8557515498989874,FROZEN_E,2,True
network-heterogeneous-06,73,network-main-000,network-main-022,4.393476248192875,4.431000100502089,0.8540811464418097,FROZEN_E,3,True
network-heterogeneous-06,36,network-main-036,network-main-000,4.431000100502089,4.457507534239168,0.5982268818742531,FROZEN_E,4,True
network-heterogeneous-06,46,network-main-044,network-main-036,4.457507534239168,4.4871183371604975,0.6642905860255288,FROZEN_E,5,True
network-heterogeneous-06,0,network-small-048,network-main-003,4.4871183371604975,4.5042193104422,0.38111259825885924,FROZEN_E,6,True
network-heterogeneous-06,12,network-main-014,network-main-008,4.5042193104422,4.52000745538086,0.3505190100770106,FROZEN_E,7,True
network-heterogeneous-06,31,network-main-033,network-main-025,4.52000745538086,4.533871045530609,0.3067160903295729,FROZEN_E,8,True
network-heterogeneous-06,23,network-main-023,network-main-014,4.533871045530609,4.545585272816438,0.25837142627549436,FROZEN_E,9,True
network-heterogeneous-06,25,network-main-027,network-main-023,4.545585272816438,4.557982231839565,0.27272525492512134,FROZEN_E,10,True
network-heterogeneous-06,86,network-main-021,network-main-027,4.557982231839565,4.585403349736113,0.601606511429531,FROZEN_E,11,True
network-heterogeneous-06,82,network-main-016,network-main-021,4.585403349736113,4.5987606006862425,0.2912993673914732,FROZEN_E,12,True
network-heterogeneous-06,77,network-main-004,network-main-013,4.5987606006862425,4.652672426223891,1.1723120688126976,FROZEN_E,13,True
network-heterogeneous-06,80,network-main-015,network-main-044,4.652672426223891,4.707884723790761,1.1866792352643651,FROZEN_E,14,True
network-heterogeneous-06,15,network-main-017,network-main-016,4.707884723790761,4.739395694087065,0.6693233191770176,FROZEN_E,15,True
network-heterogeneous-06,10,network-main-007,network-main-004,4.739395694087065,4.751591776092393,0.2573341158355724,FROZEN_E,16,True
full-mixed-01,71,mixed-multi-012,mixed-multi-026,3.2050687248254857,3.250041802275024,1.4031860565482113,FROZEN_A,1,True
full-mixed-01,57,mixed-multi-032,mixed-multi-012,3.250041802275024,3.2870932750763657,1.1400306536182292,FROZEN_A,2,True
full-mixed-01,36,mixed-multi-003,mixed-multi-032,3.2870932750763657,3.3337196014703143,1.4184667878907486,FROZEN_A,3,True
full-mixed-01,87,mixed-multi-005,mixed-multi-014,3.3337196014703143,3.4530896789283636,3.5806873921070625,FROZEN_A,4,True
full-mixed-01,35,mixed-multi-007,mixed-multi-005,3.4530896789283636,3.5089983073110225,1.61908996235538,FROZEN_A,5,True
full-mixed-01,0,mixed-small-062,mixed-one-059,3.5089983073110225,3.5225610712066815,0.38651383408765394,FROZEN_A,6,True
full-mixed-01,83,mixed-multi-004,mixed-multi-003,3.5225610712066815,3.532801817340959,0.2907187676030709,FROZEN_A,7,True
full-mixed-01,27,mixed-multi-002,mixed-multi-004,3.532801817340959,3.6187303808829254,2.4323063671497502,FROZEN_A,8,True
full-mixed-01,31,mixed-multi-006,mixed-multi-000,3.6187303808829254,3.6950703606597846,2.1095790993479024,FROZEN_A,9,True
full-mixed-01,87,mixed-multi-014,mixed-multi-002,3.6950703606597846,3.8973789655300077,5.475094791810653,FROZEN_A,10,True
full-mixed-01,43,mixed-multi-016,mixed-multi-006,3.8973789655300077,4.079127592106474,4.663355249359236,FROZEN_A,11,True
full-mixed-01,92,mixed-multi-028,mixed-multi-007,4.079127592106474,4.349012057850846,6.616230055334049,FROZEN_A,12,True
full-mixed-01,60,mixed-multi-029,mixed-multi-028,4.349012057850846,4.363359536374981,0.3299020175911993,FROZEN_A,13,True
full-mixed-01,85,mixed-multi-007,mixed-multi-029,4.363359536374981,4.3910431697405015,0.6344568476362555,FROZEN_A,14,True
full-mixed-01,85,mixed-multi-015,mixed-multi-003,3.249226587255457,3.3140068817668196,1.9937142815909636,FROZEN_B,1,True
full-mixed-01,35,mixed-multi-010,mixed-multi-000,3.3140068817668196,3.3520675191492826,1.1484779223563724,FROZEN_B,2,True
full-mixed-01,50,mixed-multi-024,mixed-multi-010,3.3520675191492826,3.4023521147807334,1.5001068846075105,FROZEN_B,3,True
full-mixed-01,34,mixed-multi-007,mixed-multi-024,3.4023521147807334,3.45898733802893,1.6645902992273642,FROZEN_B,4,True
full-mixed-01,29,mixed-multi-003,mixed-multi-015,3.45898733802893,3.4846673022239947,0.7424127840172323,FROZEN_B,5,True
full-mixed-01,87,mixed-multi-005,mixed-multi-003,3.4846673022239947,3.6111228609134223,3.6289134003903545,FROZEN_B,6,True
full-mixed-01,84,mixed-multi-006,mixed-multi-005,3.6111228609134223,3.6588485740503884,1.3216308327126391,FROZEN_B,7,True
full-mixed-01,38,mixed-multi-002,mixed-multi-016,3.6588485740503884,3.706217834459502,1.2946493808207782,FROZEN_B,8,True
full-mixed-01,84,mixed-multi-005,mixed-multi-002,3.706217834459502,4.0783270697465595,10.04013395616623,FROZEN_B,9,True
full-mixed-01,83,mixed-multi-014,mixed-multi-007,4.0783270697465595,4.0993047195927925,0.5143689921744521,FROZEN_B,10,True
full-mixed-01,30,mixed-multi-004,mixed-multi-005,4.0993047195927925,4.168720326104928,1.6933507328782182,FROZEN_B,11,True
full-mixed-01,54,mixed-multi-029,mixed-multi-004,4.168720326104928,4.200822496623694,0.7700725404325759,FROZEN_B,12,True
full-mixed-01,91,mixed-multi-025,mixed-multi-029,4.200822496623694,4.314930877671073,2.716334268803089,FROZEN_B,13,True
full-mixed-01,26,mixed-multi-001,mixed-multi-006,4.314930877671073,4.515021555632821,4.637169948588937,FROZEN_B,14,True
full-mixed-01,76,mixed-multi-009,mixed-multi-001,4.515021555632821,4.687623501429892,3.8228376912561535,FROZEN_B,15,True
full-mixed-01,63,mixed-multi-018,mixed-multi-009,4.687623501429892,4.726281035312331,0.8246723285401991,FROZEN_B,16,True
full-mixed-01,71,mixed-multi-012,mixed-multi-026,3.2050687248254857,3.250041802275024,1.4031860565482113,FROZEN_C,1,True
full-mixed-01,57,mixed-multi-032,mixed-multi-012,3.250041802275024,3.2870932750763657,1.1400306536182292,FROZEN_C,2,True
full-mixed-01,36,mixed-multi-003,mixed-multi-032,3.2870932750763657,3.3337196014703143,1.4184667878907486,FROZEN_C,3,True
full-mixed-01,87,mixed-multi-005,mixed-multi-014,3.3337196014703143,3.4530896789283636,3.5806873921070625,FROZEN_C,4,True
full-mixed-01,35,mixed-multi-007,mixed-multi-005,3.4530896789283636,3.5089983073110225,1.61908996235538,FROZEN_C,5,True
full-mixed-01,0,mixed-small-062,mixed-one-059,3.5089983073110225,3.5225610712066815,0.38651383408765394,FROZEN_C,6,True
full-mixed-01,83,mixed-multi-004,mixed-multi-003,3.5225610712066815,3.532801817340959,0.2907187676030709,FROZEN_C,7,True
full-mixed-01,27,mixed-multi-002,mixed-multi-004,3.532801817340959,3.6187303808829254,2.4323063671497502,FROZEN_C,8,True
full-mixed-01,31,mixed-multi-006,mixed-multi-000,3.6187303808829254,3.6950703606597846,2.1095790993479024,FROZEN_C,9,True
full-mixed-01,87,mixed-multi-014,mixed-multi-002,3.6950703606597846,3.8973789655300077,5.475094791810653,FROZEN_C,10,True
full-mixed-01,43,mixed-multi-016,mixed-multi-006,3.8973789655300077,4.079127592106474,4.663355249359236,FROZEN_C,11,True
full-mixed-01,92,mixed-multi-028,mixed-multi-007,4.079127592106474,4.349012057850846,6.616230055334049,FROZEN_C,12,True
full-mixed-01,60,mixed-multi-029,mixed-multi-028,4.349012057850846,4.363359536374981,0.3299020175911993,FROZEN_C,13,True
full-mixed-01,85,mixed-multi-007,mixed-multi-029,4.363359536374981,4.3910431697405015,0.6344568476362555,FROZEN_C,14,True
full-mixed-01,71,mixed-multi-012,mixed-multi-026,3.2050687248254857,3.250041802275024,1.4031860565482113,FROZEN_D,1,True
full-mixed-01,57,mixed-multi-032,mixed-multi-012,3.250041802275024,3.2870932750763657,1.1400306536182292,FROZEN_D,2,True
full-mixed-01,36,mixed-multi-003,mixed-multi-032,3.2870932750763657,3.3337196014703143,1.4184667878907486,FROZEN_D,3,True
full-mixed-01,87,mixed-multi-005,mixed-multi-014,3.3337196014703143,3.4530896789283636,3.5806873921070625,FROZEN_D,4,True
full-mixed-01,35,mixed-multi-007,mixed-multi-005,3.4530896789283636,3.5089983073110225,1.61908996235538,FROZEN_D,5,True
full-mixed-01,0,mixed-small-062,mixed-one-059,3.5089983073110225,3.5225610712066815,0.38651383408765394,FROZEN_D,6,True
full-mixed-01,83,mixed-multi-004,mixed-multi-003,3.5225610712066815,3.532801817340959,0.2907187676030709,FROZEN_D,7,True
full-mixed-01,27,mixed-multi-002,mixed-multi-004,3.532801817340959,3.6187303808829254,2.4323063671497502,FROZEN_D,8,True
full-mixed-01,31,mixed-multi-006,mixed-multi-000,3.6187303808829254,3.6950703606597846,2.1095790993479024,FROZEN_D,9,True
full-mixed-01,87,mixed-multi-014,mixed-multi-002,3.6950703606597846,3.8973789655300077,5.475094791810653,FROZEN_D,10,True
full-mixed-01,43,mixed-multi-016,mixed-multi-006,3.8973789655300077,4.079127592106474,4.663355249359236,FROZEN_D,11,True
full-mixed-01,92,mixed-multi-028,mixed-multi-007,4.079127592106474,4.349012057850846,6.616230055334049,FROZEN_D,12,True
full-mixed-01,60,mixed-multi-029,mixed-multi-028,4.349012057850846,4.363359536374981,0.3299020175911993,FROZEN_D,13,True
full-mixed-01,85,mixed-multi-007,mixed-multi-029,4.363359536374981,4.3910431697405015,0.6344568476362555,FROZEN_D,14,True
full-mixed-01,71,mixed-multi-012,mixed-multi-026,3.2050687248254857,3.250041802275024,1.4031860565482113,FROZEN_E,1,True
full-mixed-01,57,mixed-multi-032,mixed-multi-012,3.250041802275024,3.2870932750763657,1.1400306536182292,FROZEN_E,2,True
full-mixed-01,36,mixed-multi-003,mixed-multi-032,3.2870932750763657,3.3337196014703143,1.4184667878907486,FROZEN_E,3,True
full-mixed-01,87,mixed-multi-005,mixed-multi-014,3.3337196014703143,3.4530896789283636,3.5806873921070625,FROZEN_E,4,True
full-mixed-01,35,mixed-multi-007,mixed-multi-005,3.4530896789283636,3.5089983073110225,1.61908996235538,FROZEN_E,5,True
full-mixed-01,0,mixed-small-062,mixed-one-059,3.5089983073110225,3.5225610712066815,0.38651383408765394,FROZEN_E,6,True
full-mixed-01,83,mixed-multi-004,mixed-multi-003,3.5225610712066815,3.532801817340959,0.2907187676030709,FROZEN_E,7,True
full-mixed-01,27,mixed-multi-002,mixed-multi-004,3.532801817340959,3.6187303808829254,2.4323063671497502,FROZEN_E,8,True
full-mixed-01,31,mixed-multi-006,mixed-multi-000,3.6187303808829254,3.6950703606597846,2.1095790993479024,FROZEN_E,9,True
full-mixed-01,87,mixed-multi-014,mixed-multi-002,3.6950703606597846,3.8973789655300077,5.475094791810653,FROZEN_E,10,True
full-mixed-01,43,mixed-multi-016,mixed-multi-006,3.8973789655300077,4.079127592106474,4.663355249359236,FROZEN_E,11,True
full-mixed-01,92,mixed-multi-028,mixed-multi-007,4.079127592106474,4.349012057850846,6.616230055334049,FROZEN_E,12,True
full-mixed-01,60,mixed-multi-029,mixed-multi-028,4.349012057850846,4.363359536374981,0.3299020175911993,FROZEN_E,13,True
full-mixed-01,85,mixed-multi-007,mixed-multi-029,4.363359536374981,4.3910431697405015,0.6344568476362555,FROZEN_E,14,True
full-mixed-02,83,mixed-multi-002,mixed-multi-023,3.367197960109993,3.4449111069114338,2.307947074157246,FROZEN_A,1,True
full-mixed-02,54,mixed-multi-026,mixed-multi-002,3.4449111069114338,3.5178166816044905,2.1163267332729774,FROZEN_A,2,True
full-mixed-02,37,mixed-multi-002,mixed-multi-016,3.5178166816044905,3.5926346641839584,2.1268300582776067,FROZEN_A,3,True
full-mixed-02,84,mixed-multi-011,mixed-multi-020,3.5926346641839584,3.6490447749205828,1.5701599524992949,FROZEN_A,4,True
full-mixed-02,52,mixed-multi-027,mixed-multi-002,3.6490447749205828,3.7025249348411573,1.4655934146968308,FROZEN_A,5,True
full-mixed-02,90,mixed-multi-026,mixed-multi-027,3.7025249348411573,3.728668520218255,0.7061015344173249,FROZEN_A,6,True
full-mixed-02,77,mixed-multi-006,mixed-multi-011,3.728668520218255,3.754722598181608,0.6987501791075879,FROZEN_A,7,True
full-mixed-02,57,mixed-multi-032,mixed-multi-006,3.754722598181608,3.814228363707758,1.584824550153674,FROZEN_A,8,True
full-mixed-02,24,mixed-one-060,mixed-multi-026,3.814228363707758,3.8411541841092,0.705930999245874,FROZEN_A,9,True
full-mixed-02,50,mixed-multi-024,mixed-one-060,3.8411541841092,3.8744500467034872,0.8668192162666122,FROZEN_A,10,True
full-mixed-02,39,mixed-multi-006,mixed-multi-026,3.8744500467034872,3.8978729196612445,0.6045470370094508,FROZEN_A,11,True
full-mixed-02,36,mixed-multi-010,mixed-multi-006,3.8978729196612445,3.9166194585187877,0.480942792233785,FROZEN_A,12,True
full-mixed-02,80,mixed-multi-009,mixed-multi-024,3.9166194585187877,4.0553849711445915,3.5429919627239626,FROZEN_A,13,True
full-mixed-02,30,mixed-multi-004,mixed-multi-009,4.0553849711445915,4.1708209098718845,2.8464853410627544,FROZEN_A,14,True
full-mixed-02,82,mixed-multi-015,mixed-multi-004,4.1708209098718845,4.255983472843057,2.0418657336641166,FROZEN_A,15,True
full-mixed-02,89,mixed-multi-028,mixed-multi-032,4.255983472843057,4.297126798619844,0.9667172356123466,FROZEN_A,16,True
full-mixed-02,57,mixed-multi-026,mixed-multi-014,3.393248237465511,3.517685628750255,3.667205655949557,FROZEN_B,1,True
full-mixed-02,34,mixed-multi-006,mixed-multi-020,3.517685628750255,3.64128076770202,3.5135356594010014,FROZEN_B,2,True
full-mixed-02,80,mixed-multi-002,mixed-multi-006,3.64128076770202,3.7588029985408653,3.227497090618825,FROZEN_B,3,True
full-mixed-02,49,mixed-multi-016,mixed-multi-010,3.7588029985408653,3.8072040436276233,1.2876717695911921,FROZEN_B,4,True
full-mixed-02,82,mixed-multi-009,mixed-multi-016,3.8072040436276233,4.026554569161012,5.761459670135882,FROZEN_B,5,True
full-mixed-02,89,mixed-multi-011,mixed-multi-026,4.026554569161012,4.087199229645187,1.5061179338943242,FROZEN_B,6,True
full-mixed-02,0,mixed-small-061,mixed-one-040,4.087199229645187,4.102253977885461,0.3683389870275722,FROZEN_B,7,True
full-mixed-02,48,mixed-multi-023,mixed-multi-011,4.102253977885461,4.116533681939979,0.34809409976801486,FROZEN_B,8,True
full-mixed-02,44,mixed-multi-014,mixed-multi-009,4.116533681939979,4.129716989648221,0.32025263794344117,FROZEN_B,9,True
full-mixed-02,88,mixed-multi-028,mixed-multi-023,4.129716989648221,4.137382186663319,0.18561070974867366,FROZEN_B,10,True
full-mixed-02,59,mixed-multi-032,mixed-multi-028,4.137382186663319,4.147134967911605,0.23572347944369465,FROZEN_B,11,True
full-mixed-02,92,mixed-multi-022,mixed-multi-032,4.147134967911605,4.174121965423229,0.6507383463628447,FROZEN_B,12,True
full-mixed-02,24,mixed-one-056,mixed-multi-022,4.174121965423229,4.18366882952036,0.22871550415184405,FROZEN_B,13,True
full-mixed-02,57,mixed-multi-014,mixed-one-056,4.18366882952036,4.21686486964983,0.7934672050339042,FROZEN_B,14,True
full-mixed-02,83,mixed-multi-002,mixed-multi-023,3.367197960109993,3.4449111069114338,2.307947074157246,FROZEN_C,1,True
full-mixed-02,54,mixed-multi-026,mixed-multi-002,3.4449111069114338,3.5178166816044905,2.1163267332729774,FROZEN_C,2,True
full-mixed-02,37,mixed-multi-002,mixed-multi-016,3.5178166816044905,3.5926346641839584,2.1268300582776067,FROZEN_C,3,True
full-mixed-02,84,mixed-multi-011,mixed-multi-020,3.5926346641839584,3.6490447749205828,1.5701599524992949,FROZEN_C,4,True
full-mixed-02,52,mixed-multi-027,mixed-multi-002,3.6490447749205828,3.7025249348411573,1.4655934146968308,FROZEN_C,5,True
full-mixed-02,90,mixed-multi-026,mixed-multi-027,3.7025249348411573,3.728668520218255,0.7061015344173249,FROZEN_C,6,True
full-mixed-02,77,mixed-multi-006,mixed-multi-011,3.728668520218255,3.754722598181608,0.6987501791075879,FROZEN_C,7,True
full-mixed-02,57,mixed-multi-032,mixed-multi-006,3.754722598181608,3.814228363707758,1.584824550153674,FROZEN_C,8,True
full-mixed-02,24,mixed-one-060,mixed-multi-026,3.814228363707758,3.8411541841092,0.705930999245874,FROZEN_C,9,True
full-mixed-02,50,mixed-multi-024,mixed-one-060,3.8411541841092,3.8744500467034872,0.8668192162666122,FROZEN_C,10,True
full-mixed-02,39,mixed-multi-006,mixed-multi-026,3.8744500467034872,3.8978729196612445,0.6045470370094508,FROZEN_C,11,True
full-mixed-02,36,mixed-multi-010,mixed-multi-006,3.8978729196612445,3.9166194585187877,0.480942792233785,FROZEN_C,12,True
full-mixed-02,80,mixed-multi-009,mixed-multi-024,3.9166194585187877,4.0553849711445915,3.5429919627239626,FROZEN_C,13,True
full-mixed-02,30,mixed-multi-004,mixed-multi-009,4.0553849711445915,4.1708209098718845,2.8464853410627544,FROZEN_C,14,True
full-mixed-02,82,mixed-multi-015,mixed-multi-004,4.1708209098718845,4.255983472843057,2.0418657336641166,FROZEN_C,15,True
full-mixed-02,89,mixed-multi-028,mixed-multi-032,4.255983472843057,4.297126798619844,0.9667172356123466,FROZEN_C,16,True
full-mixed-02,83,mixed-multi-002,mixed-multi-023,3.367197960109993,3.4449111069114338,2.307947074157246,FROZEN_D,1,True
full-mixed-02,54,mixed-multi-026,mixed-multi-002,3.4449111069114338,3.5178166816044905,2.1163267332729774,FROZEN_D,2,True
full-mixed-02,37,mixed-multi-002,mixed-multi-016,3.5178166816044905,3.5926346641839584,2.1268300582776067,FROZEN_D,3,True
full-mixed-02,84,mixed-multi-011,mixed-multi-020,3.5926346641839584,3.6490447749205828,1.5701599524992949,FROZEN_D,4,True
full-mixed-02,52,mixed-multi-027,mixed-multi-002,3.6490447749205828,3.7025249348411573,1.4655934146968308,FROZEN_D,5,True
full-mixed-02,90,mixed-multi-026,mixed-multi-027,3.7025249348411573,3.728668520218255,0.7061015344173249,FROZEN_D,6,True
full-mixed-02,77,mixed-multi-006,mixed-multi-011,3.728668520218255,3.754722598181608,0.6987501791075879,FROZEN_D,7,True
full-mixed-02,57,mixed-multi-032,mixed-multi-006,3.754722598181608,3.814228363707758,1.584824550153674,FROZEN_D,8,True
full-mixed-02,24,mixed-one-060,mixed-multi-026,3.814228363707758,3.8411541841092,0.705930999245874,FROZEN_D,9,True
full-mixed-02,50,mixed-multi-024,mixed-one-060,3.8411541841092,3.8744500467034872,0.8668192162666122,FROZEN_D,10,True
full-mixed-02,39,mixed-multi-006,mixed-multi-026,3.8744500467034872,3.8978729196612445,0.6045470370094508,FROZEN_D,11,True
full-mixed-02,36,mixed-multi-010,mixed-multi-006,3.8978729196612445,3.9166194585187877,0.480942792233785,FROZEN_D,12,True
full-mixed-02,80,mixed-multi-009,mixed-multi-024,3.9166194585187877,4.0553849711445915,3.5429919627239626,FROZEN_D,13,True
full-mixed-02,30,mixed-multi-004,mixed-multi-009,4.0553849711445915,4.1708209098718845,2.8464853410627544,FROZEN_D,14,True
full-mixed-02,82,mixed-multi-015,mixed-multi-004,4.1708209098718845,4.255983472843057,2.0418657336641166,FROZEN_D,15,True
full-mixed-02,89,mixed-multi-028,mixed-multi-032,4.255983472843057,4.297126798619844,0.9667172356123466,FROZEN_D,16,True
full-mixed-02,83,mixed-multi-002,mixed-multi-023,3.367197960109993,3.4449111069114338,2.307947074157246,FROZEN_E,1,True
full-mixed-02,54,mixed-multi-026,mixed-multi-002,3.4449111069114338,3.5178166816044905,2.1163267332729774,FROZEN_E,2,True
full-mixed-02,37,mixed-multi-002,mixed-multi-016,3.5178166816044905,3.5926346641839584,2.1268300582776067,FROZEN_E,3,True
full-mixed-02,84,mixed-multi-011,mixed-multi-020,3.5926346641839584,3.6490447749205828,1.5701599524992949,FROZEN_E,4,True
full-mixed-02,52,mixed-multi-027,mixed-multi-002,3.6490447749205828,3.7025249348411573,1.4655934146968308,FROZEN_E,5,True
full-mixed-02,90,mixed-multi-026,mixed-multi-027,3.7025249348411573,3.728668520218255,0.7061015344173249,FROZEN_E,6,True
full-mixed-02,77,mixed-multi-006,mixed-multi-011,3.728668520218255,3.754722598181608,0.6987501791075879,FROZEN_E,7,True
full-mixed-02,57,mixed-multi-032,mixed-multi-006,3.754722598181608,3.814228363707758,1.584824550153674,FROZEN_E,8,True
full-mixed-02,24,mixed-one-060,mixed-multi-026,3.814228363707758,3.8411541841092,0.705930999245874,FROZEN_E,9,True
full-mixed-02,50,mixed-multi-024,mixed-one-060,3.8411541841092,3.8744500467034872,0.8668192162666122,FROZEN_E,10,True
full-mixed-02,39,mixed-multi-006,mixed-multi-026,3.8744500467034872,3.8978729196612445,0.6045470370094508,FROZEN_E,11,True
full-mixed-02,36,mixed-multi-010,mixed-multi-006,3.8978729196612445,3.9166194585187877,0.480942792233785,FROZEN_E,12,True
full-mixed-02,80,mixed-multi-009,mixed-multi-024,3.9166194585187877,4.0553849711445915,3.5429919627239626,FROZEN_E,13,True
full-mixed-02,30,mixed-multi-004,mixed-multi-009,4.0553849711445915,4.1708209098718845,2.8464853410627544,FROZEN_E,14,True
full-mixed-02,82,mixed-multi-015,mixed-multi-004,4.1708209098718845,4.255983472843057,2.0418657336641166,FROZEN_E,15,True
full-mixed-02,89,mixed-multi-028,mixed-multi-032,4.255983472843057,4.297126798619844,0.9667172356123466,FROZEN_E,16,True
full-mixed-03,92,mixed-multi-008,mixed-multi-030,3.300985197716207,3.5255025135273876,6.80152446507527,FROZEN_A,1,True
full-mixed-03,43,mixed-multi-009,mixed-multi-000,3.5255025135273876,3.6799245388160244,4.380142254788311,FROZEN_A,2,True
full-mixed-03,55,mixed-multi-024,mixed-multi-008,3.6799245388160244,3.751216188486435,1.9373128149347218,FROZEN_A,3,True
full-mixed-03,0,mixed-small-064,mixed-one-042,3.751216188486435,3.783695444425377,0.8658326875062627,FROZEN_A,4,True
full-mixed-03,87,mixed-multi-024,mixed-multi-009,3.783695444425377,3.8146211499442986,0.8173412996145046,FROZEN_A,5,True
full-mixed-03,34,mixed-multi-007,mixed-multi-024,3.8146211499442986,3.844003685298766,0.770260904019171,FROZEN_A,6,True
full-mixed-03,82,mixed-multi-010,mixed-multi-007,3.844003685298766,3.920131880470138,1.9804402233671414,FROZEN_A,7,True
full-mixed-03,73,mixed-multi-019,mixed-multi-010,3.920131880470138,3.9560124150653455,0.9152889670360764,FROZEN_A,8,True
full-mixed-03,83,mixed-multi-013,mixed-multi-019,3.9560124150653455,3.9885259945999727,0.8218775909501375,FROZEN_A,9,True
full-mixed-03,76,mixed-multi-005,mixed-multi-013,3.9885259945999727,4.113439670281553,3.131825537822741,FROZEN_A,10,True
full-mixed-03,29,mixed-multi-001,mixed-multi-005,4.113439670281553,4.182035579209315,1.6676045943580409,FROZEN_A,11,True
full-mixed-03,46,mixed-multi-018,mixed-multi-001,4.182035579209315,4.225283605096868,1.0341381623474755,FROZEN_A,12,True
full-mixed-03,58,mixed-multi-030,mixed-multi-014,4.225283605096868,4.2920385919847535,1.57989363855624,FROZEN_A,13,True
full-mixed-03,62,mixed-multi-033,mixed-multi-018,4.2920385919847535,4.304537079698404,0.29120166200256037,FROZEN_A,14,True
full-mixed-03,11,mixed-one-047,mixed-multi-024,4.304537079698404,4.3151854034576225,0.24737442289530787,FROZEN_A,15,True
full-mixed-03,56,mixed-multi-031,mixed-one-047,4.3151854034576225,4.354189377272097,0.9038771261884015,FROZEN_A,16,True
full-mixed-03,92,mixed-multi-008,mixed-multi-030,3.300985197716207,3.5255025135273876,6.80152446507527,FROZEN_B,1,True
full-mixed-03,43,mixed-multi-009,mixed-multi-000,3.5255025135273876,3.6799245388160244,4.380142254788311,FROZEN_B,2,True
full-mixed-03,55,mixed-multi-024,mixed-multi-008,3.6799245388160244,3.751216188486435,1.9373128149347218,FROZEN_B,3,True
full-mixed-03,0,mixed-small-064,mixed-one-042,3.751216188486435,3.783695444425377,0.8658326875062627,FROZEN_B,4,True
full-mixed-03,87,mixed-multi-024,mixed-multi-009,3.783695444425377,3.8146211499442986,0.8173412996145046,FROZEN_B,5,True
full-mixed-03,34,mixed-multi-007,mixed-multi-024,3.8146211499442986,3.844003685298766,0.770260904019171,FROZEN_B,6,True
full-mixed-03,82,mixed-multi-010,mixed-multi-007,3.844003685298766,3.920131880470138,1.9804402233671414,FROZEN_B,7,True
full-mixed-03,73,mixed-multi-019,mixed-multi-010,3.920131880470138,3.9560124150653455,0.9152889670360764,FROZEN_B,8,True
full-mixed-03,83,mixed-multi-013,mixed-multi-019,3.9560124150653455,3.9885259945999727,0.8218775909501375,FROZEN_B,9,True
full-mixed-03,76,mixed-multi-005,mixed-multi-013,3.9885259945999727,4.113439670281553,3.131825537822741,FROZEN_B,10,True
full-mixed-03,29,mixed-multi-001,mixed-multi-005,4.113439670281553,4.182035579209315,1.6676045943580409,FROZEN_B,11,True
full-mixed-03,46,mixed-multi-018,mixed-multi-001,4.182035579209315,4.225283605096868,1.0341381623474755,FROZEN_B,12,True
full-mixed-03,58,mixed-multi-030,mixed-multi-014,4.225283605096868,4.2920385919847535,1.57989363855624,FROZEN_B,13,True
full-mixed-03,62,mixed-multi-033,mixed-multi-018,4.2920385919847535,4.304537079698404,0.29120166200256037,FROZEN_B,14,True
full-mixed-03,11,mixed-one-047,mixed-multi-024,4.304537079698404,4.3151854034576225,0.24737442289530787,FROZEN_B,15,True
full-mixed-03,56,mixed-multi-031,mixed-one-047,4.3151854034576225,4.354189377272097,0.9038771261884015,FROZEN_B,16,True
full-mixed-03,92,mixed-multi-008,mixed-multi-030,3.300985197716207,3.5255025135273876,6.80152446507527,FROZEN_C,1,True
full-mixed-03,43,mixed-multi-009,mixed-multi-000,3.5255025135273876,3.6799245388160244,4.380142254788311,FROZEN_C,2,True
full-mixed-03,55,mixed-multi-024,mixed-multi-008,3.6799245388160244,3.751216188486435,1.9373128149347218,FROZEN_C,3,True
full-mixed-03,0,mixed-small-064,mixed-one-042,3.751216188486435,3.783695444425377,0.8658326875062627,FROZEN_C,4,True
full-mixed-03,87,mixed-multi-024,mixed-multi-009,3.783695444425377,3.8146211499442986,0.8173412996145046,FROZEN_C,5,True
full-mixed-03,34,mixed-multi-007,mixed-multi-024,3.8146211499442986,3.844003685298766,0.770260904019171,FROZEN_C,6,True
full-mixed-03,82,mixed-multi-010,mixed-multi-007,3.844003685298766,3.920131880470138,1.9804402233671414,FROZEN_C,7,True
full-mixed-03,73,mixed-multi-019,mixed-multi-010,3.920131880470138,3.9560124150653455,0.9152889670360764,FROZEN_C,8,True
full-mixed-03,83,mixed-multi-013,mixed-multi-019,3.9560124150653455,3.9885259945999727,0.8218775909501375,FROZEN_C,9,True
full-mixed-03,76,mixed-multi-005,mixed-multi-013,3.9885259945999727,4.113439670281553,3.131825537822741,FROZEN_C,10,True
full-mixed-03,29,mixed-multi-001,mixed-multi-005,4.113439670281553,4.182035579209315,1.6676045943580409,FROZEN_C,11,True
full-mixed-03,46,mixed-multi-018,mixed-multi-001,4.182035579209315,4.225283605096868,1.0341381623474755,FROZEN_C,12,True
full-mixed-03,58,mixed-multi-030,mixed-multi-014,4.225283605096868,4.2920385919847535,1.57989363855624,FROZEN_C,13,True
full-mixed-03,62,mixed-multi-033,mixed-multi-018,4.2920385919847535,4.304537079698404,0.29120166200256037,FROZEN_C,14,True
full-mixed-03,11,mixed-one-047,mixed-multi-024,4.304537079698404,4.3151854034576225,0.24737442289530787,FROZEN_C,15,True
full-mixed-03,56,mixed-multi-031,mixed-one-047,4.3151854034576225,4.354189377272097,0.9038771261884015,FROZEN_C,16,True
full-mixed-03,92,mixed-multi-008,mixed-multi-030,3.300985197716207,3.5255025135273876,6.80152446507527,FROZEN_D,1,True
full-mixed-03,43,mixed-multi-009,mixed-multi-000,3.5255025135273876,3.6799245388160244,4.380142254788311,FROZEN_D,2,True
full-mixed-03,55,mixed-multi-024,mixed-multi-008,3.6799245388160244,3.751216188486435,1.9373128149347218,FROZEN_D,3,True
full-mixed-03,0,mixed-small-064,mixed-one-042,3.751216188486435,3.783695444425377,0.8658326875062627,FROZEN_D,4,True
full-mixed-03,87,mixed-multi-024,mixed-multi-009,3.783695444425377,3.8146211499442986,0.8173412996145046,FROZEN_D,5,True
full-mixed-03,34,mixed-multi-007,mixed-multi-024,3.8146211499442986,3.844003685298766,0.770260904019171,FROZEN_D,6,True
full-mixed-03,82,mixed-multi-010,mixed-multi-007,3.844003685298766,3.920131880470138,1.9804402233671414,FROZEN_D,7,True
full-mixed-03,73,mixed-multi-019,mixed-multi-010,3.920131880470138,3.9560124150653455,0.9152889670360764,FROZEN_D,8,True
full-mixed-03,83,mixed-multi-013,mixed-multi-019,3.9560124150653455,3.9885259945999727,0.8218775909501375,FROZEN_D,9,True
full-mixed-03,76,mixed-multi-005,mixed-multi-013,3.9885259945999727,4.113439670281553,3.131825537822741,FROZEN_D,10,True
full-mixed-03,29,mixed-multi-001,mixed-multi-005,4.113439670281553,4.182035579209315,1.6676045943580409,FROZEN_D,11,True
full-mixed-03,46,mixed-multi-018,mixed-multi-001,4.182035579209315,4.225283605096868,1.0341381623474755,FROZEN_D,12,True
full-mixed-03,58,mixed-multi-030,mixed-multi-014,4.225283605096868,4.2920385919847535,1.57989363855624,FROZEN_D,13,True
full-mixed-03,62,mixed-multi-033,mixed-multi-018,4.2920385919847535,4.304537079698404,0.29120166200256037,FROZEN_D,14,True
full-mixed-03,11,mixed-one-047,mixed-multi-024,4.304537079698404,4.3151854034576225,0.24737442289530787,FROZEN_D,15,True
full-mixed-03,56,mixed-multi-031,mixed-one-047,4.3151854034576225,4.354189377272097,0.9038771261884015,FROZEN_D,16,True
full-mixed-03,92,mixed-multi-008,mixed-multi-030,3.300985197716207,3.5255025135273876,6.80152446507527,FROZEN_E,1,True
full-mixed-03,43,mixed-multi-009,mixed-multi-000,3.5255025135273876,3.6799245388160244,4.380142254788311,FROZEN_E,2,True
full-mixed-03,55,mixed-multi-024,mixed-multi-008,3.6799245388160244,3.751216188486435,1.9373128149347218,FROZEN_E,3,True
full-mixed-03,0,mixed-small-064,mixed-one-042,3.751216188486435,3.783695444425377,0.8658326875062627,FROZEN_E,4,True
full-mixed-03,87,mixed-multi-024,mixed-multi-009,3.783695444425377,3.8146211499442986,0.8173412996145046,FROZEN_E,5,True
full-mixed-03,34,mixed-multi-007,mixed-multi-024,3.8146211499442986,3.844003685298766,0.770260904019171,FROZEN_E,6,True
full-mixed-03,82,mixed-multi-010,mixed-multi-007,3.844003685298766,3.920131880470138,1.9804402233671414,FROZEN_E,7,True
full-mixed-03,73,mixed-multi-019,mixed-multi-010,3.920131880470138,3.9560124150653455,0.9152889670360764,FROZEN_E,8,True
full-mixed-03,83,mixed-multi-013,mixed-multi-019,3.9560124150653455,3.9885259945999727,0.8218775909501375,FROZEN_E,9,True
full-mixed-03,76,mixed-multi-005,mixed-multi-013,3.9885259945999727,4.113439670281553,3.131825537822741,FROZEN_E,10,True
full-mixed-03,29,mixed-multi-001,mixed-multi-005,4.113439670281553,4.182035579209315,1.6676045943580409,FROZEN_E,11,True
full-mixed-03,46,mixed-multi-018,mixed-multi-001,4.182035579209315,4.225283605096868,1.0341381623474755,FROZEN_E,12,True
full-mixed-03,58,mixed-multi-030,mixed-multi-014,4.225283605096868,4.2920385919847535,1.57989363855624,FROZEN_E,13,True
full-mixed-03,62,mixed-multi-033,mixed-multi-018,4.2920385919847535,4.304537079698404,0.29120166200256037,FROZEN_E,14,True
full-mixed-03,11,mixed-one-047,mixed-multi-024,4.304537079698404,4.3151854034576225,0.24737442289530787,FROZEN_E,15,True
full-mixed-03,56,mixed-multi-031,mixed-one-047,4.3151854034576225,4.354189377272097,0.9038771261884015,FROZEN_E,16,True
full-mixed-04,0,mixed-small-057,mixed-one-048,1.895040376232611,1.9137702967585641,0.9883652486174954,FROZEN_B,1,True
full-mixed-04,0,mixed-small-057,mixed-one-024,2.016374095853261,2.0498067275967737,1.6580569950917168,FROZEN_C,1,True
full-mixed-04,0,mixed-small-057,mixed-one-048,2.0466887295386744,2.0631137745420824,0.8025179777635394,FROZEN_D,1,True
full-mixed-04,0,mixed-small-058,mixed-one-048,2.013231280621227,2.049086938826437,1.7810004518778344,FROZEN_E,1,True
full-mixed-05,0,mixed-small-055,mixed-one-028,2.128175241271173,2.191841649154611,2.9915961171228522,FROZEN_B,1,True
full-mixed-05,0,mixed-small-057,mixed-one-027,2.474592736829971,2.480977687901753,0.2580202785190888,FROZEN_C,1,True
full-mixed-05,0,mixed-small-056,mixed-one-027,2.4294674977290716,2.4344718702551233,0.2059863954026797,FROZEN_D,1,True
full-mixed-05,0,mixed-small-057,mixed-one-027,2.500506919817702,2.5254101451629363,0.9959270717414981,FROZEN_E,1,True
full-mixed-06,0,mixed-small-057,mixed-one-030,2.2020620597639837,2.20617263711755,0.1866694598973595,FROZEN_B,1,True
full-mixed-06,0,mixed-small-056,mixed-one-043,2.414727891979505,2.4196022000901265,0.201857448485665,FROZEN_C,1,True
full-mixed-06,0,mixed-small-056,mixed-one-043,2.4243235404106107,2.4292367039645906,0.20266121547241056,FROZEN_D,1,True
full-mixed-06,0,mixed-small-057,mixed-one-030,2.4711718565873566,2.4763496974662305,0.2095297769384663,FROZEN_E,1,True
