inventory_id,family,cohort,arm,network_mode,concurrency,status,target_passes_measured,target_rows_measured,measurement_window_ms,target_rows_per_second,p50_pass_latency_ms,p95_pass_latency_ms,abstract_node_cost,rows_per_second_per_abstract_cost,network_bytes,network_bytes_per_target_row,worker_compute_ms,worker_compute_ms_per_target_row,nodes_used,replica_nodes,replica_count,replica_checkpoint_bytes,replica_resident_bytes,new_nodes_activated,maximum_compute_utilization,maximum_tx_utilization,maximum_rx_utilization,plan_sha256
coarse-friendly-01,coarse-friendly,negative_control,FLEX_FREE,SHARED_NIC,1,PASS,128,2176,164180.12087039574,13.253736131171085,1282.65719429998,1282.6571943001181,46.93480000000001,0.2823861214103625,7490322432,3442243.7647058824,638325.558400005,293.34814264706114,48,3,8,15722348544,17187192052,0,0.19971267548209176,0.02471577919718599,0.023273253783363437,e13fba40341a89598690ee6d0d457bda62c0734a34f34cd726dfc20083e65594
coarse-friendly-01,coarse-friendly,negative_control,FLEX_FREE,SHARED_NIC,8,PASS,121,2057,36390.55161739463,56.525661430665345,2287.5906419993407,2393.9964017992497,46.93480000000001,1.2043443549491066,7078333824,3441095.6849781233,603415.742825004,293.3474685585824,48,3,8,15722348544,17187192052,0,0.8517516092057271,0.10577684323312239,0.09962486886478149,e13fba40341a89598690ee6d0d457bda62c0734a34f34cd726dfc20083e65594
coarse-friendly-01,coarse-friendly,negative_control,FLEX_FREE,SHARED_NIC,32,PASS,97,1649,36833.29951669507,44.769271871844495,9244.371225599181,9435.758007099732,46.93480000000001,0.9538609277517851,5674330368,3441073.600970285,483730.4401250032,293.3477502274125,48,3,8,15722348544,17187192052,0,0.6746015596223587,0.08380884563982122,0.07893638227773087,e13fba40341a89598690ee6d0d457bda62c0734a34f34cd726dfc20083e65594
coarse-friendly-01,coarse-friendly,negative_control,FLEX_FREE,SHARED_NIC,64,PASS,65,1105,37524.185659300456,29.44767436215163,18767.94449220023,18920.54774266035,46.93480000000001,0.6274166367418552,3803304960,3441904.9411764704,324153.040725002,293.3511680769249,48,3,8,15722348544,17187192052,0,0.4437295095802592,0.055159658178670946,0.05195463372079332,e13fba40341a89598690ee6d0d457bda62c0734a34f34cd726dfc20083e65594
coarse-friendly-01,coarse-friendly,negative_control,FLEX_FREE,SHARED_NIC,128,PASS,129,2193,74014.56698330533,29.62930257356841,37020.102664606704,37146.00460400225,46.93480000000001,0.631286435088003,7545182976,3440575.9124487005,643300.5717250046,293.3427139648904,48,3,8,15722348544,17187192052,0,0.44646635718957267,0.05527049758357328,0.05204584509518094,e13fba40341a89598690ee6d0d457bda62c0734a34f34cd726dfc20083e65594
coarse-friendly-01,coarse-friendly,negative_control,FLEX_FREE_NO_ALT,SHARED_NIC,1,PASS,128,2176,166531.9423359955,13.0665623031628,1301.0307994999675,1301.030799500135,46.93480000000001,0.27839816731216066,7497695232,3445632.0,638423.1712000057,293.39300147059083,48,0,0,0,0,0,0.19689226427110923,0.025230005632930295,0.023807694646356372,d1aa19ec99c69134fdb029b86dd477bc93a509560131b1f52ec1f87db8c3a1a8
coarse-friendly-01,coarse-friendly,negative_control,FLEX_FREE_NO_ALT,SHARED_NIC,8,PASS,121,2057,36897.74747059448,55.74866058258214,2323.2046434000295,2470.254583199232,46.93480000000001,1.187789456492456,7087665024,3445632.0,603509.4040250053,293.39300147059083,48,0,0,0,0,0,0.8400434450558769,0.10764415214140974,0.10157584353860348,d1aa19ec99c69134fdb029b86dd477bc93a509560131b1f52ec1f87db8c3a1a8
coarse-friendly-01,coarse-friendly,negative_control,FLEX_FREE_NO_ALT,SHARED_NIC,32,PASS,97,1649,36934.780432495034,44.646265137919116,9224.568892899784,9395.364181999788,46.93480000000001,0.9512401275369046,5681847168,3445632.0,483805.059425004,293.39300147059066,48,0,0,0,0,0,0.6727480442293085,0.08620672329755345,0.08134692376177312,d1aa19ec99c69134fdb029b86dd477bc93a509560131b1f52ec1f87db8c3a1a8
coarse-friendly-01,coarse-friendly,negative_control,FLEX_FREE_NO_ALT,SHARED_NIC,64,PASS,65,1105,36881.41502860101,29.960889492528644,18458.04705969956,18652.934994479587,46.93480000000001,0.6383512765054636,3807423360,3445632.0,324199.2666250022,293.3930014705902,48,0,0,0,0,0,0.4514628434697447,0.057850978178179954,0.05458969940385091,d1aa19ec99c69134fdb029b86dd477bc93a509560131b1f52ec1f87db8c3a1a8
coarse-friendly-01,coarse-friendly,negative_control,FLEX_FREE_NO_ALT,SHARED_NIC,128,PASS,129,2193,73672.84549070527,29.7667340713299,36596.00882050433,37094.34125519947,46.93480000000001,0.6342145715189985,7556270976,3445632.0,643410.8522250057,293.39300147059083,48,0,0,0,0,0,0.44853723077886254,0.05747608673719837,0.05423594201345348,d1aa19ec99c69134fdb029b86dd477bc93a509560131b1f52ec1f87db8c3a1a8
coarse-friendly-01,coarse-friendly,negative_control,FLEX_POOL,LEGACY_DIRECTED_LINK,1,PASS,128,2176,564094.2393092219,3.857511473020332,4406.986244600157,4406.986244613945,44.63710000000001,0.08641940164169112,8434040832,3875937.882352941,746749.1104000051,343.1751426470612,46,4,12,23583522816,25781273245,0,0.058126548571303435,0.008116654333514918,0.007697154589837752,d907774cca446fdfaf132accdb9930b0f4721ed53bd59c298d0f58e7078404ea
coarse-friendly-01,coarse-friendly,negative_control,FLEX_POOL,LEGACY_DIRECTED_LINK,8,PASS,121,2057,564094.2393087537,3.646553814342558,35255.88995681555,35255.88995691156,44.63710000000001,0.08169334061447893,7972804224,3875937.882352941,705911.2684250048,343.17514264706114,46,4,12,23583522816,25781273245,0,0.05494775294635588,0.007672774799657192,0.007276216448212036,d907774cca446fdfaf132accdb9930b0f4721ed53bd59c298d0f58e7078404ea
coarse-friendly-01,coarse-friendly,negative_control,FLEX_POOL,LEGACY_DIRECTED_LINK,32,PASS,97,1649,564094.2393071044,2.923270413159193,141023.55982645386,141023.55982764624,44.63710000000001,0.06548970280683988,6391421568,3875937.882352941,565895.8102250036,343.175142647061,46,4,12,23583522816,25781273245,0,0.04404902508935624,0.00615090211213987,0.005832999962633313,d907774cca446fdfaf132accdb9930b0f4721ed53bd59c298d0f58e7078404ea
coarse-friendly-01,coarse-friendly,negative_control,FLEX_POOL,LEGACY_DIRECTED_LINK,64,PASS,65,1105,564094.239304681,1.958892544908906,282047.11965224147,282047.1196524052,44.63710000000001,0.043884852396524544,4282911360,3875937.882352941,379208.53262500215,343.17514264706074,46,4,12,23583522816,25781273245,0,0.02951738794660266,0.004121738528771229,0.003908711315183439,d907774cca446fdfaf132accdb9930b0f4721ed53bd59c298d0f58e7078404ea
coarse-friendly-01,coarse-friendly,negative_control,FLEX_POOL,LEGACY_DIRECTED_LINK,128,PASS,129,2193,1128188.4786111293,1.943824140714254,564094.2393058538,564094.2393058538,44.63710000000001,0.04354727660879075,8499931776,3875937.882352941,752583.0878250052,343.1751426470612,46,4,12,23583522816,25781273245,0,0.029290331116198273,0.004090032847774268,0.003878644305060576,d907774cca446fdfaf132accdb9930b0f4721ed53bd59c298d0f58e7078404ea
coarse-friendly-01,coarse-friendly,negative_control,FLEX_POOL,SHARED_NIC,1,PASS,128,2176,172745.8247040006,12.596541790393886,1349.576755499933,1349.5767555003113,44.63710000000001,0.2821989284786396,8371372032,3847137.882352941,747883.6384000034,343.6965250000016,46,4,12,23583522816,25781273245,0,0.18980980441167555,0.026504594017512956,0.02513473521365786,d907774cca446fdfaf132accdb9930b0f4721ed53bd59c298d0f58e7078404ea
coarse-friendly-01,coarse-friendly,negative_control,FLEX_POOL,SHARED_NIC,8,PASS,121,2057,36533.76303679461,56.304082279405854,2293.800257900035,2430.3728945000275,44.63710000000001,1.2613741098638989,7977613824,3878276.044725328,707140.3810750031,343.77266945795,46,4,12,23583522816,25781273245,0,0.8484127646194818,0.12311627865626605,0.11699013243435662,d907774cca446fdfaf132accdb9930b0f4721ed53bd59c298d0f58e7078404ea
coarse-friendly-01,coarse-friendly,negative_control,FLEX_POOL,SHARED_NIC,32,PASS,97,1649,36518.59244609512,45.155081002480564,9139.227642697053,9315.699555299743,44.63710000000001,1.0116042709423452,6399600768,3880897.9793814435,566884.703550003,343.7748353850837,46,4,12,23583522816,25781273245,0,0.6804150881959008,0.09889293153154265,0.09397974326272213,d907774cca446fdfaf132accdb9930b0f4721ed53bd59c298d0f58e7078404ea
coarse-friendly-01,coarse-friendly,negative_control,FLEX_POOL,SHARED_NIC,64,PASS,65,1105,37005.35152540081,29.860545960265178,18438.958413599525,18722.437947480947,44.63710000000001,0.6689624989137998,4285704960,3878466.027149321,379889.5541000021,343.79145167421007,46,4,12,23583522816,25781273245,0,0.4499508263979298,0.06525945602063413,0.06201051931704752,d907774cca446fdfaf132accdb9930b0f4721ed53bd59c298d0f58e7078404ea
coarse-friendly-01,coarse-friendly,negative_control,FLEX_POOL,SHARED_NIC,128,PASS,129,2193,73958.83187370432,29.651631109383572,37013.96960950583,37189.046593580926,44.63710000000001,0.6642822026830498,8508370176,3879785.7619699044,753944.2246250038,343.7958160624732,46,4,12,23583522816,25781273245,0,0.44680281262999416,0.06470870521281934,0.06148256413466594,d907774cca446fdfaf132accdb9930b0f4721ed53bd59c298d0f58e7078404ea
coarse-friendly-01,coarse-friendly,negative_control,FLEX_POOL_NO_ALT,SHARED_NIC,1,PASS,128,2176,175279.98160639947,12.414423940814439,1369.374856299939,1369.3748563003028,44.63710000000001,0.2781189624956468,8375058432,3848832.0,747932.4448000042,343.7189544117667,46,0,0,0,0,0,0.18706557873579116,0.026121396807773475,0.024771343101518722,8679069e58c937cb1984cc1e12d45e9b7edeb074d48fcf0bfe2ebc6ca7f1bd32
coarse-friendly-01,coarse-friendly,negative_control,FLEX_POOL_NO_ALT,SHARED_NIC,8,PASS,121,2057,40012.924547994386,51.40838924514718,2509.156672099918,2636.726838199902,44.63710000000001,1.1516964418644393,7917047424,3848832.0,707029.889225004,343.7189544117667,46,0,0,0,0,0,0.7746424749038642,0.10816925063321685,0.10257864999287447,8679069e58c937cb1984cc1e12d45e9b7edeb074d48fcf0bfe2ebc6ca7f1bd32
coarse-friendly-01,coarse-friendly,negative_control,FLEX_POOL_NO_ALT,SHARED_NIC,32,PASS,97,1649,40226.60286969555,40.99277300003535,10031.06905499944,10205.438910478306,44.63710000000001,0.9183565464610232,6346723968,3848832.0,566792.5558250032,343.7189544117666,46,0,0,0,0,0,0.6176957418076906,0.08625357848981748,0.08179566361739135,8679069e58c937cb1984cc1e12d45e9b7edeb074d48fcf0bfe2ebc6ca7f1bd32
coarse-friendly-01,coarse-friendly,negative_control,FLEX_POOL_NO_ALT,SHARED_NIC,64,PASS,65,1105,39570.32656740218,27.92496539339387,19784.14694150103,20065.62626125948,44.63710000000001,0.6255999021754071,4252959360,3848832.0,379809.44462500216,343.7189544117667,46,0,0,0,0,0,0.4207847127983182,0.05875738619542664,0.055720579718853525,8679069e58c937cb1984cc1e12d45e9b7edeb074d48fcf0bfe2ebc6ca7f1bd32
coarse-friendly-01,coarse-friendly,negative_control,FLEX_POOL_NO_ALT,SHARED_NIC,128,PASS,129,2193,79636.94905670108,27.537468800300168,39734.11806410439,39911.19717089561,44.63710000000001,0.616918858982778,8440488576,3848832.0,753775.6670250043,343.7189544117667,46,0,0,0,0,0,0.414945756855553,0.05794204814042561,0.05494738145335573,8679069e58c937cb1984cc1e12d45e9b7edeb074d48fcf0bfe2ebc6ca7f1bd32
coarse-friendly-01,coarse-friendly,negative_control,U_STRONG,LEGACY_DIRECTED_LINK,1,PASS,128,2176,550665.8873093578,3.951579442540533,4302.07724460015,4302.077244613902,46.93480000000001,0.08419295368341896,7059013632,3244032.0,584033.3984000036,268.3977014705899,48,0,0,0,0,0,0.05954400291656263,0.002105518307780422,0.0026672257487685555,dd704e9398787162aaf48db1bc0e2ec04acc504a82fb35e95fbf28b2c3ca034c
coarse-friendly-01,coarse-friendly,negative_control,U_STRONG,LEGACY_DIRECTED_LINK,8,PASS,121,2057,550665.8873089085,3.7354774417796452,34416.61795682582,34416.617956911214,46.93480000000001,0.07958865152892192,6672973824,3244032.0,552094.0719250031,268.3977014705897,48,0,0,0,0,0,0.05628769025710904,0.0019903727753253038,0.002521361840634832,dd704e9398787162aaf48db1bc0e2ec04acc504a82fb35e95fbf28b2c3ca034c
coarse-friendly-01,coarse-friendly,negative_control,U_STRONG,LEGACY_DIRECTED_LINK,32,PASS,97,1649,550665.8873073389,2.994556296311227,137666.4718266228,137666.47182764485,46.93480000000001,0.06380247271344985,5349408768,3244032.0,442587.8097250025,268.39770147058977,48,0,0,0,0,0,0.04512318971037306,0.0015955880926206995,0.002021257012746081,dd704e9398787162aaf48db1bc0e2ec04acc504a82fb35e95fbf28b2c3ca034c
coarse-friendly-01,coarse-friendly,negative_control,U_STRONG,LEGACY_DIRECTED_LINK,64,PASS,65,1105,550665.8873047523,2.0066614356818975,275332.9436523318,275332.9436523996,46.93480000000001,0.042754234292718775,3584655360,3244032.0,296579.4601250022,268.3977014705902,48,0,0,0,0,0,0.030237188981319874,0.0010692085156786852,0.0013544505755578595,dd704e9398787162aaf48db1bc0e2ec04acc504a82fb35e95fbf28b2c3ca034c
coarse-friendly-01,coarse-friendly,negative_control,U_STRONG,LEGACY_DIRECTED_LINK,128,PASS,129,2193,1101331.7746107096,1.9912255784821655,550665.8873054981,550665.8873054981,46.93480000000001,0.042425355567343746,7114162176,3244032.0,588596.1593250036,268.3977014705899,48,0,0,0,0,0,0.030004595219892252,0.001060983834787691,0.001344031724975175,dd704e9398787162aaf48db1bc0e2ec04acc504a82fb35e95fbf28b2c3ca034c
coarse-friendly-01,coarse-friendly,negative_control,U_STRONG,SHARED_NIC,1,PASS,128,2176,160321.66535679513,13.572713302081299,1252.5130106000015,1252.5130106001016,46.93480000000001,0.2891822976145908,7059013632,3244032.0,584033.3984000036,268.3977014705899,48,0,0,0,0,0,0.20451915296057155,0.00723194276094676,0.009161271062967727,dd704e9398787162aaf48db1bc0e2ec04acc504a82fb35e95fbf28b2c3ca034c
coarse-friendly-01,coarse-friendly,negative_control,U_STRONG,SHARED_NIC,8,PASS,121,2057,37535.50745009454,54.80144374589557,2344.276453600025,2471.3608299992156,46.93480000000001,1.1676079102477386,6672973824,3244032.0,552094.0719250031,268.3977014705897,48,0,0,0,0,0,0.8257703973020852,0.029199828771656652,0.03698972118722496,dd704e9398787162aaf48db1bc0e2ec04acc504a82fb35e95fbf28b2c3ca034c
coarse-friendly-01,coarse-friendly,negative_control,U_STRONG,SHARED_NIC,32,PASS,97,1649,37339.488617895164,44.16236164545937,9337.600730199782,9517.477296957273,46.93480000000001,0.940930005996816,5349408768,3244032.0,442587.8097250025,268.39770147058977,48,0,0,0,0,0,0.6654563899970369,0.023531011412376724,0.029808584091496435,dd704e9398787162aaf48db1bc0e2ec04acc504a82fb35e95fbf28b2c3ca034c
coarse-friendly-01,coarse-friendly,negative_control,U_STRONG,SHARED_NIC,64,PASS,65,1105,37044.16268600115,29.829261073231798,18573.802225699554,18755.13242405957,46.93480000000001,0.6355467813484194,3584655360,3244032.0,296579.4601250022,268.3977014705902,48,0,0,0,0,0,0.44947941302212724,0.015893911842215742,0.020134069011684123,dd704e9398787162aaf48db1bc0e2ec04acc504a82fb35e95fbf28b2c3ca034c
coarse-friendly-01,coarse-friendly,negative_control,U_STRONG,SHARED_NIC,128,PASS,129,2193,74402.21945030527,29.474927175589816,37199.714492000145,37399.28514226686,46.93480000000001,0.627997289337332,7114162176,3244032.0,588596.1593250036,268.3977014705899,48,0,0,0,0,0,0.44414016603458145,0.015705112269943304,0.019894901734600463,dd704e9398787162aaf48db1bc0e2ec04acc504a82fb35e95fbf28b2c3ca034c
coarse-friendly-02,coarse-friendly,negative_control,FLEX_FREE,SHARED_NIC,1,PASS,128,2176,163761.44277759537,13.287621085234505,1279.3862717000084,1279.386271700103,47.71009999999999,0.2785075085827636,7497695232,3445632.0,631619.5152000041,290.2663213235313,48,1,8,15722348544,17187192052,0,0.19823012456043945,0.02568935490946683,0.02999037714311058,eaf243fb7246000d03f20744d56720e9d658d019aa074836f6d7911216dba8db
coarse-friendly-02,coarse-friendly,negative_control,FLEX_FREE,SHARED_NIC,8,PASS,121,2057,35557.257958995,57.850355119400774,2225.8120078993634,2334.417401400002,47.71009999999999,1.2125389617586377,7090977024,3447242.1118133203,597099.262462504,290.27674402649683,48,1,8,15722348544,17187192052,0,0.8630350781094752,0.11240715638447855,0.13113219838765644,eaf243fb7246000d03f20744d56720e9d658d019aa074836f6d7911216dba8db
coarse-friendly-02,coarse-friendly,negative_control,FLEX_FREE,SHARED_NIC,32,PASS,97,1649,35809.77087859562,46.04888441175835,8967.857815499978,9097.922948699947,47.71009999999999,0.9651810499612946,5684842368,3447448.3735597334,478668.8990625032,290.2782893041256,48,1,8,15722348544,17187192052,0,0.6869759480841665,0.08955277574023296,0.10445787596579854,eaf243fb7246000d03f20744d56720e9d658d019aa074836f6d7911216dba8db
coarse-friendly-02,coarse-friendly,negative_control,FLEX_FREE,SHARED_NIC,64,PASS,65,1105,36266.42790050024,30.46895059617267,18141.27952109994,18241.87397440022,47.71009999999999,0.6386268441309634,3809928960,3447899.511312217,320760.02816250204,290.2805684728525,48,1,8,15722348544,17187192052,0,0.4545481718030636,0.059298263956410684,0.06916040323798764,eaf243fb7246000d03f20744d56720e9d658d019aa074836f6d7911216dba8db
coarse-friendly-02,coarse-friendly,negative_control,FLEX_FREE,SHARED_NIC,128,PASS,129,2193,72091.00315070133,30.41988464795923,36059.712210102734,36237.3067009604,47.71009999999999,0.6375984256574444,7560533376,3447575.638850889,636581.425062504,290.27880759804106,48,1,8,15722348544,17187192052,0,0.453816186072613,0.05916348480661285,0.06900977753354522,eaf243fb7246000d03f20744d56720e9d658d019aa074836f6d7911216dba8db
coarse-friendly-02,coarse-friendly,negative_control,FLEX_FREE_NO_ALT,SHARED_NIC,1,PASS,128,2176,163761.44277759537,13.287621085234505,1279.3862717000084,1279.386271700103,47.71009999999999,0.2785075085827636,7497695232,3445632.0,631619.5152000041,290.2663213235313,48,0,0,0,0,0,0.19823012456043945,0.02568935490946683,0.02999037714311058,61e194bf763650c2aeed02bab90899431ee5a5e28fb7dcbc33ed2f3622fed31e
coarse-friendly-02,coarse-friendly,negative_control,FLEX_FREE_NO_ALT,SHARED_NIC,8,PASS,121,2057,35683.663776495036,57.645426010177616,2212.866993399268,2414.542337399831,47.71009999999999,1.2082436635047427,7087665024,3445632.0,597077.8229625039,290.2663213235313,48,0,0,0,0,0,0.8599778624809753,0.11144762468644162,0.13010666510814284,61e194bf763650c2aeed02bab90899431ee5a5e28fb7dcbc33ed2f3622fed31e
coarse-friendly-02,coarse-friendly,negative_control,FLEX_FREE_NO_ALT,SHARED_NIC,32,PASS,97,1649,35976.12880989571,45.83594885135115,8986.969160497276,9149.022393339963,47.71009999999999,0.9607179371108246,5681847168,3445632.0,478649.1638625031,290.26632132353126,48,0,0,0,0,0,0.6837992889672255,0.088616009600318,0.10345248287459627,61e194bf763650c2aeed02bab90899431ee5a5e28fb7dcbc33ed2f3622fed31e
coarse-friendly-02,coarse-friendly,negative_control,FLEX_FREE_NO_ALT,SHARED_NIC,64,PASS,65,1105,36316.25271030039,30.42714810954569,18105.804118899934,18238.765635319935,47.71009999999999,0.6377506672496116,3807423360,3445632.0,320744.2850625021,290.2663213235313,48,0,0,0,0,0,0.4539245453406706,0.05882571467496352,0.06867456870880921,61e194bf763650c2aeed02bab90899431ee5a5e28fb7dcbc33ed2f3622fed31e
coarse-friendly-02,coarse-friendly,negative_control,FLEX_FREE_NO_ALT,SHARED_NIC,128,PASS,129,2193,71902.37216800143,30.499689146221886,35975.164943502765,36142.55474102139,47.71009999999999,0.6392711217587449,7556270976,3445632.0,636554.0426625041,290.2663213235313,48,0,0,0,0,0,0.45500674196893287,0.058965960428866315,0.06883829500972619,61e194bf763650c2aeed02bab90899431ee5a5e28fb7dcbc33ed2f3622fed31e
coarse-friendly-02,coarse-friendly,negative_control,FLEX_POOL,LEGACY_DIRECTED_LINK,1,PASS,128,2176,492739.28346954513,4.416128514613332,3849.525652100201,3849.5256521124975,47.71009999999999,0.09256171155820954,7497695232,3445632.0,631619.5152000041,290.2663213235313,48,1,8,15722348544,17187192052,0,0.06588159760963411,0.008537833221612844,0.009967273962445414,eaf243fb7246000d03f20744d56720e9d658d019aa074836f6d7911216dba8db
coarse-friendly-02,coarse-friendly,negative_control,FLEX_POOL,LEGACY_DIRECTED_LINK,8,PASS,121,2057,492739.28346938535,4.17462148647177,30796.20521689899,30796.20521689998,47.71009999999999,0.08749974295739835,7087665024,3445632.0,597077.8229625039,290.2663213235313,48,1,8,15722348544,17187192052,0,0.062278697740377434,0.008070920467308507,0.009422188667627236,eaf243fb7246000d03f20744d56720e9d658d019aa074836f6d7911216dba8db
coarse-friendly-02,coarse-friendly,negative_control,FLEX_POOL,LEGACY_DIRECTED_LINK,32,PASS,97,1649,492739.2834679334,3.3465973899913624,123184.8208672626,123184.82086759992,47.71009999999999,0.07014442204043511,5681847168,3445632.0,478649.1638625031,290.26632132353126,48,1,8,15722348544,17187192052,0,0.049925898188714145,0.006470076738274651,0.007553324799690371,eaf243fb7246000d03f20744d56720e9d658d019aa074836f6d7911216dba8db
coarse-friendly-02,coarse-friendly,negative_control,FLEX_POOL,LEGACY_DIRECTED_LINK,64,PASS,65,1105,492739.28346521856,2.242565261346774,246369.64173243195,246369.64173264822,47.71009999999999,0.04700399415106601,3807423360,3445632.0,320744.2850625021,290.2663213235313,48,1,8,15722348544,17187192052,0,0.033455498786436076,0.004335618432888354,0.005061506309098754,eaf243fb7246000d03f20744d56720e9d658d019aa074836f6d7911216dba8db
coarse-friendly-02,coarse-friendly,negative_control,FLEX_POOL,LEGACY_DIRECTED_LINK,128,PASS,129,2193,985478.5669321567,2.225314759332531,492739.2834661603,492739.2834661603,47.71009999999999,0.04664242496520719,7556270976,3445632.0,636554.0426625041,290.2663213235313,48,1,8,15722348544,17187192052,0,0.03319814879571326,0.004302267521858617,0.0050225716451738475,eaf243fb7246000d03f20744d56720e9d658d019aa074836f6d7911216dba8db
coarse-friendly-02,coarse-friendly,negative_control,FLEX_POOL,SHARED_NIC,1,PASS,128,2176,163761.44277759537,13.287621085234505,1279.3862717000084,1279.386271700103,47.71009999999999,0.2785075085827636,7497695232,3445632.0,631619.5152000041,290.2663213235313,48,1,8,15722348544,17187192052,0,0.19823012456043945,0.02568935490946683,0.02999037714311058,eaf243fb7246000d03f20744d56720e9d658d019aa074836f6d7911216dba8db
coarse-friendly-02,coarse-friendly,negative_control,FLEX_POOL,SHARED_NIC,8,PASS,121,2057,35557.257958995,57.850355119400774,2225.8120078993634,2334.417401400002,47.71009999999999,1.2125389617586377,7090977024,3447242.1118133203,597099.262462504,290.27674402649683,48,1,8,15722348544,17187192052,0,0.8630350781094752,0.11240715638447855,0.13113219838765644,eaf243fb7246000d03f20744d56720e9d658d019aa074836f6d7911216dba8db
coarse-friendly-02,coarse-friendly,negative_control,FLEX_POOL,SHARED_NIC,32,PASS,97,1649,35809.77087859562,46.04888441175835,8967.857815499978,9097.922948699947,47.71009999999999,0.9651810499612946,5684842368,3447448.3735597334,478668.8990625032,290.2782893041256,48,1,8,15722348544,17187192052,0,0.6869759480841665,0.08955277574023296,0.10445787596579854,eaf243fb7246000d03f20744d56720e9d658d019aa074836f6d7911216dba8db
coarse-friendly-02,coarse-friendly,negative_control,FLEX_POOL,SHARED_NIC,64,PASS,65,1105,36266.42790050024,30.46895059617267,18141.27952109994,18241.87397440022,47.71009999999999,0.6386268441309634,3809928960,3447899.511312217,320760.02816250204,290.2805684728525,48,1,8,15722348544,17187192052,0,0.4545481718030636,0.059298263956410684,0.06916040323798764,eaf243fb7246000d03f20744d56720e9d658d019aa074836f6d7911216dba8db
coarse-friendly-02,coarse-friendly,negative_control,FLEX_POOL,SHARED_NIC,128,PASS,129,2193,72091.00315070133,30.41988464795923,36059.712210102734,36237.3067009604,47.71009999999999,0.6375984256574444,7560533376,3447575.638850889,636581.425062504,290.27880759804106,48,1,8,15722348544,17187192052,0,0.453816186072613,0.05916348480661285,0.06900977753354522,eaf243fb7246000d03f20744d56720e9d658d019aa074836f6d7911216dba8db
coarse-friendly-02,coarse-friendly,negative_control,FLEX_POOL_NO_ALT,SHARED_NIC,1,PASS,128,2176,163761.44277759537,13.287621085234505,1279.3862717000084,1279.386271700103,47.71009999999999,0.2785075085827636,7497695232,3445632.0,631619.5152000041,290.2663213235313,48,0,0,0,0,0,0.19823012456043945,0.02568935490946683,0.02999037714311058,61e194bf763650c2aeed02bab90899431ee5a5e28fb7dcbc33ed2f3622fed31e
coarse-friendly-02,coarse-friendly,negative_control,FLEX_POOL_NO_ALT,SHARED_NIC,8,PASS,121,2057,35683.663776495036,57.645426010177616,2212.866993399268,2414.542337399831,47.71009999999999,1.2082436635047427,7087665024,3445632.0,597077.8229625039,290.2663213235313,48,0,0,0,0,0,0.8599778624809753,0.11144762468644162,0.13010666510814284,61e194bf763650c2aeed02bab90899431ee5a5e28fb7dcbc33ed2f3622fed31e
coarse-friendly-02,coarse-friendly,negative_control,FLEX_POOL_NO_ALT,SHARED_NIC,32,PASS,97,1649,35976.12880989571,45.83594885135115,8986.969160497276,9149.022393339963,47.71009999999999,0.9607179371108246,5681847168,3445632.0,478649.1638625031,290.26632132353126,48,0,0,0,0,0,0.6837992889672255,0.088616009600318,0.10345248287459627,61e194bf763650c2aeed02bab90899431ee5a5e28fb7dcbc33ed2f3622fed31e
coarse-friendly-02,coarse-friendly,negative_control,FLEX_POOL_NO_ALT,SHARED_NIC,64,PASS,65,1105,36316.25271030039,30.42714810954569,18105.804118899934,18238.765635319935,47.71009999999999,0.6377506672496116,3807423360,3445632.0,320744.2850625021,290.2663213235313,48,0,0,0,0,0,0.4539245453406706,0.05882571467496352,0.06867456870880921,61e194bf763650c2aeed02bab90899431ee5a5e28fb7dcbc33ed2f3622fed31e
coarse-friendly-02,coarse-friendly,negative_control,FLEX_POOL_NO_ALT,SHARED_NIC,128,PASS,129,2193,71902.37216800143,30.499689146221886,35975.164943502765,36142.55474102139,47.71009999999999,0.6392711217587449,7556270976,3445632.0,636554.0426625041,290.2663213235313,48,0,0,0,0,0,0.45500674196893287,0.058965960428866315,0.06883829500972619,61e194bf763650c2aeed02bab90899431ee5a5e28fb7dcbc33ed2f3622fed31e
coarse-friendly-02,coarse-friendly,negative_control,U_STRONG,LEGACY_DIRECTED_LINK,1,PASS,128,2176,490881.20864074107,4.4328443657995855,3835.0094425002026,3835.00944251247,47.71009999999999,0.09291207450413197,7121403904,3272704.0,577229.7424000053,265.27102132353184,48,0,0,0,0,0,0.06613097146229965,0.003191552819750725,0.004629581717118068,2f42bfe671cbaef77251af3aefa1fcae120c876075aec693d81f8cdc31e364cb
coarse-friendly-02,coarse-friendly,negative_control,U_STRONG,LEGACY_DIRECTED_LINK,8,PASS,121,2057,490881.2086406047,4.190423189546085,30680.07554009545,30680.07554009976,47.71009999999999,0.08783094542971165,6731952128,3272704.0,545662.490862505,265.27102132353184,48,0,0,0,0,0,0.0625144339604725,0.003017014774921445,0.004376401466964389,2f42bfe671cbaef77251af3aefa1fcae120c876075aec693d81f8cdc31e364cb
coarse-friendly-02,coarse-friendly,negative_control,U_STRONG,LEGACY_DIRECTED_LINK,32,PASS,97,1649,490881.20863915613,3.359264870968345,122720.30216008547,122720.30216039903,47.71009999999999,0.07040993146038985,5396688896,3272704.0,437431.914162504,265.27102132353184,48,0,0,0,0,0,0.05011487681143576,0.0024185986212251517,0.003508354895014864,2f42bfe671cbaef77251af3aefa1fcae120c876075aec693d81f8cdc31e364cb
coarse-friendly-02,coarse-friendly,negative_control,U_STRONG,LEGACY_DIRECTED_LINK,64,PASS,65,1105,490881.2086364518,2.251053779527272,245440.60431803763,245440.60431827616,47.71009999999999,0.04718191283454179,3616337920,3272704.0,293124.47856250266,265.27102132353184,48,0,0,0,0,0,0.03358213394599247,0.0016207104162938239,0.0023509594657445624,2f42bfe671cbaef77251af3aefa1fcae120c876075aec693d81f8cdc31e364cb
coarse-friendly-02,coarse-friendly,negative_control,U_STRONG,LEGACY_DIRECTED_LINK,128,PASS,129,2193,981762.4172745971,2.2337379812193627,490881.20863738656,490881.20863738656,47.71009999999999,0.046818975043426095,7177039872,3272704.0,581739.3497625054,265.27102132353184,48,0,0,0,0,0,0.03332380983865813,0.0016082434130887924,0.0023328751621578864,2f42bfe671cbaef77251af3aefa1fcae120c876075aec693d81f8cdc31e364cb
coarse-friendly-02,coarse-friendly,negative_control,U_STRONG,SHARED_NIC,1,PASS,128,2176,161551.78922239388,13.469364904430092,1262.1233533000195,1262.1233533000632,47.71009999999999,0.28231684495379583,7121403904,3272704.0,577229.7424000053,265.27102132353184,48,0,0,0,0,0,0.2009414526218082,0.009697653694465137,0.014067158771429913,2f42bfe671cbaef77251af3aefa1fcae120c876075aec693d81f8cdc31e364cb
coarse-friendly-02,coarse-friendly,negative_control,U_STRONG,SHARED_NIC,8,PASS,121,2057,35795.18907719493,57.465823006659626,2232.7082712000347,2328.4567569000246,47.71009999999999,1.2044791984644685,6731952128,3272704.0,545662.490862505,265.27102132353184,48,0,0,0,0,0,0.8572984719768042,0.04137415941584008,0.060016256289833925,2f42bfe671cbaef77251af3aefa1fcae120c876075aec693d81f8cdc31e364cb
coarse-friendly-02,coarse-friendly,negative_control,U_STRONG,SHARED_NIC,32,PASS,97,1649,35729.000757195565,46.15298399208389,8945.089503497726,9082.816962019828,47.71009999999999,0.9673629691005448,5396688896,3272704.0,437431.914162504,265.27102132353184,48,0,0,0,0,0,0.6885289478756456,0.03322915808556153,0.04820133378214223,2f42bfe671cbaef77251af3aefa1fcae120c876075aec693d81f8cdc31e364cb
coarse-friendly-02,coarse-friendly,negative_control,U_STRONG,SHARED_NIC,64,PASS,65,1105,35911.73979230065,30.769882116290788,17928.94409789989,18037.63207757988,47.71009999999999,0.6449343454801142,3616337920,3272704.0,293124.47856250266,265.27102132353184,48,0,0,0,0,0,0.4590375903629791,0.02215365483825899,0.03213550306040645,2f42bfe671cbaef77251af3aefa1fcae120c876075aec693d81f8cdc31e364cb
coarse-friendly-02,coarse-friendly,negative_control,U_STRONG,SHARED_NIC,128,PASS,129,2193,71587.0761306012,30.634021090610823,35825.957167702334,35974.51892838256,47.71009999999999,0.6420867089067268,7177039872,3272704.0,581739.3497625054,265.27102132353184,48,0,0,0,0,0,0.4570107604382927,0.022055837815187232,0.03199361228584878,2f42bfe671cbaef77251af3aefa1fcae120c876075aec693d81f8cdc31e364cb
coarse-friendly-03,coarse-friendly,negative_control,FLEX_FREE,SHARED_NIC,1,PASS,128,2176,160185.2119807956,13.584275184284039,1251.4469686000025,1251.4469686000812,48.66230000000001,0.2791539895213345,7121403904,3272704.0,570305.9536000044,262.0891330882373,48,0,0,0,0,0,0.20265573081672414,0.00978038663012056,0.01418716896958285,6ec391eb8f3022dc97b417e315e2e326ed775f0379c5a6ca43dead1b534c15cf
coarse-friendly-03,coarse-friendly,negative_control,FLEX_FREE,SHARED_NIC,8,PASS,121,2057,36118.09433779505,56.952063438393914,2260.268070200018,2376.486477199298,48.66230000000001,1.170352889986579,6731952128,3272704.0,539117.3467625042,262.08913308823736,48,0,0,0,0,0,0.8496339982114739,0.04100426355136468,0.059479695177382504,6ec391eb8f3022dc97b417e315e2e326ed775f0379c5a6ca43dead1b534c15cf
coarse-friendly-03,coarse-friendly,negative_control,FLEX_FREE,SHARED_NIC,32,PASS,97,1649,36278.34737339591,45.45411021697381,9057.042354597841,9181.511484717723,48.66230000000001,0.9340723767058647,5396688896,3272704.0,432184.9804625033,262.0891330882373,48,0,0,0,0,0,0.6781028652380211,0.032725983964491286,0.0474714427720302,6ec391eb8f3022dc97b417e315e2e326ed775f0379c5a6ca43dead1b534c15cf
coarse-friendly-03,coarse-friendly,negative_control,FLEX_FREE,SHARED_NIC,64,PASS,65,1105,36467.98431090138,30.30055049326327,18245.989084800196,18384.768563920512,48.66230000000001,0.6226699209298218,3616337920,3272704.0,289608.49206250225,262.0891330882373,48,0,0,0,0,0,0.4520359107172311,0.021815746140983652,0.0316453416827598,6ec391eb8f3022dc97b417e315e2e326ed775f0379c5a6ca43dead1b534c15cf
coarse-friendly-03,coarse-friendly,negative_control,FLEX_FREE,SHARED_NIC,128,PASS,129,2193,72294.65764690712,30.334191645401894,36068.28010620597,36289.64671216415,48.66230000000001,0.6233612395098852,7177039872,3272704.0,574761.4688625045,262.0891330882373,48,0,0,0,0,0,0.4525377830791852,0.021839967048623954,0.0316804758878055,6ec391eb8f3022dc97b417e315e2e326ed775f0379c5a6ca43dead1b534c15cf
coarse-friendly-03,coarse-friendly,negative_control,FLEX_FREE_NO_ALT,SHARED_NIC,1,PASS,128,2176,160185.2119807956,13.584275184284039,1251.4469686000025,1251.4469686000812,48.66230000000001,0.2791539895213345,7121403904,3272704.0,570305.9536000044,262.0891330882373,48,0,0,0,0,0,0.20265573081672414,0.00978038663012056,0.01418716896958285,6ec391eb8f3022dc97b417e315e2e326ed775f0379c5a6ca43dead1b534c15cf
coarse-friendly-03,coarse-friendly,negative_control,FLEX_FREE_NO_ALT,SHARED_NIC,8,PASS,121,2057,36118.09433779505,56.952063438393914,2260.268070200018,2376.486477199298,48.66230000000001,1.170352889986579,6731952128,3272704.0,539117.3467625042,262.08913308823736,48,0,0,0,0,0,0.8496339982114739,0.04100426355136468,0.059479695177382504,6ec391eb8f3022dc97b417e315e2e326ed775f0379c5a6ca43dead1b534c15cf
coarse-friendly-03,coarse-friendly,negative_control,FLEX_FREE_NO_ALT,SHARED_NIC,32,PASS,97,1649,36278.34737339591,45.45411021697381,9057.042354597841,9181.511484717723,48.66230000000001,0.9340723767058647,5396688896,3272704.0,432184.9804625033,262.0891330882373,48,0,0,0,0,0,0.6781028652380211,0.032725983964491286,0.0474714427720302,6ec391eb8f3022dc97b417e315e2e326ed775f0379c5a6ca43dead1b534c15cf
coarse-friendly-03,coarse-friendly,negative_control,FLEX_FREE_NO_ALT,SHARED_NIC,64,PASS,65,1105,36467.98431090138,30.30055049326327,18245.989084800196,18384.768563920512,48.66230000000001,0.6226699209298218,3616337920,3272704.0,289608.49206250225,262.0891330882373,48,0,0,0,0,0,0.4520359107172311,0.021815746140983652,0.0316453416827598,6ec391eb8f3022dc97b417e315e2e326ed775f0379c5a6ca43dead1b534c15cf
coarse-friendly-03,coarse-friendly,negative_control,FLEX_FREE_NO_ALT,SHARED_NIC,128,PASS,129,2193,72294.65764690712,30.334191645401894,36068.28010620597,36289.64671216415,48.66230000000001,0.6233612395098852,7177039872,3272704.0,574761.4688625045,262.0891330882373,48,0,0,0,0,0,0.4525377830791852,0.021839967048623954,0.0316804758878055,6ec391eb8f3022dc97b417e315e2e326ed775f0379c5a6ca43dead1b534c15cf
coarse-friendly-03,coarse-friendly,negative_control,FLEX_POOL,LEGACY_DIRECTED_LINK,1,PASS,128,2176,498943.8153863179,4.361212491060112,3897.9985577003863,3897.9985577117186,46.7537,0.09328058508866917,8375058432,3848832.0,731169.8384000052,336.01555073529653,46,3,14,27514109952,30077586092,0,0.0650623380808223,0.008431662432257405,0.009843327603123718,b604d69a85e1db7273d231ac27db2c7bd9a1e3a9c1000e94fe096c7227efc2c8
coarse-friendly-03,coarse-friendly,negative_control,FLEX_POOL,LEGACY_DIRECTED_LINK,8,PASS,121,2057,498943.8153860717,4.122708682957296,31183.988461679022,31183.98846169375,46.7537,0.08817930309167608,7917047424,3848832.0,691183.9878625049,336.01555073529653,46,3,14,27514109952,30077586092,0,0.06150424146705769,0.00797055589299726,0.009305020624832482,b604d69a85e1db7273d231ac27db2c7bd9a1e3a9c1000e94fe096c7227efc2c8
coarse-friendly-03,coarse-friendly,negative_control,FLEX_POOL,LEGACY_DIRECTED_LINK,32,PASS,97,1649,498943.81538456475,3.3049813408931037,124735.95384636283,124735.953846775,46.7537,0.07068919338775548,6346723968,3848832.0,554089.6431625037,336.01555073529636,46,3,14,27514109952,30077586092,0,0.0493050530770464,0.0063896191869675205,0.007459396699268403,b604d69a85e1db7273d231ac27db2c7bd9a1e3a9c1000e94fe096c7227efc2c8
coarse-friendly-03,coarse-friendly,negative_control,FLEX_POOL,LEGACY_DIRECTED_LINK,64,PASS,65,1105,498943.81538182445,2.214678218136408,249471.90769077092,249471.90769091458,46.7537,0.047369047115766415,4252959360,3848832.0,371297.18356250215,336.0155507352961,46,3,14,27514109952,30077586092,0,0.03303946855696513,0.004281703578919286,0.004998564798506278,b604d69a85e1db7273d231ac27db2c7bd9a1e3a9c1000e94fe096c7227efc2c8
coarse-friendly-03,coarse-friendly,negative_control,FLEX_POOL,LEGACY_DIRECTED_LINK,128,PASS,129,2193,997887.6307661106,2.1976422318376296,498943.8153831363,498943.8153831363,46.7537,0.047004669830144556,8440488576,3848832.0,736882.1027625053,336.01555073529653,46,3,14,27514109952,30077586092,0,0.03278531879875375,0.004248767397532491,0.004960114300043996,b604d69a85e1db7273d231ac27db2c7bd9a1e3a9c1000e94fe096c7227efc2c8
coarse-friendly-03,coarse-friendly,negative_control,FLEX_POOL,SHARED_NIC,1,PASS,128,2176,170165.3313024019,12.787563620306514,1329.4166507999762,1329.416650800209,46.7537,0.2735091259153075,8367685632,3845443.7647058824,731072.2256000041,335.9706919117666,46,3,14,27514109952,30077586092,0,0.19077006433414323,0.024722578869627893,0.02886173930265597,b604d69a85e1db7273d231ac27db2c7bd9a1e3a9c1000e94fe096c7227efc2c8
coarse-friendly-03,coarse-friendly,negative_control,FLEX_POOL,SHARED_NIC,8,PASS,121,2057,35649.688959794934,57.7003631734304,2224.514145800007,2344.814898999881,46.7537,1.2341346925148253,7866129024,3824078.2809917354,690821.9294625042,335.8395379010716,46,3,14,27514109952,30077586092,0,0.8607974373804053,0.11155383634580993,0.13023065918011065,b604d69a85e1db7273d231ac27db2c7bd9a1e3a9c1000e94fe096c7227efc2c8
coarse-friendly-03,coarse-friendly,negative_control,FLEX_POOL,SHARED_NIC,32,PASS,97,1649,35792.22582429579,46.07145719561977,8890.97320199716,9027.718299160046,46.7537,0.9854077259258576,6304935168,3823490.095815646,553794.5068625032,335.8365717783525,46,3,14,27514109952,30077586092,0,0.6873126980357058,0.08907132491983599,0.10398402904224055,b604d69a85e1db7273d231ac27db2c7bd9a1e3a9c1000e94fe096c7227efc2c8
coarse-friendly-03,coarse-friendly,negative_control,FLEX_POOL,SHARED_NIC,64,PASS,65,1105,36028.53092060124,30.670137576110747,18072.807540300615,18260.788512460545,46.7537,0.6559938053268671,4228565760,3826756.3438914027,371121.13246250217,335.85622847285265,46,3,14,27514109952,30077586092,0,0.4575495608280246,0.059295493471770745,0.0692229998912868,b604d69a85e1db7273d231ac27db2c7bd9a1e3a9c1000e94fe096c7227efc2c8
coarse-friendly-03,coarse-friendly,negative_control,FLEX_POOL,SHARED_NIC,128,PASS,129,2193,71845.9241753075,30.52365217891797,35804.60016920543,35948.47365042563,46.7537,0.652860675816416,8386718976,3824313.2585499315,736498.0656625045,335.8404312186523,46,3,14,27514109952,30077586092,0,0.45536423221686506,0.059012288876049444,0.06889237996469579,b604d69a85e1db7273d231ac27db2c7bd9a1e3a9c1000e94fe096c7227efc2c8
coarse-friendly-03,coarse-friendly,negative_control,FLEX_POOL_NO_ALT,SHARED_NIC,1,PASS,128,2176,177779.35715840035,12.239891260610177,1388.901227799979,1388.9012278002192,46.7537,0.26179513622686923,8375058432,3848832.0,731169.8384000052,336.01555073529653,46,0,0,0,0,0,0.18259966578164727,0.023663747530888218,0.02762563386942668,bfbea0cc1dc0493d20fc296aa495f4131df9ff058ea7504d41d5b9b155aab39b
coarse-friendly-03,coarse-friendly,negative_control,FLEX_POOL_NO_ALT,SHARED_NIC,8,PASS,121,2057,36344.82544529491,56.596777527412584,2287.147185499274,2416.3593633000073,46.7537,1.2105304505827899,7917047424,3848832.0,691183.9878625049,336.01555073529653,46,0,0,0,0,0,0.8443336987871728,0.1094202412386279,0.12773984840807742,bfbea0cc1dc0493d20fc296aa495f4131df9ff058ea7504d41d5b9b155aab39b
coarse-friendly-03,coarse-friendly,negative_control,FLEX_POOL_NO_ALT,SHARED_NIC,32,PASS,97,1649,36744.704941395794,44.877214353197104,9184.72989129708,9364.978570379753,46.7537,0.9598644460908357,6346723968,3848832.0,554089.6431625037,336.01555073529636,46,0,0,0,0,0,0.6694964985903497,0.08676245954579416,0.10128860350180914,bfbea0cc1dc0493d20fc296aa495f4131df9ff058ea7504d41d5b9b155aab39b
coarse-friendly-03,coarse-friendly,negative_control,FLEX_POOL_NO_ALT,SHARED_NIC,64,PASS,65,1105,36648.593494701316,30.151225316730418,18454.236590400025,18586.200500080067,46.7537,0.6448949562650745,4252959360,3848832.0,371297.18356250215,336.0155507352961,46,0,0,0,0,0,0.44980821712526003,0.058292264894391474,0.06805180647275284,bfbea0cc1dc0493d20fc296aa495f4131df9ff058ea7504d41d5b9b155aab39b
coarse-friendly-03,coarse-friendly,negative_control,FLEX_POOL_NO_ALT,SHARED_NIC,128,PASS,129,2193,73222.11930200677,29.94996622475385,36660.0182510053,36808.8880286255,46.7537,0.6405902896402605,8440488576,3848832.0,736882.1027625053,336.01555073529653,46,0,0,0,0,0,0.4468057523036399,0.057903164677777806,0.0675975614251902,bfbea0cc1dc0493d20fc296aa495f4131df9ff058ea7504d41d5b9b155aab39b
coarse-friendly-03,coarse-friendly,negative_control,U_STRONG,LEGACY_DIRECTED_LINK,1,PASS,128,2176,486615.81524553633,4.471700121176775,3801.6860566001487,3801.686056612467,48.66230000000001,0.0918924942137296,7121403904,3272704.0,570305.9536000044,262.0891330882373,48,0,0,0,0,0,0.06671063739188197,0.0032195281298235037,0.004670161958573623,6ec391eb8f3022dc97b417e315e2e326ed775f0379c5a6ca43dead1b534c15cf
coarse-friendly-03,coarse-friendly,negative_control,U_STRONG,LEGACY_DIRECTED_LINK,8,PASS,121,2057,486615.81524544425,4.22715402080072,30413.488452899735,30413.488452899735,48.66230000000001,0.0868671234364327,6731952128,3272704.0,539117.3467625042,262.08913308823736,48,0,0,0,0,0,0.06306239940952536,0.003043460185224356,0.004414762476464964,6ec391eb8f3022dc97b417e315e2e326ed775f0379c5a6ca43dead1b534c15cf
coarse-friendly-03,coarse-friendly,negative_control,U_STRONG,LEGACY_DIRECTED_LINK,32,PASS,97,1649,486615.81524393073,3.388710248090456,121653.95381132932,121653.95381159894,48.66230000000001,0.06963728077157173,5396688896,3272704.0,432184.9804625033,262.0891330882373,48,0,0,0,0,0,0.05055415489870236,0.0024397986608899204,0.0035391071092432517,6ec391eb8f3022dc97b417e315e2e326ed775f0379c5a6ca43dead1b534c15cf
coarse-friendly-03,coarse-friendly,negative_control,U_STRONG,LEGACY_DIRECTED_LINK,64,PASS,65,1105,486615.81524115195,2.2707852178055408,243307.9076203555,243307.90762065435,48.66230000000001,0.046664157218330005,3616337920,3272704.0,289608.49206250225,262.0891330882373,48,0,0,0,0,0,0.033876495550870286,0.0016349166284407256,0.002371566619609537,6ec391eb8f3022dc97b417e315e2e326ed775f0379c5a6ca43dead1b534c15cf
coarse-friendly-03,coarse-friendly,negative_control,U_STRONG,LEGACY_DIRECTED_LINK,128,PASS,129,2193,973231.6304847258,2.253317639201429,486615.8152424991,486615.8152424991,48.66230000000001,0.04630520216268916,7177039872,3272704.0,574761.4688625045,262.0891330882373,48,0,0,0,0,0,0.03361590712347225,0.001622340346679455,0.002353323799452837,6ec391eb8f3022dc97b417e315e2e326ed775f0379c5a6ca43dead1b534c15cf
coarse-friendly-03,coarse-friendly,negative_control,U_STRONG,SHARED_NIC,1,PASS,128,2176,160185.2119807956,13.584275184284039,1251.4469686000025,1251.4469686000812,48.66230000000001,0.2791539895213345,7121403904,3272704.0,570305.9536000044,262.0891330882373,48,0,0,0,0,0,0.20265573081672414,0.00978038663012056,0.01418716896958285,6ec391eb8f3022dc97b417e315e2e326ed775f0379c5a6ca43dead1b534c15cf
coarse-friendly-03,coarse-friendly,negative_control,U_STRONG,SHARED_NIC,8,PASS,121,2057,36118.09433779505,56.952063438393914,2260.268070200018,2376.486477199298,48.66230000000001,1.170352889986579,6731952128,3272704.0,539117.3467625042,262.08913308823736,48,0,0,0,0,0,0.8496339982114739,0.04100426355136468,0.059479695177382504,6ec391eb8f3022dc97b417e315e2e326ed775f0379c5a6ca43dead1b534c15cf
coarse-friendly-03,coarse-friendly,negative_control,U_STRONG,SHARED_NIC,32,PASS,97,1649,36278.34737339591,45.45411021697381,9057.042354597841,9181.511484717723,48.66230000000001,0.9340723767058647,5396688896,3272704.0,432184.9804625033,262.0891330882373,48,0,0,0,0,0,0.6781028652380211,0.032725983964491286,0.0474714427720302,6ec391eb8f3022dc97b417e315e2e326ed775f0379c5a6ca43dead1b534c15cf
coarse-friendly-03,coarse-friendly,negative_control,U_STRONG,SHARED_NIC,64,PASS,65,1105,36467.98431090138,30.30055049326327,18245.989084800196,18384.768563920512,48.66230000000001,0.6226699209298218,3616337920,3272704.0,289608.49206250225,262.0891330882373,48,0,0,0,0,0,0.4520359107172311,0.021815746140983652,0.0316453416827598,6ec391eb8f3022dc97b417e315e2e326ed775f0379c5a6ca43dead1b534c15cf
coarse-friendly-03,coarse-friendly,negative_control,U_STRONG,SHARED_NIC,128,PASS,129,2193,72294.65764690712,30.334191645401894,36068.28010620597,36289.64671216415,48.66230000000001,0.6233612395098852,7177039872,3272704.0,574761.4688625045,262.0891330882373,48,0,0,0,0,0,0.4525377830791852,0.021839967048623954,0.0316804758878055,6ec391eb8f3022dc97b417e315e2e326ed775f0379c5a6ca43dead1b534c15cf
memory-fragmented-01,memory-fragmented,headline,FLEX_FREE,SHARED_NIC,1,PASS,128,2176,176551.15498579195,12.325039732394357,1379.3058983269002,1379.3058983269366,48.8227,0.25244486135331223,6934233088,3186688.0,642200.9744000045,295.12912426470797,49,0,0,0,0,0,0.17709117339116928,0.006567145410593943,0.010058386393353836,b54b1e91151d2053f79f179db05604b735a73dfbac7f2745e7ea55dcf0031b71
memory-fragmented-01,memory-fragmented,headline,FLEX_FREE,SHARED_NIC,8,PASS,121,2057,31148.67840957729,66.03811477817094,1947.6682345066238,2147.633029759967,48.8227,1.3526108711351674,6555017216,3186688.0,607080.6086125046,295.1291242647081,49,0,0,0,0,0,0.9488624368381722,0.03518705917433102,0.053893284691136155,b54b1e91151d2053f79f179db05604b735a73dfbac7f2745e7ea55dcf0031b71
memory-fragmented-01,memory-fragmented,headline,FLEX_FREE,SHARED_NIC,32,PASS,97,1649,31164.856261693483,52.912164463497966,7840.754140924939,8022.00932138003,48.8227,1.0837615384544068,5254848512,3186688.0,486667.9259125044,295.12912426470854,49,0,0,0,0,0,0.7602634551253514,0.028193164936235686,0.04318128027479857,b54b1e91151d2053f79f179db05604b735a73dfbac7f2745e7ea55dcf0031b71
memory-fragmented-01,memory-fragmented,headline,FLEX_FREE,SHARED_NIC,64,PASS,65,1105,31345.942365380233,35.25177157284664,15610.70069495013,15809.657205347403,48.8227,0.7220365029555237,3521290240,3186688.0,326117.6823125028,295.1291242647084,49,0,0,0,0,0,0.5065117620306514,0.018783185687544356,0.02876874616460622,b54b1e91151d2053f79f179db05604b735a73dfbac7f2745e7ea55dcf0031b71
memory-fragmented-01,memory-fragmented,headline,FLEX_FREE,SHARED_NIC,128,PASS,129,2193,62377.568975090704,35.156868663409,31262.509361822056,31420.108038224906,48.8227,0.7200926754032243,6988406784,3186688.0,647218.1695125045,295.1291242647079,49,0,0,0,0,0,0.505148158508437,0.018732618612735934,0.02869129650491307,b54b1e91151d2053f79f179db05604b735a73dfbac7f2745e7ea55dcf0031b71
memory-fragmented-01,memory-fragmented,headline,FLEX_FREE_NO_ALT,SHARED_NIC,1,PASS,128,2176,176551.15498579195,12.325039732394357,1379.3058983269002,1379.3058983269366,48.8227,0.25244486135331223,6934233088,3186688.0,642200.9744000045,295.12912426470797,49,0,0,0,0,0,0.17709117339116928,0.006567145410593943,0.010058386393353836,b54b1e91151d2053f79f179db05604b735a73dfbac7f2745e7ea55dcf0031b71
memory-fragmented-01,memory-fragmented,headline,FLEX_FREE_NO_ALT,SHARED_NIC,8,PASS,121,2057,31148.67840957729,66.03811477817094,1947.6682345066238,2147.633029759967,48.8227,1.3526108711351674,6555017216,3186688.0,607080.6086125046,295.1291242647081,49,0,0,0,0,0,0.9488624368381722,0.03518705917433102,0.053893284691136155,b54b1e91151d2053f79f179db05604b735a73dfbac7f2745e7ea55dcf0031b71
memory-fragmented-01,memory-fragmented,headline,FLEX_FREE_NO_ALT,SHARED_NIC,32,PASS,97,1649,31164.856261693483,52.912164463497966,7840.754140924939,8022.00932138003,48.8227,1.0837615384544068,5254848512,3186688.0,486667.9259125044,295.12912426470854,49,0,0,0,0,0,0.7602634551253514,0.028193164936235686,0.04318128027479857,b54b1e91151d2053f79f179db05604b735a73dfbac7f2745e7ea55dcf0031b71
memory-fragmented-01,memory-fragmented,headline,FLEX_FREE_NO_ALT,SHARED_NIC,64,PASS,65,1105,31345.942365380233,35.25177157284664,15610.70069495013,15809.657205347403,48.8227,0.7220365029555237,3521290240,3186688.0,326117.6823125028,295.1291242647084,49,0,0,0,0,0,0.5065117620306514,0.018783185687544356,0.02876874616460622,b54b1e91151d2053f79f179db05604b735a73dfbac7f2745e7ea55dcf0031b71
memory-fragmented-01,memory-fragmented,headline,FLEX_FREE_NO_ALT,SHARED_NIC,128,PASS,129,2193,62377.568975090704,35.156868663409,31262.509361822056,31420.108038224906,48.8227,0.7200926754032243,6988406784,3186688.0,647218.1695125045,295.1291242647079,49,0,0,0,0,0,0.505148158508437,0.018732618612735934,0.02869129650491307,b54b1e91151d2053f79f179db05604b735a73dfbac7f2745e7ea55dcf0031b71
memory-fragmented-01,memory-fragmented,headline,FLEX_POOL,LEGACY_DIRECTED_LINK,1,PASS,128,2176,470090.01863630174,4.628900665264972,3672.57827059408,3672.578270600585,48.8227,0.09481041944146826,6934233088,3186688.0,642200.9744000045,295.12912426470797,49,0,0,0,0,0,0.06650992354762084,0.002466415072082257,0.003777616338656845,b54b1e91151d2053f79f179db05604b735a73dfbac7f2745e7ea55dcf0031b71
memory-fragmented-01,memory-fragmented,headline,FLEX_POOL,LEGACY_DIRECTED_LINK,8,PASS,121,2057,470090.01863637345,4.375757660132626,29380.62616480468,29380.62616480468,48.8227,0.08962547462824928,6555017216,3186688.0,607080.6086125046,295.1291242647081,49,0,0,0,0,0,0.06287266210360071,0.002331532997827402,0.0035710279451360047,b54b1e91151d2053f79f179db05604b735a73dfbac7f2745e7ea55dcf0031b71
memory-fragmented-01,memory-fragmented,headline,FLEX_POOL,LEGACY_DIRECTED_LINK,32,PASS,97,1649,470090.01863569673,3.507838785400626,117522.50465915914,117522.50465921871,48.8227,0.07184852098308013,5254848512,3186688.0,486667.9259125044,295.12912426470854,49,0,0,0,0,0,0.05040205143849622,0.001869080171814739,0.002862724881642079,b54b1e91151d2053f79f179db05604b735a73dfbac7f2745e7ea55dcf0031b71
memory-fragmented-01,memory-fragmented,headline,FLEX_POOL,LEGACY_DIRECTED_LINK,64,PASS,65,1105,470090.01863432396,2.350613619089758,235045.00931699574,235045.00931725613,48.8227,0.04814591612282316,3521290240,3186688.0,326117.6823125028,295.1291242647084,49,0,0,0,0,0,0.03377457055166819,0.001252476403797037,0.0019183207969822565,b54b1e91151d2053f79f179db05604b735a73dfbac7f2745e7ea55dcf0031b71
memory-fragmented-01,memory-fragmented,headline,FLEX_POOL,LEGACY_DIRECTED_LINK,128,PASS,129,2193,940180.0372703077,2.3325319758618726,470090.0186353028,470090.0186353028,48.8227,0.04777556292179402,6988406784,3186688.0,647218.1695125045,295.1291242647079,49,0,0,0,0,0,0.03351476616275015,0.0012428419699194845,0.001903564483155949,b54b1e91151d2053f79f179db05604b735a73dfbac7f2745e7ea55dcf0031b71
memory-fragmented-01,memory-fragmented,headline,FLEX_POOL,SHARED_NIC,1,PASS,128,2176,176551.15498579195,12.325039732394357,1379.3058983269002,1379.3058983269366,48.8227,0.25244486135331223,6934233088,3186688.0,642200.9744000045,295.12912426470797,49,0,0,0,0,0,0.17709117339116928,0.006567145410593943,0.010058386393353836,b54b1e91151d2053f79f179db05604b735a73dfbac7f2745e7ea55dcf0031b71
memory-fragmented-01,memory-fragmented,headline,FLEX_POOL,SHARED_NIC,8,PASS,121,2057,31148.67840957729,66.03811477817094,1947.6682345066238,2147.633029759967,48.8227,1.3526108711351674,6555017216,3186688.0,607080.6086125046,295.1291242647081,49,0,0,0,0,0,0.9488624368381722,0.03518705917433102,0.053893284691136155,b54b1e91151d2053f79f179db05604b735a73dfbac7f2745e7ea55dcf0031b71
memory-fragmented-01,memory-fragmented,headline,FLEX_POOL,SHARED_NIC,32,PASS,97,1649,31164.856261693483,52.912164463497966,7840.754140924939,8022.00932138003,48.8227,1.0837615384544068,5254848512,3186688.0,486667.9259125044,295.12912426470854,49,0,0,0,0,0,0.7602634551253514,0.028193164936235686,0.04318128027479857,b54b1e91151d2053f79f179db05604b735a73dfbac7f2745e7ea55dcf0031b71
memory-fragmented-01,memory-fragmented,headline,FLEX_POOL,SHARED_NIC,64,PASS,65,1105,31345.942365380233,35.25177157284664,15610.70069495013,15809.657205347403,48.8227,0.7220365029555237,3521290240,3186688.0,326117.6823125028,295.1291242647084,49,0,0,0,0,0,0.5065117620306514,0.018783185687544356,0.02876874616460622,b54b1e91151d2053f79f179db05604b735a73dfbac7f2745e7ea55dcf0031b71
memory-fragmented-01,memory-fragmented,headline,FLEX_POOL,SHARED_NIC,128,PASS,129,2193,62377.568975090704,35.156868663409,31262.509361822056,31420.108038224906,48.8227,0.7200926754032243,6988406784,3186688.0,647218.1695125045,295.1291242647079,49,0,0,0,0,0,0.505148158508437,0.018732618612735934,0.02869129650491307,b54b1e91151d2053f79f179db05604b735a73dfbac7f2745e7ea55dcf0031b71
memory-fragmented-01,memory-fragmented,headline,FLEX_POOL_NO_ALT,SHARED_NIC,1,PASS,128,2176,176551.15498579195,12.325039732394357,1379.3058983269002,1379.3058983269366,48.8227,0.25244486135331223,6934233088,3186688.0,642200.9744000045,295.12912426470797,49,0,0,0,0,0,0.17709117339116928,0.006567145410593943,0.010058386393353836,b54b1e91151d2053f79f179db05604b735a73dfbac7f2745e7ea55dcf0031b71
memory-fragmented-01,memory-fragmented,headline,FLEX_POOL_NO_ALT,SHARED_NIC,8,PASS,121,2057,31148.67840957729,66.03811477817094,1947.6682345066238,2147.633029759967,48.8227,1.3526108711351674,6555017216,3186688.0,607080.6086125046,295.1291242647081,49,0,0,0,0,0,0.9488624368381722,0.03518705917433102,0.053893284691136155,b54b1e91151d2053f79f179db05604b735a73dfbac7f2745e7ea55dcf0031b71
memory-fragmented-01,memory-fragmented,headline,FLEX_POOL_NO_ALT,SHARED_NIC,32,PASS,97,1649,31164.856261693483,52.912164463497966,7840.754140924939,8022.00932138003,48.8227,1.0837615384544068,5254848512,3186688.0,486667.9259125044,295.12912426470854,49,0,0,0,0,0,0.7602634551253514,0.028193164936235686,0.04318128027479857,b54b1e91151d2053f79f179db05604b735a73dfbac7f2745e7ea55dcf0031b71
memory-fragmented-01,memory-fragmented,headline,FLEX_POOL_NO_ALT,SHARED_NIC,64,PASS,65,1105,31345.942365380233,35.25177157284664,15610.70069495013,15809.657205347403,48.8227,0.7220365029555237,3521290240,3186688.0,326117.6823125028,295.1291242647084,49,0,0,0,0,0,0.5065117620306514,0.018783185687544356,0.02876874616460622,b54b1e91151d2053f79f179db05604b735a73dfbac7f2745e7ea55dcf0031b71
memory-fragmented-01,memory-fragmented,headline,FLEX_POOL_NO_ALT,SHARED_NIC,128,PASS,129,2193,62377.568975090704,35.156868663409,31262.509361822056,31420.108038224906,48.8227,0.7200926754032243,6988406784,3186688.0,647218.1695125045,295.1291242647079,49,0,0,0,0,0,0.505148158508437,0.018732618612735934,0.02869129650491307,b54b1e91151d2053f79f179db05604b735a73dfbac7f2745e7ea55dcf0031b71
memory-fragmented-01,memory-fragmented,headline,U_STRONG,LEGACY_DIRECTED_LINK,1,PASS,128,2176,470090.01863630174,4.628900665264972,3672.57827059408,3672.578270600585,48.8227,0.09481041944146826,6934233088,3186688.0,642200.9744000045,295.12912426470797,49,0,0,0,0,0,0.06650992354762084,0.002466415072082257,0.003777616338656845,b54b1e91151d2053f79f179db05604b735a73dfbac7f2745e7ea55dcf0031b71
memory-fragmented-01,memory-fragmented,headline,U_STRONG,LEGACY_DIRECTED_LINK,8,PASS,121,2057,470090.01863637345,4.375757660132626,29380.62616480468,29380.62616480468,48.8227,0.08962547462824928,6555017216,3186688.0,607080.6086125046,295.1291242647081,49,0,0,0,0,0,0.06287266210360071,0.002331532997827402,0.0035710279451360047,b54b1e91151d2053f79f179db05604b735a73dfbac7f2745e7ea55dcf0031b71
memory-fragmented-01,memory-fragmented,headline,U_STRONG,LEGACY_DIRECTED_LINK,32,PASS,97,1649,470090.01863569673,3.507838785400626,117522.50465915914,117522.50465921871,48.8227,0.07184852098308013,5254848512,3186688.0,486667.9259125044,295.12912426470854,49,0,0,0,0,0,0.05040205143849622,0.001869080171814739,0.002862724881642079,b54b1e91151d2053f79f179db05604b735a73dfbac7f2745e7ea55dcf0031b71
memory-fragmented-01,memory-fragmented,headline,U_STRONG,LEGACY_DIRECTED_LINK,64,PASS,65,1105,470090.01863432396,2.350613619089758,235045.00931699574,235045.00931725613,48.8227,0.04814591612282316,3521290240,3186688.0,326117.6823125028,295.1291242647084,49,0,0,0,0,0,0.03377457055166819,0.001252476403797037,0.0019183207969822565,b54b1e91151d2053f79f179db05604b735a73dfbac7f2745e7ea55dcf0031b71
memory-fragmented-01,memory-fragmented,headline,U_STRONG,LEGACY_DIRECTED_LINK,128,PASS,129,2193,940180.0372703077,2.3325319758618726,470090.0186353028,470090.0186353028,48.8227,0.04777556292179402,6988406784,3186688.0,647218.1695125045,295.1291242647079,49,0,0,0,0,0,0.03351476616275015,0.0012428419699194845,0.001903564483155949,b54b1e91151d2053f79f179db05604b735a73dfbac7f2745e7ea55dcf0031b71
memory-fragmented-01,memory-fragmented,headline,U_STRONG,SHARED_NIC,1,PASS,128,2176,176551.15498579195,12.325039732394357,1379.3058983269002,1379.3058983269366,48.8227,0.25244486135331223,6934233088,3186688.0,642200.9744000045,295.12912426470797,49,0,0,0,0,0,0.17709117339116928,0.006567145410593943,0.010058386393353836,b54b1e91151d2053f79f179db05604b735a73dfbac7f2745e7ea55dcf0031b71
memory-fragmented-01,memory-fragmented,headline,U_STRONG,SHARED_NIC,8,PASS,121,2057,31148.67840957729,66.03811477817094,1947.6682345066238,2147.633029759967,48.8227,1.3526108711351674,6555017216,3186688.0,607080.6086125046,295.1291242647081,49,0,0,0,0,0,0.9488624368381722,0.03518705917433102,0.053893284691136155,b54b1e91151d2053f79f179db05604b735a73dfbac7f2745e7ea55dcf0031b71
memory-fragmented-01,memory-fragmented,headline,U_STRONG,SHARED_NIC,32,PASS,97,1649,31164.856261693483,52.912164463497966,7840.754140924939,8022.00932138003,48.8227,1.0837615384544068,5254848512,3186688.0,486667.9259125044,295.12912426470854,49,0,0,0,0,0,0.7602634551253514,0.028193164936235686,0.04318128027479857,b54b1e91151d2053f79f179db05604b735a73dfbac7f2745e7ea55dcf0031b71
memory-fragmented-01,memory-fragmented,headline,U_STRONG,SHARED_NIC,64,PASS,65,1105,31345.942365380233,35.25177157284664,15610.70069495013,15809.657205347403,48.8227,0.7220365029555237,3521290240,3186688.0,326117.6823125028,295.1291242647084,49,0,0,0,0,0,0.5065117620306514,0.018783185687544356,0.02876874616460622,b54b1e91151d2053f79f179db05604b735a73dfbac7f2745e7ea55dcf0031b71
memory-fragmented-01,memory-fragmented,headline,U_STRONG,SHARED_NIC,128,PASS,129,2193,62377.568975090704,35.156868663409,31262.509361822056,31420.108038224906,48.8227,0.7200926754032243,6988406784,3186688.0,647218.1695125045,295.1291242647079,49,0,0,0,0,0,0.505148158508437,0.018732618612735934,0.02869129650491307,b54b1e91151d2053f79f179db05604b735a73dfbac7f2745e7ea55dcf0031b71
memory-fragmented-02,memory-fragmented,capacity_exploratory,FLEX_FREE,SHARED_NIC,1,PASS,128,2176,258901.55166530353,8.40473912189231,2022.6683723847382,2022.668372386459,66.22859999999999,0.12690497944833973,26438139904,12149880.470588235,1887299.0906666496,867.3249497548941,102,12,16,31444697088,34374384104,0,0.20022895112018924,0.010328304118072052,0.009960292193743501,fb75567786c40178cea32e6a400e2c8cce18f86fe72d5ea131a52536568e2080
memory-fragmented-02,memory-fragmented,capacity_exploratory,FLEX_FREE,SHARED_NIC,8,PASS,121,2057,54097.55247697393,38.02390137475334,3381.8675773059294,3542.0290373392418,66.22859999999999,0.5741311363180461,24993513728,12150468.511424404,1788165.4352958135,869.3074551754077,102,12,16,31444697088,34374384104,0,0.9058563007545466,0.046726306606124576,0.045061382934793365,fb75567786c40178cea32e6a400e2c8cce18f86fe72d5ea131a52536568e2080
memory-fragmented-02,memory-fragmented,capacity_exploratory,FLEX_FREE,SHARED_NIC,32,PASS,97,1649,51901.10605222396,31.771962592487764,12932.243228071675,13091.761391813618,66.22859999999999,0.4797317562576858,20036276096,12150561.610673135,1433388.1315541505,869.2468960304127,102,12,16,31444697088,34374384104,0,0.7569142423889307,0.039043507159962805,0.03765233238061719,fb75567786c40178cea32e6a400e2c8cce18f86fe72d5ea131a52536568e2080
memory-fragmented-02,memory-fragmented,capacity_exploratory,FLEX_FREE,SHARED_NIC,64,PASS,65,1105,51554.64384944846,21.433568685429325,25855.70424757233,26060.803945009513,66.22859999999999,0.32363010369280537,13425041920,12149359.20361991,960683.7661374892,869.3970734275921,102,12,16,31444697088,34374384104,0,0.5106191773956941,0.026338999046630503,0.025400503664113856,fb75567786c40178cea32e6a400e2c8cce18f86fe72d5ea131a52536568e2080
memory-fragmented-02,memory-fragmented,capacity_exploratory,FLEX_FREE,SHARED_NIC,128,PASS,129,2193,103748.72356836475,21.13760945265927,51852.96699813682,52028.137072598896,66.22859999999999,0.31916135102749077,26648230272,12151495.792065663,1906102.0344958114,869.1755743254954,102,12,16,31444697088,34374384104,0,0.5035684401993972,0.025975304597788174,0.025049768157267803,fb75567786c40178cea32e6a400e2c8cce18f86fe72d5ea131a52536568e2080
memory-fragmented-02,memory-fragmented,capacity_exploratory,FLEX_FREE_NO_ALT,SHARED_NIC,1,PASS,128,2176,266987.7730890922,8.150185961039803,2085.841977259399,2085.8419772597845,66.22859999999999,0.1230614260461463,26423394304,12143104.0,1890416.9317333107,868.7577811274406,102,0,0,0,0,0,0.1941646448207748,0.010015492212625394,0.009658626214090688,4d6e142ab099cabe701f5796b01da0bda2b02e939d8c32977c858138e9980f4b
memory-fragmented-02,memory-fragmented,capacity_exploratory,FLEX_FREE_NO_ALT,SHARED_NIC,8,PASS,121,2057,56173.2014913712,36.61888490218912,3516.0911523590403,3679.37078866559,66.22859999999999,0.5529164877739999,24978364928,12143104.0,1787034.7557791453,868.7577811274406,102,0,0,0,0,0,0.8723841167250223,0.044999728635162294,0.04339632535230273,4d6e142ab099cabe701f5796b01da0bda2b02e939d8c32977c858138e9980f4b
memory-fragmented-02,memory-fragmented,capacity_exploratory,FLEX_FREE_NO_ALT,SHARED_NIC,32,PASS,97,1649,52018.49353283373,31.700264425365607,12935.318973470094,13172.644511593864,66.22859999999999,0.47864917007706054,20023978496,12143104.0,1432581.5810791496,868.7577811274407,102,0,0,0,0,0,0.7552061526324365,0.038955399669176195,0.03756736428298374,4d6e142ab099cabe701f5796b01da0bda2b02e939d8c32977c858138e9980f4b
memory-fragmented-02,memory-fragmented,capacity_exploratory,FLEX_FREE_NO_ALT,SHARED_NIC,64,PASS,65,1105,52096.201826841025,21.21075935003541,26020.523338890926,26377.71111451724,66.22859999999999,0.32026585719818046,13418129920,12143104.0,959977.3481458221,868.7577811274408,102,0,0,0,0,0,0.5053111150181833,0.026065196071556634,0.025136456672073784,4d6e142ab099cabe701f5796b01da0bda2b02e939d8c32977c858138e9980f4b
memory-fragmented-02,memory-fragmented,capacity_exploratory,FLEX_FREE_NO_ALT,SHARED_NIC,128,PASS,129,2193,103441.07840206634,21.200475032520472,51800.918517671,52044.0666319749,66.22859999999999,0.32011057205679233,26629827072,12143104.0,1905185.8140124772,868.7577811274406,102,0,0,0,0,0,0.5050661082334215,0.02605255801612143,0.02512426892823352,4d6e142ab099cabe701f5796b01da0bda2b02e939d8c32977c858138e9980f4b
memory-fragmented-02,memory-fragmented,capacity_exploratory,FLEX_POOL,LEGACY_DIRECTED_LINK,1,PASS,128,2176,877440.6728575939,2.4799397467105546,6855.005256702891,6855.005256719014,66.22859999999999,0.0374451482699401,26423394304,12143104.0,1885286.009066643,866.3998203431264,102,12,16,31444697088,34374384104,0,0.0590804458203485,0.0030475153989972196,0.002938928162062216,fb75567786c40178cea32e6a400e2c8cce18f86fe72d5ea131a52536568e2080
memory-fragmented-02,memory-fragmented,capacity_exploratory,FLEX_POOL,LEGACY_DIRECTED_LINK,8,PASS,121,2057,877440.6728572603,2.3443180418132123,54840.04205348046,54840.04205375211,66.22859999999999,0.03539736672394121,24978364928,12143104.0,1782184.430445811,866.3998203431264,102,12,16,31444697088,34374384104,0,0.05584948393956944,0.002880854400615653,0.0027782055282004935,fb75567786c40178cea32e6a400e2c8cce18f86fe72d5ea131a52536568e2080
memory-fragmented-02,memory-fragmented,capacity_exploratory,FLEX_POOL,LEGACY_DIRECTED_LINK,32,PASS,97,1649,877440.6728562173,1.8793293393070407,219360.16821389121,219360.16821413438,66.22859999999999,0.028376401423358507,20023978496,12143104.0,1428693.3037458158,866.3998203431266,102,12,16,31444697088,34374384104,0,0.04477190034830317,0.002309445263306199,0.0022271564978162636,fb75567786c40178cea32e6a400e2c8cce18f86fe72d5ea131a52536568e2080
memory-fragmented-02,memory-fragmented,capacity_exploratory,FLEX_POOL,LEGACY_DIRECTED_LINK,64,PASS,65,1105,877440.672856307,1.2593444026283005,438720.33642825484,438720.33642825484,66.22859999999999,0.019015114355856847,13418129920,12143104.0,957371.8014791554,866.3998203431271,102,12,16,31444697088,34374384104,0,0.03000178889318982,0.0015475664135555438,0.0014924244572994071,fb75567786c40178cea32e6a400e2c8cce18f86fe72d5ea131a52536568e2080
memory-fragmented-02,memory-fragmented,capacity_exploratory,FLEX_POOL,LEGACY_DIRECTED_LINK,128,PASS,129,2193,1754881.3457075357,1.2496571379963144,877440.6728531122,877440.6728542537,66.22859999999999,0.01886884424548178,26629827072,12143104.0,1900014.806012476,866.3998203431264,102,12,16,31444697088,34374384104,0,0.0297710059017898,0.0015356620565326387,0.0014809442691706212,fb75567786c40178cea32e6a400e2c8cce18f86fe72d5ea131a52536568e2080
memory-fragmented-02,memory-fragmented,capacity_exploratory,FLEX_POOL,SHARED_NIC,1,PASS,128,2176,258901.55166530353,8.40473912189231,2022.6683723847382,2022.668372386459,66.22859999999999,0.12690497944833973,26438139904,12149880.470588235,1887299.0906666496,867.3249497548941,102,12,16,31444697088,34374384104,0,0.20022895112018924,0.010328304118072052,0.009960292193743501,fb75567786c40178cea32e6a400e2c8cce18f86fe72d5ea131a52536568e2080
memory-fragmented-02,memory-fragmented,capacity_exploratory,FLEX_POOL,SHARED_NIC,8,PASS,121,2057,54097.55247697393,38.02390137475334,3381.8675773059294,3542.0290373392418,66.22859999999999,0.5741311363180461,24993513728,12150468.511424404,1788165.4352958135,869.3074551754077,102,12,16,31444697088,34374384104,0,0.9058563007545466,0.046726306606124576,0.045061382934793365,fb75567786c40178cea32e6a400e2c8cce18f86fe72d5ea131a52536568e2080
memory-fragmented-02,memory-fragmented,capacity_exploratory,FLEX_POOL,SHARED_NIC,32,PASS,97,1649,51901.10605222396,31.771962592487764,12932.243228071675,13091.761391813618,66.22859999999999,0.4797317562576858,20036276096,12150561.610673135,1433388.1315541505,869.2468960304127,102,12,16,31444697088,34374384104,0,0.7569142423889307,0.039043507159962805,0.03765233238061719,fb75567786c40178cea32e6a400e2c8cce18f86fe72d5ea131a52536568e2080
memory-fragmented-02,memory-fragmented,capacity_exploratory,FLEX_POOL,SHARED_NIC,64,PASS,65,1105,51554.64384944846,21.433568685429325,25855.70424757233,26060.803945009513,66.22859999999999,0.32363010369280537,13425041920,12149359.20361991,960683.7661374892,869.3970734275921,102,12,16,31444697088,34374384104,0,0.5106191773956941,0.026338999046630503,0.025400503664113856,fb75567786c40178cea32e6a400e2c8cce18f86fe72d5ea131a52536568e2080
memory-fragmented-02,memory-fragmented,capacity_exploratory,FLEX_POOL,SHARED_NIC,128,PASS,129,2193,103748.72356836475,21.13760945265927,51852.96699813682,52028.137072598896,66.22859999999999,0.31916135102749077,26648230272,12151495.792065663,1906102.0344958114,869.1755743254954,102,12,16,31444697088,34374384104,0,0.5035684401993972,0.025975304597788174,0.025049768157267803,fb75567786c40178cea32e6a400e2c8cce18f86fe72d5ea131a52536568e2080
memory-fragmented-02,memory-fragmented,capacity_exploratory,FLEX_POOL_NO_ALT,SHARED_NIC,1,PASS,128,2176,266987.7730890922,8.150185961039803,2085.841977259399,2085.8419772597845,66.22859999999999,0.1230614260461463,26423394304,12143104.0,1890416.9317333107,868.7577811274406,102,0,0,0,0,0,0.1941646448207748,0.010015492212625394,0.009658626214090688,4d6e142ab099cabe701f5796b01da0bda2b02e939d8c32977c858138e9980f4b
memory-fragmented-02,memory-fragmented,capacity_exploratory,FLEX_POOL_NO_ALT,SHARED_NIC,8,PASS,121,2057,56173.2014913712,36.61888490218912,3516.0911523590403,3679.37078866559,66.22859999999999,0.5529164877739999,24978364928,12143104.0,1787034.7557791453,868.7577811274406,102,0,0,0,0,0,0.8723841167250223,0.044999728635162294,0.04339632535230273,4d6e142ab099cabe701f5796b01da0bda2b02e939d8c32977c858138e9980f4b
memory-fragmented-02,memory-fragmented,capacity_exploratory,FLEX_POOL_NO_ALT,SHARED_NIC,32,PASS,97,1649,52018.49353283373,31.700264425365607,12935.318973470094,13172.644511593864,66.22859999999999,0.47864917007706054,20023978496,12143104.0,1432581.5810791496,868.7577811274407,102,0,0,0,0,0,0.7552061526324365,0.038955399669176195,0.03756736428298374,4d6e142ab099cabe701f5796b01da0bda2b02e939d8c32977c858138e9980f4b
memory-fragmented-02,memory-fragmented,capacity_exploratory,FLEX_POOL_NO_ALT,SHARED_NIC,64,PASS,65,1105,52096.201826841025,21.21075935003541,26020.523338890926,26377.71111451724,66.22859999999999,0.32026585719818046,13418129920,12143104.0,959977.3481458221,868.7577811274408,102,0,0,0,0,0,0.5053111150181833,0.026065196071556634,0.025136456672073784,4d6e142ab099cabe701f5796b01da0bda2b02e939d8c32977c858138e9980f4b
memory-fragmented-02,memory-fragmented,capacity_exploratory,FLEX_POOL_NO_ALT,SHARED_NIC,128,PASS,129,2193,103441.07840206634,21.200475032520472,51800.918517671,52044.0666319749,66.22859999999999,0.32011057205679233,26629827072,12143104.0,1905185.8140124772,868.7577811274406,102,0,0,0,0,0,0.5050661082334215,0.02605255801612143,0.02512426892823352,4d6e142ab099cabe701f5796b01da0bda2b02e939d8c32977c858138e9980f4b
memory-fragmented-02,memory-fragmented,capacity_exploratory,U_STRONG,LEGACY_DIRECTED_LINK,1,PASS,128,2176,879583.5826389513,2.473897925051652,6871.746739369584,6871.746739385708,66.22859999999999,0.03735392149391128,26423394304,12143104.0,1890416.9317333107,868.7577811274406,102,0,0,0,0,0,0.05893650945348779,0.0030400908054892834,0.0029317681172074737,4d6e142ab099cabe701f5796b01da0bda2b02e939d8c32977c858138e9980f4b
memory-fragmented-02,memory-fragmented,capacity_exploratory,U_STRONG,LEGACY_DIRECTED_LINK,8,PASS,121,2057,879583.5826386252,2.338606632276257,54973.97391481261,54973.97391508566,66.22859999999999,0.035311128912226104,24978364928,12143104.0,1787034.7557791453,868.7577811274406,102,0,0,0,0,0,0.05571341909277085,0.002873835839565152,0.0027714370482987164,4d6e142ab099cabe701f5796b01da0bda2b02e939d8c32977c858138e9980f4b
memory-fragmented-02,memory-fragmented,capacity_exploratory,U_STRONG,LEGACY_DIRECTED_LINK,32,PASS,97,1649,879583.5826376309,1.8747507713310194,219895.8956592516,219895.89565949995,66.22859999999999,0.028307268632147137,20023978496,12143104.0,1432581.5810791496,868.7577811274407,102,0,0,0,0,0,0.044662823570288335,0.002303818813538301,0.00222173052632462,4d6e142ab099cabe701f5796b01da0bda2b02e939d8c32977c858138e9980f4b
memory-fragmented-02,memory-fragmented,capacity_exploratory,U_STRONG,LEGACY_DIRECTED_LINK,64,PASS,65,1105,879583.5826377613,1.2562762900669917,439791.79131898284,439791.79131898284,66.22859999999999,0.018968788258652485,13418129920,12143104.0,959977.3481458221,868.7577811274408,102,0,0,0,0,0,0.029928696206889854,0.0015437961121646138,0.0014887884970214336,4d6e142ab099cabe701f5796b01da0bda2b02e939d8c32977c858138e9980f4b
memory-fragmented-02,memory-fragmented,capacity_exploratory,U_STRONG,LEGACY_DIRECTED_LINK,128,PASS,129,2193,1759167.1652700517,1.2466126263011226,879583.5826343298,879583.58263554,66.22859999999999,0.018822874502875234,26629827072,12143104.0,1905185.8140124772,868.7577811274406,102,0,0,0,0,0,0.02969847546692912,0.0015319207574604208,0.0014773362778181718,4d6e142ab099cabe701f5796b01da0bda2b02e939d8c32977c858138e9980f4b
memory-fragmented-02,memory-fragmented,capacity_exploratory,U_STRONG,SHARED_NIC,1,PASS,128,2176,266987.7730890922,8.150185961039803,2085.841977259399,2085.8419772597845,66.22859999999999,0.1230614260461463,26423394304,12143104.0,1890416.9317333107,868.7577811274406,102,0,0,0,0,0,0.1941646448207748,0.010015492212625394,0.009658626214090688,4d6e142ab099cabe701f5796b01da0bda2b02e939d8c32977c858138e9980f4b
memory-fragmented-02,memory-fragmented,capacity_exploratory,U_STRONG,SHARED_NIC,8,PASS,121,2057,56173.2014913712,36.61888490218912,3516.0911523590403,3679.37078866559,66.22859999999999,0.5529164877739999,24978364928,12143104.0,1787034.7557791453,868.7577811274406,102,0,0,0,0,0,0.8723841167250223,0.044999728635162294,0.04339632535230273,4d6e142ab099cabe701f5796b01da0bda2b02e939d8c32977c858138e9980f4b
memory-fragmented-02,memory-fragmented,capacity_exploratory,U_STRONG,SHARED_NIC,32,PASS,97,1649,52018.49353283373,31.700264425365607,12935.318973470094,13172.644511593864,66.22859999999999,0.47864917007706054,20023978496,12143104.0,1432581.5810791496,868.7577811274407,102,0,0,0,0,0,0.7552061526324365,0.038955399669176195,0.03756736428298374,4d6e142ab099cabe701f5796b01da0bda2b02e939d8c32977c858138e9980f4b
memory-fragmented-02,memory-fragmented,capacity_exploratory,U_STRONG,SHARED_NIC,64,PASS,65,1105,52096.201826841025,21.21075935003541,26020.523338890926,26377.71111451724,66.22859999999999,0.32026585719818046,13418129920,12143104.0,959977.3481458221,868.7577811274408,102,0,0,0,0,0,0.5053111150181833,0.026065196071556634,0.025136456672073784,4d6e142ab099cabe701f5796b01da0bda2b02e939d8c32977c858138e9980f4b
memory-fragmented-02,memory-fragmented,capacity_exploratory,U_STRONG,SHARED_NIC,128,PASS,129,2193,103441.07840206634,21.200475032520472,51800.918517671,52044.0666319749,66.22859999999999,0.32011057205679233,26629827072,12143104.0,1905185.8140124772,868.7577811274406,102,0,0,0,0,0,0.5050661082334215,0.02605255801612143,0.02512426892823352,4d6e142ab099cabe701f5796b01da0bda2b02e939d8c32977c858138e9980f4b
memory-fragmented-03,memory-fragmented,headline,FLEX_FREE,SHARED_NIC,1,PASS,128,2176,177380.5485397059,12.267410479412918,1385.7855354669155,1385.7855354669373,49.36099999999998,0.2485243507913722,7059013632,3244032.0,638092.7568000051,293.2411566176494,49,0,0,0,0,0,0.17626313289363515,0.006566453298227751,0.008988105706997089,68663b7f3e438fa8fc2d46c659a3d0654b2b66d7e94825484ba169ae527c25c0
memory-fragmented-03,memory-fragmented,headline,FLEX_FREE,SHARED_NIC,8,PASS,121,2057,31259.22019785733,65.80458459872257,1954.9960806871532,2098.8717288195476,49.36099999999998,1.3331290816377828,6672973824,3244032.0,603197.0591625045,293.24115661764927,49,0,0,0,0,0,0.9455069804340794,0.03522363030909748,0.04821380709245302,68663b7f3e438fa8fc2d46c659a3d0654b2b66d7e94825484ba169ae527c25c0
memory-fragmented-03,memory-fragmented,headline,FLEX_FREE,SHARED_NIC,32,PASS,97,1649,31297.894163840316,52.687250821659255,7809.476819455165,7968.492425480552,49.36099999999998,1.0673862122254265,5349408768,3244032.0,483554.66726250295,293.24115661764887,49,0,0,0,0,0,0.7570318046309347,0.02820223326781466,0.0386029782398547,68663b7f3e438fa8fc2d46c659a3d0654b2b66d7e94825484ba169ae527c25c0
memory-fragmented-03,memory-fragmented,headline,FLEX_FREE,SHARED_NIC,64,PASS,65,1105,31247.595525560275,35.3627209202743,15712.492134216736,15792.191869454115,49.36099999999998,0.7164101399946174,3584655360,3244032.0,324031.4780625021,293.241156617649,49,0,0,0,0,0,0.5081059272868743,0.018928824123960956,0.025909614278568874,68663b7f3e438fa8fc2d46c659a3d0654b2b66d7e94825484ba169ae527c25c0
memory-fragmented-03,memory-fragmented,headline,FLEX_FREE,SHARED_NIC,128,PASS,129,2193,62542.54619897967,35.064130472445925,31241.819906939796,31452.232400125307,49.36099999999998,0.7103610233270383,7114162176,3244032.0,643077.8564625052,293.24115661764944,49,0,0,0,0,0,0.5038156585398843,0.018768995753152596,0.025690842557129823,68663b7f3e438fa8fc2d46c659a3d0654b2b66d7e94825484ba169ae527c25c0
memory-fragmented-03,memory-fragmented,headline,FLEX_FREE_NO_ALT,SHARED_NIC,1,PASS,128,2176,177380.5485397059,12.267410479412918,1385.7855354669155,1385.7855354669373,49.36099999999998,0.2485243507913722,7059013632,3244032.0,638092.7568000051,293.2411566176494,49,0,0,0,0,0,0.17626313289363515,0.006566453298227751,0.008988105706997089,68663b7f3e438fa8fc2d46c659a3d0654b2b66d7e94825484ba169ae527c25c0
memory-fragmented-03,memory-fragmented,headline,FLEX_FREE_NO_ALT,SHARED_NIC,8,PASS,121,2057,31259.22019785733,65.80458459872257,1954.9960806871532,2098.8717288195476,49.36099999999998,1.3331290816377828,6672973824,3244032.0,603197.0591625045,293.24115661764927,49,0,0,0,0,0,0.9455069804340794,0.03522363030909748,0.04821380709245302,68663b7f3e438fa8fc2d46c659a3d0654b2b66d7e94825484ba169ae527c25c0
memory-fragmented-03,memory-fragmented,headline,FLEX_FREE_NO_ALT,SHARED_NIC,32,PASS,97,1649,31297.894163840316,52.687250821659255,7809.476819455165,7968.492425480552,49.36099999999998,1.0673862122254265,5349408768,3244032.0,483554.66726250295,293.24115661764887,49,0,0,0,0,0,0.7570318046309347,0.02820223326781466,0.0386029782398547,68663b7f3e438fa8fc2d46c659a3d0654b2b66d7e94825484ba169ae527c25c0
memory-fragmented-03,memory-fragmented,headline,FLEX_FREE_NO_ALT,SHARED_NIC,64,PASS,65,1105,31247.595525560275,35.3627209202743,15712.492134216736,15792.191869454115,49.36099999999998,0.7164101399946174,3584655360,3244032.0,324031.4780625021,293.241156617649,49,0,0,0,0,0,0.5081059272868743,0.018928824123960956,0.025909614278568874,68663b7f3e438fa8fc2d46c659a3d0654b2b66d7e94825484ba169ae527c25c0
memory-fragmented-03,memory-fragmented,headline,FLEX_FREE_NO_ALT,SHARED_NIC,128,PASS,129,2193,62542.54619897967,35.064130472445925,31241.819906939796,31452.232400125307,49.36099999999998,0.7103610233270383,7114162176,3244032.0,643077.8564625052,293.24115661764944,49,0,0,0,0,0,0.5038156585398843,0.018768995753152596,0.025690842557129823,68663b7f3e438fa8fc2d46c659a3d0654b2b66d7e94825484ba169ae527c25c0
memory-fragmented-03,memory-fragmented,headline,FLEX_POOL,LEGACY_DIRECTED_LINK,1,PASS,128,2176,438712.4957741968,4.959968136216427,3427.4413732334397,3427.4413732404937,49.36099999999998,0.1004835423961514,7059013632,3244032.0,638092.7568000051,293.2411566176494,49,0,0,0,0,0,0.07126683534469544,0.0026549530711327094,0.0036340772966279742,68663b7f3e438fa8fc2d46c659a3d0654b2b66d7e94825484ba169ae527c25c0
memory-fragmented-03,memory-fragmented,headline,FLEX_POOL,LEGACY_DIRECTED_LINK,8,PASS,121,2057,438712.4957742969,4.688719878766021,27419.530985919642,27419.53098592395,49.36099999999998,0.09498834867134018,6672973824,3244032.0,603197.0591625045,293.24115661764927,49,0,0,0,0,0,0.06736943028676702,0.0025097603250545664,0.003435338694467848,68663b7f3e438fa8fc2d46c659a3d0654b2b66d7e94825484ba169ae527c25c0
memory-fragmented-03,memory-fragmented,headline,FLEX_POOL,LEGACY_DIRECTED_LINK,32,PASS,97,1649,438712.4957736469,3.758725853231222,109678.12394366955,109678.1239436958,49.36099999999998,0.07614768447217891,5349408768,3244032.0,483554.66726250295,293.24115661764887,49,0,0,0,0,0,0.054006898659719645,0.002011956624220278,0.0027539492013543376,68663b7f3e438fa8fc2d46c659a3d0654b2b66d7e94825484ba169ae527c25c0
memory-fragmented-03,memory-fragmented,headline,FLEX_POOL,LEGACY_DIRECTED_LINK,64,PASS,65,1105,438712.4957720674,2.5187338191846296,219356.24788570404,219356.247886279,49.36099999999998,0.0510267988732933,3584655360,3244032.0,324031.4780625021,293.241156617649,49,0,0,0,0,0,0.03619018982365369,0.001348218356441123,0.0018454298772028481,68663b7f3e438fa8fc2d46c659a3d0654b2b66d7e94825484ba169ae527c25c0
memory-fragmented-03,memory-fragmented,headline,FLEX_POOL,LEGACY_DIRECTED_LINK,128,PASS,129,2193,877424.9915448802,2.499358943650317,438712.4957726896,438712.4957726896,49.36099999999998,0.050634285035763414,7114162176,3244032.0,643077.8564625052,293.24115661764944,49,0,0,0,0,0,0.03591180374805674,0.0013378474460058237,0.001831234262761273,68663b7f3e438fa8fc2d46c659a3d0654b2b66d7e94825484ba169ae527c25c0
memory-fragmented-03,memory-fragmented,headline,FLEX_POOL,SHARED_NIC,1,PASS,128,2176,177380.5485397059,12.267410479412918,1385.7855354669155,1385.7855354669373,49.36099999999998,0.2485243507913722,7059013632,3244032.0,638092.7568000051,293.2411566176494,49,0,0,0,0,0,0.17626313289363515,0.006566453298227751,0.008988105706997089,68663b7f3e438fa8fc2d46c659a3d0654b2b66d7e94825484ba169ae527c25c0
memory-fragmented-03,memory-fragmented,headline,FLEX_POOL,SHARED_NIC,8,PASS,121,2057,31259.22019785733,65.80458459872257,1954.9960806871532,2098.8717288195476,49.36099999999998,1.3331290816377828,6672973824,3244032.0,603197.0591625045,293.24115661764927,49,0,0,0,0,0,0.9455069804340794,0.03522363030909748,0.04821380709245302,68663b7f3e438fa8fc2d46c659a3d0654b2b66d7e94825484ba169ae527c25c0
memory-fragmented-03,memory-fragmented,headline,FLEX_POOL,SHARED_NIC,32,PASS,97,1649,31297.894163840316,52.687250821659255,7809.476819455165,7968.492425480552,49.36099999999998,1.0673862122254265,5349408768,3244032.0,483554.66726250295,293.24115661764887,49,0,0,0,0,0,0.7570318046309347,0.02820223326781466,0.0386029782398547,68663b7f3e438fa8fc2d46c659a3d0654b2b66d7e94825484ba169ae527c25c0
memory-fragmented-03,memory-fragmented,headline,FLEX_POOL,SHARED_NIC,64,PASS,65,1105,31247.595525560275,35.3627209202743,15712.492134216736,15792.191869454115,49.36099999999998,0.7164101399946174,3584655360,3244032.0,324031.4780625021,293.241156617649,49,0,0,0,0,0,0.5081059272868743,0.018928824123960956,0.025909614278568874,68663b7f3e438fa8fc2d46c659a3d0654b2b66d7e94825484ba169ae527c25c0
memory-fragmented-03,memory-fragmented,headline,FLEX_POOL,SHARED_NIC,128,PASS,129,2193,62542.54619897967,35.064130472445925,31241.819906939796,31452.232400125307,49.36099999999998,0.7103610233270383,7114162176,3244032.0,643077.8564625052,293.24115661764944,49,0,0,0,0,0,0.5038156585398843,0.018768995753152596,0.025690842557129823,68663b7f3e438fa8fc2d46c659a3d0654b2b66d7e94825484ba169ae527c25c0
memory-fragmented-03,memory-fragmented,headline,FLEX_POOL_NO_ALT,SHARED_NIC,1,PASS,128,2176,177380.5485397059,12.267410479412918,1385.7855354669155,1385.7855354669373,49.36099999999998,0.2485243507913722,7059013632,3244032.0,638092.7568000051,293.2411566176494,49,0,0,0,0,0,0.17626313289363515,0.006566453298227751,0.008988105706997089,68663b7f3e438fa8fc2d46c659a3d0654b2b66d7e94825484ba169ae527c25c0
memory-fragmented-03,memory-fragmented,headline,FLEX_POOL_NO_ALT,SHARED_NIC,8,PASS,121,2057,31259.22019785733,65.80458459872257,1954.9960806871532,2098.8717288195476,49.36099999999998,1.3331290816377828,6672973824,3244032.0,603197.0591625045,293.24115661764927,49,0,0,0,0,0,0.9455069804340794,0.03522363030909748,0.04821380709245302,68663b7f3e438fa8fc2d46c659a3d0654b2b66d7e94825484ba169ae527c25c0
memory-fragmented-03,memory-fragmented,headline,FLEX_POOL_NO_ALT,SHARED_NIC,32,PASS,97,1649,31297.894163840316,52.687250821659255,7809.476819455165,7968.492425480552,49.36099999999998,1.0673862122254265,5349408768,3244032.0,483554.66726250295,293.24115661764887,49,0,0,0,0,0,0.7570318046309347,0.02820223326781466,0.0386029782398547,68663b7f3e438fa8fc2d46c659a3d0654b2b66d7e94825484ba169ae527c25c0
memory-fragmented-03,memory-fragmented,headline,FLEX_POOL_NO_ALT,SHARED_NIC,64,PASS,65,1105,31247.595525560275,35.3627209202743,15712.492134216736,15792.191869454115,49.36099999999998,0.7164101399946174,3584655360,3244032.0,324031.4780625021,293.241156617649,49,0,0,0,0,0,0.5081059272868743,0.018928824123960956,0.025909614278568874,68663b7f3e438fa8fc2d46c659a3d0654b2b66d7e94825484ba169ae527c25c0
memory-fragmented-03,memory-fragmented,headline,FLEX_POOL_NO_ALT,SHARED_NIC,128,PASS,129,2193,62542.54619897967,35.064130472445925,31241.819906939796,31452.232400125307,49.36099999999998,0.7103610233270383,7114162176,3244032.0,643077.8564625052,293.24115661764944,49,0,0,0,0,0,0.5038156585398843,0.018768995753152596,0.025690842557129823,68663b7f3e438fa8fc2d46c659a3d0654b2b66d7e94825484ba169ae527c25c0
memory-fragmented-03,memory-fragmented,headline,U_STRONG,LEGACY_DIRECTED_LINK,1,PASS,128,2176,438712.4957741968,4.959968136216427,3427.4413732334397,3427.4413732404937,49.36099999999998,0.1004835423961514,7059013632,3244032.0,638092.7568000051,293.2411566176494,49,0,0,0,0,0,0.07126683534469544,0.0026549530711327094,0.0036340772966279742,68663b7f3e438fa8fc2d46c659a3d0654b2b66d7e94825484ba169ae527c25c0
memory-fragmented-03,memory-fragmented,headline,U_STRONG,LEGACY_DIRECTED_LINK,8,PASS,121,2057,438712.4957742969,4.688719878766021,27419.530985919642,27419.53098592395,49.36099999999998,0.09498834867134018,6672973824,3244032.0,603197.0591625045,293.24115661764927,49,0,0,0,0,0,0.06736943028676702,0.0025097603250545664,0.003435338694467848,68663b7f3e438fa8fc2d46c659a3d0654b2b66d7e94825484ba169ae527c25c0
memory-fragmented-03,memory-fragmented,headline,U_STRONG,LEGACY_DIRECTED_LINK,32,PASS,97,1649,438712.4957736469,3.758725853231222,109678.12394366955,109678.1239436958,49.36099999999998,0.07614768447217891,5349408768,3244032.0,483554.66726250295,293.24115661764887,49,0,0,0,0,0,0.054006898659719645,0.002011956624220278,0.0027539492013543376,68663b7f3e438fa8fc2d46c659a3d0654b2b66d7e94825484ba169ae527c25c0
memory-fragmented-03,memory-fragmented,headline,U_STRONG,LEGACY_DIRECTED_LINK,64,PASS,65,1105,438712.4957720674,2.5187338191846296,219356.24788570404,219356.247886279,49.36099999999998,0.0510267988732933,3584655360,3244032.0,324031.4780625021,293.241156617649,49,0,0,0,0,0,0.03619018982365369,0.001348218356441123,0.0018454298772028481,68663b7f3e438fa8fc2d46c659a3d0654b2b66d7e94825484ba169ae527c25c0
memory-fragmented-03,memory-fragmented,headline,U_STRONG,LEGACY_DIRECTED_LINK,128,PASS,129,2193,877424.9915448802,2.499358943650317,438712.4957726896,438712.4957726896,49.36099999999998,0.050634285035763414,7114162176,3244032.0,643077.8564625052,293.24115661764944,49,0,0,0,0,0,0.03591180374805674,0.0013378474460058237,0.001831234262761273,68663b7f3e438fa8fc2d46c659a3d0654b2b66d7e94825484ba169ae527c25c0
memory-fragmented-03,memory-fragmented,headline,U_STRONG,SHARED_NIC,1,PASS,128,2176,177380.5485397059,12.267410479412918,1385.7855354669155,1385.7855354669373,49.36099999999998,0.2485243507913722,7059013632,3244032.0,638092.7568000051,293.2411566176494,49,0,0,0,0,0,0.17626313289363515,0.006566453298227751,0.008988105706997089,68663b7f3e438fa8fc2d46c659a3d0654b2b66d7e94825484ba169ae527c25c0
memory-fragmented-03,memory-fragmented,headline,U_STRONG,SHARED_NIC,8,PASS,121,2057,31259.22019785733,65.80458459872257,1954.9960806871532,2098.8717288195476,49.36099999999998,1.3331290816377828,6672973824,3244032.0,603197.0591625045,293.24115661764927,49,0,0,0,0,0,0.9455069804340794,0.03522363030909748,0.04821380709245302,68663b7f3e438fa8fc2d46c659a3d0654b2b66d7e94825484ba169ae527c25c0
memory-fragmented-03,memory-fragmented,headline,U_STRONG,SHARED_NIC,32,PASS,97,1649,31297.894163840316,52.687250821659255,7809.476819455165,7968.492425480552,49.36099999999998,1.0673862122254265,5349408768,3244032.0,483554.66726250295,293.24115661764887,49,0,0,0,0,0,0.7570318046309347,0.02820223326781466,0.0386029782398547,68663b7f3e438fa8fc2d46c659a3d0654b2b66d7e94825484ba169ae527c25c0
memory-fragmented-03,memory-fragmented,headline,U_STRONG,SHARED_NIC,64,PASS,65,1105,31247.595525560275,35.3627209202743,15712.492134216736,15792.191869454115,49.36099999999998,0.7164101399946174,3584655360,3244032.0,324031.4780625021,293.241156617649,49,0,0,0,0,0,0.5081059272868743,0.018928824123960956,0.025909614278568874,68663b7f3e438fa8fc2d46c659a3d0654b2b66d7e94825484ba169ae527c25c0
memory-fragmented-03,memory-fragmented,headline,U_STRONG,SHARED_NIC,128,PASS,129,2193,62542.54619897967,35.064130472445925,31241.819906939796,31452.232400125307,49.36099999999998,0.7103610233270383,7114162176,3244032.0,643077.8564625052,293.24115661764944,49,0,0,0,0,0,0.5038156585398843,0.018768995753152596,0.025690842557129823,68663b7f3e438fa8fc2d46c659a3d0654b2b66d7e94825484ba169ae527c25c0
memory-fragmented-04,memory-fragmented,capacity_exploratory,FLEX_FREE,SHARED_NIC,1,PASS,128,2176,290903.29034568963,7.480149149960421,2272.6819558261195,2272.6819558311254,69.2963,0.10794442343906414,26862075904,12344704.0,2291367.2288000532,1053.018027941201,106,14,18,35375284224,38771322755,0,0.17820213058343404,0.010108930385577431,0.010536585261574765,8e2b809a3d975844b660b54cc204d6b50fd8987f7a586e074dd3fef81b3a8c18
memory-fragmented-04,memory-fragmented,capacity_exploratory,FLEX_FREE,SHARED_NIC,8,PASS,121,2057,60256.71560557611,34.137273817984976,3760.7249524190047,3944.49845355226,69.2963,0.4926276557043446,25420473728,12358032.925619835,2169242.4691250483,1054.5661006927799,106,14,18,35375284224,38771322755,0,0.8132638540646201,0.04613428391080026,0.04860051704857611,8e2b809a3d975844b660b54cc204d6b50fd8987f7a586e074dd3fef81b3a8c18
memory-fragmented-04,memory-fragmented,capacity_exploratory,FLEX_FREE,SHARED_NIC,32,PASS,97,1649,52247.7006013159,31.56119754595418,12989.850281749677,13204.525520582993,69.2963,0.4554528531242531,20382970496,12360806.85021225,1738958.8905000396,1054.5536024863793,106,14,18,35375284224,38771322755,0,0.7518931151905511,0.04265288598947212,0.04508527858354546,8e2b809a3d975844b660b54cc204d6b50fd8987f7a586e074dd3fef81b3a8c18
memory-fragmented-04,memory-fragmented,capacity_exploratory,FLEX_FREE,SHARED_NIC,64,PASS,65,1105,51833.47614723295,21.318269237070812,26015.88332687682,26168.769962995695,69.2963,0.30763935790324753,13660280320,12362244.633484162,1165427.3634333592,1054.6853967722707,106,14,18,35375284224,38771322755,0,0.5078723595260678,0.028810240990941517,0.030490043942853897,8e2b809a3d975844b660b54cc204d6b50fd8987f7a586e074dd3fef81b3a8c18
memory-fragmented-04,memory-fragmented,capacity_exploratory,FLEX_FREE,SHARED_NIC,128,PASS,129,2193,103529.1406425469,21.182441836079075,51667.65541021002,51876.94474602751,69.2963,0.30567926189535477,27107878272,12361093.603283174,2312787.97435005,1054.6228793205883,106,14,18,35375284224,38771322755,0,0.504636497277455,0.028626679177727272,0.03027249939397257,8e2b809a3d975844b660b54cc204d6b50fd8987f7a586e074dd3fef81b3a8c18
memory-fragmented-04,memory-fragmented,capacity_exploratory,FLEX_FREE_NO_ALT,SHARED_NIC,1,PASS,128,2176,290903.29034568963,7.480149149960421,2272.6819558261195,2272.6819558311254,69.2963,0.10794442343906414,26862075904,12344704.0,2291367.2288000532,1053.018027941201,106,0,0,0,0,0,0.17820213058343404,0.010108930385577431,0.010536585261574765,0da2f5b96631e160b3a7b7bfcfb7fa4468822552790f7bf4a0d132fadeeecd8e
memory-fragmented-04,memory-fragmented,capacity_exploratory,FLEX_FREE_NO_ALT,SHARED_NIC,8,PASS,121,2057,61457.418894415736,33.47032851369726,3847.7486929789447,4012.6395304323596,69.2963,0.48300311147488767,25393056128,12344704.0,2166058.08347505,1053.018027941201,106,0,0,0,0,0,0.7973749898422648,0.04523295112760731,0.04714651580434787,0da2f5b96631e160b3a7b7bfcfb7fa4468822552790f7bf4a0d132fadeeecd8e
memory-fragmented-04,memory-fragmented,capacity_exploratory,FLEX_FREE_NO_ALT,SHARED_NIC,32,PASS,97,1649,53599.27185145453,30.765343316044525,13288.8056858294,13609.96512746325,69.2963,0.4439680519168343,20356416896,12344704.0,1736426.728075039,1053.0180279412002,106,0,0,0,0,0,0.7329332099051746,0.04157734125821945,0.04333625659761586,0da2f5b96631e160b3a7b7bfcfb7fa4468822552790f7bf4a0d132fadeeecd8e
memory-fragmented-04,memory-fragmented,capacity_exploratory,FLEX_FREE_NO_ALT,SHARED_NIC,64,PASS,65,1105,53133.94679636421,20.796497655913107,26767.65799554241,27022.21942086753,69.2963,0.3001097844461119,13640897920,12344704.0,1163584.9208750245,1053.0180279411986,106,0,0,0,0,0,0.4954420181550428,0.02810510096159814,0.02929407773838681,0da2f5b96631e160b3a7b7bfcfb7fa4468822552790f7bf4a0d132fadeeecd8e
memory-fragmented-04,memory-fragmented,capacity_exploratory,FLEX_FREE_NO_ALT,SHARED_NIC,128,PASS,129,2193,106748.49783013789,20.543614613571254,53132.76205975469,53516.92973132103,69.2963,0.2964604836559997,27071935872,12344704.0,2309268.5352750537,1053.018027941201,106,0,0,0,0,0,0.48941749965543646,0.02776334613566119,0.028937865090293308,0da2f5b96631e160b3a7b7bfcfb7fa4468822552790f7bf4a0d132fadeeecd8e
memory-fragmented-04,memory-fragmented,capacity_exploratory,FLEX_POOL,LEGACY_DIRECTED_LINK,1,PASS,128,2176,940299.8591266677,2.3141554035975576,7346.092649430182,7346.092649449711,69.2963,0.03339507886564733,26862075904,12344704.0,2291367.2288000532,1053.018027941201,106,14,18,35375284224,38771322755,0,0.05513090917771785,0.0031274290669056153,0.0032597338942992387,8e2b809a3d975844b660b54cc204d6b50fd8987f7a586e074dd3fef81b3a8c18
memory-fragmented-04,memory-fragmented,capacity_exploratory,FLEX_POOL,LEGACY_DIRECTED_LINK,8,PASS,121,2057,940299.8591263415,2.187600029964075,58768.74119528569,58768.741195597686,69.2963,0.0315687854901932,25393056128,12344704.0,2166058.08347505,1053.018027941201,106,14,18,35375284224,38771322755,0,0.052115937582079504,0.0029563977898102406,0.003081467196955819,8e2b809a3d975844b660b54cc204d6b50fd8987f7a586e074dd3fef81b3a8c18
memory-fragmented-04,memory-fragmented,capacity_exploratory,FLEX_POOL,LEGACY_DIRECTED_LINK,32,PASS,97,1649,940299.8591240204,1.753695891793711,235074.96478113276,235074.96478124202,69.2963,0.025307208202944617,20356416896,12344704.0,1736426.728075039,1053.0180279412002,106,14,18,35375284224,38771322755,0,0.041778892111357005,0.002370004839771088,0.0024702670917806004,8e2b809a3d975844b660b54cc204d6b50fd8987f7a586e074dd3fef81b3a8c18
memory-fragmented-04,memory-fragmented,capacity_exploratory,FLEX_POOL,LEGACY_DIRECTED_LINK,64,PASS,65,1105,940299.8591226314,1.1751570408944292,470149.92956118286,470149.9295613934,69.2963,0.016958438486534333,13640897920,12344704.0,1163584.9208750245,1053.0180279411986,106,14,18,35375284224,38771322755,0,0.027996164816930114,0.0015881475730448273,0.0016553336182059412,8e2b809a3d975844b660b54cc204d6b50fd8987f7a586e074dd3fef81b3a8c18
memory-fragmented-04,memory-fragmented,capacity_exploratory,FLEX_POOL,LEGACY_DIRECTED_LINK,128,PASS,129,2193,1880599.7182450942,1.166117371349192,940299.8591225743,940299.8591225743,69.2963,0.016827988959716347,27071935872,12344704.0,2309268.5352750537,1053.018027941201,106,14,18,35375284224,38771322755,0,0.027780809702956127,0.0015759310532523136,0.001642600282681424,8e2b809a3d975844b660b54cc204d6b50fd8987f7a586e074dd3fef81b3a8c18
memory-fragmented-04,memory-fragmented,capacity_exploratory,FLEX_POOL,SHARED_NIC,1,PASS,128,2176,290903.29034568963,7.480149149960421,2272.6819558261195,2272.6819558311254,69.2963,0.10794442343906414,26862075904,12344704.0,2291367.2288000532,1053.018027941201,106,14,18,35375284224,38771322755,0,0.17820213058343404,0.010108930385577431,0.010536585261574765,8e2b809a3d975844b660b54cc204d6b50fd8987f7a586e074dd3fef81b3a8c18
memory-fragmented-04,memory-fragmented,capacity_exploratory,FLEX_POOL,SHARED_NIC,8,PASS,121,2057,60256.71560557611,34.137273817984976,3760.7249524190047,3944.49845355226,69.2963,0.4926276557043446,25420473728,12358032.925619835,2169242.4691250483,1054.5661006927799,106,14,18,35375284224,38771322755,0,0.8132638540646201,0.04613428391080026,0.04860051704857611,8e2b809a3d975844b660b54cc204d6b50fd8987f7a586e074dd3fef81b3a8c18
memory-fragmented-04,memory-fragmented,capacity_exploratory,FLEX_POOL,SHARED_NIC,32,PASS,97,1649,52247.7006013159,31.56119754595418,12989.850281749677,13204.525520582993,69.2963,0.4554528531242531,20382970496,12360806.85021225,1738958.8905000396,1054.5536024863793,106,14,18,35375284224,38771322755,0,0.7518931151905511,0.04265288598947212,0.04508527858354546,8e2b809a3d975844b660b54cc204d6b50fd8987f7a586e074dd3fef81b3a8c18
memory-fragmented-04,memory-fragmented,capacity_exploratory,FLEX_POOL,SHARED_NIC,64,PASS,65,1105,51833.47614723295,21.318269237070812,26015.88332687682,26168.769962995695,69.2963,0.30763935790324753,13660280320,12362244.633484162,1165427.3634333592,1054.6853967722707,106,14,18,35375284224,38771322755,0,0.5078723595260678,0.028810240990941517,0.030490043942853897,8e2b809a3d975844b660b54cc204d6b50fd8987f7a586e074dd3fef81b3a8c18
memory-fragmented-04,memory-fragmented,capacity_exploratory,FLEX_POOL,SHARED_NIC,128,PASS,129,2193,103529.1406425469,21.182441836079075,51667.65541021002,51876.94474602751,69.2963,0.30567926189535477,27107878272,12361093.603283174,2312787.97435005,1054.6228793205883,106,14,18,35375284224,38771322755,0,0.504636497277455,0.028626679177727272,0.03027249939397257,8e2b809a3d975844b660b54cc204d6b50fd8987f7a586e074dd3fef81b3a8c18
memory-fragmented-04,memory-fragmented,capacity_exploratory,FLEX_POOL_NO_ALT,SHARED_NIC,1,PASS,128,2176,290903.29034568963,7.480149149960421,2272.6819558261195,2272.6819558311254,69.2963,0.10794442343906414,26862075904,12344704.0,2291367.2288000532,1053.018027941201,106,0,0,0,0,0,0.17820213058343404,0.010108930385577431,0.010536585261574765,0da2f5b96631e160b3a7b7bfcfb7fa4468822552790f7bf4a0d132fadeeecd8e
memory-fragmented-04,memory-fragmented,capacity_exploratory,FLEX_POOL_NO_ALT,SHARED_NIC,8,PASS,121,2057,61457.418894415736,33.47032851369726,3847.7486929789447,4012.6395304323596,69.2963,0.48300311147488767,25393056128,12344704.0,2166058.08347505,1053.018027941201,106,0,0,0,0,0,0.7973749898422648,0.04523295112760731,0.04714651580434787,0da2f5b96631e160b3a7b7bfcfb7fa4468822552790f7bf4a0d132fadeeecd8e
memory-fragmented-04,memory-fragmented,capacity_exploratory,FLEX_POOL_NO_ALT,SHARED_NIC,32,PASS,97,1649,53599.27185145453,30.765343316044525,13288.8056858294,13609.96512746325,69.2963,0.4439680519168343,20356416896,12344704.0,1736426.728075039,1053.0180279412002,106,0,0,0,0,0,0.7329332099051746,0.04157734125821945,0.04333625659761586,0da2f5b96631e160b3a7b7bfcfb7fa4468822552790f7bf4a0d132fadeeecd8e
memory-fragmented-04,memory-fragmented,capacity_exploratory,FLEX_POOL_NO_ALT,SHARED_NIC,64,PASS,65,1105,53133.94679636421,20.796497655913107,26767.65799554241,27022.21942086753,69.2963,0.3001097844461119,13640897920,12344704.0,1163584.9208750245,1053.0180279411986,106,0,0,0,0,0,0.4954420181550428,0.02810510096159814,0.02929407773838681,0da2f5b96631e160b3a7b7bfcfb7fa4468822552790f7bf4a0d132fadeeecd8e
memory-fragmented-04,memory-fragmented,capacity_exploratory,FLEX_POOL_NO_ALT,SHARED_NIC,128,PASS,129,2193,106748.49783013789,20.543614613571254,53132.76205975469,53516.92973132103,69.2963,0.2964604836559997,27071935872,12344704.0,2309268.5352750537,1053.018027941201,106,0,0,0,0,0,0.48941749965543646,0.02776334613566119,0.028937865090293308,0da2f5b96631e160b3a7b7bfcfb7fa4468822552790f7bf4a0d132fadeeecd8e
memory-fragmented-04,memory-fragmented,capacity_exploratory,U_STRONG,LEGACY_DIRECTED_LINK,1,PASS,128,2176,836521.8793296625,2.601246965284056,6535.327182264067,6535.327182281879,69.2963,0.037538035440334565,26423394304,12143104.0,2215702.3098666896,1018.245546813736,106,0,0,0,0,0,0.061970388837736416,0.0036655179904405166,0.003664132878456453,0edfa33322cfd5d98b7c31ce141a8a657cdbb902c94811a82997a2e6e3811553
memory-fragmented-04,memory-fragmented,capacity_exploratory,U_STRONG,LEGACY_DIRECTED_LINK,8,PASS,121,2057,836521.8793293725,2.458991271870937,52282.61745811254,52282.61745825503,69.2963,0.035485174127203575,24978364928,12143104.0,2094531.0897958563,1018.2455468137366,106,0,0,0,0,0,0.05858138319819303,0.0034650599753395022,0.0034637506116670675,0edfa33322cfd5d98b7c31ce141a8a657cdbb902c94811a82997a2e6e3811553
memory-fragmented-04,memory-fragmented,capacity_exploratory,U_STRONG,LEGACY_DIRECTED_LINK,32,PASS,97,1649,836521.8793274807,1.9712574658844653,209130.46983187273,209130.46983228135,69.2963,0.02844679248220273,20023978496,12143104.0,1679086.9066958507,1018.245546813736,106,0,0,0,0,0,0.0469619352912197,0.0027777753521379504,0.002776725696962528,0edfa33322cfd5d98b7c31ce141a8a657cdbb902c94811a82997a2e6e3811553
memory-fragmented-04,memory-fragmented,capacity_exploratory,U_STRONG,LEGACY_DIRECTED_LINK,64,PASS,65,1105,836521.8793256854,1.32094572456459,418260.9396625472,418260.9396630937,69.2963,0.019062283622135523,13418129920,12143104.0,1125161.3292291765,1018.2455468137344,106,0,0,0,0,0,0.03146933808181274,0.0018613958545294273,0.0018606924773500175,0edfa33322cfd5d98b7c31ce141a8a657cdbb902c94811a82997a2e6e3811553
memory-fragmented-04,memory-fragmented,capacity_exploratory,U_STRONG,LEGACY_DIRECTED_LINK,128,PASS,129,2193,1673043.758650693,1.310784603606932,836521.8793254374,836521.8793254495,69.2963,0.018915650671203686,26629827072,12143104.0,2233012.484162523,1018.2455468137359,106,0,0,0,0,0,0.031227266250426728,0.0018470774248799465,0.0018463794582942233,0edfa33322cfd5d98b7c31ce141a8a657cdbb902c94811a82997a2e6e3811553
memory-fragmented-04,memory-fragmented,capacity_exploratory,U_STRONG,SHARED_NIC,1,PASS,128,2176,288416.02236574097,7.544657131567434,2253.250174732806,2253.25017473771,69.2963,0.10887532424627915,26423394304,12143104.0,2215702.3098666896,1018.245546813736,106,0,0,0,0,0,0.17973892611137712,0.010631468990275532,0.010627451611246145,0edfa33322cfd5d98b7c31ce141a8a657cdbb902c94811a82997a2e6e3811553
memory-fragmented-04,memory-fragmented,capacity_exploratory,U_STRONG,SHARED_NIC,8,PASS,121,2057,62376.13460534171,32.977356051553805,3884.7223362508084,4126.12057087295,69.2963,0.4758891319096951,24978364928,12143104.0,2094531.0897958563,1018.2455468137366,106,0,0,0,0,0,0.7856307396526292,0.04646967146809643,0.04645211168554625,0edfa33322cfd5d98b7c31ce141a8a657cdbb902c94811a82997a2e6e3811553
memory-fragmented-04,memory-fragmented,capacity_exploratory,U_STRONG,SHARED_NIC,32,PASS,97,1649,57372.9606761739,28.74176233134164,14244.33970427714,14675.668370960731,69.2963,0.41476618998909953,20023978496,12143104.0,1679086.9066958507,1018.245546813736,106,0,0,0,0,0,0.6847247536761853,0.04050113207570578,0.04048582766209975,0edfa33322cfd5d98b7c31ce141a8a657cdbb902c94811a82997a2e6e3811553
memory-fragmented-04,memory-fragmented,capacity_exploratory,U_STRONG,SHARED_NIC,64,PASS,65,1105,57467.80479623663,19.228157468655606,28777.16349978189,29059.854895695993,69.2963,0.27747740454621106,13418129920,12143104.0,1125161.3292291765,1018.2455468137344,106,0,0,0,0,0,0.4580789178684144,0.027095142470136002,0.02708490386084719,0edfa33322cfd5d98b7c31ce141a8a657cdbb902c94811a82997a2e6e3811553
memory-fragmented-04,memory-fragmented,capacity_exploratory,U_STRONG,SHARED_NIC,128,PASS,129,2193,115408.46782664633,19.002071869579613,57569.672059864446,58027.17911860454,69.2963,0.2742148118958676,26629827072,12143104.0,2233012.484162523,1018.2455468137359,106,0,0,0,0,0,0.45269280394984385,0.02677655648354853,0.026766438260319495,0edfa33322cfd5d98b7c31ce141a8a657cdbb902c94811a82997a2e6e3811553
memory-fragmented-05,memory-fragmented,headline,FLEX_FREE,SHARED_NIC,1,PASS,128,2176,184412.84715176013,11.799611760287446,1440.725368373518,1440.725368373649,48.2177,0.24471535888869536,7556399104,3472609.882352941,703500.6336000062,323.2999235294146,49,2,4,7861174272,8593596026,0,0.21137831448327044,0.011814035383592882,0.011128113346198669,77ebe719dee967dfc812c0d1a44dd26da2d1dcbb3881b07f46326b06800423fb
memory-fragmented-05,memory-fragmented,headline,FLEX_FREE,SHARED_NIC,8,PASS,121,2057,38839.88765087722,52.961018283314765,2434.2373895527926,2535.300347026041,48.2177,1.0983729685014998,7116028928,3459420.966456004,664868.7881000042,323.22255133690044,49,2,4,7861174272,8593596026,0,0.9487439930627036,0.05367369437158803,0.04994708523973248,77ebe719dee967dfc812c0d1a44dd26da2d1dcbb3881b07f46326b06800423fb
memory-fragmented-05,memory-fragmented,headline,FLEX_FREE,SHARED_NIC,32,PASS,97,1649,38949.369522840425,42.3370139286338,9764.25424204778,9887.821936742337,48.2177,0.878038851472256,5704157696,3459161.7319587627,532992.3129000037,323.2215360218337,49,2,4,7861174272,8593596026,0,0.7584255165588059,0.04289310685299547,0.039927677224352344,77ebe719dee967dfc812c0d1a44dd26da2d1dcbb3881b07f46326b06800423fb
memory-fragmented-05,memory-fragmented,headline,FLEX_FREE,SHARED_NIC,64,PASS,65,1105,38969.3171280263,28.35564185971574,19496.372102142515,19600.59209606037,48.2177,0.5880753719011015,3824331520,3460933.5022624433,357171.87310000265,323.2324643438938,49,2,4,7861174272,8593596026,0,0.5079631350728412,0.028745025068822233,0.026741964314548453,77ebe719dee967dfc812c0d1a44dd26da2d1dcbb3881b07f46326b06800423fb
memory-fragmented-05,memory-fragmented,headline,FLEX_FREE,SHARED_NIC,128,PASS,129,2193,77876.22319098059,28.160071330397894,38986.311724580984,39075.064810673604,48.2177,0.5840193814802012,7588620672,3460383.343365253,708837.6220000046,323.2273698130436,49,2,4,7861174272,8593596026,0,0.5044596834602267,0.028388450952203423,0.02655752341414947,77ebe719dee967dfc812c0d1a44dd26da2d1dcbb3881b07f46326b06800423fb
memory-fragmented-05,memory-fragmented,headline,FLEX_FREE_NO_ALT,SHARED_NIC,1,PASS,128,2176,184412.84715176013,11.799611760287446,1440.725368373518,1440.725368373649,48.2177,0.24471535888869536,7560085504,3474304.0,703549.4400000032,323.32235294117794,49,0,0,0,0,0,0.21137831448327044,0.011358769380509531,0.011128113346198669,ca10706c6791494b529bd9fa8ddc08e415536e61a9c515a7994773f1358123f7
memory-fragmented-05,memory-fragmented,headline,FLEX_FREE_NO_ALT,SHARED_NIC,8,PASS,121,2057,38997.85476236387,52.74649112199817,2433.2649608660395,2529.9786094393385,48.2177,1.09392383133161,7146643328,3474304.0,665074.0800000033,323.3223529411781,49,0,0,0,0,0,0.9449009522329537,0.05077584249867517,0.049744766501161435,ca10706c6791494b529bd9fa8ddc08e415536e61a9c515a7994773f1358123f7
memory-fragmented-05,memory-fragmented,headline,FLEX_FREE_NO_ALT,SHARED_NIC,32,PASS,97,1649,39004.97947208026,42.276653450884474,9752.648285247895,9850.692320913871,48.2177,0.8767870191005476,5729127296,3474304.0,533158.5600000038,323.32235294117874,49,0,0,0,0,0,0.7573442186053427,0.040697165846126225,0.0398707517719162,ca10706c6791494b529bd9fa8ddc08e415536e61a9c515a7994773f1358123f7
memory-fragmented-05,memory-fragmented,headline,FLEX_FREE_NO_ALT,SHARED_NIC,64,PASS,65,1105,39017.121893052754,28.320899809802533,19479.906194736934,19591.07948455346,48.2177,0.587354847074882,3839105920,3474304.0,357271.2000000026,323.3223529411788,49,0,0,0,0,0,0.507340765786331,0.02726280966893672,0.02670919938319583,ca10706c6791494b529bd9fa8ddc08e415536e61a9c515a7994773f1358123f7
memory-fragmented-05,memory-fragmented,headline,FLEX_FREE_NO_ALT,SHARED_NIC,128,PASS,129,2193,77956.05839416051,28.131232455491514,38997.50780575391,39094.25801128252,48.2177,0.583421284206661,7619148672,3474304.0,709045.9200000032,323.32235294117794,49,0,0,0,0,0,0.5039430636855133,0.027080228429791055,0.02653032571686462,ca10706c6791494b529bd9fa8ddc08e415536e61a9c515a7994773f1358123f7
memory-fragmented-05,memory-fragmented,headline,FLEX_POOL,LEGACY_DIRECTED_LINK,1,PASS,128,2176,544315.7897723387,3.997679363499848,4252.467107594122,4252.46710760321,48.2177,0.08290896006030665,7560085504,3474304.0,703549.4400000032,323.32235294117794,49,2,4,7861174272,8593596026,0,0.0716144516334973,0.0038483230524620853,0.0037701773568948284,77ebe719dee967dfc812c0d1a44dd26da2d1dcbb3881b07f46326b06800423fb
memory-fragmented-05,memory-fragmented,headline,FLEX_POOL,LEGACY_DIRECTED_LINK,8,PASS,121,2057,544315.7897720314,3.7790562733105837,34019.736860768026,34019.73686082568,48.2177,0.07837487630705288,7146643328,3474304.0,665074.0800000033,323.3223529411781,49,2,4,7861174272,8593596026,0,0.06769803630982867,0.0036378678855326194,0.0035639957826916553,77ebe719dee967dfc812c0d1a44dd26da2d1dcbb3881b07f46326b06800423fb
memory-fragmented-05,memory-fragmented,headline,FLEX_POOL,LEGACY_DIRECTED_LINK,32,PASS,97,1649,544315.7897710347,3.029491392659486,136078.9474426465,136078.94744330272,48.2177,0.06282944629585165,5729127296,3474304.0,533158.5600000038,323.32235294117874,49,2,4,7861174272,8593596026,0,0.054270326628639745,0.0029163073132009126,0.002857087528278709,77ebe719dee967dfc812c0d1a44dd26da2d1dcbb3881b07f46326b06800423fb
memory-fragmented-05,memory-fragmented,headline,FLEX_POOL,LEGACY_DIRECTED_LINK,64,PASS,65,1105,544315.7897692816,2.030071551788668,272157.8948845789,272157.8948846621,48.2177,0.04210220628086093,3839105920,3474304.0,357271.2000000026,323.3223529411788,49,2,4,7861174272,8593596026,0,0.03636671372033958,0.001954226550089383,0.0019145431890589127,77ebe719dee967dfc812c0d1a44dd26da2d1dcbb3881b07f46326b06800423fb
memory-fragmented-05,memory-fragmented,headline,FLEX_POOL,LEGACY_DIRECTED_LINK,128,PASS,129,2193,1088631.5795407726,2.0144556167708205,544315.789770782,544315.789770782,48.2177,0.041778343155538744,7619148672,3474304.0,709045.9200000032,323.32235294117794,49,2,4,7861174272,8593596026,0,0.03608696976857144,0.0019391940381616782,0.001899815933754599,77ebe719dee967dfc812c0d1a44dd26da2d1dcbb3881b07f46326b06800423fb
memory-fragmented-05,memory-fragmented,headline,FLEX_POOL,SHARED_NIC,1,PASS,128,2176,184412.84715176013,11.799611760287446,1440.725368373518,1440.725368373649,48.2177,0.24471535888869536,7556399104,3472609.882352941,703500.6336000062,323.2999235294146,49,2,4,7861174272,8593596026,0,0.21137831448327044,0.011814035383592882,0.011128113346198669,77ebe719dee967dfc812c0d1a44dd26da2d1dcbb3881b07f46326b06800423fb
memory-fragmented-05,memory-fragmented,headline,FLEX_POOL,SHARED_NIC,8,PASS,121,2057,38839.88765087722,52.961018283314765,2434.2373895527926,2535.300347026041,48.2177,1.0983729685014998,7116028928,3459420.966456004,664868.7881000042,323.22255133690044,49,2,4,7861174272,8593596026,0,0.9487439930627036,0.05367369437158803,0.04994708523973248,77ebe719dee967dfc812c0d1a44dd26da2d1dcbb3881b07f46326b06800423fb
memory-fragmented-05,memory-fragmented,headline,FLEX_POOL,SHARED_NIC,32,PASS,97,1649,38949.369522840425,42.3370139286338,9764.25424204778,9887.821936742337,48.2177,0.878038851472256,5704157696,3459161.7319587627,532992.3129000037,323.2215360218337,49,2,4,7861174272,8593596026,0,0.7584255165588059,0.04289310685299547,0.039927677224352344,77ebe719dee967dfc812c0d1a44dd26da2d1dcbb3881b07f46326b06800423fb
memory-fragmented-05,memory-fragmented,headline,FLEX_POOL,SHARED_NIC,64,PASS,65,1105,38969.3171280263,28.35564185971574,19496.372102142515,19600.59209606037,48.2177,0.5880753719011015,3824331520,3460933.5022624433,357171.87310000265,323.2324643438938,49,2,4,7861174272,8593596026,0,0.5079631350728412,0.028745025068822233,0.026741964314548453,77ebe719dee967dfc812c0d1a44dd26da2d1dcbb3881b07f46326b06800423fb
memory-fragmented-05,memory-fragmented,headline,FLEX_POOL,SHARED_NIC,128,PASS,129,2193,77876.22319098059,28.160071330397894,38986.311724580984,39075.064810673604,48.2177,0.5840193814802012,7588620672,3460383.343365253,708837.6220000046,323.2273698130436,49,2,4,7861174272,8593596026,0,0.5044596834602267,0.028388450952203423,0.02655752341414947,77ebe719dee967dfc812c0d1a44dd26da2d1dcbb3881b07f46326b06800423fb
memory-fragmented-05,memory-fragmented,headline,FLEX_POOL_NO_ALT,SHARED_NIC,1,PASS,128,2176,184412.84715176013,11.799611760287446,1440.725368373518,1440.725368373649,48.2177,0.24471535888869536,7560085504,3474304.0,703549.4400000032,323.32235294117794,49,0,0,0,0,0,0.21137831448327044,0.011358769380509531,0.011128113346198669,ca10706c6791494b529bd9fa8ddc08e415536e61a9c515a7994773f1358123f7
memory-fragmented-05,memory-fragmented,headline,FLEX_POOL_NO_ALT,SHARED_NIC,8,PASS,121,2057,38997.85476236387,52.74649112199817,2433.2649608660395,2529.9786094393385,48.2177,1.09392383133161,7146643328,3474304.0,665074.0800000033,323.3223529411781,49,0,0,0,0,0,0.9449009522329537,0.05077584249867517,0.049744766501161435,ca10706c6791494b529bd9fa8ddc08e415536e61a9c515a7994773f1358123f7
memory-fragmented-05,memory-fragmented,headline,FLEX_POOL_NO_ALT,SHARED_NIC,32,PASS,97,1649,39004.97947208026,42.276653450884474,9752.648285247895,9850.692320913871,48.2177,0.8767870191005476,5729127296,3474304.0,533158.5600000038,323.32235294117874,49,0,0,0,0,0,0.7573442186053427,0.040697165846126225,0.0398707517719162,ca10706c6791494b529bd9fa8ddc08e415536e61a9c515a7994773f1358123f7
memory-fragmented-05,memory-fragmented,headline,FLEX_POOL_NO_ALT,SHARED_NIC,64,PASS,65,1105,39017.121893052754,28.320899809802533,19479.906194736934,19591.07948455346,48.2177,0.587354847074882,3839105920,3474304.0,357271.2000000026,323.3223529411788,49,0,0,0,0,0,0.507340765786331,0.02726280966893672,0.02670919938319583,ca10706c6791494b529bd9fa8ddc08e415536e61a9c515a7994773f1358123f7
memory-fragmented-05,memory-fragmented,headline,FLEX_POOL_NO_ALT,SHARED_NIC,128,PASS,129,2193,77956.05839416051,28.131232455491514,38997.50780575391,39094.25801128252,48.2177,0.583421284206661,7619148672,3474304.0,709045.9200000032,323.32235294117794,49,0,0,0,0,0,0.5039430636855133,0.027080228429791055,0.02653032571686462,ca10706c6791494b529bd9fa8ddc08e415536e61a9c515a7994773f1358123f7
memory-fragmented-05,memory-fragmented,headline,U_STRONG,LEGACY_DIRECTED_LINK,1,PASS,128,2176,542636.422512182,4.0100514999085775,4239.347050874152,4239.347050883167,48.2177,0.08316554916365936,7121403904,3272704.0,649975.3088000059,298.70188823529685,49,0,0,0,0,0,0.07183608615790055,0.0021366739479673877,0.0037818454133604095,ac5c93acca10b069266bb479fa648e6f1c183f1da1221432870cc543ab8f5d5e
memory-fragmented-05,memory-fragmented,headline,U_STRONG,LEGACY_DIRECTED_LINK,8,PASS,121,2057,542636.4225118584,3.7907518085095875,33914.77640700585,33914.776407065336,48.2177,0.0786174331938186,6731952128,3272704.0,614429.7841000053,298.7018882352967,49,0,0,0,0,0,0.0679075501961809,0.0020198245914391255,0.003575025742319395,ac5c93acca10b069266bb479fa648e6f1c183f1da1221432870cc543ab8f5d5e
memory-fragmented-05,memory-fragmented,headline,U_STRONG,LEGACY_DIRECTED_LINK,32,PASS,97,1649,542636.4225108068,3.03886715228217,135659.1056275958,135659.10562826134,48.2177,0.06302389272574532,5396688896,3272704.0,492559.41370000347,298.7018882352962,49,0,0,0,0,0,0.05443828404167204,0.0016191982261981382,0.002865929727319451,ac5c93acca10b069266bb479fa648e6f1c183f1da1221432870cc543ab8f5d5e
memory-fragmented-05,memory-fragmented,headline,U_STRONG,LEGACY_DIRECTED_LINK,64,PASS,65,1105,542636.4225090018,2.036354277309259,271318.21125442535,271318.2112545217,48.2177,0.04223250543491827,3616337920,3272704.0,330065.58650000236,298.7018882352963,49,0,0,0,0,0,0.03647926250227265,0.0010850297392085452,0.0019204683739833433,ac5c93acca10b069266bb479fa648e6f1c183f1da1221432870cc543ab8f5d5e
memory-fragmented-05,memory-fragmented,headline,U_STRONG,LEGACY_DIRECTED_LINK,128,PASS,129,2193,1085272.845021268,2.0206900136315715,542636.4225110412,542636.4225110412,48.2177,0.04190764000836978,7177039872,3272704.0,655053.240900006,298.70188823529685,49,0,0,0,0,0,0.03619865279060784,0.0010766833565960133,0.0019056955403315807,ac5c93acca10b069266bb479fa648e6f1c183f1da1221432870cc543ab8f5d5e
memory-fragmented-05,memory-fragmented,headline,U_STRONG,SHARED_NIC,1,PASS,128,2176,182709.27306920246,11.909630876676,1427.416195853526,1427.416195853657,48.2177,0.24699707527891207,7121403904,3272704.0,649975.3088000059,298.70188823529685,49,0,0,0,0,0,0.21334919758142623,0.006345803295713723,0.011231871437760709,ac5c93acca10b069266bb479fa648e6f1c183f1da1221432870cc543ab8f5d5e
memory-fragmented-05,memory-fragmented,headline,U_STRONG,SHARED_NIC,8,PASS,121,2057,39072.87152947072,52.64522210630225,2437.4591486066693,2550.0218184003315,48.2177,1.0918235856604992,6731952128,3272704.0,614429.7841000053,298.7018882352967,49,0,0,0,0,0,0.9430868184900769,0.02805093015939005,0.049649260555032354,ac5c93acca10b069266bb479fa648e6f1c183f1da1221432870cc543ab8f5d5e
memory-fragmented-05,memory-fragmented,headline,U_STRONG,SHARED_NIC,32,PASS,97,1649,38945.65979766035,42.34104669345114,9736.150879934474,9845.08553828367,48.2177,0.87812248807909,5396688896,3272704.0,492559.41370000347,298.7018882352962,49,0,0,0,0,0,0.7584977595314658,0.0225605609807331,0.039931480490501915,ac5c93acca10b069266bb479fa648e6f1c183f1da1221432870cc543ab8f5d5e
memory-fragmented-05,memory-fragmented,headline,U_STRONG,SHARED_NIC,64,PASS,65,1105,38907.4347106462,28.40074161192745,19487.68196427582,19593.650340212655,48.2177,0.5890107079335483,3616337920,3272704.0,330065.58650000236,298.7018882352963,49,0,0,0,0,0,0.5087710522992545,0.015132754456281176,0.02678449750671555,ac5c93acca10b069266bb479fa648e6f1c183f1da1221432870cc543ab8f5d5e
memory-fragmented-05,memory-fragmented,headline,U_STRONG,SHARED_NIC,128,PASS,129,2193,77907.68914398758,28.14869782553731,38975.17884976871,39084.608541412206,48.2177,0.5837835032682461,7177039872,3272704.0,655053.240900006,298.70188823529685,49,0,0,0,0,0,0.5042559384272512,0.014998458078257358,0.026546797158590957,ac5c93acca10b069266bb479fa648e6f1c183f1da1221432870cc543ab8f5d5e
memory-fragmented-06,memory-fragmented,capacity_exploratory,FLEX_FREE,SHARED_NIC,1,PASS,128,2176,268741.57706735376,8.096997955231306,2099.5435708396,2099.5435708400964,72.39880000000001,0.11183884201438843,34428846080,15822080.0,1955488.425066628,898.6619600490019,110,0,0,0,0,0,0.19289752891619308,0.017641687476485157,0.01762842135503535,d06b4594a872a0c2d0ef262722db132c7ed21dc003aec7f41a36fad83c608c1f
memory-fragmented-06,memory-fragmented,capacity_exploratory,FLEX_FREE,SHARED_NIC,8,PASS,121,2057,52581.25160638747,39.12040769585103,3276.870427738617,3455.7239194417343,72.39880000000001,0.5403460788832277,32546018560,15822080.0,1848547.6518207972,898.661960049002,110,0,0,0,0,0,0.9319787427942011,0.08523529465349516,0.0851711997775265,d06b4594a872a0c2d0ef262722db132c7ed21dc003aec7f41a36fad83c608c1f
memory-fragmented-06,memory-fragmented,capacity_exploratory,FLEX_FREE,SHARED_NIC,32,PASS,97,1649,51643.67552734102,31.930337706637317,12924.877089620059,13131.177573329487,72.39880000000001,0.44103407386085564,26090609920,15822080.0,1481893.572120806,898.661960049003,110,0,0,0,0,0,0.7606872664566384,0.0695696160421017,0.0695173013768033,d06b4594a872a0c2d0ef262722db132c7ed21dc003aec7f41a36fad83c608c1f
memory-fragmented-06,memory-fragmented,capacity_exploratory,FLEX_FREE,SHARED_NIC,64,PASS,65,1105,51703.44206943254,21.371884651627173,25841.951377782592,26107.24964417129,72.39880000000001,0.29519666971865793,17483398400,15822080.0,993021.4658541505,898.661960049005,110,0,0,0,0,0,0.5091496577342337,0.046564925901197825,0.04652991020538469,d06b4594a872a0c2d0ef262722db132c7ed21dc003aec7f41a36fad83c608c1f
memory-fragmented-06,memory-fragmented,capacity_exploratory,FLEX_FREE,SHARED_NIC,128,PASS,129,2193,103756.43366820039,21.136038725202617,51886.26429693593,52027.64618089486,72.39880000000001,0.2919390753051517,34697821440,15822080.0,1970765.678387461,898.6619600490018,110,0,0,0,0,0,0.503531020226382,0.04605106630167852,0.04601643701583127,d06b4594a872a0c2d0ef262722db132c7ed21dc003aec7f41a36fad83c608c1f
memory-fragmented-06,memory-fragmented,capacity_exploratory,FLEX_FREE_NO_ALT,SHARED_NIC,1,PASS,128,2176,268741.57706735376,8.096997955231306,2099.5435708396,2099.5435708400964,72.39880000000001,0.11183884201438843,34428846080,15822080.0,1955488.425066628,898.6619600490019,110,0,0,0,0,0,0.19289752891619308,0.017641687476485157,0.01762842135503535,d06b4594a872a0c2d0ef262722db132c7ed21dc003aec7f41a36fad83c608c1f
memory-fragmented-06,memory-fragmented,capacity_exploratory,FLEX_FREE_NO_ALT,SHARED_NIC,8,PASS,121,2057,52581.25160638747,39.12040769585103,3276.870427738617,3455.7239194417343,72.39880000000001,0.5403460788832277,32546018560,15822080.0,1848547.6518207972,898.661960049002,110,0,0,0,0,0,0.9319787427942011,0.08523529465349516,0.0851711997775265,d06b4594a872a0c2d0ef262722db132c7ed21dc003aec7f41a36fad83c608c1f
memory-fragmented-06,memory-fragmented,capacity_exploratory,FLEX_FREE_NO_ALT,SHARED_NIC,32,PASS,97,1649,51643.67552734102,31.930337706637317,12924.877089620059,13131.177573329487,72.39880000000001,0.44103407386085564,26090609920,15822080.0,1481893.572120806,898.661960049003,110,0,0,0,0,0,0.7606872664566384,0.0695696160421017,0.0695173013768033,d06b4594a872a0c2d0ef262722db132c7ed21dc003aec7f41a36fad83c608c1f
memory-fragmented-06,memory-fragmented,capacity_exploratory,FLEX_FREE_NO_ALT,SHARED_NIC,64,PASS,65,1105,51703.44206943254,21.371884651627173,25841.951377782592,26107.24964417129,72.39880000000001,0.29519666971865793,17483398400,15822080.0,993021.4658541505,898.661960049005,110,0,0,0,0,0,0.5091496577342337,0.046564925901197825,0.04652991020538469,d06b4594a872a0c2d0ef262722db132c7ed21dc003aec7f41a36fad83c608c1f
memory-fragmented-06,memory-fragmented,capacity_exploratory,FLEX_FREE_NO_ALT,SHARED_NIC,128,PASS,129,2193,103756.43366820039,21.136038725202617,51886.26429693593,52027.64618089486,72.39880000000001,0.2919390753051517,34697821440,15822080.0,1970765.678387461,898.6619600490018,110,0,0,0,0,0,0.503531020226382,0.04605106630167852,0.04601643701583127,d06b4594a872a0c2d0ef262722db132c7ed21dc003aec7f41a36fad83c608c1f
memory-fragmented-06,memory-fragmented,capacity_exploratory,FLEX_POOL,LEGACY_DIRECTED_LINK,1,PASS,128,2176,879790.8041601008,2.4733152355204893,6873.36565750101,6873.365657521819,72.39880000000001,0.034162378872584755,34428846080,15822080.0,1955488.425066628,898.6619600490019,110,0,0,0,0,0,0.05892262784312945,0.005388843452491062,0.005384791172809199,d06b4594a872a0c2d0ef262722db132c7ed21dc003aec7f41a36fad83c608c1f
memory-fragmented-06,memory-fragmented,capacity_exploratory,FLEX_POOL,LEGACY_DIRECTED_LINK,8,PASS,121,2057,879790.8041597761,2.338055808578825,54986.925259880256,54986.925260174554,72.39880000000001,0.032294123778002184,32546018560,15822080.0,1848547.6518207972,898.661960049002,110,0,0,0,0,0,0.05570029663297889,0.005094141076184834,0.0050903104055480715,d06b4594a872a0c2d0ef262722db132c7ed21dc003aec7f41a36fad83c608c1f
memory-fragmented-06,memory-fragmented,capacity_exploratory,FLEX_POOL,LEGACY_DIRECTED_LINK,32,PASS,97,1649,879790.8041585644,1.8743092019211434,219947.70103950612,219947.70103976535,72.39880000000001,0.025888677739425835,26090609920,15822080.0,1481893.572120806,898.661960049003,110,0,0,0,0,0,0.04465230391244959,0.0040837329288480086,0.00408066206065159,d06b4594a872a0c2d0ef262722db132c7ed21dc003aec7f41a36fad83c608c1f
memory-fragmented-06,memory-fragmented,capacity_exploratory,FLEX_POOL,LEGACY_DIRECTED_LINK,64,PASS,65,1105,879790.8041583593,1.2559803930402345,439895.4020792246,439895.4020792246,72.39880000000001,0.017348083021268782,17483398400,15822080.0,993021.4658541505,898.661960049005,110,0,0,0,0,0,0.0299216469516485,0.0027365220657235316,0.00273446426744758,d06b4594a872a0c2d0ef262722db132c7ed21dc003aec7f41a36fad83c608c1f
memory-fragmented-06,memory-fragmented,capacity_exploratory,FLEX_POOL,LEGACY_DIRECTED_LINK,128,PASS,129,2193,1759581.6083097686,1.246319005406386,879790.8041540384,879790.8041555097,72.39880000000001,0.017214636228865477,34697821440,15822080.0,1970765.678387461,898.6619600490018,110,0,0,0,0,0,0.029691480436752998,0.002715471895997925,0.0027134299269394742,d06b4594a872a0c2d0ef262722db132c7ed21dc003aec7f41a36fad83c608c1f
memory-fragmented-06,memory-fragmented,capacity_exploratory,FLEX_POOL,SHARED_NIC,1,PASS,128,2176,268741.57706735376,8.096997955231306,2099.5435708396,2099.5435708400964,72.39880000000001,0.11183884201438843,34428846080,15822080.0,1955488.425066628,898.6619600490019,110,0,0,0,0,0,0.19289752891619308,0.017641687476485157,0.01762842135503535,d06b4594a872a0c2d0ef262722db132c7ed21dc003aec7f41a36fad83c608c1f
memory-fragmented-06,memory-fragmented,capacity_exploratory,FLEX_POOL,SHARED_NIC,8,PASS,121,2057,52581.25160638747,39.12040769585103,3276.870427738617,3455.7239194417343,72.39880000000001,0.5403460788832277,32546018560,15822080.0,1848547.6518207972,898.661960049002,110,0,0,0,0,0,0.9319787427942011,0.08523529465349516,0.0851711997775265,d06b4594a872a0c2d0ef262722db132c7ed21dc003aec7f41a36fad83c608c1f
memory-fragmented-06,memory-fragmented,capacity_exploratory,FLEX_POOL,SHARED_NIC,32,PASS,97,1649,51643.67552734102,31.930337706637317,12924.877089620059,13131.177573329487,72.39880000000001,0.44103407386085564,26090609920,15822080.0,1481893.572120806,898.661960049003,110,0,0,0,0,0,0.7606872664566384,0.0695696160421017,0.0695173013768033,d06b4594a872a0c2d0ef262722db132c7ed21dc003aec7f41a36fad83c608c1f
memory-fragmented-06,memory-fragmented,capacity_exploratory,FLEX_POOL,SHARED_NIC,64,PASS,65,1105,51703.44206943254,21.371884651627173,25841.951377782592,26107.24964417129,72.39880000000001,0.29519666971865793,17483398400,15822080.0,993021.4658541505,898.661960049005,110,0,0,0,0,0,0.5091496577342337,0.046564925901197825,0.04652991020538469,d06b4594a872a0c2d0ef262722db132c7ed21dc003aec7f41a36fad83c608c1f
memory-fragmented-06,memory-fragmented,capacity_exploratory,FLEX_POOL,SHARED_NIC,128,PASS,129,2193,103756.43366820039,21.136038725202617,51886.26429693593,52027.64618089486,72.39880000000001,0.2919390753051517,34697821440,15822080.0,1970765.678387461,898.6619600490018,110,0,0,0,0,0,0.503531020226382,0.04605106630167852,0.04601643701583127,d06b4594a872a0c2d0ef262722db132c7ed21dc003aec7f41a36fad83c608c1f
memory-fragmented-06,memory-fragmented,capacity_exploratory,FLEX_POOL_NO_ALT,SHARED_NIC,1,PASS,128,2176,268741.57706735376,8.096997955231306,2099.5435708396,2099.5435708400964,72.39880000000001,0.11183884201438843,34428846080,15822080.0,1955488.425066628,898.6619600490019,110,0,0,0,0,0,0.19289752891619308,0.017641687476485157,0.01762842135503535,d06b4594a872a0c2d0ef262722db132c7ed21dc003aec7f41a36fad83c608c1f
memory-fragmented-06,memory-fragmented,capacity_exploratory,FLEX_POOL_NO_ALT,SHARED_NIC,8,PASS,121,2057,52581.25160638747,39.12040769585103,3276.870427738617,3455.7239194417343,72.39880000000001,0.5403460788832277,32546018560,15822080.0,1848547.6518207972,898.661960049002,110,0,0,0,0,0,0.9319787427942011,0.08523529465349516,0.0851711997775265,d06b4594a872a0c2d0ef262722db132c7ed21dc003aec7f41a36fad83c608c1f
memory-fragmented-06,memory-fragmented,capacity_exploratory,FLEX_POOL_NO_ALT,SHARED_NIC,32,PASS,97,1649,51643.67552734102,31.930337706637317,12924.877089620059,13131.177573329487,72.39880000000001,0.44103407386085564,26090609920,15822080.0,1481893.572120806,898.661960049003,110,0,0,0,0,0,0.7606872664566384,0.0695696160421017,0.0695173013768033,d06b4594a872a0c2d0ef262722db132c7ed21dc003aec7f41a36fad83c608c1f
memory-fragmented-06,memory-fragmented,capacity_exploratory,FLEX_POOL_NO_ALT,SHARED_NIC,64,PASS,65,1105,51703.44206943254,21.371884651627173,25841.951377782592,26107.24964417129,72.39880000000001,0.29519666971865793,17483398400,15822080.0,993021.4658541505,898.661960049005,110,0,0,0,0,0,0.5091496577342337,0.046564925901197825,0.04652991020538469,d06b4594a872a0c2d0ef262722db132c7ed21dc003aec7f41a36fad83c608c1f
memory-fragmented-06,memory-fragmented,capacity_exploratory,FLEX_POOL_NO_ALT,SHARED_NIC,128,PASS,129,2193,103756.43366820039,21.136038725202617,51886.26429693593,52027.64618089486,72.39880000000001,0.2919390753051517,34697821440,15822080.0,1970765.678387461,898.6619600490018,110,0,0,0,0,0,0.503531020226382,0.04605106630167852,0.04601643701583127,d06b4594a872a0c2d0ef262722db132c7ed21dc003aec7f41a36fad83c608c1f
memory-fragmented-06,memory-fragmented,capacity_exploratory,U_STRONG,LEGACY_DIRECTED_LINK,1,PASS,128,2176,879790.8041601008,2.4733152355204893,6873.36565750101,6873.365657521819,72.39880000000001,0.034162378872584755,34428846080,15822080.0,1955488.425066628,898.6619600490019,110,0,0,0,0,0,0.05892262784312945,0.005388843452491062,0.005384791172809199,d06b4594a872a0c2d0ef262722db132c7ed21dc003aec7f41a36fad83c608c1f
memory-fragmented-06,memory-fragmented,capacity_exploratory,U_STRONG,LEGACY_DIRECTED_LINK,8,PASS,121,2057,879790.8041597761,2.338055808578825,54986.925259880256,54986.925260174554,72.39880000000001,0.032294123778002184,32546018560,15822080.0,1848547.6518207972,898.661960049002,110,0,0,0,0,0,0.05570029663297889,0.005094141076184834,0.0050903104055480715,d06b4594a872a0c2d0ef262722db132c7ed21dc003aec7f41a36fad83c608c1f
memory-fragmented-06,memory-fragmented,capacity_exploratory,U_STRONG,LEGACY_DIRECTED_LINK,32,PASS,97,1649,879790.8041585644,1.8743092019211434,219947.70103950612,219947.70103976535,72.39880000000001,0.025888677739425835,26090609920,15822080.0,1481893.572120806,898.661960049003,110,0,0,0,0,0,0.04465230391244959,0.0040837329288480086,0.00408066206065159,d06b4594a872a0c2d0ef262722db132c7ed21dc003aec7f41a36fad83c608c1f
memory-fragmented-06,memory-fragmented,capacity_exploratory,U_STRONG,LEGACY_DIRECTED_LINK,64,PASS,65,1105,879790.8041583593,1.2559803930402345,439895.4020792246,439895.4020792246,72.39880000000001,0.017348083021268782,17483398400,15822080.0,993021.4658541505,898.661960049005,110,0,0,0,0,0,0.0299216469516485,0.0027365220657235316,0.00273446426744758,d06b4594a872a0c2d0ef262722db132c7ed21dc003aec7f41a36fad83c608c1f
memory-fragmented-06,memory-fragmented,capacity_exploratory,U_STRONG,LEGACY_DIRECTED_LINK,128,PASS,129,2193,1759581.6083097686,1.246319005406386,879790.8041540384,879790.8041555097,72.39880000000001,0.017214636228865477,34697821440,15822080.0,1970765.678387461,898.6619600490018,110,0,0,0,0,0,0.029691480436752998,0.002715471895997925,0.0027134299269394742,d06b4594a872a0c2d0ef262722db132c7ed21dc003aec7f41a36fad83c608c1f
memory-fragmented-06,memory-fragmented,capacity_exploratory,U_STRONG,SHARED_NIC,1,PASS,128,2176,268741.57706735376,8.096997955231306,2099.5435708396,2099.5435708400964,72.39880000000001,0.11183884201438843,34428846080,15822080.0,1955488.425066628,898.6619600490019,110,0,0,0,0,0,0.19289752891619308,0.017641687476485157,0.01762842135503535,d06b4594a872a0c2d0ef262722db132c7ed21dc003aec7f41a36fad83c608c1f
memory-fragmented-06,memory-fragmented,capacity_exploratory,U_STRONG,SHARED_NIC,8,PASS,121,2057,52581.25160638747,39.12040769585103,3276.870427738617,3455.7239194417343,72.39880000000001,0.5403460788832277,32546018560,15822080.0,1848547.6518207972,898.661960049002,110,0,0,0,0,0,0.9319787427942011,0.08523529465349516,0.0851711997775265,d06b4594a872a0c2d0ef262722db132c7ed21dc003aec7f41a36fad83c608c1f
memory-fragmented-06,memory-fragmented,capacity_exploratory,U_STRONG,SHARED_NIC,32,PASS,97,1649,51643.67552734102,31.930337706637317,12924.877089620059,13131.177573329487,72.39880000000001,0.44103407386085564,26090609920,15822080.0,1481893.572120806,898.661960049003,110,0,0,0,0,0,0.7606872664566384,0.0695696160421017,0.0695173013768033,d06b4594a872a0c2d0ef262722db132c7ed21dc003aec7f41a36fad83c608c1f
memory-fragmented-06,memory-fragmented,capacity_exploratory,U_STRONG,SHARED_NIC,64,PASS,65,1105,51703.44206943254,21.371884651627173,25841.951377782592,26107.24964417129,72.39880000000001,0.29519666971865793,17483398400,15822080.0,993021.4658541505,898.661960049005,110,0,0,0,0,0,0.5091496577342337,0.046564925901197825,0.04652991020538469,d06b4594a872a0c2d0ef262722db132c7ed21dc003aec7f41a36fad83c608c1f
memory-fragmented-06,memory-fragmented,capacity_exploratory,U_STRONG,SHARED_NIC,128,PASS,129,2193,103756.43366820039,21.136038725202617,51886.26429693593,52027.64618089486,72.39880000000001,0.2919390753051517,34697821440,15822080.0,1970765.678387461,898.6619600490018,110,0,0,0,0,0,0.503531020226382,0.04605106630167852,0.04601643701583127,d06b4594a872a0c2d0ef262722db132c7ed21dc003aec7f41a36fad83c608c1f
compute-heterogeneous-01,compute-heterogeneous,headline,FLEX_FREE,SHARED_NIC,1,PASS,128,2176,224064.03551228778,9.711509457664246,1750.5002774398445,1750.5002774402747,45.2938,0.21441145273004797,7059013632,3244032.0,879683.5061333362,404.2663171568641,52,0,0,0,0,0,0.1463369662383939,0.0035874763808577416,0.006555046775989428,799df9447e9be1cf84d42c3adb924e3445cdb05fba129fca569f75601193697a
compute-heterogeneous-01,compute-heterogeneous,headline,FLEX_FREE,SHARED_NIC,8,PASS,121,2057,40294.51431453995,51.049132493396215,2636.919268599595,2735.919188527332,45.2938,1.1270666734386652,6672973824,3244032.0,831575.8143916696,404.26631715686415,52,0,0,0,0,0,0.7692290483525049,0.01885778496964812,0.03445699690935348,799df9447e9be1cf84d42c3adb924e3445cdb05fba129fca569f75601193697a
compute-heterogeneous-01,compute-heterogeneous,headline,FLEX_FREE,SHARED_NIC,32,PASS,97,1649,37277.57167886906,44.235714016069934,9240.709525946408,9641.4736680816,45.2938,0.9766394962681413,5349408768,3244032.0,666635.1569916697,404.26631715686455,52,0,0,0,0,0,0.6665616932898298,0.01634087676224092,0.029858095264046706,799df9447e9be1cf84d42c3adb924e3445cdb05fba129fca569f75601193697a
compute-heterogeneous-01,compute-heterogeneous,headline,FLEX_FREE,SHARED_NIC,64,PASS,65,1105,37325.51741440454,29.604412116563513,18674.820693883157,19124.23854515675,45.2938,0.6536084876200168,3584655360,3244032.0,446714.28045833576,404.26631715686494,52,0,0,0,0,0,0.44609129768082595,0.01093600636444152,0.019982301108360932,799df9447e9be1cf84d42c3adb924e3445cdb05fba129fca569f75601193697a
compute-heterogeneous-01,compute-heterogeneous,headline,FLEX_FREE,SHARED_NIC,128,PASS,129,2193,74342.19848971898,29.498724069927484,36879.90773184005,37699.32844788687,45.2938,0.6512750987977932,7114162176,3244032.0,886556.0335250029,404.26631715686403,52,0,0,0,0,0,0.4444987472972009,0.010896964712605784,0.01991096409402942,799df9447e9be1cf84d42c3adb924e3445cdb05fba129fca569f75601193697a
compute-heterogeneous-01,compute-heterogeneous,headline,FLEX_FREE_NO_ALT,SHARED_NIC,1,PASS,128,2176,224064.03551228778,9.711509457664246,1750.5002774398445,1750.5002774402747,45.2938,0.21441145273004797,7059013632,3244032.0,879683.5061333362,404.2663171568641,52,0,0,0,0,0,0.1463369662383939,0.0035874763808577416,0.006555046775989428,799df9447e9be1cf84d42c3adb924e3445cdb05fba129fca569f75601193697a
compute-heterogeneous-01,compute-heterogeneous,headline,FLEX_FREE_NO_ALT,SHARED_NIC,8,PASS,121,2057,40294.51431453995,51.049132493396215,2636.919268599595,2735.919188527332,45.2938,1.1270666734386652,6672973824,3244032.0,831575.8143916696,404.26631715686415,52,0,0,0,0,0,0.7692290483525049,0.01885778496964812,0.03445699690935348,799df9447e9be1cf84d42c3adb924e3445cdb05fba129fca569f75601193697a
compute-heterogeneous-01,compute-heterogeneous,headline,FLEX_FREE_NO_ALT,SHARED_NIC,32,PASS,97,1649,37277.57167886906,44.235714016069934,9240.709525946408,9641.4736680816,45.2938,0.9766394962681413,5349408768,3244032.0,666635.1569916697,404.26631715686455,52,0,0,0,0,0,0.6665616932898298,0.01634087676224092,0.029858095264046706,799df9447e9be1cf84d42c3adb924e3445cdb05fba129fca569f75601193697a
compute-heterogeneous-01,compute-heterogeneous,headline,FLEX_FREE_NO_ALT,SHARED_NIC,64,PASS,65,1105,37325.51741440454,29.604412116563513,18674.820693883157,19124.23854515675,45.2938,0.6536084876200168,3584655360,3244032.0,446714.28045833576,404.26631715686494,52,0,0,0,0,0,0.44609129768082595,0.01093600636444152,0.019982301108360932,799df9447e9be1cf84d42c3adb924e3445cdb05fba129fca569f75601193697a
compute-heterogeneous-01,compute-heterogeneous,headline,FLEX_FREE_NO_ALT,SHARED_NIC,128,PASS,129,2193,74342.19848971898,29.498724069927484,36879.90773184005,37699.32844788687,45.2938,0.6512750987977932,7114162176,3244032.0,886556.0335250029,404.26631715686403,52,0,0,0,0,0,0.4444987472972009,0.010896964712605784,0.01991096409402942,799df9447e9be1cf84d42c3adb924e3445cdb05fba129fca569f75601193697a
compute-heterogeneous-01,compute-heterogeneous,headline,FLEX_POOL,LEGACY_DIRECTED_LINK,1,PASS,128,2176,692755.7924536662,3.1410780302433023,5412.154628546326,5412.154628553719,45.2938,0.06934896233575683,7059013632,3244032.0,879683.5061333362,404.2663171568641,52,0,0,0,0,0,0.04733103866784769,0.001160328710284678,0.0021201558321119886,799df9447e9be1cf84d42c3adb924e3445cdb05fba129fca569f75601193697a
compute-heterogeneous-01,compute-heterogeneous,headline,FLEX_POOL,LEGACY_DIRECTED_LINK,8,PASS,121,2057,692755.7924534066,2.969300325465485,43297.23702836037,43297.23702842975,45.2938,0.06555644095804469,6672973824,3244032.0,831575.8143916696,404.26631715686415,52,0,0,0,0,0,0.04474262249071654,0.0010968732339413957,0.002004209810044115,799df9447e9be1cf84d42c3adb924e3445cdb05fba129fca569f75601193697a
compute-heterogeneous-01,compute-heterogeneous,headline,FLEX_POOL,LEGACY_DIRECTED_LINK,32,PASS,97,1649,692755.7924524562,2.3803481947979104,173188.94811290503,173188.94811361903,45.2938,0.05255351052015752,5349408768,3244032.0,666635.1569916697,404.26631715686455,52,0,0,0,0,0,0.03586805274054099,0.0008793116007641431,0.0016066805915251725,799df9447e9be1cf84d42c3adb924e3445cdb05fba129fca569f75601193697a
compute-heterogeneous-01,compute-heterogeneous,headline,FLEX_POOL,LEGACY_DIRECTED_LINK,64,PASS,65,1105,692755.792452134,1.595078687236455,346377.89622606314,346377.89622629783,45.2938,0.03521626993620441,3584655360,3244032.0,446714.28045833576,404.26631715686494,52,0,0,0,0,0,0.02403529307356959,0.0005892294231927405,0.00107664163349675,799df9447e9be1cf84d42c3adb924e3445cdb05fba129fca569f75601193697a
compute-heterogeneous-01,compute-heterogeneous,headline,FLEX_POOL,LEGACY_DIRECTED_LINK,128,PASS,129,2193,1385511.5848983943,1.5828088511875,692755.7924492925,692755.7924524978,45.2938,0.0349453755522279,7114162176,3244032.0,886556.0335250029,404.26631715686403,52,0,0,0,0,0,0.02385040620387399,0.0005846968891706605,0.0010683597747820738,799df9447e9be1cf84d42c3adb924e3445cdb05fba129fca569f75601193697a
compute-heterogeneous-01,compute-heterogeneous,headline,FLEX_POOL,SHARED_NIC,1,PASS,128,2176,224064.03551228778,9.711509457664246,1750.5002774398445,1750.5002774402747,45.2938,0.21441145273004797,7059013632,3244032.0,879683.5061333362,404.2663171568641,52,0,0,0,0,0,0.1463369662383939,0.0035874763808577416,0.006555046775989428,799df9447e9be1cf84d42c3adb924e3445cdb05fba129fca569f75601193697a
compute-heterogeneous-01,compute-heterogeneous,headline,FLEX_POOL,SHARED_NIC,8,PASS,121,2057,40294.51431453995,51.049132493396215,2636.919268599595,2735.919188527332,45.2938,1.1270666734386652,6672973824,3244032.0,831575.8143916696,404.26631715686415,52,0,0,0,0,0,0.7692290483525049,0.01885778496964812,0.03445699690935348,799df9447e9be1cf84d42c3adb924e3445cdb05fba129fca569f75601193697a
compute-heterogeneous-01,compute-heterogeneous,headline,FLEX_POOL,SHARED_NIC,32,PASS,97,1649,37277.57167886906,44.235714016069934,9240.709525946408,9641.4736680816,45.2938,0.9766394962681413,5349408768,3244032.0,666635.1569916697,404.26631715686455,52,0,0,0,0,0,0.6665616932898298,0.01634087676224092,0.029858095264046706,799df9447e9be1cf84d42c3adb924e3445cdb05fba129fca569f75601193697a
compute-heterogeneous-01,compute-heterogeneous,headline,FLEX_POOL,SHARED_NIC,64,PASS,65,1105,37325.51741440454,29.604412116563513,18674.820693883157,19124.23854515675,45.2938,0.6536084876200168,3584655360,3244032.0,446714.28045833576,404.26631715686494,52,0,0,0,0,0,0.44609129768082595,0.01093600636444152,0.019982301108360932,799df9447e9be1cf84d42c3adb924e3445cdb05fba129fca569f75601193697a
compute-heterogeneous-01,compute-heterogeneous,headline,FLEX_POOL,SHARED_NIC,128,PASS,129,2193,74342.19848971898,29.498724069927484,36879.90773184005,37699.32844788687,45.2938,0.6512750987977932,7114162176,3244032.0,886556.0335250029,404.26631715686403,52,0,0,0,0,0,0.4444987472972009,0.010896964712605784,0.01991096409402942,799df9447e9be1cf84d42c3adb924e3445cdb05fba129fca569f75601193697a
compute-heterogeneous-01,compute-heterogeneous,headline,FLEX_POOL_NO_ALT,SHARED_NIC,1,PASS,128,2176,224064.03551228778,9.711509457664246,1750.5002774398445,1750.5002774402747,45.2938,0.21441145273004797,7059013632,3244032.0,879683.5061333362,404.2663171568641,52,0,0,0,0,0,0.1463369662383939,0.0035874763808577416,0.006555046775989428,799df9447e9be1cf84d42c3adb924e3445cdb05fba129fca569f75601193697a
compute-heterogeneous-01,compute-heterogeneous,headline,FLEX_POOL_NO_ALT,SHARED_NIC,8,PASS,121,2057,40294.51431453995,51.049132493396215,2636.919268599595,2735.919188527332,45.2938,1.1270666734386652,6672973824,3244032.0,831575.8143916696,404.26631715686415,52,0,0,0,0,0,0.7692290483525049,0.01885778496964812,0.03445699690935348,799df9447e9be1cf84d42c3adb924e3445cdb05fba129fca569f75601193697a
compute-heterogeneous-01,compute-heterogeneous,headline,FLEX_POOL_NO_ALT,SHARED_NIC,32,PASS,97,1649,37277.57167886906,44.235714016069934,9240.709525946408,9641.4736680816,45.2938,0.9766394962681413,5349408768,3244032.0,666635.1569916697,404.26631715686455,52,0,0,0,0,0,0.6665616932898298,0.01634087676224092,0.029858095264046706,799df9447e9be1cf84d42c3adb924e3445cdb05fba129fca569f75601193697a
compute-heterogeneous-01,compute-heterogeneous,headline,FLEX_POOL_NO_ALT,SHARED_NIC,64,PASS,65,1105,37325.51741440454,29.604412116563513,18674.820693883157,19124.23854515675,45.2938,0.6536084876200168,3584655360,3244032.0,446714.28045833576,404.26631715686494,52,0,0,0,0,0,0.44609129768082595,0.01093600636444152,0.019982301108360932,799df9447e9be1cf84d42c3adb924e3445cdb05fba129fca569f75601193697a
compute-heterogeneous-01,compute-heterogeneous,headline,FLEX_POOL_NO_ALT,SHARED_NIC,128,PASS,129,2193,74342.19848971898,29.498724069927484,36879.90773184005,37699.32844788687,45.2938,0.6512750987977932,7114162176,3244032.0,886556.0335250029,404.26631715686403,52,0,0,0,0,0,0.4444987472972009,0.010896964712605784,0.01991096409402942,799df9447e9be1cf84d42c3adb924e3445cdb05fba129fca569f75601193697a
compute-heterogeneous-01,compute-heterogeneous,headline,U_STRONG,LEGACY_DIRECTED_LINK,1,PASS,128,2176,692755.7924536662,3.1410780302433023,5412.154628546326,5412.154628553719,45.2938,0.06934896233575683,7059013632,3244032.0,879683.5061333362,404.2663171568641,52,0,0,0,0,0,0.04733103866784769,0.001160328710284678,0.0021201558321119886,799df9447e9be1cf84d42c3adb924e3445cdb05fba129fca569f75601193697a
compute-heterogeneous-01,compute-heterogeneous,headline,U_STRONG,LEGACY_DIRECTED_LINK,8,PASS,121,2057,692755.7924534066,2.969300325465485,43297.23702836037,43297.23702842975,45.2938,0.06555644095804469,6672973824,3244032.0,831575.8143916696,404.26631715686415,52,0,0,0,0,0,0.04474262249071654,0.0010968732339413957,0.002004209810044115,799df9447e9be1cf84d42c3adb924e3445cdb05fba129fca569f75601193697a
compute-heterogeneous-01,compute-heterogeneous,headline,U_STRONG,LEGACY_DIRECTED_LINK,32,PASS,97,1649,692755.7924524562,2.3803481947979104,173188.94811290503,173188.94811361903,45.2938,0.05255351052015752,5349408768,3244032.0,666635.1569916697,404.26631715686455,52,0,0,0,0,0,0.03586805274054099,0.0008793116007641431,0.0016066805915251725,799df9447e9be1cf84d42c3adb924e3445cdb05fba129fca569f75601193697a
compute-heterogeneous-01,compute-heterogeneous,headline,U_STRONG,LEGACY_DIRECTED_LINK,64,PASS,65,1105,692755.792452134,1.595078687236455,346377.89622606314,346377.89622629783,45.2938,0.03521626993620441,3584655360,3244032.0,446714.28045833576,404.26631715686494,52,0,0,0,0,0,0.02403529307356959,0.0005892294231927405,0.00107664163349675,799df9447e9be1cf84d42c3adb924e3445cdb05fba129fca569f75601193697a
compute-heterogeneous-01,compute-heterogeneous,headline,U_STRONG,LEGACY_DIRECTED_LINK,128,PASS,129,2193,1385511.5848983943,1.5828088511875,692755.7924492925,692755.7924524978,45.2938,0.0349453755522279,7114162176,3244032.0,886556.0335250029,404.26631715686403,52,0,0,0,0,0,0.02385040620387399,0.0005846968891706605,0.0010683597747820738,799df9447e9be1cf84d42c3adb924e3445cdb05fba129fca569f75601193697a
compute-heterogeneous-01,compute-heterogeneous,headline,U_STRONG,SHARED_NIC,1,PASS,128,2176,224064.03551228778,9.711509457664246,1750.5002774398445,1750.5002774402747,45.2938,0.21441145273004797,7059013632,3244032.0,879683.5061333362,404.2663171568641,52,0,0,0,0,0,0.1463369662383939,0.0035874763808577416,0.006555046775989428,799df9447e9be1cf84d42c3adb924e3445cdb05fba129fca569f75601193697a
compute-heterogeneous-01,compute-heterogeneous,headline,U_STRONG,SHARED_NIC,8,PASS,121,2057,40294.51431453995,51.049132493396215,2636.919268599595,2735.919188527332,45.2938,1.1270666734386652,6672973824,3244032.0,831575.8143916696,404.26631715686415,52,0,0,0,0,0,0.7692290483525049,0.01885778496964812,0.03445699690935348,799df9447e9be1cf84d42c3adb924e3445cdb05fba129fca569f75601193697a
compute-heterogeneous-01,compute-heterogeneous,headline,U_STRONG,SHARED_NIC,32,PASS,97,1649,37277.57167886906,44.235714016069934,9240.709525946408,9641.4736680816,45.2938,0.9766394962681413,5349408768,3244032.0,666635.1569916697,404.26631715686455,52,0,0,0,0,0,0.6665616932898298,0.01634087676224092,0.029858095264046706,799df9447e9be1cf84d42c3adb924e3445cdb05fba129fca569f75601193697a
compute-heterogeneous-01,compute-heterogeneous,headline,U_STRONG,SHARED_NIC,64,PASS,65,1105,37325.51741440454,29.604412116563513,18674.820693883157,19124.23854515675,45.2938,0.6536084876200168,3584655360,3244032.0,446714.28045833576,404.26631715686494,52,0,0,0,0,0,0.44609129768082595,0.01093600636444152,0.019982301108360932,799df9447e9be1cf84d42c3adb924e3445cdb05fba129fca569f75601193697a
compute-heterogeneous-01,compute-heterogeneous,headline,U_STRONG,SHARED_NIC,128,PASS,129,2193,74342.19848971898,29.498724069927484,36879.90773184005,37699.32844788687,45.2938,0.6512750987977932,7114162176,3244032.0,886556.0335250029,404.26631715686403,52,0,0,0,0,0,0.4444987472972009,0.010896964712605784,0.01991096409402942,799df9447e9be1cf84d42c3adb924e3445cdb05fba129fca569f75601193697a
compute-heterogeneous-02,compute-heterogeneous,headline,FLEX_FREE,SHARED_NIC,1,PASS,128,2176,221506.50273703222,9.82363936549213,1730.5195526332645,1730.5195526335738,45.1631,0.21751472696719515,7435304960,3416960.0,908248.0341333405,417.39339803921894,52,3,8,15722348544,17189132721,0,0.1480265852010953,0.011459945176479101,0.010208340294751829,011c093d906f258f7ecc276c547c56cd4d5cc071d15f66fff17b13392b69274d
compute-heterogeneous-02,compute-heterogeneous,headline,FLEX_FREE,SHARED_NIC,8,PASS,121,2057,37589.621830639415,54.72255106124353,2338.220469000553,2503.024717886645,45.1631,1.2116650774912159,7048126720,3426410.656295576,855638.4980416704,415.964267399937,52,3,8,15722348544,17189132721,0,0.8245816103085999,0.0710109519703724,0.06403458416594172,011c093d906f258f7ecc276c547c56cd4d5cc071d15f66fff17b13392b69274d
compute-heterogeneous-02,compute-heterogeneous,headline,FLEX_FREE,SHARED_NIC,32,PASS,97,1649,37005.03970166265,44.561497928237856,9197.22836494181,9453.298708944329,45.1631,0.9866793450457975,5649485440,3426006.9375379016,685909.7993916693,415.9550026632319,52,3,8,15722348544,17189132721,0,0.6714707375083169,0.05765451845263494,0.05197361570601386,011c093d906f258f7ecc276c547c56cd4d5cc071d15f66fff17b13392b69274d
compute-heterogeneous-02,compute-heterogeneous,headline,FLEX_FREE,SHARED_NIC,64,PASS,65,1105,36892.93211255221,29.951536425158302,18465.68629903702,18684.44859479414,45.1631,0.6631860174602342,3785417600,3425717.285067873,459507.9067833352,415.84425953243004,52,3,8,15722348544,17189132721,0,0.4513219076543634,0.03915557838105555,0.03533697804725159,011c093d906f258f7ecc276c547c56cd4d5cc071d15f66fff17b13392b69274d
compute-heterogeneous-02,compute-heterogeneous,headline,FLEX_FREE,SHARED_NIC,128,PASS,129,2193,73873.9397144099,29.685705249753074,37079.76914888073,37358.22468143449,45.1631,0.657299991580584,7513841280,3426284.2134062927,912093.6695000039,415.91138600091375,52,3,8,15722348544,17189132721,0,0.4473162556071741,0.038531911733479085,0.03474731777083355,011c093d906f258f7ecc276c547c56cd4d5cc071d15f66fff17b13392b69274d
compute-heterogeneous-02,compute-heterogeneous,headline,FLEX_FREE_NO_ALT,SHARED_NIC,1,PASS,128,2176,221506.50273703222,9.82363936549213,1730.5195526332645,1730.5195526335738,45.1631,0.21751472696719515,7435304960,3416960.0,908292.6069333394,417.41388186274787,52,0,0,0,0,0,0.1480265852010953,0.011459945176479101,0.010208340294751829,e437d121069635cbb0cda40a3b0449f5fa79fd9c1da85ce40541b1b062e7eb9c
compute-heterogeneous-02,compute-heterogeneous,headline,FLEX_FREE_NO_ALT,SHARED_NIC,8,PASS,121,2057,38839.51198203965,52.961530540116144,2422.2590233995506,2610.6125585729715,45.1631,1.172672614149962,7028686720,3416960.0,858620.3549916723,417.41388186274787,52,0,0,0,0,0,0.7980458383290998,0.06178323672835166,0.05503554295606136,e437d121069635cbb0cda40a3b0449f5fa79fd9c1da85ce40541b1b062e7eb9c
compute-heterogeneous-02,compute-heterogeneous,headline,FLEX_FREE_NO_ALT,SHARED_NIC,32,PASS,97,1649,36874.16007313588,44.71966267785865,9250.092961751765,9454.409759635173,45.1631,0.9901814241683731,5634567040,3416960.0,688315.491191671,417.4138818627477,52,0,0,0,0,0,0.6738540281518837,0.05216853586860318,0.0464709174978172,e437d121069635cbb0cda40a3b0449f5fa79fd9c1da85ce40541b1b062e7eb9c
compute-heterogeneous-02,compute-heterogeneous,headline,FLEX_FREE_NO_ALT,SHARED_NIC,64,PASS,65,1105,36966.35871336555,29.892043427054567,18356.005575423624,18656.312444170122,45.1631,0.6618687252880021,3775740800,3416960.0,461242.33945833595,417.4138818627475,52,0,0,0,0,0,0.4504254430117782,0.0348711069433498,0.031062637791934595,e437d121069635cbb0cda40a3b0449f5fa79fd9c1da85ce40541b1b062e7eb9c
compute-heterogeneous-02,compute-heterogeneous,headline,FLEX_FREE_NO_ALT,SHARED_NIC,128,PASS,129,2193,74001.4823417564,29.63454150650937,36924.235522654184,37239.011404790945,45.1631,0.6561671255186063,7493393280,3416960.0,915388.6429250061,417.41388186274787,52,0,0,0,0,0,0.44654529955751743,0.03457071339443236,0.030795051907144183,e437d121069635cbb0cda40a3b0449f5fa79fd9c1da85ce40541b1b062e7eb9c
compute-heterogeneous-02,compute-heterogeneous,headline,FLEX_POOL,LEGACY_DIRECTED_LINK,1,PASS,128,2176,608920.0691319652,3.573539632388791,4757.188040093271,4757.188040100678,45.1631,0.07912520691424617,7435304960,3416960.0,908292.6069333394,417.41388186274787,52,3,8,15722348544,17189132721,0,0.053847545617508534,0.004168777654542823,0.003713482067791646,011c093d906f258f7ecc276c547c56cd4d5cc071d15f66fff17b13392b69274d
compute-heterogeneous-02,compute-heterogeneous,headline,FLEX_POOL,LEGACY_DIRECTED_LINK,8,PASS,121,2057,608920.0691317116,3.3781116837439353,38057.50432074617,38057.50432080543,45.1631,0.07479804716115447,7028686720,3416960.0,858620.3549916723,417.41388186274787,52,3,8,15722348544,17189132721,0,0.05090275796657224,0.003940797626561653,0.003510401017210754,011c093d906f258f7ecc276c547c56cd4d5cc071d15f66fff17b13392b69274d
compute-heterogeneous-02,compute-heterogeneous,headline,FLEX_POOL,LEGACY_DIRECTED_LINK,32,PASS,97,1649,608920.0691308158,2.7080730026747424,152230.01728241146,152230.0172832217,45.1631,0.05996207086481536,5634567040,3416960.0,688315.491191671,417.4138818627477,52,3,8,15722348544,17189132721,0,0.04080634316334522,0.003159151816339194,0.00281412312950367,011c093d906f258f7ecc276c547c56cd4d5cc071d15f66fff17b13392b69274d
compute-heterogeneous-02,compute-heterogeneous,headline,FLEX_POOL,LEGACY_DIRECTED_LINK,64,PASS,65,1105,608920.0691301374,1.8146880945778798,304460.03456487495,304460.0345652706,45.1631,0.040180769136261237,3775740800,3416960.0,461242.33945833595,417.4138818627475,52,3,8,15722348544,17189132721,0,0.027344456758973155,0.002116957402703877,0.0018857526125561032,011c093d906f258f7ecc276c547c56cd4d5cc071d15f66fff17b13392b69274d
compute-heterogeneous-02,compute-heterogeneous,headline,FLEX_POOL,LEGACY_DIRECTED_LINK,128,PASS,129,2193,1217840.1382588746,1.8007289553908896,608920.0691310021,608920.0691314042,45.1631,0.039871686296797375,7493393280,3416960.0,915388.6429250061,417.41388186274787,52,3,8,15722348544,17189132721,0,0.027134114783935306,0.0021006731149931903,0.0018712468232309023,011c093d906f258f7ecc276c547c56cd4d5cc071d15f66fff17b13392b69274d
compute-heterogeneous-02,compute-heterogeneous,headline,FLEX_POOL,SHARED_NIC,1,PASS,128,2176,221506.50273703222,9.82363936549213,1730.5195526332645,1730.5195526335738,45.1631,0.21751472696719515,7435304960,3416960.0,908248.0341333405,417.39339803921894,52,3,8,15722348544,17189132721,0,0.1480265852010953,0.011459945176479101,0.010208340294751829,011c093d906f258f7ecc276c547c56cd4d5cc071d15f66fff17b13392b69274d
compute-heterogeneous-02,compute-heterogeneous,headline,FLEX_POOL,SHARED_NIC,8,PASS,121,2057,37589.621830639415,54.72255106124353,2338.220469000553,2503.024717886645,45.1631,1.2116650774912159,7048126720,3426410.656295576,855638.4980416704,415.964267399937,52,3,8,15722348544,17189132721,0,0.8245816103085999,0.0710109519703724,0.06403458416594172,011c093d906f258f7ecc276c547c56cd4d5cc071d15f66fff17b13392b69274d
compute-heterogeneous-02,compute-heterogeneous,headline,FLEX_POOL,SHARED_NIC,32,PASS,97,1649,37005.03970166265,44.561497928237856,9197.22836494181,9453.298708944329,45.1631,0.9866793450457975,5649485440,3426006.9375379016,685909.7993916693,415.9550026632319,52,3,8,15722348544,17189132721,0,0.6714707375083169,0.05765451845263494,0.05197361570601386,011c093d906f258f7ecc276c547c56cd4d5cc071d15f66fff17b13392b69274d
compute-heterogeneous-02,compute-heterogeneous,headline,FLEX_POOL,SHARED_NIC,64,PASS,65,1105,36892.93211255221,29.951536425158302,18465.68629903702,18684.44859479414,45.1631,0.6631860174602342,3785417600,3425717.285067873,459507.9067833352,415.84425953243004,52,3,8,15722348544,17189132721,0,0.4513219076543634,0.03915557838105555,0.03533697804725159,011c093d906f258f7ecc276c547c56cd4d5cc071d15f66fff17b13392b69274d
compute-heterogeneous-02,compute-heterogeneous,headline,FLEX_POOL,SHARED_NIC,128,PASS,129,2193,73873.9397144099,29.685705249753074,37079.76914888073,37358.22468143449,45.1631,0.657299991580584,7513841280,3426284.2134062927,912093.6695000039,415.91138600091375,52,3,8,15722348544,17189132721,0,0.4473162556071741,0.038531911733479085,0.03474731777083355,011c093d906f258f7ecc276c547c56cd4d5cc071d15f66fff17b13392b69274d
compute-heterogeneous-02,compute-heterogeneous,headline,FLEX_POOL_NO_ALT,SHARED_NIC,1,PASS,128,2176,221506.50273703222,9.82363936549213,1730.5195526332645,1730.5195526335738,45.1631,0.21751472696719515,7435304960,3416960.0,908292.6069333394,417.41388186274787,52,0,0,0,0,0,0.1480265852010953,0.011459945176479101,0.010208340294751829,e437d121069635cbb0cda40a3b0449f5fa79fd9c1da85ce40541b1b062e7eb9c
compute-heterogeneous-02,compute-heterogeneous,headline,FLEX_POOL_NO_ALT,SHARED_NIC,8,PASS,121,2057,38839.51198203965,52.961530540116144,2422.2590233995506,2610.6125585729715,45.1631,1.172672614149962,7028686720,3416960.0,858620.3549916723,417.41388186274787,52,0,0,0,0,0,0.7980458383290998,0.06178323672835166,0.05503554295606136,e437d121069635cbb0cda40a3b0449f5fa79fd9c1da85ce40541b1b062e7eb9c
compute-heterogeneous-02,compute-heterogeneous,headline,FLEX_POOL_NO_ALT,SHARED_NIC,32,PASS,97,1649,36874.16007313588,44.71966267785865,9250.092961751765,9454.409759635173,45.1631,0.9901814241683731,5634567040,3416960.0,688315.491191671,417.4138818627477,52,0,0,0,0,0,0.6738540281518837,0.05216853586860318,0.0464709174978172,e437d121069635cbb0cda40a3b0449f5fa79fd9c1da85ce40541b1b062e7eb9c
compute-heterogeneous-02,compute-heterogeneous,headline,FLEX_POOL_NO_ALT,SHARED_NIC,64,PASS,65,1105,36966.35871336555,29.892043427054567,18356.005575423624,18656.312444170122,45.1631,0.6618687252880021,3775740800,3416960.0,461242.33945833595,417.4138818627475,52,0,0,0,0,0,0.4504254430117782,0.0348711069433498,0.031062637791934595,e437d121069635cbb0cda40a3b0449f5fa79fd9c1da85ce40541b1b062e7eb9c
compute-heterogeneous-02,compute-heterogeneous,headline,FLEX_POOL_NO_ALT,SHARED_NIC,128,PASS,129,2193,74001.4823417564,29.63454150650937,36924.235522654184,37239.011404790945,45.1631,0.6561671255186063,7493393280,3416960.0,915388.6429250061,417.41388186274787,52,0,0,0,0,0,0.44654529955751743,0.03457071339443236,0.030795051907144183,e437d121069635cbb0cda40a3b0449f5fa79fd9c1da85ce40541b1b062e7eb9c
compute-heterogeneous-02,compute-heterogeneous,headline,U_STRONG,LEGACY_DIRECTED_LINK,1,PASS,128,2176,606681.9162717814,3.586723028390375,4739.7024708731005,4739.702470880409,45.1631,0.07941711327146221,6996623360,3215360.0,852284.2021333383,391.6747252451003,52,0,0,0,0,0,0.0540461983793682,0.0013249520278100812,0.0020576559098240354,ffa09c606e308efcf027a674222caaa67b5d58af8172268d1e1ac620f15ce914
compute-heterogeneous-02,compute-heterogeneous,headline,U_STRONG,LEGACY_DIRECTED_LINK,8,PASS,121,2057,606681.9162715095,3.3905741127767963,37917.6197669846,37917.619767043274,45.1631,0.07507398988946277,6613995520,3215360.0,805674.9098291711,391.6747252451002,52,0,0,0,0,0,0.0510905469055194,0.0012524937137897787,0.001945127852256405,ffa09c606e308efcf027a674222caaa67b5d58af8172268d1e1ac620f15ce914
compute-heterogeneous-02,compute-heterogeneous,headline,U_STRONG,LEGACY_DIRECTED_LINK,32,PASS,97,1649,606681.9162705464,2.7180635449576145,151670.47906732932,151670.4790681731,45.1631,0.06018328115115248,5302128640,3215360.0,645871.6219291694,391.6747252450997,52,0,0,0,0,0,0.04095688470944835,0.0010040652085768706,0.0015593173691667008,ffa09c606e308efcf027a674222caaa67b5d58af8172268d1e1ac620f15ce914
compute-heterogeneous-02,compute-heterogeneous,headline,U_STRONG,LEGACY_DIRECTED_LINK,64,PASS,65,1105,606681.9162698013,1.821382787860432,303340.9581346994,303340.95813509834,45.1631,0.04032900283329603,3552972800,3215360.0,432800.5713958345,391.67472524509907,52,0,0,0,0,0,0.027445335114612515,0.0006728272016245019,0.0010449033917109278,ffa09c606e308efcf027a674222caaa67b5d58af8172268d1e1ac620f15ce914
compute-heterogeneous-02,compute-heterogeneous,headline,U_STRONG,LEGACY_DIRECTED_LINK,128,PASS,129,2193,1213363.8325383882,1.8073721510325456,606681.9162707846,606681.9162710905,45.1631,0.040018779734618426,7051284480,3215360.0,858942.672462505,391.6747252451003,52,0,0,0,0,0,0.027234217152219655,0.000667651607766521,0.0010368656733141897,ffa09c606e308efcf027a674222caaa67b5d58af8172268d1e1ac620f15ce914
compute-heterogeneous-02,compute-heterogeneous,headline,U_STRONG,SHARED_NIC,1,PASS,128,2176,220510.21607847465,9.868023526064707,1722.7360631132692,1722.7360631135962,45.1631,0.21849747971385283,6996623360,3215360.0,852284.2021333383,391.6747252451003,52,0,0,0,0,0,0.14869538374735042,0.003645293399530929,0.005661155535559152,ffa09c606e308efcf027a674222caaa67b5d58af8172268d1e1ac620f15ce914
compute-heterogeneous-02,compute-heterogeneous,headline,U_STRONG,SHARED_NIC,8,PASS,121,2057,38374.75073469948,53.602954041861835,2401.331393686287,2611.9093651265393,45.1631,1.1868749940075378,6613995520,3215360.0,805674.9098291711,391.6747252451002,52,0,0,0,0,0,0.807711067995884,0.019801178427275405,0.030751310958560752,ffa09c606e308efcf027a674222caaa67b5d58af8172268d1e1ac620f15ce914
compute-heterogeneous-02,compute-heterogeneous,headline,U_STRONG,SHARED_NIC,32,PASS,97,1649,36829.675855929505,44.7736767070817,9245.056911031774,9399.113301179916,45.1631,0.9913774011766618,5302128640,3215360.0,645871.6219291694,391.6747252450997,52,0,0,0,0,0,0.6746679334675578,0.016539602661258018,0.025686070474815092,ffa09c606e308efcf027a674222caaa67b5d58af8172268d1e1ac620f15ce914
compute-heterogeneous-02,compute-heterogeneous,headline,U_STRONG,SHARED_NIC,64,PASS,65,1105,36786.963046718905,30.037815260712502,18407.319600528506,18529.506546554334,45.1631,0.6650964008385718,3552972800,3215360.0,432800.5713958345,391.67472524509907,52,0,0,0,0,0,0.45262199216755084,0.01109610748464348,0.017232300236225708,ffa09c606e308efcf027a674222caaa67b5d58af8172268d1e1ac620f15ce914
compute-heterogeneous-02,compute-heterogeneous,headline,U_STRONG,SHARED_NIC,128,PASS,129,2193,73956.74734810981,29.652466862525543,37067.03046992257,37274.397566117244,45.1631,0.6565640282116494,7051284480,3215360.0,858942.672462505,391.6747252451003,52,0,0,0,0,0,0.4468154060975549,0.01095375800921709,0.017011230919583648,ffa09c606e308efcf027a674222caaa67b5d58af8172268d1e1ac620f15ce914
compute-heterogeneous-03,compute-heterogeneous,headline,FLEX_FREE,SHARED_NIC,1,PASS,128,2176,227530.07288827706,9.563570970543617,1777.5786944397169,1777.5786944403226,44.723499999999994,0.2138377132948812,6996623360,3215360.0,868895.0181333381,399.30837230392376,52,0,0,0,0,0,0.14267323342325777,0.003532827221457888,0.004271942110778787,b0898d40728a9a0ebe80512cc5817a2a2e6c0a7b1ab169b7d96d6435b75ececb
compute-heterogeneous-03,compute-heterogeneous,headline,FLEX_FREE,SHARED_NIC,8,PASS,121,2057,37908.36233226045,54.26243375988494,2373.632624739792,2522.3724646263036,44.723499999999994,1.2132868348828905,6613995520,3215360.0,821377.3218291709,399.30837230392365,52,0,0,0,0,0,0.8095090109942545,0.020044793276478432,0.02423843316750339,b0898d40728a9a0ebe80512cc5817a2a2e6c0a7b1ab169b7d96d6435b75ececb
compute-heterogeneous-03,compute-heterogeneous,headline,FLEX_FREE,SHARED_NIC,32,PASS,97,1649,35477.2983756965,46.48042763959832,8880.585926161926,9024.650748389897,44.723499999999994,1.039284216119005,5302128640,3215360.0,658459.5059291692,399.30837230392314,52,0,0,0,0,0,0.693413885112864,0.017170084326863372,0.020762296507464473,b0898d40728a9a0ebe80512cc5817a2a2e6c0a7b1ab169b7d96d6435b75ececb
compute-heterogeneous-03,compute-heterogeneous,headline,FLEX_FREE,SHARED_NIC,64,PASS,65,1105,35775.60488243241,30.886969029071807,17781.309675636585,18107.265050243943,44.723499999999994,0.6906205692549064,3552972800,3215360.0,441235.7513958344,399.3083723039225,52,0,0,0,0,0,0.460784340451358,0.011409788802772788,0.013796869817353584,b0898d40728a9a0ebe80512cc5817a2a2e6c0a7b1ab169b7d96d6435b75ececb
compute-heterogeneous-03,compute-heterogeneous,headline,FLEX_FREE,SHARED_NIC,128,PASS,129,2193,71294.10538128916,30.75990628217552,35407.02134177902,35597.20366012639,44.723499999999994,0.6877794958394474,7051284480,3215360.0,875683.2604625048,399.30837230392376,52,0,0,0,0,0,0.45888876682063257,0.011362851238085822,0.013740112283912418,b0898d40728a9a0ebe80512cc5817a2a2e6c0a7b1ab169b7d96d6435b75ececb
compute-heterogeneous-03,compute-heterogeneous,headline,FLEX_FREE_NO_ALT,SHARED_NIC,1,PASS,128,2176,227530.07288827706,9.563570970543617,1777.5786944397169,1777.5786944403226,44.723499999999994,0.2138377132948812,6996623360,3215360.0,868895.0181333381,399.30837230392376,52,0,0,0,0,0,0.14267323342325777,0.003532827221457888,0.004271942110778787,b0898d40728a9a0ebe80512cc5817a2a2e6c0a7b1ab169b7d96d6435b75ececb
compute-heterogeneous-03,compute-heterogeneous,headline,FLEX_FREE_NO_ALT,SHARED_NIC,8,PASS,121,2057,37908.36233226045,54.26243375988494,2373.632624739792,2522.3724646263036,44.723499999999994,1.2132868348828905,6613995520,3215360.0,821377.3218291709,399.30837230392365,52,0,0,0,0,0,0.8095090109942545,0.020044793276478432,0.02423843316750339,b0898d40728a9a0ebe80512cc5817a2a2e6c0a7b1ab169b7d96d6435b75ececb
compute-heterogeneous-03,compute-heterogeneous,headline,FLEX_FREE_NO_ALT,SHARED_NIC,32,PASS,97,1649,35477.2983756965,46.48042763959832,8880.585926161926,9024.650748389897,44.723499999999994,1.039284216119005,5302128640,3215360.0,658459.5059291692,399.30837230392314,52,0,0,0,0,0,0.693413885112864,0.017170084326863372,0.020762296507464473,b0898d40728a9a0ebe80512cc5817a2a2e6c0a7b1ab169b7d96d6435b75ececb
compute-heterogeneous-03,compute-heterogeneous,headline,FLEX_FREE_NO_ALT,SHARED_NIC,64,PASS,65,1105,35775.60488243241,30.886969029071807,17781.309675636585,18107.265050243943,44.723499999999994,0.6906205692549064,3552972800,3215360.0,441235.7513958344,399.3083723039225,52,0,0,0,0,0,0.460784340451358,0.011409788802772788,0.013796869817353584,b0898d40728a9a0ebe80512cc5817a2a2e6c0a7b1ab169b7d96d6435b75ececb
compute-heterogeneous-03,compute-heterogeneous,headline,FLEX_FREE_NO_ALT,SHARED_NIC,128,PASS,129,2193,71294.10538128916,30.75990628217552,35407.02134177902,35597.20366012639,44.723499999999994,0.6877794958394474,7051284480,3215360.0,875683.2604625048,399.30837230392376,52,0,0,0,0,0,0.45888876682063257,0.011362851238085822,0.013740112283912418,b0898d40728a9a0ebe80512cc5817a2a2e6c0a7b1ab169b7d96d6435b75ececb
compute-heterogeneous-03,compute-heterogeneous,headline,FLEX_POOL,LEGACY_DIRECTED_LINK,1,PASS,128,2176,554263.3298356488,3.9259317419487805,4330.182264340816,4330.182264345,44.723499999999994,0.08778230107099805,6996623360,3215360.0,868895.0181333381,399.30837230392376,52,0,0,0,0,0,0.058568643192804824,0.0014502572909493295,0.0017536705885417597,b0898d40728a9a0ebe80512cc5817a2a2e6c0a7b1ab169b7d96d6435b75ececb
compute-heterogeneous-03,compute-heterogeneous,headline,FLEX_POOL,LEGACY_DIRECTED_LINK,8,PASS,121,2057,554263.3298354282,3.7112323498124336,34641.45811472135,34641.45811476,44.723499999999994,0.08298170648121087,6613995520,3215360.0,821377.3218291709,399.30837230392365,52,0,0,0,0,0,0.05536567051822035,0.0013709463453510835,0.001657766728231542,b0898d40728a9a0ebe80512cc5817a2a2e6c0a7b1ab169b7d96d6435b75ececb
compute-heterogeneous-03,compute-heterogeneous,headline,FLEX_POOL,LEGACY_DIRECTED_LINK,32,PASS,97,1649,554263.3298347064,2.9751201482006184,138565.83245856984,138565.83245904,44.723499999999994,0.0665225250304788,5302128640,3215360.0,658459.5059291692,399.30837230392314,52,0,0,0,0,0,0.04438404991962287,0.001099023103299407,0.0013289534928815623,b0898d40728a9a0ebe80512cc5817a2a2e6c0a7b1ab169b7d96d6435b75ececb
compute-heterogeneous-03,compute-heterogeneous,headline,FLEX_POOL,LEGACY_DIRECTED_LINK,64,PASS,65,1105,554263.3298336804,1.9936372127154451,277131.66491676867,277131.664916879,44.723499999999994,0.0445769497627745,3552972800,3215360.0,441235.7513958344,399.3083723039225,52,0,0,0,0,0,0.02974188912145182,0.0007364587805628207,0.0008905358457470257,b0898d40728a9a0ebe80512cc5817a2a2e6c0a7b1ab169b7d96d6435b75ececb
compute-heterogeneous-03,compute-heterogeneous,headline,FLEX_POOL,LEGACY_DIRECTED_LINK,128,PASS,129,2193,1108526.6596683473,1.9783015418466428,554263.3298348486,554263.3298348486,44.723499999999994,0.044234050149175336,7051284480,3215360.0,875683.2604625048,399.30837230392376,52,0,0,0,0,0,0.02951310535895285,0.0007307937130193805,0.0008836855700097228,b0898d40728a9a0ebe80512cc5817a2a2e6c0a7b1ab169b7d96d6435b75ececb
compute-heterogeneous-03,compute-heterogeneous,headline,FLEX_POOL,SHARED_NIC,1,PASS,128,2176,227530.07288827706,9.563570970543617,1777.5786944397169,1777.5786944403226,44.723499999999994,0.2138377132948812,6996623360,3215360.0,868895.0181333381,399.30837230392376,52,0,0,0,0,0,0.14267323342325777,0.003532827221457888,0.004271942110778787,b0898d40728a9a0ebe80512cc5817a2a2e6c0a7b1ab169b7d96d6435b75ececb
compute-heterogeneous-03,compute-heterogeneous,headline,FLEX_POOL,SHARED_NIC,8,PASS,121,2057,37908.36233226045,54.26243375988494,2373.632624739792,2522.3724646263036,44.723499999999994,1.2132868348828905,6613995520,3215360.0,821377.3218291709,399.30837230392365,52,0,0,0,0,0,0.8095090109942545,0.020044793276478432,0.02423843316750339,b0898d40728a9a0ebe80512cc5817a2a2e6c0a7b1ab169b7d96d6435b75ececb
compute-heterogeneous-03,compute-heterogeneous,headline,FLEX_POOL,SHARED_NIC,32,PASS,97,1649,35477.2983756965,46.48042763959832,8880.585926161926,9024.650748389897,44.723499999999994,1.039284216119005,5302128640,3215360.0,658459.5059291692,399.30837230392314,52,0,0,0,0,0,0.693413885112864,0.017170084326863372,0.020762296507464473,b0898d40728a9a0ebe80512cc5817a2a2e6c0a7b1ab169b7d96d6435b75ececb
compute-heterogeneous-03,compute-heterogeneous,headline,FLEX_POOL,SHARED_NIC,64,PASS,65,1105,35775.60488243241,30.886969029071807,17781.309675636585,18107.265050243943,44.723499999999994,0.6906205692549064,3552972800,3215360.0,441235.7513958344,399.3083723039225,52,0,0,0,0,0,0.460784340451358,0.011409788802772788,0.013796869817353584,b0898d40728a9a0ebe80512cc5817a2a2e6c0a7b1ab169b7d96d6435b75ececb
compute-heterogeneous-03,compute-heterogeneous,headline,FLEX_POOL,SHARED_NIC,128,PASS,129,2193,71294.10538128916,30.75990628217552,35407.02134177902,35597.20366012639,44.723499999999994,0.6877794958394474,7051284480,3215360.0,875683.2604625048,399.30837230392376,52,0,0,0,0,0,0.45888876682063257,0.011362851238085822,0.013740112283912418,b0898d40728a9a0ebe80512cc5817a2a2e6c0a7b1ab169b7d96d6435b75ececb
compute-heterogeneous-03,compute-heterogeneous,headline,FLEX_POOL_NO_ALT,SHARED_NIC,1,PASS,128,2176,227530.07288827706,9.563570970543617,1777.5786944397169,1777.5786944403226,44.723499999999994,0.2138377132948812,6996623360,3215360.0,868895.0181333381,399.30837230392376,52,0,0,0,0,0,0.14267323342325777,0.003532827221457888,0.004271942110778787,b0898d40728a9a0ebe80512cc5817a2a2e6c0a7b1ab169b7d96d6435b75ececb
compute-heterogeneous-03,compute-heterogeneous,headline,FLEX_POOL_NO_ALT,SHARED_NIC,8,PASS,121,2057,37908.36233226045,54.26243375988494,2373.632624739792,2522.3724646263036,44.723499999999994,1.2132868348828905,6613995520,3215360.0,821377.3218291709,399.30837230392365,52,0,0,0,0,0,0.8095090109942545,0.020044793276478432,0.02423843316750339,b0898d40728a9a0ebe80512cc5817a2a2e6c0a7b1ab169b7d96d6435b75ececb
compute-heterogeneous-03,compute-heterogeneous,headline,FLEX_POOL_NO_ALT,SHARED_NIC,32,PASS,97,1649,35477.2983756965,46.48042763959832,8880.585926161926,9024.650748389897,44.723499999999994,1.039284216119005,5302128640,3215360.0,658459.5059291692,399.30837230392314,52,0,0,0,0,0,0.693413885112864,0.017170084326863372,0.020762296507464473,b0898d40728a9a0ebe80512cc5817a2a2e6c0a7b1ab169b7d96d6435b75ececb
compute-heterogeneous-03,compute-heterogeneous,headline,FLEX_POOL_NO_ALT,SHARED_NIC,64,PASS,65,1105,35775.60488243241,30.886969029071807,17781.309675636585,18107.265050243943,44.723499999999994,0.6906205692549064,3552972800,3215360.0,441235.7513958344,399.3083723039225,52,0,0,0,0,0,0.460784340451358,0.011409788802772788,0.013796869817353584,b0898d40728a9a0ebe80512cc5817a2a2e6c0a7b1ab169b7d96d6435b75ececb
compute-heterogeneous-03,compute-heterogeneous,headline,FLEX_POOL_NO_ALT,SHARED_NIC,128,PASS,129,2193,71294.10538128916,30.75990628217552,35407.02134177902,35597.20366012639,44.723499999999994,0.6877794958394474,7051284480,3215360.0,875683.2604625048,399.30837230392376,52,0,0,0,0,0,0.45888876682063257,0.011362851238085822,0.013740112283912418,b0898d40728a9a0ebe80512cc5817a2a2e6c0a7b1ab169b7d96d6435b75ececb
compute-heterogeneous-03,compute-heterogeneous,headline,U_STRONG,LEGACY_DIRECTED_LINK,1,PASS,128,2176,554263.3298356488,3.9259317419487805,4330.182264340816,4330.182264345,44.723499999999994,0.08778230107099805,6996623360,3215360.0,868895.0181333381,399.30837230392376,52,0,0,0,0,0,0.058568643192804824,0.0014502572909493295,0.0017536705885417597,b0898d40728a9a0ebe80512cc5817a2a2e6c0a7b1ab169b7d96d6435b75ececb
compute-heterogeneous-03,compute-heterogeneous,headline,U_STRONG,LEGACY_DIRECTED_LINK,8,PASS,121,2057,554263.3298354282,3.7112323498124336,34641.45811472135,34641.45811476,44.723499999999994,0.08298170648121087,6613995520,3215360.0,821377.3218291709,399.30837230392365,52,0,0,0,0,0,0.05536567051822035,0.0013709463453510835,0.001657766728231542,b0898d40728a9a0ebe80512cc5817a2a2e6c0a7b1ab169b7d96d6435b75ececb
compute-heterogeneous-03,compute-heterogeneous,headline,U_STRONG,LEGACY_DIRECTED_LINK,32,PASS,97,1649,554263.3298347064,2.9751201482006184,138565.83245856984,138565.83245904,44.723499999999994,0.0665225250304788,5302128640,3215360.0,658459.5059291692,399.30837230392314,52,0,0,0,0,0,0.04438404991962287,0.001099023103299407,0.0013289534928815623,b0898d40728a9a0ebe80512cc5817a2a2e6c0a7b1ab169b7d96d6435b75ececb
compute-heterogeneous-03,compute-heterogeneous,headline,U_STRONG,LEGACY_DIRECTED_LINK,64,PASS,65,1105,554263.3298336804,1.9936372127154451,277131.66491676867,277131.664916879,44.723499999999994,0.0445769497627745,3552972800,3215360.0,441235.7513958344,399.3083723039225,52,0,0,0,0,0,0.02974188912145182,0.0007364587805628207,0.0008905358457470257,b0898d40728a9a0ebe80512cc5817a2a2e6c0a7b1ab169b7d96d6435b75ececb
compute-heterogeneous-03,compute-heterogeneous,headline,U_STRONG,LEGACY_DIRECTED_LINK,128,PASS,129,2193,1108526.6596683473,1.9783015418466428,554263.3298348486,554263.3298348486,44.723499999999994,0.044234050149175336,7051284480,3215360.0,875683.2604625048,399.30837230392376,52,0,0,0,0,0,0.02951310535895285,0.0007307937130193805,0.0008836855700097228,b0898d40728a9a0ebe80512cc5817a2a2e6c0a7b1ab169b7d96d6435b75ececb
compute-heterogeneous-03,compute-heterogeneous,headline,U_STRONG,SHARED_NIC,1,PASS,128,2176,227530.07288827706,9.563570970543617,1777.5786944397169,1777.5786944403226,44.723499999999994,0.2138377132948812,6996623360,3215360.0,868895.0181333381,399.30837230392376,52,0,0,0,0,0,0.14267323342325777,0.003532827221457888,0.004271942110778787,b0898d40728a9a0ebe80512cc5817a2a2e6c0a7b1ab169b7d96d6435b75ececb
compute-heterogeneous-03,compute-heterogeneous,headline,U_STRONG,SHARED_NIC,8,PASS,121,2057,37908.36233226045,54.26243375988494,2373.632624739792,2522.3724646263036,44.723499999999994,1.2132868348828905,6613995520,3215360.0,821377.3218291709,399.30837230392365,52,0,0,0,0,0,0.8095090109942545,0.020044793276478432,0.02423843316750339,b0898d40728a9a0ebe80512cc5817a2a2e6c0a7b1ab169b7d96d6435b75ececb
compute-heterogeneous-03,compute-heterogeneous,headline,U_STRONG,SHARED_NIC,32,PASS,97,1649,35477.2983756965,46.48042763959832,8880.585926161926,9024.650748389897,44.723499999999994,1.039284216119005,5302128640,3215360.0,658459.5059291692,399.30837230392314,52,0,0,0,0,0,0.693413885112864,0.017170084326863372,0.020762296507464473,b0898d40728a9a0ebe80512cc5817a2a2e6c0a7b1ab169b7d96d6435b75ececb
compute-heterogeneous-03,compute-heterogeneous,headline,U_STRONG,SHARED_NIC,64,PASS,65,1105,35775.60488243241,30.886969029071807,17781.309675636585,18107.265050243943,44.723499999999994,0.6906205692549064,3552972800,3215360.0,441235.7513958344,399.3083723039225,52,0,0,0,0,0,0.460784340451358,0.011409788802772788,0.013796869817353584,b0898d40728a9a0ebe80512cc5817a2a2e6c0a7b1ab169b7d96d6435b75ececb
compute-heterogeneous-03,compute-heterogeneous,headline,U_STRONG,SHARED_NIC,128,PASS,129,2193,71294.10538128916,30.75990628217552,35407.02134177902,35597.20366012639,44.723499999999994,0.6877794958394474,7051284480,3215360.0,875683.2604625048,399.30837230392376,52,0,0,0,0,0,0.45888876682063257,0.011362851238085822,0.013740112283912418,b0898d40728a9a0ebe80512cc5817a2a2e6c0a7b1ab169b7d96d6435b75ececb
compute-heterogeneous-04,compute-heterogeneous,headline,FLEX_FREE,SHARED_NIC,1,PASS,128,2176,228686.67105701403,9.515202569272173,1786.6146176330585,1786.6146176336406,46.743199999999995,0.20356335401239484,6934233088,3186688.0,874777.0368000013,402.0115058823535,52,0,0,0,0,0,0.14195165398120982,0.0035149597109645305,0.0035149597109645305,8a1ecdc8b3dedcbacf805df3a4ae4d8cc1ac40b1a1d7b8c3984b7a9cda0a6e75
compute-heterogeneous-04,compute-heterogeneous,headline,FLEX_FREE,SHARED_NIC,8,PASS,121,2057,37045.278404159035,55.52664438254195,2306.368835433337,2420.4310195403305,46.743199999999995,1.1879084954077161,6555017216,3186688.0,826937.6676000014,402.0115058823536,52,0,0,0,0,0,0.8283690181838339,0.020511798510729862,0.020511798510729862,8a1ecdc8b3dedcbacf805df3a4ae4d8cc1ac40b1a1d7b8c3984b7a9cda0a6e75
compute-heterogeneous-04,compute-heterogeneous,headline,FLEX_FREE,SHARED_NIC,32,PASS,97,1649,35488.2535932945,46.46607913981933,8865.138693774541,9108.490435607779,46.743199999999995,0.9940714187265599,5254848512,3186688.0,662916.973200002,402.01150588235413,52,0,0,0,0,0,0.6931998283693581,0.017164783924873105,0.017164783924873105,8a1ecdc8b3dedcbacf805df3a4ae4d8cc1ac40b1a1d7b8c3984b7a9cda0a6e75
compute-heterogeneous-04,compute-heterogeneous,headline,FLEX_FREE,SHARED_NIC,64,PASS,65,1105,35823.51180120331,30.845663767751635,17889.696352529158,18048.19922198917,46.743199999999995,0.65989627941073,3521290240,3186688.0,444222.7140000021,402.0115058823548,52,0,0,0,0,0,0.46016813179790694,0.011394530448750969,0.011394530448750969,8a1ecdc8b3dedcbacf805df3a4ae4d8cc1ac40b1a1d7b8c3984b7a9cda0a6e75
compute-heterogeneous-04,compute-heterogeneous,headline,FLEX_FREE,SHARED_NIC,128,PASS,129,2193,71129.21036041896,30.83121531769923,35617.11925691251,35808.60328610767,46.743199999999995,0.6595871766952034,6988406784,3186688.0,881611.2324000013,402.0115058823535,52,0,0,0,0,0,0.4599525839556544,0.011389193124668776,0.011389193124668776,8a1ecdc8b3dedcbacf805df3a4ae4d8cc1ac40b1a1d7b8c3984b7a9cda0a6e75
compute-heterogeneous-04,compute-heterogeneous,headline,FLEX_FREE_NO_ALT,SHARED_NIC,1,PASS,128,2176,228686.67105701403,9.515202569272173,1786.6146176330585,1786.6146176336406,46.743199999999995,0.20356335401239484,6934233088,3186688.0,874777.0368000013,402.0115058823535,52,0,0,0,0,0,0.14195165398120982,0.0035149597109645305,0.0035149597109645305,8a1ecdc8b3dedcbacf805df3a4ae4d8cc1ac40b1a1d7b8c3984b7a9cda0a6e75
compute-heterogeneous-04,compute-heterogeneous,headline,FLEX_FREE_NO_ALT,SHARED_NIC,8,PASS,121,2057,37045.278404159035,55.52664438254195,2306.368835433337,2420.4310195403305,46.743199999999995,1.1879084954077161,6555017216,3186688.0,826937.6676000014,402.0115058823536,52,0,0,0,0,0,0.8283690181838339,0.020511798510729862,0.020511798510729862,8a1ecdc8b3dedcbacf805df3a4ae4d8cc1ac40b1a1d7b8c3984b7a9cda0a6e75
compute-heterogeneous-04,compute-heterogeneous,headline,FLEX_FREE_NO_ALT,SHARED_NIC,32,PASS,97,1649,35488.2535932945,46.46607913981933,8865.138693774541,9108.490435607779,46.743199999999995,0.9940714187265599,5254848512,3186688.0,662916.973200002,402.01150588235413,52,0,0,0,0,0,0.6931998283693581,0.017164783924873105,0.017164783924873105,8a1ecdc8b3dedcbacf805df3a4ae4d8cc1ac40b1a1d7b8c3984b7a9cda0a6e75
compute-heterogeneous-04,compute-heterogeneous,headline,FLEX_FREE_NO_ALT,SHARED_NIC,64,PASS,65,1105,35823.51180120331,30.845663767751635,17889.696352529158,18048.19922198917,46.743199999999995,0.65989627941073,3521290240,3186688.0,444222.7140000021,402.0115058823548,52,0,0,0,0,0,0.46016813179790694,0.011394530448750969,0.011394530448750969,8a1ecdc8b3dedcbacf805df3a4ae4d8cc1ac40b1a1d7b8c3984b7a9cda0a6e75
compute-heterogeneous-04,compute-heterogeneous,headline,FLEX_FREE_NO_ALT,SHARED_NIC,128,PASS,129,2193,71129.21036041896,30.83121531769923,35617.11925691251,35808.60328610767,46.743199999999995,0.6595871766952034,6988406784,3186688.0,881611.2324000013,402.0115058823535,52,0,0,0,0,0,0.4599525839556544,0.011389193124668776,0.011389193124668776,8a1ecdc8b3dedcbacf805df3a4ae4d8cc1ac40b1a1d7b8c3984b7a9cda0a6e75
compute-heterogeneous-04,compute-heterogeneous,headline,FLEX_POOL,LEGACY_DIRECTED_LINK,1,PASS,128,2176,603677.3780189918,3.604574362452824,4716.229515773423,4716.229515779822,46.743199999999995,0.07711441156045852,6934233088,3186688.0,874777.0368000013,402.0115058823535,52,0,0,0,0,0,0.05377450337219483,0.0013315463929389022,0.0013315463929389022,8a1ecdc8b3dedcbacf805df3a4ae4d8cc1ac40b1a1d7b8c3984b7a9cda0a6e75
compute-heterogeneous-04,compute-heterogeneous,headline,FLEX_POOL,LEGACY_DIRECTED_LINK,8,PASS,121,2057,603677.3780187583,3.4074492020075033,37729.836126182345,37729.83612623857,46.743199999999995,0.07289721717827415,6555017216,3186688.0,826937.6676000014,402.0115058823536,52,0,0,0,0,0,0.05083371021904759,0.0012587274495755429,0.0012587274495755429,8a1ecdc8b3dedcbacf805df3a4ae4d8cc1ac40b1a1d7b8c3984b7a9cda0a6e75
compute-heterogeneous-04,compute-heterogeneous,headline,FLEX_POOL,LEGACY_DIRECTED_LINK,32,PASS,97,1649,603677.3780179573,2.731591509050962,150919.34450421855,150919.3445049543,46.743199999999995,0.05843826501076012,5254848512,3186688.0,662916.973200002,402.01150588235413,52,0,0,0,0,0,0.040750990836811225,0.0010090625009007406,0.0010090625009007406,8a1ecdc8b3dedcbacf805df3a4ae4d8cc1ac40b1a1d7b8c3984b7a9cda0a6e75
compute-heterogeneous-04,compute-heterogeneous,headline,FLEX_POOL,LEGACY_DIRECTED_LINK,64,PASS,65,1105,603677.3780172804,1.8304479184382643,301838.68900845957,301838.6890088049,46.743199999999995,0.039159662120656365,3521290240,3186688.0,444222.7140000021,402.0115058823548,52,0,0,0,0,0,0.0273073649937701,0.0006761759026662023,0.0006761759026662023,8a1ecdc8b3dedcbacf805df3a4ae4d8cc1ac40b1a1d7b8c3984b7a9cda0a6e75
compute-heterogeneous-04,compute-heterogeneous,headline,FLEX_POOL,LEGACY_DIRECTED_LINK,128,PASS,129,2193,1207354.7560328154,1.8163675498375187,603677.3780182062,603677.378018409,46.743199999999995,0.03885843395055364,6988406784,3186688.0,881611.2324000013,402.0115058823535,52,0,0,0,0,0,0.02709730834001104,0.0006709745495697408,0.0006709745495697408,8a1ecdc8b3dedcbacf805df3a4ae4d8cc1ac40b1a1d7b8c3984b7a9cda0a6e75
compute-heterogeneous-04,compute-heterogeneous,headline,FLEX_POOL,SHARED_NIC,1,PASS,128,2176,228686.67105701403,9.515202569272173,1786.6146176330585,1786.6146176336406,46.743199999999995,0.20356335401239484,6934233088,3186688.0,874777.0368000013,402.0115058823535,52,0,0,0,0,0,0.14195165398120982,0.0035149597109645305,0.0035149597109645305,8a1ecdc8b3dedcbacf805df3a4ae4d8cc1ac40b1a1d7b8c3984b7a9cda0a6e75
compute-heterogeneous-04,compute-heterogeneous,headline,FLEX_POOL,SHARED_NIC,8,PASS,121,2057,37045.278404159035,55.52664438254195,2306.368835433337,2420.4310195403305,46.743199999999995,1.1879084954077161,6555017216,3186688.0,826937.6676000014,402.0115058823536,52,0,0,0,0,0,0.8283690181838339,0.020511798510729862,0.020511798510729862,8a1ecdc8b3dedcbacf805df3a4ae4d8cc1ac40b1a1d7b8c3984b7a9cda0a6e75
compute-heterogeneous-04,compute-heterogeneous,headline,FLEX_POOL,SHARED_NIC,32,PASS,97,1649,35488.2535932945,46.46607913981933,8865.138693774541,9108.490435607779,46.743199999999995,0.9940714187265599,5254848512,3186688.0,662916.973200002,402.01150588235413,52,0,0,0,0,0,0.6931998283693581,0.017164783924873105,0.017164783924873105,8a1ecdc8b3dedcbacf805df3a4ae4d8cc1ac40b1a1d7b8c3984b7a9cda0a6e75
compute-heterogeneous-04,compute-heterogeneous,headline,FLEX_POOL,SHARED_NIC,64,PASS,65,1105,35823.51180120331,30.845663767751635,17889.696352529158,18048.19922198917,46.743199999999995,0.65989627941073,3521290240,3186688.0,444222.7140000021,402.0115058823548,52,0,0,0,0,0,0.46016813179790694,0.011394530448750969,0.011394530448750969,8a1ecdc8b3dedcbacf805df3a4ae4d8cc1ac40b1a1d7b8c3984b7a9cda0a6e75
compute-heterogeneous-04,compute-heterogeneous,headline,FLEX_POOL,SHARED_NIC,128,PASS,129,2193,71129.21036041896,30.83121531769923,35617.11925691251,35808.60328610767,46.743199999999995,0.6595871766952034,6988406784,3186688.0,881611.2324000013,402.0115058823535,52,0,0,0,0,0,0.4599525839556544,0.011389193124668776,0.011389193124668776,8a1ecdc8b3dedcbacf805df3a4ae4d8cc1ac40b1a1d7b8c3984b7a9cda0a6e75
compute-heterogeneous-04,compute-heterogeneous,headline,FLEX_POOL_NO_ALT,SHARED_NIC,1,PASS,128,2176,228686.67105701403,9.515202569272173,1786.6146176330585,1786.6146176336406,46.743199999999995,0.20356335401239484,6934233088,3186688.0,874777.0368000013,402.0115058823535,52,0,0,0,0,0,0.14195165398120982,0.0035149597109645305,0.0035149597109645305,8a1ecdc8b3dedcbacf805df3a4ae4d8cc1ac40b1a1d7b8c3984b7a9cda0a6e75
compute-heterogeneous-04,compute-heterogeneous,headline,FLEX_POOL_NO_ALT,SHARED_NIC,8,PASS,121,2057,37045.278404159035,55.52664438254195,2306.368835433337,2420.4310195403305,46.743199999999995,1.1879084954077161,6555017216,3186688.0,826937.6676000014,402.0115058823536,52,0,0,0,0,0,0.8283690181838339,0.020511798510729862,0.020511798510729862,8a1ecdc8b3dedcbacf805df3a4ae4d8cc1ac40b1a1d7b8c3984b7a9cda0a6e75
compute-heterogeneous-04,compute-heterogeneous,headline,FLEX_POOL_NO_ALT,SHARED_NIC,32,PASS,97,1649,35488.2535932945,46.46607913981933,8865.138693774541,9108.490435607779,46.743199999999995,0.9940714187265599,5254848512,3186688.0,662916.973200002,402.01150588235413,52,0,0,0,0,0,0.6931998283693581,0.017164783924873105,0.017164783924873105,8a1ecdc8b3dedcbacf805df3a4ae4d8cc1ac40b1a1d7b8c3984b7a9cda0a6e75
compute-heterogeneous-04,compute-heterogeneous,headline,FLEX_POOL_NO_ALT,SHARED_NIC,64,PASS,65,1105,35823.51180120331,30.845663767751635,17889.696352529158,18048.19922198917,46.743199999999995,0.65989627941073,3521290240,3186688.0,444222.7140000021,402.0115058823548,52,0,0,0,0,0,0.46016813179790694,0.011394530448750969,0.011394530448750969,8a1ecdc8b3dedcbacf805df3a4ae4d8cc1ac40b1a1d7b8c3984b7a9cda0a6e75
compute-heterogeneous-04,compute-heterogeneous,headline,FLEX_POOL_NO_ALT,SHARED_NIC,128,PASS,129,2193,71129.21036041896,30.83121531769923,35617.11925691251,35808.60328610767,46.743199999999995,0.6595871766952034,6988406784,3186688.0,881611.2324000013,402.0115058823535,52,0,0,0,0,0,0.4599525839556544,0.011389193124668776,0.011389193124668776,8a1ecdc8b3dedcbacf805df3a4ae4d8cc1ac40b1a1d7b8c3984b7a9cda0a6e75
compute-heterogeneous-04,compute-heterogeneous,headline,U_STRONG,LEGACY_DIRECTED_LINK,1,PASS,128,2176,603677.3780189918,3.604574362452824,4716.229515773423,4716.229515779822,46.743199999999995,0.07711441156045852,6934233088,3186688.0,874777.0368000013,402.0115058823535,52,0,0,0,0,0,0.05377450337219483,0.0013315463929389022,0.0013315463929389022,8a1ecdc8b3dedcbacf805df3a4ae4d8cc1ac40b1a1d7b8c3984b7a9cda0a6e75
compute-heterogeneous-04,compute-heterogeneous,headline,U_STRONG,LEGACY_DIRECTED_LINK,8,PASS,121,2057,603677.3780187583,3.4074492020075033,37729.836126182345,37729.83612623857,46.743199999999995,0.07289721717827415,6555017216,3186688.0,826937.6676000014,402.0115058823536,52,0,0,0,0,0,0.05083371021904759,0.0012587274495755429,0.0012587274495755429,8a1ecdc8b3dedcbacf805df3a4ae4d8cc1ac40b1a1d7b8c3984b7a9cda0a6e75
compute-heterogeneous-04,compute-heterogeneous,headline,U_STRONG,LEGACY_DIRECTED_LINK,32,PASS,97,1649,603677.3780179573,2.731591509050962,150919.34450421855,150919.3445049543,46.743199999999995,0.05843826501076012,5254848512,3186688.0,662916.973200002,402.01150588235413,52,0,0,0,0,0,0.040750990836811225,0.0010090625009007406,0.0010090625009007406,8a1ecdc8b3dedcbacf805df3a4ae4d8cc1ac40b1a1d7b8c3984b7a9cda0a6e75
compute-heterogeneous-04,compute-heterogeneous,headline,U_STRONG,LEGACY_DIRECTED_LINK,64,PASS,65,1105,603677.3780172804,1.8304479184382643,301838.68900845957,301838.6890088049,46.743199999999995,0.039159662120656365,3521290240,3186688.0,444222.7140000021,402.0115058823548,52,0,0,0,0,0,0.0273073649937701,0.0006761759026662023,0.0006761759026662023,8a1ecdc8b3dedcbacf805df3a4ae4d8cc1ac40b1a1d7b8c3984b7a9cda0a6e75
compute-heterogeneous-04,compute-heterogeneous,headline,U_STRONG,LEGACY_DIRECTED_LINK,128,PASS,129,2193,1207354.7560328154,1.8163675498375187,603677.3780182062,603677.378018409,46.743199999999995,0.03885843395055364,6988406784,3186688.0,881611.2324000013,402.0115058823535,52,0,0,0,0,0,0.02709730834001104,0.0006709745495697408,0.0006709745495697408,8a1ecdc8b3dedcbacf805df3a4ae4d8cc1ac40b1a1d7b8c3984b7a9cda0a6e75
compute-heterogeneous-04,compute-heterogeneous,headline,U_STRONG,SHARED_NIC,1,PASS,128,2176,228686.67105701403,9.515202569272173,1786.6146176330585,1786.6146176336406,46.743199999999995,0.20356335401239484,6934233088,3186688.0,874777.0368000013,402.0115058823535,52,0,0,0,0,0,0.14195165398120982,0.0035149597109645305,0.0035149597109645305,8a1ecdc8b3dedcbacf805df3a4ae4d8cc1ac40b1a1d7b8c3984b7a9cda0a6e75
compute-heterogeneous-04,compute-heterogeneous,headline,U_STRONG,SHARED_NIC,8,PASS,121,2057,37045.278404159035,55.52664438254195,2306.368835433337,2420.4310195403305,46.743199999999995,1.1879084954077161,6555017216,3186688.0,826937.6676000014,402.0115058823536,52,0,0,0,0,0,0.8283690181838339,0.020511798510729862,0.020511798510729862,8a1ecdc8b3dedcbacf805df3a4ae4d8cc1ac40b1a1d7b8c3984b7a9cda0a6e75
compute-heterogeneous-04,compute-heterogeneous,headline,U_STRONG,SHARED_NIC,32,PASS,97,1649,35488.2535932945,46.46607913981933,8865.138693774541,9108.490435607779,46.743199999999995,0.9940714187265599,5254848512,3186688.0,662916.973200002,402.01150588235413,52,0,0,0,0,0,0.6931998283693581,0.017164783924873105,0.017164783924873105,8a1ecdc8b3dedcbacf805df3a4ae4d8cc1ac40b1a1d7b8c3984b7a9cda0a6e75
compute-heterogeneous-04,compute-heterogeneous,headline,U_STRONG,SHARED_NIC,64,PASS,65,1105,35823.51180120331,30.845663767751635,17889.696352529158,18048.19922198917,46.743199999999995,0.65989627941073,3521290240,3186688.0,444222.7140000021,402.0115058823548,52,0,0,0,0,0,0.46016813179790694,0.011394530448750969,0.011394530448750969,8a1ecdc8b3dedcbacf805df3a4ae4d8cc1ac40b1a1d7b8c3984b7a9cda0a6e75
compute-heterogeneous-04,compute-heterogeneous,headline,U_STRONG,SHARED_NIC,128,PASS,129,2193,71129.21036041896,30.83121531769923,35617.11925691251,35808.60328610767,46.743199999999995,0.6595871766952034,6988406784,3186688.0,881611.2324000013,402.0115058823535,52,0,0,0,0,0,0.4599525839556544,0.011389193124668776,0.011389193124668776,8a1ecdc8b3dedcbacf805df3a4ae4d8cc1ac40b1a1d7b8c3984b7a9cda0a6e75
compute-heterogeneous-05,compute-heterogeneous,headline,FLEX_FREE,SHARED_NIC,1,PASS,128,2176,218367.37826472588,9.964858383572496,1705.9951426933226,1705.9951426935513,46.88820000000001,0.21252379881446704,6871842816,3158016.0,854695.1808000046,392.782711764708,52,0,0,0,0,0,0.15015453068383758,0.0036810646424738844,0.004707365337114774,f620716c8319551d401217cab621f16d0b8da18b8963be230f5f4646a254c6ef
compute-heterogeneous-05,compute-heterogeneous,headline,FLEX_FREE,SHARED_NIC,8,PASS,121,2057,38272.425044265605,53.746267648859174,2405.8913585929477,2546.7098654666825,46.88820000000001,1.1462642551614086,6496038912,3158016.0,807954.0381000043,392.782711764708,52,0,0,0,0,0,0.8098705755945839,0.019854119134628857,0.025389554732320116,f620716c8319551d401217cab621f16d0b8da18b8963be230f5f4646a254c6ef
compute-heterogeneous-05,compute-heterogeneous,headline,FLEX_FREE,SHARED_NIC,32,PASS,97,1649,36963.51766556759,44.61155496399314,9218.733790018588,9407.414583237196,46.88820000000001,0.9514452455840303,5207568384,3158016.0,647698.6917000032,392.7827117647078,52,0,0,0,0,0,0.6722250172403449,0.01647971414169377,0.02107434741054532,f620716c8319551d401217cab621f16d0b8da18b8963be230f5f4646a254c6ef
compute-heterogeneous-05,compute-heterogeneous,headline,FLEX_FREE,SHARED_NIC,64,PASS,65,1105,36736.92473058992,30.078728911129954,18407.677279768548,18630.841156656425,46.88820000000001,0.6414989040127356,3489607680,3158016.0,434024.89650000184,392.7827117647075,52,0,0,0,0,0,0.4532384956581697,0.011111221175791816,0.0142090896238069,f620716c8319551d401217cab621f16d0b8da18b8963be230f5f4646a254c6ef
compute-heterogeneous-05,compute-heterogeneous,headline,FLEX_FREE,SHARED_NIC,128,PASS,129,2193,73073.06547663729,30.01105791437119,36601.12918184578,36856.48600047162,46.88820000000001,0.6400556624986923,6925529088,3158016.0,861372.4869000047,392.78271176470804,52,0,0,0,0,0,0.452218801612545,0.011086223197506432,0.014177122074223324,f620716c8319551d401217cab621f16d0b8da18b8963be230f5f4646a254c6ef
compute-heterogeneous-05,compute-heterogeneous,headline,FLEX_FREE_NO_ALT,SHARED_NIC,1,PASS,128,2176,218367.37826472588,9.964858383572496,1705.9951426933226,1705.9951426935513,46.88820000000001,0.21252379881446704,6871842816,3158016.0,854695.1808000046,392.782711764708,52,0,0,0,0,0,0.15015453068383758,0.0036810646424738844,0.004707365337114774,f620716c8319551d401217cab621f16d0b8da18b8963be230f5f4646a254c6ef
compute-heterogeneous-05,compute-heterogeneous,headline,FLEX_FREE_NO_ALT,SHARED_NIC,8,PASS,121,2057,38272.425044265605,53.746267648859174,2405.8913585929477,2546.7098654666825,46.88820000000001,1.1462642551614086,6496038912,3158016.0,807954.0381000043,392.782711764708,52,0,0,0,0,0,0.8098705755945839,0.019854119134628857,0.025389554732320116,f620716c8319551d401217cab621f16d0b8da18b8963be230f5f4646a254c6ef
compute-heterogeneous-05,compute-heterogeneous,headline,FLEX_FREE_NO_ALT,SHARED_NIC,32,PASS,97,1649,36963.51766556759,44.61155496399314,9218.733790018588,9407.414583237196,46.88820000000001,0.9514452455840303,5207568384,3158016.0,647698.6917000032,392.7827117647078,52,0,0,0,0,0,0.6722250172403449,0.01647971414169377,0.02107434741054532,f620716c8319551d401217cab621f16d0b8da18b8963be230f5f4646a254c6ef
compute-heterogeneous-05,compute-heterogeneous,headline,FLEX_FREE_NO_ALT,SHARED_NIC,64,PASS,65,1105,36736.92473058992,30.078728911129954,18407.677279768548,18630.841156656425,46.88820000000001,0.6414989040127356,3489607680,3158016.0,434024.89650000184,392.7827117647075,52,0,0,0,0,0,0.4532384956581697,0.011111221175791816,0.0142090896238069,f620716c8319551d401217cab621f16d0b8da18b8963be230f5f4646a254c6ef
compute-heterogeneous-05,compute-heterogeneous,headline,FLEX_FREE_NO_ALT,SHARED_NIC,128,PASS,129,2193,73073.06547663729,30.01105791437119,36601.12918184578,36856.48600047162,46.88820000000001,0.6400556624986923,6925529088,3158016.0,861372.4869000047,392.78271176470804,52,0,0,0,0,0,0.452218801612545,0.011086223197506432,0.014177122074223324,f620716c8319551d401217cab621f16d0b8da18b8963be230f5f4646a254c6ef
compute-heterogeneous-05,compute-heterogeneous,headline,FLEX_POOL,LEGACY_DIRECTED_LINK,1,PASS,128,2176,604044.8626304218,3.602381436577769,4719.100489300022,4719.100489306846,46.88820000000001,0.07682916888636732,6871842816,3158016.0,854695.1808000046,392.782711764708,52,0,0,0,0,0,0.054282145629407405,0.0013307363160073987,0.0017017527849234133,f620716c8319551d401217cab621f16d0b8da18b8963be230f5f4646a254c6ef
compute-heterogeneous-05,compute-heterogeneous,headline,FLEX_POOL,LEGACY_DIRECTED_LINK,8,PASS,121,2057,604044.8626301686,3.40537620176635,37752.80391439746,37752.803914454766,46.88820000000001,0.07262757371292455,6496038912,3158016.0,807954.0381000043,392.782711764708,52,0,0,0,0,0,0.051313590790320704,0.0012579616737262713,0.0016086881794985883,f620716c8319551d401217cab621f16d0b8da18b8963be230f5f4646a254c6ef
compute-heterogeneous-05,compute-heterogeneous,headline,FLEX_POOL,LEGACY_DIRECTED_LINK,32,PASS,97,1649,604044.8626292706,2.729929682411793,151011.21565702558,151011.21565781906,46.88820000000001,0.05822210454681119,5207568384,3158016.0,647698.6917000032,392.7827117647078,52,0,0,0,0,0,0.0411356884848637,0.0010084486144762781,0.0012896095323272315,f620716c8319551d401217cab621f16d0b8da18b8963be230f5f4646a254c6ef
compute-heterogeneous-05,compute-heterogeneous,headline,FLEX_POOL,LEGACY_DIRECTED_LINK,64,PASS,65,1105,604044.8626285212,1.8293343232679042,302022.43131407513,302022.43131443055,46.88820000000001,0.039014812325231164,3489607680,3158016.0,434024.89650000184,392.7827117647075,52,0,0,0,0,0,0.027565152077520205,0.0006757645354746324,0.0008641713360966397,f620716c8319551d401217cab621f16d0b8da18b8963be230f5f4646a254c6ef
compute-heterogeneous-05,compute-heterogeneous,headline,FLEX_POOL,LEGACY_DIRECTED_LINK,128,PASS,129,2193,1208089.7252560386,1.8152625207827364,604044.8626295009,604044.8626296818,46.88820000000001,0.038714698384300014,6925529088,3158016.0,861372.4869000047,392.78271176470804,52,0,0,0,0,0,0.02735311244617737,0.0006705663467407703,0.0008575238642812243,f620716c8319551d401217cab621f16d0b8da18b8963be230f5f4646a254c6ef
compute-heterogeneous-05,compute-heterogeneous,headline,FLEX_POOL,SHARED_NIC,1,PASS,128,2176,218367.37826472588,9.964858383572496,1705.9951426933226,1705.9951426935513,46.88820000000001,0.21252379881446704,6871842816,3158016.0,854695.1808000046,392.782711764708,52,0,0,0,0,0,0.15015453068383758,0.0036810646424738844,0.004707365337114774,f620716c8319551d401217cab621f16d0b8da18b8963be230f5f4646a254c6ef
compute-heterogeneous-05,compute-heterogeneous,headline,FLEX_POOL,SHARED_NIC,8,PASS,121,2057,38272.425044265605,53.746267648859174,2405.8913585929477,2546.7098654666825,46.88820000000001,1.1462642551614086,6496038912,3158016.0,807954.0381000043,392.782711764708,52,0,0,0,0,0,0.8098705755945839,0.019854119134628857,0.025389554732320116,f620716c8319551d401217cab621f16d0b8da18b8963be230f5f4646a254c6ef
compute-heterogeneous-05,compute-heterogeneous,headline,FLEX_POOL,SHARED_NIC,32,PASS,97,1649,36963.51766556759,44.61155496399314,9218.733790018588,9407.414583237196,46.88820000000001,0.9514452455840303,5207568384,3158016.0,647698.6917000032,392.7827117647078,52,0,0,0,0,0,0.6722250172403449,0.01647971414169377,0.02107434741054532,f620716c8319551d401217cab621f16d0b8da18b8963be230f5f4646a254c6ef
compute-heterogeneous-05,compute-heterogeneous,headline,FLEX_POOL,SHARED_NIC,64,PASS,65,1105,36736.92473058992,30.078728911129954,18407.677279768548,18630.841156656425,46.88820000000001,0.6414989040127356,3489607680,3158016.0,434024.89650000184,392.7827117647075,52,0,0,0,0,0,0.4532384956581697,0.011111221175791816,0.0142090896238069,f620716c8319551d401217cab621f16d0b8da18b8963be230f5f4646a254c6ef
compute-heterogeneous-05,compute-heterogeneous,headline,FLEX_POOL,SHARED_NIC,128,PASS,129,2193,73073.06547663729,30.01105791437119,36601.12918184578,36856.48600047162,46.88820000000001,0.6400556624986923,6925529088,3158016.0,861372.4869000047,392.78271176470804,52,0,0,0,0,0,0.452218801612545,0.011086223197506432,0.014177122074223324,f620716c8319551d401217cab621f16d0b8da18b8963be230f5f4646a254c6ef
compute-heterogeneous-05,compute-heterogeneous,headline,FLEX_POOL_NO_ALT,SHARED_NIC,1,PASS,128,2176,218367.37826472588,9.964858383572496,1705.9951426933226,1705.9951426935513,46.88820000000001,0.21252379881446704,6871842816,3158016.0,854695.1808000046,392.782711764708,52,0,0,0,0,0,0.15015453068383758,0.0036810646424738844,0.004707365337114774,f620716c8319551d401217cab621f16d0b8da18b8963be230f5f4646a254c6ef
compute-heterogeneous-05,compute-heterogeneous,headline,FLEX_POOL_NO_ALT,SHARED_NIC,8,PASS,121,2057,38272.425044265605,53.746267648859174,2405.8913585929477,2546.7098654666825,46.88820000000001,1.1462642551614086,6496038912,3158016.0,807954.0381000043,392.782711764708,52,0,0,0,0,0,0.8098705755945839,0.019854119134628857,0.025389554732320116,f620716c8319551d401217cab621f16d0b8da18b8963be230f5f4646a254c6ef
compute-heterogeneous-05,compute-heterogeneous,headline,FLEX_POOL_NO_ALT,SHARED_NIC,32,PASS,97,1649,36963.51766556759,44.61155496399314,9218.733790018588,9407.414583237196,46.88820000000001,0.9514452455840303,5207568384,3158016.0,647698.6917000032,392.7827117647078,52,0,0,0,0,0,0.6722250172403449,0.01647971414169377,0.02107434741054532,f620716c8319551d401217cab621f16d0b8da18b8963be230f5f4646a254c6ef
compute-heterogeneous-05,compute-heterogeneous,headline,FLEX_POOL_NO_ALT,SHARED_NIC,64,PASS,65,1105,36736.92473058992,30.078728911129954,18407.677279768548,18630.841156656425,46.88820000000001,0.6414989040127356,3489607680,3158016.0,434024.89650000184,392.7827117647075,52,0,0,0,0,0,0.4532384956581697,0.011111221175791816,0.0142090896238069,f620716c8319551d401217cab621f16d0b8da18b8963be230f5f4646a254c6ef
compute-heterogeneous-05,compute-heterogeneous,headline,FLEX_POOL_NO_ALT,SHARED_NIC,128,PASS,129,2193,73073.06547663729,30.01105791437119,36601.12918184578,36856.48600047162,46.88820000000001,0.6400556624986923,6925529088,3158016.0,861372.4869000047,392.78271176470804,52,0,0,0,0,0,0.452218801612545,0.011086223197506432,0.014177122074223324,f620716c8319551d401217cab621f16d0b8da18b8963be230f5f4646a254c6ef
compute-heterogeneous-05,compute-heterogeneous,headline,U_STRONG,LEGACY_DIRECTED_LINK,1,PASS,128,2176,604044.8626304218,3.602381436577769,4719.100489300022,4719.100489306846,46.88820000000001,0.07682916888636732,6871842816,3158016.0,854695.1808000046,392.782711764708,52,0,0,0,0,0,0.054282145629407405,0.0013307363160073987,0.0017017527849234133,f620716c8319551d401217cab621f16d0b8da18b8963be230f5f4646a254c6ef
compute-heterogeneous-05,compute-heterogeneous,headline,U_STRONG,LEGACY_DIRECTED_LINK,8,PASS,121,2057,604044.8626301686,3.40537620176635,37752.80391439746,37752.803914454766,46.88820000000001,0.07262757371292455,6496038912,3158016.0,807954.0381000043,392.782711764708,52,0,0,0,0,0,0.051313590790320704,0.0012579616737262713,0.0016086881794985883,f620716c8319551d401217cab621f16d0b8da18b8963be230f5f4646a254c6ef
compute-heterogeneous-05,compute-heterogeneous,headline,U_STRONG,LEGACY_DIRECTED_LINK,32,PASS,97,1649,604044.8626292706,2.729929682411793,151011.21565702558,151011.21565781906,46.88820000000001,0.05822210454681119,5207568384,3158016.0,647698.6917000032,392.7827117647078,52,0,0,0,0,0,0.0411356884848637,0.0010084486144762781,0.0012896095323272315,f620716c8319551d401217cab621f16d0b8da18b8963be230f5f4646a254c6ef
compute-heterogeneous-05,compute-heterogeneous,headline,U_STRONG,LEGACY_DIRECTED_LINK,64,PASS,65,1105,604044.8626285212,1.8293343232679042,302022.43131407513,302022.43131443055,46.88820000000001,0.039014812325231164,3489607680,3158016.0,434024.89650000184,392.7827117647075,52,0,0,0,0,0,0.027565152077520205,0.0006757645354746324,0.0008641713360966397,f620716c8319551d401217cab621f16d0b8da18b8963be230f5f4646a254c6ef
compute-heterogeneous-05,compute-heterogeneous,headline,U_STRONG,LEGACY_DIRECTED_LINK,128,PASS,129,2193,1208089.7252560386,1.8152625207827364,604044.8626295009,604044.8626296818,46.88820000000001,0.038714698384300014,6925529088,3158016.0,861372.4869000047,392.78271176470804,52,0,0,0,0,0,0.02735311244617737,0.0006705663467407703,0.0008575238642812243,f620716c8319551d401217cab621f16d0b8da18b8963be230f5f4646a254c6ef
compute-heterogeneous-05,compute-heterogeneous,headline,U_STRONG,SHARED_NIC,1,PASS,128,2176,218367.37826472588,9.964858383572496,1705.9951426933226,1705.9951426935513,46.88820000000001,0.21252379881446704,6871842816,3158016.0,854695.1808000046,392.782711764708,52,0,0,0,0,0,0.15015453068383758,0.0036810646424738844,0.004707365337114774,f620716c8319551d401217cab621f16d0b8da18b8963be230f5f4646a254c6ef
compute-heterogeneous-05,compute-heterogeneous,headline,U_STRONG,SHARED_NIC,8,PASS,121,2057,38272.425044265605,53.746267648859174,2405.8913585929477,2546.7098654666825,46.88820000000001,1.1462642551614086,6496038912,3158016.0,807954.0381000043,392.782711764708,52,0,0,0,0,0,0.8098705755945839,0.019854119134628857,0.025389554732320116,f620716c8319551d401217cab621f16d0b8da18b8963be230f5f4646a254c6ef
compute-heterogeneous-05,compute-heterogeneous,headline,U_STRONG,SHARED_NIC,32,PASS,97,1649,36963.51766556759,44.61155496399314,9218.733790018588,9407.414583237196,46.88820000000001,0.9514452455840303,5207568384,3158016.0,647698.6917000032,392.7827117647078,52,0,0,0,0,0,0.6722250172403449,0.01647971414169377,0.02107434741054532,f620716c8319551d401217cab621f16d0b8da18b8963be230f5f4646a254c6ef
compute-heterogeneous-05,compute-heterogeneous,headline,U_STRONG,SHARED_NIC,64,PASS,65,1105,36736.92473058992,30.078728911129954,18407.677279768548,18630.841156656425,46.88820000000001,0.6414989040127356,3489607680,3158016.0,434024.89650000184,392.7827117647075,52,0,0,0,0,0,0.4532384956581697,0.011111221175791816,0.0142090896238069,f620716c8319551d401217cab621f16d0b8da18b8963be230f5f4646a254c6ef
compute-heterogeneous-05,compute-heterogeneous,headline,U_STRONG,SHARED_NIC,128,PASS,129,2193,73073.06547663729,30.01105791437119,36601.12918184578,36856.48600047162,46.88820000000001,0.6400556624986923,6925529088,3158016.0,861372.4869000047,392.78271176470804,52,0,0,0,0,0,0.452218801612545,0.011086223197506432,0.014177122074223324,f620716c8319551d401217cab621f16d0b8da18b8963be230f5f4646a254c6ef
compute-heterogeneous-06,compute-heterogeneous,headline,FLEX_FREE,SHARED_NIC,1,PASS,128,2176,226526.12999590306,9.605955834054795,1769.7353905931004,1769.7353905935888,46.44860000000001,0.2068082963545681,7501381632,3447326.117647059,906249.9360000045,416.47515441176677,52,3,8,15722348544,17587754601,0,0.14474644139549359,0.008108522300156821,0.011764094152529778,9b31f1e413c3c9c0d2e161184ac286e0a886f0e1fab92189975c79ca0ac96547
compute-heterogeneous-06,compute-heterogeneous,headline,FLEX_FREE,SHARED_NIC,8,PASS,121,2057,38019.585570473195,54.10369337632941,2353.3931847069907,2546.798836560345,46.44860000000001,1.1648078386932952,7100884224,3452058.4462809917,856320.604875004,416.29587013855325,52,3,8,15722348544,17587754601,0,0.8152564115289007,0.04562598743283481,0.06621512702534878,9b31f1e413c3c9c0d2e161184ac286e0a886f0e1fab92189975c79ca0ac96547
compute-heterogeneous-06,compute-heterogeneous,headline,FLEX_FREE,SHARED_NIC,32,PASS,97,1649,37036.04810281502,44.52418885033967,9260.819855207796,9449.053944567868,46.44860000000001,0.9585690171574527,5691754368,3451640.004851425,686451.9050750032,416.2837508035192,52,3,8,15722348544,17587754601,0,0.6709085491794505,0.037585797490477774,0.05452946957606143,9b31f1e413c3c9c0d2e161184ac286e0a886f0e1fab92189975c79ca0ac96547
compute-heterogeneous-06,compute-heterogeneous,headline,FLEX_FREE,SHARED_NIC,64,PASS,65,1105,37104.69215410966,29.780600130315648,18595.505674501437,18774.585283238484,46.44860000000001,0.641151727507732,3815256960,3452721.230769231,459986.43295000243,416.27731488688005,52,3,8,15722348544,17587754601,0,0.44874617018364865,0.02519286884250475,0.03652579919248546,9b31f1e413c3c9c0d2e161184ac286e0a886f0e1fab92189975c79ca0ac96547
compute-heterogeneous-06,compute-heterogeneous,headline,FLEX_FREE,SHARED_NIC,128,PASS,129,2193,74414.73023389258,29.469971779877348,37148.5980652462,37394.55316510573,46.44860000000001,0.634464155644677,7568914176,3451397.2530779755,912753.1101750039,416.21208854309344,52,3,8,15722348544,17587754601,0,0.4440654961206783,0.02511184217273279,0.03632647527046735,9b31f1e413c3c9c0d2e161184ac286e0a886f0e1fab92189975c79ca0ac96547
compute-heterogeneous-06,compute-heterogeneous,headline,FLEX_FREE_NO_ALT,SHARED_NIC,1,PASS,128,2176,226526.12999590306,9.605955834054795,1769.7353905931004,1769.7353905935888,46.44860000000001,0.2068082963545681,7497695232,3445632.0,907467.6320000028,417.03475735294245,52,0,0,0,0,0,0.14474644139549359,0.007546195160579991,0.011202067894091923,bf83c02267a0966d330af2834fa46b9a96042bb7e38b9b54e8a8643544cd291c
compute-heterogeneous-06,compute-heterogeneous,headline,FLEX_FREE_NO_ALT,SHARED_NIC,8,PASS,121,2057,38482.98344282648,53.45219668469962,2392.4012496269643,2604.1817493867093,46.44860000000001,1.1507816529389392,7087665024,3445632.0,857840.4958750028,417.03475735294256,52,0,0,0,0,0,0.8054393949484129,0.04199068941317279,0.062333738223904527,bf83c02267a0966d330af2834fa46b9a96042bb7e38b9b54e8a8643544cd291c
compute-heterogeneous-06,compute-heterogeneous,headline,FLEX_FREE_NO_ALT,SHARED_NIC,32,PASS,97,1649,36799.91607963499,44.80988479516,9233.747704800098,9467.898391906405,46.44860000000001,0.964719814917134,5681847168,3445632.0,687690.314875003,417.03475735294296,52,0,0,0,0,0,0.6752135316349457,0.035201508483789105,0.05225543199170986,bf83c02267a0966d330af2834fa46b9a96042bb7e38b9b54e8a8643544cd291c
compute-heterogeneous-06,compute-heterogeneous,headline,FLEX_FREE_NO_ALT,SHARED_NIC,64,PASS,65,1105,37064.80501756302,29.81264839991469,18512.11071029558,18695.631199168925,46.44860000000001,0.6418417002862234,3807423360,3445632.0,460823.4068750026,417.03475735294353,52,0,0,0,0,0,0.44922908651779414,0.023420060113325078,0.0347662759695997,bf83c02267a0966d330af2834fa46b9a96042bb7e38b9b54e8a8643544cd291c
compute-heterogeneous-06,compute-heterogeneous,headline,FLEX_FREE_NO_ALT,SHARED_NIC,128,PASS,129,2193,74382.62877479392,29.48269019423448,37163.03755773946,37317.12470478953,46.44860000000001,0.634737972602715,7556270976,3445632.0,914557.2228750028,417.03475735294245,52,0,0,0,0,0,0.4442571423503915,0.02316085331934103,0.03438149237428702,bf83c02267a0966d330af2834fa46b9a96042bb7e38b9b54e8a8643544cd291c
compute-heterogeneous-06,compute-heterogeneous,headline,FLEX_POOL,LEGACY_DIRECTED_LINK,1,PASS,128,2176,591240.5271706162,3.6803972326005057,4619.06661852017,4619.066618526238,46.44860000000001,0.07923591308673468,7497695232,3445632.0,907467.6320000028,417.03475735294245,52,3,8,15722348544,17587754601,0,0.055457719309112856,0.0028912266790985853,0.004291926840914488,9b31f1e413c3c9c0d2e161184ac286e0a886f0e1fab92189975c79ca0ac96547
compute-heterogeneous-06,compute-heterogeneous,headline,FLEX_POOL,LEGACY_DIRECTED_LINK,8,PASS,121,2057,591240.5271703976,3.4791255089439517,36952.53294816078,36952.532948209904,46.44860000000001,0.07490269908983158,7087665024,3445632.0,857840.4958750028,417.03475735294256,52,3,8,15722348544,17587754601,0,0.05242487528441513,0.0027331127200863918,0.004057212091803475,9b31f1e413c3c9c0d2e161184ac286e0a886f0e1fab92189975c79ca0ac96547
compute-heterogeneous-06,compute-heterogeneous,headline,FLEX_POOL,LEGACY_DIRECTED_LINK,32,PASS,97,1649,591240.5271696583,2.7890510278345895,147810.13179217884,147810.13179283962,46.44860000000001,0.06004596538613841,5681847168,3445632.0,687690.314875003,417.03475735294296,52,3,8,15722348544,17587754601,0,0.042026552914005186,0.0021910077177579464,0.0032524758091357743,9b31f1e413c3c9c0d2e161184ac286e0a886f0e1fab92189975c79ca0ac96547
compute-heterogeneous-06,compute-heterogeneous,headline,FLEX_POOL,LEGACY_DIRECTED_LINK,64,PASS,65,1105,591240.5271687995,1.8689517196856869,295620.2635842934,295620.26358448266,46.44860000000001,0.040236987114481086,3807423360,3445632.0,460823.4068750026,417.03475735294353,52,3,8,15722348544,17587754601,0,0.028162123086745428,0.0014682010479842619,0.002179494098908585,9b31f1e413c3c9c0d2e161184ac286e0a886f0e1fab92189975c79ca0ac96547
compute-heterogeneous-06,compute-heterogeneous,headline,FLEX_POOL,LEGACY_DIRECTED_LINK,128,PASS,129,2193,1182481.0543359732,1.854575167998347,591240.5271695256,591240.5271695256,46.44860000000001,0.03992747182903998,7556270976,3445632.0,914557.2228750028,417.03475735294245,52,3,8,15722348544,17587754601,0,0.027945491370731945,0.001456907193771001,0.002162728759689185,9b31f1e413c3c9c0d2e161184ac286e0a886f0e1fab92189975c79ca0ac96547
compute-heterogeneous-06,compute-heterogeneous,headline,FLEX_POOL,SHARED_NIC,1,PASS,128,2176,226526.12999590306,9.605955834054795,1769.7353905931004,1769.7353905935888,46.44860000000001,0.2068082963545681,7501381632,3447326.117647059,906249.9360000045,416.47515441176677,52,3,8,15722348544,17587754601,0,0.14474644139549359,0.008108522300156821,0.011764094152529778,9b31f1e413c3c9c0d2e161184ac286e0a886f0e1fab92189975c79ca0ac96547
compute-heterogeneous-06,compute-heterogeneous,headline,FLEX_POOL,SHARED_NIC,8,PASS,121,2057,38019.585570473195,54.10369337632941,2353.3931847069907,2546.798836560345,46.44860000000001,1.1648078386932952,7100884224,3452058.4462809917,856320.604875004,416.29587013855325,52,3,8,15722348544,17587754601,0,0.8152564115289007,0.04562598743283481,0.06621512702534878,9b31f1e413c3c9c0d2e161184ac286e0a886f0e1fab92189975c79ca0ac96547
compute-heterogeneous-06,compute-heterogeneous,headline,FLEX_POOL,SHARED_NIC,32,PASS,97,1649,37036.04810281502,44.52418885033967,9260.819855207796,9449.053944567868,46.44860000000001,0.9585690171574527,5691754368,3451640.004851425,686451.9050750032,416.2837508035192,52,3,8,15722348544,17587754601,0,0.6709085491794505,0.037585797490477774,0.05452946957606143,9b31f1e413c3c9c0d2e161184ac286e0a886f0e1fab92189975c79ca0ac96547
compute-heterogeneous-06,compute-heterogeneous,headline,FLEX_POOL,SHARED_NIC,64,PASS,65,1105,37104.69215410966,29.780600130315648,18595.505674501437,18774.585283238484,46.44860000000001,0.641151727507732,3815256960,3452721.230769231,459986.43295000243,416.27731488688005,52,3,8,15722348544,17587754601,0,0.44874617018364865,0.02519286884250475,0.03652579919248546,9b31f1e413c3c9c0d2e161184ac286e0a886f0e1fab92189975c79ca0ac96547
compute-heterogeneous-06,compute-heterogeneous,headline,FLEX_POOL,SHARED_NIC,128,PASS,129,2193,74414.73023389258,29.469971779877348,37148.5980652462,37394.55316510573,46.44860000000001,0.634464155644677,7568914176,3451397.2530779755,912753.1101750039,416.21208854309344,52,3,8,15722348544,17587754601,0,0.4440654961206783,0.02511184217273279,0.03632647527046735,9b31f1e413c3c9c0d2e161184ac286e0a886f0e1fab92189975c79ca0ac96547
compute-heterogeneous-06,compute-heterogeneous,headline,FLEX_POOL_NO_ALT,SHARED_NIC,1,PASS,128,2176,226526.12999590306,9.605955834054795,1769.7353905931004,1769.7353905935888,46.44860000000001,0.2068082963545681,7497695232,3445632.0,907467.6320000028,417.03475735294245,52,0,0,0,0,0,0.14474644139549359,0.007546195160579991,0.011202067894091923,bf83c02267a0966d330af2834fa46b9a96042bb7e38b9b54e8a8643544cd291c
compute-heterogeneous-06,compute-heterogeneous,headline,FLEX_POOL_NO_ALT,SHARED_NIC,8,PASS,121,2057,38482.98344282648,53.45219668469962,2392.4012496269643,2604.1817493867093,46.44860000000001,1.1507816529389392,7087665024,3445632.0,857840.4958750028,417.03475735294256,52,0,0,0,0,0,0.8054393949484129,0.04199068941317279,0.062333738223904527,bf83c02267a0966d330af2834fa46b9a96042bb7e38b9b54e8a8643544cd291c
compute-heterogeneous-06,compute-heterogeneous,headline,FLEX_POOL_NO_ALT,SHARED_NIC,32,PASS,97,1649,36799.91607963499,44.80988479516,9233.747704800098,9467.898391906405,46.44860000000001,0.964719814917134,5681847168,3445632.0,687690.314875003,417.03475735294296,52,0,0,0,0,0,0.6752135316349457,0.035201508483789105,0.05225543199170986,bf83c02267a0966d330af2834fa46b9a96042bb7e38b9b54e8a8643544cd291c
compute-heterogeneous-06,compute-heterogeneous,headline,FLEX_POOL_NO_ALT,SHARED_NIC,64,PASS,65,1105,37064.80501756302,29.81264839991469,18512.11071029558,18695.631199168925,46.44860000000001,0.6418417002862234,3807423360,3445632.0,460823.4068750026,417.03475735294353,52,0,0,0,0,0,0.44922908651779414,0.023420060113325078,0.0347662759695997,bf83c02267a0966d330af2834fa46b9a96042bb7e38b9b54e8a8643544cd291c
compute-heterogeneous-06,compute-heterogeneous,headline,FLEX_POOL_NO_ALT,SHARED_NIC,128,PASS,129,2193,74382.62877479392,29.48269019423448,37163.03755773946,37317.12470478953,46.44860000000001,0.634737972602715,7556270976,3445632.0,914557.2228750028,417.03475735294245,52,0,0,0,0,0,0.4442571423503915,0.02316085331934103,0.03438149237428702,bf83c02267a0966d330af2834fa46b9a96042bb7e38b9b54e8a8643544cd291c
compute-heterogeneous-06,compute-heterogeneous,headline,U_STRONG,LEGACY_DIRECTED_LINK,1,PASS,128,2176,587012.9104026244,3.7069031386507505,4586.038362520296,4586.038362526218,46.44860000000001,0.07980656335499346,7059013632,3244032.0,847702.396800001,389.5691161764711,52,0,0,0,0,0,0.05585712105975745,0.0013693471147826547,0.002502074839533949,b763e9e0f3ca583a39ccda3627f6b84e3ee10356e4b6fa691497e8f611dd3e7d
compute-heterogeneous-06,compute-heterogeneous,headline,U_STRONG,LEGACY_DIRECTED_LINK,8,PASS,121,2057,587012.910402399,3.504181873257133,36688.306900160154,36688.30690020975,46.44860000000001,0.07544214192154622,6672973824,3244032.0,801343.6719750012,389.5691161764712,52,0,0,0,0,0,0.052802434751822246,0.0012944609444434751,0.0023652426217478442,b763e9e0f3ca583a39ccda3627f6b84e3ee10356e4b6fa691497e8f611dd3e7d
compute-heterogeneous-06,compute-heterogeneous,headline,U_STRONG,LEGACY_DIRECTED_LINK,32,PASS,97,1649,587012.9104016374,2.8091375347634946,146753.22760018217,146753.227600839,46.44860000000001,0.06047841129255766,5349408768,3244032.0,642399.4725750019,389.5691161764717,52,0,0,0,0,0,0.04232922455316863,0.0010377083604229747,0.0018961035893375084,b763e9e0f3ca583a39ccda3627f6b84e3ee10356e4b6fa691497e8f611dd3e7d
compute-heterogeneous-06,compute-heterogeneous,headline,U_STRONG,LEGACY_DIRECTED_LINK,64,PASS,65,1105,587012.9104007691,1.8824117501020337,293506.45520026237,293506.4552004788,46.44860000000001,0.0405267704538357,3584655360,3244032.0,430473.87337500195,389.56911617647233,52,0,0,0,0,0,0.028364944288247755,0.0006953715817277636,0.0012705848794548485,b763e9e0f3ca583a39ccda3627f6b84e3ee10356e4b6fa691497e8f611dd3e7d
compute-heterogeneous-06,compute-heterogeneous,headline,U_STRONG,LEGACY_DIRECTED_LINK,128,PASS,129,2193,1174025.8208003785,1.8679316597184787,587012.9104016423,587012.9104016423,46.44860000000001,0.040215026065769,7114162176,3244032.0,854325.071775001,389.569116176471,52,0,0,0,0,0,0.02814675240913517,0.0006900225695613096,0.0012608111496141344,b763e9e0f3ca583a39ccda3627f6b84e3ee10356e4b6fa691497e8f611dd3e7d
compute-heterogeneous-06,compute-heterogeneous,headline,U_STRONG,SHARED_NIC,1,PASS,128,2176,218483.16934738017,9.95957723654329,1706.899760526671,1706.899760526947,46.44860000000001,0.21442147312391088,7059013632,3244032.0,847702.396800001,389.5691161764711,52,0,0,0,0,0,0.1500749522168771,0.003679113762405888,0.006722486853276758,b763e9e0f3ca583a39ccda3627f6b84e3ee10356e4b6fa691497e8f611dd3e7d
compute-heterogeneous-06,compute-heterogeneous,headline,U_STRONG,SHARED_NIC,8,PASS,121,2057,39051.785531106536,52.67364787613885,2433.036341213614,2660.6287993997466,46.44860000000001,1.134020140028738,6672973824,3244032.0,801343.6719750012,389.5691161764712,52,0,0,0,0,0,0.793707905501797,0.019457888443915963,0.03555350763908237,b763e9e0f3ca583a39ccda3627f6b84e3ee10356e4b6fa691497e8f611dd3e7d
compute-heterogeneous-06,compute-heterogeneous,headline,U_STRONG,SHARED_NIC,32,PASS,97,1649,37415.169214908514,44.07303333384195,9357.339007060695,9591.229131940849,46.44860000000001,0.9488560114587293,5349408768,3244032.0,642399.4725750019,389.5691161764717,52,0,0,0,0,0,0.6641103547408004,0.01628078176798087,0.029748289524145707,b763e9e0f3ca583a39ccda3627f6b84e3ee10356e4b6fa691497e8f611dd3e7d
compute-heterogeneous-06,compute-heterogeneous,headline,U_STRONG,SHARED_NIC,64,PASS,65,1105,37330.470404356354,29.60048421653561,18610.750876575665,18861.940068723285,46.44860000000001,0.6372739806266626,3584655360,3244032.0,430473.87337500195,389.56911617647233,52,0,0,0,0,0,0.44603211048894026,0.010934555380056662,0.019979649865675485,b763e9e0f3ca583a39ccda3627f6b84e3ee10356e4b6fa691497e8f611dd3e7d
compute-heterogeneous-06,compute-heterogeneous,headline,U_STRONG,SHARED_NIC,128,PASS,129,2193,74890.486441386,29.282758120637652,37520.820343612795,37820.1269638015,46.44860000000001,0.6304336001652934,7114162176,3244032.0,854325.071775001,389.569116176471,52,0,0,0,0,0,0.44124448471653405,0.010817185894953976,0.01976519201752708,b763e9e0f3ca583a39ccda3627f6b84e3ee10356e4b6fa691497e8f611dd3e7d
network-heterogeneous-01,network-heterogeneous,headline,FLEX_FREE,SHARED_NIC,1,PASS,128,2176,209290.5501772234,10.397029384066329,1635.082423260019,1635.0824232602317,47.38990000000001,0.2193933598523383,7811596288,3589888.0,685805.894400002,315.1681500000009,48,2,4,7861174272,8693736663,0,0.1493887381610154,0.1453022788700635,0.16083705673732487,08a0d98d9cc7962ba4915384d3d1f434f4bb6df39807aaa197093ccd95e67c50
network-heterogeneous-01,network-heterogeneous,headline,FLEX_FREE,SHARED_NIC,8,PASS,121,2057,40521.59922324007,50.763050803292664,2542.7082870400773,2679.235872239813,47.38990000000001,1.0711786858231955,7395718016,3595390.382109869,648369.3954500037,315.20145622265613,48,2,4,7861174272,8693736663,0,0.7293841177682132,0.7067351587973709,0.7852800430401095,08a0d98d9cc7962ba4915384d3d1f434f4bb6df39807aaa197093ccd95e67c50
network-heterogeneous-01,network-heterogeneous,headline,FLEX_FREE,SHARED_NIC,32,PASS,97,1649,34198.43618016006,48.218579098556965,8520.031998080041,8638.541886079955,47.38990000000001,1.0174864074107974,5935421312,3599406.4960582172,519807.2078500026,315.22571731352497,48,2,4,7861174272,8693736663,0,0.6928241155584074,0.6730727814295123,0.7459182864437233,08a0d98d9cc7962ba4915384d3d1f434f4bb6df39807aaa197093ccd95e67c50
network-heterogeneous-01,network-heterogeneous,headline,FLEX_FREE,SHARED_NIC,64,PASS,65,1105,33843.10719040022,32.65066631687528,16921.68823296005,16981.145390080077,47.38990000000001,0.6889794305722374,3977568640,3599609.6289592762,348325.8406500018,315.22700511312377,48,2,4,7861174272,8693736663,0,0.46913802597013343,0.45571018476384817,0.5050901442066398,08a0d98d9cc7962ba4915384d3d1f434f4bb6df39807aaa197093ccd95e67c50
network-heterogeneous-01,network-heterogeneous,headline,FLEX_FREE,SHARED_NIC,128,PASS,129,2193,67331.89491776144,32.57000271087736,33666.48549696093,33725.67337856094,47.38990000000001,0.6872773040432107,7892784384,3599080.886456908,691285.412950004,315.2236265161897,48,2,4,7861174272,8693736663,0,0.4679790185392228,0.4544705550475743,0.5038423169191254,08a0d98d9cc7962ba4915384d3d1f434f4bb6df39807aaa197093ccd95e67c50
network-heterogeneous-01,network-heterogeneous,headline,FLEX_FREE_NO_ALT,SHARED_NIC,1,PASS,128,2176,215080.93803257972,10.117121581785119,1680.3198283800048,1680.319828380234,47.38990000000001,0.2134868734009803,7811596288,3589888.0,685805.894400002,315.1681500000009,48,0,0,0,0,0,0.14536690924820156,0.14103584510369388,0.1565070173180157,182a141f82ae1531a7d9cd3d41869de9d1de1e0e258d7c58baa7367083ff6722
network-heterogeneous-01,network-heterogeneous,headline,FLEX_FREE_NO_ALT,SHARED_NIC,8,PASS,121,2057,46295.65196454049,44.43181838276153,2902.6197868401505,3086.2129382797757,47.38990000000001,0.9375799143438057,7384399616,3589888.0,648300.8845500019,315.16815000000094,48,0,0,0,0,0,0.6384144006145097,0.619393471201215,0.6873389148175887,182a141f82ae1531a7d9cd3d41869de9d1de1e0e258d7c58baa7367083ff6722
network-heterogeneous-01,network-heterogeneous,headline,FLEX_FREE_NO_ALT,SHARED_NIC,32,PASS,97,1649,34788.16079200011,47.40118369175769,8697.258792000019,8756.002522880002,47.38990000000001,1.0002381033038195,5919725312,3589888.0,519712.2793500018,315.16815000000105,48,0,0,0,0,0,0.6810794465871445,0.6607873540749607,0.7332735716349261,182a141f82ae1531a7d9cd3d41869de9d1de1e0e258d7c58baa7367083ff6722
network-heterogeneous-01,network-heterogeneous,headline,FLEX_FREE_NO_ALT,SHARED_NIC,64,PASS,65,1105,34669.51677920041,31.872379619174055,17334.927328000143,17394.03411916815,47.38990000000001,0.6725563805615552,3966826240,3589888.0,348260.80575000163,315.16815000000145,48,0,0,0,0,0,0.45795528680472614,0.444310959270176,0.4930504223657152,182a141f82ae1531a7d9cd3d41869de9d1de1e0e258d7c58baa7367083ff6722
network-heterogeneous-01,network-heterogeneous,headline,FLEX_FREE_NO_ALT,SHARED_NIC,128,PASS,129,2193,68984.84822016126,31.789589403765355,34492.22240992097,34610.893863232995,47.38990000000001,0.670809379293169,7872624384,3589888.0,691163.752950002,315.1681500000009,48,0,0,0,0,0,0.45676572338664806,0.443156837724628,0.49176969745082827,182a141f82ae1531a7d9cd3d41869de9d1de1e0e258d7c58baa7367083ff6722
network-heterogeneous-01,network-heterogeneous,headline,FLEX_POOL,LEGACY_DIRECTED_LINK,1,PASS,128,2176,518128.0245534787,4.199734229537711,4047.875191825082,4047.8751918294583,47.38990000000001,0.08862087131514752,7811596288,3589888.0,685805.894400002,315.1681500000009,48,2,4,7861174272,8693736663,0,0.0603434860080088,0.05854561116871059,0.06496787376527173,08a0d98d9cc7962ba4915384d3d1f434f4bb6df39807aaa197093ccd95e67c50
network-heterogeneous-01,network-heterogeneous,headline,FLEX_POOL,LEGACY_DIRECTED_LINK,8,PASS,121,2057,518128.0245532005,3.970061263861999,32383.001534600276,32383.001534635667,47.38990000000001,0.08377441741514538,7384399616,3589888.0,648300.8845500019,315.16815000000094,48,2,4,7861174272,8693736663,0,0.05704345161697643,0.05534389805795143,0.06141494316876643,08a0d98d9cc7962ba4915384d3d1f434f4bb6df39807aaa197093ccd95e67c50
network-heterogeneous-01,network-heterogeneous,headline,FLEX_POOL,LEGACY_DIRECTED_LINK,32,PASS,97,1649,518128.02455234004,3.1826110958285403,129532.00613812258,129532.00613854267,47.38990000000001,0.06715800404365782,5919725312,3589888.0,519712.2793500018,315.16815000000105,48,2,4,7861174272,8693736663,0,0.045729047990544607,0.04436659596388594,0.0492334668378532,08a0d98d9cc7962ba4915384d3d1f434f4bb6df39807aaa197093ccd95e67c50
network-heterogeneous-01,network-heterogeneous,headline,FLEX_POOL,LEGACY_DIRECTED_LINK,64,PASS,65,1105,518128.02455048444,2.132677538449444,259064.01227521896,259064.01227521896,47.38990000000001,0.04500278621498343,3966826240,3589888.0,348260.80575000163,315.16815000000145,48,2,4,7861174272,8693736663,0,0.030643176488618952,0.029730193171782552,0.03299149839661772,08a0d98d9cc7962ba4915384d3d1f434f4bb6df39807aaa197093ccd95e67c50
network-heterogeneous-01,network-heterogeneous,headline,FLEX_POOL,LEGACY_DIRECTED_LINK,128,PASS,129,2193,1036256.049103232,2.116272326610595,518128.02455163,518128.02455163,47.38990000000001,0.0446566109363091,7872624384,3589888.0,691163.752950002,315.1681500000009,48,2,4,7861174272,8693736663,0,0.0304074597463325,0.02950149937808913,0.032737717639649146,08a0d98d9cc7962ba4915384d3d1f434f4bb6df39807aaa197093ccd95e67c50
network-heterogeneous-01,network-heterogeneous,headline,FLEX_POOL,SHARED_NIC,1,PASS,128,2176,209290.5501772234,10.397029384066329,1635.082423260019,1635.0824232602317,47.38990000000001,0.2193933598523383,7811596288,3589888.0,685805.894400002,315.1681500000009,48,2,4,7861174272,8693736663,0,0.1493887381610154,0.1453022788700635,0.16083705673732487,08a0d98d9cc7962ba4915384d3d1f434f4bb6df39807aaa197093ccd95e67c50
network-heterogeneous-01,network-heterogeneous,headline,FLEX_POOL,SHARED_NIC,8,PASS,121,2057,40521.59922324007,50.763050803292664,2542.7082870400773,2679.235872239813,47.38990000000001,1.0711786858231955,7395718016,3595390.382109869,648369.3954500037,315.20145622265613,48,2,4,7861174272,8693736663,0,0.7293841177682132,0.7067351587973709,0.7852800430401095,08a0d98d9cc7962ba4915384d3d1f434f4bb6df39807aaa197093ccd95e67c50
network-heterogeneous-01,network-heterogeneous,headline,FLEX_POOL,SHARED_NIC,32,PASS,97,1649,34198.43618016006,48.218579098556965,8520.031998080041,8638.541886079955,47.38990000000001,1.0174864074107974,5935421312,3599406.4960582172,519807.2078500026,315.22571731352497,48,2,4,7861174272,8693736663,0,0.6928241155584074,0.6730727814295123,0.7459182864437233,08a0d98d9cc7962ba4915384d3d1f434f4bb6df39807aaa197093ccd95e67c50
network-heterogeneous-01,network-heterogeneous,headline,FLEX_POOL,SHARED_NIC,64,PASS,65,1105,33843.10719040022,32.65066631687528,16921.68823296005,16981.145390080077,47.38990000000001,0.6889794305722374,3977568640,3599609.6289592762,348325.8406500018,315.22700511312377,48,2,4,7861174272,8693736663,0,0.46913802597013343,0.45571018476384817,0.5050901442066398,08a0d98d9cc7962ba4915384d3d1f434f4bb6df39807aaa197093ccd95e67c50
network-heterogeneous-01,network-heterogeneous,headline,FLEX_POOL,SHARED_NIC,128,PASS,129,2193,67331.89491776144,32.57000271087736,33666.48549696093,33725.67337856094,47.38990000000001,0.6872773040432107,7892784384,3599080.886456908,691285.412950004,315.2236265161897,48,2,4,7861174272,8693736663,0,0.4679790185392228,0.4544705550475743,0.5038423169191254,08a0d98d9cc7962ba4915384d3d1f434f4bb6df39807aaa197093ccd95e67c50
network-heterogeneous-01,network-heterogeneous,headline,FLEX_POOL_NO_ALT,SHARED_NIC,1,PASS,128,2176,215080.93803257972,10.117121581785119,1680.3198283800048,1680.319828380234,47.38990000000001,0.2134868734009803,7811596288,3589888.0,685805.894400002,315.1681500000009,48,0,0,0,0,0,0.14536690924820156,0.14103584510369388,0.1565070173180157,182a141f82ae1531a7d9cd3d41869de9d1de1e0e258d7c58baa7367083ff6722
network-heterogeneous-01,network-heterogeneous,headline,FLEX_POOL_NO_ALT,SHARED_NIC,8,PASS,121,2057,46295.65196454049,44.43181838276153,2902.6197868401505,3086.2129382797757,47.38990000000001,0.9375799143438057,7384399616,3589888.0,648300.8845500019,315.16815000000094,48,0,0,0,0,0,0.6384144006145097,0.619393471201215,0.6873389148175887,182a141f82ae1531a7d9cd3d41869de9d1de1e0e258d7c58baa7367083ff6722
network-heterogeneous-01,network-heterogeneous,headline,FLEX_POOL_NO_ALT,SHARED_NIC,32,PASS,97,1649,34788.16079200011,47.40118369175769,8697.258792000019,8756.002522880002,47.38990000000001,1.0002381033038195,5919725312,3589888.0,519712.2793500018,315.16815000000105,48,0,0,0,0,0,0.6810794465871445,0.6607873540749607,0.7332735716349261,182a141f82ae1531a7d9cd3d41869de9d1de1e0e258d7c58baa7367083ff6722
network-heterogeneous-01,network-heterogeneous,headline,FLEX_POOL_NO_ALT,SHARED_NIC,64,PASS,65,1105,34669.51677920041,31.872379619174055,17334.927328000143,17394.03411916815,47.38990000000001,0.6725563805615552,3966826240,3589888.0,348260.80575000163,315.16815000000145,48,0,0,0,0,0,0.45795528680472614,0.444310959270176,0.4930504223657152,182a141f82ae1531a7d9cd3d41869de9d1de1e0e258d7c58baa7367083ff6722
network-heterogeneous-01,network-heterogeneous,headline,FLEX_POOL_NO_ALT,SHARED_NIC,128,PASS,129,2193,68984.84822016126,31.789589403765355,34492.22240992097,34610.893863232995,47.38990000000001,0.670809379293169,7872624384,3589888.0,691163.752950002,315.1681500000009,48,0,0,0,0,0,0.45676572338664806,0.443156837724628,0.49176969745082827,182a141f82ae1531a7d9cd3d41869de9d1de1e0e258d7c58baa7367083ff6722
network-heterogeneous-01,network-heterogeneous,headline,U_STRONG,LEGACY_DIRECTED_LINK,1,PASS,128,2176,516141.4857707603,4.215898275936012,4032.355357589302,4032.3553575893166,47.38990000000001,0.08896195763097223,6934233088,3186688.0,574500.6272000057,264.01683235294377,48,0,0,0,0,0,0.060575737587360776,0.05879028355825117,0.06546119990727942,493964dbff6e801950f39ee65ad6036f259997c6d0e4d1d2f941a850ccaaa175
network-heterogeneous-01,network-heterogeneous,headline,U_STRONG,LEGACY_DIRECTED_LINK,8,PASS,121,2057,516141.485770486,3.985341338972879,32258.842860685894,32258.842860714532,47.38990000000001,0.08409685057307313,6555017216,3186688.0,543082.6241500053,264.01683235294377,48,0,0,0,0,0,0.0572630019380824,0.05557518992618884,0.06188129053738297,493964dbff6e801950f39ee65ad6036f259997c6d0e4d1d2f941a850ccaaa175
network-heterogeneous-01,network-heterogeneous,headline,U_STRONG,LEGACY_DIRECTED_LINK,32,PASS,97,1649,516141.4857696376,3.1948604122397084,129035.37144245568,129035.37144285813,47.38990000000001,0.06741648351736779,5254848512,3186688.0,435363.75655000395,264.0168323529436,48,0,0,0,0,0,0.04590505114052163,0.044552011759084104,0.04960731555484312,493964dbff6e801950f39ee65ad6036f259997c6d0e4d1d2f941a850ccaaa175
network-heterogeneous-01,network-heterogeneous,headline,U_STRONG,LEGACY_DIRECTED_LINK,64,PASS,65,1105,516141.48576780956,2.1408858432609956,258070.74288387597,258070.74288387597,47.38990000000001,0.04517599410973636,3521290240,3186688.0,291738.5997500021,264.0168323529431,48,0,0,0,0,0,0.030761116743757397,0.02985444086959507,0.03324201557810545,493964dbff6e801950f39ee65ad6036f259997c6d0e4d1d2f941a850ccaaa175
network-heterogeneous-01,network-heterogeneous,headline,U_STRONG,LEGACY_DIRECTED_LINK,128,PASS,129,2193,1032282.9715379676,2.124417490615693,516141.48576900363,516141.48576900363,47.38990000000001,0.044828486462636395,6988406784,3186688.0,578988.9133500058,264.0168323529438,48,0,0,0,0,0,0.03052449276873608,0.02962479132437697,0.03298630776589105,493964dbff6e801950f39ee65ad6036f259997c6d0e4d1d2f941a850ccaaa175
network-heterogeneous-01,network-heterogeneous,headline,U_STRONG,SHARED_NIC,1,PASS,128,2176,207128.92261114522,10.505534295107243,1618.1947079000256,1618.194707900242,47.38990000000001,0.22168298086949415,6934233088,3186688.0,574500.6272000057,264.01683235294377,48,0,0,0,0,0,0.15094778076307985,0.14649863438727365,0.16312179175435892,493964dbff6e801950f39ee65ad6036f259997c6d0e4d1d2f941a850ccaaa175
network-heterogeneous-01,network-heterogeneous,headline,U_STRONG,SHARED_NIC,8,PASS,121,2057,47314.453864100484,43.47508704017261,3074.138882200241,3161.7767512203136,47.38990000000001,0.91739140703341,6555017216,3186688.0,543082.6241500053,264.01683235294377,48,0,0,0,0,0,0.6246676963638238,0.6062557793199922,0.6750474459897303,493964dbff6e801950f39ee65ad6036f259997c6d0e4d1d2f941a850ccaaa175
network-heterogeneous-01,network-heterogeneous,headline,U_STRONG,SHARED_NIC,32,PASS,97,1649,34435.38940672009,47.88678241803755,8579.623280000065,8697.03088243195,47.38990000000001,1.0104849855778877,5254848512,3186688.0,435363.75655000395,264.0168323529436,48,0,0,0,0,0,0.6880567261822871,0.6677764340563118,0.743548831497264,493964dbff6e801950f39ee65ad6036f259997c6d0e4d1d2f941a850ccaaa175
network-heterogeneous-01,network-heterogeneous,headline,U_STRONG,SHARED_NIC,64,PASS,65,1105,34080.32969248031,32.42339525382626,17039.79472064007,17099.5877027201,47.38990000000001,0.6841836605231547,3521290240,3186688.0,291738.5997500021,264.0168323529431,48,0,0,0,0,0,0.4658725030909312,0.45214103285508933,0.5034453441389616,493964dbff6e801950f39ee65ad6036f259997c6d0e4d1d2f941a850ccaaa175
network-heterogeneous-01,network-heterogeneous,headline,U_STRONG,SHARED_NIC,128,PASS,129,2193,68388.57401364062,32.06676015152165,33902.430222720955,34545.19754771976,47.38990000000001,0.6766581096715047,6988406784,3186688.0,578988.9133500058,264.0168323529438,48,0,0,0,0,0,0.4607482251891257,0.44716779170480164,0.4979077907641148,493964dbff6e801950f39ee65ad6036f259997c6d0e4d1d2f941a850ccaaa175
network-heterogeneous-02,network-heterogeneous,headline,FLEX_FREE,SHARED_NIC,1,PASS,128,2176,211305.77540345202,10.297872814149553,1650.8263703400135,1650.8263703402918,49.18740000000001,0.20935997459002814,7435304960,3416960.0,637173.420800002,292.8186676470597,49,1,2,3930587136,4296798013,0,0.18447615416839772,0.14229500787032853,0.19784688228165176,21fd839ab652f4ea69418b5de98dc4b163b33be2d84dde95f798d1a4dedea744
network-heterogeneous-02,network-heterogeneous,headline,FLEX_FREE,SHARED_NIC,8,PASS,121,2057,44091.830435839795,46.652633371464184,2755.7394022399967,2755.7394022400113,49.18740000000001,0.94846715564279,6997294720,3401698.940204181,602088.3423500037,292.7021596256702,49,1,2,3930587136,4296798013,0,0.8357355486436657,0.644641563609395,0.8963091921363371,21fd839ab652f4ea69418b5de98dc4b163b33be2d84dde95f798d1a4dedea744
network-heterogeneous-02,network-heterogeneous,headline,FLEX_FREE,SHARED_NIC,32,PASS,97,1649,44091.83043583963,37.399218487868126,11022.95760895987,11022.95760895995,49.18740000000001,0.7603414388210826,5610375040,3402289.2904790784,482686.2609500027,292.7145305943012,49,1,2,3930587136,4296798013,0,0.6699698199870738,0.5167787741331531,0.7185288565059923,21fd839ab652f4ea69418b5de98dc4b163b33be2d84dde95f798d1a4dedea744
network-heterogeneous-02,network-heterogeneous,headline,FLEX_FREE,SHARED_NIC,64,PASS,65,1105,44091.83043584,25.06133197640627,22045.915217920025,22045.915217920206,49.18740000000001,0.5095071497254635,3760620800,3403276.742081448,323457.4052500018,292.72163371040887,49,1,2,3930587136,4296798013,0,0.4489488484449419,0.3462950548314912,0.4814884089988574,21fd839ab652f4ea69418b5de98dc4b163b33be2d84dde95f798d1a4dedea744
network-heterogeneous-02,network-heterogeneous,headline,FLEX_FREE,SHARED_NIC,128,PASS,129,2193,88183.66087167885,24.868552499665004,44091.830435839365,44091.8304358402,49.18740000000001,0.5055878639583511,7462202880,3402737.2913816688,641930.1202500038,292.717793091657,49,1,2,3930587136,4296798013,0,0.4454953957646022,0.34363124671740763,0.4777846520065638,21fd839ab652f4ea69418b5de98dc4b163b33be2d84dde95f798d1a4dedea744
network-heterogeneous-02,network-heterogeneous,headline,FLEX_FREE_NO_ALT,SHARED_NIC,1,PASS,128,2176,211305.77540345202,10.297872814149553,1650.8263703400135,1650.8263703402918,49.18740000000001,0.20935997459002814,7435304960,3416960.0,637173.420800002,292.8186676470597,49,0,0,0,0,0,0.18447615416839772,0.14229500787032853,0.19784688228165176,36909fcc2127e6231a2dc57b938b93ece96dc4f12180f42bc1a6f7a200954ea8
network-heterogeneous-02,network-heterogeneous,headline,FLEX_FREE_NO_ALT,SHARED_NIC,8,PASS,121,2057,44727.62497459994,45.98947521063628,2802.8352939999822,2826.3832398800223,49.18740000000001,0.9349848784574153,7028686720,3416960.0,602327.9993500019,292.8186676470598,49,0,0,0,0,0,0.8238557294496642,0.6354781084553731,0.8835683303149365,36909fcc2127e6231a2dc57b938b93ece96dc4f12180f42bc1a6f7a200954ea8
network-heterogeneous-02,network-heterogeneous,headline,FLEX_FREE_NO_ALT,SHARED_NIC,32,PASS,97,1649,44091.830435839634,37.399218487868126,11022.95760895987,11022.957608959947,49.18740000000001,0.7603414388210826,5634567040,3416960.0,482857.98295000184,292.81866764705995,49,0,0,0,0,0,0.6699698199870737,0.516778774133153,0.7185288565059922,36909fcc2127e6231a2dc57b938b93ece96dc4f12180f42bc1a6f7a200954ea8
network-heterogeneous-02,network-heterogeneous,headline,FLEX_FREE_NO_ALT,SHARED_NIC,64,PASS,65,1105,44091.830435840006,25.061331976406265,22045.915217920032,22045.915217920206,49.18740000000001,0.5095071497254634,3775740800,3416960.0,323564.62775000173,292.8186676470604,49,0,0,0,0,0,0.4489488484449418,0.34629505483149114,0.48148840899885736,36909fcc2127e6231a2dc57b938b93ece96dc4f12180f42bc1a6f7a200954ea8
network-heterogeneous-02,network-heterogeneous,headline,FLEX_FREE_NO_ALT,SHARED_NIC,128,PASS,129,2193,88183.66087167886,24.868552499664997,44091.83043583938,44091.83043584022,49.18740000000001,0.505587863958351,7493393280,3416960.0,642151.338150002,292.8186676470597,49,0,0,0,0,0,0.4454953957646021,0.3436312467174076,0.4777846520065637,36909fcc2127e6231a2dc57b938b93ece96dc4f12180f42bc1a6f7a200954ea8
network-heterogeneous-02,network-heterogeneous,headline,FLEX_POOL,LEGACY_DIRECTED_LINK,1,PASS,128,2176,588459.0772533054,3.697793243595984,4597.336541040446,4597.336541050638,48.86270000000001,0.07567721889285658,7873986560,3618560.0,694181.0208000041,319.017013235296,49,4,10,19652935680,21484475233,1,0.06624228991750349,0.05109574843237103,0.07083011477907486,92c498afbbd8a0041c0d501c5354c7411bf93a79bbd007ce4aeeab1e0f666b8d
network-heterogeneous-02,network-heterogeneous,headline,FLEX_POOL,LEGACY_DIRECTED_LINK,8,PASS,121,2057,588459.0772530093,3.4955701755885875,36778.69232832105,36778.6923284051,48.86270000000001,0.07153862098468948,7443377920,3618560.0,656217.9962250036,319.01701323529585,49,4,10,19652935680,21484475233,1,0.06261966468767155,0.04830144969000003,0.06695659287712785,92c498afbbd8a0041c0d501c5354c7411bf93a79bbd007ce4aeeab1e0f666b8d
network-heterogeneous-02,network-heterogeneous,headline,FLEX_POOL,LEGACY_DIRECTED_LINK,32,PASS,97,1649,588459.0772520266,2.8022339424186713,147114.76931267692,147114.7693136204,48.86270000000001,0.0573491424423675,5967005440,3618560.0,526059.0548250019,319.0170132352952,49,4,10,19652935680,21484475233,1,0.05019923532821725,0.038720996858990296,0.05367594635613417,92c498afbbd8a0041c0d501c5354c7411bf93a79bbd007ce4aeeab1e0f666b8d
network-heterogeneous-02,network-heterogeneous,headline,FLEX_POOL,LEGACY_DIRECTED_LINK,64,PASS,65,1105,588459.0772509328,1.8777856315211565,294229.5386252254,294229.53862565226,48.86270000000001,0.03842983771918367,3998508800,3618560.0,352513.7996250013,319.01701323529534,49,4,10,19652935680,21484475233,1,0.033638662848867844,0.025947059750918003,0.03596841766139389,92c498afbbd8a0041c0d501c5354c7411bf93a79bbd007ce4aeeab1e0f666b8d
network-heterogeneous-02,network-heterogeneous,headline,FLEX_POOL,LEGACY_DIRECTED_LINK,128,PASS,129,2193,1176918.1545025168,1.8633411266622704,588459.0772526562,588459.0772526562,48.86270000000001,0.03813422358286116,7935502080,3618560.0,699604.3100250042,319.017013235296,49,4,10,19652935680,21484475233,1,0.0333799039038581,0.025747466983589026,0.035691737525517346,92c498afbbd8a0041c0d501c5354c7411bf93a79bbd007ce4aeeab1e0f666b8d
network-heterogeneous-02,network-heterogeneous,headline,FLEX_POOL,SHARED_NIC,1,PASS,128,2176,218844.31727096275,9.943141440158023,1709.721228679975,1709.7212286803697,48.86270000000001,0.20349144521604456,7851868160,3608395.294117647,693994.422400003,318.931260294119,49,4,10,19652935680,21484475233,1,0.1781214942480583,0.13739336414594489,0.19045787665134165,92c498afbbd8a0041c0d501c5354c7411bf93a79bbd007ce4aeeab1e0f666b8d
network-heterogeneous-02,network-heterogeneous,headline,FLEX_POOL,SHARED_NIC,8,PASS,121,2057,44091.8304358398,46.65263337146418,2755.7394022399967,2755.7394022400113,48.86270000000001,0.9547698627268687,7412648320,3603620.962566845,655985.4491250034,318.90396165532496,49,4,10,19652935680,21484475233,1,0.8357355486436656,0.6446415636093948,0.8936171275042601,92c498afbbd8a0041c0d501c5354c7411bf93a79bbd007ce4aeeab1e0f666b8d
network-heterogeneous-02,network-heterogeneous,headline,FLEX_POOL,SHARED_NIC,32,PASS,97,1649,44091.83043583963,37.399218487868126,11022.95760895987,11022.95760895995,48.86270000000001,0.7653940221860053,5946903040,3606369.338993329,525905.787425003,318.9240675712571,49,4,10,19652935680,21484475233,1,0.6699698199870738,0.5167787741331531,0.7163707551067224,92c498afbbd8a0041c0d501c5354c7411bf93a79bbd007ce4aeeab1e0f666b8d
network-heterogeneous-02,network-heterogeneous,headline,FLEX_POOL,SHARED_NIC,64,PASS,65,1105,44091.83043584,25.06133197640627,22045.915217920025,22045.915217920206,48.86270000000001,0.5128929014648446,3985692800,3606961.8099547513,352413.84112500196,318.9265530543004,49,4,10,19652935680,21484475233,1,0.4489488484449419,0.3462950548314912,0.4800422585766656,92c498afbbd8a0041c0d501c5354c7411bf93a79bbd007ce4aeeab1e0f666b8d
network-heterogeneous-02,network-heterogeneous,headline,FLEX_POOL,SHARED_NIC,128,PASS,129,2193,88183.66087167885,24.868552499665004,44091.830435839365,44091.8304358402,48.86270000000001,0.5089475714535832,7907681280,3605873.8166894666,699398.6542250034,318.92323494072207,49,4,10,19652935680,21484475233,1,0.4454953957646022,0.34363124671740763,0.47634962581839096,92c498afbbd8a0041c0d501c5354c7411bf93a79bbd007ce4aeeab1e0f666b8d
network-heterogeneous-02,network-heterogeneous,headline,FLEX_POOL_NO_ALT,SHARED_NIC,1,PASS,128,2176,218897.1729151226,9.940740535939879,1710.1341633999664,1710.1341634003766,48.86270000000001,0.2034423094904677,7873986560,3618560.0,694181.0208000041,319.017013235296,49,0,0,0,0,1,0.17807848443577148,0.13736018868429542,0.19041188805486203,7f7859d3e461b9890415b3ee4fdeec1ea3415258b31526132b8a0988a1eb522d
network-heterogeneous-02,network-heterogeneous,headline,FLEX_POOL_NO_ALT,SHARED_NIC,8,PASS,121,2057,44562.789353439905,46.15958807437658,2779.2873481199895,2802.835294000015,48.86270000000001,0.9446794400304643,7443377920,3618560.0,656217.9962250036,319.01701323529585,49,0,0,0,0,1,0.8269031322913717,0.6378287115091911,0.8841729934806831,7f7859d3e461b9890415b3ee4fdeec1ea3415258b31526132b8a0988a1eb522d
network-heterogeneous-02,network-heterogeneous,headline,FLEX_POOL_NO_ALT,SHARED_NIC,32,PASS,97,1649,44091.83043583964,37.39921848786812,11022.95760895987,11022.95760895995,48.86270000000001,0.765394022186005,5967005440,3618560.0,526059.0548250019,319.0170132352952,49,0,0,0,0,1,0.6699698199870736,0.5167787741331529,0.7163707551067222,7f7859d3e461b9890415b3ee4fdeec1ea3415258b31526132b8a0988a1eb522d
network-heterogeneous-02,network-heterogeneous,headline,FLEX_POOL_NO_ALT,SHARED_NIC,64,PASS,65,1105,44091.830435840006,25.061331976406265,22045.915217920032,22045.915217920206,48.86270000000001,0.5128929014648446,3998508800,3618560.0,352513.7996250013,319.01701323529534,49,0,0,0,0,1,0.4489488484449418,0.34629505483149114,0.48004225857666555,7f7859d3e461b9890415b3ee4fdeec1ea3415258b31526132b8a0988a1eb522d
network-heterogeneous-02,network-heterogeneous,headline,FLEX_POOL_NO_ALT,SHARED_NIC,128,PASS,129,2193,88183.66087167885,24.868552499665004,44091.830435839365,44091.8304358402,48.86270000000001,0.5089475714535832,7935502080,3618560.0,699604.3100250042,319.017013235296,49,0,0,0,0,1,0.4454953957646022,0.34363124671740763,0.47634962581839096,7f7859d3e461b9890415b3ee4fdeec1ea3415258b31526132b8a0988a1eb522d
network-heterogeneous-02,network-heterogeneous,headline,U_STRONG,LEGACY_DIRECTED_LINK,1,PASS,128,2176,516755.6281579315,4.210887857683803,4037.1533449886483,4037.1533449890558,49.18740000000001,0.08560907585446276,6996623360,3215360.0,583599.2896000049,268.19820294117875,49,0,0,0,0,0,0.07543386985247628,0.05818564005052449,0.08090127440064002,7ff471013bea41246a73321f6abe6336135c8794df6bdffd0807626da9418d19
network-heterogeneous-02,network-heterogeneous,headline,U_STRONG,LEGACY_DIRECTED_LINK,8,PASS,121,2057,516755.62815767655,3.9806049279686833,32297.226759884623,32297.226759912446,49.18740000000001,0.08092732951871175,6613995520,3215360.0,551683.7034500049,268.19820294117886,49,0,0,0,0,0,0.07130858009495421,0.05500361286028856,0.07647698595689276,7ff471013bea41246a73321f6abe6336135c8794df6bdffd0807626da9418d19
network-heterogeneous-02,network-heterogeneous,headline,U_STRONG,LEGACY_DIRECTED_LINK,32,PASS,97,1649,516755.62815691147,3.191063454657306,129188.90703927085,129188.90703964978,49.18740000000001,0.06487562779608813,5302128640,3215360.0,442258.8366500039,268.19820294117886,49,0,0,0,0,0,0.057164729497692586,0.044093805350875113,0.06130799700685607,7ff471013bea41246a73321f6abe6336135c8794df6bdffd0807626da9418d19
network-heterogeneous-02,network-heterogeneous,headline,U_STRONG,LEGACY_DIRECTED_LINK,64,PASS,65,1105,516755.62815519527,2.1383414902413787,258377.81407757103,258377.81407757103,49.18740000000001,0.04347335883257457,3552972800,3215360.0,296359.0142500021,268.19820294117835,49,0,0,0,0,0,0.038306262034663426,0.029547395338313392,0.041082678406792625,7ff471013bea41246a73321f6abe6336135c8794df6bdffd0807626da9418d19
network-heterogeneous-02,network-heterogeneous,headline,U_STRONG,LEGACY_DIRECTED_LINK,128,PASS,129,2193,1033511.2563132243,2.121892709541396,516755.6281566322,516755.6281566322,49.18740000000001,0.04313894837989802,7051284480,3215360.0,588158.6590500049,268.1982029411787,49,0,0,0,0,0,0.038011598480446426,0.029320107681784464,0.04076665780355159,7ff471013bea41246a73321f6abe6336135c8794df6bdffd0807626da9418d19
network-heterogeneous-02,network-heterogeneous,headline,U_STRONG,SHARED_NIC,1,PASS,128,2176,208547.16830457348,10.434090367614354,1629.2747523800117,1629.2747523802827,49.18740000000001,0.21212933327669997,6996623360,3215360.0,583599.2896000049,268.19820294117875,49,0,0,0,0,0,0.1869163562224459,0.1441772488138871,0.20046394881096594,7ff471013bea41246a73321f6abe6336135c8794df6bdffd0807626da9418d19
network-heterogeneous-02,network-heterogeneous,headline,U_STRONG,SHARED_NIC,8,PASS,121,2057,44845.36470399998,45.868731664401565,2802.835294000004,2802.835294000015,49.18740000000001,0.932530112679295,6613995520,3215360.0,551683.7034500049,268.19820294117886,49,0,0,0,0,0,0.8216927288521593,0.6338096858430688,0.8812485566481512,7ff471013bea41246a73321f6abe6336135c8794df6bdffd0807626da9418d19
network-heterogeneous-02,network-heterogeneous,headline,U_STRONG,SHARED_NIC,32,PASS,97,1649,44091.83043583963,37.399218487868126,11022.95760895987,11022.957608959947,49.18740000000001,0.7603414388210826,5302128640,3215360.0,442258.8366500039,268.19820294117886,49,0,0,0,0,0,0.6699698199870738,0.5167787741331531,0.7185288565059923,7ff471013bea41246a73321f6abe6336135c8794df6bdffd0807626da9418d19
network-heterogeneous-02,network-heterogeneous,headline,U_STRONG,SHARED_NIC,64,PASS,65,1105,44091.83043584,25.06133197640627,22045.915217920025,22045.915217920206,49.18740000000001,0.5095071497254635,3552972800,3215360.0,296359.0142500021,268.19820294117835,49,0,0,0,0,0,0.4489488484449419,0.3462950548314912,0.4814884089988574,7ff471013bea41246a73321f6abe6336135c8794df6bdffd0807626da9418d19
network-heterogeneous-02,network-heterogeneous,headline,U_STRONG,SHARED_NIC,128,PASS,129,2193,88183.66087167885,24.868552499665004,44091.830435839365,44091.8304358402,49.18740000000001,0.5055878639583511,7051284480,3215360.0,588158.6590500049,268.1982029411787,49,0,0,0,0,0,0.4454953957646022,0.34363124671740763,0.4777846520065638,7ff471013bea41246a73321f6abe6336135c8794df6bdffd0807626da9418d19
network-heterogeneous-03,network-heterogeneous,headline,FLEX_FREE,SHARED_NIC,1,PASS,128,2176,225512.83702008246,9.649118111206334,1761.8190392197248,1761.8190392203105,50.2359,0.1920761469627564,7497695232,3445632.0,581049.7104000056,267.026521323532,52,0,0,0,0,0,0.13864244542857576,0.15128749211275214,0.2676812660901623,2240f51029174ce2fd35b67ec3e2139c8a34805ff77e787df02cbe52cf1dd03a
network-heterogeneous-03,network-heterogeneous,headline,FLEX_FREE,SHARED_NIC,8,PASS,121,2057,67100.52984676108,30.65549563762931,4212.360597999865,4248.592243000181,50.2359,0.6102308436323289,7087665024,3445632.0,549273.5543625056,267.0265213235321,52,0,0,0,0,0,0.440470603846159,0.4806442413741513,0.8504302455756922,2240f51029174ce2fd35b67ec3e2139c8a34805ff77e787df02cbe52cf1dd03a
network-heterogeneous-03,network-heterogeneous,headline,FLEX_FREE,SHARED_NIC,32,PASS,97,1649,60709.15561919991,27.162295096696855,15177.389754879841,15237.312950399886,50.2359,0.5406949033797912,5681847168,3445632.0,440326.73366250447,267.0265213235321,52,0,0,0,0,0,0.3902788806455861,0.4258747232488815,0.7535235300886393,2240f51029174ce2fd35b67ec3e2139c8a34805ff77e787df02cbe52cf1dd03a
network-heterogeneous-03,network-heterogeneous,headline,FLEX_FREE,SHARED_NIC,64,PASS,65,1105,60348.13696959931,18.310424405589348,30173.933847039632,30233.85704255964,50.2359,0.3644888298127305,3807423360,3445632.0,295064.30606250255,267.0265213235317,52,0,0,0,0,0,0.2630916097376486,0.2870871882710752,0.5079591244555296,2240f51029174ce2fd35b67ec3e2139c8a34805ff77e787df02cbe52cf1dd03a
network-heterogeneous-03,network-heterogeneous,headline,FLEX_FREE,SHARED_NIC,128,PASS,129,2193,120696.81249024176,18.169493914160345,60348.406245120976,60408.329440640955,50.2359,0.36168345573903016,7556270976,3445632.0,585589.1612625056,267.02652132353194,52,0,0,0,0,0,0.26106666323559813,0.28487755415065324,0.5040494974884174,2240f51029174ce2fd35b67ec3e2139c8a34805ff77e787df02cbe52cf1dd03a
network-heterogeneous-03,network-heterogeneous,headline,FLEX_FREE_NO_ALT,SHARED_NIC,1,PASS,128,2176,225512.83702008246,9.649118111206334,1761.8190392197248,1761.8190392203105,50.2359,0.1920761469627564,7497695232,3445632.0,581049.7104000056,267.026521323532,52,0,0,0,0,0,0.13864244542857576,0.15128749211275214,0.2676812660901623,2240f51029174ce2fd35b67ec3e2139c8a34805ff77e787df02cbe52cf1dd03a
network-heterogeneous-03,network-heterogeneous,headline,FLEX_FREE_NO_ALT,SHARED_NIC,8,PASS,121,2057,67100.52984676108,30.65549563762931,4212.360597999865,4248.592243000181,50.2359,0.6102308436323289,7087665024,3445632.0,549273.5543625056,267.0265213235321,52,0,0,0,0,0,0.440470603846159,0.4806442413741513,0.8504302455756922,2240f51029174ce2fd35b67ec3e2139c8a34805ff77e787df02cbe52cf1dd03a
network-heterogeneous-03,network-heterogeneous,headline,FLEX_FREE_NO_ALT,SHARED_NIC,32,PASS,97,1649,60709.15561919991,27.162295096696855,15177.389754879841,15237.312950399886,50.2359,0.5406949033797912,5681847168,3445632.0,440326.73366250447,267.0265213235321,52,0,0,0,0,0,0.3902788806455861,0.4258747232488815,0.7535235300886393,2240f51029174ce2fd35b67ec3e2139c8a34805ff77e787df02cbe52cf1dd03a
network-heterogeneous-03,network-heterogeneous,headline,FLEX_FREE_NO_ALT,SHARED_NIC,64,PASS,65,1105,60348.13696959931,18.310424405589348,30173.933847039632,30233.85704255964,50.2359,0.3644888298127305,3807423360,3445632.0,295064.30606250255,267.0265213235317,52,0,0,0,0,0,0.2630916097376486,0.2870871882710752,0.5079591244555296,2240f51029174ce2fd35b67ec3e2139c8a34805ff77e787df02cbe52cf1dd03a
network-heterogeneous-03,network-heterogeneous,headline,FLEX_FREE_NO_ALT,SHARED_NIC,128,PASS,129,2193,120696.81249024176,18.169493914160345,60348.406245120976,60408.329440640955,50.2359,0.36168345573903016,7556270976,3445632.0,585589.1612625056,267.02652132353194,52,0,0,0,0,0,0.26106666323559813,0.28487755415065324,0.5040494974884174,2240f51029174ce2fd35b67ec3e2139c8a34805ff77e787df02cbe52cf1dd03a
network-heterogeneous-03,network-heterogeneous,headline,FLEX_POOL,LEGACY_DIRECTED_LINK,1,PASS,128,2176,504636.120097735,4.31201793398888,3942.469688261157,3942.469688268844,50.2359,0.08583538732239056,7497695232,3445632.0,581049.7104000056,267.026521323532,52,0,0,0,0,0,0.06195682384753737,0.06760766856203723,0.11962195992119797,2240f51029174ce2fd35b67ec3e2139c8a34805ff77e787df02cbe52cf1dd03a
network-heterogeneous-03,network-heterogeneous,headline,FLEX_POOL,LEGACY_DIRECTED_LINK,8,PASS,121,2057,504636.1200975715,4.076204453225184,31539.75750613105,31539.757506150752,50.2359,0.08114126457822363,7087665024,3445632.0,549273.5543625056,267.0265213235321,52,0,0,0,0,0,0.058568560043394134,0.06391037418757152,0.11308013398804408,2240f51029174ce2fd35b67ec3e2139c8a34805ff77e787df02cbe52cf1dd03a
network-heterogeneous-03,network-heterogeneous,headline,FLEX_POOL,LEGACY_DIRECTED_LINK,32,PASS,97,1649,504636.1200968552,3.2677010906066455,126159.03002431872,126159.03002460301,50.2359,0.0650471294553625,5681847168,3445632.0,440326.73366250447,267.0265213235321,52,0,0,0,0,0,0.04695165557204371,0.05123393633225812,0.09065101650294087,2240f51029174ce2fd35b67ec3e2139c8a34805ff77e787df02cbe52cf1dd03a
network-heterogeneous-03,network-heterogeneous,headline,FLEX_POOL,LEGACY_DIRECTED_LINK,64,PASS,65,1105,504636.1200952332,2.1896966071145845,252318.060047552,252318.0600475985,50.2359,0.043588282624867566,3807423360,3445632.0,295064.30606250255,267.0265213235317,52,0,0,0,0,0,0.031462449610233444,0.03433201919182964,0.06074552652278448,2240f51029174ce2fd35b67ec3e2139c8a34805ff77e787df02cbe52cf1dd03a
network-heterogeneous-03,network-heterogeneous,headline,FLEX_POOL,LEGACY_DIRECTED_LINK,128,PASS,129,2193,1009272.2401928426,2.172852787054741,504636.1200964749,504636.1200964749,50.2359,0.04325298814303598,7556270976,3445632.0,585589.1612625056,267.02652132353194,52,0,0,0,0,0,0.031220430767004405,0.034067926736427764,0.06027825324169808,2240f51029174ce2fd35b67ec3e2139c8a34805ff77e787df02cbe52cf1dd03a
network-heterogeneous-03,network-heterogeneous,headline,FLEX_POOL,SHARED_NIC,1,PASS,128,2176,225512.83702008246,9.649118111206334,1761.8190392197248,1761.8190392203105,50.2359,0.1920761469627564,7497695232,3445632.0,581049.7104000056,267.026521323532,52,0,0,0,0,0,0.13864244542857576,0.15128749211275214,0.2676812660901623,2240f51029174ce2fd35b67ec3e2139c8a34805ff77e787df02cbe52cf1dd03a
network-heterogeneous-03,network-heterogeneous,headline,FLEX_POOL,SHARED_NIC,8,PASS,121,2057,67100.52984676108,30.65549563762931,4212.360597999865,4248.592243000181,50.2359,0.6102308436323289,7087665024,3445632.0,549273.5543625056,267.0265213235321,52,0,0,0,0,0,0.440470603846159,0.4806442413741513,0.8504302455756922,2240f51029174ce2fd35b67ec3e2139c8a34805ff77e787df02cbe52cf1dd03a
network-heterogeneous-03,network-heterogeneous,headline,FLEX_POOL,SHARED_NIC,32,PASS,97,1649,60709.15561919991,27.162295096696855,15177.389754879841,15237.312950399886,50.2359,0.5406949033797912,5681847168,3445632.0,440326.73366250447,267.0265213235321,52,0,0,0,0,0,0.3902788806455861,0.4258747232488815,0.7535235300886393,2240f51029174ce2fd35b67ec3e2139c8a34805ff77e787df02cbe52cf1dd03a
network-heterogeneous-03,network-heterogeneous,headline,FLEX_POOL,SHARED_NIC,64,PASS,65,1105,60348.13696959931,18.310424405589348,30173.933847039632,30233.85704255964,50.2359,0.3644888298127305,3807423360,3445632.0,295064.30606250255,267.0265213235317,52,0,0,0,0,0,0.2630916097376486,0.2870871882710752,0.5079591244555296,2240f51029174ce2fd35b67ec3e2139c8a34805ff77e787df02cbe52cf1dd03a
network-heterogeneous-03,network-heterogeneous,headline,FLEX_POOL,SHARED_NIC,128,PASS,129,2193,120696.81249024176,18.169493914160345,60348.406245120976,60408.329440640955,50.2359,0.36168345573903016,7556270976,3445632.0,585589.1612625056,267.02652132353194,52,0,0,0,0,0,0.26106666323559813,0.28487755415065324,0.5040494974884174,2240f51029174ce2fd35b67ec3e2139c8a34805ff77e787df02cbe52cf1dd03a
network-heterogeneous-03,network-heterogeneous,headline,FLEX_POOL_NO_ALT,SHARED_NIC,1,PASS,128,2176,225512.83702008246,9.649118111206334,1761.8190392197248,1761.8190392203105,50.2359,0.1920761469627564,7497695232,3445632.0,581049.7104000056,267.026521323532,52,0,0,0,0,0,0.13864244542857576,0.15128749211275214,0.2676812660901623,2240f51029174ce2fd35b67ec3e2139c8a34805ff77e787df02cbe52cf1dd03a
network-heterogeneous-03,network-heterogeneous,headline,FLEX_POOL_NO_ALT,SHARED_NIC,8,PASS,121,2057,67100.52984676108,30.65549563762931,4212.360597999865,4248.592243000181,50.2359,0.6102308436323289,7087665024,3445632.0,549273.5543625056,267.0265213235321,52,0,0,0,0,0,0.440470603846159,0.4806442413741513,0.8504302455756922,2240f51029174ce2fd35b67ec3e2139c8a34805ff77e787df02cbe52cf1dd03a
network-heterogeneous-03,network-heterogeneous,headline,FLEX_POOL_NO_ALT,SHARED_NIC,32,PASS,97,1649,60709.15561919991,27.162295096696855,15177.389754879841,15237.312950399886,50.2359,0.5406949033797912,5681847168,3445632.0,440326.73366250447,267.0265213235321,52,0,0,0,0,0,0.3902788806455861,0.4258747232488815,0.7535235300886393,2240f51029174ce2fd35b67ec3e2139c8a34805ff77e787df02cbe52cf1dd03a
network-heterogeneous-03,network-heterogeneous,headline,FLEX_POOL_NO_ALT,SHARED_NIC,64,PASS,65,1105,60348.13696959931,18.310424405589348,30173.933847039632,30233.85704255964,50.2359,0.3644888298127305,3807423360,3445632.0,295064.30606250255,267.0265213235317,52,0,0,0,0,0,0.2630916097376486,0.2870871882710752,0.5079591244555296,2240f51029174ce2fd35b67ec3e2139c8a34805ff77e787df02cbe52cf1dd03a
network-heterogeneous-03,network-heterogeneous,headline,FLEX_POOL_NO_ALT,SHARED_NIC,128,PASS,129,2193,120696.81249024176,18.169493914160345,60348.406245120976,60408.329440640955,50.2359,0.36168345573903016,7556270976,3445632.0,585589.1612625056,267.02652132353194,52,0,0,0,0,0,0.26106666323559813,0.28487755415065324,0.5040494974884174,2240f51029174ce2fd35b67ec3e2139c8a34805ff77e787df02cbe52cf1dd03a
network-heterogeneous-03,network-heterogeneous,headline,U_STRONG,LEGACY_DIRECTED_LINK,1,PASS,128,2176,504636.120097735,4.31201793398888,3942.469688261157,3942.469688268844,50.2359,0.08583538732239056,7497695232,3445632.0,581049.7104000056,267.026521323532,52,0,0,0,0,0,0.06195682384753737,0.06760766856203723,0.11962195992119797,2240f51029174ce2fd35b67ec3e2139c8a34805ff77e787df02cbe52cf1dd03a
network-heterogeneous-03,network-heterogeneous,headline,U_STRONG,LEGACY_DIRECTED_LINK,8,PASS,121,2057,504636.1200975715,4.076204453225184,31539.75750613105,31539.757506150752,50.2359,0.08114126457822363,7087665024,3445632.0,549273.5543625056,267.0265213235321,52,0,0,0,0,0,0.058568560043394134,0.06391037418757152,0.11308013398804408,2240f51029174ce2fd35b67ec3e2139c8a34805ff77e787df02cbe52cf1dd03a
network-heterogeneous-03,network-heterogeneous,headline,U_STRONG,LEGACY_DIRECTED_LINK,32,PASS,97,1649,504636.1200968552,3.2677010906066455,126159.03002431872,126159.03002460301,50.2359,0.0650471294553625,5681847168,3445632.0,440326.73366250447,267.0265213235321,52,0,0,0,0,0,0.04695165557204371,0.05123393633225812,0.09065101650294087,2240f51029174ce2fd35b67ec3e2139c8a34805ff77e787df02cbe52cf1dd03a
network-heterogeneous-03,network-heterogeneous,headline,U_STRONG,LEGACY_DIRECTED_LINK,64,PASS,65,1105,504636.1200952332,2.1896966071145845,252318.060047552,252318.0600475985,50.2359,0.043588282624867566,3807423360,3445632.0,295064.30606250255,267.0265213235317,52,0,0,0,0,0,0.031462449610233444,0.03433201919182964,0.06074552652278448,2240f51029174ce2fd35b67ec3e2139c8a34805ff77e787df02cbe52cf1dd03a
network-heterogeneous-03,network-heterogeneous,headline,U_STRONG,LEGACY_DIRECTED_LINK,128,PASS,129,2193,1009272.2401928426,2.172852787054741,504636.1200964749,504636.1200964749,50.2359,0.04325298814303598,7556270976,3445632.0,585589.1612625056,267.02652132353194,52,0,0,0,0,0,0.031220430767004405,0.034067926736427764,0.06027825324169808,2240f51029174ce2fd35b67ec3e2139c8a34805ff77e787df02cbe52cf1dd03a
network-heterogeneous-03,network-heterogeneous,headline,U_STRONG,SHARED_NIC,1,PASS,128,2176,225512.83702008246,9.649118111206334,1761.8190392197248,1761.8190392203105,50.2359,0.1920761469627564,7497695232,3445632.0,581049.7104000056,267.026521323532,52,0,0,0,0,0,0.13864244542857576,0.15128749211275214,0.2676812660901623,2240f51029174ce2fd35b67ec3e2139c8a34805ff77e787df02cbe52cf1dd03a
network-heterogeneous-03,network-heterogeneous,headline,U_STRONG,SHARED_NIC,8,PASS,121,2057,67100.52984676108,30.65549563762931,4212.360597999865,4248.592243000181,50.2359,0.6102308436323289,7087665024,3445632.0,549273.5543625056,267.0265213235321,52,0,0,0,0,0,0.440470603846159,0.4806442413741513,0.8504302455756922,2240f51029174ce2fd35b67ec3e2139c8a34805ff77e787df02cbe52cf1dd03a
network-heterogeneous-03,network-heterogeneous,headline,U_STRONG,SHARED_NIC,32,PASS,97,1649,60709.15561919991,27.162295096696855,15177.389754879841,15237.312950399886,50.2359,0.5406949033797912,5681847168,3445632.0,440326.73366250447,267.0265213235321,52,0,0,0,0,0,0.3902788806455861,0.4258747232488815,0.7535235300886393,2240f51029174ce2fd35b67ec3e2139c8a34805ff77e787df02cbe52cf1dd03a
network-heterogeneous-03,network-heterogeneous,headline,U_STRONG,SHARED_NIC,64,PASS,65,1105,60348.13696959931,18.310424405589348,30173.933847039632,30233.85704255964,50.2359,0.3644888298127305,3807423360,3445632.0,295064.30606250255,267.0265213235317,52,0,0,0,0,0,0.2630916097376486,0.2870871882710752,0.5079591244555296,2240f51029174ce2fd35b67ec3e2139c8a34805ff77e787df02cbe52cf1dd03a
network-heterogeneous-03,network-heterogeneous,headline,U_STRONG,SHARED_NIC,128,PASS,129,2193,120696.81249024176,18.169493914160345,60348.406245120976,60408.329440640955,50.2359,0.36168345573903016,7556270976,3445632.0,585589.1612625056,267.02652132353194,52,0,0,0,0,0,0.26106666323559813,0.28487755415065324,0.5040494974884174,2240f51029174ce2fd35b67ec3e2139c8a34805ff77e787df02cbe52cf1dd03a
network-heterogeneous-04,network-heterogeneous,headline,FLEX_FREE,SHARED_NIC,1,PASS,128,2176,171196.80597500456,12.710517509992009,1337.4750466801488,1337.4750466801925,49.81,0.2551800343302953,7435304960,3416960.0,619455.7200000039,284.6763419117665,49,2,8,15722348544,17587754601,0,0.1826298745583197,0.033497126777220755,0.03548335131770468,266f78da296beb0142009d62d625c0f9165a805c615d0f22d2c53727618d30f5
network-heterogeneous-04,network-heterogeneous,headline,FLEX_FREE,SHARED_NIC,8,PASS,121,2057,31129.284784197254,66.07925669542635,1955.2165362200303,2066.3677721198765,49.81,1.326626313901352,7040206720,3422560.388915897,585650.4153125033,284.7109457036963,49,2,8,15722348544,17587754601,0,0.9494535806040761,0.17414438374607158,0.18447033948801636,266f78da296beb0142009d62d625c0f9165a805c615d0f22d2c53727618d30f5
network-heterogeneous-04,network-heterogeneous,headline,FLEX_FREE,SHARED_NIC,32,PASS,97,1649,31131.545681878884,52.96878018362749,7808.128946698351,7937.256433697095,49.81,1.0634165867020173,5644992640,3423282.377198302,469495.44841250277,284.7152507049744,49,2,8,15722348544,17587754601,0,0.7610769327714941,0.13959321039846687,0.1478704415180896,266f78da296beb0142009d62d625c0f9165a805c615d0f22d2c53727618d30f5
network-heterogeneous-04,network-heterogeneous,headline,FLEX_FREE,SHARED_NIC,64,PASS,65,1105,31263.431311864755,35.34480873123618,15593.168519622355,15693.506960282502,49.81,0.7095926266058257,3781904000,3422537.556561086,314604.96601250174,284.710376481902,49,2,8,15722348544,17587754601,0,0.5078485576845331,0.09314723323075645,0.0986704329293919,266f78da296beb0142009d62d625c0f9165a805c615d0f22d2c53727618d30f5
network-heterogeneous-04,network-heterogeneous,headline,FLEX_FREE,SHARED_NIC,128,PASS,129,2193,62534.64355490694,35.068561605768046,31265.624500123362,31364.03276209526,49.81,0.7040466092304366,7504654080,3422094.88372093,624366.2861125035,284.7087487973112,49,2,8,15722348544,17587754601,0,0.5038793268619755,0.09241921527425889,0.09789924687848685,266f78da296beb0142009d62d625c0f9165a805c615d0f22d2c53727618d30f5
network-heterogeneous-04,network-heterogeneous,headline,FLEX_FREE_NO_ALT,SHARED_NIC,1,PASS,128,2176,171196.80597500456,12.710517509992009,1337.4750466801488,1337.4750466801925,49.81,0.2551800343302953,7435304960,3416960.0,619455.7200000039,284.6763419117665,49,0,0,0,0,0,0.1826298745583197,0.033497126777220755,0.03548335131770468,311f0f34aaba6b811b9ac90ba0178e006194a81f224b65cc7be07b3518f41229
network-heterogeneous-04,network-heterogeneous,headline,FLEX_FREE_NO_ALT,SHARED_NIC,8,PASS,121,2057,31437.70235093712,65.43099037702682,1960.4353186795815,2111.219768819581,49.81,1.3136115313597032,7028686720,3416960.0,585579.235312504,284.67634191176666,49,0,0,0,0,0,0.9401390270214529,0.17243595141546342,0.18266060502951592,311f0f34aaba6b811b9ac90ba0178e006194a81f224b65cc7be07b3518f41229
network-heterogeneous-04,network-heterogeneous,headline,FLEX_FREE_NO_ALT,SHARED_NIC,32,PASS,97,1649,31243.310406038974,52.779298306406965,7789.095062759086,8034.838948375962,49.81,1.0596124936038338,5634567040,3416960.0,469431.2878125035,284.6763419117668,49,0,0,0,0,0,0.7583543802522396,0.13909385240944305,0.14734147391213112,311f0f34aaba6b811b9ac90ba0178e006194a81f224b65cc7be07b3518f41229
network-heterogeneous-04,network-heterogeneous,headline,FLEX_FREE_NO_ALT,SHARED_NIC,64,PASS,65,1105,31264.782391904733,35.34328133645073,15607.866047062416,15720.75417166244,49.81,0.7095619621853188,3775740800,3416960.0,314567.35781250196,284.6763419117665,49,0,0,0,0,0,0.5078266114563131,0.09314320795509581,0.09866616897351989,311f0f34aaba6b811b9ac90ba0178e006194a81f224b65cc7be07b3518f41229
network-heterogeneous-04,network-heterogeneous,headline,FLEX_FREE_NO_ALT,SHARED_NIC,128,PASS,129,2193,62611.18658488805,35.02568981066567,31260.79646792407,31421.652625019626,49.81,0.7031859026433581,7493393280,3416960.0,624295.2178125039,284.6763419117665,49,0,0,0,0,0,0.5032633275090393,0.09230623152244999,0.09777956371326224,311f0f34aaba6b811b9ac90ba0178e006194a81f224b65cc7be07b3518f41229
network-heterogeneous-04,network-heterogeneous,headline,FLEX_POOL,LEGACY_DIRECTED_LINK,1,PASS,128,2176,431358.70369310403,5.044525545375675,3369.9898726003303,3369.989872608043,49.81,0.10127535726512096,7435304960,3416960.0,619455.7200000039,284.6763419117665,49,2,8,15722348544,17587754601,0,0.07248179051985572,0.01329427472890393,0.014082563673508006,266f78da296beb0142009d62d625c0f9165a805c615d0f22d2c53727618d30f5
network-heterogeneous-04,network-heterogeneous,headline,FLEX_POOL,LEGACY_DIRECTED_LINK,8,PASS,121,2057,431358.70369321515,4.768653054611715,26959.91898084295,26959.918980864342,49.81,0.09573686116466,7028686720,3416960.0,585579.235312504,284.67634191176666,49,2,8,15722348544,17587754601,0,0.06851794260078345,0.012567244079663763,0.013312423472609606,266f78da296beb0142009d62d625c0f9165a805c615d0f22d2c53727618d30f5
network-heterogeneous-04,network-heterogeneous,headline,FLEX_POOL,LEGACY_DIRECTED_LINK,32,PASS,97,1649,431358.70369279326,3.8228045148577583,107839.67592343598,107839.67592345737,49.81,0.07674773167752978,5634567040,3416960.0,469431.2878125035,284.6763419117668,49,2,8,15722348544,17587754601,0,0.05492760687836767,0.010074567568004787,0.01067194278383797,266f78da296beb0142009d62d625c0f9165a805c615d0f22d2c53727618d30f5
network-heterogeneous-04,network-heterogeneous,headline,FLEX_POOL,LEGACY_DIRECTED_LINK,64,PASS,65,1105,431358.70369140414,2.5616731285211802,215679.35184536874,215679.3518459581,49.81,0.05142889236139691,3775740800,3416960.0,314567.35781250196,284.6763419117665,49,2,8,15722348544,17587754601,0,0.03680715924850916,0.0067509988857981425,0.007151301865481458,266f78da296beb0142009d62d625c0f9165a805c615d0f22d2c53727618d30f5
network-heterogeneous-04,network-heterogeneous,headline,FLEX_POOL,LEGACY_DIRECTED_LINK,128,PASS,129,2193,862717.4073846109,2.5419679506041675,431358.70369273424,431358.70369273424,49.81,0.05103328549697184,7493393280,3416960.0,624295.2178125039,284.6763419117665,49,2,8,15722348544,17587754601,0,0.036524027254213665,0.006699068125124149,0.0070962918511167815,266f78da296beb0142009d62d625c0f9165a805c615d0f22d2c53727618d30f5
network-heterogeneous-04,network-heterogeneous,headline,FLEX_POOL,SHARED_NIC,1,PASS,128,2176,171196.80597500456,12.710517509992009,1337.4750466801488,1337.4750466801925,49.81,0.2551800343302953,7435304960,3416960.0,619455.7200000039,284.6763419117665,49,2,8,15722348544,17587754601,0,0.1826298745583197,0.033497126777220755,0.03548335131770468,266f78da296beb0142009d62d625c0f9165a805c615d0f22d2c53727618d30f5
network-heterogeneous-04,network-heterogeneous,headline,FLEX_POOL,SHARED_NIC,8,PASS,121,2057,31129.284784197254,66.07925669542635,1955.2165362200303,2066.3677721198765,49.81,1.326626313901352,7040206720,3422560.388915897,585650.4153125033,284.7109457036963,49,2,8,15722348544,17587754601,0,0.9494535806040761,0.17414438374607158,0.18447033948801636,266f78da296beb0142009d62d625c0f9165a805c615d0f22d2c53727618d30f5
network-heterogeneous-04,network-heterogeneous,headline,FLEX_POOL,SHARED_NIC,32,PASS,97,1649,31131.545681878884,52.96878018362749,7808.128946698351,7937.256433697095,49.81,1.0634165867020173,5644992640,3423282.377198302,469495.44841250277,284.7152507049744,49,2,8,15722348544,17587754601,0,0.7610769327714941,0.13959321039846687,0.1478704415180896,266f78da296beb0142009d62d625c0f9165a805c615d0f22d2c53727618d30f5
network-heterogeneous-04,network-heterogeneous,headline,FLEX_POOL,SHARED_NIC,64,PASS,65,1105,31263.431311864755,35.34480873123618,15593.168519622355,15693.506960282502,49.81,0.7095926266058257,3781904000,3422537.556561086,314604.96601250174,284.710376481902,49,2,8,15722348544,17587754601,0,0.5078485576845331,0.09314723323075645,0.0986704329293919,266f78da296beb0142009d62d625c0f9165a805c615d0f22d2c53727618d30f5
network-heterogeneous-04,network-heterogeneous,headline,FLEX_POOL,SHARED_NIC,128,PASS,129,2193,62534.64355490694,35.068561605768046,31265.624500123362,31364.03276209526,49.81,0.7040466092304366,7504654080,3422094.88372093,624366.2861125035,284.7087487973112,49,2,8,15722348544,17587754601,0,0.5038793268619755,0.09241921527425889,0.09789924687848685,266f78da296beb0142009d62d625c0f9165a805c615d0f22d2c53727618d30f5
network-heterogeneous-04,network-heterogeneous,headline,FLEX_POOL_NO_ALT,SHARED_NIC,1,PASS,128,2176,171196.80597500456,12.710517509992009,1337.4750466801488,1337.4750466801925,49.81,0.2551800343302953,7435304960,3416960.0,619455.7200000039,284.6763419117665,49,0,0,0,0,0,0.1826298745583197,0.033497126777220755,0.03548335131770468,311f0f34aaba6b811b9ac90ba0178e006194a81f224b65cc7be07b3518f41229
network-heterogeneous-04,network-heterogeneous,headline,FLEX_POOL_NO_ALT,SHARED_NIC,8,PASS,121,2057,31437.70235093712,65.43099037702682,1960.4353186795815,2111.219768819581,49.81,1.3136115313597032,7028686720,3416960.0,585579.235312504,284.67634191176666,49,0,0,0,0,0,0.9401390270214529,0.17243595141546342,0.18266060502951592,311f0f34aaba6b811b9ac90ba0178e006194a81f224b65cc7be07b3518f41229
network-heterogeneous-04,network-heterogeneous,headline,FLEX_POOL_NO_ALT,SHARED_NIC,32,PASS,97,1649,31243.310406038974,52.779298306406965,7789.095062759086,8034.838948375962,49.81,1.0596124936038338,5634567040,3416960.0,469431.2878125035,284.6763419117668,49,0,0,0,0,0,0.7583543802522396,0.13909385240944305,0.14734147391213112,311f0f34aaba6b811b9ac90ba0178e006194a81f224b65cc7be07b3518f41229
network-heterogeneous-04,network-heterogeneous,headline,FLEX_POOL_NO_ALT,SHARED_NIC,64,PASS,65,1105,31264.782391904733,35.34328133645073,15607.866047062416,15720.75417166244,49.81,0.7095619621853188,3775740800,3416960.0,314567.35781250196,284.6763419117665,49,0,0,0,0,0,0.5078266114563131,0.09314320795509581,0.09866616897351989,311f0f34aaba6b811b9ac90ba0178e006194a81f224b65cc7be07b3518f41229
network-heterogeneous-04,network-heterogeneous,headline,FLEX_POOL_NO_ALT,SHARED_NIC,128,PASS,129,2193,62611.18658488805,35.02568981066567,31260.79646792407,31421.652625019626,49.81,0.7031859026433581,7493393280,3416960.0,624295.2178125039,284.6763419117665,49,0,0,0,0,0,0.5032633275090393,0.09230623152244999,0.09777956371326224,311f0f34aaba6b811b9ac90ba0178e006194a81f224b65cc7be07b3518f41229
network-heterogeneous-04,network-heterogeneous,headline,U_STRONG,LEGACY_DIRECTED_LINK,1,PASS,128,2176,429383.8454710209,5.067726750672222,3354.5612927403417,3354.561292748025,49.81,0.10174115138872157,6996623360,3215360.0,563639.1264000032,259.0253338235309,49,0,0,0,0,0,0.07281515485451628,0.01335541887308152,0.014790923804953962,374cff4b48a74fd8f8271870f774dd58feea0d51e4f938fe89639c832e342a47
network-heterogeneous-04,network-heterogeneous,headline,U_STRONG,LEGACY_DIRECTED_LINK,8,PASS,121,2057,429383.84547113196,4.790585443993595,26836.4903419599,26836.4903419842,49.81,0.09617718217212597,6613995520,3215360.0,532815.1116750027,259.02533382353073,49,0,0,0,0,0,0.06883307607339212,0.012625044403456614,0.013982045159366924,374cff4b48a74fd8f8271870f774dd58feea0d51e4f938fe89639c832e342a47
network-heterogeneous-04,network-heterogeneous,headline,U_STRONG,LEGACY_DIRECTED_LINK,32,PASS,97,1649,429383.8454707173,3.8403866782465084,107345.96136791958,107345.9613679368,49.81,0.07710071628682008,5302128640,3215360.0,427132.7754750024,259.0253338235309,49,0,0,0,0,0,0.055180234538227076,0.010120903364764264,0.0112087469459496,374cff4b48a74fd8f8271870f774dd58feea0d51e4f938fe89639c832e342a47
network-heterogeneous-04,network-heterogeneous,headline,U_STRONG,LEGACY_DIRECTED_LINK,64,PASS,65,1105,429383.8454693155,2.5734549905859585,214691.9227343127,214691.9227349247,49.81,0.05166542843979037,3552972800,3215360.0,286222.9938750021,259.0253338235313,49,0,0,0,0,0,0.03697644582470579,0.0067820486465136574,0.007511015994733016,374cff4b48a74fd8f8271870f774dd58feea0d51e4f938fe89639c832e342a47
network-heterogeneous-04,network-heterogeneous,headline,U_STRONG,LEGACY_DIRECTED_LINK,128,PASS,129,2193,858767.6909404338,2.553659182960706,429383.8454706669,429383.8454706669,49.81,0.051268002067068975,7051284480,3215360.0,568042.5570750033,259.0253338235309,49,0,0,0,0,0,0.03669201162597731,0.006729879041526336,0.007453238948604038,374cff4b48a74fd8f8271870f774dd58feea0d51e4f938fe89639c832e342a47
network-heterogeneous-04,network-heterogeneous,headline,U_STRONG,SHARED_NIC,1,PASS,128,2176,169187.0570623693,12.861503934061792,1321.7738833001786,1321.7738833001931,49.81,0.2582112815511301,6996623360,3215360.0,563639.1264000032,259.0253338235309,49,0,0,0,0,0,0.18479930878207945,0.03389503436711463,0.03753823638588833,374cff4b48a74fd8f8271870f774dd58feea0d51e4f938fe89639c832e342a47
network-heterogeneous-04,network-heterogeneous,headline,U_STRONG,SHARED_NIC,8,PASS,121,2057,31354.184056637147,65.60527922794304,1959.5365070402368,2066.8850723596115,49.81,1.3171106048573187,6613995520,3215360.0,532815.1116750027,259.02533382353073,49,0,0,0,0,0,0.9426432799721863,0.1728952699074452,0.19147888866236093,374cff4b48a74fd8f8271870f774dd58feea0d51e4f938fe89639c832e342a47
network-heterogeneous-04,network-heterogeneous,headline,U_STRONG,SHARED_NIC,32,PASS,97,1649,31284.134828178816,52.710423639866264,7808.723131598257,7913.066798761152,49.81,1.0582297458314849,5302128640,3215360.0,427132.7754750024,259.0253338235309,49,0,0,0,0,0,0.7573647610883709,0.13891234104021366,0.15384331045092145,374cff4b48a74fd8f8271870f774dd58feea0d51e4f938fe89639c832e342a47
network-heterogeneous-04,network-heterogeneous,headline,U_STRONG,SHARED_NIC,64,PASS,65,1105,31307.00947270459,35.29561010812637,15639.535103182403,15747.283943150318,49.81,0.7086049007855123,3552972800,3215360.0,286222.9938750021,259.0253338235313,49,0,0,0,0,0,0.5071416518988384,0.09301757584156843,0.10301555420078848,374cff4b48a74fd8f8271870f774dd58feea0d51e4f938fe89639c832e342a47
network-heterogeneous-04,network-heterogeneous,headline,U_STRONG,SHARED_NIC,128,PASS,129,2193,62458.83408778673,35.11112610455887,31256.057765203164,31376.8533431471,49.81,0.7049011464476785,7051284480,3215360.0,568042.5570750033,259.0253338235309,49,0,0,0,0,0,0.5044909108567809,0.09253138918150414,0.10247710985004725,374cff4b48a74fd8f8271870f774dd58feea0d51e4f938fe89639c832e342a47
network-heterogeneous-05,network-heterogeneous,headline,FLEX_FREE,SHARED_NIC,1,PASS,128,2176,164323.94074110079,13.242136174353186,1283.7807870402175,1283.780787040334,49.68609999999998,0.26651591037238165,7497695232,3445632.0,630056.5840000052,289.54806250000235,49,1,2,3930587136,4396938650,0,0.19026838730249548,0.017431331630690147,0.026171745471804574,99f507d0f7d43f7ffda6173b8a4e2aca12d8564ea4ee527d491bc0d1dd66d6f0
network-heterogeneous-05,network-heterogeneous,headline,FLEX_FREE,SHARED_NIC,8,PASS,121,2057,31111.953420036778,66.11606710221054,1956.0703023195638,2049.5926600000275,49.68609999999998,1.3306753217139313,7116292224,3459548.966456004,595776.0267625038,289.6334597775906,49,1,2,3930587136,4396938650,0,0.9499824874694458,0.0919804288597645,0.13896887661240556,99f507d0f7d43f7ffda6173b8a4e2aca12d8564ea4ee527d491bc0d1dd66d6f0
network-heterogeneous-05,network-heterogeneous,headline,FLEX_FREE,SHARED_NIC,32,PASS,97,1649,31321.47543143839,52.64758371966235,7808.061785578266,7919.544196655154,49.68609999999998,1.0596038674732444,5705923968,3460232.8489993936,477610.8818625031,289.6366779032766,49,1,2,3930587136,4396938650,0,0.7564618516092665,0.07333436019985459,0.1108618283197056,99f507d0f7d43f7ffda6173b8a4e2aca12d8564ea4ee527d491bc0d1dd66d6f0
network-heterogeneous-05,network-heterogeneous,headline,FLEX_FREE,SHARED_NIC,64,PASS,65,1105,31312.934858584093,35.288931075621505,15640.658972101955,15718.856159178034,49.68609999999998,0.7102374924902843,3822255360,3459054.624434389,320040.7385625022,289.629627658373,49,1,2,3930587136,4396938650,0,0.5070456848489071,0.04894398230384526,0.07426408106752438,99f507d0f7d43f7ffda6173b8a4e2aca12d8564ea4ee527d491bc0d1dd66d6f0
network-heterogeneous-05,network-heterogeneous,headline,FLEX_FREE,SHARED_NIC,128,PASS,129,2193,62446.287070632636,35.11818080584215,31252.094342066237,31395.536536866763,49.68609999999998,0.7068009122439105,7585243776,3458843.491108071,635154.9888625041,289.62835789443875,49,1,2,3930587136,4396938650,0,0.5045922756681979,0.04866908641537607,0.07367214240289965,99f507d0f7d43f7ffda6173b8a4e2aca12d8564ea4ee527d491bc0d1dd66d6f0
network-heterogeneous-05,network-heterogeneous,headline,FLEX_FREE_NO_ALT,SHARED_NIC,1,PASS,128,2176,164323.94074110079,13.242136174353186,1283.7807870402175,1283.780787040334,49.68609999999998,0.26651591037238165,7497695232,3445632.0,630056.5840000052,289.54806250000235,49,0,0,0,0,0,0.19026838730249548,0.017431331630690147,0.026171745471804574,9a68d1a7b0fed9ce2dea39df5c36e231f8fee15d9af66c085fed48ca4c5487c4
network-heterogeneous-05,network-heterogeneous,headline,FLEX_FREE_NO_ALT,SHARED_NIC,8,PASS,121,2057,31398.06734643658,65.51358646708083,1967.470143579445,2079.4094413600287,49.68609999999998,1.3185495836276313,7087665024,3445632.0,595600.3645625048,289.54806250000235,49,0,0,0,0,0,0.9413258011676444,0.08623903552927784,0.12948099063369212,9a68d1a7b0fed9ce2dea39df5c36e231f8fee15d9af66c085fed48ca4c5487c4
network-heterogeneous-05,network-heterogeneous,headline,FLEX_FREE_NO_ALT,SHARED_NIC,32,PASS,97,1649,31280.074672058196,52.71726545694648,7811.149455639021,7939.728549743276,49.68609999999998,1.0610063067325972,5681847168,3445632.0,477464.7550625036,289.5480625000022,49,0,0,0,0,0,0.7574630670931524,0.0693945542278071,0.10419035383285899,9a68d1a7b0fed9ce2dea39df5c36e231f8fee15d9af66c085fed48ca4c5487c4
network-heterogeneous-05,network-heterogeneous,headline,FLEX_FREE_NO_ALT,SHARED_NIC,64,PASS,65,1105,31202.790101003964,35.413499767908455,15626.29264596197,15760.09602335405,49.68609999999998,0.7127446059946034,3807423360,3445632.0,319950.60906250204,289.54806250000183,49,0,0,0,0,0,0.5088355383799199,0.046616682575228954,0.06999120761094155,9a68d1a7b0fed9ce2dea39df5c36e231f8fee15d9af66c085fed48ca4c5487c4
network-heterogeneous-05,network-heterogeneous,headline,FLEX_FREE_NO_ALT,SHARED_NIC,128,PASS,129,2193,62546.59754301291,35.06185925608323,31247.905172086947,31372.45727833872,49.68609999999998,0.7056673648381185,7556270976,3445632.0,634978.9010625052,289.54806250000235,49,0,0,0,0,0,0.5037830247813385,0.04615379937453504,0.06929622563432575,9a68d1a7b0fed9ce2dea39df5c36e231f8fee15d9af66c085fed48ca4c5487c4
network-heterogeneous-05,network-heterogeneous,headline,FLEX_POOL,LEGACY_DIRECTED_LINK,1,PASS,128,2176,472757.77603881934,4.602779923013521,3693.420125300836,3693.420125308796,49.68609999999998,0.09263717464267718,7497695232,3445632.0,630056.5840000052,289.54806250000235,49,1,2,3930587136,4396938650,0,0.06613461012100365,0.006058885228542072,0.009096929907815732,99f507d0f7d43f7ffda6173b8a4e2aca12d8564ea4ee527d491bc0d1dd66d6f0
network-heterogeneous-05,network-heterogeneous,headline,FLEX_POOL,LEGACY_DIRECTED_LINK,8,PASS,121,2057,472757.77603888797,4.3510653959730865,29547.361002470367,29547.361002470367,49.68609999999998,0.08757107915439304,7087665024,3445632.0,595600.3645625048,289.54806250000235,49,1,2,3930587136,4396938650,0,0.06251787363000218,0.005727539942605344,0.008599441553480813,99f507d0f7d43f7ffda6173b8a4e2aca12d8564ea4ee527d491bc0d1dd66d6f0
network-heterogeneous-05,network-heterogeneous,headline,FLEX_POOL,LEGACY_DIRECTED_LINK,32,PASS,97,1649,472757.77603814425,3.4880441604136645,118189.44400980318,118189.44400988147,49.68609999999998,0.07020160890900404,5681847168,3445632.0,477464.7550625036,289.5480625000022,49,1,2,3930587136,4396938650,0,0.05011763423239459,0.004591498962261085,0.006893767195776461,99f507d0f7d43f7ffda6173b8a4e2aca12d8564ea4ee527d491bc0d1dd66d6f0
network-heterogeneous-05,network-heterogeneous,headline,FLEX_POOL,LEGACY_DIRECTED_LINK,64,PASS,65,1105,472757.77603656595,2.3373491796664445,236378.88801810145,236378.88801838143,49.68609999999998,0.047042315248458734,3807423360,3445632.0,319950.60906250204,289.54806250000183,49,1,2,3930587136,4396938650,0,0.03358398170223213,0.0030767776551336784,0.004619534718834709,99f507d0f7d43f7ffda6173b8a4e2aca12d8564ea4ee527d491bc0d1dd66d6f0
network-heterogeneous-05,network-heterogeneous,headline,FLEX_POOL,LEGACY_DIRECTED_LINK,128,PASS,129,2193,945515.5520744821,2.319369570588775,472757.7760373652,472757.7760373652,49.68609999999998,0.04668045128494238,7556270976,3445632.0,634978.9010625052,289.54806250000235,49,1,2,3930587136,4396938650,0,0.033325643381398255,0.0030531101347052217,0.004583999836375575,99f507d0f7d43f7ffda6173b8a4e2aca12d8564ea4ee527d491bc0d1dd66d6f0
network-heterogeneous-05,network-heterogeneous,headline,FLEX_POOL,SHARED_NIC,1,PASS,128,2176,164323.94074110079,13.242136174353186,1283.7807870402175,1283.780787040334,49.68609999999998,0.26651591037238165,7497695232,3445632.0,630056.5840000052,289.54806250000235,49,1,2,3930587136,4396938650,0,0.19026838730249548,0.017431331630690147,0.026171745471804574,99f507d0f7d43f7ffda6173b8a4e2aca12d8564ea4ee527d491bc0d1dd66d6f0
network-heterogeneous-05,network-heterogeneous,headline,FLEX_POOL,SHARED_NIC,8,PASS,121,2057,31111.953420036778,66.11606710221054,1956.0703023195638,2049.5926600000275,49.68609999999998,1.3306753217139313,7116292224,3459548.966456004,595776.0267625038,289.6334597775906,49,1,2,3930587136,4396938650,0,0.9499824874694458,0.0919804288597645,0.13896887661240556,99f507d0f7d43f7ffda6173b8a4e2aca12d8564ea4ee527d491bc0d1dd66d6f0
network-heterogeneous-05,network-heterogeneous,headline,FLEX_POOL,SHARED_NIC,32,PASS,97,1649,31321.47543143839,52.64758371966235,7808.061785578266,7919.544196655154,49.68609999999998,1.0596038674732444,5705923968,3460232.8489993936,477610.8818625031,289.6366779032766,49,1,2,3930587136,4396938650,0,0.7564618516092665,0.07333436019985459,0.1108618283197056,99f507d0f7d43f7ffda6173b8a4e2aca12d8564ea4ee527d491bc0d1dd66d6f0
network-heterogeneous-05,network-heterogeneous,headline,FLEX_POOL,SHARED_NIC,64,PASS,65,1105,31312.934858584093,35.288931075621505,15640.658972101955,15718.856159178034,49.68609999999998,0.7102374924902843,3822255360,3459054.624434389,320040.7385625022,289.629627658373,49,1,2,3930587136,4396938650,0,0.5070456848489071,0.04894398230384526,0.07426408106752438,99f507d0f7d43f7ffda6173b8a4e2aca12d8564ea4ee527d491bc0d1dd66d6f0
network-heterogeneous-05,network-heterogeneous,headline,FLEX_POOL,SHARED_NIC,128,PASS,129,2193,62446.287070632636,35.11818080584215,31252.094342066237,31395.536536866763,49.68609999999998,0.7068009122439105,7585243776,3458843.491108071,635154.9888625041,289.62835789443875,49,1,2,3930587136,4396938650,0,0.5045922756681979,0.04866908641537607,0.07367214240289965,99f507d0f7d43f7ffda6173b8a4e2aca12d8564ea4ee527d491bc0d1dd66d6f0
network-heterogeneous-05,network-heterogeneous,headline,FLEX_POOL_NO_ALT,SHARED_NIC,1,PASS,128,2176,164323.94074110079,13.242136174353186,1283.7807870402175,1283.780787040334,49.68609999999998,0.26651591037238165,7497695232,3445632.0,630056.5840000052,289.54806250000235,49,0,0,0,0,0,0.19026838730249548,0.017431331630690147,0.026171745471804574,9a68d1a7b0fed9ce2dea39df5c36e231f8fee15d9af66c085fed48ca4c5487c4
network-heterogeneous-05,network-heterogeneous,headline,FLEX_POOL_NO_ALT,SHARED_NIC,8,PASS,121,2057,31398.06734643658,65.51358646708083,1967.470143579445,2079.4094413600287,49.68609999999998,1.3185495836276313,7087665024,3445632.0,595600.3645625048,289.54806250000235,49,0,0,0,0,0,0.9413258011676444,0.08623903552927784,0.12948099063369212,9a68d1a7b0fed9ce2dea39df5c36e231f8fee15d9af66c085fed48ca4c5487c4
network-heterogeneous-05,network-heterogeneous,headline,FLEX_POOL_NO_ALT,SHARED_NIC,32,PASS,97,1649,31280.074672058196,52.71726545694648,7811.149455639021,7939.728549743276,49.68609999999998,1.0610063067325972,5681847168,3445632.0,477464.7550625036,289.5480625000022,49,0,0,0,0,0,0.7574630670931524,0.0693945542278071,0.10419035383285899,9a68d1a7b0fed9ce2dea39df5c36e231f8fee15d9af66c085fed48ca4c5487c4
network-heterogeneous-05,network-heterogeneous,headline,FLEX_POOL_NO_ALT,SHARED_NIC,64,PASS,65,1105,31202.790101003964,35.413499767908455,15626.29264596197,15760.09602335405,49.68609999999998,0.7127446059946034,3807423360,3445632.0,319950.60906250204,289.54806250000183,49,0,0,0,0,0,0.5088355383799199,0.046616682575228954,0.06999120761094155,9a68d1a7b0fed9ce2dea39df5c36e231f8fee15d9af66c085fed48ca4c5487c4
network-heterogeneous-05,network-heterogeneous,headline,FLEX_POOL_NO_ALT,SHARED_NIC,128,PASS,129,2193,62546.59754301291,35.06185925608323,31247.905172086947,31372.45727833872,49.68609999999998,0.7056673648381185,7556270976,3445632.0,634978.9010625052,289.54806250000235,49,0,0,0,0,0,0.5037830247813385,0.04615379937453504,0.06929622563432575,9a68d1a7b0fed9ce2dea39df5c36e231f8fee15d9af66c085fed48ca4c5487c4
network-heterogeneous-05,network-heterogeneous,headline,U_STRONG,LEGACY_DIRECTED_LINK,1,PASS,128,2176,471167.56085033785,4.618314546257965,3680.9965691408142,3680.9965691487887,49.68609999999998,0.09294982995763336,7059013632,3244032.0,573141.0896000036,263.39204485294283,49,0,0,0,0,0,0.06635781789300926,0.005585061353313064,0.00912763252257523,67ce128397acb3c2d21432e40a67ffaac5fe57c64dd567b7c7e9e5ad37677e94
network-heterogeneous-05,network-heterogeneous,headline,U_STRONG,LEGACY_DIRECTED_LINK,8,PASS,121,2057,471167.5608504186,4.365750469508734,29447.97255319031,29447.97255319031,49.68609999999998,0.08786663613181023,6672973824,3244032.0,541797.4362625037,263.392044852943,49,0,0,0,0,0,0.06272887472697455,0.005279628310552851,0.008628465118995421,67ce128397acb3c2d21432e40a67ffaac5fe57c64dd567b7c7e9e5ad37677e94
network-heterogeneous-05,network-heterogeneous,headline,U_STRONG,LEGACY_DIRECTED_LINK,32,PASS,97,1649,471167.5608496706,3.49981649209107,117791.89021268784,117791.89021276124,49.68609999999998,0.07043854301486878,5349408768,3244032.0,434333.48196250317,263.3920448529431,49,0,0,0,0,0,0.050286783872117234,0.004232429306813549,0.006917034021023844,67ce128397acb3c2d21432e40a67ffaac5fe57c64dd567b7c7e9e5ad37677e94
network-heterogeneous-05,network-heterogeneous,headline,U_STRONG,LEGACY_DIRECTED_LINK,64,PASS,65,1105,471167.5608480906,2.345237855532808,235583.78042385727,235583.78042415009,49.68609999999998,0.04720108552558581,3584655360,3244032.0,291048.2095625021,263.39204485294306,49,0,0,0,0,0,0.033697329398954375,0.0028361639684928133,0.004635125890392356,67ce128397acb3c2d21432e40a67ffaac5fe57c64dd567b7c7e9e5ad37677e94
network-heterogeneous-05,network-heterogeneous,headline,U_STRONG,LEGACY_DIRECTED_LINK,128,PASS,129,2193,942335.1216976291,2.327197564332826,471167.56084895134,471167.56084895134,49.68609999999998,0.0468380002522401,7114162176,3244032.0,577618.7543625035,263.3920448529428,49,0,0,0,0,0,0.033438119172757304,0.0028143473225770103,0.004599471075843795,67ce128397acb3c2d21432e40a67ffaac5fe57c64dd567b7c7e9e5ad37677e94
network-heterogeneous-05,network-heterogeneous,headline,U_STRONG,SHARED_NIC,1,PASS,128,2176,162540.330844142,13.387446602939061,1269.8463347202123,1269.8463347203215,49.68609999999998,0.26944047938838156,7059013632,3244032.0,573141.0896000036,263.39204485294283,49,0,0,0,0,0,0.192356266519356,0.016189826373389858,0.026458936866098938,67ce128397acb3c2d21432e40a67ffaac5fe57c64dd567b7c7e9e5ad37677e94
network-heterogeneous-05,network-heterogeneous,headline,U_STRONG,SHARED_NIC,8,PASS,121,2057,31308.930327656726,65.70010468172879,1951.011081699804,2076.234523919904,49.68609999999998,1.322303515102389,6672973824,3244032.0,541797.4362625037,263.392044852943,49,0,0,0,0,0,0.9440057705801581,0.0794530367932306,0.12984962505757577,67ce128397acb3c2d21432e40a67ffaac5fe57c64dd567b7c7e9e5ad37677e94
network-heterogeneous-05,network-heterogeneous,headline,U_STRONG,SHARED_NIC,32,PASS,97,1649,31223.807382798197,52.81226532637613,7828.685847820991,7923.841597324999,49.68609999999998,1.0629183076630315,5349408768,3244032.0,434333.48196250317,263.3920448529431,49,0,0,0,0,0,0.758828063775888,0.0638673999141641,0.10437811148538809,67ce128397acb3c2d21432e40a67ffaac5fe57c64dd567b7c7e9e5ad37677e94
network-heterogeneous-05,network-heterogeneous,headline,U_STRONG,SHARED_NIC,64,PASS,65,1105,31281.8316423039,35.32401851129639,15631.290201242053,15749.595586102045,49.68609999999998,0.710943674615162,3584655360,3244032.0,291048.2095625021,263.39204485294306,49,0,0,0,0,0,0.5075498353660548,0.042718357239441396,0.06981435693959112,67ce128397acb3c2d21432e40a67ffaac5fe57c64dd567b7c7e9e5ad37677e94
network-heterogeneous-05,network-heterogeneous,headline,U_STRONG,SHARED_NIC,128,PASS,129,2193,62508.98788303284,35.08295485608492,31257.351599926304,31372.29177379842,49.68609999999998,0.7060919423356821,7114162176,3244032.0,577618.7543625035,263.3920448529428,49,0,0,0,0,0,0.5040861349244945,0.04242683198906611,0.0693379189583144,67ce128397acb3c2d21432e40a67ffaac5fe57c64dd567b7c7e9e5ad37677e94
network-heterogeneous-06,network-heterogeneous,headline,FLEX_FREE,SHARED_NIC,1,PASS,128,2176,183385.67368443913,11.865703335934255,1432.7005756602084,1432.7005756602448,49.3404,0.24048656549063757,7556399104,3472609.882352941,641184.8048000039,294.6621345588253,49,2,4,7861174272,8593596026,0,0.21256227935818134,0.06472661543902912,0.06472661543902912,02bd5489eb84685c6e9fd8e48a38fc93552f907bac0d4e976f451ed476a66864
network-heterogeneous-06,network-heterogeneous,headline,FLEX_FREE,SHARED_NIC,8,PASS,121,2057,38766.86315307888,53.060780075950824,2449.6743443194755,2577.1314901995793,49.3404,1.0754023087763946,7136246528,3469249.649003403,606079.1287875038,294.64225998420216,49,2,4,7861174272,8593596026,0,0.9505311264028201,0.2894429946238458,0.2894429946238458,02bd5489eb84685c6e9fd8e48a38fc93552f907bac0d4e976f451ed476a66864
network-heterogeneous-06,network-heterogeneous,headline,FLEX_FREE,SHARED_NIC,32,PASS,97,1649,39040.03094290232,42.23869603002445,9749.688269661696,9880.571665977779,49.3404,0.8560671585561619,5720429696,3469029.530624621,485861.1933875031,294.6398989614937,49,2,4,7861174272,8593596026,0,0.7566642491447774,0.2304092523788165,0.2304092523788165,02bd5489eb84685c6e9fd8e48a38fc93552f907bac0d4e976f451ed476a66864
network-heterogeneous-06,network-heterogeneous,headline,FLEX_FREE,SHARED_NIC,64,PASS,65,1105,39019.078883127164,28.319479383656848,19485.267386683663,19658.4307567235,49.3404,0.5739612849441198,3833547520,3469273.773755656,325576.9222875021,294.6397486764725,49,2,4,7861174272,8593596026,0,0.5073153202640018,0.1544808596341962,0.1544808596341962,02bd5489eb84685c6e9fd8e48a38fc93552f907bac0d4e976f451ed476a66864
network-heterogeneous-06,network-heterogeneous,headline,FLEX_FREE,SHARED_NIC,128,PASS,129,2193,77950.91127381854,28.13308996859111,39004.02318786814,39124.80431367227,49.3404,0.570183662244147,7608031872,3469234.779753762,646145.0369875042,294.6397797480639,49,2,4,7861174272,8593596026,0,0.5039763391861061,0.1534641178828385,0.1534641178828385,02bd5489eb84685c6e9fd8e48a38fc93552f907bac0d4e976f451ed476a66864
network-heterogeneous-06,network-heterogeneous,headline,FLEX_FREE_NO_ALT,SHARED_NIC,1,PASS,128,2176,183385.67368443913,11.865703335934255,1432.7005756602084,1432.7005756602448,49.3404,0.24048656549063757,7560085504,3474304.0,641233.6112000047,294.6845639705904,49,0,0,0,0,0,0.21256227935818134,0.06472661543902912,0.06472661543902912,a4ced43b205ad3a094e3c68b13e67b72ab7daab7f6424ea7c2e3f335386d1274
network-heterogeneous-06,network-heterogeneous,headline,FLEX_FREE_NO_ALT,SHARED_NIC,8,PASS,121,2057,38956.57444695872,52.80238391598588,2447.1855127794115,2629.779778700431,49.3404,1.0701652989433785,7146643328,3474304.0,606166.1480875044,294.6845639705904,49,0,0,0,0,0,0.9459022160732308,0.2880334609111394,0.2880334609111394,a4ced43b205ad3a094e3c68b13e67b72ab7daab7f6424ea7c2e3f335386d1274
network-heterogeneous-06,network-heterogeneous,headline,FLEX_FREE_NO_ALT,SHARED_NIC,32,PASS,97,1649,38847.205545722216,42.448355726878916,9726.894822881717,9917.488105845734,49.3404,0.8603164085998272,5729127296,3474304.0,485934.84598750353,294.6845639705904,49,0,0,0,0,0,0.7604200941875205,0.23155293195575863,0.23155293195575863,a4ced43b205ad3a094e3c68b13e67b72ab7daab7f6424ea7c2e3f335386d1274
network-heterogeneous-06,network-heterogeneous,headline,FLEX_FREE_NO_ALT,SHARED_NIC,64,PASS,65,1105,38865.29099696732,28.431538055027655,19476.516969883545,19593.55720313551,49.3404,0.5762324191743005,3839105920,3474304.0,325626.44318750233,294.6845639705903,49,0,0,0,0,0,0.5093227399621071,0.1550921321667279,0.1550921321667279,a4ced43b205ad3a094e3c68b13e67b72ab7daab7f6424ea7c2e3f335386d1274
network-heterogeneous-06,network-heterogeneous,headline,FLEX_FREE_NO_ALT,SHARED_NIC,128,PASS,129,2193,77912.237433838,28.147054586415457,38983.610499863775,39125.53602318994,49.3404,0.5704666882801002,7619148672,3474304.0,646243.2487875047,294.6845639705904,49,0,0,0,0,0,0.5042265014319562,0.15354029393596233,0.15354029393596233,a4ced43b205ad3a094e3c68b13e67b72ab7daab7f6424ea7c2e3f335386d1274
network-heterogeneous-06,network-heterogeneous,headline,FLEX_POOL,LEGACY_DIRECTED_LINK,1,PASS,128,2176,539282.47074858,4.034991155895511,4213.144302720764,4213.144302730216,47.28660000000001,0.08533054091212967,7998767104,3675904.0,700856.1776000019,322.0846404411773,47,2,6,11791761408,12890879207,0,0.07228285530195436,0.022439258683566058,0.022010605983768167,5fcc2aa783b242f10a189c16e1257d83e8c2c98ddd95f02f8dab4cba079c70d8
network-heterogeneous-06,network-heterogeneous,headline,FLEX_POOL,LEGACY_DIRECTED_LINK,8,PASS,121,2057,539282.4707482773,3.814327577059616,33705.15442178454,33705.154421841726,47.28660000000001,0.08066402695604284,7561334528,3675904.0,662528.1053875021,322.0846404411775,47,2,6,11791761408,12890879207,0,0.06832988665266711,0.021212111724320436,0.020806900969042523,5fcc2aa783b242f10a189c16e1257d83e8c2c98ddd95f02f8dab4cba079c70d8
network-heterogeneous-06,network-heterogeneous,headline,FLEX_POOL,LEGACY_DIRECTED_LINK,32,PASS,97,1649,539282.470747329,3.0577667353341607,134820.61768674816,134820.6176873669,47.28660000000001,0.06466455053512328,6061565696,3675904.0,531117.5720875028,322.0846404411782,47,2,6,11791761408,12890879207,0,0.05477685128363941,0.017004750721179313,0.016679912347113014,5fcc2aa783b242f10a189c16e1257d83e8c2c98ddd95f02f8dab4cba079c70d8
network-heterogeneous-06,network-heterogeneous,headline,FLEX_POOL,LEGACY_DIRECTED_LINK,64,PASS,65,1105,539282.4707455884,2.049018946364556,269641.23537270725,269641.23537280445,47.28660000000001,0.043331915307181224,4061873920,3675904.0,355903.5276875019,322.0846404411782,47,2,6,11791761408,12890879207,0,0.036706137458227296,0.011394936050311565,0.01117726085119429,5fcc2aa783b242f10a189c16e1257d83e8c2c98ddd95f02f8dab4cba079c70d8
network-heterogeneous-06,network-heterogeneous,headline,FLEX_POOL,LEGACY_DIRECTED_LINK,128,PASS,129,2193,1078564.9414964581,2.0332572621517953,539282.4707484841,539282.4707484841,47.28660000000001,0.042998592881530816,8061257472,3675904.0,706331.6164875019,322.0846404411773,47,2,6,11791761408,12890879207,0,0.03642378255452413,0.011307282696023066,0.011091281921515393,5fcc2aa783b242f10a189c16e1257d83e8c2c98ddd95f02f8dab4cba079c70d8
network-heterogeneous-06,network-heterogeneous,headline,FLEX_POOL,SHARED_NIC,1,PASS,128,2176,196474.92057593504,11.075204884274296,1534.96031700005,1534.960317000281,47.28660000000001,0.23421444731222574,7998767104,3675904.0,700856.1776000019,322.0846404411773,47,2,6,11791761408,12890879207,0,0.19840128544515392,0.0613521624481392,0.06041449943232015,5fcc2aa783b242f10a189c16e1257d83e8c2c98ddd95f02f8dab4cba079c70d8
network-heterogeneous-06,network-heterogeneous,headline,FLEX_POOL,SHARED_NIC,8,PASS,121,2057,38953.509787398805,52.80653813293675,2444.9836172200394,2576.2543143793846,47.28660000000001,1.1167336652019122,7606521728,3697871.5255226055,662414.2072875039,322.02926946402715,47,2,6,11791761408,12890879207,0,0.9459766347401252,0.291397982504569,0.28805612188583396,5fcc2aa783b242f10a189c16e1257d83e8c2c98ddd95f02f8dab4cba079c70d8
network-heterogeneous-06,network-heterogeneous,headline,FLEX_POOL,SHARED_NIC,32,PASS,97,1649,38921.744230942306,42.36706325943803,9724.132567120345,9873.194198393492,47.28660000000001,0.8959634073804845,6096471296,3697071.738023044,531096.6150375025,322.07193149636294,47,2,6,11791761408,12890879207,0,0.7589638204475936,0.2338121261103532,0.23110948700107137,5fcc2aa783b242f10a189c16e1257d83e8c2c98ddd95f02f8dab4cba079c70d8
network-heterogeneous-06,network-heterogeneous,headline,FLEX_POOL,SHARED_NIC,64,PASS,65,1105,38896.93395166759,28.408408780317924,19508.9899580439,19625.970035911454,47.28660000000001,0.6007708056895171,4086699520,3698370.606334842,355838.6557375018,322.0259327941193,47,2,6,11791761408,12890879207,0,0.5089084019989024,0.1568607501717605,0.15496596352529673,5fcc2aa783b242f10a189c16e1257d83e8c2c98ddd95f02f8dab4cba079c70d8
network-heterogeneous-06,network-heterogeneous,headline,FLEX_POOL,SHARED_NIC,128,PASS,129,2193,78098.42740045785,28.079950813287997,38977.039188588446,39129.425416749305,47.28660000000001,0.593824694803348,8108633472,3697507.283173735,706278.8089875039,322.06056041381845,47,2,6,11791761408,12890879207,0,0.5030244040454228,0.1548943742066832,0.15317424735660995,5fcc2aa783b242f10a189c16e1257d83e8c2c98ddd95f02f8dab4cba079c70d8
network-heterogeneous-06,network-heterogeneous,headline,FLEX_POOL_NO_ALT,SHARED_NIC,1,PASS,128,2176,190338.81684218108,11.432245067511504,1487.022006580206,1487.0220065803005,47.28660000000001,0.24176500462100262,7998767104,3675904.0,702395.4544000031,322.792028676472,47,0,0,0,0,0,0.20479730538790164,0.06357662123471969,0.06236212967238258,c89fa9eebd23c796b4b96f63f8e6c5e32113a1897ebf369728e34ec478451871
network-heterogeneous-06,network-heterogeneous,headline,FLEX_POOL_NO_ALT,SHARED_NIC,8,PASS,121,2057,38956.55772329881,52.80240658352026,2446.113893519443,2562.7777339804597,47.28660000000001,1.116646292681653,7561334528,3675904.0,663983.2029875029,322.792028676472,47,0,0,0,0,0,0.9459026221395749,0.29364298821603774,0.2880335845610183,c89fa9eebd23c796b4b96f63f8e6c5e32113a1897ebf369728e34ec478451871
network-heterogeneous-06,network-heterogeneous,headline,FLEX_POOL_NO_ALT,SHARED_NIC,32,PASS,97,1649,38904.49574594234,42.38584688948159,9728.753544981788,9847.523758405769,47.28660000000001,0.8963606368290717,6061565696,3675904.0,532284.0552875024,322.792028676472,47,0,0,0,0,0,0.7593003105066859,0.23571476271650316,0.23121195044246692,c89fa9eebd23c796b4b96f63f8e6c5e32113a1897ebf369728e34ec478451871
network-heterogeneous-06,network-heterogeneous,headline,FLEX_POOL_NO_ALT,SHARED_NIC,64,PASS,65,1105,38965.50442126806,28.358416409896943,19522.70592628351,19658.504662259555,47.28660000000001,0.5997135850303668,4061873920,3675904.0,356685.1916875016,322.79202867647206,47,0,0,0,0,0,0.5080128383811082,0.15770588263823165,0.1546932584994324,c89fa9eebd23c796b4b96f63f8e6c5e32113a1897ebf369728e34ec478451871
network-heterogeneous-06,network-heterogeneous,headline,FLEX_POOL_NO_ALT,SHARED_NIC,128,PASS,129,2193,77893.17112395853,28.15394428492427,38971.952902598176,39137.368541109856,47.28660000000001,0.5953894821138391,8061257472,3675904.0,707882.9188875031,322.792028676472,47,0,0,0,0,0,0.5043499235315707,0.15656877905396863,0.15357787677898857,c89fa9eebd23c796b4b96f63f8e6c5e32113a1897ebf369728e34ec478451871
network-heterogeneous-06,network-heterogeneous,headline,U_STRONG,LEGACY_DIRECTED_LINK,1,PASS,128,2176,531959.8053662414,4.090534619437792,4155.935979420763,4155.935979430331,49.3404,0.08290436679552236,7121403904,3272704.0,586843.8384000058,269.6892639705909,49,0,0,0,0,0,0.07327786123457702,0.022313591850098173,0.022313591850098173,e6019b11e1b9763de3d3e44bde09534eec52a834d08efd541485a112e6772b22
network-heterogeneous-06,network-heterogeneous,headline,U_STRONG,LEGACY_DIRECTED_LINK,8,PASS,121,2057,531959.8053659537,3.8668335074393787,33247.4878353884,33247.48783544265,49.3404,0.07837053423643461,6731952128,3272704.0,554750.8159875055,269.6892639705909,49,0,0,0,0,0,0.06927047819834858,0.021093317295807337,0.021093317295807337,e6019b11e1b9763de3d3e44bde09534eec52a834d08efd541485a112e6772b22
network-heterogeneous-06,network-heterogeneous,headline,U_STRONG,LEGACY_DIRECTED_LINK,32,PASS,97,1649,531959.8053650586,3.0998582662995937,132989.95134122198,132989.9513417706,49.3404,0.06282596546237147,5396688896,3272704.0,444717.59628750436,269.6892639705909,49,0,0,0,0,0,0.05553087921695143,0.01690951882394013,0.01690951882394013,e6019b11e1b9763de3d3e44bde09534eec52a834d08efd541485a112e6772b22
network-heterogeneous-06,network-heterogeneous,headline,U_STRONG,LEGACY_DIRECTED_LINK,64,PASS,65,1105,531959.8053632098,2.077224611445091,265979.9026815742,265979.9026815853,49.3404,0.04209987376359112,3616337920,3272704.0,298006.6366875028,269.6892639705908,49,0,0,0,0,0,0.03721141390839569,0.01133112086144257,0.01133112086144257,e6019b11e1b9763de3d3e44bde09534eec52a834d08efd541485a112e6772b22
network-heterogeneous-06,network-heterogeneous,headline,U_STRONG,LEGACY_DIRECTED_LINK,128,PASS,129,2193,1063919.6107301086,2.0612459605806746,531959.805365175,531959.805365175,49.3404,0.04177602858064942,7177039872,3272704.0,591428.5558875059,269.6892639705909,49,0,0,0,0,0,0.036925172262818474,0.011243958393238624,0.011243958393238624,e6019b11e1b9763de3d3e44bde09534eec52a834d08efd541485a112e6772b22
network-heterogeneous-06,network-heterogeneous,headline,U_STRONG,SHARED_NIC,1,PASS,128,2176,180461.4889855622,12.057974320349816,1409.8553827002324,1409.855382700247,49.3404,0.24438339211578777,7121403904,3272704.0,586843.8384000058,269.6892639705909,49,0,0,0,0,0,0.2160066229040075,0.06577544075650194,0.06577544075650194,e6019b11e1b9763de3d3e44bde09534eec52a834d08efd541485a112e6772b22
network-heterogeneous-06,network-heterogeneous,headline,U_STRONG,SHARED_NIC,8,PASS,121,2057,39026.77043707878,52.70741024590837,2444.280092499459,2572.6880438394874,49.3404,1.0682404327064305,6731952128,3272704.0,554750.8159875055,269.6892639705909,49,0,0,0,0,0,0.9442008571887934,0.28751538591415843,0.28751538591415843,e6019b11e1b9763de3d3e44bde09534eec52a834d08efd541485a112e6772b22
network-heterogeneous-06,network-heterogeneous,headline,U_STRONG,SHARED_NIC,32,PASS,97,1649,38930.77230452218,42.35723830755993,9737.487322001733,9886.849862416992,49.3404,0.8584696984126584,5396688896,3272704.0,444717.59628750436,269.6892639705909,49,0,0,0,0,0,0.7587878162018554,0.2310558925478884,0.2310558925478884,e6019b11e1b9763de3d3e44bde09534eec52a834d08efd541485a112e6772b22
network-heterogeneous-06,network-heterogeneous,headline,U_STRONG,SHARED_NIC,64,PASS,65,1105,39064.06702360689,28.286865249648358,19500.968971403592,19596.951502947482,49.3404,0.5733002823172969,3616337920,3272704.0,298006.6366875028,269.6892639705908,49,0,0,0,0,0,0.5067310704755258,0.1543029517217801,0.1543029517217801,e6019b11e1b9763de3d3e44bde09534eec52a834d08efd541485a112e6772b22
network-heterogeneous-06,network-heterogeneous,headline,U_STRONG,SHARED_NIC,128,PASS,129,2193,77827.72987961813,28.177617455784386,38986.38368234772,39091.783281427975,49.3404,0.5710861171734397,7177039872,3272704.0,591428.5558875059,269.6892639705909,49,0,0,0,0,0,0.5047740048536129,0.15370701233742154,0.15370701233742154,e6019b11e1b9763de3d3e44bde09534eec52a834d08efd541485a112e6772b22
full-mixed-01,full-mixed,headline,FLEX_FREE,SHARED_NIC,1,PASS,128,2176,238749.20233036575,9.114166576309609,1865.228143206401,1865.228143206943,65.0677,0.14007205689319907,7497695232,3445632.0,893112.0778666724,410.43753578431637,70,0,0,0,0,0,0.1309560446477919,0.010690022704529857,0.01801323024337913,fee53098e5a748f65ca4999d8a8883e30394b75cd372419a36ec17bbd91edafb
full-mixed-01,full-mixed,headline,FLEX_FREE,SHARED_NIC,8,PASS,121,2057,34927.354282121116,58.89366779358244,2179.81335512019,2220.577998000028,65.0677,0.9051137168454154,7087665024,3445632.0,844270.0111083387,410.43753578431637,70,0,0,0,0,0,0.8462081227586519,0.06907649104229494,0.11639738959790162,fee53098e5a748f65ca4999d8a8883e30394b75cd372419a36ec17bbd91edafb
full-mixed-01,full-mixed,headline,FLEX_FREE,SHARED_NIC,32,PASS,97,1649,34668.18256384419,47.565227769388734,8667.045640961784,8667.045640961966,65.0677,0.7310113584680069,5681847168,3445632.0,676811.4965083374,410.4375357843162,70,0,0,0,0,0,0.6834364984771435,0.05578934294689871,0.09400787139614653,fee53098e5a748f65ca4999d8a8883e30394b75cd372419a36ec17bbd91edafb
full-mixed-01,full-mixed,headline,FLEX_FREE,SHARED_NIC,64,PASS,65,1105,34668.18256384709,31.87360623721659,17334.09128192393,17334.09128192393,65.0677,0.489852972169242,3807423360,3445632.0,453533.47704166913,410.43753578431597,70,0,0,0,0,0,0.45797291135062385,0.037384611253073324,0.06299496536854665,fee53098e5a748f65ca4999d8a8883e30394b75cd372419a36ec17bbd91edafb
full-mixed-01,full-mixed,headline,FLEX_FREE,SHARED_NIC,128,PASS,129,2193,69336.36512767286,31.628424650786187,34668.182563843206,34668.182563843206,65.0677,0.4860848723834742,7556270976,3445632.0,900089.5159750058,410.43753578431637,70,0,0,0,0,0,0.45445004280191414,0.03709703732036887,0.06251038871188455,fee53098e5a748f65ca4999d8a8883e30394b75cd372419a36ec17bbd91edafb
full-mixed-01,full-mixed,headline,FLEX_FREE_NO_ALT,SHARED_NIC,1,PASS,128,2176,238749.20233036575,9.114166576309609,1865.228143206401,1865.228143206943,65.0677,0.14007205689319907,7497695232,3445632.0,893112.0778666724,410.43753578431637,70,0,0,0,0,0,0.1309560446477919,0.010690022704529857,0.01801323024337913,fee53098e5a748f65ca4999d8a8883e30394b75cd372419a36ec17bbd91edafb
full-mixed-01,full-mixed,headline,FLEX_FREE_NO_ALT,SHARED_NIC,8,PASS,121,2057,34927.354282121116,58.89366779358244,2179.81335512019,2220.577998000028,65.0677,0.9051137168454154,7087665024,3445632.0,844270.0111083387,410.43753578431637,70,0,0,0,0,0,0.8462081227586519,0.06907649104229494,0.11639738959790162,fee53098e5a748f65ca4999d8a8883e30394b75cd372419a36ec17bbd91edafb
full-mixed-01,full-mixed,headline,FLEX_FREE_NO_ALT,SHARED_NIC,32,PASS,97,1649,34668.18256384419,47.565227769388734,8667.045640961784,8667.045640961966,65.0677,0.7310113584680069,5681847168,3445632.0,676811.4965083374,410.4375357843162,70,0,0,0,0,0,0.6834364984771435,0.05578934294689871,0.09400787139614653,fee53098e5a748f65ca4999d8a8883e30394b75cd372419a36ec17bbd91edafb
full-mixed-01,full-mixed,headline,FLEX_FREE_NO_ALT,SHARED_NIC,64,PASS,65,1105,34668.18256384709,31.87360623721659,17334.09128192393,17334.09128192393,65.0677,0.489852972169242,3807423360,3445632.0,453533.47704166913,410.43753578431597,70,0,0,0,0,0,0.45797291135062385,0.037384611253073324,0.06299496536854665,fee53098e5a748f65ca4999d8a8883e30394b75cd372419a36ec17bbd91edafb
full-mixed-01,full-mixed,headline,FLEX_FREE_NO_ALT,SHARED_NIC,128,PASS,129,2193,69336.36512767286,31.628424650786187,34668.182563843206,34668.182563843206,65.0677,0.4860848723834742,7556270976,3445632.0,900089.5159750058,410.43753578431637,70,0,0,0,0,0,0.45445004280191414,0.03709703732036887,0.06251038871188455,fee53098e5a748f65ca4999d8a8883e30394b75cd372419a36ec17bbd91edafb
full-mixed-01,full-mixed,headline,FLEX_POOL,LEGACY_DIRECTED_LINK,1,PASS,128,2176,461485.003452017,4.715212810217028,3605.351589467202,3605.351589473081,64.03370000000001,0.07363642597908644,7936376832,3647232.0,950124.2085333356,436.6379634803932,69,4,4,7861174272,8793877301,0,0.06775009147886847,0.0068963662330814995,0.010681936472573905,132f408ceec4361414882238f5d93ea132b1babef69d936a0764e737536c015c
full-mixed-01,full-mixed,headline,FLEX_POOL,LEGACY_DIRECTED_LINK,8,PASS,121,2057,461485.00345210533,4.457349609657431,28842.812715784647,28842.812715784647,64.03370000000001,0.06960943393334182,7502356224,3647232.0,898164.290879169,436.6379634803933,69,4,4,7861174272,8793877301,0,0.06404500835110558,0.006519221204708607,0.010097768071728087,132f408ceec4361414882238f5d93ea132b1babef69d936a0764e737536c015c
full-mixed-01,full-mixed,headline,FLEX_POOL,LEGACY_DIRECTED_LINK,32,PASS,97,1649,461485.0034515718,3.573247207746039,115371.25086308853,115371.25086313859,64.03370000000001,0.05580260406233028,6014285568,3647232.0,720016.0017791693,436.63796348039375,69,4,4,7861174272,8793877301,0,0.051341866198879475,0.005226152536012118,0.008094904983130227,132f408ceec4361414882238f5d93ea132b1babef69d936a0764e737536c015c
full-mixed-01,full-mixed,headline,FLEX_POOL,LEGACY_DIRECTED_LINK,64,PASS,65,1105,461485.0034504039,2.3944440051967044,230742.50172503293,230742.50172530877,64.03370000000001,0.03739349756763554,4030191360,3647232.0,482484.9496458361,436.63796348039466,69,4,4,7861174272,8793877301,0,0.034404343329233034,0.003502060977748945,0.005424420864997906,132f408ceec4361414882238f5d93ea132b1babef69d936a0764e737536c015c
full-mixed-01,full-mixed,headline,FLEX_POOL,LEGACY_DIRECTED_LINK,128,PASS,129,2193,922970.0069032747,2.376025205150379,461485.0034518838,461485.0034518838,64.03370000000001,0.037105855278554555,7998379776,3647232.0,957547.0539125022,436.6379634803932,69,4,4,7861174272,8793877301,0,0.03413969453430165,0.003475122047141583,0.005382694550637372,132f408ceec4361414882238f5d93ea132b1babef69d936a0764e737536c015c
full-mixed-01,full-mixed,headline,FLEX_POOL,SHARED_NIC,1,PASS,128,2176,239954.5051425296,9.068385687143014,1874.6445714264119,1874.6445714269357,64.03370000000001,0.14161895513054865,7936376832,3647232.0,950124.2085333356,436.6379634803932,69,4,4,7861174272,8793877301,0,0.13029824625059122,0.013263220846758378,0.020543700511027743,132f408ceec4361414882238f5d93ea132b1babef69d936a0764e737536c015c
full-mixed-01,full-mixed,headline,FLEX_POOL,SHARED_NIC,8,PASS,121,2057,35167.031231480556,58.49228461908466,2193.288947679941,2266.414516360035,64.03370000000001,0.9134609528901914,7502356224,3647232.0,898164.290879169,436.6379634803933,69,4,4,7861174272,8793877301,0,0.8404408863931204,0.08396992461042829,0.1309306852208278,132f408ceec4361414882238f5d93ea132b1babef69d936a0764e737536c015c
full-mixed-01,full-mixed,headline,FLEX_POOL,SHARED_NIC,32,PASS,97,1649,34668.18256384417,47.565227769388756,8667.04564096177,8667.045640961966,64.03370000000001,0.7428155450862397,6014285568,3647232.0,720016.0017791693,436.63796348039375,69,4,4,7861174272,8793877301,0,0.6834364984771438,0.06731657331105347,0.10550508136225827,132f408ceec4361414882238f5d93ea132b1babef69d936a0764e737536c015c
full-mixed-01,full-mixed,headline,FLEX_POOL,SHARED_NIC,64,PASS,65,1105,34668.1825638471,31.87360623721658,17334.09128192393,17334.09128192393,64.03370000000001,0.4977629941299125,4030191360,3647232.0,482484.9496458361,436.63796348039466,69,4,4,7861174272,8793877301,0,0.45797291135062373,0.04514315993339827,0.07073338919350272,132f408ceec4361414882238f5d93ea132b1babef69d936a0764e737536c015c
full-mixed-01,full-mixed,headline,FLEX_POOL,SHARED_NIC,128,PASS,129,2193,69336.36512767292,31.628424650786158,34668.182563843206,34668.182563843206,64.03370000000001,0.49393404802137236,7998379776,3647232.0,957547.0539125022,436.6379634803932,69,4,4,7861174272,8793877301,0,0.4544500428019138,0.04481342740419894,0.07020680487528434,132f408ceec4361414882238f5d93ea132b1babef69d936a0764e737536c015c
full-mixed-01,full-mixed,headline,FLEX_POOL_NO_ALT,SHARED_NIC,1,PASS,128,2176,239954.5051425296,9.068385687143014,1874.6445714264119,1874.6445714269357,64.03370000000001,0.14161895513054865,7936376832,3647232.0,950124.2085333356,436.6379634803932,69,0,0,0,0,0,0.13029824625059122,0.013263220846758378,0.020543700511027743,8f6e122b636deb321fbcca3ae3c9857dd7ae796c1488a92af802110697ab449f
full-mixed-01,full-mixed,headline,FLEX_POOL_NO_ALT,SHARED_NIC,8,PASS,121,2057,35396.78654180123,58.112619843917784,2212.877713040032,2265.413871040035,64.03370000000001,0.9075318128410161,7502356224,3647232.0,898164.290879169,436.6379634803933,69,0,0,0,0,0,0.8349857088042905,0.08499423575095232,0.1316494797610197,8f6e122b636deb321fbcca3ae3c9857dd7ae796c1488a92af802110697ab449f
full-mixed-01,full-mixed,headline,FLEX_POOL_NO_ALT,SHARED_NIC,32,PASS,97,1649,34668.18256384417,47.565227769388756,8667.04564096177,8667.045640961966,64.03370000000001,0.7428155450862397,6014285568,3647232.0,720016.0017791693,436.63796348039375,69,0,0,0,0,0,0.6834364984771438,0.06956785279062411,0.10775520889220125,8f6e122b636deb321fbcca3ae3c9857dd7ae796c1488a92af802110697ab449f
full-mixed-01,full-mixed,headline,FLEX_POOL_NO_ALT,SHARED_NIC,64,PASS,65,1105,34668.1825638471,31.87360623721658,17334.09128192393,17334.09128192393,64.03370000000001,0.4977629941299125,4030191360,3647232.0,482484.9496458361,436.63796348039466,69,0,0,0,0,0,0.45797291135062373,0.046617633313300925,0.07220709874219071,8f6e122b636deb321fbcca3ae3c9857dd7ae796c1488a92af802110697ab449f
full-mixed-01,full-mixed,headline,FLEX_POOL_NO_ALT,SHARED_NIC,128,PASS,129,2193,69336.36512767292,31.628424650786158,34668.182563843206,34668.182563843206,64.03370000000001,0.49393404802137236,7998379776,3647232.0,957547.0539125022,436.6379634803932,69,0,0,0,0,0,0.4544500428019138,0.04625903613398197,0.0716516595211188,8f6e122b636deb321fbcca3ae3c9857dd7ae796c1488a92af802110697ab449f
full-mixed-01,full-mixed,headline,U_STRONG,LEGACY_DIRECTED_LINK,1,PASS,128,2176,460404.2763736151,4.726281035309477,3596.9084091671975,3596.9084091730765,65.0677,0.07263636236273108,7497695232,3445632.0,893112.0778666724,410.43753578431637,70,0,0,0,0,0,0.067909124229394,0.005543463700430273,0.00934101738992112,fee53098e5a748f65ca4999d8a8883e30394b75cd372419a36ec17bbd91edafb
full-mixed-01,full-mixed,headline,U_STRONG,LEGACY_DIRECTED_LINK,8,PASS,121,2057,460404.2763737035,4.467812541190132,28775.267273384612,28775.267273384612,65.0677,0.06866406129600604,7087665024,3445632.0,844270.0111083387,410.43753578431637,70,0,0,0,0,0,0.06419534399808668,0.005240305529311984,0.008830180501408113,fee53098e5a748f65ca4999d8a8883e30394b75cd372419a36ec17bbd91edafb
full-mixed-01,full-mixed,headline,U_STRONG,LEGACY_DIRECTED_LINK,32,PASS,97,1649,460404.27637317916,3.581634847073854,115101.06909349456,115101.06909353845,65.0677,0.055044743353059256,5681847168,3445632.0,676811.4965083374,410.4375357843162,70,0,0,0,0,0,0.05146238320513631,0.004200906085486285,0.0070787397408063075,fee53098e5a748f65ca4999d8a8883e30394b75cd372419a36ec17bbd91edafb
full-mixed-01,full-mixed,headline,U_STRONG,LEGACY_DIRECTED_LINK,64,PASS,65,1105,460404.2763720165,2.400064588251427,230202.13818583637,230202.13818611813,65.0677,0.036885652762452446,3807423360,3445632.0,453533.47704166913,410.43753578431597,70,0,0,0,0,0,0.034485102147858764,0.002815040160384516,0.004743485393335803,fee53098e5a748f65ca4999d8a8883e30394b75cd372419a36ec17bbd91edafb
full-mixed-01,full-mixed,headline,U_STRONG,LEGACY_DIRECTED_LINK,128,PASS,129,2193,920808.5527465555,2.381602552950661,460404.2763735354,460404.2763735354,65.0677,0.03660191697187177,7556270976,3445632.0,900089.5159750058,410.43753578431637,70,0,0,0,0,0,0.03421983213124315,0.002793386005296989,0.004706997044143387,fee53098e5a748f65ca4999d8a8883e30394b75cd372419a36ec17bbd91edafb
full-mixed-01,full-mixed,headline,U_STRONG,SHARED_NIC,1,PASS,128,2176,238749.20233036575,9.114166576309609,1865.228143206401,1865.228143206943,65.0677,0.14007205689319907,7497695232,3445632.0,893112.0778666724,410.43753578431637,70,0,0,0,0,0,0.1309560446477919,0.010690022704529857,0.01801323024337913,fee53098e5a748f65ca4999d8a8883e30394b75cd372419a36ec17bbd91edafb
full-mixed-01,full-mixed,headline,U_STRONG,SHARED_NIC,8,PASS,121,2057,34927.354282121116,58.89366779358244,2179.81335512019,2220.577998000028,65.0677,0.9051137168454154,7087665024,3445632.0,844270.0111083387,410.43753578431637,70,0,0,0,0,0,0.8462081227586519,0.06907649104229494,0.11639738959790162,fee53098e5a748f65ca4999d8a8883e30394b75cd372419a36ec17bbd91edafb
full-mixed-01,full-mixed,headline,U_STRONG,SHARED_NIC,32,PASS,97,1649,34668.18256384419,47.565227769388734,8667.045640961784,8667.045640961966,65.0677,0.7310113584680069,5681847168,3445632.0,676811.4965083374,410.4375357843162,70,0,0,0,0,0,0.6834364984771435,0.05578934294689871,0.09400787139614653,fee53098e5a748f65ca4999d8a8883e30394b75cd372419a36ec17bbd91edafb
full-mixed-01,full-mixed,headline,U_STRONG,SHARED_NIC,64,PASS,65,1105,34668.18256384709,31.87360623721659,17334.09128192393,17334.09128192393,65.0677,0.489852972169242,3807423360,3445632.0,453533.47704166913,410.43753578431597,70,0,0,0,0,0,0.45797291135062385,0.037384611253073324,0.06299496536854665,fee53098e5a748f65ca4999d8a8883e30394b75cd372419a36ec17bbd91edafb
full-mixed-01,full-mixed,headline,U_STRONG,SHARED_NIC,128,PASS,129,2193,69336.36512767286,31.628424650786187,34668.182563843206,34668.182563843206,65.0677,0.4860848723834742,7556270976,3445632.0,900089.5159750058,410.43753578431637,70,0,0,0,0,0,0.45445004280191414,0.03709703732036887,0.06251038871188455,fee53098e5a748f65ca4999d8a8883e30394b75cd372419a36ec17bbd91edafb
full-mixed-02,full-mixed,headline,FLEX_FREE,SHARED_NIC,1,PASS,128,2176,250659.14632696268,8.681111508939715,1958.274580679703,1958.274580680256,60.47760000000002,0.14354259277715573,7560085504,3474304.0,918151.7610666719,421.9447431372573,61,4,4,7861174272,8593596026,0,0.15551348263650802,0.045751459414295474,0.045751459414295474,a34e4cfbff6163679dcbbb7598c1ef2e08db84fac299cc1f077335b22b0c34d4
full-mixed-02,full-mixed,headline,FLEX_FREE,SHARED_NIC,8,PASS,121,2057,38894.944898265676,52.88604998362452,2438.6702869401925,2526.331948959669,60.47760000000002,0.874473358460397,7146643328,3474304.0,867940.3366333381,421.9447431372572,61,4,4,7861174272,8593596026,0,0.9474010105010625,0.2787216783146383,0.2787216783146383,a34e4cfbff6163679dcbbb7598c1ef2e08db84fac299cc1f077335b22b0c34d4
full-mixed-02,full-mixed,headline,FLEX_FREE,SHARED_NIC,32,PASS,97,1649,39112.06727942067,42.16090109017692,9752.676971672157,9919.738241418137,60.47760000000002,0.6971325100562342,5729127296,3474304.0,695786.8814333365,421.94474313725686,61,4,4,7861174272,8593596026,0,0.7552706301347314,0.22219767055301326,0.22219767055301326,a34e4cfbff6163679dcbbb7598c1ef2e08db84fac299cc1f077335b22b0c34d4
full-mixed-02,full-mixed,headline,FLEX_FREE,SHARED_NIC,64,PASS,65,1105,38890.748246328396,28.412927234032352,19346.04958874161,19472.522727872634,60.47760000000002,0.4698091067441887,3839105920,3474304.0,466248.9411666682,421.9447431372563,61,4,4,7861174272,8593596026,0,0.5089893456053218,0.14974267821010095,0.14974267821010095,a34e4cfbff6163679dcbbb7598c1ef2e08db84fac299cc1f077335b22b0c34d4
full-mixed-02,full-mixed,headline,FLEX_FREE,SHARED_NIC,128,PASS,129,2193,78155.55835198093,28.059424642884867,38999.8120824262,39255.90951552459,60.47760000000002,0.46396392454205954,7619148672,3474304.0,925324.8217000053,421.9447431372573,61,4,4,7861174272,8593596026,0,0.502656698108079,0.14787963804121482,0.14787963804121482,a34e4cfbff6163679dcbbb7598c1ef2e08db84fac299cc1f077335b22b0c34d4
full-mixed-02,full-mixed,headline,FLEX_FREE_NO_ALT,SHARED_NIC,1,PASS,128,2176,250659.14632696268,8.681111508939715,1958.274580679703,1958.274580680256,60.47760000000002,0.14354259277715573,7560085504,3474304.0,918151.7610666719,421.9447431372573,61,0,0,0,0,0,0.15551348263650802,0.045751459414295474,0.045751459414295474,ca7c39ae21eb64099876568a6dc560f3811752873f35a2a5712271e3c54e863b
full-mixed-02,full-mixed,headline,FLEX_FREE_NO_ALT,SHARED_NIC,8,PASS,121,2057,38967.13445577247,52.788074584614016,2446.2392246396266,2552.01384300019,60.47760000000002,0.8728533305655979,7146643328,3474304.0,867940.3366333381,421.9447431372572,61,0,0,0,0,0,0.9456458786268626,0.2782053253698786,0.2782053253698786,ca7c39ae21eb64099876568a6dc560f3811752873f35a2a5712271e3c54e863b
full-mixed-02,full-mixed,headline,FLEX_FREE_NO_ALT,SHARED_NIC,32,PASS,97,1649,38901.95574920732,42.38861435735401,9752.356941527461,9926.156453308826,60.47760000000002,0.7008977597879875,5729127296,3474304.0,695786.8814333365,421.94474313725686,61,0,0,0,0,0,0.7593498869424317,0.22339777197903696,0.22339777197903696,ca7c39ae21eb64099876568a6dc560f3811752873f35a2a5712271e3c54e863b
full-mixed-02,full-mixed,headline,FLEX_FREE_NO_ALT,SHARED_NIC,64,PASS,65,1105,38858.733749948435,28.436335756861,19472.8396915602,19700.097720752772,60.47760000000002,0.4701961677854444,3839105920,3474304.0,466248.9411666682,421.9447431372563,61,0,0,0,0,0,0.5094086860209714,0.1498660465231379,0.1498660465231379,ca7c39ae21eb64099876568a6dc560f3811752873f35a2a5712271e3c54e863b
full-mixed-02,full-mixed,headline,FLEX_FREE_NO_ALT,SHARED_NIC,128,PASS,129,2193,78056.18900377455,28.095145663516234,38989.31011709974,39177.87007093975,60.47760000000002,0.46455457332163025,7619148672,3474304.0,925324.8217000053,421.9447431372573,61,0,0,0,0,0,0.5032966046817929,0.14806789605678922,0.14806789605678922,ca7c39ae21eb64099876568a6dc560f3811752873f35a2a5712271e3c54e863b
full-mixed-02,full-mixed,headline,FLEX_POOL,LEGACY_DIRECTED_LINK,1,PASS,128,2176,508038.5043758281,4.283139921989605,3969.0508154367526,3969.050815440016,60.47760000000002,0.07082192286052363,7560085504,3474304.0,918151.7610666719,421.9447431372573,61,4,4,7861174272,8593596026,0,0.07672819375746258,0.022573135030561315,0.022573135030561315,a34e4cfbff6163679dcbbb7598c1ef2e08db84fac299cc1f077335b22b0c34d4
full-mixed-02,full-mixed,headline,FLEX_POOL,LEGACY_DIRECTED_LINK,8,PASS,121,2057,508038.504375679,4.048905707506987,31752.40652350249,31752.406523520127,60.47760000000002,0.0669488489541084,7146643328,3474304.0,867940.3366333381,421.9447431372572,61,4,4,7861174272,8593596026,0,0.07253212066137266,0.021338666708583764,0.021338666708583764,a34e4cfbff6163679dcbbb7598c1ef2e08db84fac299cc1f077335b22b0c34d4
full-mixed-02,full-mixed,headline,FLEX_POOL,LEGACY_DIRECTED_LINK,32,PASS,97,1649,508038.5043750906,3.2458169721374595,127009.626093839,127009.62609408051,60.47760000000002,0.053669738417818476,5729127296,3474304.0,695786.8814333365,421.94474313725686,61,4,4,7861174272,8593596026,0,0.058145584331911575,0.01710620389037211,0.01710620389037211,a34e4cfbff6163679dcbbb7598c1ef2e08db84fac299cc1f077335b22b0c34d4
full-mixed-02,full-mixed,headline,FLEX_POOL,LEGACY_DIRECTED_LINK,64,PASS,65,1105,508038.5043738118,2.1750319916439786,254019.2521868646,254019.2521868824,60.47760000000002,0.03596425770275239,3839105920,3474304.0,466248.9411666682,421.9447431372563,61,4,4,7861174272,8593596026,0,0.03896353589261608,0.01146292013275243,0.01146292013275243,a34e4cfbff6163679dcbbb7598c1ef2e08db84fac299cc1f077335b22b0c34d4
full-mixed-02,full-mixed,headline,FLEX_POOL,LEGACY_DIRECTED_LINK,128,PASS,129,2193,1016077.0087506331,2.1583009763172476,508038.50437536836,508038.50437536836,60.47760000000002,0.03568760956647167,7619148672,3474304.0,925324.8217000053,421.9447431372573,61,4,4,7861174272,8593596026,0,0.038663816385635305,0.01137474382400524,0.01137474382400524,a34e4cfbff6163679dcbbb7598c1ef2e08db84fac299cc1f077335b22b0c34d4
full-mixed-02,full-mixed,headline,FLEX_POOL,SHARED_NIC,1,PASS,128,2176,250659.14632696268,8.681111508939715,1958.274580679703,1958.274580680256,60.47760000000002,0.14354259277715573,7560085504,3474304.0,918151.7610666719,421.9447431372573,61,4,4,7861174272,8593596026,0,0.15551348263650802,0.045751459414295474,0.045751459414295474,a34e4cfbff6163679dcbbb7598c1ef2e08db84fac299cc1f077335b22b0c34d4
full-mixed-02,full-mixed,headline,FLEX_POOL,SHARED_NIC,8,PASS,121,2057,38894.944898265676,52.88604998362452,2438.6702869401925,2526.331948959669,60.47760000000002,0.874473358460397,7146643328,3474304.0,867940.3366333381,421.9447431372572,61,4,4,7861174272,8593596026,0,0.9474010105010625,0.2787216783146383,0.2787216783146383,a34e4cfbff6163679dcbbb7598c1ef2e08db84fac299cc1f077335b22b0c34d4
full-mixed-02,full-mixed,headline,FLEX_POOL,SHARED_NIC,32,PASS,97,1649,39112.06727942067,42.16090109017692,9752.676971672157,9919.738241418137,60.47760000000002,0.6971325100562342,5729127296,3474304.0,695786.8814333365,421.94474313725686,61,4,4,7861174272,8593596026,0,0.7552706301347314,0.22219767055301326,0.22219767055301326,a34e4cfbff6163679dcbbb7598c1ef2e08db84fac299cc1f077335b22b0c34d4
full-mixed-02,full-mixed,headline,FLEX_POOL,SHARED_NIC,64,PASS,65,1105,38890.748246328396,28.412927234032352,19346.04958874161,19472.522727872634,60.47760000000002,0.4698091067441887,3839105920,3474304.0,466248.9411666682,421.9447431372563,61,4,4,7861174272,8593596026,0,0.5089893456053218,0.14974267821010095,0.14974267821010095,a34e4cfbff6163679dcbbb7598c1ef2e08db84fac299cc1f077335b22b0c34d4
full-mixed-02,full-mixed,headline,FLEX_POOL,SHARED_NIC,128,PASS,129,2193,78155.55835198093,28.059424642884867,38999.8120824262,39255.90951552459,60.47760000000002,0.46396392454205954,7619148672,3474304.0,925324.8217000053,421.9447431372573,61,4,4,7861174272,8593596026,0,0.502656698108079,0.14787963804121482,0.14787963804121482,a34e4cfbff6163679dcbbb7598c1ef2e08db84fac299cc1f077335b22b0c34d4
full-mixed-02,full-mixed,headline,FLEX_POOL_NO_ALT,SHARED_NIC,1,PASS,128,2176,250659.14632696268,8.681111508939715,1958.274580679703,1958.274580680256,60.47760000000002,0.14354259277715573,7560085504,3474304.0,918151.7610666719,421.9447431372573,61,0,0,0,0,0,0.15551348263650802,0.045751459414295474,0.045751459414295474,ca7c39ae21eb64099876568a6dc560f3811752873f35a2a5712271e3c54e863b
full-mixed-02,full-mixed,headline,FLEX_POOL_NO_ALT,SHARED_NIC,8,PASS,121,2057,38967.13445577247,52.788074584614016,2446.2392246396266,2552.01384300019,60.47760000000002,0.8728533305655979,7146643328,3474304.0,867940.3366333381,421.9447431372572,61,0,0,0,0,0,0.9456458786268626,0.2782053253698786,0.2782053253698786,ca7c39ae21eb64099876568a6dc560f3811752873f35a2a5712271e3c54e863b
full-mixed-02,full-mixed,headline,FLEX_POOL_NO_ALT,SHARED_NIC,32,PASS,97,1649,38901.95574920732,42.38861435735401,9752.356941527461,9926.156453308826,60.47760000000002,0.7008977597879875,5729127296,3474304.0,695786.8814333365,421.94474313725686,61,0,0,0,0,0,0.7593498869424317,0.22339777197903696,0.22339777197903696,ca7c39ae21eb64099876568a6dc560f3811752873f35a2a5712271e3c54e863b
full-mixed-02,full-mixed,headline,FLEX_POOL_NO_ALT,SHARED_NIC,64,PASS,65,1105,38858.733749948435,28.436335756861,19472.8396915602,19700.097720752772,60.47760000000002,0.4701961677854444,3839105920,3474304.0,466248.9411666682,421.9447431372563,61,0,0,0,0,0,0.5094086860209714,0.1498660465231379,0.1498660465231379,ca7c39ae21eb64099876568a6dc560f3811752873f35a2a5712271e3c54e863b
full-mixed-02,full-mixed,headline,FLEX_POOL_NO_ALT,SHARED_NIC,128,PASS,129,2193,78056.18900377455,28.095145663516234,38989.31011709974,39177.87007093975,60.47760000000002,0.46455457332163025,7619148672,3474304.0,925324.8217000053,421.9447431372573,61,0,0,0,0,0,0.5032966046817929,0.14806789605678922,0.14806789605678922,ca7c39ae21eb64099876568a6dc560f3811752873f35a2a5712271e3c54e863b
full-mixed-02,full-mixed,headline,U_STRONG,LEGACY_DIRECTED_LINK,1,PASS,128,2176,506384.87109582615,4.297126798616823,3956.131805435787,3956.1318054400035,61.43680000000002,0.06994385773049412,7121403904,3272704.0,865065.7786666716,397.5486115196101,62,0,0,0,0,0,0.0769787547476383,0.02264684909559595,0.02264684909559595,28a8970975a019c3fb7366973aa15c030be01171425fd6c4a19e84eef415fc1a
full-mixed-02,full-mixed,headline,U_STRONG,LEGACY_DIRECTED_LINK,8,PASS,121,2057,506384.87109568773,4.062127676818576,31649.054443509172,31649.054443520028,61.43680000000002,0.0661188030108758,6731952128,3272704.0,817757.4938958378,397.54861151961,62,0,0,0,0,0,0.07276897909739675,0.02140834953568641,0.02140834953568641,28a8970975a019c3fb7366973aa15c030be01171425fd6c4a19e84eef415fc1a
full-mixed-02,full-mixed,headline,U_STRONG,LEGACY_DIRECTED_LINK,32,PASS,97,1649,506384.8710951063,3.2564164020814403,126596.21777384938,126596.21777408011,61.43680000000002,0.05300432968646543,5396688896,3272704.0,655557.6603958362,397.5486115196096,62,0,0,0,0,0,0.05833546258227764,0.017162065330280737,0.017162065330280737,28a8970975a019c3fb7366973aa15c030be01171425fd6c4a19e84eef415fc1a
full-mixed-02,full-mixed,headline,U_STRONG,LEGACY_DIRECTED_LINK,64,PASS,65,1105,506384.8710938406,2.1821347024311617,253192.435546875,253192.4355469013,61.43680000000002,0.035518365253905816,3616337920,3272704.0,439291.2157291682,397.54861151960927,62,0,0,0,0,0,0.03909077389543833,0.011500353056402433,0.011500353056402433,28a8970975a019c3fb7366973aa15c030be01171425fd6c4a19e84eef415fc1a
full-mixed-02,full-mixed,headline,U_STRONG,LEGACY_DIRECTED_LINK,128,PASS,129,2193,1012769.7421906623,2.165349050867625,506384.8710953891,506384.8710953891,61.43680000000002,0.03524514705954126,7177039872,3272704.0,871824.105062505,397.5486115196101,62,0,0,0,0,0,0.03879007563459003,0.011411888802088802,0.011411888802088802,28a8970975a019c3fb7366973aa15c030be01171425fd6c4a19e84eef415fc1a
full-mixed-02,full-mixed,headline,U_STRONG,SHARED_NIC,1,PASS,128,2176,248865.2730111247,8.743686789529406,1944.2599453996918,1944.2599454002702,61.43680000000002,0.14232002300786178,7121403904,3272704.0,865065.7786666716,397.5486115196101,62,0,0,0,0,0,0.15663445658108163,0.046081245572126665,0.046081245572126665,28a8970975a019c3fb7366973aa15c030be01171425fd6c4a19e84eef415fc1a
full-mixed-02,full-mixed,headline,U_STRONG,SHARED_NIC,8,PASS,121,2057,39115.64263344581,52.587657047494424,2439.2128654796725,2582.749768333404,61.43680000000002,0.8559634786885777,6731952128,3272704.0,817757.4938958378,397.54861151961,62,0,0,0,0,0,0.9420555976879755,0.2771490787353322,0.2771490787353322,28a8970975a019c3fb7366973aa15c030be01171425fd6c4a19e84eef415fc1a
full-mixed-02,full-mixed,headline,U_STRONG,SHARED_NIC,32,PASS,97,1649,39119.5889195808,42.152794687845365,9749.620729000795,9928.65960776855,61.43680000000002,0.6861163779338336,5396688896,3272704.0,655557.6603958362,397.5486115196096,62,0,0,0,0,0,0.7551254119956793,0.22215494794348498,0.22215494794348498,28a8970975a019c3fb7366973aa15c030be01171425fd6c4a19e84eef415fc1a
full-mixed-02,full-mixed,headline,U_STRONG,SHARED_NIC,64,PASS,65,1105,39149.44633996214,28.225175661604737,19539.06118548115,19622.80614631671,61.43680000000002,0.4594180631413864,3616337920,3272704.0,439291.2157291682,397.54861151960927,62,0,0,0,0,0,0.5056259628324326,0.14875318413010366,0.14875318413010366,28a8970975a019c3fb7366973aa15c030be01171425fd6c4a19e84eef415fc1a
full-mixed-02,full-mixed,headline,U_STRONG,SHARED_NIC,128,PASS,129,2193,77737.8499346413,28.210196215148496,39000.641117277,39130.514937774686,61.43680000000002,0.4591742443478255,7177039872,3272704.0,871824.105062505,397.5486115196101,62,0,0,0,0,0,0.5053576209405013,0.14867423899319493,0.14867423899319493,28a8970975a019c3fb7366973aa15c030be01171425fd6c4a19e84eef415fc1a
full-mixed-03,full-mixed,headline,FLEX_FREE,SHARED_NIC,1,PASS,128,2176,236087.71172005293,9.216913426566851,1844.4352478130422,1844.4352478135988,60.60570000000001,0.15207997641421267,7873986560,3618560.0,954985.603733335,438.8720605392165,64,6,10,19652935680,21984693252,0,0.1388841924940175,0.04984887081778753,0.048575259069809126,6cbfcc2cec874f919e710d9c3ef4f85739a95b3c38707cd7f78009c1d9b39d22
full-mixed-03,full-mixed,headline,FLEX_FREE,SHARED_NIC,8,PASS,121,2057,37620.66793732623,54.67739178439995,2352.0307837000637,2495.0102678197436,60.60570000000001,0.9021823324274769,7452219520,3622858.298492951,902813.8076291704,438.89830220183296,64,6,10,19652935680,21984693252,0,0.8239011319957673,0.2977340259737044,0.28816246266706946,6cbfcc2cec874f919e710d9c3ef4f85739a95b3c38707cd7f78009c1d9b39d22
full-mixed-03,full-mixed,headline,FLEX_FREE,SHARED_NIC,32,PASS,97,1649,36924.05756968195,44.65923055417346,9258.183784554676,9474.423219246019,60.60570000000001,0.7368816885899091,5975357440,3623624.8878107946,723751.6748291702,438.90338073327484,64,6,10,19652935680,21984693252,0,0.6729434123838627,0.24280175321146927,0.23536444291365732,6cbfcc2cec874f919e710d9c3ef4f85739a95b3c38707cd7f78009c1d9b39d22
full-mixed-03,full-mixed,headline,FLEX_FREE,SHARED_NIC,64,PASS,65,1105,36744.252681663886,30.072730273581453,18495.362811821862,18701.543186554823,60.60570000000001,0.4962030019219553,4003635200,3623199.2760180994,484984.9782958359,438.9004328469103,64,6,10,19652935680,21984693252,0,0.4531481057528478,0.16354421380840234,0.15849022295957854,6cbfcc2cec874f919e710d9c3ef4f85739a95b3c38707cd7f78009c1d9b39d22
full-mixed-03,full-mixed,headline,FLEX_FREE,SHARED_NIC,128,PASS,129,2193,73843.02424651236,29.698133606758073,36981.72223101121,37163.486398667286,60.60570000000001,0.49002212014312296,7945639680,3623182.7086183312,962509.2663625039,438.90071425558773,64,6,10,19652935680,21984693252,0,0.44750353113497626,0.1616687934360141,0.15651601214783473,6cbfcc2cec874f919e710d9c3ef4f85739a95b3c38707cd7f78009c1d9b39d22
full-mixed-03,full-mixed,headline,FLEX_FREE_NO_ALT,SHARED_NIC,1,PASS,128,2176,237553.86517669432,9.16002776204662,1855.8895716930529,1855.8895716936022,60.60570000000001,0.15114135736484552,7873986560,3618560.0,954985.603733335,438.8720605392165,64,0,0,0,0,0,0.13802701621213934,0.04986228222382174,0.048275458500622516,2db2cb446c340944e0561bce518001a5986aed8539bb976be47eaa24e121191c
full-mixed-03,full-mixed,headline,FLEX_FREE_NO_ALT,SHARED_NIC,8,PASS,121,2057,38165.59382389297,53.89671151172414,2378.3088536867126,2538.7076572470687,60.60570000000001,0.8893010312845843,7443377920,3618560.0,902759.8285291685,438.8720605392166,64,0,0,0,0,0,0.8121375247827423,0.29338481390508836,0.28404809761438155,2db2cb446c340944e0561bce518001a5986aed8539bb976be47eaa24e121191c
full-mixed-03,full-mixed,headline,FLEX_FREE_NO_ALT,SHARED_NIC,32,PASS,97,1649,36251.25133788206,45.48808493892782,9086.004158161377,9310.422166540046,60.60570000000001,0.7505578673116193,5967005440,3618560.0,723700.027829169,438.87206053921705,64,0,0,0,0,0,0.6854329266707093,0.24761275707522787,0.23973269664538271,2db2cb446c340944e0561bce518001a5986aed8539bb976be47eaa24e121191c
full-mixed-03,full-mixed,headline,FLEX_FREE_NO_ALT,SHARED_NIC,64,PASS,65,1105,36841.50230481055,29.993348014359213,18386.254045569396,18538.455275106717,60.60570000000001,0.49489318685138867,3998508800,3618560.0,484953.62689583586,438.87206053921796,64,0,0,0,0,0,0.451951941651029,0.1632677129785394,0.1580718601488623,2db2cb446c340944e0561bce518001a5986aed8539bb976be47eaa24e121191c
full-mixed-03,full-mixed,headline,FLEX_FREE_NO_ALT,SHARED_NIC,128,PASS,129,2193,73505.60608001299,29.83445912428578,36842.249157939325,37026.6041199834,60.60570000000001,0.4922715045661674,7935502080,3618560.0,962446.4287625017,438.8720605392165,64,0,0,0,0,0,0.44955773936520554,0.1624028070104707,0.15723447906026625,2db2cb446c340944e0561bce518001a5986aed8539bb976be47eaa24e121191c
full-mixed-03,full-mixed,headline,FLEX_POOL,LEGACY_DIRECTED_LINK,1,PASS,128,2176,503973.7876474634,4.317684874361247,3937.2952159943234,3937.2952159991837,60.60570000000001,0.07124222431819525,7873986560,3618560.0,954985.603733335,438.8720605392165,64,6,10,19652935680,21984693252,0,0.06506062815897123,0.023049138817762684,0.022755194895219478,6cbfcc2cec874f919e710d9c3ef4f85739a95b3c38707cd7f78009c1d9b39d22
full-mixed-03,full-mixed,headline,FLEX_POOL,LEGACY_DIRECTED_LINK,8,PASS,121,2057,503973.78764732234,4.081561482795759,31498.36172798148,31498.36172799347,60.60570000000001,0.0673461651758128,7443377920,3618560.0,902759.8285291685,438.8720605392166,64,6,10,19652935680,21984693252,0,0.06150262505654471,0.02178863903867238,0.02151077017439319,6cbfcc2cec874f919e710d9c3ef4f85739a95b3c38707cd7f78009c1d9b39d22
full-mixed-03,full-mixed,headline,FLEX_POOL,LEGACY_DIRECTED_LINK,32,PASS,97,1649,503973.7876466743,3.271995568857006,125993.44691175292,125993.44691197388,60.60570000000001,0.05398824811621688,5967005440,3618560.0,723700.027829169,438.87206053921705,64,6,10,19652935680,21984693252,0,0.049303757276797595,0.01746692551036312,0.01724417113156054,6cbfcc2cec874f919e710d9c3ef4f85739a95b3c38707cd7f78009c1d9b39d22
full-mixed-03,full-mixed,headline,FLEX_POOL,LEGACY_DIRECTED_LINK,64,PASS,65,1105,503973.7876453863,2.192574350270607,251986.89382264018,251986.89382268075,60.60570000000001,0.03617769203673263,3998508800,3618560.0,484953.62689583586,438.87206053921796,64,6,10,19652935680,21984693252,0,0.033038600237113774,0.01170464080594333,0.011555372407776284,6cbfcc2cec874f919e710d9c3ef4f85739a95b3c38707cd7f78009c1d9b39d22
full-mixed-03,full-mixed,headline,FLEX_POOL,LEGACY_DIRECTED_LINK,128,PASS,129,2193,1007947.575293022,2.175708393725209,503973.78764656186,503973.78764656186,60.60570000000001,0.03589940209790842,7935502080,3618560.0,962446.4287625017,438.8720605392165,64,6,10,19652935680,21984693252,0,0.032784457158293555,0.011614605107410176,0.011466484927690857,6cbfcc2cec874f919e710d9c3ef4f85739a95b3c38707cd7f78009c1d9b39d22
full-mixed-03,full-mixed,headline,FLEX_POOL,SHARED_NIC,1,PASS,128,2176,236087.71172005293,9.216913426566851,1844.4352478130422,1844.4352478135988,60.60570000000001,0.15207997641421267,7873986560,3618560.0,954985.603733335,438.8720605392165,64,6,10,19652935680,21984693252,0,0.1388841924940175,0.04984887081778753,0.048575259069809126,6cbfcc2cec874f919e710d9c3ef4f85739a95b3c38707cd7f78009c1d9b39d22
full-mixed-03,full-mixed,headline,FLEX_POOL,SHARED_NIC,8,PASS,121,2057,37620.66793732623,54.67739178439995,2352.0307837000637,2495.0102678197436,60.60570000000001,0.9021823324274769,7452219520,3622858.298492951,902813.8076291704,438.89830220183296,64,6,10,19652935680,21984693252,0,0.8239011319957673,0.2977340259737044,0.28816246266706946,6cbfcc2cec874f919e710d9c3ef4f85739a95b3c38707cd7f78009c1d9b39d22
full-mixed-03,full-mixed,headline,FLEX_POOL,SHARED_NIC,32,PASS,97,1649,36924.05756968195,44.65923055417346,9258.183784554676,9474.423219246019,60.60570000000001,0.7368816885899091,5975357440,3623624.8878107946,723751.6748291702,438.90338073327484,64,6,10,19652935680,21984693252,0,0.6729434123838627,0.24280175321146927,0.23536444291365732,6cbfcc2cec874f919e710d9c3ef4f85739a95b3c38707cd7f78009c1d9b39d22
full-mixed-03,full-mixed,headline,FLEX_POOL,SHARED_NIC,64,PASS,65,1105,36744.252681663886,30.072730273581453,18495.362811821862,18701.543186554823,60.60570000000001,0.4962030019219553,4003635200,3623199.2760180994,484984.9782958359,438.9004328469103,64,6,10,19652935680,21984693252,0,0.4531481057528478,0.16354421380840234,0.15849022295957854,6cbfcc2cec874f919e710d9c3ef4f85739a95b3c38707cd7f78009c1d9b39d22
full-mixed-03,full-mixed,headline,FLEX_POOL,SHARED_NIC,128,PASS,129,2193,73843.02424651236,29.698133606758073,36981.72223101121,37163.486398667286,60.60570000000001,0.49002212014312296,7945639680,3623182.7086183312,962509.2663625039,438.90071425558773,64,6,10,19652935680,21984693252,0,0.44750353113497626,0.1616687934360141,0.15651601214783473,6cbfcc2cec874f919e710d9c3ef4f85739a95b3c38707cd7f78009c1d9b39d22
full-mixed-03,full-mixed,headline,FLEX_POOL_NO_ALT,SHARED_NIC,1,PASS,128,2176,237553.86517669432,9.16002776204662,1855.8895716930529,1855.8895716936022,60.60570000000001,0.15114135736484552,7873986560,3618560.0,954985.603733335,438.8720605392165,64,0,0,0,0,0,0.13802701621213934,0.04986228222382174,0.048275458500622516,2db2cb446c340944e0561bce518001a5986aed8539bb976be47eaa24e121191c
full-mixed-03,full-mixed,headline,FLEX_POOL_NO_ALT,SHARED_NIC,8,PASS,121,2057,38165.59382389297,53.89671151172414,2378.3088536867126,2538.7076572470687,60.60570000000001,0.8893010312845843,7443377920,3618560.0,902759.8285291685,438.8720605392166,64,0,0,0,0,0,0.8121375247827423,0.29338481390508836,0.28404809761438155,2db2cb446c340944e0561bce518001a5986aed8539bb976be47eaa24e121191c
full-mixed-03,full-mixed,headline,FLEX_POOL_NO_ALT,SHARED_NIC,32,PASS,97,1649,36251.25133788206,45.48808493892782,9086.004158161377,9310.422166540046,60.60570000000001,0.7505578673116193,5967005440,3618560.0,723700.027829169,438.87206053921705,64,0,0,0,0,0,0.6854329266707093,0.24761275707522787,0.23973269664538271,2db2cb446c340944e0561bce518001a5986aed8539bb976be47eaa24e121191c
full-mixed-03,full-mixed,headline,FLEX_POOL_NO_ALT,SHARED_NIC,64,PASS,65,1105,36841.50230481055,29.993348014359213,18386.254045569396,18538.455275106717,60.60570000000001,0.49489318685138867,3998508800,3618560.0,484953.62689583586,438.87206053921796,64,0,0,0,0,0,0.451951941651029,0.1632677129785394,0.1580718601488623,2db2cb446c340944e0561bce518001a5986aed8539bb976be47eaa24e121191c
full-mixed-03,full-mixed,headline,FLEX_POOL_NO_ALT,SHARED_NIC,128,PASS,129,2193,73505.60608001299,29.83445912428578,36842.249157939325,37026.6041199834,60.60570000000001,0.4922715045661674,7935502080,3618560.0,962446.4287625017,438.8720605392165,64,0,0,0,0,0,0.44955773936520554,0.1624028070104707,0.15723447906026625,2db2cb446c340944e0561bce518001a5986aed8539bb976be47eaa24e121191c
full-mixed-03,full-mixed,headline,U_STRONG,LEGACY_DIRECTED_LINK,1,PASS,128,2176,503973.7876474634,4.317684874361247,3937.2952159943234,3937.2952159991837,60.60570000000001,0.07124222431819525,7873986560,3618560.0,954985.603733335,438.8720605392165,64,0,0,0,0,0,0.06506062815897123,0.023503162583300378,0.022755194895219478,2db2cb446c340944e0561bce518001a5986aed8539bb976be47eaa24e121191c
full-mixed-03,full-mixed,headline,U_STRONG,LEGACY_DIRECTED_LINK,8,PASS,121,2057,503973.78764732234,4.081561482795759,31498.36172798148,31498.36172799347,60.60570000000001,0.0673461651758128,7443377920,3618560.0,902759.8285291685,438.8720605392166,64,0,0,0,0,0,0.06150262505654471,0.022217833379532353,0.02151077017439319,2db2cb446c340944e0561bce518001a5986aed8539bb976be47eaa24e121191c
full-mixed-03,full-mixed,headline,U_STRONG,LEGACY_DIRECTED_LINK,32,PASS,97,1649,503973.7876466743,3.271995568857006,125993.44691175292,125993.44691197388,60.60570000000001,0.05398824811621688,5967005440,3618560.0,723700.027829169,438.87206053921705,64,0,0,0,0,0,0.049303757276797595,0.017810990395185196,0.01724417113156054,2db2cb446c340944e0561bce518001a5986aed8539bb976be47eaa24e121191c
full-mixed-03,full-mixed,headline,U_STRONG,LEGACY_DIRECTED_LINK,64,PASS,65,1105,503973.7876453863,2.192574350270607,251986.89382264018,251986.89382268075,60.60570000000001,0.03617769203673263,3998508800,3618560.0,484953.62689583586,438.87206053921796,64,0,0,0,0,0,0.033038600237113774,0.011935199749381394,0.011555372407776284,2db2cb446c340944e0561bce518001a5986aed8539bb976be47eaa24e121191c
full-mixed-03,full-mixed,headline,U_STRONG,LEGACY_DIRECTED_LINK,128,PASS,129,2193,1007947.575293022,2.175708393725209,503973.78764656186,503973.78764656186,60.60570000000001,0.03589940209790842,7935502080,3618560.0,962446.4287625017,438.8720605392165,64,0,0,0,0,0,0.032784457158293555,0.011843390520513588,0.011466484927690857,2db2cb446c340944e0561bce518001a5986aed8539bb976be47eaa24e121191c
full-mixed-03,full-mixed,headline,U_STRONG,SHARED_NIC,1,PASS,128,2176,237553.86517669432,9.16002776204662,1855.8895716930529,1855.8895716936022,60.60570000000001,0.15114135736484552,7873986560,3618560.0,954985.603733335,438.8720605392165,64,0,0,0,0,0,0.13802701621213934,0.04986228222382174,0.048275458500622516,2db2cb446c340944e0561bce518001a5986aed8539bb976be47eaa24e121191c
full-mixed-03,full-mixed,headline,U_STRONG,SHARED_NIC,8,PASS,121,2057,38165.59382389297,53.89671151172414,2378.3088536867126,2538.7076572470687,60.60570000000001,0.8893010312845843,7443377920,3618560.0,902759.8285291685,438.8720605392166,64,0,0,0,0,0,0.8121375247827423,0.29338481390508836,0.28404809761438155,2db2cb446c340944e0561bce518001a5986aed8539bb976be47eaa24e121191c
full-mixed-03,full-mixed,headline,U_STRONG,SHARED_NIC,32,PASS,97,1649,36251.25133788206,45.48808493892782,9086.004158161377,9310.422166540046,60.60570000000001,0.7505578673116193,5967005440,3618560.0,723700.027829169,438.87206053921705,64,0,0,0,0,0,0.6854329266707093,0.24761275707522787,0.23973269664538271,2db2cb446c340944e0561bce518001a5986aed8539bb976be47eaa24e121191c
full-mixed-03,full-mixed,headline,U_STRONG,SHARED_NIC,64,PASS,65,1105,36841.50230481055,29.993348014359213,18386.254045569396,18538.455275106717,60.60570000000001,0.49489318685138867,3998508800,3618560.0,484953.62689583586,438.87206053921796,64,0,0,0,0,0,0.451951941651029,0.1632677129785394,0.1580718601488623,2db2cb446c340944e0561bce518001a5986aed8539bb976be47eaa24e121191c
full-mixed-03,full-mixed,headline,U_STRONG,SHARED_NIC,128,PASS,129,2193,73505.60608001299,29.83445912428578,36842.249157939325,37026.6041199834,60.60570000000001,0.4922715045661674,7935502080,3618560.0,962446.4287625017,438.8720605392165,64,0,0,0,0,0,0.44955773936520554,0.1624028070104707,0.15723447906026625,2db2cb446c340944e0561bce518001a5986aed8539bb976be47eaa24e121191c
full-mixed-04,full-mixed,capacity_exploratory,FLEX_FREE,SHARED_NIC,1,PASS,128,2176,382572.5543117367,5.687809999634476,2988.8480805599247,2988.8480805615545,81.4801,0.0698061244357147,18915115008,8692608.0,1278328.3455999885,587.46707058823,96,1,2,3930587136,4296798013,0,0.09566953297485185,0.19455361541526156,0.1941459131944882,20cc545006f9575ed2d64a6109e3a753ee2fcf7170e48e620687c788d4bfb365
full-mixed-04,full-mixed,capacity_exploratory,FLEX_FREE,SHARED_NIC,8,PASS,121,2057,81866.91513599071,25.126145239295724,5116.682195999609,5116.682196000416,81.4801,0.3083715562363783,17908573056,8706160.94117647,1207860.4537999905,587.1951647058777,96,1,2,3930587136,4296798013,0,0.4226242755394777,0.8594489615630782,0.8576479194723282,20cc545006f9575ed2d64a6109e3a753ee2fcf7170e48e620687c788d4bfb365
full-mixed-04,full-mixed,capacity_exploratory,FLEX_FREE,SHARED_NIC,32,PASS,97,1649,78812.53640362257,20.92306725867796,19703.13410090492,19703.134100907475,81.4801,0.2567874518892093,14356459392,8706160.94117647,968284.8265999933,587.1951647058783,96,1,2,3930587136,4296798013,0,0.3519280835976887,0.7156811463487841,0.7141813808876848,20cc545006f9575ed2d64a6109e3a753ee2fcf7170e48e620687c788d4bfb365
full-mixed-04,full-mixed,capacity_exploratory,FLEX_FREE,SHARED_NIC,64,PASS,65,1105,78812.53640363076,14.020612080555937,39406.268201813655,39406.26820181999,81.4801,0.17207406569893677,9620307840,8706160.94117647,648850.6569999945,587.1951647058775,96,1,2,3930587136,4296798013,0,0.2358280972561587,0.4795801496151155,0.4785751521411815,20cc545006f9575ed2d64a6109e3a753ee2fcf7170e48e620687c788d4bfb365
full-mixed-04,full-mixed,capacity_exploratory,FLEX_FREE,SHARED_NIC,128,PASS,129,2193,157625.07280726635,13.912761218397389,78812.53640363921,78812.53640364856,81.4801,0.17075041903970897,19092610944,8706160.94117647,1287718.9961999892,587.1951647058775,96,1,2,3930587136,4296798013,0,0.2340140349695659,0.47589107154113813,0.47489380481700444,20cc545006f9575ed2d64a6109e3a753ee2fcf7170e48e620687c788d4bfb365
full-mixed-04,full-mixed,capacity_exploratory,FLEX_FREE_NO_ALT,SHARED_NIC,1,PASS,128,2176,382572.5543117367,5.687809999634476,2988.8480805599247,2988.8480805615545,81.4801,0.0698061244357147,18915115008,8692608.0,1278328.3455999885,587.46707058823,96,0,0,0,0,0,0.09566953297485185,0.19455361541526156,0.1941459131944882,8ffc9f00e36f1a35f68b927a992bf4a393379576a0baf6e3e9375036b529a1a2
full-mixed-04,full-mixed,capacity_exploratory,FLEX_FREE_NO_ALT,SHARED_NIC,8,PASS,121,2057,84246.48319103754,24.416449471671612,5216.350677920127,5347.1627353068325,81.4801,0.2996615059587754,17880694656,8692608.0,1208419.7641999896,587.4670705882303,96,0,0,0,0,0,0.41068712175846345,0.8351735590012744,0.8334233879031477,8ffc9f00e36f1a35f68b927a992bf4a393379576a0baf6e3e9375036b529a1a2
full-mixed-04,full-mixed,capacity_exploratory,FLEX_FREE_NO_ALT,SHARED_NIC,32,PASS,97,1649,79888.05856852038,20.641382824263335,19975.199832437764,20106.01188982486,81.4801,0.2533303570351943,14334110592,8692608.0,968733.1993999926,587.4670705882309,96,0,0,0,0,0,0.3471901232423913,0.7060460275376617,0.7045664532168212,8ffc9f00e36f1a35f68b927a992bf4a393379576a0baf6e3e9375036b529a1a2
full-mixed-04,full-mixed,capacity_exploratory,FLEX_FREE_NO_ALT,SHARED_NIC,64,PASS,65,1105,80006.12986468496,13.811441721639277,39937.65890365552,40081.211722265376,81.4801,0.16950693140581907,9605331840,8692608.0,649151.1129999941,587.46707058823,96,0,0,0,0,0,0.23230983090214458,0.4724254012027108,0.47143539706010396,8ffc9f00e36f1a35f68b927a992bf4a393379576a0baf6e3e9375036b529a1a2
full-mixed-04,full-mixed,capacity_exploratory,FLEX_FREE_NO_ALT,SHARED_NIC,128,PASS,129,2193,159645.30507967126,13.736702115389987,79888.05856855024,80018.87062593823,81.4801,0.16858965704988074,19062889344,8692608.0,1288315.2857999883,587.46707058823,96,0,0,0,0,0,0.2310527032510711,0.46986890571297946,0.4688842589053493,8ffc9f00e36f1a35f68b927a992bf4a393379576a0baf6e3e9375036b529a1a2
full-mixed-04,full-mixed,capacity_exploratory,FLEX_POOL,LEGACY_DIRECTED_LINK,1,PASS,128,2176,1116382.3409138368,1.949153009907692,8721.737038396444,8721.737038411666,77.5609,0.025130613619848297,20669841408,9499008.0,1531303.8213333183,703.7241825980323,92,8,10,19652935680,21784411977,0,0.03908117138818784,0.06667148957146082,0.06653177428371079,5d882050003d4ee3bf653dcfc588ab6dce55ae0e5ead8a4f55e3a1a63fbc9223
full-mixed-04,full-mixed,capacity_exploratory,FLEX_POOL,LEGACY_DIRECTED_LINK,8,PASS,121,2057,1116382.34091382,1.8425587046783924,69773.89630710625,69773.89630729333,77.5609,0.0237562831875132,19539459456,9499008.0,1447560.6436041524,703.7241825980323,92,8,10,19652935680,21784411977,0,0.03694391982789687,0.06302539248552247,0.06289331787757133,5d882050003d4ee3bf653dcfc588ab6dce55ae0e5ead8a4f55e3a1a63fbc9223
full-mixed-04,full-mixed,capacity_exploratory,FLEX_POOL,LEGACY_DIRECTED_LINK,32,PASS,97,1649,1116382.3409135593,1.47709251532104,279095.5852285429,279095.58522875607,77.5609,0.01904429313379602,15663864192,9499008.0,1160441.177104155,703.7241825980321,92,8,10,19652935680,21784411977,0,0.029616200192618458,0.050524488190885175,0.050418610199387155,5d882050003d4ee3bf653dcfc588ab6dce55ae0e5ead8a4f55e3a1a63fbc9223
full-mixed-04,full-mixed,capacity_exploratory,FLEX_POOL,LEGACY_DIRECTED_LINK,64,PASS,65,1105,1116382.3409141744,0.9898042628434505,558191.1704575121,558191.1704575121,77.5609,0.012761639728825354,10496403840,9499008.0,777615.2217708254,703.724182598032,92,8,10,19652935680,21784411977,0,0.019845907345558134,0.03385661579799724,0.033785666628436635,5d882050003d4ee3bf653dcfc588ab6dce55ae0e5ead8a4f55e3a1a63fbc9223
full-mixed-04,full-mixed,capacity_exploratory,FLEX_POOL,LEGACY_DIRECTED_LINK,128,PASS,129,2193,2232764.681816503,0.9821903839037117,1116382.3409080505,1116382.340908369,77.5609,0.012663473269440036,20831324544,9499008.0,1543267.1324374848,703.7241825980323,92,8,10,19652935680,21784411977,0,0.019693246519927557,0.033596180292037016,0.033525776885318874,5d882050003d4ee3bf653dcfc588ab6dce55ae0e5ead8a4f55e3a1a63fbc9223
full-mixed-04,full-mixed,capacity_exploratory,FLEX_POOL,SHARED_NIC,1,PASS,128,2176,395124.8337673086,5.507120317528458,3086.912763806613,3086.912763808039,77.5609,0.0710038217391554,20680900608,9504090.352941176,1530954.4421333151,703.5636223039132,92,8,10,19652935680,21784411977,0,0.11041960887149324,0.18837305894023526,0.18797830855587527,5d882050003d4ee3bf653dcfc588ab6dce55ae0e5ead8a4f55e3a1a63fbc9223
full-mixed-04,full-mixed,capacity_exploratory,FLEX_POOL,SHARED_NIC,8,PASS,121,2057,81866.91513599061,25.126145239295756,5116.682195999601,5116.682196000416,77.5609,0.3239537607131397,19590493056,9523817.722897423,1444491.388295817,702.2320798715688,92,8,10,19652935680,21784411977,0,0.5037876366965778,0.8594489615630793,0.8576479194723293,5d882050003d4ee3bf653dcfc588ab6dce55ae0e5ead8a4f55e3a1a63fbc9223
full-mixed-04,full-mixed,capacity_exploratory,FLEX_POOL,SHARED_NIC,32,PASS,97,1649,78812.53640362257,20.92306725867796,19703.13410090492,19703.13410090725,77.5609,0.2697630798337559,15709771392,9526847.417828986,1157552.0106374873,701.9721107565114,92,8,10,19652935680,21784411977,0,0.41951451391786804,0.7156811463487841,0.7141813808876848,5d882050003d4ee3bf653dcfc588ab6dce55ae0e5ead8a4f55e3a1a63fbc9223
full-mixed-04,full-mixed,capacity_exploratory,FLEX_POOL,SHARED_NIC,64,PASS,65,1105,78812.53640363048,14.020612080555985,39406.26820181345,39406.26820182044,77.5609,0.18076907411538526,10529120640,9528615.963800905,775734.2021624913,702.0219024094944,92,8,10,19652935680,21784411977,0,0.281117973243904,0.4795801496151172,0.4785751521411832,5d882050003d4ee3bf653dcfc588ab6dce55ae0e5ead8a4f55e3a1a63fbc9223
full-mixed-04,full-mixed,capacity_exploratory,FLEX_POOL,SHARED_NIC,128,PASS,129,2193,157625.07280726632,13.91276121839739,78812.53640363918,78812.53640364856,77.5609,0.17937854277603005,20901538944,9531025.510259917,1539553.8272958158,702.03092899946,92,8,10,19652935680,21784411977,0,0.2789555272958645,0.4758910715411382,0.4748938048170045,5d882050003d4ee3bf653dcfc588ab6dce55ae0e5ead8a4f55e3a1a63fbc9223
full-mixed-04,full-mixed,capacity_exploratory,FLEX_POOL_NO_ALT,SHARED_NIC,1,PASS,128,2176,395124.8337673086,5.507120317528458,3086.912763806613,3086.912763808039,77.5609,0.0710038217391554,20669841408,9499008.0,1531303.8213333183,703.7241825980323,92,0,0,0,0,0,0.11041960887149324,0.18837305894023526,0.18797830855587527,d0fb5220dd7de93c5bd946095fee64a44b96549828d6f2e052ccae2455a5b306
full-mixed-04,full-mixed,capacity_exploratory,FLEX_POOL_NO_ALT,SHARED_NIC,8,PASS,121,2057,88290.64340938351,23.298051985669215,5539.673902506824,5655.4113455463885,77.5609,0.3003839819505603,19539459456,9499008.0,1447560.6436041524,703.7241825980323,92,0,0,0,0,0,0.46713375401245116,0.7969183651064204,0.7952483607400903,d0fb5220dd7de93c5bd946095fee64a44b96549828d6f2e052ccae2455a5b306
full-mixed-04,full-mixed,capacity_exploratory,FLEX_POOL_NO_ALT,SHARED_NIC,32,PASS,97,1649,79888.0585685203,20.64138282426336,19975.199832437764,20106.011889824527,77.5609,0.2661312958496273,15663864192,9499008.0,1160441.177104155,703.7241825980321,92,0,0,0,0,0,0.41386664656072136,0.7060460275376624,0.704566453216822,d0fb5220dd7de93c5bd946095fee64a44b96549828d6f2e052ccae2455a5b306
full-mixed-04,full-mixed,capacity_exploratory,FLEX_POOL_NO_ALT,SHARED_NIC,64,PASS,65,1105,79809.83486436601,13.845411431785424,39937.658903651754,40081.211722266584,77.5609,0.1785101956241537,10496403840,9499008.0,777615.2217708254,703.724182598032,92,0,0,0,0,0,0.2776051414923072,0.4735873475272129,0.4725949084357827,d0fb5220dd7de93c5bd946095fee64a44b96549828d6f2e052ccae2455a5b306
full-mixed-04,full-mixed,capacity_exploratory,FLEX_POOL_NO_ALT,SHARED_NIC,128,PASS,129,2193,159906.92919444302,13.71422746373526,79888.0585685487,80018.87062593643,77.5609,0.17681882834953255,20831324544,9499008.0,1543267.1324374848,703.7241825980323,92,0,0,0,0,0,0.27497485894768864,0.46910015205649186,0.46811711623189234,d0fb5220dd7de93c5bd946095fee64a44b96549828d6f2e052ccae2455a5b306
full-mixed-04,full-mixed,capacity_exploratory,U_STRONG,LEGACY_DIRECTED_LINK,1,PASS,128,2176,1061936.3965315283,2.049086938829105,8296.378097908091,8296.378097924578,81.4801,0.025148311536548253,18915115008,8692608.0,1278328.3455999885,587.46707058823,96,0,0,0,0,0,0.03446584721979942,0.07008976605670948,0.06994288750493437,8ffc9f00e36f1a35f68b927a992bf4a393379576a0baf6e3e9375036b529a1a2
full-mixed-04,full-mixed,capacity_exploratory,U_STRONG,LEGACY_DIRECTED_LINK,8,PASS,121,2057,1061936.3965315723,1.937027496861808,66371.02478317643,66371.02478339663,81.4801,0.023773013249392284,17880694656,8692608.0,1208419.7641999896,587.4670705882303,96,0,0,0,0,0,0.032580996199965274,0.0662567319754804,0.06611788584450556,8ffc9f00e36f1a35f68b927a992bf4a393379576a0baf6e3e9375036b529a1a2
full-mixed-04,full-mixed,capacity_exploratory,U_STRONG,LEGACY_DIRECTED_LINK,32,PASS,97,1649,1061936.3965314608,1.55282369583153,265484.0991329028,265484.09913333505,81.4801,0.019057704836291687,14334110592,8692608.0,968733.1993999926,587.4670705882309,96,0,0,0,0,0,0.026118649846255882,0.053114900839853485,0.05300359443733649,8ffc9f00e36f1a35f68b927a992bf4a393379576a0baf6e3e9375036b529a1a2
full-mixed-04,full-mixed,capacity_exploratory,U_STRONG,LEGACY_DIRECTED_LINK,64,PASS,65,1105,1061936.3965331495,1.0405519611225664,530968.1982666701,530968.1982666701,81.4801,0.012770626952133914,9605331840,8692608.0,649151.1129999941,587.46707058823,96,0,0,0,0,0,0.01750218804127766,0.035592459325618477,0.03551787256104523,8ffc9f00e36f1a35f68b927a992bf4a393379576a0baf6e3e9375036b529a1a2
full-mixed-04,full-mixed,capacity_exploratory,U_STRONG,LEGACY_DIRECTED_LINK,128,PASS,129,2193,2123872.793051778,1.032547715274837,1061936.3965258598,1061936.3965258598,81.4801,0.012672391360281064,19062889344,8692608.0,1288315.2857999883,587.46707058823,96,0,0,0,0,0,0.017367555825694287,0.03531867117720132,0.0352446581569705,8ffc9f00e36f1a35f68b927a992bf4a393379576a0baf6e3e9375036b529a1a2
full-mixed-04,full-mixed,capacity_exploratory,U_STRONG,SHARED_NIC,1,PASS,128,2176,382572.5543117367,5.687809999634476,2988.8480805599247,2988.8480805615545,81.4801,0.0698061244357147,18915115008,8692608.0,1278328.3455999885,587.46707058823,96,0,0,0,0,0,0.09566953297485185,0.19455361541526156,0.1941459131944882,8ffc9f00e36f1a35f68b927a992bf4a393379576a0baf6e3e9375036b529a1a2
full-mixed-04,full-mixed,capacity_exploratory,U_STRONG,SHARED_NIC,8,PASS,121,2057,84246.48319103754,24.416449471671612,5216.350677920127,5347.1627353068325,81.4801,0.2996615059587754,17880694656,8692608.0,1208419.7641999896,587.4670705882303,96,0,0,0,0,0,0.41068712175846345,0.8351735590012744,0.8334233879031477,8ffc9f00e36f1a35f68b927a992bf4a393379576a0baf6e3e9375036b529a1a2
full-mixed-04,full-mixed,capacity_exploratory,U_STRONG,SHARED_NIC,32,PASS,97,1649,79888.05856852038,20.641382824263335,19975.199832437764,20106.01188982486,81.4801,0.2533303570351943,14334110592,8692608.0,968733.1993999926,587.4670705882309,96,0,0,0,0,0,0.3471901232423913,0.7060460275376617,0.7045664532168212,8ffc9f00e36f1a35f68b927a992bf4a393379576a0baf6e3e9375036b529a1a2
full-mixed-04,full-mixed,capacity_exploratory,U_STRONG,SHARED_NIC,64,PASS,65,1105,80006.12986468496,13.811441721639277,39937.65890365552,40081.211722265376,81.4801,0.16950693140581907,9605331840,8692608.0,649151.1129999941,587.46707058823,96,0,0,0,0,0,0.23230983090214458,0.4724254012027108,0.47143539706010396,8ffc9f00e36f1a35f68b927a992bf4a393379576a0baf6e3e9375036b529a1a2
full-mixed-04,full-mixed,capacity_exploratory,U_STRONG,SHARED_NIC,128,PASS,129,2193,159645.30507967126,13.736702115389987,79888.05856855024,80018.87062593823,81.4801,0.16858965704988074,19062889344,8692608.0,1288315.2857999883,587.46707058823,96,0,0,0,0,0,0.2310527032510711,0.46986890571297946,0.4688842589053493,8ffc9f00e36f1a35f68b927a992bf4a393379576a0baf6e3e9375036b529a1a2
full-mixed-05,full-mixed,capacity_exploratory,FLEX_FREE,SHARED_NIC,1,PASS,128,2176,239979.53978615024,9.067439673978331,1874.8401545797278,1874.8401545800662,73.9035,0.12269296682807082,14586789888,6703488.0,1136508.1061333313,522.2923281862736,89,0,0,0,0,0,0.16243416765752838,0.05260644348751506,0.04946227494301168,e2ef2c05e45c83f7f61897210aee573bef885cf7e505ca1fa307a616271c9f37
full-mixed-05,full-mixed,capacity_exploratory,FLEX_FREE,SHARED_NIC,8,PASS,121,2057,41534.63564264861,49.52493185922716,2606.825173059704,2727.5909261527995,73.9035,0.6701297213153256,13789074816,6703488.0,1074355.3190791642,522.2923281862733,89,0,0,0,0,0,0.8871899206493251,0.2873281348154128,0.2701551798778327,e2ef2c05e45c83f7f61897210aee573bef885cf7e505ca1fa307a616271c9f37
full-mixed-05,full-mixed,capacity_exploratory,FLEX_FREE,SHARED_NIC,32,PASS,97,1649,39336.025214740526,41.9208598478848,9835.221071978056,10135.999556712415,73.9035,0.5672378148245321,11054051712,6703488.0,861260.049179165,522.2923281862735,89,0,0,0,0,0,0.7509705299083029,0.2432116919249618,0.2286754773339221,e2ef2c05e45c83f7f61897210aee573bef885cf7e505ca1fa307a616271c9f37
full-mixed-05,full-mixed,capacity_exploratory,FLEX_FREE,SHARED_NIC,64,PASS,65,1105,38872.310693046544,28.42640378972022,19411.61546472284,19666.364799116236,73.9035,0.3846421859549307,7407354240,6703488.0,577133.0226458333,522.2923281862745,89,0,0,0,0,0,0.5092307647031881,0.16492108668875133,0.15506412509401524,e2ef2c05e45c83f7f61897210aee573bef885cf7e505ca1fa307a616271c9f37
full-mixed-05,full-mixed,capacity_exploratory,FLEX_FREE,SHARED_NIC,128,PASS,129,2193,78072.78763907136,28.08917250576714,39006.863559615245,39263.35289711286,73.9035,0.3800790558737698,14700749184,6703488.0,1145387.075712498,522.2923281862736,89,0,0,0,0,0,0.5031896014987395,0.1629645764588113,0.15322455107025384,e2ef2c05e45c83f7f61897210aee573bef885cf7e505ca1fa307a616271c9f37
full-mixed-05,full-mixed,capacity_exploratory,FLEX_FREE_NO_ALT,SHARED_NIC,1,PASS,128,2176,239979.53978615024,9.067439673978331,1874.8401545797278,1874.8401545800662,73.9035,0.12269296682807082,14586789888,6703488.0,1136508.1061333313,522.2923281862736,89,0,0,0,0,0,0.16243416765752838,0.05260644348751506,0.04946227494301168,e2ef2c05e45c83f7f61897210aee573bef885cf7e505ca1fa307a616271c9f37
full-mixed-05,full-mixed,capacity_exploratory,FLEX_FREE_NO_ALT,SHARED_NIC,8,PASS,121,2057,41534.63564264861,49.52493185922716,2606.825173059704,2727.5909261527995,73.9035,0.6701297213153256,13789074816,6703488.0,1074355.3190791642,522.2923281862733,89,0,0,0,0,0,0.8871899206493251,0.2873281348154128,0.2701551798778327,e2ef2c05e45c83f7f61897210aee573bef885cf7e505ca1fa307a616271c9f37
full-mixed-05,full-mixed,capacity_exploratory,FLEX_FREE_NO_ALT,SHARED_NIC,32,PASS,97,1649,39336.025214740526,41.9208598478848,9835.221071978056,10135.999556712415,73.9035,0.5672378148245321,11054051712,6703488.0,861260.049179165,522.2923281862735,89,0,0,0,0,0,0.7509705299083029,0.2432116919249618,0.2286754773339221,e2ef2c05e45c83f7f61897210aee573bef885cf7e505ca1fa307a616271c9f37
full-mixed-05,full-mixed,capacity_exploratory,FLEX_FREE_NO_ALT,SHARED_NIC,64,PASS,65,1105,38872.310693046544,28.42640378972022,19411.61546472284,19666.364799116236,73.9035,0.3846421859549307,7407354240,6703488.0,577133.0226458333,522.2923281862745,89,0,0,0,0,0,0.5092307647031881,0.16492108668875133,0.15506412509401524,e2ef2c05e45c83f7f61897210aee573bef885cf7e505ca1fa307a616271c9f37
full-mixed-05,full-mixed,capacity_exploratory,FLEX_FREE_NO_ALT,SHARED_NIC,128,PASS,129,2193,78072.78763907136,28.08917250576714,39006.863559615245,39263.35289711286,73.9035,0.3800790558737698,14700749184,6703488.0,1145387.075712498,522.2923281862736,89,0,0,0,0,0,0.5031896014987395,0.1629645764588113,0.15322455107025384,e2ef2c05e45c83f7f61897210aee573bef885cf7e505ca1fa307a616271c9f37
full-mixed-05,full-mixed,capacity_exploratory,FLEX_POOL,LEGACY_DIRECTED_LINK,1,PASS,128,2176,870223.5465746359,2.5005069198197942,6798.621457616449,6798.621457630128,73.9035,0.03383475640287394,14586789888,6703488.0,1136508.1061333313,522.2923281862736,89,0,0,0,0,0,0.044794095670516065,0.014507157554644759,0.013640097448893763,e2ef2c05e45c83f7f61897210aee573bef885cf7e505ca1fa307a616271c9f37
full-mixed-05,full-mixed,capacity_exploratory,FLEX_POOL,LEGACY_DIRECTED_LINK,8,PASS,121,2057,870223.5465743552,2.3637604476429117,54388.97166083532,54388.971661041025,73.9035,0.03198441816210209,13789074816,6703488.0,1074355.3190791642,522.2923281862733,89,0,0,0,0,0,0.0423444185635484,0.013713797375879551,0.012894154619661546,e2ef2c05e45c83f7f61897210aee573bef885cf7e505ca1fa307a616271c9f37
full-mixed-05,full-mixed,capacity_exploratory,FLEX_POOL,LEGACY_DIRECTED_LINK,32,PASS,97,1649,870223.5465739835,1.8949154001773583,217555.88664324174,217555.88664385676,73.9035,0.02564040133657213,11054051712,6703488.0,861260.049179165,522.2923281862735,89,0,0,0,0,0,0.033945525625338445,0.01099370533438749,0.01033663634799756,e2ef2c05e45c83f7f61897210aee573bef885cf7e505ca1fa307a616271c9f37
full-mixed-05,full-mixed,capacity_exploratory,FLEX_POOL,LEGACY_DIRECTED_LINK,64,PASS,65,1105,870223.5465748935,1.2697886702206134,435111.7732877135,435111.7732877135,73.9035,0.017181712235829337,7407354240,6703488.0,577133.0226458333,522.2923281862745,89,0,0,0,0,0,0.022747001707677194,0.0073669159457158745,0.0069266119857643235,e2ef2c05e45c83f7f61897210aee573bef885cf7e505ca1fa307a616271c9f37
full-mixed-05,full-mixed,capacity_exploratory,FLEX_POOL,LEGACY_DIRECTED_LINK,128,PASS,129,2193,1740447.0931400454,1.2600210650721229,870223.5465686321,870223.5465710736,73.9035,0.01704954521872608,14700749184,6703488.0,1145387.075712498,522.2923281862736,89,0,0,0,0,0,0.02257202477159064,0.007310247361558963,0.0068733303551430595,e2ef2c05e45c83f7f61897210aee573bef885cf7e505ca1fa307a616271c9f37
full-mixed-05,full-mixed,capacity_exploratory,FLEX_POOL,SHARED_NIC,1,PASS,128,2176,239979.53978615024,9.067439673978331,1874.8401545797278,1874.8401545800662,73.9035,0.12269296682807082,14586789888,6703488.0,1136508.1061333313,522.2923281862736,89,0,0,0,0,0,0.16243416765752838,0.05260644348751506,0.04946227494301168,e2ef2c05e45c83f7f61897210aee573bef885cf7e505ca1fa307a616271c9f37
full-mixed-05,full-mixed,capacity_exploratory,FLEX_POOL,SHARED_NIC,8,PASS,121,2057,41534.63564264861,49.52493185922716,2606.825173059704,2727.5909261527995,73.9035,0.6701297213153256,13789074816,6703488.0,1074355.3190791642,522.2923281862733,89,0,0,0,0,0,0.8871899206493251,0.2873281348154128,0.2701551798778327,e2ef2c05e45c83f7f61897210aee573bef885cf7e505ca1fa307a616271c9f37
full-mixed-05,full-mixed,capacity_exploratory,FLEX_POOL,SHARED_NIC,32,PASS,97,1649,39336.025214740526,41.9208598478848,9835.221071978056,10135.999556712415,73.9035,0.5672378148245321,11054051712,6703488.0,861260.049179165,522.2923281862735,89,0,0,0,0,0,0.7509705299083029,0.2432116919249618,0.2286754773339221,e2ef2c05e45c83f7f61897210aee573bef885cf7e505ca1fa307a616271c9f37
full-mixed-05,full-mixed,capacity_exploratory,FLEX_POOL,SHARED_NIC,64,PASS,65,1105,38872.310693046544,28.42640378972022,19411.61546472284,19666.364799116236,73.9035,0.3846421859549307,7407354240,6703488.0,577133.0226458333,522.2923281862745,89,0,0,0,0,0,0.5092307647031881,0.16492108668875133,0.15506412509401524,e2ef2c05e45c83f7f61897210aee573bef885cf7e505ca1fa307a616271c9f37
full-mixed-05,full-mixed,capacity_exploratory,FLEX_POOL,SHARED_NIC,128,PASS,129,2193,78072.78763907136,28.08917250576714,39006.863559615245,39263.35289711286,73.9035,0.3800790558737698,14700749184,6703488.0,1145387.075712498,522.2923281862736,89,0,0,0,0,0,0.5031896014987395,0.1629645764588113,0.15322455107025384,e2ef2c05e45c83f7f61897210aee573bef885cf7e505ca1fa307a616271c9f37
full-mixed-05,full-mixed,capacity_exploratory,FLEX_POOL_NO_ALT,SHARED_NIC,1,PASS,128,2176,239979.53978615024,9.067439673978331,1874.8401545797278,1874.8401545800662,73.9035,0.12269296682807082,14586789888,6703488.0,1136508.1061333313,522.2923281862736,89,0,0,0,0,0,0.16243416765752838,0.05260644348751506,0.04946227494301168,e2ef2c05e45c83f7f61897210aee573bef885cf7e505ca1fa307a616271c9f37
full-mixed-05,full-mixed,capacity_exploratory,FLEX_POOL_NO_ALT,SHARED_NIC,8,PASS,121,2057,41534.63564264861,49.52493185922716,2606.825173059704,2727.5909261527995,73.9035,0.6701297213153256,13789074816,6703488.0,1074355.3190791642,522.2923281862733,89,0,0,0,0,0,0.8871899206493251,0.2873281348154128,0.2701551798778327,e2ef2c05e45c83f7f61897210aee573bef885cf7e505ca1fa307a616271c9f37
full-mixed-05,full-mixed,capacity_exploratory,FLEX_POOL_NO_ALT,SHARED_NIC,32,PASS,97,1649,39336.025214740526,41.9208598478848,9835.221071978056,10135.999556712415,73.9035,0.5672378148245321,11054051712,6703488.0,861260.049179165,522.2923281862735,89,0,0,0,0,0,0.7509705299083029,0.2432116919249618,0.2286754773339221,e2ef2c05e45c83f7f61897210aee573bef885cf7e505ca1fa307a616271c9f37
full-mixed-05,full-mixed,capacity_exploratory,FLEX_POOL_NO_ALT,SHARED_NIC,64,PASS,65,1105,38872.310693046544,28.42640378972022,19411.61546472284,19666.364799116236,73.9035,0.3846421859549307,7407354240,6703488.0,577133.0226458333,522.2923281862745,89,0,0,0,0,0,0.5092307647031881,0.16492108668875133,0.15506412509401524,e2ef2c05e45c83f7f61897210aee573bef885cf7e505ca1fa307a616271c9f37
full-mixed-05,full-mixed,capacity_exploratory,FLEX_POOL_NO_ALT,SHARED_NIC,128,PASS,129,2193,78072.78763907136,28.08917250576714,39006.863559615245,39263.35289711286,73.9035,0.3800790558737698,14700749184,6703488.0,1145387.075712498,522.2923281862736,89,0,0,0,0,0,0.5031896014987395,0.1629645764588113,0.15322455107025384,e2ef2c05e45c83f7f61897210aee573bef885cf7e505ca1fa307a616271c9f37
full-mixed-05,full-mixed,capacity_exploratory,U_STRONG,LEGACY_DIRECTED_LINK,1,PASS,128,2176,870223.5465746359,2.5005069198197942,6798.621457616449,6798.621457630128,73.9035,0.03383475640287394,14586789888,6703488.0,1136508.1061333313,522.2923281862736,89,0,0,0,0,0,0.044794095670516065,0.014507157554644759,0.013640097448893763,e2ef2c05e45c83f7f61897210aee573bef885cf7e505ca1fa307a616271c9f37
full-mixed-05,full-mixed,capacity_exploratory,U_STRONG,LEGACY_DIRECTED_LINK,8,PASS,121,2057,870223.5465743552,2.3637604476429117,54388.97166083532,54388.971661041025,73.9035,0.03198441816210209,13789074816,6703488.0,1074355.3190791642,522.2923281862733,89,0,0,0,0,0,0.0423444185635484,0.013713797375879551,0.012894154619661546,e2ef2c05e45c83f7f61897210aee573bef885cf7e505ca1fa307a616271c9f37
full-mixed-05,full-mixed,capacity_exploratory,U_STRONG,LEGACY_DIRECTED_LINK,32,PASS,97,1649,870223.5465739835,1.8949154001773583,217555.88664324174,217555.88664385676,73.9035,0.02564040133657213,11054051712,6703488.0,861260.049179165,522.2923281862735,89,0,0,0,0,0,0.033945525625338445,0.01099370533438749,0.01033663634799756,e2ef2c05e45c83f7f61897210aee573bef885cf7e505ca1fa307a616271c9f37
full-mixed-05,full-mixed,capacity_exploratory,U_STRONG,LEGACY_DIRECTED_LINK,64,PASS,65,1105,870223.5465748935,1.2697886702206134,435111.7732877135,435111.7732877135,73.9035,0.017181712235829337,7407354240,6703488.0,577133.0226458333,522.2923281862745,89,0,0,0,0,0,0.022747001707677194,0.0073669159457158745,0.0069266119857643235,e2ef2c05e45c83f7f61897210aee573bef885cf7e505ca1fa307a616271c9f37
full-mixed-05,full-mixed,capacity_exploratory,U_STRONG,LEGACY_DIRECTED_LINK,128,PASS,129,2193,1740447.0931400454,1.2600210650721229,870223.5465686321,870223.5465710736,73.9035,0.01704954521872608,14700749184,6703488.0,1145387.075712498,522.2923281862736,89,0,0,0,0,0,0.02257202477159064,0.007310247361558963,0.0068733303551430595,e2ef2c05e45c83f7f61897210aee573bef885cf7e505ca1fa307a616271c9f37
full-mixed-05,full-mixed,capacity_exploratory,U_STRONG,SHARED_NIC,1,PASS,128,2176,239979.53978615024,9.067439673978331,1874.8401545797278,1874.8401545800662,73.9035,0.12269296682807082,14586789888,6703488.0,1136508.1061333313,522.2923281862736,89,0,0,0,0,0,0.16243416765752838,0.05260644348751506,0.04946227494301168,e2ef2c05e45c83f7f61897210aee573bef885cf7e505ca1fa307a616271c9f37
full-mixed-05,full-mixed,capacity_exploratory,U_STRONG,SHARED_NIC,8,PASS,121,2057,41534.63564264861,49.52493185922716,2606.825173059704,2727.5909261527995,73.9035,0.6701297213153256,13789074816,6703488.0,1074355.3190791642,522.2923281862733,89,0,0,0,0,0,0.8871899206493251,0.2873281348154128,0.2701551798778327,e2ef2c05e45c83f7f61897210aee573bef885cf7e505ca1fa307a616271c9f37
full-mixed-05,full-mixed,capacity_exploratory,U_STRONG,SHARED_NIC,32,PASS,97,1649,39336.025214740526,41.9208598478848,9835.221071978056,10135.999556712415,73.9035,0.5672378148245321,11054051712,6703488.0,861260.049179165,522.2923281862735,89,0,0,0,0,0,0.7509705299083029,0.2432116919249618,0.2286754773339221,e2ef2c05e45c83f7f61897210aee573bef885cf7e505ca1fa307a616271c9f37
full-mixed-05,full-mixed,capacity_exploratory,U_STRONG,SHARED_NIC,64,PASS,65,1105,38872.310693046544,28.42640378972022,19411.61546472284,19666.364799116236,73.9035,0.3846421859549307,7407354240,6703488.0,577133.0226458333,522.2923281862745,89,0,0,0,0,0,0.5092307647031881,0.16492108668875133,0.15506412509401524,e2ef2c05e45c83f7f61897210aee573bef885cf7e505ca1fa307a616271c9f37
full-mixed-05,full-mixed,capacity_exploratory,U_STRONG,SHARED_NIC,128,PASS,129,2193,78072.78763907136,28.08917250576714,39006.863559615245,39263.35289711286,73.9035,0.3800790558737698,14700749184,6703488.0,1145387.075712498,522.2923281862736,89,0,0,0,0,0,0.5031896014987395,0.1629645764588113,0.15322455107025384,e2ef2c05e45c83f7f61897210aee573bef885cf7e505ca1fa307a616271c9f37
full-mixed-06,full-mixed,capacity_exploratory,FLEX_FREE,SHARED_NIC,1,PASS,128,2176,251925.50773065994,8.637473908860462,1968.168029146167,1968.1680291468074,72.89809999999997,0.11848695519993616,13262946304,6095104.0,1183699.8069333304,543.9796906862731,87,5,8,15722348544,17587754601,0,0.15473175841199652,0.06094392160818681,0.06169727939981999,2d3c9f61c0d486223dc049246add84a4fc079fa97f1544d886452d40e2abc1c6
full-mixed-06,full-mixed,capacity_exploratory,FLEX_FREE,SHARED_NIC,8,PASS,121,2057,42100.29304256309,48.85951738911623,2641.50896433301,2776.777193966409,72.89809999999997,0.6702440446200415,12553440128,6102790.533787069,1118648.215566663,543.8250926430059,87,5,8,15722348544,17587754601,0,0.8752696819175549,0.34474090793160894,0.34900241986309716,2d3c9f61c0d486223dc049246add84a4fc079fa97f1544d886452d40e2abc1c6
full-mixed-06,full-mixed,capacity_exploratory,FLEX_FREE,SHARED_NIC,32,PASS,97,1649,39002.53654868286,42.2793014485538,9770.200532932104,9966.351178289597,72.89809999999997,0.5799780988606537,10066551296,6104639.9611885995,896704.8343666632,543.7870432787528,87,5,8,15722348544,17587754601,0,0.7573916548511677,0.29831249973286467,0.30200008727375427,2d3c9f61c0d486223dc049246add84a4fc079fa97f1544d886452d40e2abc1c6
full-mixed-06,full-mixed,capacity_exploratory,FLEX_FREE,SHARED_NIC,64,PASS,65,1105,39099.12128824558,28.261504698628553,19467.05572327315,19676.060834998254,72.89809999999997,0.38768506584710116,6745832320,6104825.628959276,600880.4229583312,543.7831881975848,87,5,8,15722348544,17587754601,0,0.5062767614153774,0.19940632470284966,0.201871284364973,2d3c9f61c0d486223dc049246add84a4fc079fa97f1544d886452d40e2abc1c6
full-mixed-06,full-mixed,capacity_exploratory,FLEX_FREE,SHARED_NIC,128,PASS,129,2193,78001.86745741822,28.1147114996596,38948.53594377257,39139.47874315619,72.89809999999997,0.3856713892359281,13389315072,6105478.829001368,1192488.1770249952,543.7702585613293,87,5,8,15722348544,17587754601,0,0.5036471071855584,0.19837058748326727,0.20082274388816942,2d3c9f61c0d486223dc049246add84a4fc079fa97f1544d886452d40e2abc1c6
full-mixed-06,full-mixed,capacity_exploratory,FLEX_FREE_NO_ALT,SHARED_NIC,1,PASS,128,2176,251925.50773065994,8.637473908860462,1968.168029146167,1968.1680291468074,72.89809999999997,0.11848695519993616,13262946304,6095104.0,1183699.8069333304,543.9796906862731,87,0,0,0,0,0,0.15473175841199652,0.06094392160818681,0.06169727939981999,4b3a8d99e4e6a1c2ac32fb67688d750d98b57fc811778832424662af4520efbe
full-mixed-06,full-mixed,capacity_exploratory,FLEX_FREE_NO_ALT,SHARED_NIC,8,PASS,121,2057,42817.98711431629,48.040558153940815,2668.8464001532902,2850.9805436263778,72.89809999999997,0.6590097431063475,12537628928,6095104.0,1118966.2237416632,543.9796906862728,87,0,0,0,0,0,0.8605988413612154,0.33896253013788485,0.34315261269924013,4b3a8d99e4e6a1c2ac32fb67688d750d98b57fc811778832424662af4520efbe
full-mixed-06,full-mixed,capacity_exploratory,FLEX_FREE_NO_ALT,SHARED_NIC,32,PASS,97,1649,38672.64739359601,42.63995643269734,9746.728355672094,9995.628654301709,72.89809999999997,0.584925484103116,10050826496,6095104.0,897022.5099416631,543.9796906862724,87,0,0,0,0,0,0.7638524303586147,0.3008571938544524,0.30457623761104385,4b3a8d99e4e6a1c2ac32fb67688d750d98b57fc811778832424662af4520efbe
full-mixed-06,full-mixed,capacity_exploratory,FLEX_FREE_NO_ALT,SHARED_NIC,64,PASS,65,1105,39112.4903471121,28.251844620310365,19478.601547460392,19748.25870885182,72.89809999999997,0.3875525510309648,6735089920,6095104.0,601097.558208331,543.9796906862724,87,0,0,0,0,0,0.5061037107155614,0.19933816553247596,0.20180228264556868,4b3a8d99e4e6a1c2ac32fb67688d750d98b57fc811778832424662af4520efbe
full-mixed-06,full-mixed,capacity_exploratory,FLEX_FREE_NO_ALT,SHARED_NIC,128,PASS,129,2193,77831.09818926518,28.17639800825101,39037.47958949566,39272.85924538768,72.89809999999997,0.3865175911066409,13366563072,6095104.0,1192947.4616749971,543.9796906862732,87,0,0,0,0,0,0.5047521596633266,0.1988058325310145,0.20126336921403692,4b3a8d99e4e6a1c2ac32fb67688d750d98b57fc811778832424662af4520efbe
full-mixed-06,full-mixed,capacity_exploratory,FLEX_POOL,LEGACY_DIRECTED_LINK,1,PASS,128,2176,909843.7169596071,2.391619527001256,7108.154038748558,7108.154038767505,71.92389999999997,0.03325208347991776,13262946304,6095104.0,1181171.6101333306,542.8178355392145,86,5,8,15722348544,17187192052,0,0.04284348627505069,0.016874687496381994,0.017083283808718198,0bb3d272dace8ce3c05cc866f01b356dad1af7a4e77ac64921a43195a9ea081d
full-mixed-06,full-mixed,capacity_exploratory,FLEX_POOL,LEGACY_DIRECTED_LINK,8,PASS,121,2057,909843.7169592927,2.260827834119156,56865.23230984807,56865.23231014004,71.92389999999997,0.031433610164620616,12537628928,6095104.0,1116576.2877041646,542.8178355392147,86,5,8,15722348544,17187192052,0,0.04050048311939787,0.015951853023929118,0.016149041725434497,0bb3d272dace8ce3c05cc866f01b356dad1af7a4e77ac64921a43195a9ea081d
full-mixed-06,full-mixed,capacity_exploratory,FLEX_POOL,LEGACY_DIRECTED_LINK,32,PASS,97,1649,909843.7169586953,1.8123991728074555,227460.92923947354,227460.92923994362,71.92389999999997,0.025198844512150428,10050826496,6095104.0,895106.6108041652,542.8178355392148,86,5,8,15722348544,17187192052,0,0.032467329442844424,0.012787849118364794,0.012945926011307216,0bb3d272dace8ce3c05cc866f01b356dad1af7a4e77ac64921a43195a9ea081d
full-mixed-06,full-mixed,capacity_exploratory,FLEX_POOL,LEGACY_DIRECTED_LINK,64,PASS,65,1105,909843.7169594422,1.2144942910555454,454921.85847988725,454921.85847988725,71.92389999999997,0.016885823642148797,6735089920,6095104.0,599813.7082708315,542.817835539214,86,5,8,15722348544,17187192052,0,0.02175645787405311,0.008569177244258033,0.008675105059116252,0bb3d272dace8ce3c05cc866f01b356dad1af7a4e77ac64921a43195a9ea081d
full-mixed-06,full-mixed,capacity_exploratory,FLEX_POOL,LEGACY_DIRECTED_LINK,128,PASS,129,2193,1819687.4339106586,1.2051520272836427,909843.7169545293,909843.716955867,71.92389999999997,0.016755932691131084,13366563072,6095104.0,1190399.5133374971,542.8178355392143,86,5,8,15722348544,17187192052,0,0.02158910050588877,0.008503260496263718,0.008608373481777377,0bb3d272dace8ce3c05cc866f01b356dad1af7a4e77ac64921a43195a9ea081d
full-mixed-06,full-mixed,capacity_exploratory,FLEX_POOL,SHARED_NIC,1,PASS,128,2176,252516.16748362032,8.61727002149733,1972.7825584660404,1972.7825584668171,71.92389999999997,0.11981093936087077,13262946304,6095104.0,1181171.6101333306,542.8178355392145,86,5,8,15722348544,17187192052,0,0.15436982585492695,0.06080136787770592,0.06155296349255837,0bb3d272dace8ce3c05cc866f01b356dad1af7a4e77ac64921a43195a9ea081d
full-mixed-06,full-mixed,capacity_exploratory,FLEX_POOL,SHARED_NIC,8,PASS,121,2057,42621.7900329964,48.26169896683217,2672.3670298730467,2836.9897269330213,71.92389999999997,0.6710105954603711,12554016128,6103070.553232864,1116250.573879165,542.6594914337215,86,5,8,15722348544,17187192052,0,0.8645603591841794,0.3405228460945439,0.34473221648891583,0bb3d272dace8ce3c05cc866f01b356dad1af7a4e77ac64921a43195a9ea081d
full-mixed-06,full-mixed,capacity_exploratory,FLEX_POOL,SHARED_NIC,32,PASS,97,1649,38736.200279122764,42.56999881551996,9704.364957872407,9923.881078177501,71.92389999999997,0.5918755631371487,10065226496,6103836.565191025,894822.5978041651,542.6456020643815,86,5,8,15722348544,17187192052,0,0.7625992091929839,0.30036358986998424,0.30407653194493345,0bb3d272dace8ce3c05cc866f01b356dad1af7a4e77ac64921a43195a9ea081d
full-mixed-06,full-mixed,capacity_exploratory,FLEX_POOL,SHARED_NIC,64,PASS,65,1105,39046.59676815205,28.29952137855153,19541.125960353755,19688.33262071831,71.92389999999997,0.39346477844710226,6744565120,6103678.841628959,599626.6664458317,542.6485669193047,86,5,8,15722348544,17187192052,0,0.5069577924431451,0.19967456117863838,0.20214283664377705,0bb3d272dace8ce3c05cc866f01b356dad1af7a4e77ac64921a43195a9ea081d
full-mixed-06,full-mixed,capacity_exploratory,FLEX_POOL,SHARED_NIC,128,PASS,129,2193,78113.7029514701,28.07445962922089,38983.528367122344,39177.65092719513,71.92389999999997,0.3903356134639654,13384131072,6103114.943912448,1190050.720587498,542.6587873176005,86,5,8,15722348544,17187192052,0,0.5029260349417436,0.198086580045157,0.20053522569442128,0bb3d272dace8ce3c05cc866f01b356dad1af7a4e77ac64921a43195a9ea081d
full-mixed-06,full-mixed,capacity_exploratory,FLEX_POOL_NO_ALT,SHARED_NIC,1,PASS,128,2176,252516.16748362032,8.61727002149733,1972.7825584660404,1972.7825584668171,71.92389999999997,0.11981093936087077,13262946304,6095104.0,1181171.6101333306,542.8178355392145,86,0,0,0,0,0,0.15436982585492695,0.06080136787770592,0.06155296349255837,be03b415116f318661677cceb32a89adc1b206637e9c6a7d800ed717f5313580
full-mixed-06,full-mixed,capacity_exploratory,FLEX_POOL_NO_ALT,SHARED_NIC,8,PASS,121,2057,42920.35246126288,47.92598107987381,2687.063925253089,2837.7802280529468,71.92389999999997,0.6663429135499301,12537628928,6095104.0,1116576.2877041646,542.8178355392147,86,0,0,0,0,0,0.8585463069823962,0.3381541020842994,0.34233419126884085,be03b415116f318661677cceb32a89adc1b206637e9c6a7d800ed717f5313580
full-mixed-06,full-mixed,capacity_exploratory,FLEX_POOL_NO_ALT,SHARED_NIC,32,PASS,97,1649,38950.6790681093,42.335590532749194,9738.179228852416,9928.83460566712,71.92389999999997,0.5886164478393024,10050826496,6095104.0,895106.6108041652,542.8178355392148,86,0,0,0,0,0,0.758400017836556,0.2987096618627648,0.3024021589200952,be03b415116f318661677cceb32a89adc1b206637e9c6a7d800ed717f5313580
full-mixed-06,full-mixed,capacity_exploratory,FLEX_POOL_NO_ALT,SHARED_NIC,64,PASS,65,1105,38691.406249118554,28.55931347869201,19470.149367033402,19589.2826387263,71.92389999999997,0.39707681978719206,6735089920,6095104.0,599813.7082708315,542.817835539214,86,0,0,0,0,0,0.5116117096532506,0.20150759124650885,0.20399852569793342,be03b415116f318661677cceb32a89adc1b206637e9c6a7d800ed717f5313580
full-mixed-06,full-mixed,capacity_exploratory,FLEX_POOL_NO_ALT,SHARED_NIC,128,PASS,129,2193,77870.75313826572,28.162049442441557,39036.240767093,39251.79035816762,71.92389999999997,0.39155342580757674,13366563072,6095104.0,1190399.5133374971,542.8178355392143,86,0,0,0,0,0,0.5044951193710128,0.19870459252970069,0.2011608777352697,be03b415116f318661677cceb32a89adc1b206637e9c6a7d800ed717f5313580
full-mixed-06,full-mixed,capacity_exploratory,U_STRONG,LEGACY_DIRECTED_LINK,1,PASS,128,2176,901136.7314825883,2.414727891981445,7040.130714708677,7040.130714727158,72.89809999999997,0.03312470272862319,12824264704,5893504.0,1116969.1941333385,513.3130487745121,87,0,0,0,0,0,0.04325744966123736,0.017037734516692105,0.017248346333444693,239b432ca09cf160c0e76c171517165d756ffad2c00a185ee8fe97cd274e85d8
full-mixed-06,full-mixed,capacity_exploratory,U_STRONG,LEGACY_DIRECTED_LINK,8,PASS,121,2057,901136.7314822972,2.2826724603894473,56321.04571754113,56321.045717817266,72.89809999999997,0.031313195548161726,12122937728,5893504.0,1055884.9413291714,513.3130487745121,87,0,0,0,0,0,0.04089180788290167,0.01610598341031571,0.016305077393339702,239b432ca09cf160c0e76c171517165d756ffad2c00a185ee8fe97cd274e85d8
full-mixed-06,full-mixed,capacity_exploratory,U_STRONG,LEGACY_DIRECTED_LINK,32,PASS,97,1649,901136.7314816227,1.8299109806441498,225284.18287022354,225284.18287061155,72.89809999999997,0.02510231378656166,9718388096,5893504.0,846453.21742917,513.3130487745118,87,0,0,0,0,0,0.0327810360714416,0.01291140818844457,0.013071012455827547,239b432ca09cf160c0e76c171517165d756ffad2c00a185ee8fe97cd274e85d8
full-mixed-06,full-mixed,capacity_exploratory,U_STRONG,LEGACY_DIRECTED_LINK,64,PASS,65,1105,901136.731482156,1.226229007647416,450568.3657412231,450568.3657412231,72.89809999999997,0.016821138104387037,6512321920,5893504.0,567210.9188958347,513.313048774511,87,0,0,0,0,0,0.021966673656107626,0.00865197455926186,0.008758925872456557,239b432ca09cf160c0e76c171517165d756ffad2c00a185ee8fe97cd274e85d8
full-mixed-06,full-mixed,capacity_exploratory,U_STRONG,LEGACY_DIRECTED_LINK,128,PASS,129,2193,1802273.4629564118,1.2167964768246926,901136.7314773798,901136.7314787786,72.89809999999997,0.016691744734426455,12924454272,5893504.0,1125695.5159625052,513.3130487745121,87,0,0,0,0,0,0.021797699243463895,0.008585420908843634,0.008691549519629634,239b432ca09cf160c0e76c171517165d756ffad2c00a185ee8fe97cd274e85d8
full-mixed-06,full-mixed,capacity_exploratory,U_STRONG,SHARED_NIC,1,PASS,128,2176,250445.29307295664,8.688524241364417,1956.6038521330483,1956.6038521334704,72.89809999999997,0.11918725236137047,12824264704,5893504.0,1116969.1941333385,513.3130487745121,87,0,0,0,0,0,0.15564627436876846,0.061304120376370806,0.06206193076214935,239b432ca09cf160c0e76c171517165d756ffad2c00a185ee8fe97cd274e85d8
full-mixed-06,full-mixed,capacity_exploratory,U_STRONG,SHARED_NIC,8,PASS,121,2057,42509.403985396275,48.389292889325475,2675.4924902731073,2864.423793119953,72.89809999999997,0.6637936090148507,12122937728,5893504.0,1055884.9413291714,513.3130487745121,87,0,0,0,0,0,0.866846077462277,0.3414231178744837,0.3456436169711463,239b432ca09cf160c0e76c171517165d756ffad2c00a185ee8fe97cd274e85d8
full-mixed-06,full-mixed,capacity_exploratory,U_STRONG,SHARED_NIC,32,PASS,97,1649,39114.39800210952,42.158388834491745,9754.06034208566,10008.040539121639,72.89809999999997,0.5783194463846351,9718388096,5893504.0,846453.21742917,513.3130487745118,87,0,0,0,0,0,0.7552256255716091,0.29745936964522635,0.3011364112254715,239b432ca09cf160c0e76c171517165d756ffad2c00a185ee8fe97cd274e85d8
full-mixed-06,full-mixed,capacity_exploratory,U_STRONG,SHARED_NIC,64,PASS,65,1105,39010.071931378465,28.326018007446255,19458.39122875269,19701.262249899668,72.89809999999997,0.38857004513761356,6512321920,5893504.0,567210.9188958347,513.313048774511,87,0,0,0,0,0,0.5074324532090277,0.19986151496759103,0.20233210146047237,239b432ca09cf160c0e76c171517165d756ffad2c00a185ee8fe97cd274e85d8
full-mixed-06,full-mixed,capacity_exploratory,U_STRONG,SHARED_NIC,128,PASS,129,2193,77913.71252889167,28.146521694583605,39056.76204740039,39203.51728162312,72.89809999999997,0.3861077544487938,12924454272,5893504.0,1125695.5159625052,513.3130487745121,87,0,0,0,0,0,0.5042169552045458,0.19859503250576407,0.20104996338598766,239b432ca09cf160c0e76c171517165d756ffad2c00a185ee8fe97cd274e85d8
