inventory_id,family,cohort,arm,network_mode,concurrency,status,target_passes_measured,target_rows_measured,measurement_window_ms,target_rows_per_second,p50_pass_latency_ms,p95_pass_latency_ms,abstract_node_cost,rows_per_second_per_abstract_cost,network_bytes,network_bytes_per_target_row,worker_compute_ms,worker_compute_ms_per_target_row,nodes_used,replica_nodes,replica_count,replica_checkpoint_bytes,replica_resident_bytes,new_nodes_activated,maximum_compute_utilization,maximum_tx_utilization,maximum_rx_utilization,plan_sha256
coarse-friendly-01,coarse-friendly,negative_control,FLEX_FREE,SHARED_NIC,1,PASS,128,2176,166531.9423359955,13.0665623031628,1301.0307994999675,1301.030799500135,46.93480000000001,0.27839816731216066,7475576832,3435467.294117647,638236.5728000046,293.30724852941387,48,1,2,3930587136,4296798014,0,0.19689226427110923,0.023908417242662596,0.022486578497022524,ac1f0c0f7b05aaa1d49f5098cffa0f3fdbb7974bdd713c0849ac7c7ee8223e2a
coarse-friendly-01,coarse-friendly,negative_control,FLEX_FREE,SHARED_NIC,8,PASS,121,2057,36632.44288159458,56.152411310617474,2294.707631599973,2402.8305463000424,46.93480000000001,1.1963918310212776,7059930624,3432149.063684978,603301.5721250036,293.2919650583391,48,1,2,3930587136,4296798014,0,0.8461273249012088,0.10230913862102933,0.09619957317590176,ac1f0c0f7b05aaa1d49f5098cffa0f3fdbb7974bdd713c0849ac7c7ee8223e2a
coarse-friendly-01,coarse-friendly,negative_control,FLEX_FREE,SHARED_NIC,32,PASS,97,1649,36450.59053909503,45.23932193173571,9165.679025097037,9272.711108259324,46.93480000000001,0.9638758859467964,5660275968,3432550.617343845,483642.30572500266,293.294303047303,48,1,2,3930587136,4296798014,0,0.6816844647098239,0.08251195724179534,0.07758970691480645,ac1f0c0f7b05aaa1d49f5098cffa0f3fdbb7974bdd713c0849ac7c7ee8223e2a
coarse-friendly-01,coarse-friendly,negative_control,FLEX_FREE,SHARED_NIC,64,PASS,65,1105,36815.98851810086,30.01413365436917,18310.36054739949,18689.792989641,46.93480000000001,0.6394857047301611,3793311360,3432860.959276018,324093.76962500205,293.29752907240004,48,1,2,3930587136,4296798014,0,0.4522651481112235,0.05487170464013954,0.05160599306102803,ac1f0c0f7b05aaa1d49f5098cffa0f3fdbb7974bdd713c0849ac7c7ee8223e2a
coarse-friendly-01,coarse-friendly,negative_control,FLEX_FREE,SHARED_NIC,128,PASS,129,2193,74378.8197191051,29.484200048911255,37134.29742080231,37277.60615138398,46.93480000000001,0.6281948585891758,7528939776,3433169.07250342,643201.7185250039,293.29763726630364,48,1,2,3930587136,4296798014,0,0.44427989345348456,0.053847261948030634,0.05063917791414663,ac1f0c0f7b05aaa1d49f5098cffa0f3fdbb7974bdd713c0849ac7c7ee8223e2a
coarse-friendly-01,coarse-friendly,negative_control,FLEX_FREE_NO_ALT,SHARED_NIC,1,PASS,128,2176,166531.9423359955,13.0665623031628,1301.0307994999675,1301.030799500135,46.93480000000001,0.27839816731216066,7497695232,3445632.0,638423.1712000057,293.39300147059083,48,0,0,0,0,0,0.19689226427110923,0.025230005632930295,0.023807694646356372,d1aa19ec99c69134fdb029b86dd477bc93a509560131b1f52ec1f87db8c3a1a8
coarse-friendly-01,coarse-friendly,negative_control,FLEX_FREE_NO_ALT,SHARED_NIC,8,PASS,121,2057,36897.74747059448,55.74866058258214,2323.2046434000295,2470.254583199232,46.93480000000001,1.187789456492456,7087665024,3445632.0,603509.4040250053,293.39300147059083,48,0,0,0,0,0,0.8400434450558769,0.10764415214140974,0.10157584353860348,d1aa19ec99c69134fdb029b86dd477bc93a509560131b1f52ec1f87db8c3a1a8
coarse-friendly-01,coarse-friendly,negative_control,FLEX_FREE_NO_ALT,SHARED_NIC,32,PASS,97,1649,36934.780432495034,44.646265137919116,9224.568892899784,9395.364181999788,46.93480000000001,0.9512401275369046,5681847168,3445632.0,483805.059425004,293.39300147059066,48,0,0,0,0,0,0.6727480442293085,0.08620672329755345,0.08134692376177312,d1aa19ec99c69134fdb029b86dd477bc93a509560131b1f52ec1f87db8c3a1a8
coarse-friendly-01,coarse-friendly,negative_control,FLEX_FREE_NO_ALT,SHARED_NIC,64,PASS,65,1105,36881.41502860101,29.960889492528644,18458.04705969956,18652.934994479587,46.93480000000001,0.6383512765054636,3807423360,3445632.0,324199.2666250022,293.3930014705902,48,0,0,0,0,0,0.4514628434697447,0.057850978178179954,0.05458969940385091,d1aa19ec99c69134fdb029b86dd477bc93a509560131b1f52ec1f87db8c3a1a8
coarse-friendly-01,coarse-friendly,negative_control,FLEX_FREE_NO_ALT,SHARED_NIC,128,PASS,129,2193,73672.84549070527,29.7667340713299,36596.00882050433,37094.34125519947,46.93480000000001,0.6342145715189985,7556270976,3445632.0,643410.8522250057,293.39300147059083,48,0,0,0,0,0,0.44853723077886254,0.05747608673719837,0.05423594201345348,d1aa19ec99c69134fdb029b86dd477bc93a509560131b1f52ec1f87db8c3a1a8
coarse-friendly-01,coarse-friendly,negative_control,FLEX_POOL,LEGACY_DIRECTED_LINK,1,PASS,128,2176,552319.5205893425,3.9397484949982196,4314.996254600148,4314.996254613914,45.77340000000002,0.08607069815653236,7497695232,3445632.0,637119.380800004,292.79383308823714,47,2,4,7861174272,8593596026,0,0.05936572939702222,0.007607194181217326,0.00717834782983861,cdb5efe9aa3a6bb09d5cf57a6e76f1b77f1dcbe8599504f8dc5cd809cc0c3573
coarse-friendly-01,coarse-friendly,negative_control,FLEX_POOL,LEGACY_DIRECTED_LINK,8,PASS,121,2057,552319.520588891,3.7242934991810484,34519.97003682886,34519.97003691131,45.77340000000002,0.0813637068511635,7087665024,3445632.0,602276.9146625035,292.793833088237,47,2,4,7861174272,8593596026,0,0.05611916607066844,0.007191175749437879,0.006785781932899857,cdb5efe9aa3a6bb09d5cf57a6e76f1b77f1dcbe8599504f8dc5cd809cc0c3573
coarse-friendly-01,coarse-friendly,negative_control,FLEX_POOL,LEGACY_DIRECTED_LINK,32,PASS,97,1649,552319.5205873109,2.9855906563768198,138079.88014660188,138079.88014764525,45.77340000000002,0.06522545094698709,5681847168,3445632.0,482817.0307625024,292.79383308823674,47,2,4,7861174272,8593596026,0,0.044988091808846394,0.0057648268404749585,0.005439841714819576,cdb5efe9aa3a6bb09d5cf57a6e76f1b77f1dcbe8599504f8dc5cd809cc0c3573
coarse-friendly-01,coarse-friendly,negative_control,FLEX_POOL,LEGACY_DIRECTED_LINK,64,PASS,65,1105,552319.5205847275,2.0006535326329997,276159.76029232144,276159.76029238524,45.77340000000002,0.043707776407979286,3807423360,3445632.0,323537.18556250207,292.7938330882372,47,2,4,7861174272,8593596026,0,0.030146659459677264,0.003863028295181703,0.0036452547573703675,cdb5efe9aa3a6bb09d5cf57a6e76f1b77f1dcbe8599504f8dc5cd809cc0c3573
coarse-friendly-01,coarse-friendly,negative_control,FLEX_POOL,LEGACY_DIRECTED_LINK,128,PASS,129,2193,1104639.0411706644,1.9852638900721111,552319.5205854774,552319.5205854774,45.77340000000002,0.04337156274325504,7556270976,3445632.0,642096.8759625041,292.79383308823714,47,2,4,7861174272,8593596026,0,0.029914762079185437,0.0038333126929068766,0.003617214336155876,cdb5efe9aa3a6bb09d5cf57a6e76f1b77f1dcbe8599504f8dc5cd809cc0c3573
coarse-friendly-01,coarse-friendly,negative_control,FLEX_POOL,SHARED_NIC,1,PASS,128,2176,162326.87736319675,13.405050570469172,1268.1787293999805,1268.1787294001406,45.77340000000002,0.2928567808043354,7494008832,3443937.882352941,637070.5744000062,292.7714036764734,47,2,4,7861174272,8593596026,0,0.201992742869296,0.02544076986314468,0.023981694768204866,cdb5efe9aa3a6bb09d5cf57a6e76f1b77f1dcbe8599504f8dc5cd809cc0c3573
coarse-friendly-01,coarse-friendly,negative_control,FLEX_POOL,SHARED_NIC,8,PASS,121,2057,37109.578265894714,55.43043322296311,2315.1704696993,2450.6638195999403,45.77340000000002,1.2109747849834858,7087693824,3445646.0009722896,602244.925962504,292.7782819457968,47,2,4,7861174272,8593596026,0,0.8352482660382679,0.10531077140242401,0.09927709947018923,cdb5efe9aa3a6bb09d5cf57a6e76f1b77f1dcbe8599504f8dc5cd809cc0c3573
coarse-friendly-01,coarse-friendly,negative_control,FLEX_POOL,SHARED_NIC,32,PASS,97,1649,36886.97552429515,44.70412595670541,9221.343382999832,9561.485091839619,45.77340000000002,0.9766398379125298,5682307968,3445911.4420861127,482793.2515625033,292.7794127122518,47,2,4,7861174272,8593596026,0,0.6736199145314657,0.08495170697679141,0.08008556480469133,cdb5efe9aa3a6bb09d5cf57a6e76f1b77f1dcbe8599504f8dc5cd809cc0c3573
coarse-friendly-01,coarse-friendly,negative_control,FLEX_POOL,SHARED_NIC,64,PASS,65,1105,37009.184937101185,29.857453004652722,18437.82513999952,18576.152177181146,45.77340000000002,0.6522882941763712,3809410560,3447430.3710407238,323532.78526250203,292.7898509162914,47,2,4,7861174272,8593596026,0,0.4499042204873852,0.05704865839083707,0.053798447887567886,cdb5efe9aa3a6bb09d5cf57a6e76f1b77f1dcbe8599504f8dc5cd809cc0c3573
coarse-friendly-01,coarse-friendly,negative_control,FLEX_POOL,SHARED_NIC,128,PASS,129,2193,74113.82793130472,29.589619929396537,36952.054755598816,37288.01690122604,45.77340000000002,0.6464370120942846,7556069376,3445540.071135431,642061.0068625042,292.7774769094866,47,2,4,7861174272,8593596026,0,0.4458684030007059,0.05619053792579735,0.052969681960548194,cdb5efe9aa3a6bb09d5cf57a6e76f1b77f1dcbe8599504f8dc5cd809cc0c3573
coarse-friendly-01,coarse-friendly,negative_control,FLEX_POOL_NO_ALT,SHARED_NIC,1,PASS,128,2176,162326.87736319675,13.405050570469172,1268.1787293999805,1268.1787294001406,45.77340000000002,0.2928567808043354,7497695232,3445632.0,637119.380800004,292.79383308823714,47,0,0,0,0,0,0.201992742869296,0.025883586941669274,0.024424431101013135,05b2e5013938e5f54b88aee2f32a9386a3d1417fa46eeb6362e106fd55db14a0
coarse-friendly-01,coarse-friendly,negative_control,FLEX_POOL_NO_ALT,SHARED_NIC,8,PASS,121,2057,36895.43164839462,55.75215976879629,2313.52954319954,2490.978022499454,45.77340000000002,1.2180034642127582,7087665024,3445632.0,602276.9146625035,292.793833088237,47,0,0,0,0,0,0.8400961722140098,0.10765090866128434,0.10158221916785964,05b2e5013938e5f54b88aee2f32a9386a3d1417fa46eeb6362e106fd55db14a0
coarse-friendly-01,coarse-friendly,negative_control,FLEX_POOL_NO_ALT,SHARED_NIC,32,PASS,97,1649,37040.17939909517,44.519222821050434,9245.892769598784,9589.512236199744,45.77340000000002,0.9726003054405051,5681847168,3445632.0,482817.0307625024,292.79383308823674,47,0,0,0,0,0,0.6708337190344968,0.08596141942222266,0.08111544859508427,05b2e5013938e5f54b88aee2f32a9386a3d1417fa46eeb6362e106fd55db14a0
coarse-friendly-01,coarse-friendly,negative_control,FLEX_POOL_NO_ALT,SHARED_NIC,64,PASS,65,1105,36973.656406800634,29.886143470429264,18561.53669899985,18760.913518119545,45.77340000000002,0.6529150875929962,3807423360,3445632.0,323537.18556250207,292.7938330882372,47,0,0,0,0,0,0.45033654007066,0.057706652339841444,0.054453509759713144,05b2e5013938e5f54b88aee2f32a9386a3d1417fa46eeb6362e106fd55db14a0
coarse-friendly-01,coarse-friendly,negative_control,FLEX_POOL_NO_ALT,SHARED_NIC,128,PASS,129,2193,73911.29605700572,29.670701462312344,36860.20105770489,37024.242007261775,45.77340000000002,0.6482083800266604,7556270976,3445632.0,642096.8759625041,292.79383308823714,47,0,0,0,0,0,0.4470901724482446,0.05729065898579419,0.05406096752677999,05b2e5013938e5f54b88aee2f32a9386a3d1417fa46eeb6362e106fd55db14a0
coarse-friendly-01,coarse-friendly,negative_control,U_STRONG,LEGACY_DIRECTED_LINK,1,PASS,128,2176,550665.8873093578,3.951579442540533,4302.07724460015,4302.077244613902,46.93480000000001,0.08419295368341896,7059013632,3244032.0,584033.3984000036,268.3977014705899,48,0,0,0,0,0,0.05954400291656263,0.002105518307780422,0.0026672257487685555,dd704e9398787162aaf48db1bc0e2ec04acc504a82fb35e95fbf28b2c3ca034c
coarse-friendly-01,coarse-friendly,negative_control,U_STRONG,LEGACY_DIRECTED_LINK,8,PASS,121,2057,550665.8873089085,3.7354774417796452,34416.61795682582,34416.617956911214,46.93480000000001,0.07958865152892192,6672973824,3244032.0,552094.0719250031,268.3977014705897,48,0,0,0,0,0,0.05628769025710904,0.0019903727753253038,0.002521361840634832,dd704e9398787162aaf48db1bc0e2ec04acc504a82fb35e95fbf28b2c3ca034c
coarse-friendly-01,coarse-friendly,negative_control,U_STRONG,LEGACY_DIRECTED_LINK,32,PASS,97,1649,550665.8873073389,2.994556296311227,137666.4718266228,137666.47182764485,46.93480000000001,0.06380247271344985,5349408768,3244032.0,442587.8097250025,268.39770147058977,48,0,0,0,0,0,0.04512318971037306,0.0015955880926206995,0.002021257012746081,dd704e9398787162aaf48db1bc0e2ec04acc504a82fb35e95fbf28b2c3ca034c
coarse-friendly-01,coarse-friendly,negative_control,U_STRONG,LEGACY_DIRECTED_LINK,64,PASS,65,1105,550665.8873047523,2.0066614356818975,275332.9436523318,275332.9436523996,46.93480000000001,0.042754234292718775,3584655360,3244032.0,296579.4601250022,268.3977014705902,48,0,0,0,0,0,0.030237188981319874,0.0010692085156786852,0.0013544505755578595,dd704e9398787162aaf48db1bc0e2ec04acc504a82fb35e95fbf28b2c3ca034c
coarse-friendly-01,coarse-friendly,negative_control,U_STRONG,LEGACY_DIRECTED_LINK,128,PASS,129,2193,1101331.7746107096,1.9912255784821655,550665.8873054981,550665.8873054981,46.93480000000001,0.042425355567343746,7114162176,3244032.0,588596.1593250036,268.3977014705899,48,0,0,0,0,0,0.030004595219892252,0.001060983834787691,0.001344031724975175,dd704e9398787162aaf48db1bc0e2ec04acc504a82fb35e95fbf28b2c3ca034c
coarse-friendly-01,coarse-friendly,negative_control,U_STRONG,SHARED_NIC,1,PASS,128,2176,160321.66535679513,13.572713302081299,1252.5130106000015,1252.5130106001016,46.93480000000001,0.2891822976145908,7059013632,3244032.0,584033.3984000036,268.3977014705899,48,0,0,0,0,0,0.20451915296057155,0.00723194276094676,0.009161271062967727,dd704e9398787162aaf48db1bc0e2ec04acc504a82fb35e95fbf28b2c3ca034c
coarse-friendly-01,coarse-friendly,negative_control,U_STRONG,SHARED_NIC,8,PASS,121,2057,37535.50745009454,54.80144374589557,2344.276453600025,2471.3608299992156,46.93480000000001,1.1676079102477386,6672973824,3244032.0,552094.0719250031,268.3977014705897,48,0,0,0,0,0,0.8257703973020852,0.029199828771656652,0.03698972118722496,dd704e9398787162aaf48db1bc0e2ec04acc504a82fb35e95fbf28b2c3ca034c
coarse-friendly-01,coarse-friendly,negative_control,U_STRONG,SHARED_NIC,32,PASS,97,1649,37339.488617895164,44.16236164545937,9337.600730199782,9517.477296957273,46.93480000000001,0.940930005996816,5349408768,3244032.0,442587.8097250025,268.39770147058977,48,0,0,0,0,0,0.6654563899970369,0.023531011412376724,0.029808584091496435,dd704e9398787162aaf48db1bc0e2ec04acc504a82fb35e95fbf28b2c3ca034c
coarse-friendly-01,coarse-friendly,negative_control,U_STRONG,SHARED_NIC,64,PASS,65,1105,37044.16268600115,29.829261073231798,18573.802225699554,18755.13242405957,46.93480000000001,0.6355467813484194,3584655360,3244032.0,296579.4601250022,268.3977014705902,48,0,0,0,0,0,0.44947941302212724,0.015893911842215742,0.020134069011684123,dd704e9398787162aaf48db1bc0e2ec04acc504a82fb35e95fbf28b2c3ca034c
coarse-friendly-01,coarse-friendly,negative_control,U_STRONG,SHARED_NIC,128,PASS,129,2193,74402.21945030527,29.474927175589816,37199.714492000145,37399.28514226686,46.93480000000001,0.627997289337332,7114162176,3244032.0,588596.1593250036,268.3977014705899,48,0,0,0,0,0,0.44414016603458145,0.015705112269943304,0.019894901734600463,dd704e9398787162aaf48db1bc0e2ec04acc504a82fb35e95fbf28b2c3ca034c
coarse-friendly-02,coarse-friendly,negative_control,FLEX_FREE,SHARED_NIC,1,PASS,128,2176,161551.78922239388,13.469364904430092,1262.1233533000195,1262.1233533000632,47.71009999999999,0.28231684495379583,7121403904,3272704.0,577229.7424000053,265.27102132353184,48,0,0,0,0,0,0.2009414526218082,0.009697653694465137,0.014067158771429913,2f42bfe671cbaef77251af3aefa1fcae120c876075aec693d81f8cdc31e364cb
coarse-friendly-02,coarse-friendly,negative_control,FLEX_FREE,SHARED_NIC,8,PASS,121,2057,35795.18907719493,57.465823006659626,2232.7082712000347,2328.4567569000246,47.71009999999999,1.2044791984644685,6731952128,3272704.0,545662.490862505,265.27102132353184,48,0,0,0,0,0,0.8572984719768042,0.04137415941584008,0.060016256289833925,2f42bfe671cbaef77251af3aefa1fcae120c876075aec693d81f8cdc31e364cb
coarse-friendly-02,coarse-friendly,negative_control,FLEX_FREE,SHARED_NIC,32,PASS,97,1649,35729.000757195565,46.15298399208389,8945.089503497726,9082.816962019828,47.71009999999999,0.9673629691005448,5396688896,3272704.0,437431.914162504,265.27102132353184,48,0,0,0,0,0,0.6885289478756456,0.03322915808556153,0.04820133378214223,2f42bfe671cbaef77251af3aefa1fcae120c876075aec693d81f8cdc31e364cb
coarse-friendly-02,coarse-friendly,negative_control,FLEX_FREE,SHARED_NIC,64,PASS,65,1105,35911.73979230065,30.769882116290788,17928.94409789989,18037.63207757988,47.71009999999999,0.6449343454801142,3616337920,3272704.0,293124.47856250266,265.27102132353184,48,0,0,0,0,0,0.4590375903629791,0.02215365483825899,0.03213550306040645,2f42bfe671cbaef77251af3aefa1fcae120c876075aec693d81f8cdc31e364cb
coarse-friendly-02,coarse-friendly,negative_control,FLEX_FREE,SHARED_NIC,128,PASS,129,2193,71587.0761306012,30.634021090610823,35825.957167702334,35974.51892838256,47.71009999999999,0.6420867089067268,7177039872,3272704.0,581739.3497625054,265.27102132353184,48,0,0,0,0,0,0.4570107604382927,0.022055837815187232,0.03199361228584878,2f42bfe671cbaef77251af3aefa1fcae120c876075aec693d81f8cdc31e364cb
coarse-friendly-02,coarse-friendly,negative_control,FLEX_FREE_NO_ALT,SHARED_NIC,1,PASS,128,2176,161551.78922239388,13.469364904430092,1262.1233533000195,1262.1233533000632,47.71009999999999,0.28231684495379583,7121403904,3272704.0,577229.7424000053,265.27102132353184,48,0,0,0,0,0,0.2009414526218082,0.009697653694465137,0.014067158771429913,2f42bfe671cbaef77251af3aefa1fcae120c876075aec693d81f8cdc31e364cb
coarse-friendly-02,coarse-friendly,negative_control,FLEX_FREE_NO_ALT,SHARED_NIC,8,PASS,121,2057,35795.18907719493,57.465823006659626,2232.7082712000347,2328.4567569000246,47.71009999999999,1.2044791984644685,6731952128,3272704.0,545662.490862505,265.27102132353184,48,0,0,0,0,0,0.8572984719768042,0.04137415941584008,0.060016256289833925,2f42bfe671cbaef77251af3aefa1fcae120c876075aec693d81f8cdc31e364cb
coarse-friendly-02,coarse-friendly,negative_control,FLEX_FREE_NO_ALT,SHARED_NIC,32,PASS,97,1649,35729.000757195565,46.15298399208389,8945.089503497726,9082.816962019828,47.71009999999999,0.9673629691005448,5396688896,3272704.0,437431.914162504,265.27102132353184,48,0,0,0,0,0,0.6885289478756456,0.03322915808556153,0.04820133378214223,2f42bfe671cbaef77251af3aefa1fcae120c876075aec693d81f8cdc31e364cb
coarse-friendly-02,coarse-friendly,negative_control,FLEX_FREE_NO_ALT,SHARED_NIC,64,PASS,65,1105,35911.73979230065,30.769882116290788,17928.94409789989,18037.63207757988,47.71009999999999,0.6449343454801142,3616337920,3272704.0,293124.47856250266,265.27102132353184,48,0,0,0,0,0,0.4590375903629791,0.02215365483825899,0.03213550306040645,2f42bfe671cbaef77251af3aefa1fcae120c876075aec693d81f8cdc31e364cb
coarse-friendly-02,coarse-friendly,negative_control,FLEX_FREE_NO_ALT,SHARED_NIC,128,PASS,129,2193,71587.0761306012,30.634021090610823,35825.957167702334,35974.51892838256,47.71009999999999,0.6420867089067268,7177039872,3272704.0,581739.3497625054,265.27102132353184,48,0,0,0,0,0,0.4570107604382927,0.022055837815187232,0.03199361228584878,2f42bfe671cbaef77251af3aefa1fcae120c876075aec693d81f8cdc31e364cb
coarse-friendly-02,coarse-friendly,negative_control,FLEX_POOL,LEGACY_DIRECTED_LINK,1,PASS,128,2176,490881.20864074107,4.4328443657995855,3835.0094425002026,3835.00944251247,47.71009999999999,0.09291207450413197,7121403904,3272704.0,577229.7424000053,265.27102132353184,48,0,0,0,0,0,0.06613097146229965,0.003191552819750725,0.004629581717118068,2f42bfe671cbaef77251af3aefa1fcae120c876075aec693d81f8cdc31e364cb
coarse-friendly-02,coarse-friendly,negative_control,FLEX_POOL,LEGACY_DIRECTED_LINK,8,PASS,121,2057,490881.2086406047,4.190423189546085,30680.07554009545,30680.07554009976,47.71009999999999,0.08783094542971165,6731952128,3272704.0,545662.490862505,265.27102132353184,48,0,0,0,0,0,0.0625144339604725,0.003017014774921445,0.004376401466964389,2f42bfe671cbaef77251af3aefa1fcae120c876075aec693d81f8cdc31e364cb
coarse-friendly-02,coarse-friendly,negative_control,FLEX_POOL,LEGACY_DIRECTED_LINK,32,PASS,97,1649,490881.20863915613,3.359264870968345,122720.30216008547,122720.30216039903,47.71009999999999,0.07040993146038985,5396688896,3272704.0,437431.914162504,265.27102132353184,48,0,0,0,0,0,0.05011487681143576,0.0024185986212251517,0.003508354895014864,2f42bfe671cbaef77251af3aefa1fcae120c876075aec693d81f8cdc31e364cb
coarse-friendly-02,coarse-friendly,negative_control,FLEX_POOL,LEGACY_DIRECTED_LINK,64,PASS,65,1105,490881.2086364518,2.251053779527272,245440.60431803763,245440.60431827616,47.71009999999999,0.04718191283454179,3616337920,3272704.0,293124.47856250266,265.27102132353184,48,0,0,0,0,0,0.03358213394599247,0.0016207104162938239,0.0023509594657445624,2f42bfe671cbaef77251af3aefa1fcae120c876075aec693d81f8cdc31e364cb
coarse-friendly-02,coarse-friendly,negative_control,FLEX_POOL,LEGACY_DIRECTED_LINK,128,PASS,129,2193,981762.4172745971,2.2337379812193627,490881.20863738656,490881.20863738656,47.71009999999999,0.046818975043426095,7177039872,3272704.0,581739.3497625054,265.27102132353184,48,0,0,0,0,0,0.03332380983865813,0.0016082434130887924,0.0023328751621578864,2f42bfe671cbaef77251af3aefa1fcae120c876075aec693d81f8cdc31e364cb
coarse-friendly-02,coarse-friendly,negative_control,FLEX_POOL,SHARED_NIC,1,PASS,128,2176,161551.78922239388,13.469364904430092,1262.1233533000195,1262.1233533000632,47.71009999999999,0.28231684495379583,7121403904,3272704.0,577229.7424000053,265.27102132353184,48,0,0,0,0,0,0.2009414526218082,0.009697653694465137,0.014067158771429913,2f42bfe671cbaef77251af3aefa1fcae120c876075aec693d81f8cdc31e364cb
coarse-friendly-02,coarse-friendly,negative_control,FLEX_POOL,SHARED_NIC,8,PASS,121,2057,35795.18907719493,57.465823006659626,2232.7082712000347,2328.4567569000246,47.71009999999999,1.2044791984644685,6731952128,3272704.0,545662.490862505,265.27102132353184,48,0,0,0,0,0,0.8572984719768042,0.04137415941584008,0.060016256289833925,2f42bfe671cbaef77251af3aefa1fcae120c876075aec693d81f8cdc31e364cb
coarse-friendly-02,coarse-friendly,negative_control,FLEX_POOL,SHARED_NIC,32,PASS,97,1649,35729.000757195565,46.15298399208389,8945.089503497726,9082.816962019828,47.71009999999999,0.9673629691005448,5396688896,3272704.0,437431.914162504,265.27102132353184,48,0,0,0,0,0,0.6885289478756456,0.03322915808556153,0.04820133378214223,2f42bfe671cbaef77251af3aefa1fcae120c876075aec693d81f8cdc31e364cb
coarse-friendly-02,coarse-friendly,negative_control,FLEX_POOL,SHARED_NIC,64,PASS,65,1105,35911.73979230065,30.769882116290788,17928.94409789989,18037.63207757988,47.71009999999999,0.6449343454801142,3616337920,3272704.0,293124.47856250266,265.27102132353184,48,0,0,0,0,0,0.4590375903629791,0.02215365483825899,0.03213550306040645,2f42bfe671cbaef77251af3aefa1fcae120c876075aec693d81f8cdc31e364cb
coarse-friendly-02,coarse-friendly,negative_control,FLEX_POOL,SHARED_NIC,128,PASS,129,2193,71587.0761306012,30.634021090610823,35825.957167702334,35974.51892838256,47.71009999999999,0.6420867089067268,7177039872,3272704.0,581739.3497625054,265.27102132353184,48,0,0,0,0,0,0.4570107604382927,0.022055837815187232,0.03199361228584878,2f42bfe671cbaef77251af3aefa1fcae120c876075aec693d81f8cdc31e364cb
coarse-friendly-02,coarse-friendly,negative_control,FLEX_POOL_NO_ALT,SHARED_NIC,1,PASS,128,2176,161551.78922239388,13.469364904430092,1262.1233533000195,1262.1233533000632,47.71009999999999,0.28231684495379583,7121403904,3272704.0,577229.7424000053,265.27102132353184,48,0,0,0,0,0,0.2009414526218082,0.009697653694465137,0.014067158771429913,2f42bfe671cbaef77251af3aefa1fcae120c876075aec693d81f8cdc31e364cb
coarse-friendly-02,coarse-friendly,negative_control,FLEX_POOL_NO_ALT,SHARED_NIC,8,PASS,121,2057,35795.18907719493,57.465823006659626,2232.7082712000347,2328.4567569000246,47.71009999999999,1.2044791984644685,6731952128,3272704.0,545662.490862505,265.27102132353184,48,0,0,0,0,0,0.8572984719768042,0.04137415941584008,0.060016256289833925,2f42bfe671cbaef77251af3aefa1fcae120c876075aec693d81f8cdc31e364cb
coarse-friendly-02,coarse-friendly,negative_control,FLEX_POOL_NO_ALT,SHARED_NIC,32,PASS,97,1649,35729.000757195565,46.15298399208389,8945.089503497726,9082.816962019828,47.71009999999999,0.9673629691005448,5396688896,3272704.0,437431.914162504,265.27102132353184,48,0,0,0,0,0,0.6885289478756456,0.03322915808556153,0.04820133378214223,2f42bfe671cbaef77251af3aefa1fcae120c876075aec693d81f8cdc31e364cb
coarse-friendly-02,coarse-friendly,negative_control,FLEX_POOL_NO_ALT,SHARED_NIC,64,PASS,65,1105,35911.73979230065,30.769882116290788,17928.94409789989,18037.63207757988,47.71009999999999,0.6449343454801142,3616337920,3272704.0,293124.47856250266,265.27102132353184,48,0,0,0,0,0,0.4590375903629791,0.02215365483825899,0.03213550306040645,2f42bfe671cbaef77251af3aefa1fcae120c876075aec693d81f8cdc31e364cb
coarse-friendly-02,coarse-friendly,negative_control,FLEX_POOL_NO_ALT,SHARED_NIC,128,PASS,129,2193,71587.0761306012,30.634021090610823,35825.957167702334,35974.51892838256,47.71009999999999,0.6420867089067268,7177039872,3272704.0,581739.3497625054,265.27102132353184,48,0,0,0,0,0,0.4570107604382927,0.022055837815187232,0.03199361228584878,2f42bfe671cbaef77251af3aefa1fcae120c876075aec693d81f8cdc31e364cb
coarse-friendly-02,coarse-friendly,negative_control,U_STRONG,LEGACY_DIRECTED_LINK,1,PASS,128,2176,490881.20864074107,4.4328443657995855,3835.0094425002026,3835.00944251247,47.71009999999999,0.09291207450413197,7121403904,3272704.0,577229.7424000053,265.27102132353184,48,0,0,0,0,0,0.06613097146229965,0.003191552819750725,0.004629581717118068,2f42bfe671cbaef77251af3aefa1fcae120c876075aec693d81f8cdc31e364cb
coarse-friendly-02,coarse-friendly,negative_control,U_STRONG,LEGACY_DIRECTED_LINK,8,PASS,121,2057,490881.2086406047,4.190423189546085,30680.07554009545,30680.07554009976,47.71009999999999,0.08783094542971165,6731952128,3272704.0,545662.490862505,265.27102132353184,48,0,0,0,0,0,0.0625144339604725,0.003017014774921445,0.004376401466964389,2f42bfe671cbaef77251af3aefa1fcae120c876075aec693d81f8cdc31e364cb
coarse-friendly-02,coarse-friendly,negative_control,U_STRONG,LEGACY_DIRECTED_LINK,32,PASS,97,1649,490881.20863915613,3.359264870968345,122720.30216008547,122720.30216039903,47.71009999999999,0.07040993146038985,5396688896,3272704.0,437431.914162504,265.27102132353184,48,0,0,0,0,0,0.05011487681143576,0.0024185986212251517,0.003508354895014864,2f42bfe671cbaef77251af3aefa1fcae120c876075aec693d81f8cdc31e364cb
coarse-friendly-02,coarse-friendly,negative_control,U_STRONG,LEGACY_DIRECTED_LINK,64,PASS,65,1105,490881.2086364518,2.251053779527272,245440.60431803763,245440.60431827616,47.71009999999999,0.04718191283454179,3616337920,3272704.0,293124.47856250266,265.27102132353184,48,0,0,0,0,0,0.03358213394599247,0.0016207104162938239,0.0023509594657445624,2f42bfe671cbaef77251af3aefa1fcae120c876075aec693d81f8cdc31e364cb
coarse-friendly-02,coarse-friendly,negative_control,U_STRONG,LEGACY_DIRECTED_LINK,128,PASS,129,2193,981762.4172745971,2.2337379812193627,490881.20863738656,490881.20863738656,47.71009999999999,0.046818975043426095,7177039872,3272704.0,581739.3497625054,265.27102132353184,48,0,0,0,0,0,0.03332380983865813,0.0016082434130887924,0.0023328751621578864,2f42bfe671cbaef77251af3aefa1fcae120c876075aec693d81f8cdc31e364cb
coarse-friendly-02,coarse-friendly,negative_control,U_STRONG,SHARED_NIC,1,PASS,128,2176,161551.78922239388,13.469364904430092,1262.1233533000195,1262.1233533000632,47.71009999999999,0.28231684495379583,7121403904,3272704.0,577229.7424000053,265.27102132353184,48,0,0,0,0,0,0.2009414526218082,0.009697653694465137,0.014067158771429913,2f42bfe671cbaef77251af3aefa1fcae120c876075aec693d81f8cdc31e364cb
coarse-friendly-02,coarse-friendly,negative_control,U_STRONG,SHARED_NIC,8,PASS,121,2057,35795.18907719493,57.465823006659626,2232.7082712000347,2328.4567569000246,47.71009999999999,1.2044791984644685,6731952128,3272704.0,545662.490862505,265.27102132353184,48,0,0,0,0,0,0.8572984719768042,0.04137415941584008,0.060016256289833925,2f42bfe671cbaef77251af3aefa1fcae120c876075aec693d81f8cdc31e364cb
coarse-friendly-02,coarse-friendly,negative_control,U_STRONG,SHARED_NIC,32,PASS,97,1649,35729.000757195565,46.15298399208389,8945.089503497726,9082.816962019828,47.71009999999999,0.9673629691005448,5396688896,3272704.0,437431.914162504,265.27102132353184,48,0,0,0,0,0,0.6885289478756456,0.03322915808556153,0.04820133378214223,2f42bfe671cbaef77251af3aefa1fcae120c876075aec693d81f8cdc31e364cb
coarse-friendly-02,coarse-friendly,negative_control,U_STRONG,SHARED_NIC,64,PASS,65,1105,35911.73979230065,30.769882116290788,17928.94409789989,18037.63207757988,47.71009999999999,0.6449343454801142,3616337920,3272704.0,293124.47856250266,265.27102132353184,48,0,0,0,0,0,0.4590375903629791,0.02215365483825899,0.03213550306040645,2f42bfe671cbaef77251af3aefa1fcae120c876075aec693d81f8cdc31e364cb
coarse-friendly-02,coarse-friendly,negative_control,U_STRONG,SHARED_NIC,128,PASS,129,2193,71587.0761306012,30.634021090610823,35825.957167702334,35974.51892838256,47.71009999999999,0.6420867089067268,7177039872,3272704.0,581739.3497625054,265.27102132353184,48,0,0,0,0,0,0.4570107604382927,0.022055837815187232,0.03199361228584878,2f42bfe671cbaef77251af3aefa1fcae120c876075aec693d81f8cdc31e364cb
coarse-friendly-03,coarse-friendly,negative_control,FLEX_FREE,SHARED_NIC,1,PASS,128,2176,170518.200102401,12.761101153385685,1332.1734382999784,1332.173438300175,48.66230000000001,0.26223793682965424,8371372032,3847137.882352941,737197.1200000047,338.7854411764727,48,4,20,39305871360,43568823954,0,0.19037528651196992,0.027028423000197404,0.03115901789257271,d7afb64f689caecf637fa5a2357d405063818e7649875a6586b46412ca2a3975
coarse-friendly-03,coarse-friendly,negative_control,FLEX_FREE,SHARED_NIC,8,PASS,121,2057,36140.78493709499,56.91630670391694,2255.6720200000336,2417.239103300034,48.66230000000001,1.1696180966357308,7904433024,3842699.574137093,696835.4804000047,338.7629948468666,48,4,20,39305871360,43568823954,0,0.8491005647335188,0.12148812793198079,0.13991054184354543,d7afb64f689caecf637fa5a2357d405063818e7649875a6586b46412ca2a3975
coarse-friendly-03,coarse-friendly,negative_control,FLEX_FREE,SHARED_NIC,32,PASS,97,1649,35547.247492495924,46.388964443677565,8902.583824500012,9082.767298719422,48.66230000000001,0.9532834338631252,6338515968,3843854.437841116,558629.4981000033,338.7686465130402,48,4,20,39305871360,43568823954,0,0.692049400032821,0.09895589281680878,0.1139709030482668,d7afb64f689caecf637fa5a2357d405063818e7649875a6586b46412ca2a3975
coarse-friendly-03,coarse-friendly,negative_control,FLEX_FREE,SHARED_NIC,64,PASS,65,1105,35916.10350630127,30.766143654924434,17998.574008800148,18147.26902738091,48.66230000000001,0.6322377621880682,4244636160,3841299.6923076925,374324.7913000021,338.75546723982086,48,4,20,39305871360,43568823954,0,0.4589818184789404,0.06560904125879297,0.07556734128254837,d7afb64f689caecf637fa5a2357d405063818e7649875a6586b46412ca2a3975
coarse-friendly-03,coarse-friendly,negative_control,FLEX_FREE,SHARED_NIC,128,PASS,129,2193,72427.44382080658,30.278577902400112,36158.34048130506,36417.812018521385,48.66230000000001,0.622218388822561,8427931776,3843106.14500684,742909.1334000048,338.76385471956445,48,4,20,39305871360,43568823954,0,0.45170811468844774,0.06454944046302163,0.07434992864476928,d7afb64f689caecf637fa5a2357d405063818e7649875a6586b46412ca2a3975
coarse-friendly-03,coarse-friendly,negative_control,FLEX_FREE_NO_ALT,SHARED_NIC,1,PASS,128,2176,170518.200102401,12.761101153385685,1332.1734382999784,1332.173438300175,48.66230000000001,0.26223793682965424,8375058432,3848832.0,737245.9264000055,338.8078705882378,48,0,0,0,0,0,0.19037528651196992,0.027028423000197404,0.03115901789257271,135900fcdcceb3040046142b7943c46473b43a5eb1d1d4792f8acee4600018db
coarse-friendly-03,coarse-friendly,negative_control,FLEX_FREE_NO_ALT,SHARED_NIC,8,PASS,121,2057,36205.48249629498,56.81459983886417,2246.6478680993096,2412.205242500024,48.66230000000001,1.1675280420133072,7917047424,3848832.0,696927.7898000052,338.8078705882378,48,0,0,0,0,0,0.8475832604396398,0.12033515122042207,0.13872526450970468,135900fcdcceb3040046142b7943c46473b43a5eb1d1d4792f8acee4600018db
coarse-friendly-03,coarse-friendly,negative_control,FLEX_FREE_NO_ALT,SHARED_NIC,32,PASS,97,1649,36226.39783309591,45.51929252246818,9028.583740097383,9178.736205279802,48.66230000000001,0.9354118593339849,6346723968,3848832.0,558694.1786000041,338.80787058823773,48,0,0,0,0,0,0.6790752813277336,0.09641132674828577,0.11114530267543025,135900fcdcceb3040046142b7943c46473b43a5eb1d1d4792f8acee4600018db
coarse-friendly-03,coarse-friendly,negative_control,FLEX_FREE_NO_ALT,SHARED_NIC,64,PASS,65,1105,36454.17377440139,30.31202975106093,18245.8077469001,18407.965859680717,48.66230000000001,0.6229058172560878,4252959360,3848832.0,374382.69700000266,338.8078705882377,48,0,0,0,0,0,0.4522071629442848,0.06420185470349285,0.07401344649030667,135900fcdcceb3040046142b7943c46473b43a5eb1d1d4792f8acee4600018db
coarse-friendly-03,coarse-friendly,negative_control,FLEX_FREE_NO_ALT,SHARED_NIC,128,PASS,129,2193,72656.16715240694,30.183260223455797,36236.98915840316,36487.3836548656,48.66230000000001,0.6202596306269081,8440488576,3848832.0,743005.6602000055,338.8078705882378,48,0,0,0,0,0,0.4502861268661926,0.06392911669916136,0.0736990275411551,135900fcdcceb3040046142b7943c46473b43a5eb1d1d4792f8acee4600018db
coarse-friendly-03,coarse-friendly,negative_control,FLEX_POOL,LEGACY_DIRECTED_LINK,1,PASS,128,2176,505556.67540560884,4.30416629006865,3949.6615266042463,3949.661526613112,47.599799999999995,0.09042404148901152,8437448704,3877504.0,736767.2832000057,338.5879058823555,47,4,10,19652935680,21784411975,0,0.06421129970038539,0.009116362745882687,0.01050956283731638,39c93b18753fda4257de081cd30bb238ba557353efb70a627e007356df6cc950
coarse-friendly-03,coarse-friendly,negative_control,FLEX_POOL,LEGACY_DIRECTED_LINK,8,PASS,121,2057,505556.675405288,4.068782196083102,31597.29221288659,31597.292212904897,47.599799999999995,0.08547897672013544,7976025728,3877504.0,696475.3224000051,338.5879058823554,47,4,10,19652935680,21784411975,0,0.06069974424805909,0.0086178116582227,0.00993482111965694,39c93b18753fda4257de081cd30bb238ba557353efb70a627e007356df6cc950
coarse-friendly-03,coarse-friendly,negative_control,FLEX_POOL,LEGACY_DIRECTED_LINK,32,PASS,97,1649,505556.6754037747,3.261751016704482,126389.168851113,126389.16885161959,47.599799999999995,0.06852446894114014,6394004096,3877504.0,558331.4568000031,338.5879058823548,47,4,10,19652935680,21784411975,0,0.04866012555437484,0.006908493643389291,0.007964278087682694,39c93b18753fda4257de081cd30bb238ba557353efb70a627e007356df6cc950
coarse-friendly-03,coarse-friendly,negative_control,FLEX_POOL,LEGACY_DIRECTED_LINK,64,PASS,65,1105,505556.67540091934,2.1857094441957607,252778.33770035207,252778.3377004229,47.599799999999995,0.045918458569064596,4284641920,3877504.0,374139.636000002,338.58790588235473,47,4,10,19652935680,21784411975,0,0.032607300629404416,0.0046294029569364905,0.005336887378374218,39c93b18753fda4257de081cd30bb238ba557353efb70a627e007356df6cc950
coarse-friendly-03,coarse-friendly,negative_control,FLEX_POOL,LEGACY_DIRECTED_LINK,128,PASS,129,2193,1011113.3508041099,2.168896294620152,505556.67540210485,505556.67540210485,47.599799999999995,0.04556523965689251,8503366272,3877504.0,742523.2776000057,338.5879058823555,47,4,10,19652935680,21784411975,0,0.03235647523987478,0.00459379216494974,0.005295834398528685,39c93b18753fda4257de081cd30bb238ba557353efb70a627e007356df6cc950
coarse-friendly-03,coarse-friendly,negative_control,FLEX_POOL,SHARED_NIC,1,PASS,128,2176,170486.09615360026,12.763504174789258,1331.9226261999866,1331.9226262001466,47.599799999999995,0.26814197065511325,8407957504,3863951.0588235296,736483.0720000066,338.45729411765006,47,4,10,19652935680,21784411975,0,0.19041113576061244,0.027033512676879198,0.031164885394601754,39c93b18753fda4257de081cd30bb238ba557353efb70a627e007356df6cc950
coarse-friendly-03,coarse-friendly,negative_control,FLEX_POOL,SHARED_NIC,8,PASS,121,2057,36206.71220579491,56.81267021176189,2276.911103100043,2526.0261258991886,47.599799999999995,1.1935485067534295,7945958528,3862886.984929509,696243.2452000049,338.47508274185947,47,4,10,19652935680,21784411975,0,0.8475544734793264,0.12033106420810816,0.1387205529033407,39c93b18753fda4257de081cd30bb238ba557353efb70a627e007356df6cc950
coarse-friendly-03,coarse-friendly,negative_control,FLEX_POOL,SHARED_NIC,32,PASS,97,1649,35356.20854029588,46.63961629597856,8939.893828897195,9191.280477019265,47.599799999999995,0.9798279886885779,6372404096,3864405.1522134626,558159.1918000041,338.4834395391171,47,4,10,19652935680,21784411975,0,0.6957887261006108,0.09878420856182599,0.11388081805805246,39c93b18753fda4257de081cd30bb238ba557353efb70a627e007356df6cc950
coarse-friendly-03,coarse-friendly,negative_control,FLEX_POOL,SHARED_NIC,64,PASS,65,1105,36059.63753630123,30.64368017808268,17989.48256590002,18239.90198908095,47.599799999999995,0.6437774986046724,4267736320,3862204.814479638,374010.43290000234,338.4709800000021,47,4,10,19652935680,21784411975,0,0.4571548586256509,0.0649043009831669,0.07482324350276184,39c93b18753fda4257de081cd30bb238ba557353efb70a627e007356df6cc950
coarse-friendly-03,coarse-friendly,negative_control,FLEX_POOL,SHARED_NIC,128,PASS,129,2193,72595.69056640615,30.208404698540285,36029.431811103976,36364.32904458488,47.599799999999995,0.6346330173349528,8474422272,3864305.641586867,742288.6411000047,338.4809124943022,47,4,10,19652935680,21784411975,0,0.4506612423512017,0.06398237350674658,0.0737604232733603,39c93b18753fda4257de081cd30bb238ba557353efb70a627e007356df6cc950
coarse-friendly-03,coarse-friendly,negative_control,FLEX_POOL_NO_ALT,SHARED_NIC,1,PASS,128,2176,177534.3172608036,12.256785243403879,1386.986853600014,1386.9868536001595,47.599799999999995,0.2574965702251665,8437448704,3877504.0,736767.2832000057,338.5879058823555,47,0,0,0,0,0,0.18285169707393317,0.025960265669816768,0.029927620360827342,74f2cce44f4c28ac8c2177952750fe983fd914a96f695d6556a59669ae2139a1
coarse-friendly-03,coarse-friendly,negative_control,FLEX_POOL_NO_ALT,SHARED_NIC,8,PASS,121,2057,36341.033064694915,56.602683702967234,2265.2574765997106,2361.778264699793,47.599799999999995,1.1891370069405174,7976025728,3877504.0,696475.3224000051,338.5879058823554,47,0,0,0,0,0,0.8444218095113094,0.11988630602338592,0.13820782494153813,74f2cce44f4c28ac8c2177952750fe983fd914a96f695d6556a59669ae2139a1
coarse-friendly-03,coarse-friendly,negative_control,FLEX_POOL_NO_ALT,SHARED_NIC,32,PASS,97,1649,36539.35357519576,45.129424542403534,9112.514077600033,9249.758754317558,47.599799999999995,0.9481011378704015,6394004096,3877504.0,558331.4568000031,338.5879058823548,47,0,0,0,0,0,0.6732590725605963,0.09558557381734657,0.11019335478154867,74f2cce44f4c28ac8c2177952750fe983fd914a96f695d6556a59669ae2139a1
coarse-friendly-03,coarse-friendly,negative_control,FLEX_POOL_NO_ALT,SHARED_NIC,64,PASS,65,1105,36187.34737500136,30.53553465936956,18097.87979150065,18212.19078894006,47.599799999999995,0.6415055243797151,4284641920,3877504.0,374139.636000002,338.58790588235473,47,0,0,0,0,0,0.455541499883131,0.0646752452935191,0.07455918257948567,74f2cce44f4c28ac8c2177952750fe983fd914a96f695d6556a59669ae2139a1
coarse-friendly-03,coarse-friendly,negative_control,FLEX_POOL_NO_ALT,SHARED_NIC,128,PASS,129,2193,72689.68796740625,30.169341227373707,36299.93341470497,36560.65572942501,47.599799999999995,0.6338123527278205,8503366272,3877504.0,742523.2776000057,338.5879058823555,47,0,0,0,0,0,0.4500784776331651,0.06389963581743158,0.07366504126969188,74f2cce44f4c28ac8c2177952750fe983fd914a96f695d6556a59669ae2139a1
coarse-friendly-03,coarse-friendly,negative_control,U_STRONG,LEGACY_DIRECTED_LINK,1,PASS,128,2176,486615.81524553633,4.471700121176775,3801.6860566001487,3801.686056612467,48.66230000000001,0.0918924942137296,7121403904,3272704.0,570305.9536000044,262.0891330882373,48,0,0,0,0,0,0.06671063739188197,0.0032195281298235037,0.004670161958573623,6ec391eb8f3022dc97b417e315e2e326ed775f0379c5a6ca43dead1b534c15cf
coarse-friendly-03,coarse-friendly,negative_control,U_STRONG,LEGACY_DIRECTED_LINK,8,PASS,121,2057,486615.81524544425,4.22715402080072,30413.488452899735,30413.488452899735,48.66230000000001,0.0868671234364327,6731952128,3272704.0,539117.3467625042,262.08913308823736,48,0,0,0,0,0,0.06306239940952536,0.003043460185224356,0.004414762476464964,6ec391eb8f3022dc97b417e315e2e326ed775f0379c5a6ca43dead1b534c15cf
coarse-friendly-03,coarse-friendly,negative_control,U_STRONG,LEGACY_DIRECTED_LINK,32,PASS,97,1649,486615.81524393073,3.388710248090456,121653.95381132932,121653.95381159894,48.66230000000001,0.06963728077157173,5396688896,3272704.0,432184.9804625033,262.0891330882373,48,0,0,0,0,0,0.05055415489870236,0.0024397986608899204,0.0035391071092432517,6ec391eb8f3022dc97b417e315e2e326ed775f0379c5a6ca43dead1b534c15cf
coarse-friendly-03,coarse-friendly,negative_control,U_STRONG,LEGACY_DIRECTED_LINK,64,PASS,65,1105,486615.81524115195,2.2707852178055408,243307.9076203555,243307.90762065435,48.66230000000001,0.046664157218330005,3616337920,3272704.0,289608.49206250225,262.0891330882373,48,0,0,0,0,0,0.033876495550870286,0.0016349166284407256,0.002371566619609537,6ec391eb8f3022dc97b417e315e2e326ed775f0379c5a6ca43dead1b534c15cf
coarse-friendly-03,coarse-friendly,negative_control,U_STRONG,LEGACY_DIRECTED_LINK,128,PASS,129,2193,973231.6304847258,2.253317639201429,486615.8152424991,486615.8152424991,48.66230000000001,0.04630520216268916,7177039872,3272704.0,574761.4688625045,262.0891330882373,48,0,0,0,0,0,0.03361590712347225,0.001622340346679455,0.002353323799452837,6ec391eb8f3022dc97b417e315e2e326ed775f0379c5a6ca43dead1b534c15cf
coarse-friendly-03,coarse-friendly,negative_control,U_STRONG,SHARED_NIC,1,PASS,128,2176,160185.2119807956,13.584275184284039,1251.4469686000025,1251.4469686000812,48.66230000000001,0.2791539895213345,7121403904,3272704.0,570305.9536000044,262.0891330882373,48,0,0,0,0,0,0.20265573081672414,0.00978038663012056,0.01418716896958285,6ec391eb8f3022dc97b417e315e2e326ed775f0379c5a6ca43dead1b534c15cf
coarse-friendly-03,coarse-friendly,negative_control,U_STRONG,SHARED_NIC,8,PASS,121,2057,36118.09433779505,56.952063438393914,2260.268070200018,2376.486477199298,48.66230000000001,1.170352889986579,6731952128,3272704.0,539117.3467625042,262.08913308823736,48,0,0,0,0,0,0.8496339982114739,0.04100426355136468,0.059479695177382504,6ec391eb8f3022dc97b417e315e2e326ed775f0379c5a6ca43dead1b534c15cf
coarse-friendly-03,coarse-friendly,negative_control,U_STRONG,SHARED_NIC,32,PASS,97,1649,36278.34737339591,45.45411021697381,9057.042354597841,9181.511484717723,48.66230000000001,0.9340723767058647,5396688896,3272704.0,432184.9804625033,262.0891330882373,48,0,0,0,0,0,0.6781028652380211,0.032725983964491286,0.0474714427720302,6ec391eb8f3022dc97b417e315e2e326ed775f0379c5a6ca43dead1b534c15cf
coarse-friendly-03,coarse-friendly,negative_control,U_STRONG,SHARED_NIC,64,PASS,65,1105,36467.98431090138,30.30055049326327,18245.989084800196,18384.768563920512,48.66230000000001,0.6226699209298218,3616337920,3272704.0,289608.49206250225,262.0891330882373,48,0,0,0,0,0,0.4520359107172311,0.021815746140983652,0.0316453416827598,6ec391eb8f3022dc97b417e315e2e326ed775f0379c5a6ca43dead1b534c15cf
coarse-friendly-03,coarse-friendly,negative_control,U_STRONG,SHARED_NIC,128,PASS,129,2193,72294.65764690712,30.334191645401894,36068.28010620597,36289.64671216415,48.66230000000001,0.6233612395098852,7177039872,3272704.0,574761.4688625045,262.0891330882373,48,0,0,0,0,0,0.4525377830791852,0.021839967048623954,0.0316804758878055,6ec391eb8f3022dc97b417e315e2e326ed775f0379c5a6ca43dead1b534c15cf
memory-fragmented-01,memory-fragmented,headline,FLEX_FREE,SHARED_NIC,1,PASS,128,2176,182769.68720380933,11.905694173309541,1427.8881812802429,1427.8881812803156,48.8227,0.24385571001418482,7310524416,3359616.0,697855.4976000042,320.70565147059017,49,1,2,3930587136,4396938651,0,0.1710658461932764,0.011608599985149941,0.013114989538757837,fda578bcd46d52b27e45faca031e8196f2fb7465c935fa79e94ed353593abe08
memory-fragmented-01,memory-fragmented,headline,FLEX_FREE,SHARED_NIC,8,PASS,121,2057,32178.694498724093,63.92428381709399,2016.80427173289,2172.240456606605,48.8227,1.3093148026859227,6926742912,3367400.5405930965,659789.8178750045,320.7534360111835,49,1,2,3930587136,4396938651,0,0.9184900556227344,0.06500740098088637,0.07309376763725646,fda578bcd46d52b27e45faca031e8196f2fb7465c935fa79e94ed353593abe08
memory-fragmented-01,memory-fragmented,headline,FLEX_FREE,SHARED_NIC,32,PASS,97,1649,30923.35037586009,53.32539909023799,7799.424862927408,7960.990790000375,48.8227,1.0922255239926917,5550749184,3366130.4936325047,528911.1441750041,320.7466004699843,49,1,2,3930587136,4396938651,0,0.7662009779669947,0.05396624108177941,0.060712098782982636,fda578bcd46d52b27e45faca031e8196f2fb7465c935fa79e94ed353593abe08
memory-fragmented-01,memory-fragmented,headline,FLEX_FREE,SHARED_NIC,64,PASS,65,1105,31292.98765109334,35.31142543244485,15619.87048900999,15820.322411324756,48.8227,0.7232583497521614,3719777280,3366314.2805429865,354425.4489750027,320.74701264706124,49,1,2,3930587136,4396938651,0,0.5073688928978074,0.035720452379398984,0.04018745356057626,fda578bcd46d52b27e45faca031e8196f2fb7465c935fa79e94ed353593abe08
memory-fragmented-01,memory-fragmented,headline,FLEX_FREE,SHARED_NIC,128,PASS,129,2193,62479.08546982573,35.099745514986914,31317.754880082197,31540.061751678735,48.8227,0.7189226633305187,7384140288,3367141.0341997263,703408.9485750047,320.7519145348859,49,1,2,3930587136,4396938651,0,0.5043273899266306,0.03565043008761266,0.04009054994650494,fda578bcd46d52b27e45faca031e8196f2fb7465c935fa79e94ed353593abe08
memory-fragmented-01,memory-fragmented,headline,FLEX_FREE_NO_ALT,SHARED_NIC,1,PASS,128,2176,182769.68720380933,11.905694173309541,1427.8881812802429,1427.8881812803156,48.8227,0.24385571001418482,7310524416,3359616.0,697855.4976000042,320.70565147059017,49,0,0,0,0,0,0.1710658461932764,0.011608599985149941,0.013114989538757837,2cbce37d1f219d000bcdf006ed81cbfa146512061c167161398861b4cf83f90a
memory-fragmented-01,memory-fragmented,headline,FLEX_FREE_NO_ALT,SHARED_NIC,8,PASS,121,2057,32395.834205517498,63.495818226210766,2029.8947759461917,2197.7593369861934,48.8227,1.3005388523414472,6910730112,3359616.0,659691.525075004,320.70565147059017,49,0,0,0,0,0,0.912333688106302,0.06191134626742857,0.0699452698573843,2cbce37d1f219d000bcdf006ed81cbfa146512061c167161398861b4cf83f90a
memory-fragmented-01,memory-fragmented,headline,FLEX_FREE_NO_ALT,SHARED_NIC,32,PASS,97,1649,31257.798955513397,52.75483415664946,7847.386061628487,8063.201617932934,48.8227,1.0805390557394299,5540006784,3359616.0,528843.6192750032,320.70565147059017,49,0,0,0,0,0,0.758002869418957,0.051438392259426834,0.05811329335457263,2cbce37d1f219d000bcdf006ed81cbfa146512061c167161398861b4cf83f90a
memory-fragmented-01,memory-fragmented,headline,FLEX_FREE_NO_ALT,SHARED_NIC,64,PASS,65,1105,31067.20305181329,35.568055423499246,15628.332810189808,15785.542040659286,48.8227,0.728514715972268,3712375680,3359616.0,354379.7448750022,320.7056514705902,49,0,0,0,0,0,0.5110562567708616,0.03468049167487301,0.039180804411968334,2cbce37d1f219d000bcdf006ed81cbfa146512061c167161398861b4cf83f90a
memory-fragmented-01,memory-fragmented,headline,FLEX_FREE_NO_ALT,SHARED_NIC,128,PASS,129,2193,62751.52058928575,34.94736030945575,31274.480238049655,31493.81011125113,48.8227,0.7158014675439038,7367637888,3359616.0,703307.4936750042,320.70565147059017,49,0,0,0,0,0,0.502137857443093,0.03407528536041709,0.03849706352219405,2cbce37d1f219d000bcdf006ed81cbfa146512061c167161398861b4cf83f90a
memory-fragmented-01,memory-fragmented,headline,FLEX_POOL,LEGACY_DIRECTED_LINK,1,PASS,128,2176,470090.01863630174,4.628900665264972,3672.57827059408,3672.578270600585,48.8227,0.09481041944146826,6934233088,3186688.0,642200.9744000045,295.12912426470797,49,0,0,0,0,0,0.06650992354762084,0.002466415072082257,0.003777616338656845,b54b1e91151d2053f79f179db05604b735a73dfbac7f2745e7ea55dcf0031b71
memory-fragmented-01,memory-fragmented,headline,FLEX_POOL,LEGACY_DIRECTED_LINK,8,PASS,121,2057,470090.01863637345,4.375757660132626,29380.62616480468,29380.62616480468,48.8227,0.08962547462824928,6555017216,3186688.0,607080.6086125046,295.1291242647081,49,0,0,0,0,0,0.06287266210360071,0.002331532997827402,0.0035710279451360047,b54b1e91151d2053f79f179db05604b735a73dfbac7f2745e7ea55dcf0031b71
memory-fragmented-01,memory-fragmented,headline,FLEX_POOL,LEGACY_DIRECTED_LINK,32,PASS,97,1649,470090.01863569673,3.507838785400626,117522.50465915914,117522.50465921871,48.8227,0.07184852098308013,5254848512,3186688.0,486667.9259125044,295.12912426470854,49,0,0,0,0,0,0.05040205143849622,0.001869080171814739,0.002862724881642079,b54b1e91151d2053f79f179db05604b735a73dfbac7f2745e7ea55dcf0031b71
memory-fragmented-01,memory-fragmented,headline,FLEX_POOL,LEGACY_DIRECTED_LINK,64,PASS,65,1105,470090.01863432396,2.350613619089758,235045.00931699574,235045.00931725613,48.8227,0.04814591612282316,3521290240,3186688.0,326117.6823125028,295.1291242647084,49,0,0,0,0,0,0.03377457055166819,0.001252476403797037,0.0019183207969822565,b54b1e91151d2053f79f179db05604b735a73dfbac7f2745e7ea55dcf0031b71
memory-fragmented-01,memory-fragmented,headline,FLEX_POOL,LEGACY_DIRECTED_LINK,128,PASS,129,2193,940180.0372703077,2.3325319758618726,470090.0186353028,470090.0186353028,48.8227,0.04777556292179402,6988406784,3186688.0,647218.1695125045,295.1291242647079,49,0,0,0,0,0,0.03351476616275015,0.0012428419699194845,0.001903564483155949,b54b1e91151d2053f79f179db05604b735a73dfbac7f2745e7ea55dcf0031b71
memory-fragmented-01,memory-fragmented,headline,FLEX_POOL,SHARED_NIC,1,PASS,128,2176,176551.15498579195,12.325039732394357,1379.3058983269002,1379.3058983269366,48.8227,0.25244486135331223,6934233088,3186688.0,642200.9744000045,295.12912426470797,49,0,0,0,0,0,0.17709117339116928,0.006567145410593943,0.010058386393353836,b54b1e91151d2053f79f179db05604b735a73dfbac7f2745e7ea55dcf0031b71
memory-fragmented-01,memory-fragmented,headline,FLEX_POOL,SHARED_NIC,8,PASS,121,2057,31148.67840957729,66.03811477817094,1947.6682345066238,2147.633029759967,48.8227,1.3526108711351674,6555017216,3186688.0,607080.6086125046,295.1291242647081,49,0,0,0,0,0,0.9488624368381722,0.03518705917433102,0.053893284691136155,b54b1e91151d2053f79f179db05604b735a73dfbac7f2745e7ea55dcf0031b71
memory-fragmented-01,memory-fragmented,headline,FLEX_POOL,SHARED_NIC,32,PASS,97,1649,31164.856261693483,52.912164463497966,7840.754140924939,8022.00932138003,48.8227,1.0837615384544068,5254848512,3186688.0,486667.9259125044,295.12912426470854,49,0,0,0,0,0,0.7602634551253514,0.028193164936235686,0.04318128027479857,b54b1e91151d2053f79f179db05604b735a73dfbac7f2745e7ea55dcf0031b71
memory-fragmented-01,memory-fragmented,headline,FLEX_POOL,SHARED_NIC,64,PASS,65,1105,31345.942365380233,35.25177157284664,15610.70069495013,15809.657205347403,48.8227,0.7220365029555237,3521290240,3186688.0,326117.6823125028,295.1291242647084,49,0,0,0,0,0,0.5065117620306514,0.018783185687544356,0.02876874616460622,b54b1e91151d2053f79f179db05604b735a73dfbac7f2745e7ea55dcf0031b71
memory-fragmented-01,memory-fragmented,headline,FLEX_POOL,SHARED_NIC,128,PASS,129,2193,62377.568975090704,35.156868663409,31262.509361822056,31420.108038224906,48.8227,0.7200926754032243,6988406784,3186688.0,647218.1695125045,295.1291242647079,49,0,0,0,0,0,0.505148158508437,0.018732618612735934,0.02869129650491307,b54b1e91151d2053f79f179db05604b735a73dfbac7f2745e7ea55dcf0031b71
memory-fragmented-01,memory-fragmented,headline,FLEX_POOL_NO_ALT,SHARED_NIC,1,PASS,128,2176,176551.15498579195,12.325039732394357,1379.3058983269002,1379.3058983269366,48.8227,0.25244486135331223,6934233088,3186688.0,642200.9744000045,295.12912426470797,49,0,0,0,0,0,0.17709117339116928,0.006567145410593943,0.010058386393353836,b54b1e91151d2053f79f179db05604b735a73dfbac7f2745e7ea55dcf0031b71
memory-fragmented-01,memory-fragmented,headline,FLEX_POOL_NO_ALT,SHARED_NIC,8,PASS,121,2057,31148.67840957729,66.03811477817094,1947.6682345066238,2147.633029759967,48.8227,1.3526108711351674,6555017216,3186688.0,607080.6086125046,295.1291242647081,49,0,0,0,0,0,0.9488624368381722,0.03518705917433102,0.053893284691136155,b54b1e91151d2053f79f179db05604b735a73dfbac7f2745e7ea55dcf0031b71
memory-fragmented-01,memory-fragmented,headline,FLEX_POOL_NO_ALT,SHARED_NIC,32,PASS,97,1649,31164.856261693483,52.912164463497966,7840.754140924939,8022.00932138003,48.8227,1.0837615384544068,5254848512,3186688.0,486667.9259125044,295.12912426470854,49,0,0,0,0,0,0.7602634551253514,0.028193164936235686,0.04318128027479857,b54b1e91151d2053f79f179db05604b735a73dfbac7f2745e7ea55dcf0031b71
memory-fragmented-01,memory-fragmented,headline,FLEX_POOL_NO_ALT,SHARED_NIC,64,PASS,65,1105,31345.942365380233,35.25177157284664,15610.70069495013,15809.657205347403,48.8227,0.7220365029555237,3521290240,3186688.0,326117.6823125028,295.1291242647084,49,0,0,0,0,0,0.5065117620306514,0.018783185687544356,0.02876874616460622,b54b1e91151d2053f79f179db05604b735a73dfbac7f2745e7ea55dcf0031b71
memory-fragmented-01,memory-fragmented,headline,FLEX_POOL_NO_ALT,SHARED_NIC,128,PASS,129,2193,62377.568975090704,35.156868663409,31262.509361822056,31420.108038224906,48.8227,0.7200926754032243,6988406784,3186688.0,647218.1695125045,295.1291242647079,49,0,0,0,0,0,0.505148158508437,0.018732618612735934,0.02869129650491307,b54b1e91151d2053f79f179db05604b735a73dfbac7f2745e7ea55dcf0031b71
memory-fragmented-01,memory-fragmented,headline,U_STRONG,LEGACY_DIRECTED_LINK,1,PASS,128,2176,470090.01863630174,4.628900665264972,3672.57827059408,3672.578270600585,48.8227,0.09481041944146826,6934233088,3186688.0,642200.9744000045,295.12912426470797,49,0,0,0,0,0,0.06650992354762084,0.002466415072082257,0.003777616338656845,b54b1e91151d2053f79f179db05604b735a73dfbac7f2745e7ea55dcf0031b71
memory-fragmented-01,memory-fragmented,headline,U_STRONG,LEGACY_DIRECTED_LINK,8,PASS,121,2057,470090.01863637345,4.375757660132626,29380.62616480468,29380.62616480468,48.8227,0.08962547462824928,6555017216,3186688.0,607080.6086125046,295.1291242647081,49,0,0,0,0,0,0.06287266210360071,0.002331532997827402,0.0035710279451360047,b54b1e91151d2053f79f179db05604b735a73dfbac7f2745e7ea55dcf0031b71
memory-fragmented-01,memory-fragmented,headline,U_STRONG,LEGACY_DIRECTED_LINK,32,PASS,97,1649,470090.01863569673,3.507838785400626,117522.50465915914,117522.50465921871,48.8227,0.07184852098308013,5254848512,3186688.0,486667.9259125044,295.12912426470854,49,0,0,0,0,0,0.05040205143849622,0.001869080171814739,0.002862724881642079,b54b1e91151d2053f79f179db05604b735a73dfbac7f2745e7ea55dcf0031b71
memory-fragmented-01,memory-fragmented,headline,U_STRONG,LEGACY_DIRECTED_LINK,64,PASS,65,1105,470090.01863432396,2.350613619089758,235045.00931699574,235045.00931725613,48.8227,0.04814591612282316,3521290240,3186688.0,326117.6823125028,295.1291242647084,49,0,0,0,0,0,0.03377457055166819,0.001252476403797037,0.0019183207969822565,b54b1e91151d2053f79f179db05604b735a73dfbac7f2745e7ea55dcf0031b71
memory-fragmented-01,memory-fragmented,headline,U_STRONG,LEGACY_DIRECTED_LINK,128,PASS,129,2193,940180.0372703077,2.3325319758618726,470090.0186353028,470090.0186353028,48.8227,0.04777556292179402,6988406784,3186688.0,647218.1695125045,295.1291242647079,49,0,0,0,0,0,0.03351476616275015,0.0012428419699194845,0.001903564483155949,b54b1e91151d2053f79f179db05604b735a73dfbac7f2745e7ea55dcf0031b71
memory-fragmented-01,memory-fragmented,headline,U_STRONG,SHARED_NIC,1,PASS,128,2176,176551.15498579195,12.325039732394357,1379.3058983269002,1379.3058983269366,48.8227,0.25244486135331223,6934233088,3186688.0,642200.9744000045,295.12912426470797,49,0,0,0,0,0,0.17709117339116928,0.006567145410593943,0.010058386393353836,b54b1e91151d2053f79f179db05604b735a73dfbac7f2745e7ea55dcf0031b71
memory-fragmented-01,memory-fragmented,headline,U_STRONG,SHARED_NIC,8,PASS,121,2057,31148.67840957729,66.03811477817094,1947.6682345066238,2147.633029759967,48.8227,1.3526108711351674,6555017216,3186688.0,607080.6086125046,295.1291242647081,49,0,0,0,0,0,0.9488624368381722,0.03518705917433102,0.053893284691136155,b54b1e91151d2053f79f179db05604b735a73dfbac7f2745e7ea55dcf0031b71
memory-fragmented-01,memory-fragmented,headline,U_STRONG,SHARED_NIC,32,PASS,97,1649,31164.856261693483,52.912164463497966,7840.754140924939,8022.00932138003,48.8227,1.0837615384544068,5254848512,3186688.0,486667.9259125044,295.12912426470854,49,0,0,0,0,0,0.7602634551253514,0.028193164936235686,0.04318128027479857,b54b1e91151d2053f79f179db05604b735a73dfbac7f2745e7ea55dcf0031b71
memory-fragmented-01,memory-fragmented,headline,U_STRONG,SHARED_NIC,64,PASS,65,1105,31345.942365380233,35.25177157284664,15610.70069495013,15809.657205347403,48.8227,0.7220365029555237,3521290240,3186688.0,326117.6823125028,295.1291242647084,49,0,0,0,0,0,0.5065117620306514,0.018783185687544356,0.02876874616460622,b54b1e91151d2053f79f179db05604b735a73dfbac7f2745e7ea55dcf0031b71
memory-fragmented-01,memory-fragmented,headline,U_STRONG,SHARED_NIC,128,PASS,129,2193,62377.568975090704,35.156868663409,31262.509361822056,31420.108038224906,48.8227,0.7200926754032243,6988406784,3186688.0,647218.1695125045,295.1291242647079,49,0,0,0,0,0,0.505148158508437,0.018732618612735934,0.02869129650491307,b54b1e91151d2053f79f179db05604b735a73dfbac7f2745e7ea55dcf0031b71
memory-fragmented-02,memory-fragmented,capacity_exploratory,FLEX_FREE,SHARED_NIC,1,PASS,128,2176,274283.4181724149,7.933399745777427,2142.839204472897,2142.8392044754087,66.22859999999999,0.11978812394913117,26862075904,12344704.0,1962872.4639999806,902.0553602941087,102,1,4,7861174272,8593596026,0,0.18900007327729446,0.009749090849375044,0.00940171710409051,fea6903d97865f03382030fa8c3cfbaf78eb7f49a897101a9dfdf1a56bf99e55
memory-fragmented-02,memory-fragmented,capacity_exploratory,FLEX_FREE,SHARED_NIC,8,PASS,121,2057,57469.37214332373,35.79297847329908,3592.337876399033,3788.5707348466385,66.22859999999999,0.540445947419983,25393056128,12344704.0,1855527.8761249813,902.0553602941086,102,1,4,7861174272,8593596026,0,0.8527082677091588,0.04398479971863852,0.042417559772891876,fea6903d97865f03382030fa8c3cfbaf78eb7f49a897101a9dfdf1a56bf99e55
memory-fragmented-02,memory-fragmented,capacity_exploratory,FLEX_FREE,SHARED_NIC,32,PASS,97,1649,51693.30357962707,31.899683050047706,12976.060927138504,13336.420809686762,66.22859999999999,0.48166023515592526,20356416896,12344704.0,1487489.2891249838,902.0553602941078,102,1,4,7861174272,8593596026,0,0.7599569701741637,0.03920045857851931,0.03780369140056606,fea6903d97865f03382030fa8c3cfbaf78eb7f49a897101a9dfdf1a56bf99e55
memory-fragmented-02,memory-fragmented,capacity_exploratory,FLEX_FREE,SHARED_NIC,64,PASS,65,1105,51529.51627710803,21.444020433991458,25756.11168237563,25944.595549452642,66.22859999999999,0.3237879169119,13640897920,12344704.0,996771.1731249875,902.0553602941063,102,1,4,7861174272,8593596026,0,0.5108681729470869,0.026351842852505948,0.02541288982721834,fea6903d97865f03382030fa8c3cfbaf78eb7f49a897101a9dfdf1a56bf99e55
memory-fragmented-02,memory-fragmented,capacity_exploratory,FLEX_FREE,SHARED_NIC,128,PASS,129,2193,104232.22854850971,21.039557827158777,51911.373967095424,52133.84155392039,66.22859999999999,0.31768084826130677,27071935872,12344704.0,1978207.4051249805,902.0553602941087,102,1,4,7861174272,8593596026,0,0.5012325230644495,0.025854812219291555,0.02493356909077774,fea6903d97865f03382030fa8c3cfbaf78eb7f49a897101a9dfdf1a56bf99e55
memory-fragmented-02,memory-fragmented,capacity_exploratory,FLEX_FREE_NO_ALT,SHARED_NIC,1,PASS,128,2176,274283.4181724149,7.933399745777427,2142.839204472897,2142.8392044754087,66.22859999999999,0.11978812394913117,26862075904,12344704.0,1962872.4639999806,902.0553602941087,102,0,0,0,0,0,0.18900007327729446,0.009749090849375044,0.00940171710409051,e853671c937eb97044f3682199968177a38f03d8be7a1743427583bfde0e42d7
memory-fragmented-02,memory-fragmented,capacity_exploratory,FLEX_FREE_NO_ALT,SHARED_NIC,8,PASS,121,2057,58279.595840923284,35.295371738930235,3618.9429631923194,3799.0719886332954,66.22859999999999,0.5329324753796735,25393056128,12344704.0,1855527.8761249813,902.0553602941086,102,0,0,0,0,0,0.84085361368028,0.04337330736780813,0.041827855749958176,e853671c937eb97044f3682199968177a38f03d8be7a1743427583bfde0e42d7
memory-fragmented-02,memory-fragmented,capacity_exploratory,FLEX_FREE_NO_ALT,SHARED_NIC,32,PASS,97,1649,52588.31457766627,31.356775991834386,13119.274104516648,13478.545441379598,66.22859999999999,0.47346276369777396,20356416896,12344704.0,1487489.2891249838,902.0553602941078,102,0,0,0,0,0,0.7470231111637575,0.038533298167737574,0.037160302848532945,e853671c937eb97044f3682199968177a38f03d8be7a1743427583bfde0e42d7
memory-fragmented-02,memory-fragmented,capacity_exploratory,FLEX_FREE_NO_ALT,SHARED_NIC,64,PASS,65,1105,51876.031574453074,21.300781236785458,25939.518418594715,26205.209725152694,66.22859999999999,0.32162511719688264,13640897920,12344704.0,996771.1731249875,902.0553602941063,102,0,0,0,0,0,0.5074557369630658,0.026175820971408113,0.025243139851986774,e853671c937eb97044f3682199968177a38f03d8be7a1743427583bfde0e42d7
memory-fragmented-02,memory-fragmented,capacity_exploratory,FLEX_FREE_NO_ALT,SHARED_NIC,128,PASS,129,2193,103532.6866605188,21.18171633264763,51579.774741783884,51865.96587088328,66.22859999999999,0.3198273303776259,27071935872,12344704.0,1978207.4051249805,902.0553602941087,102,0,0,0,0,0,0.5046192133631054,0.026029506074313778,0.025102038359360583,e853671c937eb97044f3682199968177a38f03d8be7a1743427583bfde0e42d7
memory-fragmented-02,memory-fragmented,capacity_exploratory,FLEX_POOL,LEGACY_DIRECTED_LINK,1,PASS,128,2176,857604.6664328777,2.5372996267042924,6700.036456510454,6700.036456525384,66.22859999999999,0.03831123754245587,26862075904,12344704.0,1962872.4639999806,902.0553602941087,102,1,4,7861174272,8593596026,0,0.06044694969881038,0.00311800304604486,0.00300690423563808,fea6903d97865f03382030fa8c3cfbaf78eb7f49a897101a9dfdf1a56bf99e55
memory-fragmented-02,memory-fragmented,capacity_exploratory,FLEX_POOL,LEGACY_DIRECTED_LINK,8,PASS,121,2057,857604.6664325389,2.3985410533698492,53600.291651994165,53600.29165220307,66.22859999999999,0.03621609173936713,25393056128,12344704.0,1855527.8761249813,902.0553602941086,102,1,4,7861174272,8593596026,0,0.057141257137179276,0.002947487254465445,0.002842464160252744,fea6903d97865f03382030fa8c3cfbaf78eb7f49a897101a9dfdf1a56bf99e55
memory-fragmented-02,memory-fragmented,capacity_exploratory,FLEX_POOL,LEGACY_DIRECTED_LINK,32,PASS,97,1649,857604.6664314608,1.9227973733650237,214401.16660767922,214401.1666079961,66.22859999999999,0.029032734700190313,20356416896,12344704.0,1487489.2891249838,902.0553602941078,102,1,4,7861174272,8593596026,0,0.0458074540687055,0.00236286168333477,0.0022786696160732433,fea6903d97865f03382030fa8c3cfbaf78eb7f49a897101a9dfdf1a56bf99e55
memory-fragmented-02,memory-fragmented,capacity_exploratory,FLEX_POOL,LEGACY_DIRECTED_LINK,64,PASS,65,1105,857604.666431513,1.288472466687824,428802.3332158774,428802.3332158774,66.22859999999999,0.019454925314559335,13640897920,12344704.0,996771.1731249875,902.0553602941063,102,1,4,7861174272,8593596026,0,0.030695716643976086,0.0015833609218221735,0.0015269435571623913,fea6903d97865f03382030fa8c3cfbaf78eb7f49a897101a9dfdf1a56bf99e55
memory-fragmented-02,memory-fragmented,capacity_exploratory,FLEX_POOL,LEGACY_DIRECTED_LINK,128,PASS,129,2193,1715209.3328584593,1.2785611400243988,857604.6664285064,857604.6664297906,66.22859999999999,0.01930527204296028,27071935872,12344704.0,1978207.4051249805,902.0553602941087,102,1,4,7861174272,8593596026,0,0.030459595746795732,0.0015711812224277262,0.0015151978374959465,fea6903d97865f03382030fa8c3cfbaf78eb7f49a897101a9dfdf1a56bf99e55
memory-fragmented-02,memory-fragmented,capacity_exploratory,FLEX_POOL,SHARED_NIC,1,PASS,128,2176,274283.4181724149,7.933399745777427,2142.839204472897,2142.8392044754087,66.22859999999999,0.11978812394913117,26862075904,12344704.0,1962872.4639999806,902.0553602941087,102,1,4,7861174272,8593596026,0,0.18900007327729446,0.009749090849375044,0.00940171710409051,fea6903d97865f03382030fa8c3cfbaf78eb7f49a897101a9dfdf1a56bf99e55
memory-fragmented-02,memory-fragmented,capacity_exploratory,FLEX_POOL,SHARED_NIC,8,PASS,121,2057,57469.37214332373,35.79297847329908,3592.337876399033,3788.5707348466385,66.22859999999999,0.540445947419983,25393056128,12344704.0,1855527.8761249813,902.0553602941086,102,1,4,7861174272,8593596026,0,0.8527082677091588,0.04398479971863852,0.042417559772891876,fea6903d97865f03382030fa8c3cfbaf78eb7f49a897101a9dfdf1a56bf99e55
memory-fragmented-02,memory-fragmented,capacity_exploratory,FLEX_POOL,SHARED_NIC,32,PASS,97,1649,51693.30357962707,31.899683050047706,12976.060927138504,13336.420809686762,66.22859999999999,0.48166023515592526,20356416896,12344704.0,1487489.2891249838,902.0553602941078,102,1,4,7861174272,8593596026,0,0.7599569701741637,0.03920045857851931,0.03780369140056606,fea6903d97865f03382030fa8c3cfbaf78eb7f49a897101a9dfdf1a56bf99e55
memory-fragmented-02,memory-fragmented,capacity_exploratory,FLEX_POOL,SHARED_NIC,64,PASS,65,1105,51529.51627710803,21.444020433991458,25756.11168237563,25944.595549452642,66.22859999999999,0.3237879169119,13640897920,12344704.0,996771.1731249875,902.0553602941063,102,1,4,7861174272,8593596026,0,0.5108681729470869,0.026351842852505948,0.02541288982721834,fea6903d97865f03382030fa8c3cfbaf78eb7f49a897101a9dfdf1a56bf99e55
memory-fragmented-02,memory-fragmented,capacity_exploratory,FLEX_POOL,SHARED_NIC,128,PASS,129,2193,104232.22854850971,21.039557827158777,51911.373967095424,52133.84155392039,66.22859999999999,0.31768084826130677,27071935872,12344704.0,1978207.4051249805,902.0553602941087,102,1,4,7861174272,8593596026,0,0.5012325230644495,0.025854812219291555,0.02493356909077774,fea6903d97865f03382030fa8c3cfbaf78eb7f49a897101a9dfdf1a56bf99e55
memory-fragmented-02,memory-fragmented,capacity_exploratory,FLEX_POOL_NO_ALT,SHARED_NIC,1,PASS,128,2176,274283.4181724149,7.933399745777427,2142.839204472897,2142.8392044754087,66.22859999999999,0.11978812394913117,26862075904,12344704.0,1962872.4639999806,902.0553602941087,102,0,0,0,0,0,0.18900007327729446,0.009749090849375044,0.00940171710409051,e853671c937eb97044f3682199968177a38f03d8be7a1743427583bfde0e42d7
memory-fragmented-02,memory-fragmented,capacity_exploratory,FLEX_POOL_NO_ALT,SHARED_NIC,8,PASS,121,2057,58279.595840923284,35.295371738930235,3618.9429631923194,3799.0719886332954,66.22859999999999,0.5329324753796735,25393056128,12344704.0,1855527.8761249813,902.0553602941086,102,0,0,0,0,0,0.84085361368028,0.04337330736780813,0.041827855749958176,e853671c937eb97044f3682199968177a38f03d8be7a1743427583bfde0e42d7
memory-fragmented-02,memory-fragmented,capacity_exploratory,FLEX_POOL_NO_ALT,SHARED_NIC,32,PASS,97,1649,52588.31457766627,31.356775991834386,13119.274104516648,13478.545441379598,66.22859999999999,0.47346276369777396,20356416896,12344704.0,1487489.2891249838,902.0553602941078,102,0,0,0,0,0,0.7470231111637575,0.038533298167737574,0.037160302848532945,e853671c937eb97044f3682199968177a38f03d8be7a1743427583bfde0e42d7
memory-fragmented-02,memory-fragmented,capacity_exploratory,FLEX_POOL_NO_ALT,SHARED_NIC,64,PASS,65,1105,51876.031574453074,21.300781236785458,25939.518418594715,26205.209725152694,66.22859999999999,0.32162511719688264,13640897920,12344704.0,996771.1731249875,902.0553602941063,102,0,0,0,0,0,0.5074557369630658,0.026175820971408113,0.025243139851986774,e853671c937eb97044f3682199968177a38f03d8be7a1743427583bfde0e42d7
memory-fragmented-02,memory-fragmented,capacity_exploratory,FLEX_POOL_NO_ALT,SHARED_NIC,128,PASS,129,2193,103532.6866605188,21.18171633264763,51579.774741783884,51865.96587088328,66.22859999999999,0.3198273303776259,27071935872,12344704.0,1978207.4051249805,902.0553602941087,102,0,0,0,0,0,0.5046192133631054,0.026029506074313778,0.025102038359360583,e853671c937eb97044f3682199968177a38f03d8be7a1743427583bfde0e42d7
memory-fragmented-02,memory-fragmented,capacity_exploratory,U_STRONG,LEGACY_DIRECTED_LINK,1,PASS,128,2176,879583.5826389513,2.473897925051652,6871.746739369584,6871.746739385708,66.22859999999999,0.03735392149391128,26423394304,12143104.0,1890416.9317333107,868.7577811274406,102,0,0,0,0,0,0.05893650945348779,0.0030400908054892834,0.0029317681172074737,4d6e142ab099cabe701f5796b01da0bda2b02e939d8c32977c858138e9980f4b
memory-fragmented-02,memory-fragmented,capacity_exploratory,U_STRONG,LEGACY_DIRECTED_LINK,8,PASS,121,2057,879583.5826386252,2.338606632276257,54973.97391481261,54973.97391508566,66.22859999999999,0.035311128912226104,24978364928,12143104.0,1787034.7557791453,868.7577811274406,102,0,0,0,0,0,0.05571341909277085,0.002873835839565152,0.0027714370482987164,4d6e142ab099cabe701f5796b01da0bda2b02e939d8c32977c858138e9980f4b
memory-fragmented-02,memory-fragmented,capacity_exploratory,U_STRONG,LEGACY_DIRECTED_LINK,32,PASS,97,1649,879583.5826376309,1.8747507713310194,219895.8956592516,219895.89565949995,66.22859999999999,0.028307268632147137,20023978496,12143104.0,1432581.5810791496,868.7577811274407,102,0,0,0,0,0,0.044662823570288335,0.002303818813538301,0.00222173052632462,4d6e142ab099cabe701f5796b01da0bda2b02e939d8c32977c858138e9980f4b
memory-fragmented-02,memory-fragmented,capacity_exploratory,U_STRONG,LEGACY_DIRECTED_LINK,64,PASS,65,1105,879583.5826377613,1.2562762900669917,439791.79131898284,439791.79131898284,66.22859999999999,0.018968788258652485,13418129920,12143104.0,959977.3481458221,868.7577811274408,102,0,0,0,0,0,0.029928696206889854,0.0015437961121646138,0.0014887884970214336,4d6e142ab099cabe701f5796b01da0bda2b02e939d8c32977c858138e9980f4b
memory-fragmented-02,memory-fragmented,capacity_exploratory,U_STRONG,LEGACY_DIRECTED_LINK,128,PASS,129,2193,1759167.1652700517,1.2466126263011226,879583.5826343298,879583.58263554,66.22859999999999,0.018822874502875234,26629827072,12143104.0,1905185.8140124772,868.7577811274406,102,0,0,0,0,0,0.02969847546692912,0.0015319207574604208,0.0014773362778181718,4d6e142ab099cabe701f5796b01da0bda2b02e939d8c32977c858138e9980f4b
memory-fragmented-02,memory-fragmented,capacity_exploratory,U_STRONG,SHARED_NIC,1,PASS,128,2176,266987.7730890922,8.150185961039803,2085.841977259399,2085.8419772597845,66.22859999999999,0.1230614260461463,26423394304,12143104.0,1890416.9317333107,868.7577811274406,102,0,0,0,0,0,0.1941646448207748,0.010015492212625394,0.009658626214090688,4d6e142ab099cabe701f5796b01da0bda2b02e939d8c32977c858138e9980f4b
memory-fragmented-02,memory-fragmented,capacity_exploratory,U_STRONG,SHARED_NIC,8,PASS,121,2057,56173.2014913712,36.61888490218912,3516.0911523590403,3679.37078866559,66.22859999999999,0.5529164877739999,24978364928,12143104.0,1787034.7557791453,868.7577811274406,102,0,0,0,0,0,0.8723841167250223,0.044999728635162294,0.04339632535230273,4d6e142ab099cabe701f5796b01da0bda2b02e939d8c32977c858138e9980f4b
memory-fragmented-02,memory-fragmented,capacity_exploratory,U_STRONG,SHARED_NIC,32,PASS,97,1649,52018.49353283373,31.700264425365607,12935.318973470094,13172.644511593864,66.22859999999999,0.47864917007706054,20023978496,12143104.0,1432581.5810791496,868.7577811274407,102,0,0,0,0,0,0.7552061526324365,0.038955399669176195,0.03756736428298374,4d6e142ab099cabe701f5796b01da0bda2b02e939d8c32977c858138e9980f4b
memory-fragmented-02,memory-fragmented,capacity_exploratory,U_STRONG,SHARED_NIC,64,PASS,65,1105,52096.201826841025,21.21075935003541,26020.523338890926,26377.71111451724,66.22859999999999,0.32026585719818046,13418129920,12143104.0,959977.3481458221,868.7577811274408,102,0,0,0,0,0,0.5053111150181833,0.026065196071556634,0.025136456672073784,4d6e142ab099cabe701f5796b01da0bda2b02e939d8c32977c858138e9980f4b
memory-fragmented-02,memory-fragmented,capacity_exploratory,U_STRONG,SHARED_NIC,128,PASS,129,2193,103441.07840206634,21.200475032520472,51800.918517671,52044.0666319749,66.22859999999999,0.32011057205679233,26629827072,12143104.0,1905185.8140124772,868.7577811274406,102,0,0,0,0,0,0.5050661082334215,0.02605255801612143,0.02512426892823352,4d6e142ab099cabe701f5796b01da0bda2b02e939d8c32977c858138e9980f4b
memory-fragmented-03,memory-fragmented,headline,FLEX_FREE,SHARED_NIC,1,PASS,128,2176,179365.97599570415,12.13162077099904,1401.2966874669219,1401.2966874669291,49.36099999999998,0.24577339946514545,7497695232,3445632.0,692521.9792000054,318.25458602941427,49,2,8,15722348544,17187192052,0,0.1743120512484982,0.011595638571998787,0.011820259098697654,e40d6ee4ba9f24a873050e418f68913e3376e29017d29d1a2a330a11b97d132e
memory-fragmented-03,memory-fragmented,headline,FLEX_FREE,SHARED_NIC,8,PASS,121,2057,31573.989477130686,65.14856165040223,1957.0906888800064,2111.0705259262104,49.36099999999998,1.3198387725208616,7090573824,3447046.098201264,654667.4447625051,318.2632205943146,49,2,8,15722348544,17187192052,0,0.936080976444475,0.06491502567594638,0.06611989405241671,e40d6ee4ba9f24a873050e418f68913e3376e29017d29d1a2a330a11b97d132e
memory-fragmented-03,memory-fragmented,headline,FLEX_FREE,SHARED_NIC,32,PASS,97,1649,31018.547170627127,53.161741938755696,7781.466602667355,7962.881549513147,49.36099999999998,1.0769988845192706,5684093568,3446994.2801698,524815.7837625042,318.2630586795053,49,2,8,15722348544,17187192052,0,0.7638494855889475,0.05271203098345955,0.05369534787680796,e40d6ee4ba9f24a873050e418f68913e3376e29017d29d1a2a330a11b97d132e
memory-fragmented-03,memory-fragmented,headline,FLEX_FREE,SHARED_NIC,64,PASS,65,1105,31223.2820528808,35.390257761132695,15594.151179650384,15797.119265473088,49.36099999999998,0.7169680063437269,3809410560,3447430.3710407238,351683.5172625027,318.26562648190287,49,2,8,15722348544,17187192052,0,0.5085015877930454,0.03524003353319738,0.03589454091155019,e40d6ee4ba9f24a873050e418f68913e3376e29017d29d1a2a330a11b97d132e
memory-fragmented-03,memory-fragmented,headline,FLEX_FREE,SHARED_NIC,128,PASS,129,2193,62524.729236613945,35.074122299689996,31291.60156732722,31460.398655748744,49.36099999999998,0.7105634468444725,7559266176,3446997.8002735977,697951.2123625054,318.2632067316486,49,2,8,15722348544,17187192052,0,0.5039592251692334,0.03473619592307118,0.035384985198215264,e40d6ee4ba9f24a873050e418f68913e3376e29017d29d1a2a330a11b97d132e
memory-fragmented-03,memory-fragmented,headline,FLEX_FREE_NO_ALT,SHARED_NIC,1,PASS,128,2176,179365.99696722353,12.13161935256676,1401.2968513069209,1401.2968513069281,49.36099999999998,0.24577337072925518,7497695232,3445632.0,692521.9792000054,318.25458602941427,49,0,0,0,0,0,0.1743120308678875,0.011595637216233686,0.011820257716669861,1877eb25fb0c4bc370e5f405bd25de44f5621f186d23661d712ec7d9226300fd
memory-fragmented-03,memory-fragmented,headline,FLEX_FREE_NO_ALT,SHARED_NIC,8,PASS,121,2057,32150.826672677395,63.97969237127242,1996.7145846662388,2151.1689960728436,49.36099999999998,1.2961587563313637,7087665024,3445632.0,654649.6834625051,318.25458602941427,49,0,0,0,0,0,0.9192861882185245,0.06115303162611542,0.062337634447926456,1877eb25fb0c4bc370e5f405bd25de44f5621f186d23661d712ec7d9226300fd
memory-fragmented-03,memory-fragmented,headline,FLEX_FREE_NO_ALT,SHARED_NIC,32,PASS,97,1649,31329.904371146706,52.63341951080602,7826.332556344991,8097.154791832168,49.36099999999998,1.0662956486052966,5681847168,3445632.0,524801.8123625041,318.2545860294142,49,0,0,0,0,0,0.7562583345074164,0.050308043828296865,0.051282567070957144,1877eb25fb0c4bc370e5f405bd25de44f5621f186d23661d712ec7d9226300fd
memory-fragmented-03,memory-fragmented,headline,FLEX_FREE_NO_ALT,SHARED_NIC,64,PASS,65,1105,31162.44448468004,35.4593491708661,15590.478162350017,15786.303557204596,49.36099999999998,0.7183677229161911,3807423360,3445632.0,351671.3175625027,318.2545860294142,49,0,0,0,0,0,0.509494321211079,0.033892734099189054,0.03454927437830797,1877eb25fb0c4bc370e5f405bd25de44f5621f186d23661d712ec7d9226300fd
memory-fragmented-03,memory-fragmented,headline,FLEX_FREE_NO_ALT,SHARED_NIC,128,PASS,129,2193,62627.046740279846,35.01681963536575,31297.368469513007,31481.377512027855,49.36099999999998,0.7094025573907693,7556270976,3445632.0,697932.3071625055,318.25458602941427,49,0,0,0,0,0,0.5031358772300826,0.033469755780960994,0.034118102495574565,1877eb25fb0c4bc370e5f405bd25de44f5621f186d23661d712ec7d9226300fd
memory-fragmented-03,memory-fragmented,headline,FLEX_POOL,LEGACY_DIRECTED_LINK,1,PASS,128,2176,438712.4957741968,4.959968136216427,3427.4413732334397,3427.4413732404937,49.36099999999998,0.1004835423961514,7059013632,3244032.0,638092.7568000051,293.2411566176494,49,0,0,0,0,0,0.07126683534469544,0.0026549530711327094,0.0036340772966279742,68663b7f3e438fa8fc2d46c659a3d0654b2b66d7e94825484ba169ae527c25c0
memory-fragmented-03,memory-fragmented,headline,FLEX_POOL,LEGACY_DIRECTED_LINK,8,PASS,121,2057,438712.4957742969,4.688719878766021,27419.530985919642,27419.53098592395,49.36099999999998,0.09498834867134018,6672973824,3244032.0,603197.0591625045,293.24115661764927,49,0,0,0,0,0,0.06736943028676702,0.0025097603250545664,0.003435338694467848,68663b7f3e438fa8fc2d46c659a3d0654b2b66d7e94825484ba169ae527c25c0
memory-fragmented-03,memory-fragmented,headline,FLEX_POOL,LEGACY_DIRECTED_LINK,32,PASS,97,1649,438712.4957736469,3.758725853231222,109678.12394366955,109678.1239436958,49.36099999999998,0.07614768447217891,5349408768,3244032.0,483554.66726250295,293.24115661764887,49,0,0,0,0,0,0.054006898659719645,0.002011956624220278,0.0027539492013543376,68663b7f3e438fa8fc2d46c659a3d0654b2b66d7e94825484ba169ae527c25c0
memory-fragmented-03,memory-fragmented,headline,FLEX_POOL,LEGACY_DIRECTED_LINK,64,PASS,65,1105,438712.4957720674,2.5187338191846296,219356.24788570404,219356.247886279,49.36099999999998,0.0510267988732933,3584655360,3244032.0,324031.4780625021,293.241156617649,49,0,0,0,0,0,0.03619018982365369,0.001348218356441123,0.0018454298772028481,68663b7f3e438fa8fc2d46c659a3d0654b2b66d7e94825484ba169ae527c25c0
memory-fragmented-03,memory-fragmented,headline,FLEX_POOL,LEGACY_DIRECTED_LINK,128,PASS,129,2193,877424.9915448802,2.499358943650317,438712.4957726896,438712.4957726896,49.36099999999998,0.050634285035763414,7114162176,3244032.0,643077.8564625052,293.24115661764944,49,0,0,0,0,0,0.03591180374805674,0.0013378474460058237,0.001831234262761273,68663b7f3e438fa8fc2d46c659a3d0654b2b66d7e94825484ba169ae527c25c0
memory-fragmented-03,memory-fragmented,headline,FLEX_POOL,SHARED_NIC,1,PASS,128,2176,177380.5485397059,12.267410479412918,1385.7855354669155,1385.7855354669373,49.36099999999998,0.2485243507913722,7059013632,3244032.0,638092.7568000051,293.2411566176494,49,0,0,0,0,0,0.17626313289363515,0.006566453298227751,0.008988105706997089,68663b7f3e438fa8fc2d46c659a3d0654b2b66d7e94825484ba169ae527c25c0
memory-fragmented-03,memory-fragmented,headline,FLEX_POOL,SHARED_NIC,8,PASS,121,2057,31259.22019785733,65.80458459872257,1954.9960806871532,2098.8717288195476,49.36099999999998,1.3331290816377828,6672973824,3244032.0,603197.0591625045,293.24115661764927,49,0,0,0,0,0,0.9455069804340794,0.03522363030909748,0.04821380709245302,68663b7f3e438fa8fc2d46c659a3d0654b2b66d7e94825484ba169ae527c25c0
memory-fragmented-03,memory-fragmented,headline,FLEX_POOL,SHARED_NIC,32,PASS,97,1649,31297.894163840316,52.687250821659255,7809.476819455165,7968.492425480552,49.36099999999998,1.0673862122254265,5349408768,3244032.0,483554.66726250295,293.24115661764887,49,0,0,0,0,0,0.7570318046309347,0.02820223326781466,0.0386029782398547,68663b7f3e438fa8fc2d46c659a3d0654b2b66d7e94825484ba169ae527c25c0
memory-fragmented-03,memory-fragmented,headline,FLEX_POOL,SHARED_NIC,64,PASS,65,1105,31247.595525560275,35.3627209202743,15712.492134216736,15792.191869454115,49.36099999999998,0.7164101399946174,3584655360,3244032.0,324031.4780625021,293.241156617649,49,0,0,0,0,0,0.5081059272868743,0.018928824123960956,0.025909614278568874,68663b7f3e438fa8fc2d46c659a3d0654b2b66d7e94825484ba169ae527c25c0
memory-fragmented-03,memory-fragmented,headline,FLEX_POOL,SHARED_NIC,128,PASS,129,2193,62542.54619897967,35.064130472445925,31241.819906939796,31452.232400125307,49.36099999999998,0.7103610233270383,7114162176,3244032.0,643077.8564625052,293.24115661764944,49,0,0,0,0,0,0.5038156585398843,0.018768995753152596,0.025690842557129823,68663b7f3e438fa8fc2d46c659a3d0654b2b66d7e94825484ba169ae527c25c0
memory-fragmented-03,memory-fragmented,headline,FLEX_POOL_NO_ALT,SHARED_NIC,1,PASS,128,2176,177380.5485397059,12.267410479412918,1385.7855354669155,1385.7855354669373,49.36099999999998,0.2485243507913722,7059013632,3244032.0,638092.7568000051,293.2411566176494,49,0,0,0,0,0,0.17626313289363515,0.006566453298227751,0.008988105706997089,68663b7f3e438fa8fc2d46c659a3d0654b2b66d7e94825484ba169ae527c25c0
memory-fragmented-03,memory-fragmented,headline,FLEX_POOL_NO_ALT,SHARED_NIC,8,PASS,121,2057,31259.22019785733,65.80458459872257,1954.9960806871532,2098.8717288195476,49.36099999999998,1.3331290816377828,6672973824,3244032.0,603197.0591625045,293.24115661764927,49,0,0,0,0,0,0.9455069804340794,0.03522363030909748,0.04821380709245302,68663b7f3e438fa8fc2d46c659a3d0654b2b66d7e94825484ba169ae527c25c0
memory-fragmented-03,memory-fragmented,headline,FLEX_POOL_NO_ALT,SHARED_NIC,32,PASS,97,1649,31297.894163840316,52.687250821659255,7809.476819455165,7968.492425480552,49.36099999999998,1.0673862122254265,5349408768,3244032.0,483554.66726250295,293.24115661764887,49,0,0,0,0,0,0.7570318046309347,0.02820223326781466,0.0386029782398547,68663b7f3e438fa8fc2d46c659a3d0654b2b66d7e94825484ba169ae527c25c0
memory-fragmented-03,memory-fragmented,headline,FLEX_POOL_NO_ALT,SHARED_NIC,64,PASS,65,1105,31247.595525560275,35.3627209202743,15712.492134216736,15792.191869454115,49.36099999999998,0.7164101399946174,3584655360,3244032.0,324031.4780625021,293.241156617649,49,0,0,0,0,0,0.5081059272868743,0.018928824123960956,0.025909614278568874,68663b7f3e438fa8fc2d46c659a3d0654b2b66d7e94825484ba169ae527c25c0
memory-fragmented-03,memory-fragmented,headline,FLEX_POOL_NO_ALT,SHARED_NIC,128,PASS,129,2193,62542.54619897967,35.064130472445925,31241.819906939796,31452.232400125307,49.36099999999998,0.7103610233270383,7114162176,3244032.0,643077.8564625052,293.24115661764944,49,0,0,0,0,0,0.5038156585398843,0.018768995753152596,0.025690842557129823,68663b7f3e438fa8fc2d46c659a3d0654b2b66d7e94825484ba169ae527c25c0
memory-fragmented-03,memory-fragmented,headline,U_STRONG,LEGACY_DIRECTED_LINK,1,PASS,128,2176,438712.4957741968,4.959968136216427,3427.4413732334397,3427.4413732404937,49.36099999999998,0.1004835423961514,7059013632,3244032.0,638092.7568000051,293.2411566176494,49,0,0,0,0,0,0.07126683534469544,0.0026549530711327094,0.0036340772966279742,68663b7f3e438fa8fc2d46c659a3d0654b2b66d7e94825484ba169ae527c25c0
memory-fragmented-03,memory-fragmented,headline,U_STRONG,LEGACY_DIRECTED_LINK,8,PASS,121,2057,438712.4957742969,4.688719878766021,27419.530985919642,27419.53098592395,49.36099999999998,0.09498834867134018,6672973824,3244032.0,603197.0591625045,293.24115661764927,49,0,0,0,0,0,0.06736943028676702,0.0025097603250545664,0.003435338694467848,68663b7f3e438fa8fc2d46c659a3d0654b2b66d7e94825484ba169ae527c25c0
memory-fragmented-03,memory-fragmented,headline,U_STRONG,LEGACY_DIRECTED_LINK,32,PASS,97,1649,438712.4957736469,3.758725853231222,109678.12394366955,109678.1239436958,49.36099999999998,0.07614768447217891,5349408768,3244032.0,483554.66726250295,293.24115661764887,49,0,0,0,0,0,0.054006898659719645,0.002011956624220278,0.0027539492013543376,68663b7f3e438fa8fc2d46c659a3d0654b2b66d7e94825484ba169ae527c25c0
memory-fragmented-03,memory-fragmented,headline,U_STRONG,LEGACY_DIRECTED_LINK,64,PASS,65,1105,438712.4957720674,2.5187338191846296,219356.24788570404,219356.247886279,49.36099999999998,0.0510267988732933,3584655360,3244032.0,324031.4780625021,293.241156617649,49,0,0,0,0,0,0.03619018982365369,0.001348218356441123,0.0018454298772028481,68663b7f3e438fa8fc2d46c659a3d0654b2b66d7e94825484ba169ae527c25c0
memory-fragmented-03,memory-fragmented,headline,U_STRONG,LEGACY_DIRECTED_LINK,128,PASS,129,2193,877424.9915448802,2.499358943650317,438712.4957726896,438712.4957726896,49.36099999999998,0.050634285035763414,7114162176,3244032.0,643077.8564625052,293.24115661764944,49,0,0,0,0,0,0.03591180374805674,0.0013378474460058237,0.001831234262761273,68663b7f3e438fa8fc2d46c659a3d0654b2b66d7e94825484ba169ae527c25c0
memory-fragmented-03,memory-fragmented,headline,U_STRONG,SHARED_NIC,1,PASS,128,2176,177380.5485397059,12.267410479412918,1385.7855354669155,1385.7855354669373,49.36099999999998,0.2485243507913722,7059013632,3244032.0,638092.7568000051,293.2411566176494,49,0,0,0,0,0,0.17626313289363515,0.006566453298227751,0.008988105706997089,68663b7f3e438fa8fc2d46c659a3d0654b2b66d7e94825484ba169ae527c25c0
memory-fragmented-03,memory-fragmented,headline,U_STRONG,SHARED_NIC,8,PASS,121,2057,31259.22019785733,65.80458459872257,1954.9960806871532,2098.8717288195476,49.36099999999998,1.3331290816377828,6672973824,3244032.0,603197.0591625045,293.24115661764927,49,0,0,0,0,0,0.9455069804340794,0.03522363030909748,0.04821380709245302,68663b7f3e438fa8fc2d46c659a3d0654b2b66d7e94825484ba169ae527c25c0
memory-fragmented-03,memory-fragmented,headline,U_STRONG,SHARED_NIC,32,PASS,97,1649,31297.894163840316,52.687250821659255,7809.476819455165,7968.492425480552,49.36099999999998,1.0673862122254265,5349408768,3244032.0,483554.66726250295,293.24115661764887,49,0,0,0,0,0,0.7570318046309347,0.02820223326781466,0.0386029782398547,68663b7f3e438fa8fc2d46c659a3d0654b2b66d7e94825484ba169ae527c25c0
memory-fragmented-03,memory-fragmented,headline,U_STRONG,SHARED_NIC,64,PASS,65,1105,31247.595525560275,35.3627209202743,15712.492134216736,15792.191869454115,49.36099999999998,0.7164101399946174,3584655360,3244032.0,324031.4780625021,293.241156617649,49,0,0,0,0,0,0.5081059272868743,0.018928824123960956,0.025909614278568874,68663b7f3e438fa8fc2d46c659a3d0654b2b66d7e94825484ba169ae527c25c0
memory-fragmented-03,memory-fragmented,headline,U_STRONG,SHARED_NIC,128,PASS,129,2193,62542.54619897967,35.064130472445925,31241.819906939796,31452.232400125307,49.36099999999998,0.7103610233270383,7114162176,3244032.0,643077.8564625052,293.24115661764944,49,0,0,0,0,0,0.5038156585398843,0.018768995753152596,0.025690842557129823,68663b7f3e438fa8fc2d46c659a3d0654b2b66d7e94825484ba169ae527c25c0
memory-fragmented-04,memory-fragmented,capacity_exploratory,FLEX_FREE,SHARED_NIC,1,PASS,128,2176,291445.0190488427,7.4662452873669745,2276.914211319425,2276.914211324416,69.2963,0.10774377978863192,26862075904,12344704.0,2297310.1008000444,1055.7491272059028,106,6,8,15722348544,17387473327,0,0.17787089414846205,0.010090140228291793,0.009232187622836235,31bd6a281a2e13c9bd73c4f9a6c902b4645f89bd007128ef1abbc5e5dfba33bc
memory-fragmented-04,memory-fragmented,capacity_exploratory,FLEX_FREE,SHARED_NIC,8,PASS,121,2057,60581.202554569085,33.95442667462961,3786.2600379656797,3965.3273930723153,69.2963,0.4899890279081222,25405180928,12350598.409333982,2173022.0535542145,1056.4035262781792,106,6,8,15722348544,17387473327,0,0.808907824543846,0.04588717800337449,0.041985445913010566,31bd6a281a2e13c9bd73c4f9a6c902b4645f89bd007128ef1abbc5e5dfba33bc
memory-fragmented-04,memory-fragmented,capacity_exploratory,FLEX_FREE,SHARED_NIC,32,PASS,97,1649,51894.952026388186,31.775730309211887,12894.306351203813,13410.812798032424,69.2963,0.4585487292858621,20369031296,12352353.727107339,1742432.3892125387,1056.6600298438682,106,6,8,15722348544,17387473327,0,0.757004001982518,0.04294281293153172,0.039291436696254636,31bd6a281a2e13c9bd73c4f9a6c902b4645f89bd007128ef1abbc5e5dfba33bc
memory-fragmented-04,memory-fragmented,capacity_exploratory,FLEX_FREE,SHARED_NIC,64,PASS,65,1105,51937.98818327214,21.27537162396081,26031.780831503333,26248.529890345682,69.2963,0.30702031167552685,13648385920,12351480.470588235,1167670.5858375258,1056.7154622964035,106,6,8,15722348544,17387473327,0,0.506850395137405,0.028752267683732964,0.026307496608813003,31bd6a281a2e13c9bd73c4f9a6c902b4645f89bd007128ef1abbc5e5dfba33bc
memory-fragmented-04,memory-fragmented,capacity_exploratory,FLEX_FREE,SHARED_NIC,128,PASS,129,2193,103751.61723257195,21.137019918293145,51939.93597345147,52278.829044667866,69.2963,0.30502378796982155,27086566272,12351375.409028728,2317344.7403458836,1056.700747991739,106,6,8,15722348544,17387473327,0,0.5035543955222138,0.0285652944385099,0.02613642147593129,31bd6a281a2e13c9bd73c4f9a6c902b4645f89bd007128ef1abbc5e5dfba33bc
memory-fragmented-04,memory-fragmented,capacity_exploratory,FLEX_FREE_NO_ALT,SHARED_NIC,1,PASS,128,2176,291403.0130123624,7.46732155411065,2276.586039159418,2276.5860391643946,69.2963,0.10775931116251011,26862075904,12344704.0,2299183.6048000474,1056.6101125000218,106,0,0,0,0,0,0.1778965344161832,0.010091594732121865,0.009233518451938066,e622c5a7fd9e8dd08486ef358f6344bbfdaab2636babd3cda742e2f7762470ae
memory-fragmented-04,memory-fragmented,capacity_exploratory,FLEX_FREE_NO_ALT,SHARED_NIC,8,PASS,121,2057,61562.77426347608,33.41304911303153,3829.314825472371,3994.042719252291,69.2963,0.4821765247644035,25393056128,12344704.0,2173447.001412545,1056.6101125000218,106,0,0,0,0,0,0.796010403250134,0.04515554177890996,0.041316019845275574,e622c5a7fd9e8dd08486ef358f6344bbfdaab2636babd3cda742e2f7762470ae
memory-fragmented-04,memory-fragmented,capacity_exploratory,FLEX_FREE_NO_ALT,SHARED_NIC,32,PASS,97,1649,52300.09739177469,31.529577997675784,13054.961495136253,13248.199451402907,69.2963,0.45499655822425994,20356416896,12344704.0,1742350.075512536,1056.6101125000218,106,0,0,0,0,0,0.7511398319660681,0.0426101542462994,0.038987063582804786,e622c5a7fd9e8dd08486ef358f6344bbfdaab2636babd3cda742e2f7762470ae
memory-fragmented-04,memory-fragmented,capacity_exploratory,FLEX_FREE_NO_ALT,SHARED_NIC,64,PASS,65,1105,51754.36762928457,21.350855021842627,25952.936599041706,26127.79126161286,69.2963,0.3081095963542444,13640897920,12344704.0,1167554.1743125247,1056.6101125000223,106,0,0,0,0,0,0.5086486617302961,0.028854278539286314,0.02640083360282166,e622c5a7fd9e8dd08486ef358f6344bbfdaab2636babd3cda742e2f7762470ae
memory-fragmented-04,memory-fragmented,capacity_exploratory,FLEX_FREE_NO_ALT,SHARED_NIC,128,PASS,129,2193,103624.52718199645,21.16294336521719,51798.08208252155,51983.61266398251,69.2963,0.305397883656374,27071935872,12344704.0,2317145.9767125477,1056.6101125000218,106,0,0,0,0,0,0.5041719785919251,0.028600328274741724,0.026168476426796396,e622c5a7fd9e8dd08486ef358f6344bbfdaab2636babd3cda742e2f7762470ae
memory-fragmented-04,memory-fragmented,capacity_exploratory,FLEX_POOL,LEGACY_DIRECTED_LINK,1,PASS,128,2176,961204.2409907528,2.2638268821588916,7509.408132743643,7509.408132763347,69.2963,0.03266879879818824,26862075904,12344704.0,2299183.6048000474,1056.6101125000218,106,6,8,15722348544,17387473327,0,0.05393191573926059,0.0030594133750480265,0.002799275099771311,31bd6a281a2e13c9bd73c4f9a6c902b4645f89bd007128ef1abbc5e5dfba33bc
memory-fragmented-04,memory-fragmented,capacity_exploratory,FLEX_POOL,LEGACY_DIRECTED_LINK,8,PASS,121,2057,961204.2409903628,2.140023849541696,60075.26506179478,60075.26506210677,69.2963,0.030882223863924852,25393056128,12344704.0,2173447.001412545,1056.6101125000218,106,6,8,15722348544,17387473327,0,0.050982514097290474,0.002892101706101262,0.002646189742753642,31bd6a281a2e13c9bd73c4f9a6c902b4645f89bd007128ef1abbc5e5dfba33bc
memory-fragmented-04,memory-fragmented,capacity_exploratory,FLEX_POOL,LEGACY_DIRECTED_LINK,32,PASS,97,1649,961204.2409878718,1.7155563091411772,240301.06024710007,240301.06024721533,69.2963,0.024756824089326227,20356416896,12344704.0,1742350.075512536,1056.6101125000218,106,6,8,15722348544,17387473327,0,0.04087027989628098,0.0023184616982855357,0.00212132566155181,31bd6a281a2e13c9bd73c4f9a6c902b4645f89bd007128ef1abbc5e5dfba33bc
memory-fragmented-04,memory-fragmented,capacity_exploratory,FLEX_POOL,LEGACY_DIRECTED_LINK,64,PASS,65,1105,961204.2409863296,1.1495995886016024,480602.1204930395,480602.1204932242,69.2963,0.016589624389781305,13640897920,12344704.0,1167554.1743125247,1056.6101125000223,106,6,8,15722348544,17387473327,0,0.027387300961469383,0.0015536083545237276,0.0014215068866091636,31bd6a281a2e13c9bd73c4f9a6c902b4645f89bd007128ef1abbc5e5dfba33bc
memory-fragmented-04,memory-fragmented,capacity_exploratory,FLEX_POOL,LEGACY_DIRECTED_LINK,128,PASS,129,2193,1922408.4819728602,1.1407565148430092,961204.2409864664,961204.2409864664,69.2963,0.016462011894473574,27071935872,12344704.0,2317145.9767125477,1056.6101125000218,106,6,8,15722348544,17387473327,0,0.027176629415608996,0.0015416575210272278,0.0014105722182504805,31bd6a281a2e13c9bd73c4f9a6c902b4645f89bd007128ef1abbc5e5dfba33bc
memory-fragmented-04,memory-fragmented,capacity_exploratory,FLEX_POOL,SHARED_NIC,1,PASS,128,2176,291445.0190488427,7.4662452873669745,2276.914211319425,2276.914211324416,69.2963,0.10774377978863192,26862075904,12344704.0,2297310.1008000444,1055.7491272059028,106,6,8,15722348544,17387473327,0,0.17787089414846205,0.010090140228291793,0.009232187622836235,31bd6a281a2e13c9bd73c4f9a6c902b4645f89bd007128ef1abbc5e5dfba33bc
memory-fragmented-04,memory-fragmented,capacity_exploratory,FLEX_POOL,SHARED_NIC,8,PASS,121,2057,60581.202554569085,33.95442667462961,3786.2600379656797,3965.3273930723153,69.2963,0.4899890279081222,25405180928,12350598.409333982,2173022.0535542145,1056.4035262781792,106,6,8,15722348544,17387473327,0,0.808907824543846,0.04588717800337449,0.041985445913010566,31bd6a281a2e13c9bd73c4f9a6c902b4645f89bd007128ef1abbc5e5dfba33bc
memory-fragmented-04,memory-fragmented,capacity_exploratory,FLEX_POOL,SHARED_NIC,32,PASS,97,1649,51894.952026388186,31.775730309211887,12894.306351203813,13410.812798032424,69.2963,0.4585487292858621,20369031296,12352353.727107339,1742432.3892125387,1056.6600298438682,106,6,8,15722348544,17387473327,0,0.757004001982518,0.04294281293153172,0.039291436696254636,31bd6a281a2e13c9bd73c4f9a6c902b4645f89bd007128ef1abbc5e5dfba33bc
memory-fragmented-04,memory-fragmented,capacity_exploratory,FLEX_POOL,SHARED_NIC,64,PASS,65,1105,51937.98818327214,21.27537162396081,26031.780831503333,26248.529890345682,69.2963,0.30702031167552685,13648385920,12351480.470588235,1167670.5858375258,1056.7154622964035,106,6,8,15722348544,17387473327,0,0.506850395137405,0.028752267683732964,0.026307496608813003,31bd6a281a2e13c9bd73c4f9a6c902b4645f89bd007128ef1abbc5e5dfba33bc
memory-fragmented-04,memory-fragmented,capacity_exploratory,FLEX_POOL,SHARED_NIC,128,PASS,129,2193,103751.61723257195,21.137019918293145,51939.93597345147,52278.829044667866,69.2963,0.30502378796982155,27086566272,12351375.409028728,2317344.7403458836,1056.700747991739,106,6,8,15722348544,17387473327,0,0.5035543955222138,0.0285652944385099,0.02613642147593129,31bd6a281a2e13c9bd73c4f9a6c902b4645f89bd007128ef1abbc5e5dfba33bc
memory-fragmented-04,memory-fragmented,capacity_exploratory,FLEX_POOL_NO_ALT,SHARED_NIC,1,PASS,128,2176,291403.0130123624,7.46732155411065,2276.586039159418,2276.5860391643946,69.2963,0.10775931116251011,26862075904,12344704.0,2299183.6048000474,1056.6101125000218,106,0,0,0,0,0,0.1778965344161832,0.010091594732121865,0.009233518451938066,e622c5a7fd9e8dd08486ef358f6344bbfdaab2636babd3cda742e2f7762470ae
memory-fragmented-04,memory-fragmented,capacity_exploratory,FLEX_POOL_NO_ALT,SHARED_NIC,8,PASS,121,2057,61562.77426347608,33.41304911303153,3829.314825472371,3994.042719252291,69.2963,0.4821765247644035,25393056128,12344704.0,2173447.001412545,1056.6101125000218,106,0,0,0,0,0,0.796010403250134,0.04515554177890996,0.041316019845275574,e622c5a7fd9e8dd08486ef358f6344bbfdaab2636babd3cda742e2f7762470ae
memory-fragmented-04,memory-fragmented,capacity_exploratory,FLEX_POOL_NO_ALT,SHARED_NIC,32,PASS,97,1649,52300.09739177469,31.529577997675784,13054.961495136253,13248.199451402907,69.2963,0.45499655822425994,20356416896,12344704.0,1742350.075512536,1056.6101125000218,106,0,0,0,0,0,0.7511398319660681,0.0426101542462994,0.038987063582804786,e622c5a7fd9e8dd08486ef358f6344bbfdaab2636babd3cda742e2f7762470ae
memory-fragmented-04,memory-fragmented,capacity_exploratory,FLEX_POOL_NO_ALT,SHARED_NIC,64,PASS,65,1105,51754.36762928457,21.350855021842627,25952.936599041706,26127.79126161286,69.2963,0.3081095963542444,13640897920,12344704.0,1167554.1743125247,1056.6101125000223,106,0,0,0,0,0,0.5086486617302961,0.028854278539286314,0.02640083360282166,e622c5a7fd9e8dd08486ef358f6344bbfdaab2636babd3cda742e2f7762470ae
memory-fragmented-04,memory-fragmented,capacity_exploratory,FLEX_POOL_NO_ALT,SHARED_NIC,128,PASS,129,2193,103624.52718199645,21.16294336521719,51798.08208252155,51983.61266398251,69.2963,0.305397883656374,27071935872,12344704.0,2317145.9767125477,1056.6101125000218,106,0,0,0,0,0,0.5041719785919251,0.028600328274741724,0.026168476426796396,e622c5a7fd9e8dd08486ef358f6344bbfdaab2636babd3cda742e2f7762470ae
memory-fragmented-04,memory-fragmented,capacity_exploratory,U_STRONG,LEGACY_DIRECTED_LINK,1,PASS,128,2176,836521.8793296625,2.601246965284056,6535.327182264067,6535.327182281879,69.2963,0.037538035440334565,26423394304,12143104.0,2215702.3098666896,1018.245546813736,106,0,0,0,0,0,0.061970388837736416,0.0036655179904405166,0.003664132878456453,0edfa33322cfd5d98b7c31ce141a8a657cdbb902c94811a82997a2e6e3811553
memory-fragmented-04,memory-fragmented,capacity_exploratory,U_STRONG,LEGACY_DIRECTED_LINK,8,PASS,121,2057,836521.8793293725,2.458991271870937,52282.61745811254,52282.61745825503,69.2963,0.035485174127203575,24978364928,12143104.0,2094531.0897958563,1018.2455468137366,106,0,0,0,0,0,0.05858138319819303,0.0034650599753395022,0.0034637506116670675,0edfa33322cfd5d98b7c31ce141a8a657cdbb902c94811a82997a2e6e3811553
memory-fragmented-04,memory-fragmented,capacity_exploratory,U_STRONG,LEGACY_DIRECTED_LINK,32,PASS,97,1649,836521.8793274807,1.9712574658844653,209130.46983187273,209130.46983228135,69.2963,0.02844679248220273,20023978496,12143104.0,1679086.9066958507,1018.245546813736,106,0,0,0,0,0,0.0469619352912197,0.0027777753521379504,0.002776725696962528,0edfa33322cfd5d98b7c31ce141a8a657cdbb902c94811a82997a2e6e3811553
memory-fragmented-04,memory-fragmented,capacity_exploratory,U_STRONG,LEGACY_DIRECTED_LINK,64,PASS,65,1105,836521.8793256854,1.32094572456459,418260.9396625472,418260.9396630937,69.2963,0.019062283622135523,13418129920,12143104.0,1125161.3292291765,1018.2455468137344,106,0,0,0,0,0,0.03146933808181274,0.0018613958545294273,0.0018606924773500175,0edfa33322cfd5d98b7c31ce141a8a657cdbb902c94811a82997a2e6e3811553
memory-fragmented-04,memory-fragmented,capacity_exploratory,U_STRONG,LEGACY_DIRECTED_LINK,128,PASS,129,2193,1673043.758650693,1.310784603606932,836521.8793254374,836521.8793254495,69.2963,0.018915650671203686,26629827072,12143104.0,2233012.484162523,1018.2455468137359,106,0,0,0,0,0,0.031227266250426728,0.0018470774248799465,0.0018463794582942233,0edfa33322cfd5d98b7c31ce141a8a657cdbb902c94811a82997a2e6e3811553
memory-fragmented-04,memory-fragmented,capacity_exploratory,U_STRONG,SHARED_NIC,1,PASS,128,2176,288416.02236574097,7.544657131567434,2253.250174732806,2253.25017473771,69.2963,0.10887532424627915,26423394304,12143104.0,2215702.3098666896,1018.245546813736,106,0,0,0,0,0,0.17973892611137712,0.010631468990275532,0.010627451611246145,0edfa33322cfd5d98b7c31ce141a8a657cdbb902c94811a82997a2e6e3811553
memory-fragmented-04,memory-fragmented,capacity_exploratory,U_STRONG,SHARED_NIC,8,PASS,121,2057,62376.13460534171,32.977356051553805,3884.7223362508084,4126.12057087295,69.2963,0.4758891319096951,24978364928,12143104.0,2094531.0897958563,1018.2455468137366,106,0,0,0,0,0,0.7856307396526292,0.04646967146809643,0.04645211168554625,0edfa33322cfd5d98b7c31ce141a8a657cdbb902c94811a82997a2e6e3811553
memory-fragmented-04,memory-fragmented,capacity_exploratory,U_STRONG,SHARED_NIC,32,PASS,97,1649,57372.9606761739,28.74176233134164,14244.33970427714,14675.668370960731,69.2963,0.41476618998909953,20023978496,12143104.0,1679086.9066958507,1018.245546813736,106,0,0,0,0,0,0.6847247536761853,0.04050113207570578,0.04048582766209975,0edfa33322cfd5d98b7c31ce141a8a657cdbb902c94811a82997a2e6e3811553
memory-fragmented-04,memory-fragmented,capacity_exploratory,U_STRONG,SHARED_NIC,64,PASS,65,1105,57467.80479623663,19.228157468655606,28777.16349978189,29059.854895695993,69.2963,0.27747740454621106,13418129920,12143104.0,1125161.3292291765,1018.2455468137344,106,0,0,0,0,0,0.4580789178684144,0.027095142470136002,0.02708490386084719,0edfa33322cfd5d98b7c31ce141a8a657cdbb902c94811a82997a2e6e3811553
memory-fragmented-04,memory-fragmented,capacity_exploratory,U_STRONG,SHARED_NIC,128,PASS,129,2193,115408.46782664633,19.002071869579613,57569.672059864446,58027.17911860454,69.2963,0.2742148118958676,26629827072,12143104.0,2233012.484162523,1018.2455468137359,106,0,0,0,0,0,0.45269280394984385,0.02677655648354853,0.026766438260319495,0edfa33322cfd5d98b7c31ce141a8a657cdbb902c94811a82997a2e6e3811553
memory-fragmented-05,memory-fragmented,headline,FLEX_FREE,SHARED_NIC,1,PASS,128,2176,182709.27306920246,11.909630876676,1427.416195853526,1427.416195853657,48.2177,0.24699707527891207,7121403904,3272704.0,649975.3088000059,298.70188823529685,49,0,0,0,0,0,0.21334919758142623,0.006345803295713723,0.011231871437760709,ac5c93acca10b069266bb479fa648e6f1c183f1da1221432870cc543ab8f5d5e
memory-fragmented-05,memory-fragmented,headline,FLEX_FREE,SHARED_NIC,8,PASS,121,2057,39072.87152947072,52.64522210630225,2437.4591486066693,2550.0218184003315,48.2177,1.0918235856604992,6731952128,3272704.0,614429.7841000053,298.7018882352967,49,0,0,0,0,0,0.9430868184900769,0.02805093015939005,0.049649260555032354,ac5c93acca10b069266bb479fa648e6f1c183f1da1221432870cc543ab8f5d5e
memory-fragmented-05,memory-fragmented,headline,FLEX_FREE,SHARED_NIC,32,PASS,97,1649,38945.65979766035,42.34104669345114,9736.150879934474,9845.08553828367,48.2177,0.87812248807909,5396688896,3272704.0,492559.41370000347,298.7018882352962,49,0,0,0,0,0,0.7584977595314658,0.0225605609807331,0.039931480490501915,ac5c93acca10b069266bb479fa648e6f1c183f1da1221432870cc543ab8f5d5e
memory-fragmented-05,memory-fragmented,headline,FLEX_FREE,SHARED_NIC,64,PASS,65,1105,38907.4347106462,28.40074161192745,19487.68196427582,19593.650340212655,48.2177,0.5890107079335483,3616337920,3272704.0,330065.58650000236,298.7018882352963,49,0,0,0,0,0,0.5087710522992545,0.015132754456281176,0.02678449750671555,ac5c93acca10b069266bb479fa648e6f1c183f1da1221432870cc543ab8f5d5e
memory-fragmented-05,memory-fragmented,headline,FLEX_FREE,SHARED_NIC,128,PASS,129,2193,77907.68914398758,28.14869782553731,38975.17884976871,39084.608541412206,48.2177,0.5837835032682461,7177039872,3272704.0,655053.240900006,298.70188823529685,49,0,0,0,0,0,0.5042559384272512,0.014998458078257358,0.026546797158590957,ac5c93acca10b069266bb479fa648e6f1c183f1da1221432870cc543ab8f5d5e
memory-fragmented-05,memory-fragmented,headline,FLEX_FREE_NO_ALT,SHARED_NIC,1,PASS,128,2176,182709.27306920246,11.909630876676,1427.416195853526,1427.416195853657,48.2177,0.24699707527891207,7121403904,3272704.0,649975.3088000059,298.70188823529685,49,0,0,0,0,0,0.21334919758142623,0.006345803295713723,0.011231871437760709,ac5c93acca10b069266bb479fa648e6f1c183f1da1221432870cc543ab8f5d5e
memory-fragmented-05,memory-fragmented,headline,FLEX_FREE_NO_ALT,SHARED_NIC,8,PASS,121,2057,39072.87152947072,52.64522210630225,2437.4591486066693,2550.0218184003315,48.2177,1.0918235856604992,6731952128,3272704.0,614429.7841000053,298.7018882352967,49,0,0,0,0,0,0.9430868184900769,0.02805093015939005,0.049649260555032354,ac5c93acca10b069266bb479fa648e6f1c183f1da1221432870cc543ab8f5d5e
memory-fragmented-05,memory-fragmented,headline,FLEX_FREE_NO_ALT,SHARED_NIC,32,PASS,97,1649,38945.65979766035,42.34104669345114,9736.150879934474,9845.08553828367,48.2177,0.87812248807909,5396688896,3272704.0,492559.41370000347,298.7018882352962,49,0,0,0,0,0,0.7584977595314658,0.0225605609807331,0.039931480490501915,ac5c93acca10b069266bb479fa648e6f1c183f1da1221432870cc543ab8f5d5e
memory-fragmented-05,memory-fragmented,headline,FLEX_FREE_NO_ALT,SHARED_NIC,64,PASS,65,1105,38907.4347106462,28.40074161192745,19487.68196427582,19593.650340212655,48.2177,0.5890107079335483,3616337920,3272704.0,330065.58650000236,298.7018882352963,49,0,0,0,0,0,0.5087710522992545,0.015132754456281176,0.02678449750671555,ac5c93acca10b069266bb479fa648e6f1c183f1da1221432870cc543ab8f5d5e
memory-fragmented-05,memory-fragmented,headline,FLEX_FREE_NO_ALT,SHARED_NIC,128,PASS,129,2193,77907.68914398758,28.14869782553731,38975.17884976871,39084.608541412206,48.2177,0.5837835032682461,7177039872,3272704.0,655053.240900006,298.70188823529685,49,0,0,0,0,0,0.5042559384272512,0.014998458078257358,0.026546797158590957,ac5c93acca10b069266bb479fa648e6f1c183f1da1221432870cc543ab8f5d5e
memory-fragmented-05,memory-fragmented,headline,FLEX_POOL,LEGACY_DIRECTED_LINK,1,PASS,128,2176,542636.422512182,4.0100514999085775,4239.347050874152,4239.347050883167,48.2177,0.08316554916365936,7121403904,3272704.0,649975.3088000059,298.70188823529685,49,0,0,0,0,0,0.07183608615790055,0.0021366739479673877,0.0037818454133604095,ac5c93acca10b069266bb479fa648e6f1c183f1da1221432870cc543ab8f5d5e
memory-fragmented-05,memory-fragmented,headline,FLEX_POOL,LEGACY_DIRECTED_LINK,8,PASS,121,2057,542636.4225118584,3.7907518085095875,33914.77640700585,33914.776407065336,48.2177,0.0786174331938186,6731952128,3272704.0,614429.7841000053,298.7018882352967,49,0,0,0,0,0,0.0679075501961809,0.0020198245914391255,0.003575025742319395,ac5c93acca10b069266bb479fa648e6f1c183f1da1221432870cc543ab8f5d5e
memory-fragmented-05,memory-fragmented,headline,FLEX_POOL,LEGACY_DIRECTED_LINK,32,PASS,97,1649,542636.4225108068,3.03886715228217,135659.1056275958,135659.10562826134,48.2177,0.06302389272574532,5396688896,3272704.0,492559.41370000347,298.7018882352962,49,0,0,0,0,0,0.05443828404167204,0.0016191982261981382,0.002865929727319451,ac5c93acca10b069266bb479fa648e6f1c183f1da1221432870cc543ab8f5d5e
memory-fragmented-05,memory-fragmented,headline,FLEX_POOL,LEGACY_DIRECTED_LINK,64,PASS,65,1105,542636.4225090018,2.036354277309259,271318.21125442535,271318.2112545217,48.2177,0.04223250543491827,3616337920,3272704.0,330065.58650000236,298.7018882352963,49,0,0,0,0,0,0.03647926250227265,0.0010850297392085452,0.0019204683739833433,ac5c93acca10b069266bb479fa648e6f1c183f1da1221432870cc543ab8f5d5e
memory-fragmented-05,memory-fragmented,headline,FLEX_POOL,LEGACY_DIRECTED_LINK,128,PASS,129,2193,1085272.845021268,2.0206900136315715,542636.4225110412,542636.4225110412,48.2177,0.04190764000836978,7177039872,3272704.0,655053.240900006,298.70188823529685,49,0,0,0,0,0,0.03619865279060784,0.0010766833565960133,0.0019056955403315807,ac5c93acca10b069266bb479fa648e6f1c183f1da1221432870cc543ab8f5d5e
memory-fragmented-05,memory-fragmented,headline,FLEX_POOL,SHARED_NIC,1,PASS,128,2176,182709.27306920246,11.909630876676,1427.416195853526,1427.416195853657,48.2177,0.24699707527891207,7121403904,3272704.0,649975.3088000059,298.70188823529685,49,0,0,0,0,0,0.21334919758142623,0.006345803295713723,0.011231871437760709,ac5c93acca10b069266bb479fa648e6f1c183f1da1221432870cc543ab8f5d5e
memory-fragmented-05,memory-fragmented,headline,FLEX_POOL,SHARED_NIC,8,PASS,121,2057,39072.87152947072,52.64522210630225,2437.4591486066693,2550.0218184003315,48.2177,1.0918235856604992,6731952128,3272704.0,614429.7841000053,298.7018882352967,49,0,0,0,0,0,0.9430868184900769,0.02805093015939005,0.049649260555032354,ac5c93acca10b069266bb479fa648e6f1c183f1da1221432870cc543ab8f5d5e
memory-fragmented-05,memory-fragmented,headline,FLEX_POOL,SHARED_NIC,32,PASS,97,1649,38945.65979766035,42.34104669345114,9736.150879934474,9845.08553828367,48.2177,0.87812248807909,5396688896,3272704.0,492559.41370000347,298.7018882352962,49,0,0,0,0,0,0.7584977595314658,0.0225605609807331,0.039931480490501915,ac5c93acca10b069266bb479fa648e6f1c183f1da1221432870cc543ab8f5d5e
memory-fragmented-05,memory-fragmented,headline,FLEX_POOL,SHARED_NIC,64,PASS,65,1105,38907.4347106462,28.40074161192745,19487.68196427582,19593.650340212655,48.2177,0.5890107079335483,3616337920,3272704.0,330065.58650000236,298.7018882352963,49,0,0,0,0,0,0.5087710522992545,0.015132754456281176,0.02678449750671555,ac5c93acca10b069266bb479fa648e6f1c183f1da1221432870cc543ab8f5d5e
memory-fragmented-05,memory-fragmented,headline,FLEX_POOL,SHARED_NIC,128,PASS,129,2193,77907.68914398758,28.14869782553731,38975.17884976871,39084.608541412206,48.2177,0.5837835032682461,7177039872,3272704.0,655053.240900006,298.70188823529685,49,0,0,0,0,0,0.5042559384272512,0.014998458078257358,0.026546797158590957,ac5c93acca10b069266bb479fa648e6f1c183f1da1221432870cc543ab8f5d5e
memory-fragmented-05,memory-fragmented,headline,FLEX_POOL_NO_ALT,SHARED_NIC,1,PASS,128,2176,182709.27306920246,11.909630876676,1427.416195853526,1427.416195853657,48.2177,0.24699707527891207,7121403904,3272704.0,649975.3088000059,298.70188823529685,49,0,0,0,0,0,0.21334919758142623,0.006345803295713723,0.011231871437760709,ac5c93acca10b069266bb479fa648e6f1c183f1da1221432870cc543ab8f5d5e
memory-fragmented-05,memory-fragmented,headline,FLEX_POOL_NO_ALT,SHARED_NIC,8,PASS,121,2057,39072.87152947072,52.64522210630225,2437.4591486066693,2550.0218184003315,48.2177,1.0918235856604992,6731952128,3272704.0,614429.7841000053,298.7018882352967,49,0,0,0,0,0,0.9430868184900769,0.02805093015939005,0.049649260555032354,ac5c93acca10b069266bb479fa648e6f1c183f1da1221432870cc543ab8f5d5e
memory-fragmented-05,memory-fragmented,headline,FLEX_POOL_NO_ALT,SHARED_NIC,32,PASS,97,1649,38945.65979766035,42.34104669345114,9736.150879934474,9845.08553828367,48.2177,0.87812248807909,5396688896,3272704.0,492559.41370000347,298.7018882352962,49,0,0,0,0,0,0.7584977595314658,0.0225605609807331,0.039931480490501915,ac5c93acca10b069266bb479fa648e6f1c183f1da1221432870cc543ab8f5d5e
memory-fragmented-05,memory-fragmented,headline,FLEX_POOL_NO_ALT,SHARED_NIC,64,PASS,65,1105,38907.4347106462,28.40074161192745,19487.68196427582,19593.650340212655,48.2177,0.5890107079335483,3616337920,3272704.0,330065.58650000236,298.7018882352963,49,0,0,0,0,0,0.5087710522992545,0.015132754456281176,0.02678449750671555,ac5c93acca10b069266bb479fa648e6f1c183f1da1221432870cc543ab8f5d5e
memory-fragmented-05,memory-fragmented,headline,FLEX_POOL_NO_ALT,SHARED_NIC,128,PASS,129,2193,77907.68914398758,28.14869782553731,38975.17884976871,39084.608541412206,48.2177,0.5837835032682461,7177039872,3272704.0,655053.240900006,298.70188823529685,49,0,0,0,0,0,0.5042559384272512,0.014998458078257358,0.026546797158590957,ac5c93acca10b069266bb479fa648e6f1c183f1da1221432870cc543ab8f5d5e
memory-fragmented-05,memory-fragmented,headline,U_STRONG,LEGACY_DIRECTED_LINK,1,PASS,128,2176,542636.422512182,4.0100514999085775,4239.347050874152,4239.347050883167,48.2177,0.08316554916365936,7121403904,3272704.0,649975.3088000059,298.70188823529685,49,0,0,0,0,0,0.07183608615790055,0.0021366739479673877,0.0037818454133604095,ac5c93acca10b069266bb479fa648e6f1c183f1da1221432870cc543ab8f5d5e
memory-fragmented-05,memory-fragmented,headline,U_STRONG,LEGACY_DIRECTED_LINK,8,PASS,121,2057,542636.4225118584,3.7907518085095875,33914.77640700585,33914.776407065336,48.2177,0.0786174331938186,6731952128,3272704.0,614429.7841000053,298.7018882352967,49,0,0,0,0,0,0.0679075501961809,0.0020198245914391255,0.003575025742319395,ac5c93acca10b069266bb479fa648e6f1c183f1da1221432870cc543ab8f5d5e
memory-fragmented-05,memory-fragmented,headline,U_STRONG,LEGACY_DIRECTED_LINK,32,PASS,97,1649,542636.4225108068,3.03886715228217,135659.1056275958,135659.10562826134,48.2177,0.06302389272574532,5396688896,3272704.0,492559.41370000347,298.7018882352962,49,0,0,0,0,0,0.05443828404167204,0.0016191982261981382,0.002865929727319451,ac5c93acca10b069266bb479fa648e6f1c183f1da1221432870cc543ab8f5d5e
memory-fragmented-05,memory-fragmented,headline,U_STRONG,LEGACY_DIRECTED_LINK,64,PASS,65,1105,542636.4225090018,2.036354277309259,271318.21125442535,271318.2112545217,48.2177,0.04223250543491827,3616337920,3272704.0,330065.58650000236,298.7018882352963,49,0,0,0,0,0,0.03647926250227265,0.0010850297392085452,0.0019204683739833433,ac5c93acca10b069266bb479fa648e6f1c183f1da1221432870cc543ab8f5d5e
memory-fragmented-05,memory-fragmented,headline,U_STRONG,LEGACY_DIRECTED_LINK,128,PASS,129,2193,1085272.845021268,2.0206900136315715,542636.4225110412,542636.4225110412,48.2177,0.04190764000836978,7177039872,3272704.0,655053.240900006,298.70188823529685,49,0,0,0,0,0,0.03619865279060784,0.0010766833565960133,0.0019056955403315807,ac5c93acca10b069266bb479fa648e6f1c183f1da1221432870cc543ab8f5d5e
memory-fragmented-05,memory-fragmented,headline,U_STRONG,SHARED_NIC,1,PASS,128,2176,182709.27306920246,11.909630876676,1427.416195853526,1427.416195853657,48.2177,0.24699707527891207,7121403904,3272704.0,649975.3088000059,298.70188823529685,49,0,0,0,0,0,0.21334919758142623,0.006345803295713723,0.011231871437760709,ac5c93acca10b069266bb479fa648e6f1c183f1da1221432870cc543ab8f5d5e
memory-fragmented-05,memory-fragmented,headline,U_STRONG,SHARED_NIC,8,PASS,121,2057,39072.87152947072,52.64522210630225,2437.4591486066693,2550.0218184003315,48.2177,1.0918235856604992,6731952128,3272704.0,614429.7841000053,298.7018882352967,49,0,0,0,0,0,0.9430868184900769,0.02805093015939005,0.049649260555032354,ac5c93acca10b069266bb479fa648e6f1c183f1da1221432870cc543ab8f5d5e
memory-fragmented-05,memory-fragmented,headline,U_STRONG,SHARED_NIC,32,PASS,97,1649,38945.65979766035,42.34104669345114,9736.150879934474,9845.08553828367,48.2177,0.87812248807909,5396688896,3272704.0,492559.41370000347,298.7018882352962,49,0,0,0,0,0,0.7584977595314658,0.0225605609807331,0.039931480490501915,ac5c93acca10b069266bb479fa648e6f1c183f1da1221432870cc543ab8f5d5e
memory-fragmented-05,memory-fragmented,headline,U_STRONG,SHARED_NIC,64,PASS,65,1105,38907.4347106462,28.40074161192745,19487.68196427582,19593.650340212655,48.2177,0.5890107079335483,3616337920,3272704.0,330065.58650000236,298.7018882352963,49,0,0,0,0,0,0.5087710522992545,0.015132754456281176,0.02678449750671555,ac5c93acca10b069266bb479fa648e6f1c183f1da1221432870cc543ab8f5d5e
memory-fragmented-05,memory-fragmented,headline,U_STRONG,SHARED_NIC,128,PASS,129,2193,77907.68914398758,28.14869782553731,38975.17884976871,39084.608541412206,48.2177,0.5837835032682461,7177039872,3272704.0,655053.240900006,298.70188823529685,49,0,0,0,0,0,0.5042559384272512,0.014998458078257358,0.026546797158590957,ac5c93acca10b069266bb479fa648e6f1c183f1da1221432870cc543ab8f5d5e
memory-fragmented-06,memory-fragmented,capacity_exploratory,FLEX_FREE,SHARED_NIC,1,PASS,128,2176,268741.57706735376,8.096997955231306,2099.5435708396,2099.5435708400964,72.39880000000001,0.11183884201438843,34428846080,15822080.0,1955488.425066628,898.6619600490019,110,0,0,0,0,0,0.19289752891619308,0.017641687476485157,0.01762842135503535,d06b4594a872a0c2d0ef262722db132c7ed21dc003aec7f41a36fad83c608c1f
memory-fragmented-06,memory-fragmented,capacity_exploratory,FLEX_FREE,SHARED_NIC,8,PASS,121,2057,52581.25160638747,39.12040769585103,3276.870427738617,3455.7239194417343,72.39880000000001,0.5403460788832277,32546018560,15822080.0,1848547.6518207972,898.661960049002,110,0,0,0,0,0,0.9319787427942011,0.08523529465349516,0.0851711997775265,d06b4594a872a0c2d0ef262722db132c7ed21dc003aec7f41a36fad83c608c1f
memory-fragmented-06,memory-fragmented,capacity_exploratory,FLEX_FREE,SHARED_NIC,32,PASS,97,1649,51643.67552734102,31.930337706637317,12924.877089620059,13131.177573329487,72.39880000000001,0.44103407386085564,26090609920,15822080.0,1481893.572120806,898.661960049003,110,0,0,0,0,0,0.7606872664566384,0.0695696160421017,0.0695173013768033,d06b4594a872a0c2d0ef262722db132c7ed21dc003aec7f41a36fad83c608c1f
memory-fragmented-06,memory-fragmented,capacity_exploratory,FLEX_FREE,SHARED_NIC,64,PASS,65,1105,51703.44206943254,21.371884651627173,25841.951377782592,26107.24964417129,72.39880000000001,0.29519666971865793,17483398400,15822080.0,993021.4658541505,898.661960049005,110,0,0,0,0,0,0.5091496577342337,0.046564925901197825,0.04652991020538469,d06b4594a872a0c2d0ef262722db132c7ed21dc003aec7f41a36fad83c608c1f
memory-fragmented-06,memory-fragmented,capacity_exploratory,FLEX_FREE,SHARED_NIC,128,PASS,129,2193,103756.43366820039,21.136038725202617,51886.26429693593,52027.64618089486,72.39880000000001,0.2919390753051517,34697821440,15822080.0,1970765.678387461,898.6619600490018,110,0,0,0,0,0,0.503531020226382,0.04605106630167852,0.04601643701583127,d06b4594a872a0c2d0ef262722db132c7ed21dc003aec7f41a36fad83c608c1f
memory-fragmented-06,memory-fragmented,capacity_exploratory,FLEX_FREE_NO_ALT,SHARED_NIC,1,PASS,128,2176,268741.57706735376,8.096997955231306,2099.5435708396,2099.5435708400964,72.39880000000001,0.11183884201438843,34428846080,15822080.0,1955488.425066628,898.6619600490019,110,0,0,0,0,0,0.19289752891619308,0.017641687476485157,0.01762842135503535,d06b4594a872a0c2d0ef262722db132c7ed21dc003aec7f41a36fad83c608c1f
memory-fragmented-06,memory-fragmented,capacity_exploratory,FLEX_FREE_NO_ALT,SHARED_NIC,8,PASS,121,2057,52581.25160638747,39.12040769585103,3276.870427738617,3455.7239194417343,72.39880000000001,0.5403460788832277,32546018560,15822080.0,1848547.6518207972,898.661960049002,110,0,0,0,0,0,0.9319787427942011,0.08523529465349516,0.0851711997775265,d06b4594a872a0c2d0ef262722db132c7ed21dc003aec7f41a36fad83c608c1f
memory-fragmented-06,memory-fragmented,capacity_exploratory,FLEX_FREE_NO_ALT,SHARED_NIC,32,PASS,97,1649,51643.67552734102,31.930337706637317,12924.877089620059,13131.177573329487,72.39880000000001,0.44103407386085564,26090609920,15822080.0,1481893.572120806,898.661960049003,110,0,0,0,0,0,0.7606872664566384,0.0695696160421017,0.0695173013768033,d06b4594a872a0c2d0ef262722db132c7ed21dc003aec7f41a36fad83c608c1f
memory-fragmented-06,memory-fragmented,capacity_exploratory,FLEX_FREE_NO_ALT,SHARED_NIC,64,PASS,65,1105,51703.44206943254,21.371884651627173,25841.951377782592,26107.24964417129,72.39880000000001,0.29519666971865793,17483398400,15822080.0,993021.4658541505,898.661960049005,110,0,0,0,0,0,0.5091496577342337,0.046564925901197825,0.04652991020538469,d06b4594a872a0c2d0ef262722db132c7ed21dc003aec7f41a36fad83c608c1f
memory-fragmented-06,memory-fragmented,capacity_exploratory,FLEX_FREE_NO_ALT,SHARED_NIC,128,PASS,129,2193,103756.43366820039,21.136038725202617,51886.26429693593,52027.64618089486,72.39880000000001,0.2919390753051517,34697821440,15822080.0,1970765.678387461,898.6619600490018,110,0,0,0,0,0,0.503531020226382,0.04605106630167852,0.04601643701583127,d06b4594a872a0c2d0ef262722db132c7ed21dc003aec7f41a36fad83c608c1f
memory-fragmented-06,memory-fragmented,capacity_exploratory,FLEX_POOL,LEGACY_DIRECTED_LINK,1,PASS,128,2176,879790.8041601008,2.4733152355204893,6873.36565750101,6873.365657521819,72.39880000000001,0.034162378872584755,34428846080,15822080.0,1955488.425066628,898.6619600490019,110,0,0,0,0,0,0.05892262784312945,0.005388843452491062,0.005384791172809199,d06b4594a872a0c2d0ef262722db132c7ed21dc003aec7f41a36fad83c608c1f
memory-fragmented-06,memory-fragmented,capacity_exploratory,FLEX_POOL,LEGACY_DIRECTED_LINK,8,PASS,121,2057,879790.8041597761,2.338055808578825,54986.925259880256,54986.925260174554,72.39880000000001,0.032294123778002184,32546018560,15822080.0,1848547.6518207972,898.661960049002,110,0,0,0,0,0,0.05570029663297889,0.005094141076184834,0.0050903104055480715,d06b4594a872a0c2d0ef262722db132c7ed21dc003aec7f41a36fad83c608c1f
memory-fragmented-06,memory-fragmented,capacity_exploratory,FLEX_POOL,LEGACY_DIRECTED_LINK,32,PASS,97,1649,879790.8041585644,1.8743092019211434,219947.70103950612,219947.70103976535,72.39880000000001,0.025888677739425835,26090609920,15822080.0,1481893.572120806,898.661960049003,110,0,0,0,0,0,0.04465230391244959,0.0040837329288480086,0.00408066206065159,d06b4594a872a0c2d0ef262722db132c7ed21dc003aec7f41a36fad83c608c1f
memory-fragmented-06,memory-fragmented,capacity_exploratory,FLEX_POOL,LEGACY_DIRECTED_LINK,64,PASS,65,1105,879790.8041583593,1.2559803930402345,439895.4020792246,439895.4020792246,72.39880000000001,0.017348083021268782,17483398400,15822080.0,993021.4658541505,898.661960049005,110,0,0,0,0,0,0.0299216469516485,0.0027365220657235316,0.00273446426744758,d06b4594a872a0c2d0ef262722db132c7ed21dc003aec7f41a36fad83c608c1f
memory-fragmented-06,memory-fragmented,capacity_exploratory,FLEX_POOL,LEGACY_DIRECTED_LINK,128,PASS,129,2193,1759581.6083097686,1.246319005406386,879790.8041540384,879790.8041555097,72.39880000000001,0.017214636228865477,34697821440,15822080.0,1970765.678387461,898.6619600490018,110,0,0,0,0,0,0.029691480436752998,0.002715471895997925,0.0027134299269394742,d06b4594a872a0c2d0ef262722db132c7ed21dc003aec7f41a36fad83c608c1f
memory-fragmented-06,memory-fragmented,capacity_exploratory,FLEX_POOL,SHARED_NIC,1,PASS,128,2176,268741.57706735376,8.096997955231306,2099.5435708396,2099.5435708400964,72.39880000000001,0.11183884201438843,34428846080,15822080.0,1955488.425066628,898.6619600490019,110,0,0,0,0,0,0.19289752891619308,0.017641687476485157,0.01762842135503535,d06b4594a872a0c2d0ef262722db132c7ed21dc003aec7f41a36fad83c608c1f
memory-fragmented-06,memory-fragmented,capacity_exploratory,FLEX_POOL,SHARED_NIC,8,PASS,121,2057,52581.25160638747,39.12040769585103,3276.870427738617,3455.7239194417343,72.39880000000001,0.5403460788832277,32546018560,15822080.0,1848547.6518207972,898.661960049002,110,0,0,0,0,0,0.9319787427942011,0.08523529465349516,0.0851711997775265,d06b4594a872a0c2d0ef262722db132c7ed21dc003aec7f41a36fad83c608c1f
memory-fragmented-06,memory-fragmented,capacity_exploratory,FLEX_POOL,SHARED_NIC,32,PASS,97,1649,51643.67552734102,31.930337706637317,12924.877089620059,13131.177573329487,72.39880000000001,0.44103407386085564,26090609920,15822080.0,1481893.572120806,898.661960049003,110,0,0,0,0,0,0.7606872664566384,0.0695696160421017,0.0695173013768033,d06b4594a872a0c2d0ef262722db132c7ed21dc003aec7f41a36fad83c608c1f
memory-fragmented-06,memory-fragmented,capacity_exploratory,FLEX_POOL,SHARED_NIC,64,PASS,65,1105,51703.44206943254,21.371884651627173,25841.951377782592,26107.24964417129,72.39880000000001,0.29519666971865793,17483398400,15822080.0,993021.4658541505,898.661960049005,110,0,0,0,0,0,0.5091496577342337,0.046564925901197825,0.04652991020538469,d06b4594a872a0c2d0ef262722db132c7ed21dc003aec7f41a36fad83c608c1f
memory-fragmented-06,memory-fragmented,capacity_exploratory,FLEX_POOL,SHARED_NIC,128,PASS,129,2193,103756.43366820039,21.136038725202617,51886.26429693593,52027.64618089486,72.39880000000001,0.2919390753051517,34697821440,15822080.0,1970765.678387461,898.6619600490018,110,0,0,0,0,0,0.503531020226382,0.04605106630167852,0.04601643701583127,d06b4594a872a0c2d0ef262722db132c7ed21dc003aec7f41a36fad83c608c1f
memory-fragmented-06,memory-fragmented,capacity_exploratory,FLEX_POOL_NO_ALT,SHARED_NIC,1,PASS,128,2176,268741.57706735376,8.096997955231306,2099.5435708396,2099.5435708400964,72.39880000000001,0.11183884201438843,34428846080,15822080.0,1955488.425066628,898.6619600490019,110,0,0,0,0,0,0.19289752891619308,0.017641687476485157,0.01762842135503535,d06b4594a872a0c2d0ef262722db132c7ed21dc003aec7f41a36fad83c608c1f
memory-fragmented-06,memory-fragmented,capacity_exploratory,FLEX_POOL_NO_ALT,SHARED_NIC,8,PASS,121,2057,52581.25160638747,39.12040769585103,3276.870427738617,3455.7239194417343,72.39880000000001,0.5403460788832277,32546018560,15822080.0,1848547.6518207972,898.661960049002,110,0,0,0,0,0,0.9319787427942011,0.08523529465349516,0.0851711997775265,d06b4594a872a0c2d0ef262722db132c7ed21dc003aec7f41a36fad83c608c1f
memory-fragmented-06,memory-fragmented,capacity_exploratory,FLEX_POOL_NO_ALT,SHARED_NIC,32,PASS,97,1649,51643.67552734102,31.930337706637317,12924.877089620059,13131.177573329487,72.39880000000001,0.44103407386085564,26090609920,15822080.0,1481893.572120806,898.661960049003,110,0,0,0,0,0,0.7606872664566384,0.0695696160421017,0.0695173013768033,d06b4594a872a0c2d0ef262722db132c7ed21dc003aec7f41a36fad83c608c1f
memory-fragmented-06,memory-fragmented,capacity_exploratory,FLEX_POOL_NO_ALT,SHARED_NIC,64,PASS,65,1105,51703.44206943254,21.371884651627173,25841.951377782592,26107.24964417129,72.39880000000001,0.29519666971865793,17483398400,15822080.0,993021.4658541505,898.661960049005,110,0,0,0,0,0,0.5091496577342337,0.046564925901197825,0.04652991020538469,d06b4594a872a0c2d0ef262722db132c7ed21dc003aec7f41a36fad83c608c1f
memory-fragmented-06,memory-fragmented,capacity_exploratory,FLEX_POOL_NO_ALT,SHARED_NIC,128,PASS,129,2193,103756.43366820039,21.136038725202617,51886.26429693593,52027.64618089486,72.39880000000001,0.2919390753051517,34697821440,15822080.0,1970765.678387461,898.6619600490018,110,0,0,0,0,0,0.503531020226382,0.04605106630167852,0.04601643701583127,d06b4594a872a0c2d0ef262722db132c7ed21dc003aec7f41a36fad83c608c1f
memory-fragmented-06,memory-fragmented,capacity_exploratory,U_STRONG,LEGACY_DIRECTED_LINK,1,PASS,128,2176,879790.8041601008,2.4733152355204893,6873.36565750101,6873.365657521819,72.39880000000001,0.034162378872584755,34428846080,15822080.0,1955488.425066628,898.6619600490019,110,0,0,0,0,0,0.05892262784312945,0.005388843452491062,0.005384791172809199,d06b4594a872a0c2d0ef262722db132c7ed21dc003aec7f41a36fad83c608c1f
memory-fragmented-06,memory-fragmented,capacity_exploratory,U_STRONG,LEGACY_DIRECTED_LINK,8,PASS,121,2057,879790.8041597761,2.338055808578825,54986.925259880256,54986.925260174554,72.39880000000001,0.032294123778002184,32546018560,15822080.0,1848547.6518207972,898.661960049002,110,0,0,0,0,0,0.05570029663297889,0.005094141076184834,0.0050903104055480715,d06b4594a872a0c2d0ef262722db132c7ed21dc003aec7f41a36fad83c608c1f
memory-fragmented-06,memory-fragmented,capacity_exploratory,U_STRONG,LEGACY_DIRECTED_LINK,32,PASS,97,1649,879790.8041585644,1.8743092019211434,219947.70103950612,219947.70103976535,72.39880000000001,0.025888677739425835,26090609920,15822080.0,1481893.572120806,898.661960049003,110,0,0,0,0,0,0.04465230391244959,0.0040837329288480086,0.00408066206065159,d06b4594a872a0c2d0ef262722db132c7ed21dc003aec7f41a36fad83c608c1f
memory-fragmented-06,memory-fragmented,capacity_exploratory,U_STRONG,LEGACY_DIRECTED_LINK,64,PASS,65,1105,879790.8041583593,1.2559803930402345,439895.4020792246,439895.4020792246,72.39880000000001,0.017348083021268782,17483398400,15822080.0,993021.4658541505,898.661960049005,110,0,0,0,0,0,0.0299216469516485,0.0027365220657235316,0.00273446426744758,d06b4594a872a0c2d0ef262722db132c7ed21dc003aec7f41a36fad83c608c1f
memory-fragmented-06,memory-fragmented,capacity_exploratory,U_STRONG,LEGACY_DIRECTED_LINK,128,PASS,129,2193,1759581.6083097686,1.246319005406386,879790.8041540384,879790.8041555097,72.39880000000001,0.017214636228865477,34697821440,15822080.0,1970765.678387461,898.6619600490018,110,0,0,0,0,0,0.029691480436752998,0.002715471895997925,0.0027134299269394742,d06b4594a872a0c2d0ef262722db132c7ed21dc003aec7f41a36fad83c608c1f
memory-fragmented-06,memory-fragmented,capacity_exploratory,U_STRONG,SHARED_NIC,1,PASS,128,2176,268741.57706735376,8.096997955231306,2099.5435708396,2099.5435708400964,72.39880000000001,0.11183884201438843,34428846080,15822080.0,1955488.425066628,898.6619600490019,110,0,0,0,0,0,0.19289752891619308,0.017641687476485157,0.01762842135503535,d06b4594a872a0c2d0ef262722db132c7ed21dc003aec7f41a36fad83c608c1f
memory-fragmented-06,memory-fragmented,capacity_exploratory,U_STRONG,SHARED_NIC,8,PASS,121,2057,52581.25160638747,39.12040769585103,3276.870427738617,3455.7239194417343,72.39880000000001,0.5403460788832277,32546018560,15822080.0,1848547.6518207972,898.661960049002,110,0,0,0,0,0,0.9319787427942011,0.08523529465349516,0.0851711997775265,d06b4594a872a0c2d0ef262722db132c7ed21dc003aec7f41a36fad83c608c1f
memory-fragmented-06,memory-fragmented,capacity_exploratory,U_STRONG,SHARED_NIC,32,PASS,97,1649,51643.67552734102,31.930337706637317,12924.877089620059,13131.177573329487,72.39880000000001,0.44103407386085564,26090609920,15822080.0,1481893.572120806,898.661960049003,110,0,0,0,0,0,0.7606872664566384,0.0695696160421017,0.0695173013768033,d06b4594a872a0c2d0ef262722db132c7ed21dc003aec7f41a36fad83c608c1f
memory-fragmented-06,memory-fragmented,capacity_exploratory,U_STRONG,SHARED_NIC,64,PASS,65,1105,51703.44206943254,21.371884651627173,25841.951377782592,26107.24964417129,72.39880000000001,0.29519666971865793,17483398400,15822080.0,993021.4658541505,898.661960049005,110,0,0,0,0,0,0.5091496577342337,0.046564925901197825,0.04652991020538469,d06b4594a872a0c2d0ef262722db132c7ed21dc003aec7f41a36fad83c608c1f
memory-fragmented-06,memory-fragmented,capacity_exploratory,U_STRONG,SHARED_NIC,128,PASS,129,2193,103756.43366820039,21.136038725202617,51886.26429693593,52027.64618089486,72.39880000000001,0.2919390753051517,34697821440,15822080.0,1970765.678387461,898.6619600490018,110,0,0,0,0,0,0.503531020226382,0.04605106630167852,0.04601643701583127,d06b4594a872a0c2d0ef262722db132c7ed21dc003aec7f41a36fad83c608c1f
compute-heterogeneous-01,compute-heterogeneous,headline,FLEX_FREE,SHARED_NIC,1,PASS,128,2176,227047.71742460516,9.583888464866755,1773.8102923797478,1773.8102923802871,45.2938,0.21159382663558268,7497695232,3445632.0,942930.3216000049,433.33194926470816,52,1,2,3930587136,4396938650,0,0.14441392131981248,0.007594220181194136,0.006468905524618299,6b97c16e650a789f934dc123c516a52af11c564d618d0b1354d8711ed17943ac
compute-heterogeneous-01,compute-heterogeneous,headline,FLEX_FREE,SHARED_NIC,8,PASS,121,2057,41308.64051130021,49.795877437246965,2642.5159940800095,2792.6275893471757,45.2938,1.099397211919666,7108458624,3455740.701993194,890709.804512504,433.0140031660204,52,1,2,3930587136,4396938650,0,0.750344492492337,0.040289807611187695,0.03394778519366631,6b97c16e650a789f934dc123c516a52af11c564d618d0b1354d8711ed17943ac
compute-heterogeneous-01,compute-heterogeneous,headline,FLEX_FREE,SHARED_NIC,32,PASS,97,1649,36137.96765376245,45.63067895237094,9079.746561611933,9694.694208137811,45.2938,1.0074376394202065,5699271168,3456198.40388114,713972.0789875035,432.97275863402274,52,1,2,3930587136,4396938650,0,0.687581591141664,0.03697008413534572,0.031158513321729878,6b97c16e650a789f934dc123c516a52af11c564d618d0b1354d8711ed17943ac
compute-heterogeneous-01,compute-heterogeneous,headline,FLEX_FREE,SHARED_NIC,64,PASS,65,1105,37007.191379058255,29.859061410029103,18652.888823870046,19006.858353095406,45.2938,0.6592306543065299,3820152960,3457152.0,478390.14978750196,432.932262251133,52,1,2,3930587136,4396938650,0,0.44992845659241987,0.02424154980503762,0.02043862813831425,6b97c16e650a789f934dc123c516a52af11c564d618d0b1354d8711ed17943ac
compute-heterogeneous-01,compute-heterogeneous,headline,FLEX_FREE,SHARED_NIC,128,PASS,129,2193,74270.28113990935,29.52728825502702,37282.42305372571,37615.33122400999,45.2938,0.6519057410733262,7580779776,3456807.923392613,949491.4692625039,432.96464626653164,52,1,2,3930587136,4396938650,0,0.44492916403197935,0.023954600317299554,0.020193948524507118,6b97c16e650a789f934dc123c516a52af11c564d618d0b1354d8711ed17943ac
compute-heterogeneous-01,compute-heterogeneous,headline,FLEX_FREE_NO_ALT,SHARED_NIC,1,PASS,128,2176,227348.61214374352,9.571204237764167,1776.1610323730665,1776.1610323736459,45.2938,0.2113137832940528,7497695232,3445632.0,943319.8800000062,433.5109742647087,52,0,0,0,0,0,0.14422279023752674,0.007584169269834049,0.006460343961419787,2d075d60e214639775c33cdc639a0c499435fe40889b74cf9d2f7b3870d69237
compute-heterogeneous-01,compute-heterogeneous,headline,FLEX_FREE_NO_ALT,SHARED_NIC,8,PASS,121,2057,42150.101843146826,48.80178006816482,2632.326369559596,2870.3147181062122,45.2938,1.07744945374786,7087665024,3445632.0,891732.0740625056,433.51097426470864,52,0,0,0,0,0,0.7353650298484281,0.038670260451221516,0.03294008542059423,2d075d60e214639775c33cdc639a0c499435fe40889b74cf9d2f7b3870d69237
compute-heterogeneous-01,compute-heterogeneous,headline,FLEX_FREE_NO_ALT,SHARED_NIC,32,PASS,97,1649,37349.80611332254,44.150162252430206,9163.096038854892,9797.507149597548,45.2938,0.9747506778506155,5681847168,3445632.0,714859.5965625037,433.5109742647081,52,0,0,0,0,0,0.6652725645913553,0.03498434423663365,0.029800349780209047,2d075d60e214639775c33cdc639a0c499435fe40889b74cf9d2f7b3870d69237
compute-heterogeneous-01,compute-heterogeneous,headline,FLEX_FREE_NO_ALT,SHARED_NIC,64,PASS,65,1105,37448.09562147768,29.50750850375011,18865.345900456472,19516.870476972115,45.2938,0.6514690422033503,3807423360,3445632.0,479029.6265625016,433.51097426470733,52,0,0,0,0,0,0.44463111471148725,0.023381586440348056,0.019916893385954513,2d075d60e214639775c33cdc639a0c499435fe40889b74cf9d2f7b3870d69237
compute-heterogeneous-01,compute-heterogeneous,headline,FLEX_FREE_NO_ALT,SHARED_NIC,128,PASS,129,2193,74721.05759456627,29.34915632349769,37344.19813624023,37405.270759207844,45.2938,0.6479729305886831,7556270976,3445632.0,950689.5665625063,433.51097426470875,52,0,0,0,0,0,0.442244999787088,0.02325610904905563,0.01981000928589165,2d075d60e214639775c33cdc639a0c499435fe40889b74cf9d2f7b3870d69237
compute-heterogeneous-01,compute-heterogeneous,headline,FLEX_POOL,LEGACY_DIRECTED_LINK,1,PASS,128,2176,692755.7924536662,3.1410780302433023,5412.154628546326,5412.154628553719,45.2938,0.06934896233575683,7059013632,3244032.0,879683.5061333362,404.2663171568641,52,0,0,0,0,0,0.04733103866784769,0.001160328710284678,0.0021201558321119886,799df9447e9be1cf84d42c3adb924e3445cdb05fba129fca569f75601193697a
compute-heterogeneous-01,compute-heterogeneous,headline,FLEX_POOL,LEGACY_DIRECTED_LINK,8,PASS,121,2057,692755.7924534066,2.969300325465485,43297.23702836037,43297.23702842975,45.2938,0.06555644095804469,6672973824,3244032.0,831575.8143916696,404.26631715686415,52,0,0,0,0,0,0.04474262249071654,0.0010968732339413957,0.002004209810044115,799df9447e9be1cf84d42c3adb924e3445cdb05fba129fca569f75601193697a
compute-heterogeneous-01,compute-heterogeneous,headline,FLEX_POOL,LEGACY_DIRECTED_LINK,32,PASS,97,1649,692755.7924524562,2.3803481947979104,173188.94811290503,173188.94811361903,45.2938,0.05255351052015752,5349408768,3244032.0,666635.1569916697,404.26631715686455,52,0,0,0,0,0,0.03586805274054099,0.0008793116007641431,0.0016066805915251725,799df9447e9be1cf84d42c3adb924e3445cdb05fba129fca569f75601193697a
compute-heterogeneous-01,compute-heterogeneous,headline,FLEX_POOL,LEGACY_DIRECTED_LINK,64,PASS,65,1105,692755.792452134,1.595078687236455,346377.89622606314,346377.89622629783,45.2938,0.03521626993620441,3584655360,3244032.0,446714.28045833576,404.26631715686494,52,0,0,0,0,0,0.02403529307356959,0.0005892294231927405,0.00107664163349675,799df9447e9be1cf84d42c3adb924e3445cdb05fba129fca569f75601193697a
compute-heterogeneous-01,compute-heterogeneous,headline,FLEX_POOL,LEGACY_DIRECTED_LINK,128,PASS,129,2193,1385511.5848983943,1.5828088511875,692755.7924492925,692755.7924524978,45.2938,0.0349453755522279,7114162176,3244032.0,886556.0335250029,404.26631715686403,52,0,0,0,0,0,0.02385040620387399,0.0005846968891706605,0.0010683597747820738,799df9447e9be1cf84d42c3adb924e3445cdb05fba129fca569f75601193697a
compute-heterogeneous-01,compute-heterogeneous,headline,FLEX_POOL,SHARED_NIC,1,PASS,128,2176,224064.03551228778,9.711509457664246,1750.5002774398445,1750.5002774402747,45.2938,0.21441145273004797,7059013632,3244032.0,879683.5061333362,404.2663171568641,52,0,0,0,0,0,0.1463369662383939,0.0035874763808577416,0.006555046775989428,799df9447e9be1cf84d42c3adb924e3445cdb05fba129fca569f75601193697a
compute-heterogeneous-01,compute-heterogeneous,headline,FLEX_POOL,SHARED_NIC,8,PASS,121,2057,40294.51431453995,51.049132493396215,2636.919268599595,2735.919188527332,45.2938,1.1270666734386652,6672973824,3244032.0,831575.8143916696,404.26631715686415,52,0,0,0,0,0,0.7692290483525049,0.01885778496964812,0.03445699690935348,799df9447e9be1cf84d42c3adb924e3445cdb05fba129fca569f75601193697a
compute-heterogeneous-01,compute-heterogeneous,headline,FLEX_POOL,SHARED_NIC,32,PASS,97,1649,37277.57167886906,44.235714016069934,9240.709525946408,9641.4736680816,45.2938,0.9766394962681413,5349408768,3244032.0,666635.1569916697,404.26631715686455,52,0,0,0,0,0,0.6665616932898298,0.01634087676224092,0.029858095264046706,799df9447e9be1cf84d42c3adb924e3445cdb05fba129fca569f75601193697a
compute-heterogeneous-01,compute-heterogeneous,headline,FLEX_POOL,SHARED_NIC,64,PASS,65,1105,37325.51741440454,29.604412116563513,18674.820693883157,19124.23854515675,45.2938,0.6536084876200168,3584655360,3244032.0,446714.28045833576,404.26631715686494,52,0,0,0,0,0,0.44609129768082595,0.01093600636444152,0.019982301108360932,799df9447e9be1cf84d42c3adb924e3445cdb05fba129fca569f75601193697a
compute-heterogeneous-01,compute-heterogeneous,headline,FLEX_POOL,SHARED_NIC,128,PASS,129,2193,74342.19848971898,29.498724069927484,36879.90773184005,37699.32844788687,45.2938,0.6512750987977932,7114162176,3244032.0,886556.0335250029,404.26631715686403,52,0,0,0,0,0,0.4444987472972009,0.010896964712605784,0.01991096409402942,799df9447e9be1cf84d42c3adb924e3445cdb05fba129fca569f75601193697a
compute-heterogeneous-01,compute-heterogeneous,headline,FLEX_POOL_NO_ALT,SHARED_NIC,1,PASS,128,2176,224064.03551228778,9.711509457664246,1750.5002774398445,1750.5002774402747,45.2938,0.21441145273004797,7059013632,3244032.0,879683.5061333362,404.2663171568641,52,0,0,0,0,0,0.1463369662383939,0.0035874763808577416,0.006555046775989428,799df9447e9be1cf84d42c3adb924e3445cdb05fba129fca569f75601193697a
compute-heterogeneous-01,compute-heterogeneous,headline,FLEX_POOL_NO_ALT,SHARED_NIC,8,PASS,121,2057,40294.51431453995,51.049132493396215,2636.919268599595,2735.919188527332,45.2938,1.1270666734386652,6672973824,3244032.0,831575.8143916696,404.26631715686415,52,0,0,0,0,0,0.7692290483525049,0.01885778496964812,0.03445699690935348,799df9447e9be1cf84d42c3adb924e3445cdb05fba129fca569f75601193697a
compute-heterogeneous-01,compute-heterogeneous,headline,FLEX_POOL_NO_ALT,SHARED_NIC,32,PASS,97,1649,37277.57167886906,44.235714016069934,9240.709525946408,9641.4736680816,45.2938,0.9766394962681413,5349408768,3244032.0,666635.1569916697,404.26631715686455,52,0,0,0,0,0,0.6665616932898298,0.01634087676224092,0.029858095264046706,799df9447e9be1cf84d42c3adb924e3445cdb05fba129fca569f75601193697a
compute-heterogeneous-01,compute-heterogeneous,headline,FLEX_POOL_NO_ALT,SHARED_NIC,64,PASS,65,1105,37325.51741440454,29.604412116563513,18674.820693883157,19124.23854515675,45.2938,0.6536084876200168,3584655360,3244032.0,446714.28045833576,404.26631715686494,52,0,0,0,0,0,0.44609129768082595,0.01093600636444152,0.019982301108360932,799df9447e9be1cf84d42c3adb924e3445cdb05fba129fca569f75601193697a
compute-heterogeneous-01,compute-heterogeneous,headline,FLEX_POOL_NO_ALT,SHARED_NIC,128,PASS,129,2193,74342.19848971898,29.498724069927484,36879.90773184005,37699.32844788687,45.2938,0.6512750987977932,7114162176,3244032.0,886556.0335250029,404.26631715686403,52,0,0,0,0,0,0.4444987472972009,0.010896964712605784,0.01991096409402942,799df9447e9be1cf84d42c3adb924e3445cdb05fba129fca569f75601193697a
compute-heterogeneous-01,compute-heterogeneous,headline,U_STRONG,LEGACY_DIRECTED_LINK,1,PASS,128,2176,692755.7924536662,3.1410780302433023,5412.154628546326,5412.154628553719,45.2938,0.06934896233575683,7059013632,3244032.0,879683.5061333362,404.2663171568641,52,0,0,0,0,0,0.04733103866784769,0.001160328710284678,0.0021201558321119886,799df9447e9be1cf84d42c3adb924e3445cdb05fba129fca569f75601193697a
compute-heterogeneous-01,compute-heterogeneous,headline,U_STRONG,LEGACY_DIRECTED_LINK,8,PASS,121,2057,692755.7924534066,2.969300325465485,43297.23702836037,43297.23702842975,45.2938,0.06555644095804469,6672973824,3244032.0,831575.8143916696,404.26631715686415,52,0,0,0,0,0,0.04474262249071654,0.0010968732339413957,0.002004209810044115,799df9447e9be1cf84d42c3adb924e3445cdb05fba129fca569f75601193697a
compute-heterogeneous-01,compute-heterogeneous,headline,U_STRONG,LEGACY_DIRECTED_LINK,32,PASS,97,1649,692755.7924524562,2.3803481947979104,173188.94811290503,173188.94811361903,45.2938,0.05255351052015752,5349408768,3244032.0,666635.1569916697,404.26631715686455,52,0,0,0,0,0,0.03586805274054099,0.0008793116007641431,0.0016066805915251725,799df9447e9be1cf84d42c3adb924e3445cdb05fba129fca569f75601193697a
compute-heterogeneous-01,compute-heterogeneous,headline,U_STRONG,LEGACY_DIRECTED_LINK,64,PASS,65,1105,692755.792452134,1.595078687236455,346377.89622606314,346377.89622629783,45.2938,0.03521626993620441,3584655360,3244032.0,446714.28045833576,404.26631715686494,52,0,0,0,0,0,0.02403529307356959,0.0005892294231927405,0.00107664163349675,799df9447e9be1cf84d42c3adb924e3445cdb05fba129fca569f75601193697a
compute-heterogeneous-01,compute-heterogeneous,headline,U_STRONG,LEGACY_DIRECTED_LINK,128,PASS,129,2193,1385511.5848983943,1.5828088511875,692755.7924492925,692755.7924524978,45.2938,0.0349453755522279,7114162176,3244032.0,886556.0335250029,404.26631715686403,52,0,0,0,0,0,0.02385040620387399,0.0005846968891706605,0.0010683597747820738,799df9447e9be1cf84d42c3adb924e3445cdb05fba129fca569f75601193697a
compute-heterogeneous-01,compute-heterogeneous,headline,U_STRONG,SHARED_NIC,1,PASS,128,2176,224064.03551228778,9.711509457664246,1750.5002774398445,1750.5002774402747,45.2938,0.21441145273004797,7059013632,3244032.0,879683.5061333362,404.2663171568641,52,0,0,0,0,0,0.1463369662383939,0.0035874763808577416,0.006555046775989428,799df9447e9be1cf84d42c3adb924e3445cdb05fba129fca569f75601193697a
compute-heterogeneous-01,compute-heterogeneous,headline,U_STRONG,SHARED_NIC,8,PASS,121,2057,40294.51431453995,51.049132493396215,2636.919268599595,2735.919188527332,45.2938,1.1270666734386652,6672973824,3244032.0,831575.8143916696,404.26631715686415,52,0,0,0,0,0,0.7692290483525049,0.01885778496964812,0.03445699690935348,799df9447e9be1cf84d42c3adb924e3445cdb05fba129fca569f75601193697a
compute-heterogeneous-01,compute-heterogeneous,headline,U_STRONG,SHARED_NIC,32,PASS,97,1649,37277.57167886906,44.235714016069934,9240.709525946408,9641.4736680816,45.2938,0.9766394962681413,5349408768,3244032.0,666635.1569916697,404.26631715686455,52,0,0,0,0,0,0.6665616932898298,0.01634087676224092,0.029858095264046706,799df9447e9be1cf84d42c3adb924e3445cdb05fba129fca569f75601193697a
compute-heterogeneous-01,compute-heterogeneous,headline,U_STRONG,SHARED_NIC,64,PASS,65,1105,37325.51741440454,29.604412116563513,18674.820693883157,19124.23854515675,45.2938,0.6536084876200168,3584655360,3244032.0,446714.28045833576,404.26631715686494,52,0,0,0,0,0,0.44609129768082595,0.01093600636444152,0.019982301108360932,799df9447e9be1cf84d42c3adb924e3445cdb05fba129fca569f75601193697a
compute-heterogeneous-01,compute-heterogeneous,headline,U_STRONG,SHARED_NIC,128,PASS,129,2193,74342.19848971898,29.498724069927484,36879.90773184005,37699.32844788687,45.2938,0.6512750987977932,7114162176,3244032.0,886556.0335250029,404.26631715686403,52,0,0,0,0,0,0.4444987472972009,0.010896964712605784,0.01991096409402942,799df9447e9be1cf84d42c3adb924e3445cdb05fba129fca569f75601193697a
compute-heterogeneous-02,compute-heterogeneous,headline,FLEX_FREE,SHARED_NIC,1,PASS,128,2176,222434.96221350753,9.782634790619532,1737.7731422931383,1737.773142293583,45.1631,0.21660680490532166,7372914688,3388288.0,912594.0021333388,419.3906259803947,52,3,8,15722348544,17187192052,0,0.14740871162388167,0.008362861714402904,0.00835885474719268,4175e00903dcc170e07e4c9ceede8cf02e6873802f47a98a5a463b420206dcdd
compute-heterogeneous-02,compute-heterogeneous,headline,FLEX_FREE,SHARED_NIC,8,PASS,121,2057,38208.651524792855,53.83597478349249,2376.3979649862267,2567.200947367077,45.1631,1.19203453225072,6977426816,3392040.260573651,860050.3484916707,418.1090658685808,52,3,8,15722348544,17187192052,0,0.8112223191097816,0.05137865470091705,0.05135334457974273,4175e00903dcc170e07e4c9ceede8cf02e6873802f47a98a5a463b420206dcdd
compute-heterogeneous-02,compute-heterogeneous,headline,FLEX_FREE,SHARED_NIC,32,PASS,97,1649,36509.63676668275,45.166157377517706,9203.799228499738,9410.69216761924,45.1631,1.0000676963609165,5594227712,3392497.096422074,689473.6376916699,418.11621448858085,52,3,8,15722348544,17187192052,0,0.6805819915106657,0.04320156333955523,0.04318034100187627,4175e00903dcc170e07e4c9ceede8cf02e6873802f47a98a5a463b420206dcdd
compute-heterogeneous-02,compute-heterogeneous,headline,FLEX_FREE,SHARED_NIC,64,PASS,65,1105,37043.302402952264,29.829953819450346,18355.296397469807,18524.972503604757,45.1631,0.6604939390664136,3747975040,3391832.6153846155,461995.5350583352,418.09550684012237,52,3,8,15722348544,17187192052,0,0.4494898516033218,0.02855453812443296,0.028540482600054054,4175e00903dcc170e07e4c9ceede8cf02e6873802f47a98a5a463b420206dcdd
compute-heterogeneous-02,compute-heterogeneous,headline,FLEX_FREE,SHARED_NIC,128,PASS,129,2193,73563.5416072503,29.810962768870574,36743.79465193402,36920.39025377399,45.1631,0.6600734397964394,7437888384,3391649.9699042407,916969.7519250038,418.13486179890737,52,3,8,15722348544,17187192052,0,0.4492036867450532,0.028302599797000498,0.028288686539731506,4175e00903dcc170e07e4c9ceede8cf02e6873802f47a98a5a463b420206dcdd
compute-heterogeneous-02,compute-heterogeneous,headline,FLEX_FREE_NO_ALT,SHARED_NIC,1,PASS,128,2176,222434.96221350753,9.782634790619532,1737.7731422931383,1737.773142293583,45.1631,0.21660680490532166,7372914688,3388288.0,912638.574933336,419.4111098039228,52,0,0,0,0,0,0.14740871162388167,0.008362861714402904,0.00835885474719268,3f56c0708b76ad686f163fbca7aebdb027e5a2e5f919eeb3b7e145f05a794c44
compute-heterogeneous-02,compute-heterogeneous,headline,FLEX_FREE_NO_ALT,SHARED_NIC,8,PASS,121,2057,38821.54852163298,52.9860368360565,2410.2692653933154,2585.675390546221,45.1631,1.1732152318166047,6969708416,3388288.0,862728.6528666692,419.41110980392284,52,0,0,0,0,0,0.7984151091430021,0.045296068834042254,0.04527436575335428,3f56c0708b76ad686f163fbca7aebdb027e5a2e5f919eeb3b7e145f05a794c44
compute-heterogeneous-02,compute-heterogeneous,headline,FLEX_FREE_NO_ALT,SHARED_NIC,32,PASS,97,1649,37283.9834612095,44.22810673423966,9245.138511515186,9477.871176375143,45.1631,0.9792974072692012,5587286912,3388288.0,691608.9200666689,419.4111098039229,52,0,0,0,0,0,0.6664470636795498,0.03780919439647957,0.037791078563961286,3f56c0708b76ad686f163fbca7aebdb027e5a2e5f919eeb3b7e145f05a794c44
compute-heterogeneous-02,compute-heterogeneous,headline,FLEX_FREE_NO_ALT,SHARED_NIC,64,PASS,65,1105,37139.19061560562,29.75293703723546,18508.079367569524,18706.85857636256,45.1631,0.6587886357941651,3744058240,3388288.0,463449.2763333351,419.4111098039232,52,0,0,0,0,0,0.4483293314691551,0.025434834619230313,0.025422647816219904,3f56c0708b76ad686f163fbca7aebdb027e5a2e5f919eeb3b7e145f05a794c44
compute-heterogeneous-02,compute-heterogeneous,headline,FLEX_FREE_NO_ALT,SHARED_NIC,128,PASS,129,2193,74477.67588954965,29.445064897731474,37271.521052394106,37507.270988356024,45.1631,0.6519717401536094,7430515584,3388288.0,919768.5638000027,419.4111098039228,52,0,0,0,0,0,0.44369018911124036,0.025171644570383962,0.02515958387180189,3f56c0708b76ad686f163fbca7aebdb027e5a2e5f919eeb3b7e145f05a794c44
compute-heterogeneous-02,compute-heterogeneous,headline,FLEX_POOL,LEGACY_DIRECTED_LINK,1,PASS,128,2176,606681.9162717814,3.586723028390375,4739.7024708731005,4739.702470880409,45.1631,0.07941711327146221,6996623360,3215360.0,852284.2021333383,391.6747252451003,52,0,0,0,0,0,0.0540461983793682,0.0013249520278100812,0.0020576559098240354,ffa09c606e308efcf027a674222caaa67b5d58af8172268d1e1ac620f15ce914
compute-heterogeneous-02,compute-heterogeneous,headline,FLEX_POOL,LEGACY_DIRECTED_LINK,8,PASS,121,2057,606681.9162715095,3.3905741127767963,37917.6197669846,37917.619767043274,45.1631,0.07507398988946277,6613995520,3215360.0,805674.9098291711,391.6747252451002,52,0,0,0,0,0,0.0510905469055194,0.0012524937137897787,0.001945127852256405,ffa09c606e308efcf027a674222caaa67b5d58af8172268d1e1ac620f15ce914
compute-heterogeneous-02,compute-heterogeneous,headline,FLEX_POOL,LEGACY_DIRECTED_LINK,32,PASS,97,1649,606681.9162705464,2.7180635449576145,151670.47906732932,151670.4790681731,45.1631,0.06018328115115248,5302128640,3215360.0,645871.6219291694,391.6747252450997,52,0,0,0,0,0,0.04095688470944835,0.0010040652085768706,0.0015593173691667008,ffa09c606e308efcf027a674222caaa67b5d58af8172268d1e1ac620f15ce914
compute-heterogeneous-02,compute-heterogeneous,headline,FLEX_POOL,LEGACY_DIRECTED_LINK,64,PASS,65,1105,606681.9162698013,1.821382787860432,303340.9581346994,303340.95813509834,45.1631,0.04032900283329603,3552972800,3215360.0,432800.5713958345,391.67472524509907,52,0,0,0,0,0,0.027445335114612515,0.0006728272016245019,0.0010449033917109278,ffa09c606e308efcf027a674222caaa67b5d58af8172268d1e1ac620f15ce914
compute-heterogeneous-02,compute-heterogeneous,headline,FLEX_POOL,LEGACY_DIRECTED_LINK,128,PASS,129,2193,1213363.8325383882,1.8073721510325456,606681.9162707846,606681.9162710905,45.1631,0.040018779734618426,7051284480,3215360.0,858942.672462505,391.6747252451003,52,0,0,0,0,0,0.027234217152219655,0.000667651607766521,0.0010368656733141897,ffa09c606e308efcf027a674222caaa67b5d58af8172268d1e1ac620f15ce914
compute-heterogeneous-02,compute-heterogeneous,headline,FLEX_POOL,SHARED_NIC,1,PASS,128,2176,220510.21607847465,9.868023526064707,1722.7360631132692,1722.7360631135962,45.1631,0.21849747971385283,6996623360,3215360.0,852284.2021333383,391.6747252451003,52,0,0,0,0,0,0.14869538374735042,0.003645293399530929,0.005661155535559152,ffa09c606e308efcf027a674222caaa67b5d58af8172268d1e1ac620f15ce914
compute-heterogeneous-02,compute-heterogeneous,headline,FLEX_POOL,SHARED_NIC,8,PASS,121,2057,38374.75073469948,53.602954041861835,2401.331393686287,2611.9093651265393,45.1631,1.1868749940075378,6613995520,3215360.0,805674.9098291711,391.6747252451002,52,0,0,0,0,0,0.807711067995884,0.019801178427275405,0.030751310958560752,ffa09c606e308efcf027a674222caaa67b5d58af8172268d1e1ac620f15ce914
compute-heterogeneous-02,compute-heterogeneous,headline,FLEX_POOL,SHARED_NIC,32,PASS,97,1649,36829.675855929505,44.7736767070817,9245.056911031774,9399.113301179916,45.1631,0.9913774011766618,5302128640,3215360.0,645871.6219291694,391.6747252450997,52,0,0,0,0,0,0.6746679334675578,0.016539602661258018,0.025686070474815092,ffa09c606e308efcf027a674222caaa67b5d58af8172268d1e1ac620f15ce914
compute-heterogeneous-02,compute-heterogeneous,headline,FLEX_POOL,SHARED_NIC,64,PASS,65,1105,36786.963046718905,30.037815260712502,18407.319600528506,18529.506546554334,45.1631,0.6650964008385718,3552972800,3215360.0,432800.5713958345,391.67472524509907,52,0,0,0,0,0,0.45262199216755084,0.01109610748464348,0.017232300236225708,ffa09c606e308efcf027a674222caaa67b5d58af8172268d1e1ac620f15ce914
compute-heterogeneous-02,compute-heterogeneous,headline,FLEX_POOL,SHARED_NIC,128,PASS,129,2193,73956.74734810981,29.652466862525543,37067.03046992257,37274.397566117244,45.1631,0.6565640282116494,7051284480,3215360.0,858942.672462505,391.6747252451003,52,0,0,0,0,0,0.4468154060975549,0.01095375800921709,0.017011230919583648,ffa09c606e308efcf027a674222caaa67b5d58af8172268d1e1ac620f15ce914
compute-heterogeneous-02,compute-heterogeneous,headline,FLEX_POOL_NO_ALT,SHARED_NIC,1,PASS,128,2176,220510.21607847465,9.868023526064707,1722.7360631132692,1722.7360631135962,45.1631,0.21849747971385283,6996623360,3215360.0,852284.2021333383,391.6747252451003,52,0,0,0,0,0,0.14869538374735042,0.003645293399530929,0.005661155535559152,ffa09c606e308efcf027a674222caaa67b5d58af8172268d1e1ac620f15ce914
compute-heterogeneous-02,compute-heterogeneous,headline,FLEX_POOL_NO_ALT,SHARED_NIC,8,PASS,121,2057,38374.75073469948,53.602954041861835,2401.331393686287,2611.9093651265393,45.1631,1.1868749940075378,6613995520,3215360.0,805674.9098291711,391.6747252451002,52,0,0,0,0,0,0.807711067995884,0.019801178427275405,0.030751310958560752,ffa09c606e308efcf027a674222caaa67b5d58af8172268d1e1ac620f15ce914
compute-heterogeneous-02,compute-heterogeneous,headline,FLEX_POOL_NO_ALT,SHARED_NIC,32,PASS,97,1649,36829.675855929505,44.7736767070817,9245.056911031774,9399.113301179916,45.1631,0.9913774011766618,5302128640,3215360.0,645871.6219291694,391.6747252450997,52,0,0,0,0,0,0.6746679334675578,0.016539602661258018,0.025686070474815092,ffa09c606e308efcf027a674222caaa67b5d58af8172268d1e1ac620f15ce914
compute-heterogeneous-02,compute-heterogeneous,headline,FLEX_POOL_NO_ALT,SHARED_NIC,64,PASS,65,1105,36786.963046718905,30.037815260712502,18407.319600528506,18529.506546554334,45.1631,0.6650964008385718,3552972800,3215360.0,432800.5713958345,391.67472524509907,52,0,0,0,0,0,0.45262199216755084,0.01109610748464348,0.017232300236225708,ffa09c606e308efcf027a674222caaa67b5d58af8172268d1e1ac620f15ce914
compute-heterogeneous-02,compute-heterogeneous,headline,FLEX_POOL_NO_ALT,SHARED_NIC,128,PASS,129,2193,73956.74734810981,29.652466862525543,37067.03046992257,37274.397566117244,45.1631,0.6565640282116494,7051284480,3215360.0,858942.672462505,391.6747252451003,52,0,0,0,0,0,0.4468154060975549,0.01095375800921709,0.017011230919583648,ffa09c606e308efcf027a674222caaa67b5d58af8172268d1e1ac620f15ce914
compute-heterogeneous-02,compute-heterogeneous,headline,U_STRONG,LEGACY_DIRECTED_LINK,1,PASS,128,2176,606681.9162717814,3.586723028390375,4739.7024708731005,4739.702470880409,45.1631,0.07941711327146221,6996623360,3215360.0,852284.2021333383,391.6747252451003,52,0,0,0,0,0,0.0540461983793682,0.0013249520278100812,0.0020576559098240354,ffa09c606e308efcf027a674222caaa67b5d58af8172268d1e1ac620f15ce914
compute-heterogeneous-02,compute-heterogeneous,headline,U_STRONG,LEGACY_DIRECTED_LINK,8,PASS,121,2057,606681.9162715095,3.3905741127767963,37917.6197669846,37917.619767043274,45.1631,0.07507398988946277,6613995520,3215360.0,805674.9098291711,391.6747252451002,52,0,0,0,0,0,0.0510905469055194,0.0012524937137897787,0.001945127852256405,ffa09c606e308efcf027a674222caaa67b5d58af8172268d1e1ac620f15ce914
compute-heterogeneous-02,compute-heterogeneous,headline,U_STRONG,LEGACY_DIRECTED_LINK,32,PASS,97,1649,606681.9162705464,2.7180635449576145,151670.47906732932,151670.4790681731,45.1631,0.06018328115115248,5302128640,3215360.0,645871.6219291694,391.6747252450997,52,0,0,0,0,0,0.04095688470944835,0.0010040652085768706,0.0015593173691667008,ffa09c606e308efcf027a674222caaa67b5d58af8172268d1e1ac620f15ce914
compute-heterogeneous-02,compute-heterogeneous,headline,U_STRONG,LEGACY_DIRECTED_LINK,64,PASS,65,1105,606681.9162698013,1.821382787860432,303340.9581346994,303340.95813509834,45.1631,0.04032900283329603,3552972800,3215360.0,432800.5713958345,391.67472524509907,52,0,0,0,0,0,0.027445335114612515,0.0006728272016245019,0.0010449033917109278,ffa09c606e308efcf027a674222caaa67b5d58af8172268d1e1ac620f15ce914
compute-heterogeneous-02,compute-heterogeneous,headline,U_STRONG,LEGACY_DIRECTED_LINK,128,PASS,129,2193,1213363.8325383882,1.8073721510325456,606681.9162707846,606681.9162710905,45.1631,0.040018779734618426,7051284480,3215360.0,858942.672462505,391.6747252451003,52,0,0,0,0,0,0.027234217152219655,0.000667651607766521,0.0010368656733141897,ffa09c606e308efcf027a674222caaa67b5d58af8172268d1e1ac620f15ce914
compute-heterogeneous-02,compute-heterogeneous,headline,U_STRONG,SHARED_NIC,1,PASS,128,2176,220510.21607847465,9.868023526064707,1722.7360631132692,1722.7360631135962,45.1631,0.21849747971385283,6996623360,3215360.0,852284.2021333383,391.6747252451003,52,0,0,0,0,0,0.14869538374735042,0.003645293399530929,0.005661155535559152,ffa09c606e308efcf027a674222caaa67b5d58af8172268d1e1ac620f15ce914
compute-heterogeneous-02,compute-heterogeneous,headline,U_STRONG,SHARED_NIC,8,PASS,121,2057,38374.75073469948,53.602954041861835,2401.331393686287,2611.9093651265393,45.1631,1.1868749940075378,6613995520,3215360.0,805674.9098291711,391.6747252451002,52,0,0,0,0,0,0.807711067995884,0.019801178427275405,0.030751310958560752,ffa09c606e308efcf027a674222caaa67b5d58af8172268d1e1ac620f15ce914
compute-heterogeneous-02,compute-heterogeneous,headline,U_STRONG,SHARED_NIC,32,PASS,97,1649,36829.675855929505,44.7736767070817,9245.056911031774,9399.113301179916,45.1631,0.9913774011766618,5302128640,3215360.0,645871.6219291694,391.6747252450997,52,0,0,0,0,0,0.6746679334675578,0.016539602661258018,0.025686070474815092,ffa09c606e308efcf027a674222caaa67b5d58af8172268d1e1ac620f15ce914
compute-heterogeneous-02,compute-heterogeneous,headline,U_STRONG,SHARED_NIC,64,PASS,65,1105,36786.963046718905,30.037815260712502,18407.319600528506,18529.506546554334,45.1631,0.6650964008385718,3552972800,3215360.0,432800.5713958345,391.67472524509907,52,0,0,0,0,0,0.45262199216755084,0.01109610748464348,0.017232300236225708,ffa09c606e308efcf027a674222caaa67b5d58af8172268d1e1ac620f15ce914
compute-heterogeneous-02,compute-heterogeneous,headline,U_STRONG,SHARED_NIC,128,PASS,129,2193,73956.74734810981,29.652466862525543,37067.03046992257,37274.397566117244,45.1631,0.6565640282116494,7051284480,3215360.0,858942.672462505,391.6747252451003,52,0,0,0,0,0,0.4468154060975549,0.01095375800921709,0.017011230919583648,ffa09c606e308efcf027a674222caaa67b5d58af8172268d1e1ac620f15ce914
compute-heterogeneous-03,compute-heterogeneous,headline,FLEX_FREE,SHARED_NIC,1,PASS,128,2176,237760.26314661713,9.152076008000332,1857.5020558330107,1857.5020558336619,44.723499999999994,0.20463684657954617,7450050560,3423736.470588235,934062.3205333363,429.2565811274523,52,1,2,3930587136,4396938651,0,0.1365343845534934,0.008450728778849725,0.0084468918840384,55f543348c0861abe531d2694a812ad44819ea2e08aa6e04c80673c12d5c4b1b
compute-heterogeneous-03,compute-heterogeneous,headline,FLEX_FREE,SHARED_NIC,8,PASS,121,2057,39441.70517922733,52.15291759453026,2458.101851033054,2610.157078793447,44.723499999999994,1.1661188769781048,7054318720,3429420.8653378705,882133.3934791713,428.84462492910615,52,1,2,3930587136,4396938651,0,0.7780383926241086,0.04867248841896062,0.0486502023236712,55f543348c0861abe531d2694a812ad44819ea2e08aa6e04c80673c12d5c4b1b
compute-heterogeneous-03,compute-heterogeneous,headline,FLEX_FREE,SHARED_NIC,32,PASS,97,1649,35115.23478368321,46.95967463006202,8773.183999641784,9041.05068544189,44.723499999999994,1.0499999917283314,5656599040,3430320.824742268,707055.4793541706,428.77833799525206,52,1,2,3930587136,4396938651,0,0.7005634862344976,0.04391349840658129,0.043893371393210756,55f543348c0861abe531d2694a812ad44819ea2e08aa6e04c80673c12d5c4b1b
compute-heterogeneous-03,compute-heterogeneous,headline,FLEX_FREE,SHARED_NIC,64,PASS,65,1105,35604.39486969215,31.035494467583806,17752.67774490368,17915.759405477093,44.723499999999994,0.6939415400758843,3790630400,3430434.7511312217,473791.41189583583,428.77050850301885,52,1,2,3930587136,4396938651,0,0.46300010322693447,0.02903350887842061,0.02902020197286206,55f543348c0861abe531d2694a812ad44819ea2e08aa6e04c80673c12d5c4b1b
compute-heterogeneous-03,compute-heterogeneous,headline,FLEX_FREE,SHARED_NIC,128,PASS,129,2193,71689.4705605627,30.590266364812543,35931.993222543824,36213.1718853909,44.723499999999994,0.6839864135144286,7522135680,3430066.4295485634,940348.9923375053,428.79571014022133,52,1,2,3930587136,4396938651,0,0.45635800967956286,0.028578683252364085,0.02856558326888451,55f543348c0861abe531d2694a812ad44819ea2e08aa6e04c80673c12d5c4b1b
compute-heterogeneous-03,compute-heterogeneous,headline,FLEX_FREE_NO_ALT,SHARED_NIC,1,PASS,128,2176,241114.8795365875,9.024743741166779,1883.7099963797045,1883.7099963803485,44.723499999999994,0.20178974680351,7435304960,3416960.0,934362.8933333348,429.3947120098046,52,0,0,0,0,0,0.1346347901149504,0.008235732777241054,0.00823203624220468,03c84b7799b52e686f52106c0be40af36d31c02bf42cde4b1b95bf75f4d3ed04
compute-heterogeneous-03,compute-heterogeneous,headline,FLEX_FREE_NO_ALT,SHARED_NIC,8,PASS,121,2057,39779.42489538093,51.710149289736286,2464.1731036205456,2609.5172208063814,44.723499999999994,1.156218750539119,7028686720,3416960.0,883264.9226041683,429.3947120098047,52,0,0,0,0,0,0.7714329953413507,0.04718925917850492,0.04716807870135589,03c84b7799b52e686f52106c0be40af36d31c02bf42cde4b1b95bf75f4d3ed04
compute-heterogeneous-03,compute-heterogeneous,headline,FLEX_FREE_NO_ALT,SHARED_NIC,32,PASS,97,1649,35462.259721669965,46.500138822014875,8849.218545128533,9080.627142035264,44.723499999999994,1.0397249504626176,5634567040,3416960.0,708071.8801041688,429.39471200980523,52,0,0,0,0,0,0.6937079445325752,0.04243474700515043,0.04241570054828897,03c84b7799b52e686f52106c0be40af36d31c02bf42cde4b1b95bf75f4d3ed04
compute-heterogeneous-03,compute-heterogeneous,headline,FLEX_FREE_NO_ALT,SHARED_NIC,64,PASS,65,1105,35643.07254792556,31.001816650745262,17860.890210130397,18002.613274839798,44.723499999999994,0.6931885172391532,3775740800,3416960.0,474481.15677083575,429.3947120098061,52,0,0,0,0,0,0.46249768388610546,0.028291404705475916,0.02827870636137578,03c84b7799b52e686f52106c0be40af36d31c02bf42cde4b1b95bf75f4d3ed04
compute-heterogeneous-03,compute-heterogeneous,headline,FLEX_FREE_NO_ALT,SHARED_NIC,128,PASS,129,2193,71371.04472075486,30.726746519968916,35544.758515636626,35714.0108614703,44.723499999999994,0.6870380565020385,7493393280,3416960.0,941662.6034375015,429.3947120098046,52,0,0,0,0,0,0.4583940760290721,0.028040383274059427,0.028027797598684876,03c84b7799b52e686f52106c0be40af36d31c02bf42cde4b1b95bf75f4d3ed04
compute-heterogeneous-03,compute-heterogeneous,headline,FLEX_POOL,LEGACY_DIRECTED_LINK,1,PASS,128,2176,554263.3298356488,3.9259317419487805,4330.182264340816,4330.182264345,44.723499999999994,0.08778230107099805,6996623360,3215360.0,868895.0181333381,399.30837230392376,52,0,0,0,0,0,0.058568643192804824,0.0014502572909493295,0.0017536705885417597,b0898d40728a9a0ebe80512cc5817a2a2e6c0a7b1ab169b7d96d6435b75ececb
compute-heterogeneous-03,compute-heterogeneous,headline,FLEX_POOL,LEGACY_DIRECTED_LINK,8,PASS,121,2057,554263.3298354282,3.7112323498124336,34641.45811472135,34641.45811476,44.723499999999994,0.08298170648121087,6613995520,3215360.0,821377.3218291709,399.30837230392365,52,0,0,0,0,0,0.05536567051822035,0.0013709463453510835,0.001657766728231542,b0898d40728a9a0ebe80512cc5817a2a2e6c0a7b1ab169b7d96d6435b75ececb
compute-heterogeneous-03,compute-heterogeneous,headline,FLEX_POOL,LEGACY_DIRECTED_LINK,32,PASS,97,1649,554263.3298347064,2.9751201482006184,138565.83245856984,138565.83245904,44.723499999999994,0.0665225250304788,5302128640,3215360.0,658459.5059291692,399.30837230392314,52,0,0,0,0,0,0.04438404991962287,0.001099023103299407,0.0013289534928815623,b0898d40728a9a0ebe80512cc5817a2a2e6c0a7b1ab169b7d96d6435b75ececb
compute-heterogeneous-03,compute-heterogeneous,headline,FLEX_POOL,LEGACY_DIRECTED_LINK,64,PASS,65,1105,554263.3298336804,1.9936372127154451,277131.66491676867,277131.664916879,44.723499999999994,0.0445769497627745,3552972800,3215360.0,441235.7513958344,399.3083723039225,52,0,0,0,0,0,0.02974188912145182,0.0007364587805628207,0.0008905358457470257,b0898d40728a9a0ebe80512cc5817a2a2e6c0a7b1ab169b7d96d6435b75ececb
compute-heterogeneous-03,compute-heterogeneous,headline,FLEX_POOL,LEGACY_DIRECTED_LINK,128,PASS,129,2193,1108526.6596683473,1.9783015418466428,554263.3298348486,554263.3298348486,44.723499999999994,0.044234050149175336,7051284480,3215360.0,875683.2604625048,399.30837230392376,52,0,0,0,0,0,0.02951310535895285,0.0007307937130193805,0.0008836855700097228,b0898d40728a9a0ebe80512cc5817a2a2e6c0a7b1ab169b7d96d6435b75ececb
compute-heterogeneous-03,compute-heterogeneous,headline,FLEX_POOL,SHARED_NIC,1,PASS,128,2176,227530.07288827706,9.563570970543617,1777.5786944397169,1777.5786944403226,44.723499999999994,0.2138377132948812,6996623360,3215360.0,868895.0181333381,399.30837230392376,52,0,0,0,0,0,0.14267323342325777,0.003532827221457888,0.004271942110778787,b0898d40728a9a0ebe80512cc5817a2a2e6c0a7b1ab169b7d96d6435b75ececb
compute-heterogeneous-03,compute-heterogeneous,headline,FLEX_POOL,SHARED_NIC,8,PASS,121,2057,37908.36233226045,54.26243375988494,2373.632624739792,2522.3724646263036,44.723499999999994,1.2132868348828905,6613995520,3215360.0,821377.3218291709,399.30837230392365,52,0,0,0,0,0,0.8095090109942545,0.020044793276478432,0.02423843316750339,b0898d40728a9a0ebe80512cc5817a2a2e6c0a7b1ab169b7d96d6435b75ececb
compute-heterogeneous-03,compute-heterogeneous,headline,FLEX_POOL,SHARED_NIC,32,PASS,97,1649,35477.2983756965,46.48042763959832,8880.585926161926,9024.650748389897,44.723499999999994,1.039284216119005,5302128640,3215360.0,658459.5059291692,399.30837230392314,52,0,0,0,0,0,0.693413885112864,0.017170084326863372,0.020762296507464473,b0898d40728a9a0ebe80512cc5817a2a2e6c0a7b1ab169b7d96d6435b75ececb
compute-heterogeneous-03,compute-heterogeneous,headline,FLEX_POOL,SHARED_NIC,64,PASS,65,1105,35775.60488243241,30.886969029071807,17781.309675636585,18107.265050243943,44.723499999999994,0.6906205692549064,3552972800,3215360.0,441235.7513958344,399.3083723039225,52,0,0,0,0,0,0.460784340451358,0.011409788802772788,0.013796869817353584,b0898d40728a9a0ebe80512cc5817a2a2e6c0a7b1ab169b7d96d6435b75ececb
compute-heterogeneous-03,compute-heterogeneous,headline,FLEX_POOL,SHARED_NIC,128,PASS,129,2193,71294.10538128916,30.75990628217552,35407.02134177902,35597.20366012639,44.723499999999994,0.6877794958394474,7051284480,3215360.0,875683.2604625048,399.30837230392376,52,0,0,0,0,0,0.45888876682063257,0.011362851238085822,0.013740112283912418,b0898d40728a9a0ebe80512cc5817a2a2e6c0a7b1ab169b7d96d6435b75ececb
compute-heterogeneous-03,compute-heterogeneous,headline,FLEX_POOL_NO_ALT,SHARED_NIC,1,PASS,128,2176,227530.07288827706,9.563570970543617,1777.5786944397169,1777.5786944403226,44.723499999999994,0.2138377132948812,6996623360,3215360.0,868895.0181333381,399.30837230392376,52,0,0,0,0,0,0.14267323342325777,0.003532827221457888,0.004271942110778787,b0898d40728a9a0ebe80512cc5817a2a2e6c0a7b1ab169b7d96d6435b75ececb
compute-heterogeneous-03,compute-heterogeneous,headline,FLEX_POOL_NO_ALT,SHARED_NIC,8,PASS,121,2057,37908.36233226045,54.26243375988494,2373.632624739792,2522.3724646263036,44.723499999999994,1.2132868348828905,6613995520,3215360.0,821377.3218291709,399.30837230392365,52,0,0,0,0,0,0.8095090109942545,0.020044793276478432,0.02423843316750339,b0898d40728a9a0ebe80512cc5817a2a2e6c0a7b1ab169b7d96d6435b75ececb
compute-heterogeneous-03,compute-heterogeneous,headline,FLEX_POOL_NO_ALT,SHARED_NIC,32,PASS,97,1649,35477.2983756965,46.48042763959832,8880.585926161926,9024.650748389897,44.723499999999994,1.039284216119005,5302128640,3215360.0,658459.5059291692,399.30837230392314,52,0,0,0,0,0,0.693413885112864,0.017170084326863372,0.020762296507464473,b0898d40728a9a0ebe80512cc5817a2a2e6c0a7b1ab169b7d96d6435b75ececb
compute-heterogeneous-03,compute-heterogeneous,headline,FLEX_POOL_NO_ALT,SHARED_NIC,64,PASS,65,1105,35775.60488243241,30.886969029071807,17781.309675636585,18107.265050243943,44.723499999999994,0.6906205692549064,3552972800,3215360.0,441235.7513958344,399.3083723039225,52,0,0,0,0,0,0.460784340451358,0.011409788802772788,0.013796869817353584,b0898d40728a9a0ebe80512cc5817a2a2e6c0a7b1ab169b7d96d6435b75ececb
compute-heterogeneous-03,compute-heterogeneous,headline,FLEX_POOL_NO_ALT,SHARED_NIC,128,PASS,129,2193,71294.10538128916,30.75990628217552,35407.02134177902,35597.20366012639,44.723499999999994,0.6877794958394474,7051284480,3215360.0,875683.2604625048,399.30837230392376,52,0,0,0,0,0,0.45888876682063257,0.011362851238085822,0.013740112283912418,b0898d40728a9a0ebe80512cc5817a2a2e6c0a7b1ab169b7d96d6435b75ececb
compute-heterogeneous-03,compute-heterogeneous,headline,U_STRONG,LEGACY_DIRECTED_LINK,1,PASS,128,2176,554263.3298356488,3.9259317419487805,4330.182264340816,4330.182264345,44.723499999999994,0.08778230107099805,6996623360,3215360.0,868895.0181333381,399.30837230392376,52,0,0,0,0,0,0.058568643192804824,0.0014502572909493295,0.0017536705885417597,b0898d40728a9a0ebe80512cc5817a2a2e6c0a7b1ab169b7d96d6435b75ececb
compute-heterogeneous-03,compute-heterogeneous,headline,U_STRONG,LEGACY_DIRECTED_LINK,8,PASS,121,2057,554263.3298354282,3.7112323498124336,34641.45811472135,34641.45811476,44.723499999999994,0.08298170648121087,6613995520,3215360.0,821377.3218291709,399.30837230392365,52,0,0,0,0,0,0.05536567051822035,0.0013709463453510835,0.001657766728231542,b0898d40728a9a0ebe80512cc5817a2a2e6c0a7b1ab169b7d96d6435b75ececb
compute-heterogeneous-03,compute-heterogeneous,headline,U_STRONG,LEGACY_DIRECTED_LINK,32,PASS,97,1649,554263.3298347064,2.9751201482006184,138565.83245856984,138565.83245904,44.723499999999994,0.0665225250304788,5302128640,3215360.0,658459.5059291692,399.30837230392314,52,0,0,0,0,0,0.04438404991962287,0.001099023103299407,0.0013289534928815623,b0898d40728a9a0ebe80512cc5817a2a2e6c0a7b1ab169b7d96d6435b75ececb
compute-heterogeneous-03,compute-heterogeneous,headline,U_STRONG,LEGACY_DIRECTED_LINK,64,PASS,65,1105,554263.3298336804,1.9936372127154451,277131.66491676867,277131.664916879,44.723499999999994,0.0445769497627745,3552972800,3215360.0,441235.7513958344,399.3083723039225,52,0,0,0,0,0,0.02974188912145182,0.0007364587805628207,0.0008905358457470257,b0898d40728a9a0ebe80512cc5817a2a2e6c0a7b1ab169b7d96d6435b75ececb
compute-heterogeneous-03,compute-heterogeneous,headline,U_STRONG,LEGACY_DIRECTED_LINK,128,PASS,129,2193,1108526.6596683473,1.9783015418466428,554263.3298348486,554263.3298348486,44.723499999999994,0.044234050149175336,7051284480,3215360.0,875683.2604625048,399.30837230392376,52,0,0,0,0,0,0.02951310535895285,0.0007307937130193805,0.0008836855700097228,b0898d40728a9a0ebe80512cc5817a2a2e6c0a7b1ab169b7d96d6435b75ececb
compute-heterogeneous-03,compute-heterogeneous,headline,U_STRONG,SHARED_NIC,1,PASS,128,2176,227530.07288827706,9.563570970543617,1777.5786944397169,1777.5786944403226,44.723499999999994,0.2138377132948812,6996623360,3215360.0,868895.0181333381,399.30837230392376,52,0,0,0,0,0,0.14267323342325777,0.003532827221457888,0.004271942110778787,b0898d40728a9a0ebe80512cc5817a2a2e6c0a7b1ab169b7d96d6435b75ececb
compute-heterogeneous-03,compute-heterogeneous,headline,U_STRONG,SHARED_NIC,8,PASS,121,2057,37908.36233226045,54.26243375988494,2373.632624739792,2522.3724646263036,44.723499999999994,1.2132868348828905,6613995520,3215360.0,821377.3218291709,399.30837230392365,52,0,0,0,0,0,0.8095090109942545,0.020044793276478432,0.02423843316750339,b0898d40728a9a0ebe80512cc5817a2a2e6c0a7b1ab169b7d96d6435b75ececb
compute-heterogeneous-03,compute-heterogeneous,headline,U_STRONG,SHARED_NIC,32,PASS,97,1649,35477.2983756965,46.48042763959832,8880.585926161926,9024.650748389897,44.723499999999994,1.039284216119005,5302128640,3215360.0,658459.5059291692,399.30837230392314,52,0,0,0,0,0,0.693413885112864,0.017170084326863372,0.020762296507464473,b0898d40728a9a0ebe80512cc5817a2a2e6c0a7b1ab169b7d96d6435b75ececb
compute-heterogeneous-03,compute-heterogeneous,headline,U_STRONG,SHARED_NIC,64,PASS,65,1105,35775.60488243241,30.886969029071807,17781.309675636585,18107.265050243943,44.723499999999994,0.6906205692549064,3552972800,3215360.0,441235.7513958344,399.3083723039225,52,0,0,0,0,0,0.460784340451358,0.011409788802772788,0.013796869817353584,b0898d40728a9a0ebe80512cc5817a2a2e6c0a7b1ab169b7d96d6435b75ececb
compute-heterogeneous-03,compute-heterogeneous,headline,U_STRONG,SHARED_NIC,128,PASS,129,2193,71294.10538128916,30.75990628217552,35407.02134177902,35597.20366012639,44.723499999999994,0.6877794958394474,7051284480,3215360.0,875683.2604625048,399.30837230392376,52,0,0,0,0,0,0.45888876682063257,0.011362851238085822,0.013740112283912418,b0898d40728a9a0ebe80512cc5817a2a2e6c0a7b1ab169b7d96d6435b75ececb
compute-heterogeneous-04,compute-heterogeneous,headline,FLEX_FREE,SHARED_NIC,1,PASS,128,2176,230075.457098184,9.457766714645267,1797.4645085797129,1797.4645085802767,46.743199999999995,0.20233460085414068,7376601088,3389982.117647059,930020.036800001,427.3989139705887,52,2,4,7861174272,8593596026,0,0.14109480258968585,0.007653153436042434,0.006449302840010373,9f0c03d468dfab721dc8f2509f290a24e6dde6b8832f72aebeb76edb4bf0f37f
compute-heterogeneous-04,compute-heterogeneous,headline,FLEX_FREE,SHARED_NIC,8,PASS,121,2057,37410.66443185244,54.984321482636254,2346.8233829930105,2455.922529439993,46.743199999999995,1.1763063179807172,6987506816,3396940.6008750605,877805.0289875031,426.74041273092035,52,2,4,7861174272,8593596026,0,0.8202784250437459,0.04473521797209984,0.037735885396304784,9f0c03d468dfab721dc8f2509f290a24e6dde6b8832f72aebeb76edb4bf0f37f
compute-heterogeneous-04,compute-heterogeneous,headline,FLEX_FREE,SHARED_NIC,32,PASS,97,1649,34818.964650855065,47.35924851687124,8690.11763664768,8774.14407231306,46.743199999999995,1.013179425389602,5602522112,3397527.053972104,703556.3414375025,426.6563623029124,52,2,4,7861174272,8593596026,0,0.7065244916579069,0.038593417977665266,0.03256469389971236,9f0c03d468dfab721dc8f2509f290a24e6dde6b8832f72aebeb76edb4bf0f37f
compute-heterogeneous-04,compute-heterogeneous,headline,FLEX_FREE,SHARED_NIC,64,PASS,65,1105,35346.47538166377,31.261957184371106,17715.348781762215,17877.81939875231,46.743199999999995,0.6688022468374247,3754599040,3397827.185520362,471491.5082375018,426.68914772624595,52,2,4,7861174272,8593596026,0,0.4663785659531877,0.025467060632217108,0.021487471599898174,9f0c03d468dfab721dc8f2509f290a24e6dde6b8832f72aebeb76edb4bf0f37f
compute-heterogeneous-04,compute-heterogeneous,headline,FLEX_FREE,SHARED_NIC,128,PASS,129,2193,70967.30912281413,30.90155209640051,35474.93358691843,35688.95718567226,46.743199999999995,0.6610919255934663,7450848384,3397559.682626539,935697.0934625033,426.6744612232117,52,2,4,7861174272,8593596026,0,0.4610018965687773,0.025170810359861198,0.021237111981684147,9f0c03d468dfab721dc8f2509f290a24e6dde6b8832f72aebeb76edb4bf0f37f
compute-heterogeneous-04,compute-heterogeneous,headline,FLEX_FREE_NO_ALT,SHARED_NIC,1,PASS,128,2176,230075.457098184,9.457766714645267,1797.4645085797129,1797.4645085802767,46.743199999999995,0.20233460085414068,7372914688,3388288.0,930785.4416000057,427.75066250000265,52,0,0,0,0,0,0.14109480258968585,0.007558782460042447,0.006354954651664774,44db36b2340945f6118f3801f52f37326a1d97734e5da6d03791e499e38ad024
compute-heterogeneous-04,compute-heterogeneous,headline,FLEX_FREE_NO_ALT,SHARED_NIC,8,PASS,121,2057,38723.8430094795,53.119727799135326,2419.9339508997,2521.805914753655,46.743199999999995,1.1364161589094313,6969708416,3388288.0,879883.1127625052,427.75066250000253,52,0,0,0,0,0,0.7924616596676076,0.0424540463816455,0.03569272445148727,44db36b2340945f6118f3801f52f37326a1d97734e5da6d03791e499e38ad024
compute-heterogeneous-04,compute-heterogeneous,headline,FLEX_FREE_NO_ALT,SHARED_NIC,32,PASS,97,1649,35288.594249247864,46.72897957773272,8794.406442934473,9039.506561398923,46.743199999999995,0.9996957755937276,5587286912,3388288.0,705360.8424625034,427.750662500002,52,0,0,0,0,0,0.6971218838087985,0.037346468977808335,0.031398590713304426,44db36b2340945f6118f3801f52f37326a1d97734e5da6d03791e499e38ad024
compute-heterogeneous-04,compute-heterogeneous,headline,FLEX_FREE_NO_ALT,SHARED_NIC,64,PASS,65,1105,35065.28238355035,31.512650829766937,17539.352030295828,17707.602659533735,46.743199999999995,0.6741654578584038,3744058240,3388288.0,472664.4820625013,427.75066250000117,52,0,0,0,0,0,0.4701185155073294,0.02518536135942514,0.021174287019240155,44db36b2340945f6118f3801f52f37326a1d97734e5da6d03791e499e38ad024
compute-heterogeneous-04,compute-heterogeneous,headline,FLEX_FREE_NO_ALT,SHARED_NIC,128,PASS,129,2193,71059.04358737495,30.86165939319833,35544.0574266811,35800.08605827948,46.743199999999995,0.6602384816015663,7430515584,3388288.0,938057.2028625058,427.75066250000265,52,0,0,0,0,0,0.460406761030663,0.02466507969031263,0.020736866517885522,44db36b2340945f6118f3801f52f37326a1d97734e5da6d03791e499e38ad024
compute-heterogeneous-04,compute-heterogeneous,headline,FLEX_POOL,LEGACY_DIRECTED_LINK,1,PASS,128,2176,603677.3780189918,3.604574362452824,4716.229515773423,4716.229515779822,46.743199999999995,0.07711441156045852,6934233088,3186688.0,874777.0368000013,402.0115058823535,52,0,0,0,0,0,0.05377450337219483,0.0013315463929389022,0.0013315463929389022,8a1ecdc8b3dedcbacf805df3a4ae4d8cc1ac40b1a1d7b8c3984b7a9cda0a6e75
compute-heterogeneous-04,compute-heterogeneous,headline,FLEX_POOL,LEGACY_DIRECTED_LINK,8,PASS,121,2057,603677.3780187583,3.4074492020075033,37729.836126182345,37729.83612623857,46.743199999999995,0.07289721717827415,6555017216,3186688.0,826937.6676000014,402.0115058823536,52,0,0,0,0,0,0.05083371021904759,0.0012587274495755429,0.0012587274495755429,8a1ecdc8b3dedcbacf805df3a4ae4d8cc1ac40b1a1d7b8c3984b7a9cda0a6e75
compute-heterogeneous-04,compute-heterogeneous,headline,FLEX_POOL,LEGACY_DIRECTED_LINK,32,PASS,97,1649,603677.3780179573,2.731591509050962,150919.34450421855,150919.3445049543,46.743199999999995,0.05843826501076012,5254848512,3186688.0,662916.973200002,402.01150588235413,52,0,0,0,0,0,0.040750990836811225,0.0010090625009007406,0.0010090625009007406,8a1ecdc8b3dedcbacf805df3a4ae4d8cc1ac40b1a1d7b8c3984b7a9cda0a6e75
compute-heterogeneous-04,compute-heterogeneous,headline,FLEX_POOL,LEGACY_DIRECTED_LINK,64,PASS,65,1105,603677.3780172804,1.8304479184382643,301838.68900845957,301838.6890088049,46.743199999999995,0.039159662120656365,3521290240,3186688.0,444222.7140000021,402.0115058823548,52,0,0,0,0,0,0.0273073649937701,0.0006761759026662023,0.0006761759026662023,8a1ecdc8b3dedcbacf805df3a4ae4d8cc1ac40b1a1d7b8c3984b7a9cda0a6e75
compute-heterogeneous-04,compute-heterogeneous,headline,FLEX_POOL,LEGACY_DIRECTED_LINK,128,PASS,129,2193,1207354.7560328154,1.8163675498375187,603677.3780182062,603677.378018409,46.743199999999995,0.03885843395055364,6988406784,3186688.0,881611.2324000013,402.0115058823535,52,0,0,0,0,0,0.02709730834001104,0.0006709745495697408,0.0006709745495697408,8a1ecdc8b3dedcbacf805df3a4ae4d8cc1ac40b1a1d7b8c3984b7a9cda0a6e75
compute-heterogeneous-04,compute-heterogeneous,headline,FLEX_POOL,SHARED_NIC,1,PASS,128,2176,228686.67105701403,9.515202569272173,1786.6146176330585,1786.6146176336406,46.743199999999995,0.20356335401239484,6934233088,3186688.0,874777.0368000013,402.0115058823535,52,0,0,0,0,0,0.14195165398120982,0.0035149597109645305,0.0035149597109645305,8a1ecdc8b3dedcbacf805df3a4ae4d8cc1ac40b1a1d7b8c3984b7a9cda0a6e75
compute-heterogeneous-04,compute-heterogeneous,headline,FLEX_POOL,SHARED_NIC,8,PASS,121,2057,37045.278404159035,55.52664438254195,2306.368835433337,2420.4310195403305,46.743199999999995,1.1879084954077161,6555017216,3186688.0,826937.6676000014,402.0115058823536,52,0,0,0,0,0,0.8283690181838339,0.020511798510729862,0.020511798510729862,8a1ecdc8b3dedcbacf805df3a4ae4d8cc1ac40b1a1d7b8c3984b7a9cda0a6e75
compute-heterogeneous-04,compute-heterogeneous,headline,FLEX_POOL,SHARED_NIC,32,PASS,97,1649,35488.2535932945,46.46607913981933,8865.138693774541,9108.490435607779,46.743199999999995,0.9940714187265599,5254848512,3186688.0,662916.973200002,402.01150588235413,52,0,0,0,0,0,0.6931998283693581,0.017164783924873105,0.017164783924873105,8a1ecdc8b3dedcbacf805df3a4ae4d8cc1ac40b1a1d7b8c3984b7a9cda0a6e75
compute-heterogeneous-04,compute-heterogeneous,headline,FLEX_POOL,SHARED_NIC,64,PASS,65,1105,35823.51180120331,30.845663767751635,17889.696352529158,18048.19922198917,46.743199999999995,0.65989627941073,3521290240,3186688.0,444222.7140000021,402.0115058823548,52,0,0,0,0,0,0.46016813179790694,0.011394530448750969,0.011394530448750969,8a1ecdc8b3dedcbacf805df3a4ae4d8cc1ac40b1a1d7b8c3984b7a9cda0a6e75
compute-heterogeneous-04,compute-heterogeneous,headline,FLEX_POOL,SHARED_NIC,128,PASS,129,2193,71129.21036041896,30.83121531769923,35617.11925691251,35808.60328610767,46.743199999999995,0.6595871766952034,6988406784,3186688.0,881611.2324000013,402.0115058823535,52,0,0,0,0,0,0.4599525839556544,0.011389193124668776,0.011389193124668776,8a1ecdc8b3dedcbacf805df3a4ae4d8cc1ac40b1a1d7b8c3984b7a9cda0a6e75
compute-heterogeneous-04,compute-heterogeneous,headline,FLEX_POOL_NO_ALT,SHARED_NIC,1,PASS,128,2176,228686.67105701403,9.515202569272173,1786.6146176330585,1786.6146176336406,46.743199999999995,0.20356335401239484,6934233088,3186688.0,874777.0368000013,402.0115058823535,52,0,0,0,0,0,0.14195165398120982,0.0035149597109645305,0.0035149597109645305,8a1ecdc8b3dedcbacf805df3a4ae4d8cc1ac40b1a1d7b8c3984b7a9cda0a6e75
compute-heterogeneous-04,compute-heterogeneous,headline,FLEX_POOL_NO_ALT,SHARED_NIC,8,PASS,121,2057,37045.278404159035,55.52664438254195,2306.368835433337,2420.4310195403305,46.743199999999995,1.1879084954077161,6555017216,3186688.0,826937.6676000014,402.0115058823536,52,0,0,0,0,0,0.8283690181838339,0.020511798510729862,0.020511798510729862,8a1ecdc8b3dedcbacf805df3a4ae4d8cc1ac40b1a1d7b8c3984b7a9cda0a6e75
compute-heterogeneous-04,compute-heterogeneous,headline,FLEX_POOL_NO_ALT,SHARED_NIC,32,PASS,97,1649,35488.2535932945,46.46607913981933,8865.138693774541,9108.490435607779,46.743199999999995,0.9940714187265599,5254848512,3186688.0,662916.973200002,402.01150588235413,52,0,0,0,0,0,0.6931998283693581,0.017164783924873105,0.017164783924873105,8a1ecdc8b3dedcbacf805df3a4ae4d8cc1ac40b1a1d7b8c3984b7a9cda0a6e75
compute-heterogeneous-04,compute-heterogeneous,headline,FLEX_POOL_NO_ALT,SHARED_NIC,64,PASS,65,1105,35823.51180120331,30.845663767751635,17889.696352529158,18048.19922198917,46.743199999999995,0.65989627941073,3521290240,3186688.0,444222.7140000021,402.0115058823548,52,0,0,0,0,0,0.46016813179790694,0.011394530448750969,0.011394530448750969,8a1ecdc8b3dedcbacf805df3a4ae4d8cc1ac40b1a1d7b8c3984b7a9cda0a6e75
compute-heterogeneous-04,compute-heterogeneous,headline,FLEX_POOL_NO_ALT,SHARED_NIC,128,PASS,129,2193,71129.21036041896,30.83121531769923,35617.11925691251,35808.60328610767,46.743199999999995,0.6595871766952034,6988406784,3186688.0,881611.2324000013,402.0115058823535,52,0,0,0,0,0,0.4599525839556544,0.011389193124668776,0.011389193124668776,8a1ecdc8b3dedcbacf805df3a4ae4d8cc1ac40b1a1d7b8c3984b7a9cda0a6e75
compute-heterogeneous-04,compute-heterogeneous,headline,U_STRONG,LEGACY_DIRECTED_LINK,1,PASS,128,2176,603677.3780189918,3.604574362452824,4716.229515773423,4716.229515779822,46.743199999999995,0.07711441156045852,6934233088,3186688.0,874777.0368000013,402.0115058823535,52,0,0,0,0,0,0.05377450337219483,0.0013315463929389022,0.0013315463929389022,8a1ecdc8b3dedcbacf805df3a4ae4d8cc1ac40b1a1d7b8c3984b7a9cda0a6e75
compute-heterogeneous-04,compute-heterogeneous,headline,U_STRONG,LEGACY_DIRECTED_LINK,8,PASS,121,2057,603677.3780187583,3.4074492020075033,37729.836126182345,37729.83612623857,46.743199999999995,0.07289721717827415,6555017216,3186688.0,826937.6676000014,402.0115058823536,52,0,0,0,0,0,0.05083371021904759,0.0012587274495755429,0.0012587274495755429,8a1ecdc8b3dedcbacf805df3a4ae4d8cc1ac40b1a1d7b8c3984b7a9cda0a6e75
compute-heterogeneous-04,compute-heterogeneous,headline,U_STRONG,LEGACY_DIRECTED_LINK,32,PASS,97,1649,603677.3780179573,2.731591509050962,150919.34450421855,150919.3445049543,46.743199999999995,0.05843826501076012,5254848512,3186688.0,662916.973200002,402.01150588235413,52,0,0,0,0,0,0.040750990836811225,0.0010090625009007406,0.0010090625009007406,8a1ecdc8b3dedcbacf805df3a4ae4d8cc1ac40b1a1d7b8c3984b7a9cda0a6e75
compute-heterogeneous-04,compute-heterogeneous,headline,U_STRONG,LEGACY_DIRECTED_LINK,64,PASS,65,1105,603677.3780172804,1.8304479184382643,301838.68900845957,301838.6890088049,46.743199999999995,0.039159662120656365,3521290240,3186688.0,444222.7140000021,402.0115058823548,52,0,0,0,0,0,0.0273073649937701,0.0006761759026662023,0.0006761759026662023,8a1ecdc8b3dedcbacf805df3a4ae4d8cc1ac40b1a1d7b8c3984b7a9cda0a6e75
compute-heterogeneous-04,compute-heterogeneous,headline,U_STRONG,LEGACY_DIRECTED_LINK,128,PASS,129,2193,1207354.7560328154,1.8163675498375187,603677.3780182062,603677.378018409,46.743199999999995,0.03885843395055364,6988406784,3186688.0,881611.2324000013,402.0115058823535,52,0,0,0,0,0,0.02709730834001104,0.0006709745495697408,0.0006709745495697408,8a1ecdc8b3dedcbacf805df3a4ae4d8cc1ac40b1a1d7b8c3984b7a9cda0a6e75
compute-heterogeneous-04,compute-heterogeneous,headline,U_STRONG,SHARED_NIC,1,PASS,128,2176,228686.67105701403,9.515202569272173,1786.6146176330585,1786.6146176336406,46.743199999999995,0.20356335401239484,6934233088,3186688.0,874777.0368000013,402.0115058823535,52,0,0,0,0,0,0.14195165398120982,0.0035149597109645305,0.0035149597109645305,8a1ecdc8b3dedcbacf805df3a4ae4d8cc1ac40b1a1d7b8c3984b7a9cda0a6e75
compute-heterogeneous-04,compute-heterogeneous,headline,U_STRONG,SHARED_NIC,8,PASS,121,2057,37045.278404159035,55.52664438254195,2306.368835433337,2420.4310195403305,46.743199999999995,1.1879084954077161,6555017216,3186688.0,826937.6676000014,402.0115058823536,52,0,0,0,0,0,0.8283690181838339,0.020511798510729862,0.020511798510729862,8a1ecdc8b3dedcbacf805df3a4ae4d8cc1ac40b1a1d7b8c3984b7a9cda0a6e75
compute-heterogeneous-04,compute-heterogeneous,headline,U_STRONG,SHARED_NIC,32,PASS,97,1649,35488.2535932945,46.46607913981933,8865.138693774541,9108.490435607779,46.743199999999995,0.9940714187265599,5254848512,3186688.0,662916.973200002,402.01150588235413,52,0,0,0,0,0,0.6931998283693581,0.017164783924873105,0.017164783924873105,8a1ecdc8b3dedcbacf805df3a4ae4d8cc1ac40b1a1d7b8c3984b7a9cda0a6e75
compute-heterogeneous-04,compute-heterogeneous,headline,U_STRONG,SHARED_NIC,64,PASS,65,1105,35823.51180120331,30.845663767751635,17889.696352529158,18048.19922198917,46.743199999999995,0.65989627941073,3521290240,3186688.0,444222.7140000021,402.0115058823548,52,0,0,0,0,0,0.46016813179790694,0.011394530448750969,0.011394530448750969,8a1ecdc8b3dedcbacf805df3a4ae4d8cc1ac40b1a1d7b8c3984b7a9cda0a6e75
compute-heterogeneous-04,compute-heterogeneous,headline,U_STRONG,SHARED_NIC,128,PASS,129,2193,71129.21036041896,30.83121531769923,35617.11925691251,35808.60328610767,46.743199999999995,0.6595871766952034,6988406784,3186688.0,881611.2324000013,402.0115058823535,52,0,0,0,0,0,0.4599525839556544,0.011389193124668776,0.011389193124668776,8a1ecdc8b3dedcbacf805df3a4ae4d8cc1ac40b1a1d7b8c3984b7a9cda0a6e75
compute-heterogeneous-05,compute-heterogeneous,headline,FLEX_FREE,SHARED_NIC,1,PASS,128,2176,225074.1313330914,9.667925794544985,1758.391651039834,1758.3916510402196,46.88820000000001,0.20619102022566407,7310524416,3359616.0,915685.3248000029,420.8112705882366,52,2,4,7861174272,8593596025,0,0.14568022991267313,0.010050488848459748,0.010046528866054312,eaf2539a8d1b7ba1e896309898b4a155712e4f91331cdc40483f708a080a02d4
compute-heterogeneous-05,compute-heterogeneous,headline,FLEX_FREE,SHARED_NIC,8,PASS,121,2057,39380.479529779026,52.234000818718386,2454.709877499623,2618.5226702800137,46.88820000000001,1.1140116451200595,6917642112,3362976.233349538,864004.2080500036,420.03121441419717,52,2,4,7861174272,8593596025,0,0.7870831251956031,0.05717385189018373,0.05715097312764054,eaf2539a8d1b7ba1e896309898b4a155712e4f91331cdc40483f708a080a02d4
compute-heterogeneous-05,compute-heterogeneous,headline,FLEX_FREE,SHARED_NIC,32,PASS,97,1649,36014.8714321809,45.78664130747235,9028.431505041117,9298.393385931708,46.88820000000001,0.9765066969402182,5547638784,3364244.2595512434,692343.113275003,419.8563452243803,52,2,4,7861174272,8593596025,0,0.6899316952106996,0.050665143691990246,0.05064476597659617,eaf2539a8d1b7ba1e896309898b4a155712e4f91331cdc40483f708a080a02d4
compute-heterogeneous-05,compute-heterogeneous,headline,FLEX_FREE,SHARED_NIC,64,PASS,65,1105,36472.160074176536,30.29708132868104,18171.769172182263,18509.848683573306,46.88820000000001,0.6461557775449054,3717905280,3364620.1628959277,464020.3933250019,419.92795776018266,52,2,4,7861174272,8593596025,0,0.4565287185112225,0.033346043932865665,0.03333263529682644,eaf2539a8d1b7ba1e896309898b4a155712e4f91331cdc40483f708a080a02d4
compute-heterogeneous-05,compute-heterogeneous,headline,FLEX_FREE,SHARED_NIC,128,PASS,129,2193,72893.79525287064,30.084865143767328,36476.15211937974,36744.099543696386,46.88820000000001,0.6416297734561642,7378380288,3364514.4952120385,920913.5206500039,419.9332059507542,52,2,4,7861174272,8593596025,0,0.4533309589021378,0.033121487048171194,0.03310817082452513,eaf2539a8d1b7ba1e896309898b4a155712e4f91331cdc40483f708a080a02d4
compute-heterogeneous-05,compute-heterogeneous,headline,FLEX_FREE_NO_ALT,SHARED_NIC,1,PASS,128,2176,225074.1313330914,9.667925794544985,1758.391651039834,1758.3916510402196,46.88820000000001,0.20619102022566407,7310524416,3359616.0,915729.8976000061,420.8317544117675,52,0,0,0,0,0,0.14568022991267313,0.010050488848459748,0.010046528866054312,a81b5a11a4872503b0b32288c30e6f7875b57efe0e35a5641754d85b04fea0b1
compute-heterogeneous-05,compute-heterogeneous,headline,FLEX_FREE_NO_ALT,SHARED_NIC,8,PASS,121,2057,39886.853230365785,51.57087695336191,2484.134708540296,2694.03503734669,46.88820000000001,1.0998689852321457,6910730112,3359616.0,865650.9188250055,420.8317544117674,52,0,0,0,0,0,0.7770909056421371,0.05361155378514654,0.05359043035394649,a81b5a11a4872503b0b32288c30e6f7875b57efe0e35a5641754d85b04fea0b1
compute-heterogeneous-05,compute-heterogeneous,headline,FLEX_FREE_NO_ALT,SHARED_NIC,32,PASS,97,1649,36686.02558964089,44.9489955233971,9173.963590374471,9416.768306774275,46.88820000000001,0.9586419509257572,5540006784,3359616.0,693951.5630250036,420.8317544117669,52,0,0,0,0,0,0.677309708550612,0.04672764229451057,0.04670923118594423,a81b5a11a4872503b0b32288c30e6f7875b57efe0e35a5641754d85b04fea0b1
compute-heterogeneous-05,compute-heterogeneous,headline,FLEX_FREE_NO_ALT,SHARED_NIC,64,PASS,65,1105,36488.42490938329,30.28357630520358,18192.363420615628,18439.026298697292,46.88820000000001,0.6458677514855246,3712375680,3359616.0,465019.0886250016,420.83175441176616,52,0,0,0,0,0,0.45632521933601344,0.03148190753787772,0.03146950338502313,a81b5a11a4872503b0b32288c30e6f7875b57efe0e35a5641754d85b04fea0b1
compute-heterogeneous-05,compute-heterogeneous,headline,FLEX_FREE_NO_ALT,SHARED_NIC,128,PASS,129,2193,73251.96690869116,29.937762664224188,36451.04872877954,36953.023512895874,46.88820000000001,0.6384924706903694,7367637888,3359616.0,922884.0374250062,420.8317544117675,52,0,0,0,0,0,0.4511143590340813,0.03112240993558236,0.03111014742799512,a81b5a11a4872503b0b32288c30e6f7875b57efe0e35a5641754d85b04fea0b1
compute-heterogeneous-05,compute-heterogeneous,headline,FLEX_POOL,LEGACY_DIRECTED_LINK,1,PASS,128,2176,604044.8626304218,3.602381436577769,4719.100489300022,4719.100489306846,46.88820000000001,0.07682916888636732,6871842816,3158016.0,854695.1808000046,392.782711764708,52,0,0,0,0,0,0.054282145629407405,0.0013307363160073987,0.0017017527849234133,f620716c8319551d401217cab621f16d0b8da18b8963be230f5f4646a254c6ef
compute-heterogeneous-05,compute-heterogeneous,headline,FLEX_POOL,LEGACY_DIRECTED_LINK,8,PASS,121,2057,604044.8626301686,3.40537620176635,37752.80391439746,37752.803914454766,46.88820000000001,0.07262757371292455,6496038912,3158016.0,807954.0381000043,392.782711764708,52,0,0,0,0,0,0.051313590790320704,0.0012579616737262713,0.0016086881794985883,f620716c8319551d401217cab621f16d0b8da18b8963be230f5f4646a254c6ef
compute-heterogeneous-05,compute-heterogeneous,headline,FLEX_POOL,LEGACY_DIRECTED_LINK,32,PASS,97,1649,604044.8626292706,2.729929682411793,151011.21565702558,151011.21565781906,46.88820000000001,0.05822210454681119,5207568384,3158016.0,647698.6917000032,392.7827117647078,52,0,0,0,0,0,0.0411356884848637,0.0010084486144762781,0.0012896095323272315,f620716c8319551d401217cab621f16d0b8da18b8963be230f5f4646a254c6ef
compute-heterogeneous-05,compute-heterogeneous,headline,FLEX_POOL,LEGACY_DIRECTED_LINK,64,PASS,65,1105,604044.8626285212,1.8293343232679042,302022.43131407513,302022.43131443055,46.88820000000001,0.039014812325231164,3489607680,3158016.0,434024.89650000184,392.7827117647075,52,0,0,0,0,0,0.027565152077520205,0.0006757645354746324,0.0008641713360966397,f620716c8319551d401217cab621f16d0b8da18b8963be230f5f4646a254c6ef
compute-heterogeneous-05,compute-heterogeneous,headline,FLEX_POOL,LEGACY_DIRECTED_LINK,128,PASS,129,2193,1208089.7252560386,1.8152625207827364,604044.8626295009,604044.8626296818,46.88820000000001,0.038714698384300014,6925529088,3158016.0,861372.4869000047,392.78271176470804,52,0,0,0,0,0,0.02735311244617737,0.0006705663467407703,0.0008575238642812243,f620716c8319551d401217cab621f16d0b8da18b8963be230f5f4646a254c6ef
compute-heterogeneous-05,compute-heterogeneous,headline,FLEX_POOL,SHARED_NIC,1,PASS,128,2176,218367.37826472588,9.964858383572496,1705.9951426933226,1705.9951426935513,46.88820000000001,0.21252379881446704,6871842816,3158016.0,854695.1808000046,392.782711764708,52,0,0,0,0,0,0.15015453068383758,0.0036810646424738844,0.004707365337114774,f620716c8319551d401217cab621f16d0b8da18b8963be230f5f4646a254c6ef
compute-heterogeneous-05,compute-heterogeneous,headline,FLEX_POOL,SHARED_NIC,8,PASS,121,2057,38272.425044265605,53.746267648859174,2405.8913585929477,2546.7098654666825,46.88820000000001,1.1462642551614086,6496038912,3158016.0,807954.0381000043,392.782711764708,52,0,0,0,0,0,0.8098705755945839,0.019854119134628857,0.025389554732320116,f620716c8319551d401217cab621f16d0b8da18b8963be230f5f4646a254c6ef
compute-heterogeneous-05,compute-heterogeneous,headline,FLEX_POOL,SHARED_NIC,32,PASS,97,1649,36963.51766556759,44.61155496399314,9218.733790018588,9407.414583237196,46.88820000000001,0.9514452455840303,5207568384,3158016.0,647698.6917000032,392.7827117647078,52,0,0,0,0,0,0.6722250172403449,0.01647971414169377,0.02107434741054532,f620716c8319551d401217cab621f16d0b8da18b8963be230f5f4646a254c6ef
compute-heterogeneous-05,compute-heterogeneous,headline,FLEX_POOL,SHARED_NIC,64,PASS,65,1105,36736.92473058992,30.078728911129954,18407.677279768548,18630.841156656425,46.88820000000001,0.6414989040127356,3489607680,3158016.0,434024.89650000184,392.7827117647075,52,0,0,0,0,0,0.4532384956581697,0.011111221175791816,0.0142090896238069,f620716c8319551d401217cab621f16d0b8da18b8963be230f5f4646a254c6ef
compute-heterogeneous-05,compute-heterogeneous,headline,FLEX_POOL,SHARED_NIC,128,PASS,129,2193,73073.06547663729,30.01105791437119,36601.12918184578,36856.48600047162,46.88820000000001,0.6400556624986923,6925529088,3158016.0,861372.4869000047,392.78271176470804,52,0,0,0,0,0,0.452218801612545,0.011086223197506432,0.014177122074223324,f620716c8319551d401217cab621f16d0b8da18b8963be230f5f4646a254c6ef
compute-heterogeneous-05,compute-heterogeneous,headline,FLEX_POOL_NO_ALT,SHARED_NIC,1,PASS,128,2176,218367.37826472588,9.964858383572496,1705.9951426933226,1705.9951426935513,46.88820000000001,0.21252379881446704,6871842816,3158016.0,854695.1808000046,392.782711764708,52,0,0,0,0,0,0.15015453068383758,0.0036810646424738844,0.004707365337114774,f620716c8319551d401217cab621f16d0b8da18b8963be230f5f4646a254c6ef
compute-heterogeneous-05,compute-heterogeneous,headline,FLEX_POOL_NO_ALT,SHARED_NIC,8,PASS,121,2057,38272.425044265605,53.746267648859174,2405.8913585929477,2546.7098654666825,46.88820000000001,1.1462642551614086,6496038912,3158016.0,807954.0381000043,392.782711764708,52,0,0,0,0,0,0.8098705755945839,0.019854119134628857,0.025389554732320116,f620716c8319551d401217cab621f16d0b8da18b8963be230f5f4646a254c6ef
compute-heterogeneous-05,compute-heterogeneous,headline,FLEX_POOL_NO_ALT,SHARED_NIC,32,PASS,97,1649,36963.51766556759,44.61155496399314,9218.733790018588,9407.414583237196,46.88820000000001,0.9514452455840303,5207568384,3158016.0,647698.6917000032,392.7827117647078,52,0,0,0,0,0,0.6722250172403449,0.01647971414169377,0.02107434741054532,f620716c8319551d401217cab621f16d0b8da18b8963be230f5f4646a254c6ef
compute-heterogeneous-05,compute-heterogeneous,headline,FLEX_POOL_NO_ALT,SHARED_NIC,64,PASS,65,1105,36736.92473058992,30.078728911129954,18407.677279768548,18630.841156656425,46.88820000000001,0.6414989040127356,3489607680,3158016.0,434024.89650000184,392.7827117647075,52,0,0,0,0,0,0.4532384956581697,0.011111221175791816,0.0142090896238069,f620716c8319551d401217cab621f16d0b8da18b8963be230f5f4646a254c6ef
compute-heterogeneous-05,compute-heterogeneous,headline,FLEX_POOL_NO_ALT,SHARED_NIC,128,PASS,129,2193,73073.06547663729,30.01105791437119,36601.12918184578,36856.48600047162,46.88820000000001,0.6400556624986923,6925529088,3158016.0,861372.4869000047,392.78271176470804,52,0,0,0,0,0,0.452218801612545,0.011086223197506432,0.014177122074223324,f620716c8319551d401217cab621f16d0b8da18b8963be230f5f4646a254c6ef
compute-heterogeneous-05,compute-heterogeneous,headline,U_STRONG,LEGACY_DIRECTED_LINK,1,PASS,128,2176,604044.8626304218,3.602381436577769,4719.100489300022,4719.100489306846,46.88820000000001,0.07682916888636732,6871842816,3158016.0,854695.1808000046,392.782711764708,52,0,0,0,0,0,0.054282145629407405,0.0013307363160073987,0.0017017527849234133,f620716c8319551d401217cab621f16d0b8da18b8963be230f5f4646a254c6ef
compute-heterogeneous-05,compute-heterogeneous,headline,U_STRONG,LEGACY_DIRECTED_LINK,8,PASS,121,2057,604044.8626301686,3.40537620176635,37752.80391439746,37752.803914454766,46.88820000000001,0.07262757371292455,6496038912,3158016.0,807954.0381000043,392.782711764708,52,0,0,0,0,0,0.051313590790320704,0.0012579616737262713,0.0016086881794985883,f620716c8319551d401217cab621f16d0b8da18b8963be230f5f4646a254c6ef
compute-heterogeneous-05,compute-heterogeneous,headline,U_STRONG,LEGACY_DIRECTED_LINK,32,PASS,97,1649,604044.8626292706,2.729929682411793,151011.21565702558,151011.21565781906,46.88820000000001,0.05822210454681119,5207568384,3158016.0,647698.6917000032,392.7827117647078,52,0,0,0,0,0,0.0411356884848637,0.0010084486144762781,0.0012896095323272315,f620716c8319551d401217cab621f16d0b8da18b8963be230f5f4646a254c6ef
compute-heterogeneous-05,compute-heterogeneous,headline,U_STRONG,LEGACY_DIRECTED_LINK,64,PASS,65,1105,604044.8626285212,1.8293343232679042,302022.43131407513,302022.43131443055,46.88820000000001,0.039014812325231164,3489607680,3158016.0,434024.89650000184,392.7827117647075,52,0,0,0,0,0,0.027565152077520205,0.0006757645354746324,0.0008641713360966397,f620716c8319551d401217cab621f16d0b8da18b8963be230f5f4646a254c6ef
compute-heterogeneous-05,compute-heterogeneous,headline,U_STRONG,LEGACY_DIRECTED_LINK,128,PASS,129,2193,1208089.7252560386,1.8152625207827364,604044.8626295009,604044.8626296818,46.88820000000001,0.038714698384300014,6925529088,3158016.0,861372.4869000047,392.78271176470804,52,0,0,0,0,0,0.02735311244617737,0.0006705663467407703,0.0008575238642812243,f620716c8319551d401217cab621f16d0b8da18b8963be230f5f4646a254c6ef
compute-heterogeneous-05,compute-heterogeneous,headline,U_STRONG,SHARED_NIC,1,PASS,128,2176,218367.37826472588,9.964858383572496,1705.9951426933226,1705.9951426935513,46.88820000000001,0.21252379881446704,6871842816,3158016.0,854695.1808000046,392.782711764708,52,0,0,0,0,0,0.15015453068383758,0.0036810646424738844,0.004707365337114774,f620716c8319551d401217cab621f16d0b8da18b8963be230f5f4646a254c6ef
compute-heterogeneous-05,compute-heterogeneous,headline,U_STRONG,SHARED_NIC,8,PASS,121,2057,38272.425044265605,53.746267648859174,2405.8913585929477,2546.7098654666825,46.88820000000001,1.1462642551614086,6496038912,3158016.0,807954.0381000043,392.782711764708,52,0,0,0,0,0,0.8098705755945839,0.019854119134628857,0.025389554732320116,f620716c8319551d401217cab621f16d0b8da18b8963be230f5f4646a254c6ef
compute-heterogeneous-05,compute-heterogeneous,headline,U_STRONG,SHARED_NIC,32,PASS,97,1649,36963.51766556759,44.61155496399314,9218.733790018588,9407.414583237196,46.88820000000001,0.9514452455840303,5207568384,3158016.0,647698.6917000032,392.7827117647078,52,0,0,0,0,0,0.6722250172403449,0.01647971414169377,0.02107434741054532,f620716c8319551d401217cab621f16d0b8da18b8963be230f5f4646a254c6ef
compute-heterogeneous-05,compute-heterogeneous,headline,U_STRONG,SHARED_NIC,64,PASS,65,1105,36736.92473058992,30.078728911129954,18407.677279768548,18630.841156656425,46.88820000000001,0.6414989040127356,3489607680,3158016.0,434024.89650000184,392.7827117647075,52,0,0,0,0,0,0.4532384956581697,0.011111221175791816,0.0142090896238069,f620716c8319551d401217cab621f16d0b8da18b8963be230f5f4646a254c6ef
compute-heterogeneous-05,compute-heterogeneous,headline,U_STRONG,SHARED_NIC,128,PASS,129,2193,73073.06547663729,30.01105791437119,36601.12918184578,36856.48600047162,46.88820000000001,0.6400556624986923,6925529088,3158016.0,861372.4869000047,392.78271176470804,52,0,0,0,0,0,0.452218801612545,0.011086223197506432,0.014177122074223324,f620716c8319551d401217cab621f16d0b8da18b8963be230f5f4646a254c6ef
compute-heterogeneous-06,compute-heterogeneous,headline,FLEX_FREE,SHARED_NIC,1,PASS,128,2176,226426.3699959032,9.610188071466107,1768.956015593103,1768.9560155935978,46.44860000000001,0.20689941293098402,7497695232,3445632.0,906458.1424000071,416.5708375000033,52,1,2,3930587136,4396938650,0,0.1448102144665977,0.00876999316164425,0.009986530091353384,3b5946f4faf523d396f91cb44ed3a012921d9916e308bcc9f72d0fde06edd3b3
compute-heterogeneous-06,compute-heterogeneous,headline,FLEX_FREE,SHARED_NIC,8,PASS,121,2057,38921.37257263964,52.8501402709009,2416.465564453245,2643.697395606694,46.44860000000001,1.1378198755377102,7087665024,3445632.0,856751.7975875045,416.5054922642219,52,1,2,3930587136,4396938650,0,0.79636736454122,0.04822958357536395,0.05491979056213009,3b5946f4faf523d396f91cb44ed3a012921d9916e308bcc9f72d0fde06edd3b3
compute-heterogeneous-06,compute-heterogeneous,headline,FLEX_FREE,SHARED_NIC,32,PASS,97,1649,36615.50017653511,45.03557214976281,9205.344981834452,9493.903063094516,46.44860000000001,0.9695786772854896,5681847168,3445632.0,686675.9279625037,416.41960458611504,52,1,2,3930587136,4396938650,0,0.6786142802966153,0.04109822376492801,0.04679919821655585,3b5946f4faf523d396f91cb44ed3a012921d9916e308bcc9f72d0fde06edd3b3
compute-heterogeneous-06,compute-heterogeneous,headline,FLEX_FREE,SHARED_NIC,64,PASS,65,1105,37205.99747590305,29.699512846434708,18667.28866104856,18877.18916158289,46.44860000000001,0.6394059852489569,3807423360,3445632.0,460148.8463875023,416.4242953733052,52,1,2,3930587136,4396938650,0,0.4475243140782331,0.0271029580930628,0.03086256757243757,3b5946f4faf523d396f91cb44ed3a012921d9916e308bcc9f72d0fde06edd3b3
compute-heterogeneous-06,compute-heterogeneous,headline,FLEX_FREE,SHARED_NIC,128,PASS,129,2193,74028.23374863985,29.623832542678933,37099.61958614609,37448.967871966095,46.44860000000001,0.6377766508071055,7556270976,3445632.0,913313.391812505,416.46757492590285,52,1,2,3930587136,4396938650,0,0.44638393254394104,0.027033894330577245,0.030783923572428512,3b5946f4faf523d396f91cb44ed3a012921d9916e308bcc9f72d0fde06edd3b3
compute-heterogeneous-06,compute-heterogeneous,headline,FLEX_FREE_NO_ALT,SHARED_NIC,1,PASS,128,2176,226426.3699959032,9.610188071466107,1768.956015593103,1768.9560155935978,46.44860000000001,0.20689941293098402,7497695232,3445632.0,906945.5280000016,416.7948198529419,52,0,0,0,0,0,0.1448102144665977,0.00876999316164425,0.009986530091353384,6eee0a0c840c79cda9281e62b2f682c53cfb58938faa6974dfeed4f7f12a2e78
compute-heterogeneous-06,compute-heterogeneous,headline,FLEX_FREE_NO_ALT,SHARED_NIC,8,PASS,121,2057,39102.3194543198,52.60557503252546,2416.205692326377,2640.980477093348,46.44860000000001,1.1325545879213892,7087665024,3445632.0,857346.9444375017,416.794819852942,52,0,0,0,0,0,0.7926821562646643,0.04800640006925788,0.0546656479694802,6eee0a0c840c79cda9281e62b2f682c53cfb58938faa6974dfeed4f7f12a2e78
compute-heterogeneous-06,compute-heterogeneous,headline,FLEX_FREE_NO_ALT,SHARED_NIC,32,PASS,97,1649,36982.83571041515,44.58825204514014,9270.933326127786,9446.753398742108,46.44860000000001,0.9599482448370914,5681847168,3445632.0,687294.6579375023,416.79481985294257,52,0,0,0,0,0,0.6718738794008243,0.04069001174769864,0.04633436072825057,6eee0a0c840c79cda9281e62b2f682c53cfb58938faa6974dfeed4f7f12a2e78
compute-heterogeneous-06,compute-heterogeneous,headline,FLEX_FREE_NO_ALT,SHARED_NIC,64,PASS,65,1105,37024.50489684291,29.845098619920332,18563.53484850897,18842.98948165567,46.44860000000001,0.642540326725032,3807423360,3445632.0,460558.27593750233,416.7948198529433,52,0,0,0,0,0,0.44971805960381084,0.027235815663425294,0.03101385459168998,6eee0a0c840c79cda9281e62b2f682c53cfb58938faa6974dfeed4f7f12a2e78
compute-heterogeneous-06,compute-heterogeneous,headline,FLEX_FREE_NO_ALT,SHARED_NIC,128,PASS,129,2193,74082.20018035908,29.602252560817107,37241.83148754435,37459.671129020644,46.44860000000001,0.6373120516187162,7556270976,3445632.0,914031.0399375015,416.7948198529419,52,0,0,0,0,0,0.4460587566183132,0.02701420103301124,0.030761498502634727,6eee0a0c840c79cda9281e62b2f682c53cfb58938faa6974dfeed4f7f12a2e78
compute-heterogeneous-06,compute-heterogeneous,headline,FLEX_POOL,LEGACY_DIRECTED_LINK,1,PASS,128,2176,587012.9104026244,3.7069031386507505,4586.038362520296,4586.038362526218,46.44860000000001,0.07980656335499346,7059013632,3244032.0,847702.396800001,389.5691161764711,52,0,0,0,0,0,0.05585712105975745,0.0013693471147826547,0.002502074839533949,b763e9e0f3ca583a39ccda3627f6b84e3ee10356e4b6fa691497e8f611dd3e7d
compute-heterogeneous-06,compute-heterogeneous,headline,FLEX_POOL,LEGACY_DIRECTED_LINK,8,PASS,121,2057,587012.910402399,3.504181873257133,36688.306900160154,36688.30690020975,46.44860000000001,0.07544214192154622,6672973824,3244032.0,801343.6719750012,389.5691161764712,52,0,0,0,0,0,0.052802434751822246,0.0012944609444434751,0.0023652426217478442,b763e9e0f3ca583a39ccda3627f6b84e3ee10356e4b6fa691497e8f611dd3e7d
compute-heterogeneous-06,compute-heterogeneous,headline,FLEX_POOL,LEGACY_DIRECTED_LINK,32,PASS,97,1649,587012.9104016374,2.8091375347634946,146753.22760018217,146753.227600839,46.44860000000001,0.06047841129255766,5349408768,3244032.0,642399.4725750019,389.5691161764717,52,0,0,0,0,0,0.04232922455316863,0.0010377083604229747,0.0018961035893375084,b763e9e0f3ca583a39ccda3627f6b84e3ee10356e4b6fa691497e8f611dd3e7d
compute-heterogeneous-06,compute-heterogeneous,headline,FLEX_POOL,LEGACY_DIRECTED_LINK,64,PASS,65,1105,587012.9104007691,1.8824117501020337,293506.45520026237,293506.4552004788,46.44860000000001,0.0405267704538357,3584655360,3244032.0,430473.87337500195,389.56911617647233,52,0,0,0,0,0,0.028364944288247755,0.0006953715817277636,0.0012705848794548485,b763e9e0f3ca583a39ccda3627f6b84e3ee10356e4b6fa691497e8f611dd3e7d
compute-heterogeneous-06,compute-heterogeneous,headline,FLEX_POOL,LEGACY_DIRECTED_LINK,128,PASS,129,2193,1174025.8208003785,1.8679316597184787,587012.9104016423,587012.9104016423,46.44860000000001,0.040215026065769,7114162176,3244032.0,854325.071775001,389.569116176471,52,0,0,0,0,0,0.02814675240913517,0.0006900225695613096,0.0012608111496141344,b763e9e0f3ca583a39ccda3627f6b84e3ee10356e4b6fa691497e8f611dd3e7d
compute-heterogeneous-06,compute-heterogeneous,headline,FLEX_POOL,SHARED_NIC,1,PASS,128,2176,218483.16934738017,9.95957723654329,1706.899760526671,1706.899760526947,46.44860000000001,0.21442147312391088,7059013632,3244032.0,847702.396800001,389.5691161764711,52,0,0,0,0,0,0.1500749522168771,0.003679113762405888,0.006722486853276758,b763e9e0f3ca583a39ccda3627f6b84e3ee10356e4b6fa691497e8f611dd3e7d
compute-heterogeneous-06,compute-heterogeneous,headline,FLEX_POOL,SHARED_NIC,8,PASS,121,2057,39051.785531106536,52.67364787613885,2433.036341213614,2660.6287993997466,46.44860000000001,1.134020140028738,6672973824,3244032.0,801343.6719750012,389.5691161764712,52,0,0,0,0,0,0.793707905501797,0.019457888443915963,0.03555350763908237,b763e9e0f3ca583a39ccda3627f6b84e3ee10356e4b6fa691497e8f611dd3e7d
compute-heterogeneous-06,compute-heterogeneous,headline,FLEX_POOL,SHARED_NIC,32,PASS,97,1649,37415.169214908514,44.07303333384195,9357.339007060695,9591.229131940849,46.44860000000001,0.9488560114587293,5349408768,3244032.0,642399.4725750019,389.5691161764717,52,0,0,0,0,0,0.6641103547408004,0.01628078176798087,0.029748289524145707,b763e9e0f3ca583a39ccda3627f6b84e3ee10356e4b6fa691497e8f611dd3e7d
compute-heterogeneous-06,compute-heterogeneous,headline,FLEX_POOL,SHARED_NIC,64,PASS,65,1105,37330.470404356354,29.60048421653561,18610.750876575665,18861.940068723285,46.44860000000001,0.6372739806266626,3584655360,3244032.0,430473.87337500195,389.56911617647233,52,0,0,0,0,0,0.44603211048894026,0.010934555380056662,0.019979649865675485,b763e9e0f3ca583a39ccda3627f6b84e3ee10356e4b6fa691497e8f611dd3e7d
compute-heterogeneous-06,compute-heterogeneous,headline,FLEX_POOL,SHARED_NIC,128,PASS,129,2193,74890.486441386,29.282758120637652,37520.820343612795,37820.1269638015,46.44860000000001,0.6304336001652934,7114162176,3244032.0,854325.071775001,389.569116176471,52,0,0,0,0,0,0.44124448471653405,0.010817185894953976,0.01976519201752708,b763e9e0f3ca583a39ccda3627f6b84e3ee10356e4b6fa691497e8f611dd3e7d
compute-heterogeneous-06,compute-heterogeneous,headline,FLEX_POOL_NO_ALT,SHARED_NIC,1,PASS,128,2176,218483.16934738017,9.95957723654329,1706.899760526671,1706.899760526947,46.44860000000001,0.21442147312391088,7059013632,3244032.0,847702.396800001,389.5691161764711,52,0,0,0,0,0,0.1500749522168771,0.003679113762405888,0.006722486853276758,b763e9e0f3ca583a39ccda3627f6b84e3ee10356e4b6fa691497e8f611dd3e7d
compute-heterogeneous-06,compute-heterogeneous,headline,FLEX_POOL_NO_ALT,SHARED_NIC,8,PASS,121,2057,39051.785531106536,52.67364787613885,2433.036341213614,2660.6287993997466,46.44860000000001,1.134020140028738,6672973824,3244032.0,801343.6719750012,389.5691161764712,52,0,0,0,0,0,0.793707905501797,0.019457888443915963,0.03555350763908237,b763e9e0f3ca583a39ccda3627f6b84e3ee10356e4b6fa691497e8f611dd3e7d
compute-heterogeneous-06,compute-heterogeneous,headline,FLEX_POOL_NO_ALT,SHARED_NIC,32,PASS,97,1649,37415.169214908514,44.07303333384195,9357.339007060695,9591.229131940849,46.44860000000001,0.9488560114587293,5349408768,3244032.0,642399.4725750019,389.5691161764717,52,0,0,0,0,0,0.6641103547408004,0.01628078176798087,0.029748289524145707,b763e9e0f3ca583a39ccda3627f6b84e3ee10356e4b6fa691497e8f611dd3e7d
compute-heterogeneous-06,compute-heterogeneous,headline,FLEX_POOL_NO_ALT,SHARED_NIC,64,PASS,65,1105,37330.470404356354,29.60048421653561,18610.750876575665,18861.940068723285,46.44860000000001,0.6372739806266626,3584655360,3244032.0,430473.87337500195,389.56911617647233,52,0,0,0,0,0,0.44603211048894026,0.010934555380056662,0.019979649865675485,b763e9e0f3ca583a39ccda3627f6b84e3ee10356e4b6fa691497e8f611dd3e7d
compute-heterogeneous-06,compute-heterogeneous,headline,FLEX_POOL_NO_ALT,SHARED_NIC,128,PASS,129,2193,74890.486441386,29.282758120637652,37520.820343612795,37820.1269638015,46.44860000000001,0.6304336001652934,7114162176,3244032.0,854325.071775001,389.569116176471,52,0,0,0,0,0,0.44124448471653405,0.010817185894953976,0.01976519201752708,b763e9e0f3ca583a39ccda3627f6b84e3ee10356e4b6fa691497e8f611dd3e7d
compute-heterogeneous-06,compute-heterogeneous,headline,U_STRONG,LEGACY_DIRECTED_LINK,1,PASS,128,2176,587012.9104026244,3.7069031386507505,4586.038362520296,4586.038362526218,46.44860000000001,0.07980656335499346,7059013632,3244032.0,847702.396800001,389.5691161764711,52,0,0,0,0,0,0.05585712105975745,0.0013693471147826547,0.002502074839533949,b763e9e0f3ca583a39ccda3627f6b84e3ee10356e4b6fa691497e8f611dd3e7d
compute-heterogeneous-06,compute-heterogeneous,headline,U_STRONG,LEGACY_DIRECTED_LINK,8,PASS,121,2057,587012.910402399,3.504181873257133,36688.306900160154,36688.30690020975,46.44860000000001,0.07544214192154622,6672973824,3244032.0,801343.6719750012,389.5691161764712,52,0,0,0,0,0,0.052802434751822246,0.0012944609444434751,0.0023652426217478442,b763e9e0f3ca583a39ccda3627f6b84e3ee10356e4b6fa691497e8f611dd3e7d
compute-heterogeneous-06,compute-heterogeneous,headline,U_STRONG,LEGACY_DIRECTED_LINK,32,PASS,97,1649,587012.9104016374,2.8091375347634946,146753.22760018217,146753.227600839,46.44860000000001,0.06047841129255766,5349408768,3244032.0,642399.4725750019,389.5691161764717,52,0,0,0,0,0,0.04232922455316863,0.0010377083604229747,0.0018961035893375084,b763e9e0f3ca583a39ccda3627f6b84e3ee10356e4b6fa691497e8f611dd3e7d
compute-heterogeneous-06,compute-heterogeneous,headline,U_STRONG,LEGACY_DIRECTED_LINK,64,PASS,65,1105,587012.9104007691,1.8824117501020337,293506.45520026237,293506.4552004788,46.44860000000001,0.0405267704538357,3584655360,3244032.0,430473.87337500195,389.56911617647233,52,0,0,0,0,0,0.028364944288247755,0.0006953715817277636,0.0012705848794548485,b763e9e0f3ca583a39ccda3627f6b84e3ee10356e4b6fa691497e8f611dd3e7d
compute-heterogeneous-06,compute-heterogeneous,headline,U_STRONG,LEGACY_DIRECTED_LINK,128,PASS,129,2193,1174025.8208003785,1.8679316597184787,587012.9104016423,587012.9104016423,46.44860000000001,0.040215026065769,7114162176,3244032.0,854325.071775001,389.569116176471,52,0,0,0,0,0,0.02814675240913517,0.0006900225695613096,0.0012608111496141344,b763e9e0f3ca583a39ccda3627f6b84e3ee10356e4b6fa691497e8f611dd3e7d
compute-heterogeneous-06,compute-heterogeneous,headline,U_STRONG,SHARED_NIC,1,PASS,128,2176,218483.16934738017,9.95957723654329,1706.899760526671,1706.899760526947,46.44860000000001,0.21442147312391088,7059013632,3244032.0,847702.396800001,389.5691161764711,52,0,0,0,0,0,0.1500749522168771,0.003679113762405888,0.006722486853276758,b763e9e0f3ca583a39ccda3627f6b84e3ee10356e4b6fa691497e8f611dd3e7d
compute-heterogeneous-06,compute-heterogeneous,headline,U_STRONG,SHARED_NIC,8,PASS,121,2057,39051.785531106536,52.67364787613885,2433.036341213614,2660.6287993997466,46.44860000000001,1.134020140028738,6672973824,3244032.0,801343.6719750012,389.5691161764712,52,0,0,0,0,0,0.793707905501797,0.019457888443915963,0.03555350763908237,b763e9e0f3ca583a39ccda3627f6b84e3ee10356e4b6fa691497e8f611dd3e7d
compute-heterogeneous-06,compute-heterogeneous,headline,U_STRONG,SHARED_NIC,32,PASS,97,1649,37415.169214908514,44.07303333384195,9357.339007060695,9591.229131940849,46.44860000000001,0.9488560114587293,5349408768,3244032.0,642399.4725750019,389.5691161764717,52,0,0,0,0,0,0.6641103547408004,0.01628078176798087,0.029748289524145707,b763e9e0f3ca583a39ccda3627f6b84e3ee10356e4b6fa691497e8f611dd3e7d
compute-heterogeneous-06,compute-heterogeneous,headline,U_STRONG,SHARED_NIC,64,PASS,65,1105,37330.470404356354,29.60048421653561,18610.750876575665,18861.940068723285,46.44860000000001,0.6372739806266626,3584655360,3244032.0,430473.87337500195,389.56911617647233,52,0,0,0,0,0,0.44603211048894026,0.010934555380056662,0.019979649865675485,b763e9e0f3ca583a39ccda3627f6b84e3ee10356e4b6fa691497e8f611dd3e7d
compute-heterogeneous-06,compute-heterogeneous,headline,U_STRONG,SHARED_NIC,128,PASS,129,2193,74890.486441386,29.282758120637652,37520.820343612795,37820.1269638015,46.44860000000001,0.6304336001652934,7114162176,3244032.0,854325.071775001,389.569116176471,52,0,0,0,0,0,0.44124448471653405,0.010817185894953976,0.01976519201752708,b763e9e0f3ca583a39ccda3627f6b84e3ee10356e4b6fa691497e8f611dd3e7d
network-heterogeneous-01,network-heterogeneous,headline,FLEX_FREE,SHARED_NIC,1,PASS,128,2176,216124.2286258588,10.068283476754285,1688.4705361399951,1688.4705361402448,47.38990000000001,0.21245631404063486,7811596288,3589888.0,683599.942400004,314.1543852941195,48,2,6,11791761408,12890394040,0,0.14466518353259358,0.14128891965473261,0.15389188008817561,59f67ad5983152c5f0a14005294c8082cc0ed22e1dbe0b24e2aaeeecaf7619ed
network-heterogeneous-01,network-heterogeneous,headline,FLEX_FREE,SHARED_NIC,8,PASS,121,2057,40429.382816599915,50.87883753583831,2542.2362854400417,2585.4453516398753,47.38990000000001,1.0736219645080132,7396927616,3595978.4229460377,646291.7960500036,314.19144192999687,48,2,6,11791761408,12890394040,0,0.7310477885372205,0.7108006406321093,0.7776737696319911,59f67ad5983152c5f0a14005294c8082cc0ed22e1dbe0b24e2aaeeecaf7619ed
network-heterogeneous-01,network-heterogeneous,headline,FLEX_FREE,SHARED_NIC,32,PASS,97,1649,33782.97735743997,48.81156514278761,8460.37314080001,8519.561022399965,47.38990000000001,1.029999327763671,5942304512,3603580.662219527,518178.5005500034,314.23802337780677,48,2,6,11791761408,12890394040,0,0.7013443797244842,0.6830741045942161,0.746075887435341,59f67ad5983152c5f0a14005294c8082cc0ed22e1dbe0b24e2aaeeecaf7619ed
network-heterogeneous-01,network-heterogeneous,headline,FLEX_FREE,SHARED_NIC,64,PASS,65,1105,33547.43705792012,32.938432765883185,16802.84149408,16803.51416992007,47.38990000000001,0.6950517465933285,3981571840,3603232.4343891405,347231.2413500021,314.23641751131413,48,2,6,11791761408,12890394040,0,0.4732727711088025,0.4610543135040593,0.5034579486367217,59f67ad5983152c5f0a14005294c8082cc0ed22e1dbe0b24e2aaeeecaf7619ed
network-heterogeneous-01,network-heterogeneous,headline,FLEX_FREE,SHARED_NIC,128,PASS,129,2193,66800.34866080144,32.82916996639654,33370.411964160885,33429.869121280906,47.38990000000001,0.6927461329607476,7904563584,3604452.1586867305,689137.6686500036,314.24426295029804,48,2,6,11791761408,12890394040,0,0.47170283885793785,0.4595218881773975,0.5017878866370271,59f67ad5983152c5f0a14005294c8082cc0ed22e1dbe0b24e2aaeeecaf7619ed
network-heterogeneous-01,network-heterogeneous,headline,FLEX_FREE_NO_ALT,SHARED_NIC,1,PASS,128,2176,212008.64252666075,10.263732525556646,1656.3175197400205,1656.3175197402088,47.38990000000001,0.21658059049621636,7811596288,3589888.0,683599.942400004,314.1543852941195,48,0,0,0,0,0,0.1474734747951057,0.145449933028472,0.15687928321911498,5081c40b3e8ac8ff26416f88f790514dcb4613f7c75e7d606e9c22bec9a5fa4d
network-heterogeneous-01,network-heterogeneous,headline,FLEX_FREE_NO_ALT,SHARED_NIC,8,PASS,121,2057,47575.2364098607,43.23677936729401,2950.749896000014,3180.630376459965,47.38990000000001,0.9123627474903725,7384399616,3589888.0,646215.5705500036,314.1543852941194,48,0,0,0,0,0,0.621243594995025,0.6127192663761145,0.6608663017040415,5081c40b3e8ac8ff26416f88f790514dcb4613f7c75e7d606e9c22bec9a5fa4d
network-heterogeneous-01,network-heterogeneous,headline,FLEX_FREE_NO_ALT,SHARED_NIC,32,PASS,97,1649,33783.11148223997,48.811371352425354,8460.373140799995,8519.695147199964,47.38990000000001,1.0299952384880606,5919725312,3589888.0,518040.5813500021,314.1543852941189,48,0,0,0,0,0,0.7013415952659032,0.6917182103645179,0.746072925384932,5081c40b3e8ac8ff26416f88f790514dcb4613f7c75e7d606e9c22bec9a5fa4d
network-heterogeneous-01,network-heterogeneous,headline,FLEX_FREE_NO_ALT,SHARED_NIC,64,PASS,65,1105,33605.88468832013,32.88114597334339,16803.043194240003,16803.043194240003,47.38990000000001,0.6938429068924683,3966826240,3589888.0,347140.59575000184,314.1543852941193,48,0,0,0,0,0,0.4724496512218926,0.46596698304575257,0.5025823304413735,5081c40b3e8ac8ff26416f88f790514dcb4613f7c75e7d606e9c22bec9a5fa4d
network-heterogeneous-01,network-heterogeneous,headline,FLEX_FREE_NO_ALT,SHARED_NIC,128,PASS,129,2193,66798.93573376139,32.82986436700994,33370.00856384088,33429.06232064089,47.38990000000001,0.6927607858849656,7872624384,3589888.0,688940.5669500041,314.1543852941195,48,0,0,0,0,0,0.47171281628779604,0.4652402585146714,0.5017985004239925,5081c40b3e8ac8ff26416f88f790514dcb4613f7c75e7d606e9c22bec9a5fa4d
network-heterogeneous-01,network-heterogeneous,headline,FLEX_POOL,LEGACY_DIRECTED_LINK,1,PASS,128,2176,516141.4857707603,4.215898275936012,4032.355357589302,4032.3553575893166,47.38990000000001,0.08896195763097223,6934233088,3186688.0,574500.6272000057,264.01683235294377,48,0,0,0,0,0,0.060575737587360776,0.05879028355825117,0.06546119990727942,493964dbff6e801950f39ee65ad6036f259997c6d0e4d1d2f941a850ccaaa175
network-heterogeneous-01,network-heterogeneous,headline,FLEX_POOL,LEGACY_DIRECTED_LINK,8,PASS,121,2057,516141.485770486,3.985341338972879,32258.842860685894,32258.842860714532,47.38990000000001,0.08409685057307313,6555017216,3186688.0,543082.6241500053,264.01683235294377,48,0,0,0,0,0,0.0572630019380824,0.05557518992618884,0.06188129053738297,493964dbff6e801950f39ee65ad6036f259997c6d0e4d1d2f941a850ccaaa175
network-heterogeneous-01,network-heterogeneous,headline,FLEX_POOL,LEGACY_DIRECTED_LINK,32,PASS,97,1649,516141.4857696376,3.1948604122397084,129035.37144245568,129035.37144285813,47.38990000000001,0.06741648351736779,5254848512,3186688.0,435363.75655000395,264.0168323529436,48,0,0,0,0,0,0.04590505114052163,0.044552011759084104,0.04960731555484312,493964dbff6e801950f39ee65ad6036f259997c6d0e4d1d2f941a850ccaaa175
network-heterogeneous-01,network-heterogeneous,headline,FLEX_POOL,LEGACY_DIRECTED_LINK,64,PASS,65,1105,516141.48576780956,2.1408858432609956,258070.74288387597,258070.74288387597,47.38990000000001,0.04517599410973636,3521290240,3186688.0,291738.5997500021,264.0168323529431,48,0,0,0,0,0,0.030761116743757397,0.02985444086959507,0.03324201557810545,493964dbff6e801950f39ee65ad6036f259997c6d0e4d1d2f941a850ccaaa175
network-heterogeneous-01,network-heterogeneous,headline,FLEX_POOL,LEGACY_DIRECTED_LINK,128,PASS,129,2193,1032282.9715379676,2.124417490615693,516141.48576900363,516141.48576900363,47.38990000000001,0.044828486462636395,6988406784,3186688.0,578988.9133500058,264.0168323529438,48,0,0,0,0,0,0.03052449276873608,0.02962479132437697,0.03298630776589105,493964dbff6e801950f39ee65ad6036f259997c6d0e4d1d2f941a850ccaaa175
network-heterogeneous-01,network-heterogeneous,headline,FLEX_POOL,SHARED_NIC,1,PASS,128,2176,207128.92261114522,10.505534295107243,1618.1947079000256,1618.194707900242,47.38990000000001,0.22168298086949415,6934233088,3186688.0,574500.6272000057,264.01683235294377,48,0,0,0,0,0,0.15094778076307985,0.14649863438727365,0.16312179175435892,493964dbff6e801950f39ee65ad6036f259997c6d0e4d1d2f941a850ccaaa175
network-heterogeneous-01,network-heterogeneous,headline,FLEX_POOL,SHARED_NIC,8,PASS,121,2057,47314.453864100484,43.47508704017261,3074.138882200241,3161.7767512203136,47.38990000000001,0.91739140703341,6555017216,3186688.0,543082.6241500053,264.01683235294377,48,0,0,0,0,0,0.6246676963638238,0.6062557793199922,0.6750474459897303,493964dbff6e801950f39ee65ad6036f259997c6d0e4d1d2f941a850ccaaa175
network-heterogeneous-01,network-heterogeneous,headline,FLEX_POOL,SHARED_NIC,32,PASS,97,1649,34435.38940672009,47.88678241803755,8579.623280000065,8697.03088243195,47.38990000000001,1.0104849855778877,5254848512,3186688.0,435363.75655000395,264.0168323529436,48,0,0,0,0,0,0.6880567261822871,0.6677764340563118,0.743548831497264,493964dbff6e801950f39ee65ad6036f259997c6d0e4d1d2f941a850ccaaa175
network-heterogeneous-01,network-heterogeneous,headline,FLEX_POOL,SHARED_NIC,64,PASS,65,1105,34080.32969248031,32.42339525382626,17039.79472064007,17099.5877027201,47.38990000000001,0.6841836605231547,3521290240,3186688.0,291738.5997500021,264.0168323529431,48,0,0,0,0,0,0.4658725030909312,0.45214103285508933,0.5034453441389616,493964dbff6e801950f39ee65ad6036f259997c6d0e4d1d2f941a850ccaaa175
network-heterogeneous-01,network-heterogeneous,headline,FLEX_POOL,SHARED_NIC,128,PASS,129,2193,68388.57401364062,32.06676015152165,33902.430222720955,34545.19754771976,47.38990000000001,0.6766581096715047,6988406784,3186688.0,578988.9133500058,264.0168323529438,48,0,0,0,0,0,0.4607482251891257,0.44716779170480164,0.4979077907641148,493964dbff6e801950f39ee65ad6036f259997c6d0e4d1d2f941a850ccaaa175
network-heterogeneous-01,network-heterogeneous,headline,FLEX_POOL_NO_ALT,SHARED_NIC,1,PASS,128,2176,207128.92261114522,10.505534295107243,1618.1947079000256,1618.194707900242,47.38990000000001,0.22168298086949415,6934233088,3186688.0,574500.6272000057,264.01683235294377,48,0,0,0,0,0,0.15094778076307985,0.14649863438727365,0.16312179175435892,493964dbff6e801950f39ee65ad6036f259997c6d0e4d1d2f941a850ccaaa175
network-heterogeneous-01,network-heterogeneous,headline,FLEX_POOL_NO_ALT,SHARED_NIC,8,PASS,121,2057,47314.453864100484,43.47508704017261,3074.138882200241,3161.7767512203136,47.38990000000001,0.91739140703341,6555017216,3186688.0,543082.6241500053,264.01683235294377,48,0,0,0,0,0,0.6246676963638238,0.6062557793199922,0.6750474459897303,493964dbff6e801950f39ee65ad6036f259997c6d0e4d1d2f941a850ccaaa175
network-heterogeneous-01,network-heterogeneous,headline,FLEX_POOL_NO_ALT,SHARED_NIC,32,PASS,97,1649,34435.38940672009,47.88678241803755,8579.623280000065,8697.03088243195,47.38990000000001,1.0104849855778877,5254848512,3186688.0,435363.75655000395,264.0168323529436,48,0,0,0,0,0,0.6880567261822871,0.6677764340563118,0.743548831497264,493964dbff6e801950f39ee65ad6036f259997c6d0e4d1d2f941a850ccaaa175
network-heterogeneous-01,network-heterogeneous,headline,FLEX_POOL_NO_ALT,SHARED_NIC,64,PASS,65,1105,34080.32969248031,32.42339525382626,17039.79472064007,17099.5877027201,47.38990000000001,0.6841836605231547,3521290240,3186688.0,291738.5997500021,264.0168323529431,48,0,0,0,0,0,0.4658725030909312,0.45214103285508933,0.5034453441389616,493964dbff6e801950f39ee65ad6036f259997c6d0e4d1d2f941a850ccaaa175
network-heterogeneous-01,network-heterogeneous,headline,FLEX_POOL_NO_ALT,SHARED_NIC,128,PASS,129,2193,68388.57401364062,32.06676015152165,33902.430222720955,34545.19754771976,47.38990000000001,0.6766581096715047,6988406784,3186688.0,578988.9133500058,264.0168323529438,48,0,0,0,0,0,0.4607482251891257,0.44716779170480164,0.4979077907641148,493964dbff6e801950f39ee65ad6036f259997c6d0e4d1d2f941a850ccaaa175
network-heterogeneous-01,network-heterogeneous,headline,U_STRONG,LEGACY_DIRECTED_LINK,1,PASS,128,2176,516141.4857707603,4.215898275936012,4032.355357589302,4032.3553575893166,47.38990000000001,0.08896195763097223,6934233088,3186688.0,574500.6272000057,264.01683235294377,48,0,0,0,0,0,0.060575737587360776,0.05879028355825117,0.06546119990727942,493964dbff6e801950f39ee65ad6036f259997c6d0e4d1d2f941a850ccaaa175
network-heterogeneous-01,network-heterogeneous,headline,U_STRONG,LEGACY_DIRECTED_LINK,8,PASS,121,2057,516141.485770486,3.985341338972879,32258.842860685894,32258.842860714532,47.38990000000001,0.08409685057307313,6555017216,3186688.0,543082.6241500053,264.01683235294377,48,0,0,0,0,0,0.0572630019380824,0.05557518992618884,0.06188129053738297,493964dbff6e801950f39ee65ad6036f259997c6d0e4d1d2f941a850ccaaa175
network-heterogeneous-01,network-heterogeneous,headline,U_STRONG,LEGACY_DIRECTED_LINK,32,PASS,97,1649,516141.4857696376,3.1948604122397084,129035.37144245568,129035.37144285813,47.38990000000001,0.06741648351736779,5254848512,3186688.0,435363.75655000395,264.0168323529436,48,0,0,0,0,0,0.04590505114052163,0.044552011759084104,0.04960731555484312,493964dbff6e801950f39ee65ad6036f259997c6d0e4d1d2f941a850ccaaa175
network-heterogeneous-01,network-heterogeneous,headline,U_STRONG,LEGACY_DIRECTED_LINK,64,PASS,65,1105,516141.48576780956,2.1408858432609956,258070.74288387597,258070.74288387597,47.38990000000001,0.04517599410973636,3521290240,3186688.0,291738.5997500021,264.0168323529431,48,0,0,0,0,0,0.030761116743757397,0.02985444086959507,0.03324201557810545,493964dbff6e801950f39ee65ad6036f259997c6d0e4d1d2f941a850ccaaa175
network-heterogeneous-01,network-heterogeneous,headline,U_STRONG,LEGACY_DIRECTED_LINK,128,PASS,129,2193,1032282.9715379676,2.124417490615693,516141.48576900363,516141.48576900363,47.38990000000001,0.044828486462636395,6988406784,3186688.0,578988.9133500058,264.0168323529438,48,0,0,0,0,0,0.03052449276873608,0.02962479132437697,0.03298630776589105,493964dbff6e801950f39ee65ad6036f259997c6d0e4d1d2f941a850ccaaa175
network-heterogeneous-01,network-heterogeneous,headline,U_STRONG,SHARED_NIC,1,PASS,128,2176,207128.92261114522,10.505534295107243,1618.1947079000256,1618.194707900242,47.38990000000001,0.22168298086949415,6934233088,3186688.0,574500.6272000057,264.01683235294377,48,0,0,0,0,0,0.15094778076307985,0.14649863438727365,0.16312179175435892,493964dbff6e801950f39ee65ad6036f259997c6d0e4d1d2f941a850ccaaa175
network-heterogeneous-01,network-heterogeneous,headline,U_STRONG,SHARED_NIC,8,PASS,121,2057,47314.453864100484,43.47508704017261,3074.138882200241,3161.7767512203136,47.38990000000001,0.91739140703341,6555017216,3186688.0,543082.6241500053,264.01683235294377,48,0,0,0,0,0,0.6246676963638238,0.6062557793199922,0.6750474459897303,493964dbff6e801950f39ee65ad6036f259997c6d0e4d1d2f941a850ccaaa175
network-heterogeneous-01,network-heterogeneous,headline,U_STRONG,SHARED_NIC,32,PASS,97,1649,34435.38940672009,47.88678241803755,8579.623280000065,8697.03088243195,47.38990000000001,1.0104849855778877,5254848512,3186688.0,435363.75655000395,264.0168323529436,48,0,0,0,0,0,0.6880567261822871,0.6677764340563118,0.743548831497264,493964dbff6e801950f39ee65ad6036f259997c6d0e4d1d2f941a850ccaaa175
network-heterogeneous-01,network-heterogeneous,headline,U_STRONG,SHARED_NIC,64,PASS,65,1105,34080.32969248031,32.42339525382626,17039.79472064007,17099.5877027201,47.38990000000001,0.6841836605231547,3521290240,3186688.0,291738.5997500021,264.0168323529431,48,0,0,0,0,0,0.4658725030909312,0.45214103285508933,0.5034453441389616,493964dbff6e801950f39ee65ad6036f259997c6d0e4d1d2f941a850ccaaa175
network-heterogeneous-01,network-heterogeneous,headline,U_STRONG,SHARED_NIC,128,PASS,129,2193,68388.57401364062,32.06676015152165,33902.430222720955,34545.19754771976,47.38990000000001,0.6766581096715047,6988406784,3186688.0,578988.9133500058,264.0168323529438,48,0,0,0,0,0,0.4607482251891257,0.44716779170480164,0.4979077907641148,493964dbff6e801950f39ee65ad6036f259997c6d0e4d1d2f941a850ccaaa175
network-heterogeneous-02,network-heterogeneous,headline,FLEX_FREE,SHARED_NIC,1,PASS,128,2176,208547.16830457348,10.434090367614354,1629.2747523800117,1629.2747523802827,49.18740000000001,0.21212933327669997,6996623360,3215360.0,583599.2896000049,268.19820294117875,49,0,0,0,0,0,0.1869163562224459,0.1441772488138871,0.20046394881096594,7ff471013bea41246a73321f6abe6336135c8794df6bdffd0807626da9418d19
network-heterogeneous-02,network-heterogeneous,headline,FLEX_FREE,SHARED_NIC,8,PASS,121,2057,44845.36470399998,45.868731664401565,2802.835294000004,2802.835294000015,49.18740000000001,0.932530112679295,6613995520,3215360.0,551683.7034500049,268.19820294117886,49,0,0,0,0,0,0.8216927288521593,0.6338096858430688,0.8812485566481512,7ff471013bea41246a73321f6abe6336135c8794df6bdffd0807626da9418d19
network-heterogeneous-02,network-heterogeneous,headline,FLEX_FREE,SHARED_NIC,32,PASS,97,1649,44091.83043583963,37.399218487868126,11022.95760895987,11022.957608959947,49.18740000000001,0.7603414388210826,5302128640,3215360.0,442258.8366500039,268.19820294117886,49,0,0,0,0,0,0.6699698199870738,0.5167787741331531,0.7185288565059923,7ff471013bea41246a73321f6abe6336135c8794df6bdffd0807626da9418d19
network-heterogeneous-02,network-heterogeneous,headline,FLEX_FREE,SHARED_NIC,64,PASS,65,1105,44091.83043584,25.06133197640627,22045.915217920025,22045.915217920206,49.18740000000001,0.5095071497254635,3552972800,3215360.0,296359.0142500021,268.19820294117835,49,0,0,0,0,0,0.4489488484449419,0.3462950548314912,0.4814884089988574,7ff471013bea41246a73321f6abe6336135c8794df6bdffd0807626da9418d19
network-heterogeneous-02,network-heterogeneous,headline,FLEX_FREE,SHARED_NIC,128,PASS,129,2193,88183.66087167885,24.868552499665004,44091.830435839365,44091.8304358402,49.18740000000001,0.5055878639583511,7051284480,3215360.0,588158.6590500049,268.1982029411787,49,0,0,0,0,0,0.4454953957646022,0.34363124671740763,0.4777846520065638,7ff471013bea41246a73321f6abe6336135c8794df6bdffd0807626da9418d19
network-heterogeneous-02,network-heterogeneous,headline,FLEX_FREE_NO_ALT,SHARED_NIC,1,PASS,128,2176,208547.16830457348,10.434090367614354,1629.2747523800117,1629.2747523802827,49.18740000000001,0.21212933327669997,6996623360,3215360.0,583599.2896000049,268.19820294117875,49,0,0,0,0,0,0.1869163562224459,0.1441772488138871,0.20046394881096594,7ff471013bea41246a73321f6abe6336135c8794df6bdffd0807626da9418d19
network-heterogeneous-02,network-heterogeneous,headline,FLEX_FREE_NO_ALT,SHARED_NIC,8,PASS,121,2057,44845.36470399998,45.868731664401565,2802.835294000004,2802.835294000015,49.18740000000001,0.932530112679295,6613995520,3215360.0,551683.7034500049,268.19820294117886,49,0,0,0,0,0,0.8216927288521593,0.6338096858430688,0.8812485566481512,7ff471013bea41246a73321f6abe6336135c8794df6bdffd0807626da9418d19
network-heterogeneous-02,network-heterogeneous,headline,FLEX_FREE_NO_ALT,SHARED_NIC,32,PASS,97,1649,44091.83043583963,37.399218487868126,11022.95760895987,11022.957608959947,49.18740000000001,0.7603414388210826,5302128640,3215360.0,442258.8366500039,268.19820294117886,49,0,0,0,0,0,0.6699698199870738,0.5167787741331531,0.7185288565059923,7ff471013bea41246a73321f6abe6336135c8794df6bdffd0807626da9418d19
network-heterogeneous-02,network-heterogeneous,headline,FLEX_FREE_NO_ALT,SHARED_NIC,64,PASS,65,1105,44091.83043584,25.06133197640627,22045.915217920025,22045.915217920206,49.18740000000001,0.5095071497254635,3552972800,3215360.0,296359.0142500021,268.19820294117835,49,0,0,0,0,0,0.4489488484449419,0.3462950548314912,0.4814884089988574,7ff471013bea41246a73321f6abe6336135c8794df6bdffd0807626da9418d19
network-heterogeneous-02,network-heterogeneous,headline,FLEX_FREE_NO_ALT,SHARED_NIC,128,PASS,129,2193,88183.66087167885,24.868552499665004,44091.830435839365,44091.8304358402,49.18740000000001,0.5055878639583511,7051284480,3215360.0,588158.6590500049,268.1982029411787,49,0,0,0,0,0,0.4454953957646022,0.34363124671740763,0.4777846520065638,7ff471013bea41246a73321f6abe6336135c8794df6bdffd0807626da9418d19
network-heterogeneous-02,network-heterogeneous,headline,FLEX_POOL,LEGACY_DIRECTED_LINK,1,PASS,128,2176,516755.6281579315,4.210887857683803,4037.1533449886483,4037.1533449890558,49.18740000000001,0.08560907585446276,6996623360,3215360.0,583599.2896000049,268.19820294117875,49,0,0,0,0,0,0.07543386985247628,0.05818564005052449,0.08090127440064002,7ff471013bea41246a73321f6abe6336135c8794df6bdffd0807626da9418d19
network-heterogeneous-02,network-heterogeneous,headline,FLEX_POOL,LEGACY_DIRECTED_LINK,8,PASS,121,2057,516755.62815767655,3.9806049279686833,32297.226759884623,32297.226759912446,49.18740000000001,0.08092732951871175,6613995520,3215360.0,551683.7034500049,268.19820294117886,49,0,0,0,0,0,0.07130858009495421,0.05500361286028856,0.07647698595689276,7ff471013bea41246a73321f6abe6336135c8794df6bdffd0807626da9418d19
network-heterogeneous-02,network-heterogeneous,headline,FLEX_POOL,LEGACY_DIRECTED_LINK,32,PASS,97,1649,516755.62815691147,3.191063454657306,129188.90703927085,129188.90703964978,49.18740000000001,0.06487562779608813,5302128640,3215360.0,442258.8366500039,268.19820294117886,49,0,0,0,0,0,0.057164729497692586,0.044093805350875113,0.06130799700685607,7ff471013bea41246a73321f6abe6336135c8794df6bdffd0807626da9418d19
network-heterogeneous-02,network-heterogeneous,headline,FLEX_POOL,LEGACY_DIRECTED_LINK,64,PASS,65,1105,516755.62815519527,2.1383414902413787,258377.81407757103,258377.81407757103,49.18740000000001,0.04347335883257457,3552972800,3215360.0,296359.0142500021,268.19820294117835,49,0,0,0,0,0,0.038306262034663426,0.029547395338313392,0.041082678406792625,7ff471013bea41246a73321f6abe6336135c8794df6bdffd0807626da9418d19
network-heterogeneous-02,network-heterogeneous,headline,FLEX_POOL,LEGACY_DIRECTED_LINK,128,PASS,129,2193,1033511.2563132243,2.121892709541396,516755.6281566322,516755.6281566322,49.18740000000001,0.04313894837989802,7051284480,3215360.0,588158.6590500049,268.1982029411787,49,0,0,0,0,0,0.038011598480446426,0.029320107681784464,0.04076665780355159,7ff471013bea41246a73321f6abe6336135c8794df6bdffd0807626da9418d19
network-heterogeneous-02,network-heterogeneous,headline,FLEX_POOL,SHARED_NIC,1,PASS,128,2176,208547.16830457348,10.434090367614354,1629.2747523800117,1629.2747523802827,49.18740000000001,0.21212933327669997,6996623360,3215360.0,583599.2896000049,268.19820294117875,49,0,0,0,0,0,0.1869163562224459,0.1441772488138871,0.20046394881096594,7ff471013bea41246a73321f6abe6336135c8794df6bdffd0807626da9418d19
network-heterogeneous-02,network-heterogeneous,headline,FLEX_POOL,SHARED_NIC,8,PASS,121,2057,44845.36470399998,45.868731664401565,2802.835294000004,2802.835294000015,49.18740000000001,0.932530112679295,6613995520,3215360.0,551683.7034500049,268.19820294117886,49,0,0,0,0,0,0.8216927288521593,0.6338096858430688,0.8812485566481512,7ff471013bea41246a73321f6abe6336135c8794df6bdffd0807626da9418d19
network-heterogeneous-02,network-heterogeneous,headline,FLEX_POOL,SHARED_NIC,32,PASS,97,1649,44091.83043583963,37.399218487868126,11022.95760895987,11022.957608959947,49.18740000000001,0.7603414388210826,5302128640,3215360.0,442258.8366500039,268.19820294117886,49,0,0,0,0,0,0.6699698199870738,0.5167787741331531,0.7185288565059923,7ff471013bea41246a73321f6abe6336135c8794df6bdffd0807626da9418d19
network-heterogeneous-02,network-heterogeneous,headline,FLEX_POOL,SHARED_NIC,64,PASS,65,1105,44091.83043584,25.06133197640627,22045.915217920025,22045.915217920206,49.18740000000001,0.5095071497254635,3552972800,3215360.0,296359.0142500021,268.19820294117835,49,0,0,0,0,0,0.4489488484449419,0.3462950548314912,0.4814884089988574,7ff471013bea41246a73321f6abe6336135c8794df6bdffd0807626da9418d19
network-heterogeneous-02,network-heterogeneous,headline,FLEX_POOL,SHARED_NIC,128,PASS,129,2193,88183.66087167885,24.868552499665004,44091.830435839365,44091.8304358402,49.18740000000001,0.5055878639583511,7051284480,3215360.0,588158.6590500049,268.1982029411787,49,0,0,0,0,0,0.4454953957646022,0.34363124671740763,0.4777846520065638,7ff471013bea41246a73321f6abe6336135c8794df6bdffd0807626da9418d19
network-heterogeneous-02,network-heterogeneous,headline,FLEX_POOL_NO_ALT,SHARED_NIC,1,PASS,128,2176,208547.16830457348,10.434090367614354,1629.2747523800117,1629.2747523802827,49.18740000000001,0.21212933327669997,6996623360,3215360.0,583599.2896000049,268.19820294117875,49,0,0,0,0,0,0.1869163562224459,0.1441772488138871,0.20046394881096594,7ff471013bea41246a73321f6abe6336135c8794df6bdffd0807626da9418d19
network-heterogeneous-02,network-heterogeneous,headline,FLEX_POOL_NO_ALT,SHARED_NIC,8,PASS,121,2057,44845.36470399998,45.868731664401565,2802.835294000004,2802.835294000015,49.18740000000001,0.932530112679295,6613995520,3215360.0,551683.7034500049,268.19820294117886,49,0,0,0,0,0,0.8216927288521593,0.6338096858430688,0.8812485566481512,7ff471013bea41246a73321f6abe6336135c8794df6bdffd0807626da9418d19
network-heterogeneous-02,network-heterogeneous,headline,FLEX_POOL_NO_ALT,SHARED_NIC,32,PASS,97,1649,44091.83043583963,37.399218487868126,11022.95760895987,11022.957608959947,49.18740000000001,0.7603414388210826,5302128640,3215360.0,442258.8366500039,268.19820294117886,49,0,0,0,0,0,0.6699698199870738,0.5167787741331531,0.7185288565059923,7ff471013bea41246a73321f6abe6336135c8794df6bdffd0807626da9418d19
network-heterogeneous-02,network-heterogeneous,headline,FLEX_POOL_NO_ALT,SHARED_NIC,64,PASS,65,1105,44091.83043584,25.06133197640627,22045.915217920025,22045.915217920206,49.18740000000001,0.5095071497254635,3552972800,3215360.0,296359.0142500021,268.19820294117835,49,0,0,0,0,0,0.4489488484449419,0.3462950548314912,0.4814884089988574,7ff471013bea41246a73321f6abe6336135c8794df6bdffd0807626da9418d19
network-heterogeneous-02,network-heterogeneous,headline,FLEX_POOL_NO_ALT,SHARED_NIC,128,PASS,129,2193,88183.66087167885,24.868552499665004,44091.830435839365,44091.8304358402,49.18740000000001,0.5055878639583511,7051284480,3215360.0,588158.6590500049,268.1982029411787,49,0,0,0,0,0,0.4454953957646022,0.34363124671740763,0.4777846520065638,7ff471013bea41246a73321f6abe6336135c8794df6bdffd0807626da9418d19
network-heterogeneous-02,network-heterogeneous,headline,U_STRONG,LEGACY_DIRECTED_LINK,1,PASS,128,2176,516755.6281579315,4.210887857683803,4037.1533449886483,4037.1533449890558,49.18740000000001,0.08560907585446276,6996623360,3215360.0,583599.2896000049,268.19820294117875,49,0,0,0,0,0,0.07543386985247628,0.05818564005052449,0.08090127440064002,7ff471013bea41246a73321f6abe6336135c8794df6bdffd0807626da9418d19
network-heterogeneous-02,network-heterogeneous,headline,U_STRONG,LEGACY_DIRECTED_LINK,8,PASS,121,2057,516755.62815767655,3.9806049279686833,32297.226759884623,32297.226759912446,49.18740000000001,0.08092732951871175,6613995520,3215360.0,551683.7034500049,268.19820294117886,49,0,0,0,0,0,0.07130858009495421,0.05500361286028856,0.07647698595689276,7ff471013bea41246a73321f6abe6336135c8794df6bdffd0807626da9418d19
network-heterogeneous-02,network-heterogeneous,headline,U_STRONG,LEGACY_DIRECTED_LINK,32,PASS,97,1649,516755.62815691147,3.191063454657306,129188.90703927085,129188.90703964978,49.18740000000001,0.06487562779608813,5302128640,3215360.0,442258.8366500039,268.19820294117886,49,0,0,0,0,0,0.057164729497692586,0.044093805350875113,0.06130799700685607,7ff471013bea41246a73321f6abe6336135c8794df6bdffd0807626da9418d19
network-heterogeneous-02,network-heterogeneous,headline,U_STRONG,LEGACY_DIRECTED_LINK,64,PASS,65,1105,516755.62815519527,2.1383414902413787,258377.81407757103,258377.81407757103,49.18740000000001,0.04347335883257457,3552972800,3215360.0,296359.0142500021,268.19820294117835,49,0,0,0,0,0,0.038306262034663426,0.029547395338313392,0.041082678406792625,7ff471013bea41246a73321f6abe6336135c8794df6bdffd0807626da9418d19
network-heterogeneous-02,network-heterogeneous,headline,U_STRONG,LEGACY_DIRECTED_LINK,128,PASS,129,2193,1033511.2563132243,2.121892709541396,516755.6281566322,516755.6281566322,49.18740000000001,0.04313894837989802,7051284480,3215360.0,588158.6590500049,268.1982029411787,49,0,0,0,0,0,0.038011598480446426,0.029320107681784464,0.04076665780355159,7ff471013bea41246a73321f6abe6336135c8794df6bdffd0807626da9418d19
network-heterogeneous-02,network-heterogeneous,headline,U_STRONG,SHARED_NIC,1,PASS,128,2176,208547.16830457348,10.434090367614354,1629.2747523800117,1629.2747523802827,49.18740000000001,0.21212933327669997,6996623360,3215360.0,583599.2896000049,268.19820294117875,49,0,0,0,0,0,0.1869163562224459,0.1441772488138871,0.20046394881096594,7ff471013bea41246a73321f6abe6336135c8794df6bdffd0807626da9418d19
network-heterogeneous-02,network-heterogeneous,headline,U_STRONG,SHARED_NIC,8,PASS,121,2057,44845.36470399998,45.868731664401565,2802.835294000004,2802.835294000015,49.18740000000001,0.932530112679295,6613995520,3215360.0,551683.7034500049,268.19820294117886,49,0,0,0,0,0,0.8216927288521593,0.6338096858430688,0.8812485566481512,7ff471013bea41246a73321f6abe6336135c8794df6bdffd0807626da9418d19
network-heterogeneous-02,network-heterogeneous,headline,U_STRONG,SHARED_NIC,32,PASS,97,1649,44091.83043583963,37.399218487868126,11022.95760895987,11022.957608959947,49.18740000000001,0.7603414388210826,5302128640,3215360.0,442258.8366500039,268.19820294117886,49,0,0,0,0,0,0.6699698199870738,0.5167787741331531,0.7185288565059923,7ff471013bea41246a73321f6abe6336135c8794df6bdffd0807626da9418d19
network-heterogeneous-02,network-heterogeneous,headline,U_STRONG,SHARED_NIC,64,PASS,65,1105,44091.83043584,25.06133197640627,22045.915217920025,22045.915217920206,49.18740000000001,0.5095071497254635,3552972800,3215360.0,296359.0142500021,268.19820294117835,49,0,0,0,0,0,0.4489488484449419,0.3462950548314912,0.4814884089988574,7ff471013bea41246a73321f6abe6336135c8794df6bdffd0807626da9418d19
network-heterogeneous-02,network-heterogeneous,headline,U_STRONG,SHARED_NIC,128,PASS,129,2193,88183.66087167885,24.868552499665004,44091.830435839365,44091.8304358402,49.18740000000001,0.5055878639583511,7051284480,3215360.0,588158.6590500049,268.1982029411787,49,0,0,0,0,0,0.4454953957646022,0.34363124671740763,0.4777846520065638,7ff471013bea41246a73321f6abe6336135c8794df6bdffd0807626da9418d19
network-heterogeneous-03,network-heterogeneous,headline,FLEX_FREE,SHARED_NIC,1,PASS,128,2176,225512.83702008246,9.649118111206334,1761.8190392197248,1761.8190392203105,50.2359,0.1920761469627564,7497695232,3445632.0,581049.7104000056,267.026521323532,52,0,0,0,0,0,0.13864244542857576,0.15128749211275214,0.2676812660901623,2240f51029174ce2fd35b67ec3e2139c8a34805ff77e787df02cbe52cf1dd03a
network-heterogeneous-03,network-heterogeneous,headline,FLEX_FREE,SHARED_NIC,8,PASS,121,2057,67100.52984676108,30.65549563762931,4212.360597999865,4248.592243000181,50.2359,0.6102308436323289,7087665024,3445632.0,549273.5543625056,267.0265213235321,52,0,0,0,0,0,0.440470603846159,0.4806442413741513,0.8504302455756922,2240f51029174ce2fd35b67ec3e2139c8a34805ff77e787df02cbe52cf1dd03a
network-heterogeneous-03,network-heterogeneous,headline,FLEX_FREE,SHARED_NIC,32,PASS,97,1649,60709.15561919991,27.162295096696855,15177.389754879841,15237.312950399886,50.2359,0.5406949033797912,5681847168,3445632.0,440326.73366250447,267.0265213235321,52,0,0,0,0,0,0.3902788806455861,0.4258747232488815,0.7535235300886393,2240f51029174ce2fd35b67ec3e2139c8a34805ff77e787df02cbe52cf1dd03a
network-heterogeneous-03,network-heterogeneous,headline,FLEX_FREE,SHARED_NIC,64,PASS,65,1105,60348.13696959931,18.310424405589348,30173.933847039632,30233.85704255964,50.2359,0.3644888298127305,3807423360,3445632.0,295064.30606250255,267.0265213235317,52,0,0,0,0,0,0.2630916097376486,0.2870871882710752,0.5079591244555296,2240f51029174ce2fd35b67ec3e2139c8a34805ff77e787df02cbe52cf1dd03a
network-heterogeneous-03,network-heterogeneous,headline,FLEX_FREE,SHARED_NIC,128,PASS,129,2193,120696.81249024176,18.169493914160345,60348.406245120976,60408.329440640955,50.2359,0.36168345573903016,7556270976,3445632.0,585589.1612625056,267.02652132353194,52,0,0,0,0,0,0.26106666323559813,0.28487755415065324,0.5040494974884174,2240f51029174ce2fd35b67ec3e2139c8a34805ff77e787df02cbe52cf1dd03a
network-heterogeneous-03,network-heterogeneous,headline,FLEX_FREE_NO_ALT,SHARED_NIC,1,PASS,128,2176,225512.83702008246,9.649118111206334,1761.8190392197248,1761.8190392203105,50.2359,0.1920761469627564,7497695232,3445632.0,581049.7104000056,267.026521323532,52,0,0,0,0,0,0.13864244542857576,0.15128749211275214,0.2676812660901623,2240f51029174ce2fd35b67ec3e2139c8a34805ff77e787df02cbe52cf1dd03a
network-heterogeneous-03,network-heterogeneous,headline,FLEX_FREE_NO_ALT,SHARED_NIC,8,PASS,121,2057,67100.52984676108,30.65549563762931,4212.360597999865,4248.592243000181,50.2359,0.6102308436323289,7087665024,3445632.0,549273.5543625056,267.0265213235321,52,0,0,0,0,0,0.440470603846159,0.4806442413741513,0.8504302455756922,2240f51029174ce2fd35b67ec3e2139c8a34805ff77e787df02cbe52cf1dd03a
network-heterogeneous-03,network-heterogeneous,headline,FLEX_FREE_NO_ALT,SHARED_NIC,32,PASS,97,1649,60709.15561919991,27.162295096696855,15177.389754879841,15237.312950399886,50.2359,0.5406949033797912,5681847168,3445632.0,440326.73366250447,267.0265213235321,52,0,0,0,0,0,0.3902788806455861,0.4258747232488815,0.7535235300886393,2240f51029174ce2fd35b67ec3e2139c8a34805ff77e787df02cbe52cf1dd03a
network-heterogeneous-03,network-heterogeneous,headline,FLEX_FREE_NO_ALT,SHARED_NIC,64,PASS,65,1105,60348.13696959931,18.310424405589348,30173.933847039632,30233.85704255964,50.2359,0.3644888298127305,3807423360,3445632.0,295064.30606250255,267.0265213235317,52,0,0,0,0,0,0.2630916097376486,0.2870871882710752,0.5079591244555296,2240f51029174ce2fd35b67ec3e2139c8a34805ff77e787df02cbe52cf1dd03a
network-heterogeneous-03,network-heterogeneous,headline,FLEX_FREE_NO_ALT,SHARED_NIC,128,PASS,129,2193,120696.81249024176,18.169493914160345,60348.406245120976,60408.329440640955,50.2359,0.36168345573903016,7556270976,3445632.0,585589.1612625056,267.02652132353194,52,0,0,0,0,0,0.26106666323559813,0.28487755415065324,0.5040494974884174,2240f51029174ce2fd35b67ec3e2139c8a34805ff77e787df02cbe52cf1dd03a
network-heterogeneous-03,network-heterogeneous,headline,FLEX_POOL,LEGACY_DIRECTED_LINK,1,PASS,128,2176,504636.120097735,4.31201793398888,3942.469688261157,3942.469688268844,50.2359,0.08583538732239056,7497695232,3445632.0,581049.7104000056,267.026521323532,52,0,0,0,0,0,0.06195682384753737,0.06760766856203723,0.11962195992119797,2240f51029174ce2fd35b67ec3e2139c8a34805ff77e787df02cbe52cf1dd03a
network-heterogeneous-03,network-heterogeneous,headline,FLEX_POOL,LEGACY_DIRECTED_LINK,8,PASS,121,2057,504636.1200975715,4.076204453225184,31539.75750613105,31539.757506150752,50.2359,0.08114126457822363,7087665024,3445632.0,549273.5543625056,267.0265213235321,52,0,0,0,0,0,0.058568560043394134,0.06391037418757152,0.11308013398804408,2240f51029174ce2fd35b67ec3e2139c8a34805ff77e787df02cbe52cf1dd03a
network-heterogeneous-03,network-heterogeneous,headline,FLEX_POOL,LEGACY_DIRECTED_LINK,32,PASS,97,1649,504636.1200968552,3.2677010906066455,126159.03002431872,126159.03002460301,50.2359,0.0650471294553625,5681847168,3445632.0,440326.73366250447,267.0265213235321,52,0,0,0,0,0,0.04695165557204371,0.05123393633225812,0.09065101650294087,2240f51029174ce2fd35b67ec3e2139c8a34805ff77e787df02cbe52cf1dd03a
network-heterogeneous-03,network-heterogeneous,headline,FLEX_POOL,LEGACY_DIRECTED_LINK,64,PASS,65,1105,504636.1200952332,2.1896966071145845,252318.060047552,252318.0600475985,50.2359,0.043588282624867566,3807423360,3445632.0,295064.30606250255,267.0265213235317,52,0,0,0,0,0,0.031462449610233444,0.03433201919182964,0.06074552652278448,2240f51029174ce2fd35b67ec3e2139c8a34805ff77e787df02cbe52cf1dd03a
network-heterogeneous-03,network-heterogeneous,headline,FLEX_POOL,LEGACY_DIRECTED_LINK,128,PASS,129,2193,1009272.2401928426,2.172852787054741,504636.1200964749,504636.1200964749,50.2359,0.04325298814303598,7556270976,3445632.0,585589.1612625056,267.02652132353194,52,0,0,0,0,0,0.031220430767004405,0.034067926736427764,0.06027825324169808,2240f51029174ce2fd35b67ec3e2139c8a34805ff77e787df02cbe52cf1dd03a
network-heterogeneous-03,network-heterogeneous,headline,FLEX_POOL,SHARED_NIC,1,PASS,128,2176,225512.83702008246,9.649118111206334,1761.8190392197248,1761.8190392203105,50.2359,0.1920761469627564,7497695232,3445632.0,581049.7104000056,267.026521323532,52,0,0,0,0,0,0.13864244542857576,0.15128749211275214,0.2676812660901623,2240f51029174ce2fd35b67ec3e2139c8a34805ff77e787df02cbe52cf1dd03a
network-heterogeneous-03,network-heterogeneous,headline,FLEX_POOL,SHARED_NIC,8,PASS,121,2057,67100.52984676108,30.65549563762931,4212.360597999865,4248.592243000181,50.2359,0.6102308436323289,7087665024,3445632.0,549273.5543625056,267.0265213235321,52,0,0,0,0,0,0.440470603846159,0.4806442413741513,0.8504302455756922,2240f51029174ce2fd35b67ec3e2139c8a34805ff77e787df02cbe52cf1dd03a
network-heterogeneous-03,network-heterogeneous,headline,FLEX_POOL,SHARED_NIC,32,PASS,97,1649,60709.15561919991,27.162295096696855,15177.389754879841,15237.312950399886,50.2359,0.5406949033797912,5681847168,3445632.0,440326.73366250447,267.0265213235321,52,0,0,0,0,0,0.3902788806455861,0.4258747232488815,0.7535235300886393,2240f51029174ce2fd35b67ec3e2139c8a34805ff77e787df02cbe52cf1dd03a
network-heterogeneous-03,network-heterogeneous,headline,FLEX_POOL,SHARED_NIC,64,PASS,65,1105,60348.13696959931,18.310424405589348,30173.933847039632,30233.85704255964,50.2359,0.3644888298127305,3807423360,3445632.0,295064.30606250255,267.0265213235317,52,0,0,0,0,0,0.2630916097376486,0.2870871882710752,0.5079591244555296,2240f51029174ce2fd35b67ec3e2139c8a34805ff77e787df02cbe52cf1dd03a
network-heterogeneous-03,network-heterogeneous,headline,FLEX_POOL,SHARED_NIC,128,PASS,129,2193,120696.81249024176,18.169493914160345,60348.406245120976,60408.329440640955,50.2359,0.36168345573903016,7556270976,3445632.0,585589.1612625056,267.02652132353194,52,0,0,0,0,0,0.26106666323559813,0.28487755415065324,0.5040494974884174,2240f51029174ce2fd35b67ec3e2139c8a34805ff77e787df02cbe52cf1dd03a
network-heterogeneous-03,network-heterogeneous,headline,FLEX_POOL_NO_ALT,SHARED_NIC,1,PASS,128,2176,225512.83702008246,9.649118111206334,1761.8190392197248,1761.8190392203105,50.2359,0.1920761469627564,7497695232,3445632.0,581049.7104000056,267.026521323532,52,0,0,0,0,0,0.13864244542857576,0.15128749211275214,0.2676812660901623,2240f51029174ce2fd35b67ec3e2139c8a34805ff77e787df02cbe52cf1dd03a
network-heterogeneous-03,network-heterogeneous,headline,FLEX_POOL_NO_ALT,SHARED_NIC,8,PASS,121,2057,67100.52984676108,30.65549563762931,4212.360597999865,4248.592243000181,50.2359,0.6102308436323289,7087665024,3445632.0,549273.5543625056,267.0265213235321,52,0,0,0,0,0,0.440470603846159,0.4806442413741513,0.8504302455756922,2240f51029174ce2fd35b67ec3e2139c8a34805ff77e787df02cbe52cf1dd03a
network-heterogeneous-03,network-heterogeneous,headline,FLEX_POOL_NO_ALT,SHARED_NIC,32,PASS,97,1649,60709.15561919991,27.162295096696855,15177.389754879841,15237.312950399886,50.2359,0.5406949033797912,5681847168,3445632.0,440326.73366250447,267.0265213235321,52,0,0,0,0,0,0.3902788806455861,0.4258747232488815,0.7535235300886393,2240f51029174ce2fd35b67ec3e2139c8a34805ff77e787df02cbe52cf1dd03a
network-heterogeneous-03,network-heterogeneous,headline,FLEX_POOL_NO_ALT,SHARED_NIC,64,PASS,65,1105,60348.13696959931,18.310424405589348,30173.933847039632,30233.85704255964,50.2359,0.3644888298127305,3807423360,3445632.0,295064.30606250255,267.0265213235317,52,0,0,0,0,0,0.2630916097376486,0.2870871882710752,0.5079591244555296,2240f51029174ce2fd35b67ec3e2139c8a34805ff77e787df02cbe52cf1dd03a
network-heterogeneous-03,network-heterogeneous,headline,FLEX_POOL_NO_ALT,SHARED_NIC,128,PASS,129,2193,120696.81249024176,18.169493914160345,60348.406245120976,60408.329440640955,50.2359,0.36168345573903016,7556270976,3445632.0,585589.1612625056,267.02652132353194,52,0,0,0,0,0,0.26106666323559813,0.28487755415065324,0.5040494974884174,2240f51029174ce2fd35b67ec3e2139c8a34805ff77e787df02cbe52cf1dd03a
network-heterogeneous-03,network-heterogeneous,headline,U_STRONG,LEGACY_DIRECTED_LINK,1,PASS,128,2176,504636.120097735,4.31201793398888,3942.469688261157,3942.469688268844,50.2359,0.08583538732239056,7497695232,3445632.0,581049.7104000056,267.026521323532,52,0,0,0,0,0,0.06195682384753737,0.06760766856203723,0.11962195992119797,2240f51029174ce2fd35b67ec3e2139c8a34805ff77e787df02cbe52cf1dd03a
network-heterogeneous-03,network-heterogeneous,headline,U_STRONG,LEGACY_DIRECTED_LINK,8,PASS,121,2057,504636.1200975715,4.076204453225184,31539.75750613105,31539.757506150752,50.2359,0.08114126457822363,7087665024,3445632.0,549273.5543625056,267.0265213235321,52,0,0,0,0,0,0.058568560043394134,0.06391037418757152,0.11308013398804408,2240f51029174ce2fd35b67ec3e2139c8a34805ff77e787df02cbe52cf1dd03a
network-heterogeneous-03,network-heterogeneous,headline,U_STRONG,LEGACY_DIRECTED_LINK,32,PASS,97,1649,504636.1200968552,3.2677010906066455,126159.03002431872,126159.03002460301,50.2359,0.0650471294553625,5681847168,3445632.0,440326.73366250447,267.0265213235321,52,0,0,0,0,0,0.04695165557204371,0.05123393633225812,0.09065101650294087,2240f51029174ce2fd35b67ec3e2139c8a34805ff77e787df02cbe52cf1dd03a
network-heterogeneous-03,network-heterogeneous,headline,U_STRONG,LEGACY_DIRECTED_LINK,64,PASS,65,1105,504636.1200952332,2.1896966071145845,252318.060047552,252318.0600475985,50.2359,0.043588282624867566,3807423360,3445632.0,295064.30606250255,267.0265213235317,52,0,0,0,0,0,0.031462449610233444,0.03433201919182964,0.06074552652278448,2240f51029174ce2fd35b67ec3e2139c8a34805ff77e787df02cbe52cf1dd03a
network-heterogeneous-03,network-heterogeneous,headline,U_STRONG,LEGACY_DIRECTED_LINK,128,PASS,129,2193,1009272.2401928426,2.172852787054741,504636.1200964749,504636.1200964749,50.2359,0.04325298814303598,7556270976,3445632.0,585589.1612625056,267.02652132353194,52,0,0,0,0,0,0.031220430767004405,0.034067926736427764,0.06027825324169808,2240f51029174ce2fd35b67ec3e2139c8a34805ff77e787df02cbe52cf1dd03a
network-heterogeneous-03,network-heterogeneous,headline,U_STRONG,SHARED_NIC,1,PASS,128,2176,225512.83702008246,9.649118111206334,1761.8190392197248,1761.8190392203105,50.2359,0.1920761469627564,7497695232,3445632.0,581049.7104000056,267.026521323532,52,0,0,0,0,0,0.13864244542857576,0.15128749211275214,0.2676812660901623,2240f51029174ce2fd35b67ec3e2139c8a34805ff77e787df02cbe52cf1dd03a
network-heterogeneous-03,network-heterogeneous,headline,U_STRONG,SHARED_NIC,8,PASS,121,2057,67100.52984676108,30.65549563762931,4212.360597999865,4248.592243000181,50.2359,0.6102308436323289,7087665024,3445632.0,549273.5543625056,267.0265213235321,52,0,0,0,0,0,0.440470603846159,0.4806442413741513,0.8504302455756922,2240f51029174ce2fd35b67ec3e2139c8a34805ff77e787df02cbe52cf1dd03a
network-heterogeneous-03,network-heterogeneous,headline,U_STRONG,SHARED_NIC,32,PASS,97,1649,60709.15561919991,27.162295096696855,15177.389754879841,15237.312950399886,50.2359,0.5406949033797912,5681847168,3445632.0,440326.73366250447,267.0265213235321,52,0,0,0,0,0,0.3902788806455861,0.4258747232488815,0.7535235300886393,2240f51029174ce2fd35b67ec3e2139c8a34805ff77e787df02cbe52cf1dd03a
network-heterogeneous-03,network-heterogeneous,headline,U_STRONG,SHARED_NIC,64,PASS,65,1105,60348.13696959931,18.310424405589348,30173.933847039632,30233.85704255964,50.2359,0.3644888298127305,3807423360,3445632.0,295064.30606250255,267.0265213235317,52,0,0,0,0,0,0.2630916097376486,0.2870871882710752,0.5079591244555296,2240f51029174ce2fd35b67ec3e2139c8a34805ff77e787df02cbe52cf1dd03a
network-heterogeneous-03,network-heterogeneous,headline,U_STRONG,SHARED_NIC,128,PASS,129,2193,120696.81249024176,18.169493914160345,60348.406245120976,60408.329440640955,50.2359,0.36168345573903016,7556270976,3445632.0,585589.1612625056,267.02652132353194,52,0,0,0,0,0,0.26106666323559813,0.28487755415065324,0.5040494974884174,2240f51029174ce2fd35b67ec3e2139c8a34805ff77e787df02cbe52cf1dd03a
network-heterogeneous-04,network-heterogeneous,headline,FLEX_FREE,SHARED_NIC,1,PASS,128,2176,165689.34432252805,13.133011111228948,1294.4480025201483,1294.4480025201847,49.81,0.2636621383503101,7464796160,3430512.9411764704,618206.8704000053,284.10242205882594,49,1,4,7861174272,8593596026,0,0.18870043410358905,0.03461056072765376,0.03833067097590343,81b3bc76db49fe0acea8839c1d1a8fa6d068d431604611a4132276506324edde
network-heterogeneous-04,network-heterogeneous,headline,FLEX_FREE,SHARED_NIC,8,PASS,121,2057,31131.254240557195,66.0750763237859,1944.6733719795702,2072.210279920284,49.81,1.3265423875484017,7040811520,3422854.4093339816,584304.6510750038,284.05670932182977,49,1,4,7861174272,8593596026,0,0.9493935153276071,0.1741333668509132,0.19285006224575876,81b3bc76db49fe0acea8839c1d1a8fa6d068d431604611a4132276506324edde
network-heterogeneous-04,network-heterogeneous,headline,FLEX_FREE,SHARED_NIC,32,PASS,97,1649,31027.34719477908,53.14666412336645,7804.248952538357,7900.671641254905,49.81,1.0669878362450602,5644963840,3423264.91206792,468413.8044750033,284.0593113856903,49,1,4,7861174272,8593596026,0,0.7636328414176156,0.1400620033391464,0.15511654400701871,81b3bc76db49fe0acea8839c1d1a8fa6d068d431604611a4132276506324edde
network-heterogeneous-04,network-heterogeneous,headline,FLEX_FREE,SHARED_NIC,64,PASS,65,1105,31276.382866884807,35.33017244043158,15644.062538982449,15817.007575474456,49.81,0.7092987841885481,3781961600,3422589.6832579183,313880.3411750021,284.05460739819193,49,1,4,7861174272,8593596026,0,0.5076382575176405,0.09310866094695726,0.10311642957327775,81b3bc76db49fe0acea8839c1d1a8fa6d068d431604611a4132276506324edde
network-heterogeneous-04,network-heterogeneous,headline,FLEX_FREE,SHARED_NIC,128,PASS,129,2193,62386.52046782639,35.15182420104614,31293.58962376266,31394.979308491114,49.81,0.7057182132312013,7505028480,3422265.60875513,622928.2951750048,284.05303017556076,49,1,4,7861174272,8593596026,0,0.5050756776257491,0.09263864439723819,0.102595893374449,81b3bc76db49fe0acea8839c1d1a8fa6d068d431604611a4132276506324edde
network-heterogeneous-04,network-heterogeneous,headline,FLEX_FREE_NO_ALT,SHARED_NIC,1,PASS,128,2176,166989.09953276668,13.030790668902458,1304.602340100144,1304.6023401001803,49.81,0.26160993111629105,7435304960,3416960.0,618028.8992000057,284.020633823532,49,0,0,0,0,0,0.1872316892987684,0.03434117034971343,0.03803232521889133,4f02075e70f477de0eda9dec72007a7c7a7ed5c8fdddec0eb75fe783182aa52a
network-heterogeneous-04,network-heterogeneous,headline,FLEX_FREE_NO_ALT,SHARED_NIC,8,PASS,121,2057,31296.066074797072,65.727110720044,1955.383054140013,2074.5318801600424,49.81,1.319556529211885,7028686720,3416960.0,584230.4437750053,284.02063382353197,49,0,0,0,0,0,0.9443938042999455,0.1732163429820195,0.19183447222188693,4f02075e70f477de0eda9dec72007a7c7a7ed5c8fdddec0eb75fe783182aa52a
network-heterogeneous-04,network-heterogeneous,headline,FLEX_FREE_NO_ALT,SHARED_NIC,32,PASS,97,1649,31341.025805179008,52.614742422614256,7800.574963639618,7892.041832823596,49.81,1.056308821975793,5634567040,3416960.0,468350.025175004,284.0206338235318,49,0,0,0,0,0,0.7559899745235765,0.13866018404802435,0.15356405040720422,4f02075e70f477de0eda9dec72007a7c7a7ed5c8fdddec0eb75fe783182aa52a
network-heterogeneous-04,network-heterogeneous,headline,FLEX_FREE_NO_ALT,SHARED_NIC,64,PASS,65,1105,31174.884350004693,35.445199654760984,15654.743264382327,15772.24275101452,49.81,0.7116081038900016,3775740800,3416960.0,313842.80037500215,284.02063382353134,49,0,0,0,0,0,0.5092910152206418,0.09341180211946999,0.10345215382329118,4f02075e70f477de0eda9dec72007a7c7a7ed5c8fdddec0eb75fe783182aa52a
network-heterogeneous-04,network-heterogeneous,headline,FLEX_FREE_NO_ALT,SHARED_NIC,128,PASS,129,2193,62525.92978470645,35.07344884835919,31268.349122502885,31447.709485847146,49.81,0.704144726929516,7493393280,3416960.0,622857.2499750057,284.020633823532,49,0,0,0,0,0,0.5039495487471705,0.09243209504760705,0.10236714310301313,4f02075e70f477de0eda9dec72007a7c7a7ed5c8fdddec0eb75fe783182aa52a
network-heterogeneous-04,network-heterogeneous,headline,FLEX_POOL,LEGACY_DIRECTED_LINK,1,PASS,128,2176,429383.8454710209,5.067726750672222,3354.5612927403417,3354.561292748025,49.81,0.10174115138872157,6996623360,3215360.0,563639.1264000032,259.0253338235309,49,0,0,0,0,0,0.07281515485451628,0.01335541887308152,0.014790923804953962,374cff4b48a74fd8f8271870f774dd58feea0d51e4f938fe89639c832e342a47
network-heterogeneous-04,network-heterogeneous,headline,FLEX_POOL,LEGACY_DIRECTED_LINK,8,PASS,121,2057,429383.84547113196,4.790585443993595,26836.4903419599,26836.4903419842,49.81,0.09617718217212597,6613995520,3215360.0,532815.1116750027,259.02533382353073,49,0,0,0,0,0,0.06883307607339212,0.012625044403456614,0.013982045159366924,374cff4b48a74fd8f8271870f774dd58feea0d51e4f938fe89639c832e342a47
network-heterogeneous-04,network-heterogeneous,headline,FLEX_POOL,LEGACY_DIRECTED_LINK,32,PASS,97,1649,429383.8454707173,3.8403866782465084,107345.96136791958,107345.9613679368,49.81,0.07710071628682008,5302128640,3215360.0,427132.7754750024,259.0253338235309,49,0,0,0,0,0,0.055180234538227076,0.010120903364764264,0.0112087469459496,374cff4b48a74fd8f8271870f774dd58feea0d51e4f938fe89639c832e342a47
network-heterogeneous-04,network-heterogeneous,headline,FLEX_POOL,LEGACY_DIRECTED_LINK,64,PASS,65,1105,429383.8454693155,2.5734549905859585,214691.9227343127,214691.9227349247,49.81,0.05166542843979037,3552972800,3215360.0,286222.9938750021,259.0253338235313,49,0,0,0,0,0,0.03697644582470579,0.0067820486465136574,0.007511015994733016,374cff4b48a74fd8f8271870f774dd58feea0d51e4f938fe89639c832e342a47
network-heterogeneous-04,network-heterogeneous,headline,FLEX_POOL,LEGACY_DIRECTED_LINK,128,PASS,129,2193,858767.6909404338,2.553659182960706,429383.8454706669,429383.8454706669,49.81,0.051268002067068975,7051284480,3215360.0,568042.5570750033,259.0253338235309,49,0,0,0,0,0,0.03669201162597731,0.006729879041526336,0.007453238948604038,374cff4b48a74fd8f8271870f774dd58feea0d51e4f938fe89639c832e342a47
network-heterogeneous-04,network-heterogeneous,headline,FLEX_POOL,SHARED_NIC,1,PASS,128,2176,169187.0570623693,12.861503934061792,1321.7738833001786,1321.7738833001931,49.81,0.2582112815511301,6996623360,3215360.0,563639.1264000032,259.0253338235309,49,0,0,0,0,0,0.18479930878207945,0.03389503436711463,0.03753823638588833,374cff4b48a74fd8f8271870f774dd58feea0d51e4f938fe89639c832e342a47
network-heterogeneous-04,network-heterogeneous,headline,FLEX_POOL,SHARED_NIC,8,PASS,121,2057,31354.184056637147,65.60527922794304,1959.5365070402368,2066.8850723596115,49.81,1.3171106048573187,6613995520,3215360.0,532815.1116750027,259.02533382353073,49,0,0,0,0,0,0.9426432799721863,0.1728952699074452,0.19147888866236093,374cff4b48a74fd8f8271870f774dd58feea0d51e4f938fe89639c832e342a47
network-heterogeneous-04,network-heterogeneous,headline,FLEX_POOL,SHARED_NIC,32,PASS,97,1649,31284.134828178816,52.710423639866264,7808.723131598257,7913.066798761152,49.81,1.0582297458314849,5302128640,3215360.0,427132.7754750024,259.0253338235309,49,0,0,0,0,0,0.7573647610883709,0.13891234104021366,0.15384331045092145,374cff4b48a74fd8f8271870f774dd58feea0d51e4f938fe89639c832e342a47
network-heterogeneous-04,network-heterogeneous,headline,FLEX_POOL,SHARED_NIC,64,PASS,65,1105,31307.00947270459,35.29561010812637,15639.535103182403,15747.283943150318,49.81,0.7086049007855123,3552972800,3215360.0,286222.9938750021,259.0253338235313,49,0,0,0,0,0,0.5071416518988384,0.09301757584156843,0.10301555420078848,374cff4b48a74fd8f8271870f774dd58feea0d51e4f938fe89639c832e342a47
network-heterogeneous-04,network-heterogeneous,headline,FLEX_POOL,SHARED_NIC,128,PASS,129,2193,62458.83408778673,35.11112610455887,31256.057765203164,31376.8533431471,49.81,0.7049011464476785,7051284480,3215360.0,568042.5570750033,259.0253338235309,49,0,0,0,0,0,0.5044909108567809,0.09253138918150414,0.10247710985004725,374cff4b48a74fd8f8271870f774dd58feea0d51e4f938fe89639c832e342a47
network-heterogeneous-04,network-heterogeneous,headline,FLEX_POOL_NO_ALT,SHARED_NIC,1,PASS,128,2176,169187.0570623693,12.861503934061792,1321.7738833001786,1321.7738833001931,49.81,0.2582112815511301,6996623360,3215360.0,563639.1264000032,259.0253338235309,49,0,0,0,0,0,0.18479930878207945,0.03389503436711463,0.03753823638588833,374cff4b48a74fd8f8271870f774dd58feea0d51e4f938fe89639c832e342a47
network-heterogeneous-04,network-heterogeneous,headline,FLEX_POOL_NO_ALT,SHARED_NIC,8,PASS,121,2057,31354.184056637147,65.60527922794304,1959.5365070402368,2066.8850723596115,49.81,1.3171106048573187,6613995520,3215360.0,532815.1116750027,259.02533382353073,49,0,0,0,0,0,0.9426432799721863,0.1728952699074452,0.19147888866236093,374cff4b48a74fd8f8271870f774dd58feea0d51e4f938fe89639c832e342a47
network-heterogeneous-04,network-heterogeneous,headline,FLEX_POOL_NO_ALT,SHARED_NIC,32,PASS,97,1649,31284.134828178816,52.710423639866264,7808.723131598257,7913.066798761152,49.81,1.0582297458314849,5302128640,3215360.0,427132.7754750024,259.0253338235309,49,0,0,0,0,0,0.7573647610883709,0.13891234104021366,0.15384331045092145,374cff4b48a74fd8f8271870f774dd58feea0d51e4f938fe89639c832e342a47
network-heterogeneous-04,network-heterogeneous,headline,FLEX_POOL_NO_ALT,SHARED_NIC,64,PASS,65,1105,31307.00947270459,35.29561010812637,15639.535103182403,15747.283943150318,49.81,0.7086049007855123,3552972800,3215360.0,286222.9938750021,259.0253338235313,49,0,0,0,0,0,0.5071416518988384,0.09301757584156843,0.10301555420078848,374cff4b48a74fd8f8271870f774dd58feea0d51e4f938fe89639c832e342a47
network-heterogeneous-04,network-heterogeneous,headline,FLEX_POOL_NO_ALT,SHARED_NIC,128,PASS,129,2193,62458.83408778673,35.11112610455887,31256.057765203164,31376.8533431471,49.81,0.7049011464476785,7051284480,3215360.0,568042.5570750033,259.0253338235309,49,0,0,0,0,0,0.5044909108567809,0.09253138918150414,0.10247710985004725,374cff4b48a74fd8f8271870f774dd58feea0d51e4f938fe89639c832e342a47
network-heterogeneous-04,network-heterogeneous,headline,U_STRONG,LEGACY_DIRECTED_LINK,1,PASS,128,2176,429383.8454710209,5.067726750672222,3354.5612927403417,3354.561292748025,49.81,0.10174115138872157,6996623360,3215360.0,563639.1264000032,259.0253338235309,49,0,0,0,0,0,0.07281515485451628,0.01335541887308152,0.014790923804953962,374cff4b48a74fd8f8271870f774dd58feea0d51e4f938fe89639c832e342a47
network-heterogeneous-04,network-heterogeneous,headline,U_STRONG,LEGACY_DIRECTED_LINK,8,PASS,121,2057,429383.84547113196,4.790585443993595,26836.4903419599,26836.4903419842,49.81,0.09617718217212597,6613995520,3215360.0,532815.1116750027,259.02533382353073,49,0,0,0,0,0,0.06883307607339212,0.012625044403456614,0.013982045159366924,374cff4b48a74fd8f8271870f774dd58feea0d51e4f938fe89639c832e342a47
network-heterogeneous-04,network-heterogeneous,headline,U_STRONG,LEGACY_DIRECTED_LINK,32,PASS,97,1649,429383.8454707173,3.8403866782465084,107345.96136791958,107345.9613679368,49.81,0.07710071628682008,5302128640,3215360.0,427132.7754750024,259.0253338235309,49,0,0,0,0,0,0.055180234538227076,0.010120903364764264,0.0112087469459496,374cff4b48a74fd8f8271870f774dd58feea0d51e4f938fe89639c832e342a47
network-heterogeneous-04,network-heterogeneous,headline,U_STRONG,LEGACY_DIRECTED_LINK,64,PASS,65,1105,429383.8454693155,2.5734549905859585,214691.9227343127,214691.9227349247,49.81,0.05166542843979037,3552972800,3215360.0,286222.9938750021,259.0253338235313,49,0,0,0,0,0,0.03697644582470579,0.0067820486465136574,0.007511015994733016,374cff4b48a74fd8f8271870f774dd58feea0d51e4f938fe89639c832e342a47
network-heterogeneous-04,network-heterogeneous,headline,U_STRONG,LEGACY_DIRECTED_LINK,128,PASS,129,2193,858767.6909404338,2.553659182960706,429383.8454706669,429383.8454706669,49.81,0.051268002067068975,7051284480,3215360.0,568042.5570750033,259.0253338235309,49,0,0,0,0,0,0.03669201162597731,0.006729879041526336,0.007453238948604038,374cff4b48a74fd8f8271870f774dd58feea0d51e4f938fe89639c832e342a47
network-heterogeneous-04,network-heterogeneous,headline,U_STRONG,SHARED_NIC,1,PASS,128,2176,169187.0570623693,12.861503934061792,1321.7738833001786,1321.7738833001931,49.81,0.2582112815511301,6996623360,3215360.0,563639.1264000032,259.0253338235309,49,0,0,0,0,0,0.18479930878207945,0.03389503436711463,0.03753823638588833,374cff4b48a74fd8f8271870f774dd58feea0d51e4f938fe89639c832e342a47
network-heterogeneous-04,network-heterogeneous,headline,U_STRONG,SHARED_NIC,8,PASS,121,2057,31354.184056637147,65.60527922794304,1959.5365070402368,2066.8850723596115,49.81,1.3171106048573187,6613995520,3215360.0,532815.1116750027,259.02533382353073,49,0,0,0,0,0,0.9426432799721863,0.1728952699074452,0.19147888866236093,374cff4b48a74fd8f8271870f774dd58feea0d51e4f938fe89639c832e342a47
network-heterogeneous-04,network-heterogeneous,headline,U_STRONG,SHARED_NIC,32,PASS,97,1649,31284.134828178816,52.710423639866264,7808.723131598257,7913.066798761152,49.81,1.0582297458314849,5302128640,3215360.0,427132.7754750024,259.0253338235309,49,0,0,0,0,0,0.7573647610883709,0.13891234104021366,0.15384331045092145,374cff4b48a74fd8f8271870f774dd58feea0d51e4f938fe89639c832e342a47
network-heterogeneous-04,network-heterogeneous,headline,U_STRONG,SHARED_NIC,64,PASS,65,1105,31307.00947270459,35.29561010812637,15639.535103182403,15747.283943150318,49.81,0.7086049007855123,3552972800,3215360.0,286222.9938750021,259.0253338235313,49,0,0,0,0,0,0.5071416518988384,0.09301757584156843,0.10301555420078848,374cff4b48a74fd8f8271870f774dd58feea0d51e4f938fe89639c832e342a47
network-heterogeneous-04,network-heterogeneous,headline,U_STRONG,SHARED_NIC,128,PASS,129,2193,62458.83408778673,35.11112610455887,31256.057765203164,31376.8533431471,49.81,0.7049011464476785,7051284480,3215360.0,568042.5570750033,259.0253338235309,49,0,0,0,0,0,0.5044909108567809,0.09253138918150414,0.10247710985004725,374cff4b48a74fd8f8271870f774dd58feea0d51e4f938fe89639c832e342a47
network-heterogeneous-05,network-heterogeneous,headline,FLEX_FREE,SHARED_NIC,1,PASS,128,2176,162540.330844142,13.387446602939061,1269.8463347202123,1269.8463347203215,49.68609999999998,0.26944047938838156,7059013632,3244032.0,573141.0896000036,263.39204485294283,49,0,0,0,0,0,0.192356266519356,0.016189826373389858,0.026458936866098938,67ce128397acb3c2d21432e40a67ffaac5fe57c64dd567b7c7e9e5ad37677e94
network-heterogeneous-05,network-heterogeneous,headline,FLEX_FREE,SHARED_NIC,8,PASS,121,2057,31308.930327656726,65.70010468172879,1951.011081699804,2076.234523919904,49.68609999999998,1.322303515102389,6672973824,3244032.0,541797.4362625037,263.392044852943,49,0,0,0,0,0,0.9440057705801581,0.0794530367932306,0.12984962505757577,67ce128397acb3c2d21432e40a67ffaac5fe57c64dd567b7c7e9e5ad37677e94
network-heterogeneous-05,network-heterogeneous,headline,FLEX_FREE,SHARED_NIC,32,PASS,97,1649,31223.807382798197,52.81226532637613,7828.685847820991,7923.841597324999,49.68609999999998,1.0629183076630315,5349408768,3244032.0,434333.48196250317,263.3920448529431,49,0,0,0,0,0,0.758828063775888,0.0638673999141641,0.10437811148538809,67ce128397acb3c2d21432e40a67ffaac5fe57c64dd567b7c7e9e5ad37677e94
network-heterogeneous-05,network-heterogeneous,headline,FLEX_FREE,SHARED_NIC,64,PASS,65,1105,31281.8316423039,35.32401851129639,15631.290201242053,15749.595586102045,49.68609999999998,0.710943674615162,3584655360,3244032.0,291048.2095625021,263.39204485294306,49,0,0,0,0,0,0.5075498353660548,0.042718357239441396,0.06981435693959112,67ce128397acb3c2d21432e40a67ffaac5fe57c64dd567b7c7e9e5ad37677e94
network-heterogeneous-05,network-heterogeneous,headline,FLEX_FREE,SHARED_NIC,128,PASS,129,2193,62508.98788303284,35.08295485608492,31257.351599926304,31372.29177379842,49.68609999999998,0.7060919423356821,7114162176,3244032.0,577618.7543625035,263.3920448529428,49,0,0,0,0,0,0.5040861349244945,0.04242683198906611,0.0693379189583144,67ce128397acb3c2d21432e40a67ffaac5fe57c64dd567b7c7e9e5ad37677e94
network-heterogeneous-05,network-heterogeneous,headline,FLEX_FREE_NO_ALT,SHARED_NIC,1,PASS,128,2176,162540.330844142,13.387446602939061,1269.8463347202123,1269.8463347203215,49.68609999999998,0.26944047938838156,7059013632,3244032.0,573141.0896000036,263.39204485294283,49,0,0,0,0,0,0.192356266519356,0.016189826373389858,0.026458936866098938,67ce128397acb3c2d21432e40a67ffaac5fe57c64dd567b7c7e9e5ad37677e94
network-heterogeneous-05,network-heterogeneous,headline,FLEX_FREE_NO_ALT,SHARED_NIC,8,PASS,121,2057,31308.930327656726,65.70010468172879,1951.011081699804,2076.234523919904,49.68609999999998,1.322303515102389,6672973824,3244032.0,541797.4362625037,263.392044852943,49,0,0,0,0,0,0.9440057705801581,0.0794530367932306,0.12984962505757577,67ce128397acb3c2d21432e40a67ffaac5fe57c64dd567b7c7e9e5ad37677e94
network-heterogeneous-05,network-heterogeneous,headline,FLEX_FREE_NO_ALT,SHARED_NIC,32,PASS,97,1649,31223.807382798197,52.81226532637613,7828.685847820991,7923.841597324999,49.68609999999998,1.0629183076630315,5349408768,3244032.0,434333.48196250317,263.3920448529431,49,0,0,0,0,0,0.758828063775888,0.0638673999141641,0.10437811148538809,67ce128397acb3c2d21432e40a67ffaac5fe57c64dd567b7c7e9e5ad37677e94
network-heterogeneous-05,network-heterogeneous,headline,FLEX_FREE_NO_ALT,SHARED_NIC,64,PASS,65,1105,31281.8316423039,35.32401851129639,15631.290201242053,15749.595586102045,49.68609999999998,0.710943674615162,3584655360,3244032.0,291048.2095625021,263.39204485294306,49,0,0,0,0,0,0.5075498353660548,0.042718357239441396,0.06981435693959112,67ce128397acb3c2d21432e40a67ffaac5fe57c64dd567b7c7e9e5ad37677e94
network-heterogeneous-05,network-heterogeneous,headline,FLEX_FREE_NO_ALT,SHARED_NIC,128,PASS,129,2193,62508.98788303284,35.08295485608492,31257.351599926304,31372.29177379842,49.68609999999998,0.7060919423356821,7114162176,3244032.0,577618.7543625035,263.3920448529428,49,0,0,0,0,0,0.5040861349244945,0.04242683198906611,0.0693379189583144,67ce128397acb3c2d21432e40a67ffaac5fe57c64dd567b7c7e9e5ad37677e94
network-heterogeneous-05,network-heterogeneous,headline,FLEX_POOL,LEGACY_DIRECTED_LINK,1,PASS,128,2176,471167.56085033785,4.618314546257965,3680.9965691408142,3680.9965691487887,49.68609999999998,0.09294982995763336,7059013632,3244032.0,573141.0896000036,263.39204485294283,49,0,0,0,0,0,0.06635781789300926,0.005585061353313064,0.00912763252257523,67ce128397acb3c2d21432e40a67ffaac5fe57c64dd567b7c7e9e5ad37677e94
network-heterogeneous-05,network-heterogeneous,headline,FLEX_POOL,LEGACY_DIRECTED_LINK,8,PASS,121,2057,471167.5608504186,4.365750469508734,29447.97255319031,29447.97255319031,49.68609999999998,0.08786663613181023,6672973824,3244032.0,541797.4362625037,263.392044852943,49,0,0,0,0,0,0.06272887472697455,0.005279628310552851,0.008628465118995421,67ce128397acb3c2d21432e40a67ffaac5fe57c64dd567b7c7e9e5ad37677e94
network-heterogeneous-05,network-heterogeneous,headline,FLEX_POOL,LEGACY_DIRECTED_LINK,32,PASS,97,1649,471167.5608496706,3.49981649209107,117791.89021268784,117791.89021276124,49.68609999999998,0.07043854301486878,5349408768,3244032.0,434333.48196250317,263.3920448529431,49,0,0,0,0,0,0.050286783872117234,0.004232429306813549,0.006917034021023844,67ce128397acb3c2d21432e40a67ffaac5fe57c64dd567b7c7e9e5ad37677e94
network-heterogeneous-05,network-heterogeneous,headline,FLEX_POOL,LEGACY_DIRECTED_LINK,64,PASS,65,1105,471167.5608480906,2.345237855532808,235583.78042385727,235583.78042415009,49.68609999999998,0.04720108552558581,3584655360,3244032.0,291048.2095625021,263.39204485294306,49,0,0,0,0,0,0.033697329398954375,0.0028361639684928133,0.004635125890392356,67ce128397acb3c2d21432e40a67ffaac5fe57c64dd567b7c7e9e5ad37677e94
network-heterogeneous-05,network-heterogeneous,headline,FLEX_POOL,LEGACY_DIRECTED_LINK,128,PASS,129,2193,942335.1216976291,2.327197564332826,471167.56084895134,471167.56084895134,49.68609999999998,0.0468380002522401,7114162176,3244032.0,577618.7543625035,263.3920448529428,49,0,0,0,0,0,0.033438119172757304,0.0028143473225770103,0.004599471075843795,67ce128397acb3c2d21432e40a67ffaac5fe57c64dd567b7c7e9e5ad37677e94
network-heterogeneous-05,network-heterogeneous,headline,FLEX_POOL,SHARED_NIC,1,PASS,128,2176,162540.330844142,13.387446602939061,1269.8463347202123,1269.8463347203215,49.68609999999998,0.26944047938838156,7059013632,3244032.0,573141.0896000036,263.39204485294283,49,0,0,0,0,0,0.192356266519356,0.016189826373389858,0.026458936866098938,67ce128397acb3c2d21432e40a67ffaac5fe57c64dd567b7c7e9e5ad37677e94
network-heterogeneous-05,network-heterogeneous,headline,FLEX_POOL,SHARED_NIC,8,PASS,121,2057,31308.930327656726,65.70010468172879,1951.011081699804,2076.234523919904,49.68609999999998,1.322303515102389,6672973824,3244032.0,541797.4362625037,263.392044852943,49,0,0,0,0,0,0.9440057705801581,0.0794530367932306,0.12984962505757577,67ce128397acb3c2d21432e40a67ffaac5fe57c64dd567b7c7e9e5ad37677e94
network-heterogeneous-05,network-heterogeneous,headline,FLEX_POOL,SHARED_NIC,32,PASS,97,1649,31223.807382798197,52.81226532637613,7828.685847820991,7923.841597324999,49.68609999999998,1.0629183076630315,5349408768,3244032.0,434333.48196250317,263.3920448529431,49,0,0,0,0,0,0.758828063775888,0.0638673999141641,0.10437811148538809,67ce128397acb3c2d21432e40a67ffaac5fe57c64dd567b7c7e9e5ad37677e94
network-heterogeneous-05,network-heterogeneous,headline,FLEX_POOL,SHARED_NIC,64,PASS,65,1105,31281.8316423039,35.32401851129639,15631.290201242053,15749.595586102045,49.68609999999998,0.710943674615162,3584655360,3244032.0,291048.2095625021,263.39204485294306,49,0,0,0,0,0,0.5075498353660548,0.042718357239441396,0.06981435693959112,67ce128397acb3c2d21432e40a67ffaac5fe57c64dd567b7c7e9e5ad37677e94
network-heterogeneous-05,network-heterogeneous,headline,FLEX_POOL,SHARED_NIC,128,PASS,129,2193,62508.98788303284,35.08295485608492,31257.351599926304,31372.29177379842,49.68609999999998,0.7060919423356821,7114162176,3244032.0,577618.7543625035,263.3920448529428,49,0,0,0,0,0,0.5040861349244945,0.04242683198906611,0.0693379189583144,67ce128397acb3c2d21432e40a67ffaac5fe57c64dd567b7c7e9e5ad37677e94
network-heterogeneous-05,network-heterogeneous,headline,FLEX_POOL_NO_ALT,SHARED_NIC,1,PASS,128,2176,162540.330844142,13.387446602939061,1269.8463347202123,1269.8463347203215,49.68609999999998,0.26944047938838156,7059013632,3244032.0,573141.0896000036,263.39204485294283,49,0,0,0,0,0,0.192356266519356,0.016189826373389858,0.026458936866098938,67ce128397acb3c2d21432e40a67ffaac5fe57c64dd567b7c7e9e5ad37677e94
network-heterogeneous-05,network-heterogeneous,headline,FLEX_POOL_NO_ALT,SHARED_NIC,8,PASS,121,2057,31308.930327656726,65.70010468172879,1951.011081699804,2076.234523919904,49.68609999999998,1.322303515102389,6672973824,3244032.0,541797.4362625037,263.392044852943,49,0,0,0,0,0,0.9440057705801581,0.0794530367932306,0.12984962505757577,67ce128397acb3c2d21432e40a67ffaac5fe57c64dd567b7c7e9e5ad37677e94
network-heterogeneous-05,network-heterogeneous,headline,FLEX_POOL_NO_ALT,SHARED_NIC,32,PASS,97,1649,31223.807382798197,52.81226532637613,7828.685847820991,7923.841597324999,49.68609999999998,1.0629183076630315,5349408768,3244032.0,434333.48196250317,263.3920448529431,49,0,0,0,0,0,0.758828063775888,0.0638673999141641,0.10437811148538809,67ce128397acb3c2d21432e40a67ffaac5fe57c64dd567b7c7e9e5ad37677e94
network-heterogeneous-05,network-heterogeneous,headline,FLEX_POOL_NO_ALT,SHARED_NIC,64,PASS,65,1105,31281.8316423039,35.32401851129639,15631.290201242053,15749.595586102045,49.68609999999998,0.710943674615162,3584655360,3244032.0,291048.2095625021,263.39204485294306,49,0,0,0,0,0,0.5075498353660548,0.042718357239441396,0.06981435693959112,67ce128397acb3c2d21432e40a67ffaac5fe57c64dd567b7c7e9e5ad37677e94
network-heterogeneous-05,network-heterogeneous,headline,FLEX_POOL_NO_ALT,SHARED_NIC,128,PASS,129,2193,62508.98788303284,35.08295485608492,31257.351599926304,31372.29177379842,49.68609999999998,0.7060919423356821,7114162176,3244032.0,577618.7543625035,263.3920448529428,49,0,0,0,0,0,0.5040861349244945,0.04242683198906611,0.0693379189583144,67ce128397acb3c2d21432e40a67ffaac5fe57c64dd567b7c7e9e5ad37677e94
network-heterogeneous-05,network-heterogeneous,headline,U_STRONG,LEGACY_DIRECTED_LINK,1,PASS,128,2176,471167.56085033785,4.618314546257965,3680.9965691408142,3680.9965691487887,49.68609999999998,0.09294982995763336,7059013632,3244032.0,573141.0896000036,263.39204485294283,49,0,0,0,0,0,0.06635781789300926,0.005585061353313064,0.00912763252257523,67ce128397acb3c2d21432e40a67ffaac5fe57c64dd567b7c7e9e5ad37677e94
network-heterogeneous-05,network-heterogeneous,headline,U_STRONG,LEGACY_DIRECTED_LINK,8,PASS,121,2057,471167.5608504186,4.365750469508734,29447.97255319031,29447.97255319031,49.68609999999998,0.08786663613181023,6672973824,3244032.0,541797.4362625037,263.392044852943,49,0,0,0,0,0,0.06272887472697455,0.005279628310552851,0.008628465118995421,67ce128397acb3c2d21432e40a67ffaac5fe57c64dd567b7c7e9e5ad37677e94
network-heterogeneous-05,network-heterogeneous,headline,U_STRONG,LEGACY_DIRECTED_LINK,32,PASS,97,1649,471167.5608496706,3.49981649209107,117791.89021268784,117791.89021276124,49.68609999999998,0.07043854301486878,5349408768,3244032.0,434333.48196250317,263.3920448529431,49,0,0,0,0,0,0.050286783872117234,0.004232429306813549,0.006917034021023844,67ce128397acb3c2d21432e40a67ffaac5fe57c64dd567b7c7e9e5ad37677e94
network-heterogeneous-05,network-heterogeneous,headline,U_STRONG,LEGACY_DIRECTED_LINK,64,PASS,65,1105,471167.5608480906,2.345237855532808,235583.78042385727,235583.78042415009,49.68609999999998,0.04720108552558581,3584655360,3244032.0,291048.2095625021,263.39204485294306,49,0,0,0,0,0,0.033697329398954375,0.0028361639684928133,0.004635125890392356,67ce128397acb3c2d21432e40a67ffaac5fe57c64dd567b7c7e9e5ad37677e94
network-heterogeneous-05,network-heterogeneous,headline,U_STRONG,LEGACY_DIRECTED_LINK,128,PASS,129,2193,942335.1216976291,2.327197564332826,471167.56084895134,471167.56084895134,49.68609999999998,0.0468380002522401,7114162176,3244032.0,577618.7543625035,263.3920448529428,49,0,0,0,0,0,0.033438119172757304,0.0028143473225770103,0.004599471075843795,67ce128397acb3c2d21432e40a67ffaac5fe57c64dd567b7c7e9e5ad37677e94
network-heterogeneous-05,network-heterogeneous,headline,U_STRONG,SHARED_NIC,1,PASS,128,2176,162540.330844142,13.387446602939061,1269.8463347202123,1269.8463347203215,49.68609999999998,0.26944047938838156,7059013632,3244032.0,573141.0896000036,263.39204485294283,49,0,0,0,0,0,0.192356266519356,0.016189826373389858,0.026458936866098938,67ce128397acb3c2d21432e40a67ffaac5fe57c64dd567b7c7e9e5ad37677e94
network-heterogeneous-05,network-heterogeneous,headline,U_STRONG,SHARED_NIC,8,PASS,121,2057,31308.930327656726,65.70010468172879,1951.011081699804,2076.234523919904,49.68609999999998,1.322303515102389,6672973824,3244032.0,541797.4362625037,263.392044852943,49,0,0,0,0,0,0.9440057705801581,0.0794530367932306,0.12984962505757577,67ce128397acb3c2d21432e40a67ffaac5fe57c64dd567b7c7e9e5ad37677e94
network-heterogeneous-05,network-heterogeneous,headline,U_STRONG,SHARED_NIC,32,PASS,97,1649,31223.807382798197,52.81226532637613,7828.685847820991,7923.841597324999,49.68609999999998,1.0629183076630315,5349408768,3244032.0,434333.48196250317,263.3920448529431,49,0,0,0,0,0,0.758828063775888,0.0638673999141641,0.10437811148538809,67ce128397acb3c2d21432e40a67ffaac5fe57c64dd567b7c7e9e5ad37677e94
network-heterogeneous-05,network-heterogeneous,headline,U_STRONG,SHARED_NIC,64,PASS,65,1105,31281.8316423039,35.32401851129639,15631.290201242053,15749.595586102045,49.68609999999998,0.710943674615162,3584655360,3244032.0,291048.2095625021,263.39204485294306,49,0,0,0,0,0,0.5075498353660548,0.042718357239441396,0.06981435693959112,67ce128397acb3c2d21432e40a67ffaac5fe57c64dd567b7c7e9e5ad37677e94
network-heterogeneous-05,network-heterogeneous,headline,U_STRONG,SHARED_NIC,128,PASS,129,2193,62508.98788303284,35.08295485608492,31257.351599926304,31372.29177379842,49.68609999999998,0.7060919423356821,7114162176,3244032.0,577618.7543625035,263.3920448529428,49,0,0,0,0,0,0.5040861349244945,0.04242683198906611,0.0693379189583144,67ce128397acb3c2d21432e40a67ffaac5fe57c64dd567b7c7e9e5ad37677e94
network-heterogeneous-06,network-heterogeneous,headline,FLEX_FREE,SHARED_NIC,1,PASS,128,2176,180461.4889855622,12.057974320349816,1409.8553827002324,1409.855382700247,49.3404,0.24438339211578777,7121403904,3272704.0,586843.8384000058,269.6892639705909,49,0,0,0,0,0,0.2160066229040075,0.06577544075650194,0.06577544075650194,e6019b11e1b9763de3d3e44bde09534eec52a834d08efd541485a112e6772b22
network-heterogeneous-06,network-heterogeneous,headline,FLEX_FREE,SHARED_NIC,8,PASS,121,2057,39026.77043707878,52.70741024590837,2444.280092499459,2572.6880438394874,49.3404,1.0682404327064305,6731952128,3272704.0,554750.8159875055,269.6892639705909,49,0,0,0,0,0,0.9442008571887934,0.28751538591415843,0.28751538591415843,e6019b11e1b9763de3d3e44bde09534eec52a834d08efd541485a112e6772b22
network-heterogeneous-06,network-heterogeneous,headline,FLEX_FREE,SHARED_NIC,32,PASS,97,1649,38930.77230452218,42.35723830755993,9737.487322001733,9886.849862416992,49.3404,0.8584696984126584,5396688896,3272704.0,444717.59628750436,269.6892639705909,49,0,0,0,0,0,0.7587878162018554,0.2310558925478884,0.2310558925478884,e6019b11e1b9763de3d3e44bde09534eec52a834d08efd541485a112e6772b22
network-heterogeneous-06,network-heterogeneous,headline,FLEX_FREE,SHARED_NIC,64,PASS,65,1105,39064.06702360689,28.286865249648358,19500.968971403592,19596.951502947482,49.3404,0.5733002823172969,3616337920,3272704.0,298006.6366875028,269.6892639705908,49,0,0,0,0,0,0.5067310704755258,0.1543029517217801,0.1543029517217801,e6019b11e1b9763de3d3e44bde09534eec52a834d08efd541485a112e6772b22
network-heterogeneous-06,network-heterogeneous,headline,FLEX_FREE,SHARED_NIC,128,PASS,129,2193,77827.72987961813,28.177617455784386,38986.38368234772,39091.783281427975,49.3404,0.5710861171734397,7177039872,3272704.0,591428.5558875059,269.6892639705909,49,0,0,0,0,0,0.5047740048536129,0.15370701233742154,0.15370701233742154,e6019b11e1b9763de3d3e44bde09534eec52a834d08efd541485a112e6772b22
network-heterogeneous-06,network-heterogeneous,headline,FLEX_FREE_NO_ALT,SHARED_NIC,1,PASS,128,2176,180461.4889855622,12.057974320349816,1409.8553827002324,1409.855382700247,49.3404,0.24438339211578777,7121403904,3272704.0,586843.8384000058,269.6892639705909,49,0,0,0,0,0,0.2160066229040075,0.06577544075650194,0.06577544075650194,e6019b11e1b9763de3d3e44bde09534eec52a834d08efd541485a112e6772b22
network-heterogeneous-06,network-heterogeneous,headline,FLEX_FREE_NO_ALT,SHARED_NIC,8,PASS,121,2057,39026.77043707878,52.70741024590837,2444.280092499459,2572.6880438394874,49.3404,1.0682404327064305,6731952128,3272704.0,554750.8159875055,269.6892639705909,49,0,0,0,0,0,0.9442008571887934,0.28751538591415843,0.28751538591415843,e6019b11e1b9763de3d3e44bde09534eec52a834d08efd541485a112e6772b22
network-heterogeneous-06,network-heterogeneous,headline,FLEX_FREE_NO_ALT,SHARED_NIC,32,PASS,97,1649,38930.77230452218,42.35723830755993,9737.487322001733,9886.849862416992,49.3404,0.8584696984126584,5396688896,3272704.0,444717.59628750436,269.6892639705909,49,0,0,0,0,0,0.7587878162018554,0.2310558925478884,0.2310558925478884,e6019b11e1b9763de3d3e44bde09534eec52a834d08efd541485a112e6772b22
network-heterogeneous-06,network-heterogeneous,headline,FLEX_FREE_NO_ALT,SHARED_NIC,64,PASS,65,1105,39064.06702360689,28.286865249648358,19500.968971403592,19596.951502947482,49.3404,0.5733002823172969,3616337920,3272704.0,298006.6366875028,269.6892639705908,49,0,0,0,0,0,0.5067310704755258,0.1543029517217801,0.1543029517217801,e6019b11e1b9763de3d3e44bde09534eec52a834d08efd541485a112e6772b22
network-heterogeneous-06,network-heterogeneous,headline,FLEX_FREE_NO_ALT,SHARED_NIC,128,PASS,129,2193,77827.72987961813,28.177617455784386,38986.38368234772,39091.783281427975,49.3404,0.5710861171734397,7177039872,3272704.0,591428.5558875059,269.6892639705909,49,0,0,0,0,0,0.5047740048536129,0.15370701233742154,0.15370701233742154,e6019b11e1b9763de3d3e44bde09534eec52a834d08efd541485a112e6772b22
network-heterogeneous-06,network-heterogeneous,headline,FLEX_POOL,LEGACY_DIRECTED_LINK,1,PASS,128,2176,531959.8053662414,4.090534619437792,4155.935979420763,4155.935979430331,49.3404,0.08290436679552236,7121403904,3272704.0,586843.8384000058,269.6892639705909,49,0,0,0,0,0,0.07327786123457702,0.022313591850098173,0.022313591850098173,e6019b11e1b9763de3d3e44bde09534eec52a834d08efd541485a112e6772b22
network-heterogeneous-06,network-heterogeneous,headline,FLEX_POOL,LEGACY_DIRECTED_LINK,8,PASS,121,2057,531959.8053659537,3.8668335074393787,33247.4878353884,33247.48783544265,49.3404,0.07837053423643461,6731952128,3272704.0,554750.8159875055,269.6892639705909,49,0,0,0,0,0,0.06927047819834858,0.021093317295807337,0.021093317295807337,e6019b11e1b9763de3d3e44bde09534eec52a834d08efd541485a112e6772b22
network-heterogeneous-06,network-heterogeneous,headline,FLEX_POOL,LEGACY_DIRECTED_LINK,32,PASS,97,1649,531959.8053650586,3.0998582662995937,132989.95134122198,132989.9513417706,49.3404,0.06282596546237147,5396688896,3272704.0,444717.59628750436,269.6892639705909,49,0,0,0,0,0,0.05553087921695143,0.01690951882394013,0.01690951882394013,e6019b11e1b9763de3d3e44bde09534eec52a834d08efd541485a112e6772b22
network-heterogeneous-06,network-heterogeneous,headline,FLEX_POOL,LEGACY_DIRECTED_LINK,64,PASS,65,1105,531959.8053632098,2.077224611445091,265979.9026815742,265979.9026815853,49.3404,0.04209987376359112,3616337920,3272704.0,298006.6366875028,269.6892639705908,49,0,0,0,0,0,0.03721141390839569,0.01133112086144257,0.01133112086144257,e6019b11e1b9763de3d3e44bde09534eec52a834d08efd541485a112e6772b22
network-heterogeneous-06,network-heterogeneous,headline,FLEX_POOL,LEGACY_DIRECTED_LINK,128,PASS,129,2193,1063919.6107301086,2.0612459605806746,531959.805365175,531959.805365175,49.3404,0.04177602858064942,7177039872,3272704.0,591428.5558875059,269.6892639705909,49,0,0,0,0,0,0.036925172262818474,0.011243958393238624,0.011243958393238624,e6019b11e1b9763de3d3e44bde09534eec52a834d08efd541485a112e6772b22
network-heterogeneous-06,network-heterogeneous,headline,FLEX_POOL,SHARED_NIC,1,PASS,128,2176,180461.4889855622,12.057974320349816,1409.8553827002324,1409.855382700247,49.3404,0.24438339211578777,7121403904,3272704.0,586843.8384000058,269.6892639705909,49,0,0,0,0,0,0.2160066229040075,0.06577544075650194,0.06577544075650194,e6019b11e1b9763de3d3e44bde09534eec52a834d08efd541485a112e6772b22
network-heterogeneous-06,network-heterogeneous,headline,FLEX_POOL,SHARED_NIC,8,PASS,121,2057,39026.77043707878,52.70741024590837,2444.280092499459,2572.6880438394874,49.3404,1.0682404327064305,6731952128,3272704.0,554750.8159875055,269.6892639705909,49,0,0,0,0,0,0.9442008571887934,0.28751538591415843,0.28751538591415843,e6019b11e1b9763de3d3e44bde09534eec52a834d08efd541485a112e6772b22
network-heterogeneous-06,network-heterogeneous,headline,FLEX_POOL,SHARED_NIC,32,PASS,97,1649,38930.77230452218,42.35723830755993,9737.487322001733,9886.849862416992,49.3404,0.8584696984126584,5396688896,3272704.0,444717.59628750436,269.6892639705909,49,0,0,0,0,0,0.7587878162018554,0.2310558925478884,0.2310558925478884,e6019b11e1b9763de3d3e44bde09534eec52a834d08efd541485a112e6772b22
network-heterogeneous-06,network-heterogeneous,headline,FLEX_POOL,SHARED_NIC,64,PASS,65,1105,39064.06702360689,28.286865249648358,19500.968971403592,19596.951502947482,49.3404,0.5733002823172969,3616337920,3272704.0,298006.6366875028,269.6892639705908,49,0,0,0,0,0,0.5067310704755258,0.1543029517217801,0.1543029517217801,e6019b11e1b9763de3d3e44bde09534eec52a834d08efd541485a112e6772b22
network-heterogeneous-06,network-heterogeneous,headline,FLEX_POOL,SHARED_NIC,128,PASS,129,2193,77827.72987961813,28.177617455784386,38986.38368234772,39091.783281427975,49.3404,0.5710861171734397,7177039872,3272704.0,591428.5558875059,269.6892639705909,49,0,0,0,0,0,0.5047740048536129,0.15370701233742154,0.15370701233742154,e6019b11e1b9763de3d3e44bde09534eec52a834d08efd541485a112e6772b22
network-heterogeneous-06,network-heterogeneous,headline,FLEX_POOL_NO_ALT,SHARED_NIC,1,PASS,128,2176,180461.4889855622,12.057974320349816,1409.8553827002324,1409.855382700247,49.3404,0.24438339211578777,7121403904,3272704.0,586843.8384000058,269.6892639705909,49,0,0,0,0,0,0.2160066229040075,0.06577544075650194,0.06577544075650194,e6019b11e1b9763de3d3e44bde09534eec52a834d08efd541485a112e6772b22
network-heterogeneous-06,network-heterogeneous,headline,FLEX_POOL_NO_ALT,SHARED_NIC,8,PASS,121,2057,39026.77043707878,52.70741024590837,2444.280092499459,2572.6880438394874,49.3404,1.0682404327064305,6731952128,3272704.0,554750.8159875055,269.6892639705909,49,0,0,0,0,0,0.9442008571887934,0.28751538591415843,0.28751538591415843,e6019b11e1b9763de3d3e44bde09534eec52a834d08efd541485a112e6772b22
network-heterogeneous-06,network-heterogeneous,headline,FLEX_POOL_NO_ALT,SHARED_NIC,32,PASS,97,1649,38930.77230452218,42.35723830755993,9737.487322001733,9886.849862416992,49.3404,0.8584696984126584,5396688896,3272704.0,444717.59628750436,269.6892639705909,49,0,0,0,0,0,0.7587878162018554,0.2310558925478884,0.2310558925478884,e6019b11e1b9763de3d3e44bde09534eec52a834d08efd541485a112e6772b22
network-heterogeneous-06,network-heterogeneous,headline,FLEX_POOL_NO_ALT,SHARED_NIC,64,PASS,65,1105,39064.06702360689,28.286865249648358,19500.968971403592,19596.951502947482,49.3404,0.5733002823172969,3616337920,3272704.0,298006.6366875028,269.6892639705908,49,0,0,0,0,0,0.5067310704755258,0.1543029517217801,0.1543029517217801,e6019b11e1b9763de3d3e44bde09534eec52a834d08efd541485a112e6772b22
network-heterogeneous-06,network-heterogeneous,headline,FLEX_POOL_NO_ALT,SHARED_NIC,128,PASS,129,2193,77827.72987961813,28.177617455784386,38986.38368234772,39091.783281427975,49.3404,0.5710861171734397,7177039872,3272704.0,591428.5558875059,269.6892639705909,49,0,0,0,0,0,0.5047740048536129,0.15370701233742154,0.15370701233742154,e6019b11e1b9763de3d3e44bde09534eec52a834d08efd541485a112e6772b22
network-heterogeneous-06,network-heterogeneous,headline,U_STRONG,LEGACY_DIRECTED_LINK,1,PASS,128,2176,531959.8053662414,4.090534619437792,4155.935979420763,4155.935979430331,49.3404,0.08290436679552236,7121403904,3272704.0,586843.8384000058,269.6892639705909,49,0,0,0,0,0,0.07327786123457702,0.022313591850098173,0.022313591850098173,e6019b11e1b9763de3d3e44bde09534eec52a834d08efd541485a112e6772b22
network-heterogeneous-06,network-heterogeneous,headline,U_STRONG,LEGACY_DIRECTED_LINK,8,PASS,121,2057,531959.8053659537,3.8668335074393787,33247.4878353884,33247.48783544265,49.3404,0.07837053423643461,6731952128,3272704.0,554750.8159875055,269.6892639705909,49,0,0,0,0,0,0.06927047819834858,0.021093317295807337,0.021093317295807337,e6019b11e1b9763de3d3e44bde09534eec52a834d08efd541485a112e6772b22
network-heterogeneous-06,network-heterogeneous,headline,U_STRONG,LEGACY_DIRECTED_LINK,32,PASS,97,1649,531959.8053650586,3.0998582662995937,132989.95134122198,132989.9513417706,49.3404,0.06282596546237147,5396688896,3272704.0,444717.59628750436,269.6892639705909,49,0,0,0,0,0,0.05553087921695143,0.01690951882394013,0.01690951882394013,e6019b11e1b9763de3d3e44bde09534eec52a834d08efd541485a112e6772b22
network-heterogeneous-06,network-heterogeneous,headline,U_STRONG,LEGACY_DIRECTED_LINK,64,PASS,65,1105,531959.8053632098,2.077224611445091,265979.9026815742,265979.9026815853,49.3404,0.04209987376359112,3616337920,3272704.0,298006.6366875028,269.6892639705908,49,0,0,0,0,0,0.03721141390839569,0.01133112086144257,0.01133112086144257,e6019b11e1b9763de3d3e44bde09534eec52a834d08efd541485a112e6772b22
network-heterogeneous-06,network-heterogeneous,headline,U_STRONG,LEGACY_DIRECTED_LINK,128,PASS,129,2193,1063919.6107301086,2.0612459605806746,531959.805365175,531959.805365175,49.3404,0.04177602858064942,7177039872,3272704.0,591428.5558875059,269.6892639705909,49,0,0,0,0,0,0.036925172262818474,0.011243958393238624,0.011243958393238624,e6019b11e1b9763de3d3e44bde09534eec52a834d08efd541485a112e6772b22
network-heterogeneous-06,network-heterogeneous,headline,U_STRONG,SHARED_NIC,1,PASS,128,2176,180461.4889855622,12.057974320349816,1409.8553827002324,1409.855382700247,49.3404,0.24438339211578777,7121403904,3272704.0,586843.8384000058,269.6892639705909,49,0,0,0,0,0,0.2160066229040075,0.06577544075650194,0.06577544075650194,e6019b11e1b9763de3d3e44bde09534eec52a834d08efd541485a112e6772b22
network-heterogeneous-06,network-heterogeneous,headline,U_STRONG,SHARED_NIC,8,PASS,121,2057,39026.77043707878,52.70741024590837,2444.280092499459,2572.6880438394874,49.3404,1.0682404327064305,6731952128,3272704.0,554750.8159875055,269.6892639705909,49,0,0,0,0,0,0.9442008571887934,0.28751538591415843,0.28751538591415843,e6019b11e1b9763de3d3e44bde09534eec52a834d08efd541485a112e6772b22
network-heterogeneous-06,network-heterogeneous,headline,U_STRONG,SHARED_NIC,32,PASS,97,1649,38930.77230452218,42.35723830755993,9737.487322001733,9886.849862416992,49.3404,0.8584696984126584,5396688896,3272704.0,444717.59628750436,269.6892639705909,49,0,0,0,0,0,0.7587878162018554,0.2310558925478884,0.2310558925478884,e6019b11e1b9763de3d3e44bde09534eec52a834d08efd541485a112e6772b22
network-heterogeneous-06,network-heterogeneous,headline,U_STRONG,SHARED_NIC,64,PASS,65,1105,39064.06702360689,28.286865249648358,19500.968971403592,19596.951502947482,49.3404,0.5733002823172969,3616337920,3272704.0,298006.6366875028,269.6892639705908,49,0,0,0,0,0,0.5067310704755258,0.1543029517217801,0.1543029517217801,e6019b11e1b9763de3d3e44bde09534eec52a834d08efd541485a112e6772b22
network-heterogeneous-06,network-heterogeneous,headline,U_STRONG,SHARED_NIC,128,PASS,129,2193,77827.72987961813,28.177617455784386,38986.38368234772,39091.783281427975,49.3404,0.5710861171734397,7177039872,3272704.0,591428.5558875059,269.6892639705909,49,0,0,0,0,0,0.5047740048536129,0.15370701233742154,0.15370701233742154,e6019b11e1b9763de3d3e44bde09534eec52a834d08efd541485a112e6772b22
full-mixed-01,full-mixed,headline,FLEX_FREE,SHARED_NIC,1,PASS,128,2176,238749.20233036575,9.114166576309609,1865.228143206401,1865.228143206943,65.0677,0.14007205689319907,7497695232,3445632.0,893112.0778666724,410.43753578431637,70,0,0,0,0,0,0.1309560446477919,0.010690022704529857,0.01801323024337913,fee53098e5a748f65ca4999d8a8883e30394b75cd372419a36ec17bbd91edafb
full-mixed-01,full-mixed,headline,FLEX_FREE,SHARED_NIC,8,PASS,121,2057,34927.354282121116,58.89366779358244,2179.81335512019,2220.577998000028,65.0677,0.9051137168454154,7087665024,3445632.0,844270.0111083387,410.43753578431637,70,0,0,0,0,0,0.8462081227586519,0.06907649104229494,0.11639738959790162,fee53098e5a748f65ca4999d8a8883e30394b75cd372419a36ec17bbd91edafb
full-mixed-01,full-mixed,headline,FLEX_FREE,SHARED_NIC,32,PASS,97,1649,34668.18256384419,47.565227769388734,8667.045640961784,8667.045640961966,65.0677,0.7310113584680069,5681847168,3445632.0,676811.4965083374,410.4375357843162,70,0,0,0,0,0,0.6834364984771435,0.05578934294689871,0.09400787139614653,fee53098e5a748f65ca4999d8a8883e30394b75cd372419a36ec17bbd91edafb
full-mixed-01,full-mixed,headline,FLEX_FREE,SHARED_NIC,64,PASS,65,1105,34668.18256384709,31.87360623721659,17334.09128192393,17334.09128192393,65.0677,0.489852972169242,3807423360,3445632.0,453533.47704166913,410.43753578431597,70,0,0,0,0,0,0.45797291135062385,0.037384611253073324,0.06299496536854665,fee53098e5a748f65ca4999d8a8883e30394b75cd372419a36ec17bbd91edafb
full-mixed-01,full-mixed,headline,FLEX_FREE,SHARED_NIC,128,PASS,129,2193,69336.36512767286,31.628424650786187,34668.182563843206,34668.182563843206,65.0677,0.4860848723834742,7556270976,3445632.0,900089.5159750058,410.43753578431637,70,0,0,0,0,0,0.45445004280191414,0.03709703732036887,0.06251038871188455,fee53098e5a748f65ca4999d8a8883e30394b75cd372419a36ec17bbd91edafb
full-mixed-01,full-mixed,headline,FLEX_FREE_NO_ALT,SHARED_NIC,1,PASS,128,2176,238749.20233036575,9.114166576309609,1865.228143206401,1865.228143206943,65.0677,0.14007205689319907,7497695232,3445632.0,893112.0778666724,410.43753578431637,70,0,0,0,0,0,0.1309560446477919,0.010690022704529857,0.01801323024337913,fee53098e5a748f65ca4999d8a8883e30394b75cd372419a36ec17bbd91edafb
full-mixed-01,full-mixed,headline,FLEX_FREE_NO_ALT,SHARED_NIC,8,PASS,121,2057,34927.354282121116,58.89366779358244,2179.81335512019,2220.577998000028,65.0677,0.9051137168454154,7087665024,3445632.0,844270.0111083387,410.43753578431637,70,0,0,0,0,0,0.8462081227586519,0.06907649104229494,0.11639738959790162,fee53098e5a748f65ca4999d8a8883e30394b75cd372419a36ec17bbd91edafb
full-mixed-01,full-mixed,headline,FLEX_FREE_NO_ALT,SHARED_NIC,32,PASS,97,1649,34668.18256384419,47.565227769388734,8667.045640961784,8667.045640961966,65.0677,0.7310113584680069,5681847168,3445632.0,676811.4965083374,410.4375357843162,70,0,0,0,0,0,0.6834364984771435,0.05578934294689871,0.09400787139614653,fee53098e5a748f65ca4999d8a8883e30394b75cd372419a36ec17bbd91edafb
full-mixed-01,full-mixed,headline,FLEX_FREE_NO_ALT,SHARED_NIC,64,PASS,65,1105,34668.18256384709,31.87360623721659,17334.09128192393,17334.09128192393,65.0677,0.489852972169242,3807423360,3445632.0,453533.47704166913,410.43753578431597,70,0,0,0,0,0,0.45797291135062385,0.037384611253073324,0.06299496536854665,fee53098e5a748f65ca4999d8a8883e30394b75cd372419a36ec17bbd91edafb
full-mixed-01,full-mixed,headline,FLEX_FREE_NO_ALT,SHARED_NIC,128,PASS,129,2193,69336.36512767286,31.628424650786187,34668.182563843206,34668.182563843206,65.0677,0.4860848723834742,7556270976,3445632.0,900089.5159750058,410.43753578431637,70,0,0,0,0,0,0.45445004280191414,0.03709703732036887,0.06251038871188455,fee53098e5a748f65ca4999d8a8883e30394b75cd372419a36ec17bbd91edafb
full-mixed-01,full-mixed,headline,FLEX_POOL,LEGACY_DIRECTED_LINK,1,PASS,128,2176,460404.2763736151,4.726281035309477,3596.9084091671975,3596.9084091730765,65.0677,0.07263636236273108,7497695232,3445632.0,893112.0778666724,410.43753578431637,70,0,0,0,0,0,0.067909124229394,0.005543463700430273,0.00934101738992112,fee53098e5a748f65ca4999d8a8883e30394b75cd372419a36ec17bbd91edafb
full-mixed-01,full-mixed,headline,FLEX_POOL,LEGACY_DIRECTED_LINK,8,PASS,121,2057,460404.2763737035,4.467812541190132,28775.267273384612,28775.267273384612,65.0677,0.06866406129600604,7087665024,3445632.0,844270.0111083387,410.43753578431637,70,0,0,0,0,0,0.06419534399808668,0.005240305529311984,0.008830180501408113,fee53098e5a748f65ca4999d8a8883e30394b75cd372419a36ec17bbd91edafb
full-mixed-01,full-mixed,headline,FLEX_POOL,LEGACY_DIRECTED_LINK,32,PASS,97,1649,460404.27637317916,3.581634847073854,115101.06909349456,115101.06909353845,65.0677,0.055044743353059256,5681847168,3445632.0,676811.4965083374,410.4375357843162,70,0,0,0,0,0,0.05146238320513631,0.004200906085486285,0.0070787397408063075,fee53098e5a748f65ca4999d8a8883e30394b75cd372419a36ec17bbd91edafb
full-mixed-01,full-mixed,headline,FLEX_POOL,LEGACY_DIRECTED_LINK,64,PASS,65,1105,460404.2763720165,2.400064588251427,230202.13818583637,230202.13818611813,65.0677,0.036885652762452446,3807423360,3445632.0,453533.47704166913,410.43753578431597,70,0,0,0,0,0,0.034485102147858764,0.002815040160384516,0.004743485393335803,fee53098e5a748f65ca4999d8a8883e30394b75cd372419a36ec17bbd91edafb
full-mixed-01,full-mixed,headline,FLEX_POOL,LEGACY_DIRECTED_LINK,128,PASS,129,2193,920808.5527465555,2.381602552950661,460404.2763735354,460404.2763735354,65.0677,0.03660191697187177,7556270976,3445632.0,900089.5159750058,410.43753578431637,70,0,0,0,0,0,0.03421983213124315,0.002793386005296989,0.004706997044143387,fee53098e5a748f65ca4999d8a8883e30394b75cd372419a36ec17bbd91edafb
full-mixed-01,full-mixed,headline,FLEX_POOL,SHARED_NIC,1,PASS,128,2176,238749.20233036575,9.114166576309609,1865.228143206401,1865.228143206943,65.0677,0.14007205689319907,7497695232,3445632.0,893112.0778666724,410.43753578431637,70,0,0,0,0,0,0.1309560446477919,0.010690022704529857,0.01801323024337913,fee53098e5a748f65ca4999d8a8883e30394b75cd372419a36ec17bbd91edafb
full-mixed-01,full-mixed,headline,FLEX_POOL,SHARED_NIC,8,PASS,121,2057,34927.354282121116,58.89366779358244,2179.81335512019,2220.577998000028,65.0677,0.9051137168454154,7087665024,3445632.0,844270.0111083387,410.43753578431637,70,0,0,0,0,0,0.8462081227586519,0.06907649104229494,0.11639738959790162,fee53098e5a748f65ca4999d8a8883e30394b75cd372419a36ec17bbd91edafb
full-mixed-01,full-mixed,headline,FLEX_POOL,SHARED_NIC,32,PASS,97,1649,34668.18256384419,47.565227769388734,8667.045640961784,8667.045640961966,65.0677,0.7310113584680069,5681847168,3445632.0,676811.4965083374,410.4375357843162,70,0,0,0,0,0,0.6834364984771435,0.05578934294689871,0.09400787139614653,fee53098e5a748f65ca4999d8a8883e30394b75cd372419a36ec17bbd91edafb
full-mixed-01,full-mixed,headline,FLEX_POOL,SHARED_NIC,64,PASS,65,1105,34668.18256384709,31.87360623721659,17334.09128192393,17334.09128192393,65.0677,0.489852972169242,3807423360,3445632.0,453533.47704166913,410.43753578431597,70,0,0,0,0,0,0.45797291135062385,0.037384611253073324,0.06299496536854665,fee53098e5a748f65ca4999d8a8883e30394b75cd372419a36ec17bbd91edafb
full-mixed-01,full-mixed,headline,FLEX_POOL,SHARED_NIC,128,PASS,129,2193,69336.36512767286,31.628424650786187,34668.182563843206,34668.182563843206,65.0677,0.4860848723834742,7556270976,3445632.0,900089.5159750058,410.43753578431637,70,0,0,0,0,0,0.45445004280191414,0.03709703732036887,0.06251038871188455,fee53098e5a748f65ca4999d8a8883e30394b75cd372419a36ec17bbd91edafb
full-mixed-01,full-mixed,headline,FLEX_POOL_NO_ALT,SHARED_NIC,1,PASS,128,2176,238749.20233036575,9.114166576309609,1865.228143206401,1865.228143206943,65.0677,0.14007205689319907,7497695232,3445632.0,893112.0778666724,410.43753578431637,70,0,0,0,0,0,0.1309560446477919,0.010690022704529857,0.01801323024337913,fee53098e5a748f65ca4999d8a8883e30394b75cd372419a36ec17bbd91edafb
full-mixed-01,full-mixed,headline,FLEX_POOL_NO_ALT,SHARED_NIC,8,PASS,121,2057,34927.354282121116,58.89366779358244,2179.81335512019,2220.577998000028,65.0677,0.9051137168454154,7087665024,3445632.0,844270.0111083387,410.43753578431637,70,0,0,0,0,0,0.8462081227586519,0.06907649104229494,0.11639738959790162,fee53098e5a748f65ca4999d8a8883e30394b75cd372419a36ec17bbd91edafb
full-mixed-01,full-mixed,headline,FLEX_POOL_NO_ALT,SHARED_NIC,32,PASS,97,1649,34668.18256384419,47.565227769388734,8667.045640961784,8667.045640961966,65.0677,0.7310113584680069,5681847168,3445632.0,676811.4965083374,410.4375357843162,70,0,0,0,0,0,0.6834364984771435,0.05578934294689871,0.09400787139614653,fee53098e5a748f65ca4999d8a8883e30394b75cd372419a36ec17bbd91edafb
full-mixed-01,full-mixed,headline,FLEX_POOL_NO_ALT,SHARED_NIC,64,PASS,65,1105,34668.18256384709,31.87360623721659,17334.09128192393,17334.09128192393,65.0677,0.489852972169242,3807423360,3445632.0,453533.47704166913,410.43753578431597,70,0,0,0,0,0,0.45797291135062385,0.037384611253073324,0.06299496536854665,fee53098e5a748f65ca4999d8a8883e30394b75cd372419a36ec17bbd91edafb
full-mixed-01,full-mixed,headline,FLEX_POOL_NO_ALT,SHARED_NIC,128,PASS,129,2193,69336.36512767286,31.628424650786187,34668.182563843206,34668.182563843206,65.0677,0.4860848723834742,7556270976,3445632.0,900089.5159750058,410.43753578431637,70,0,0,0,0,0,0.45445004280191414,0.03709703732036887,0.06251038871188455,fee53098e5a748f65ca4999d8a8883e30394b75cd372419a36ec17bbd91edafb
full-mixed-01,full-mixed,headline,U_STRONG,LEGACY_DIRECTED_LINK,1,PASS,128,2176,460404.2763736151,4.726281035309477,3596.9084091671975,3596.9084091730765,65.0677,0.07263636236273108,7497695232,3445632.0,893112.0778666724,410.43753578431637,70,0,0,0,0,0,0.067909124229394,0.005543463700430273,0.00934101738992112,fee53098e5a748f65ca4999d8a8883e30394b75cd372419a36ec17bbd91edafb
full-mixed-01,full-mixed,headline,U_STRONG,LEGACY_DIRECTED_LINK,8,PASS,121,2057,460404.2763737035,4.467812541190132,28775.267273384612,28775.267273384612,65.0677,0.06866406129600604,7087665024,3445632.0,844270.0111083387,410.43753578431637,70,0,0,0,0,0,0.06419534399808668,0.005240305529311984,0.008830180501408113,fee53098e5a748f65ca4999d8a8883e30394b75cd372419a36ec17bbd91edafb
full-mixed-01,full-mixed,headline,U_STRONG,LEGACY_DIRECTED_LINK,32,PASS,97,1649,460404.27637317916,3.581634847073854,115101.06909349456,115101.06909353845,65.0677,0.055044743353059256,5681847168,3445632.0,676811.4965083374,410.4375357843162,70,0,0,0,0,0,0.05146238320513631,0.004200906085486285,0.0070787397408063075,fee53098e5a748f65ca4999d8a8883e30394b75cd372419a36ec17bbd91edafb
full-mixed-01,full-mixed,headline,U_STRONG,LEGACY_DIRECTED_LINK,64,PASS,65,1105,460404.2763720165,2.400064588251427,230202.13818583637,230202.13818611813,65.0677,0.036885652762452446,3807423360,3445632.0,453533.47704166913,410.43753578431597,70,0,0,0,0,0,0.034485102147858764,0.002815040160384516,0.004743485393335803,fee53098e5a748f65ca4999d8a8883e30394b75cd372419a36ec17bbd91edafb
full-mixed-01,full-mixed,headline,U_STRONG,LEGACY_DIRECTED_LINK,128,PASS,129,2193,920808.5527465555,2.381602552950661,460404.2763735354,460404.2763735354,65.0677,0.03660191697187177,7556270976,3445632.0,900089.5159750058,410.43753578431637,70,0,0,0,0,0,0.03421983213124315,0.002793386005296989,0.004706997044143387,fee53098e5a748f65ca4999d8a8883e30394b75cd372419a36ec17bbd91edafb
full-mixed-01,full-mixed,headline,U_STRONG,SHARED_NIC,1,PASS,128,2176,238749.20233036575,9.114166576309609,1865.228143206401,1865.228143206943,65.0677,0.14007205689319907,7497695232,3445632.0,893112.0778666724,410.43753578431637,70,0,0,0,0,0,0.1309560446477919,0.010690022704529857,0.01801323024337913,fee53098e5a748f65ca4999d8a8883e30394b75cd372419a36ec17bbd91edafb
full-mixed-01,full-mixed,headline,U_STRONG,SHARED_NIC,8,PASS,121,2057,34927.354282121116,58.89366779358244,2179.81335512019,2220.577998000028,65.0677,0.9051137168454154,7087665024,3445632.0,844270.0111083387,410.43753578431637,70,0,0,0,0,0,0.8462081227586519,0.06907649104229494,0.11639738959790162,fee53098e5a748f65ca4999d8a8883e30394b75cd372419a36ec17bbd91edafb
full-mixed-01,full-mixed,headline,U_STRONG,SHARED_NIC,32,PASS,97,1649,34668.18256384419,47.565227769388734,8667.045640961784,8667.045640961966,65.0677,0.7310113584680069,5681847168,3445632.0,676811.4965083374,410.4375357843162,70,0,0,0,0,0,0.6834364984771435,0.05578934294689871,0.09400787139614653,fee53098e5a748f65ca4999d8a8883e30394b75cd372419a36ec17bbd91edafb
full-mixed-01,full-mixed,headline,U_STRONG,SHARED_NIC,64,PASS,65,1105,34668.18256384709,31.87360623721659,17334.09128192393,17334.09128192393,65.0677,0.489852972169242,3807423360,3445632.0,453533.47704166913,410.43753578431597,70,0,0,0,0,0,0.45797291135062385,0.037384611253073324,0.06299496536854665,fee53098e5a748f65ca4999d8a8883e30394b75cd372419a36ec17bbd91edafb
full-mixed-01,full-mixed,headline,U_STRONG,SHARED_NIC,128,PASS,129,2193,69336.36512767286,31.628424650786187,34668.182563843206,34668.182563843206,65.0677,0.4860848723834742,7556270976,3445632.0,900089.5159750058,410.43753578431637,70,0,0,0,0,0,0.45445004280191414,0.03709703732036887,0.06251038871188455,fee53098e5a748f65ca4999d8a8883e30394b75cd372419a36ec17bbd91edafb
full-mixed-02,full-mixed,headline,FLEX_FREE,SHARED_NIC,1,PASS,128,2176,250348.38573218824,8.691887481662413,1955.8467635330344,1955.8467635336056,60.40470000000002,0.14389422481466524,7560085504,3474304.0,916747.5578666735,421.29942916666977,61,2,2,3930587136,4296798013,0,0.1557065234752505,0.04580825127535662,0.04580825127535662,57b1e96870abd29771952b6dedab206cd6a0ac15c0917bede673aac7638dd4fb
full-mixed-02,full-mixed,headline,FLEX_FREE,SHARED_NIC,8,PASS,121,2057,39079.67846602581,52.63605231010964,2435.1874904802607,2534.9830974996403,60.40470000000002,0.8713900128650522,7146643328,3474304.0,866612.9257958395,421.29942916666965,61,2,2,3930587136,4296798013,0,0.9429225507071425,0.27740413292869254,0.27740413292869254,57b1e96870abd29771952b6dedab206cd6a0ac15c0917bede673aac7638dd4fb
full-mixed-02,full-mixed,headline,FLEX_FREE,SHARED_NIC,32,PASS,97,1649,38739.58223738739,42.56628246260637,9699.533984312002,9887.74624726475,60.40470000000002,0.7046849411156144,5729127296,3474304.0,694722.7586958375,421.29942916666914,61,2,2,3930587136,4296798013,0,0.7625326344250288,0.22433412386189175,0.22433412386189175,57b1e96870abd29771952b6dedab206cd6a0ac15c0917bede673aac7638dd4fb
full-mixed-02,full-mixed,headline,FLEX_FREE,SHARED_NIC,64,PASS,65,1105,39083.0069178751,28.273157239972097,19520.067752193863,19652.61493286719,60.40470000000002,0.4680622077416507,3839105920,3474304.0,465535.8692291685,421.29942916666835,61,2,2,3930587136,4296798013,0,0.50648550510955,0.14900605811208714,0.14900605811208714,57b1e96870abd29771952b6dedab206cd6a0ac15c0917bede673aac7638dd4fb
full-mixed-02,full-mixed,headline,FLEX_FREE,SHARED_NIC,128,PASS,129,2193,77995.04120596807,28.117172144428523,38948.23258456639,39067.94305973294,60.40470000000002,0.4654798739904099,7619148672,3474304.0,923909.6481625069,421.2994291666698,61,2,2,3930587136,4296798013,0,0.5036911871904232,0.14818398069024433,0.14818398069024433,57b1e96870abd29771952b6dedab206cd6a0ac15c0917bede673aac7638dd4fb
full-mixed-02,full-mixed,headline,FLEX_FREE_NO_ALT,SHARED_NIC,1,PASS,128,2176,250348.38573218824,8.691887481662413,1955.8467635330344,1955.8467635336056,60.40470000000002,0.14389422481466524,7560085504,3474304.0,916747.5578666735,421.29942916666977,61,0,0,0,0,0,0.1557065234752505,0.04580825127535662,0.04580825127535662,45a068e2aa7e0869e4af5e1a4fb0d24df50f3954ae65327a6bb66c7457186d9d
full-mixed-02,full-mixed,headline,FLEX_FREE_NO_ALT,SHARED_NIC,8,PASS,121,2057,39365.59680341932,52.25374862909045,2450.355912920064,2637.2962234600272,60.40470000000002,0.8650609742137687,7146643328,3474304.0,866612.9257958395,421.29942916666965,61,0,0,0,0,0,0.9360739603165196,0.27538930437499026,0.27538930437499026,45a068e2aa7e0869e4af5e1a4fb0d24df50f3954ae65327a6bb66c7457186d9d
full-mixed-02,full-mixed,headline,FLEX_FREE_NO_ALT,SHARED_NIC,32,PASS,97,1649,38973.00476310734,42.31133857969755,9727.256027779222,9937.271850758612,60.40470000000002,0.7004643443258146,5729127296,3474304.0,694722.7586958375,421.29942916666914,61,0,0,0,0,0,0.7579655682069304,0.22299051081190222,0.22299051081190222,45a068e2aa7e0869e4af5e1a4fb0d24df50f3954ae65327a6bb66c7457186d9d
full-mixed-02,full-mixed,headline,FLEX_FREE_NO_ALT,SHARED_NIC,64,PASS,65,1105,39069.43405348166,28.28297943828363,19558.85254360133,19683.51131806174,60.40470000000002,0.4682248142658373,3839105920,3474304.0,465535.8692291685,421.29942916666835,61,0,0,0,0,0,0.5066614600278805,0.1490578233620723,0.1490578233620723,45a068e2aa7e0869e4af5e1a4fb0d24df50f3954ae65327a6bb66c7457186d9d
full-mixed-02,full-mixed,headline,FLEX_FREE_NO_ALT,SHARED_NIC,128,PASS,129,2193,77894.98457369527,28.15328884140462,38962.64096739328,39054.35859335576,60.40470000000002,0.46607778602334937,7619148672,3474304.0,923909.6481625069,421.2994291666698,61,0,0,0,0,0,0.5043381819125042,0.14837432401139378,0.14837432401139378,45a068e2aa7e0869e4af5e1a4fb0d24df50f3954ae65327a6bb66c7457186d9d
full-mixed-02,full-mixed,headline,FLEX_POOL,LEGACY_DIRECTED_LINK,1,PASS,128,2176,506384.87109582615,4.297126798616823,3956.131805435787,3956.1318054400035,61.43680000000002,0.06994385773049412,7121403904,3272704.0,865065.7786666716,397.5486115196101,62,0,0,0,0,0,0.0769787547476383,0.02264684909559595,0.02264684909559595,28a8970975a019c3fb7366973aa15c030be01171425fd6c4a19e84eef415fc1a
full-mixed-02,full-mixed,headline,FLEX_POOL,LEGACY_DIRECTED_LINK,8,PASS,121,2057,506384.87109568773,4.062127676818576,31649.054443509172,31649.054443520028,61.43680000000002,0.0661188030108758,6731952128,3272704.0,817757.4938958378,397.54861151961,62,0,0,0,0,0,0.07276897909739675,0.02140834953568641,0.02140834953568641,28a8970975a019c3fb7366973aa15c030be01171425fd6c4a19e84eef415fc1a
full-mixed-02,full-mixed,headline,FLEX_POOL,LEGACY_DIRECTED_LINK,32,PASS,97,1649,506384.8710951063,3.2564164020814403,126596.21777384938,126596.21777408011,61.43680000000002,0.05300432968646543,5396688896,3272704.0,655557.6603958362,397.5486115196096,62,0,0,0,0,0,0.05833546258227764,0.017162065330280737,0.017162065330280737,28a8970975a019c3fb7366973aa15c030be01171425fd6c4a19e84eef415fc1a
full-mixed-02,full-mixed,headline,FLEX_POOL,LEGACY_DIRECTED_LINK,64,PASS,65,1105,506384.8710938406,2.1821347024311617,253192.435546875,253192.4355469013,61.43680000000002,0.035518365253905816,3616337920,3272704.0,439291.2157291682,397.54861151960927,62,0,0,0,0,0,0.03909077389543833,0.011500353056402433,0.011500353056402433,28a8970975a019c3fb7366973aa15c030be01171425fd6c4a19e84eef415fc1a
full-mixed-02,full-mixed,headline,FLEX_POOL,LEGACY_DIRECTED_LINK,128,PASS,129,2193,1012769.7421906623,2.165349050867625,506384.8710953891,506384.8710953891,61.43680000000002,0.03524514705954126,7177039872,3272704.0,871824.105062505,397.5486115196101,62,0,0,0,0,0,0.03879007563459003,0.011411888802088802,0.011411888802088802,28a8970975a019c3fb7366973aa15c030be01171425fd6c4a19e84eef415fc1a
full-mixed-02,full-mixed,headline,FLEX_POOL,SHARED_NIC,1,PASS,128,2176,248865.2730111247,8.743686789529406,1944.2599453996918,1944.2599454002702,61.43680000000002,0.14232002300786178,7121403904,3272704.0,865065.7786666716,397.5486115196101,62,0,0,0,0,0,0.15663445658108163,0.046081245572126665,0.046081245572126665,28a8970975a019c3fb7366973aa15c030be01171425fd6c4a19e84eef415fc1a
full-mixed-02,full-mixed,headline,FLEX_POOL,SHARED_NIC,8,PASS,121,2057,39115.64263344581,52.587657047494424,2439.2128654796725,2582.749768333404,61.43680000000002,0.8559634786885777,6731952128,3272704.0,817757.4938958378,397.54861151961,62,0,0,0,0,0,0.9420555976879755,0.2771490787353322,0.2771490787353322,28a8970975a019c3fb7366973aa15c030be01171425fd6c4a19e84eef415fc1a
full-mixed-02,full-mixed,headline,FLEX_POOL,SHARED_NIC,32,PASS,97,1649,39119.5889195808,42.152794687845365,9749.620729000795,9928.65960776855,61.43680000000002,0.6861163779338336,5396688896,3272704.0,655557.6603958362,397.5486115196096,62,0,0,0,0,0,0.7551254119956793,0.22215494794348498,0.22215494794348498,28a8970975a019c3fb7366973aa15c030be01171425fd6c4a19e84eef415fc1a
full-mixed-02,full-mixed,headline,FLEX_POOL,SHARED_NIC,64,PASS,65,1105,39149.44633996214,28.225175661604737,19539.06118548115,19622.80614631671,61.43680000000002,0.4594180631413864,3616337920,3272704.0,439291.2157291682,397.54861151960927,62,0,0,0,0,0,0.5056259628324326,0.14875318413010366,0.14875318413010366,28a8970975a019c3fb7366973aa15c030be01171425fd6c4a19e84eef415fc1a
full-mixed-02,full-mixed,headline,FLEX_POOL,SHARED_NIC,128,PASS,129,2193,77737.8499346413,28.210196215148496,39000.641117277,39130.514937774686,61.43680000000002,0.4591742443478255,7177039872,3272704.0,871824.105062505,397.5486115196101,62,0,0,0,0,0,0.5053576209405013,0.14867423899319493,0.14867423899319493,28a8970975a019c3fb7366973aa15c030be01171425fd6c4a19e84eef415fc1a
full-mixed-02,full-mixed,headline,FLEX_POOL_NO_ALT,SHARED_NIC,1,PASS,128,2176,248865.2730111247,8.743686789529406,1944.2599453996918,1944.2599454002702,61.43680000000002,0.14232002300786178,7121403904,3272704.0,865065.7786666716,397.5486115196101,62,0,0,0,0,0,0.15663445658108163,0.046081245572126665,0.046081245572126665,28a8970975a019c3fb7366973aa15c030be01171425fd6c4a19e84eef415fc1a
full-mixed-02,full-mixed,headline,FLEX_POOL_NO_ALT,SHARED_NIC,8,PASS,121,2057,39115.64263344581,52.587657047494424,2439.2128654796725,2582.749768333404,61.43680000000002,0.8559634786885777,6731952128,3272704.0,817757.4938958378,397.54861151961,62,0,0,0,0,0,0.9420555976879755,0.2771490787353322,0.2771490787353322,28a8970975a019c3fb7366973aa15c030be01171425fd6c4a19e84eef415fc1a
full-mixed-02,full-mixed,headline,FLEX_POOL_NO_ALT,SHARED_NIC,32,PASS,97,1649,39119.5889195808,42.152794687845365,9749.620729000795,9928.65960776855,61.43680000000002,0.6861163779338336,5396688896,3272704.0,655557.6603958362,397.5486115196096,62,0,0,0,0,0,0.7551254119956793,0.22215494794348498,0.22215494794348498,28a8970975a019c3fb7366973aa15c030be01171425fd6c4a19e84eef415fc1a
full-mixed-02,full-mixed,headline,FLEX_POOL_NO_ALT,SHARED_NIC,64,PASS,65,1105,39149.44633996214,28.225175661604737,19539.06118548115,19622.80614631671,61.43680000000002,0.4594180631413864,3616337920,3272704.0,439291.2157291682,397.54861151960927,62,0,0,0,0,0,0.5056259628324326,0.14875318413010366,0.14875318413010366,28a8970975a019c3fb7366973aa15c030be01171425fd6c4a19e84eef415fc1a
full-mixed-02,full-mixed,headline,FLEX_POOL_NO_ALT,SHARED_NIC,128,PASS,129,2193,77737.8499346413,28.210196215148496,39000.641117277,39130.514937774686,61.43680000000002,0.4591742443478255,7177039872,3272704.0,871824.105062505,397.5486115196101,62,0,0,0,0,0,0.5053576209405013,0.14867423899319493,0.14867423899319493,28a8970975a019c3fb7366973aa15c030be01171425fd6c4a19e84eef415fc1a
full-mixed-02,full-mixed,headline,U_STRONG,LEGACY_DIRECTED_LINK,1,PASS,128,2176,506384.87109582615,4.297126798616823,3956.131805435787,3956.1318054400035,61.43680000000002,0.06994385773049412,7121403904,3272704.0,865065.7786666716,397.5486115196101,62,0,0,0,0,0,0.0769787547476383,0.02264684909559595,0.02264684909559595,28a8970975a019c3fb7366973aa15c030be01171425fd6c4a19e84eef415fc1a
full-mixed-02,full-mixed,headline,U_STRONG,LEGACY_DIRECTED_LINK,8,PASS,121,2057,506384.87109568773,4.062127676818576,31649.054443509172,31649.054443520028,61.43680000000002,0.0661188030108758,6731952128,3272704.0,817757.4938958378,397.54861151961,62,0,0,0,0,0,0.07276897909739675,0.02140834953568641,0.02140834953568641,28a8970975a019c3fb7366973aa15c030be01171425fd6c4a19e84eef415fc1a
full-mixed-02,full-mixed,headline,U_STRONG,LEGACY_DIRECTED_LINK,32,PASS,97,1649,506384.8710951063,3.2564164020814403,126596.21777384938,126596.21777408011,61.43680000000002,0.05300432968646543,5396688896,3272704.0,655557.6603958362,397.5486115196096,62,0,0,0,0,0,0.05833546258227764,0.017162065330280737,0.017162065330280737,28a8970975a019c3fb7366973aa15c030be01171425fd6c4a19e84eef415fc1a
full-mixed-02,full-mixed,headline,U_STRONG,LEGACY_DIRECTED_LINK,64,PASS,65,1105,506384.8710938406,2.1821347024311617,253192.435546875,253192.4355469013,61.43680000000002,0.035518365253905816,3616337920,3272704.0,439291.2157291682,397.54861151960927,62,0,0,0,0,0,0.03909077389543833,0.011500353056402433,0.011500353056402433,28a8970975a019c3fb7366973aa15c030be01171425fd6c4a19e84eef415fc1a
full-mixed-02,full-mixed,headline,U_STRONG,LEGACY_DIRECTED_LINK,128,PASS,129,2193,1012769.7421906623,2.165349050867625,506384.8710953891,506384.8710953891,61.43680000000002,0.03524514705954126,7177039872,3272704.0,871824.105062505,397.5486115196101,62,0,0,0,0,0,0.03879007563459003,0.011411888802088802,0.011411888802088802,28a8970975a019c3fb7366973aa15c030be01171425fd6c4a19e84eef415fc1a
full-mixed-02,full-mixed,headline,U_STRONG,SHARED_NIC,1,PASS,128,2176,248865.2730111247,8.743686789529406,1944.2599453996918,1944.2599454002702,61.43680000000002,0.14232002300786178,7121403904,3272704.0,865065.7786666716,397.5486115196101,62,0,0,0,0,0,0.15663445658108163,0.046081245572126665,0.046081245572126665,28a8970975a019c3fb7366973aa15c030be01171425fd6c4a19e84eef415fc1a
full-mixed-02,full-mixed,headline,U_STRONG,SHARED_NIC,8,PASS,121,2057,39115.64263344581,52.587657047494424,2439.2128654796725,2582.749768333404,61.43680000000002,0.8559634786885777,6731952128,3272704.0,817757.4938958378,397.54861151961,62,0,0,0,0,0,0.9420555976879755,0.2771490787353322,0.2771490787353322,28a8970975a019c3fb7366973aa15c030be01171425fd6c4a19e84eef415fc1a
full-mixed-02,full-mixed,headline,U_STRONG,SHARED_NIC,32,PASS,97,1649,39119.5889195808,42.152794687845365,9749.620729000795,9928.65960776855,61.43680000000002,0.6861163779338336,5396688896,3272704.0,655557.6603958362,397.5486115196096,62,0,0,0,0,0,0.7551254119956793,0.22215494794348498,0.22215494794348498,28a8970975a019c3fb7366973aa15c030be01171425fd6c4a19e84eef415fc1a
full-mixed-02,full-mixed,headline,U_STRONG,SHARED_NIC,64,PASS,65,1105,39149.44633996214,28.225175661604737,19539.06118548115,19622.80614631671,61.43680000000002,0.4594180631413864,3616337920,3272704.0,439291.2157291682,397.54861151960927,62,0,0,0,0,0,0.5056259628324326,0.14875318413010366,0.14875318413010366,28a8970975a019c3fb7366973aa15c030be01171425fd6c4a19e84eef415fc1a
full-mixed-02,full-mixed,headline,U_STRONG,SHARED_NIC,128,PASS,129,2193,77737.8499346413,28.210196215148496,39000.641117277,39130.514937774686,61.43680000000002,0.4591742443478255,7177039872,3272704.0,871824.105062505,397.5486115196101,62,0,0,0,0,0,0.5053576209405013,0.14867423899319493,0.14867423899319493,28a8970975a019c3fb7366973aa15c030be01171425fd6c4a19e84eef415fc1a
full-mixed-03,full-mixed,headline,FLEX_FREE,SHARED_NIC,1,PASS,128,2176,237553.86517669432,9.16002776204662,1855.8895716930529,1855.8895716936022,60.60570000000001,0.15114135736484552,7873986560,3618560.0,954985.603733335,438.8720605392165,64,0,0,0,0,0,0.13802701621213934,0.04986228222382174,0.048275458500622516,2db2cb446c340944e0561bce518001a5986aed8539bb976be47eaa24e121191c
full-mixed-03,full-mixed,headline,FLEX_FREE,SHARED_NIC,8,PASS,121,2057,38165.59382389297,53.89671151172414,2378.3088536867126,2538.7076572470687,60.60570000000001,0.8893010312845843,7443377920,3618560.0,902759.8285291685,438.8720605392166,64,0,0,0,0,0,0.8121375247827423,0.29338481390508836,0.28404809761438155,2db2cb446c340944e0561bce518001a5986aed8539bb976be47eaa24e121191c
full-mixed-03,full-mixed,headline,FLEX_FREE,SHARED_NIC,32,PASS,97,1649,36251.25133788206,45.48808493892782,9086.004158161377,9310.422166540046,60.60570000000001,0.7505578673116193,5967005440,3618560.0,723700.027829169,438.87206053921705,64,0,0,0,0,0,0.6854329266707093,0.24761275707522787,0.23973269664538271,2db2cb446c340944e0561bce518001a5986aed8539bb976be47eaa24e121191c
full-mixed-03,full-mixed,headline,FLEX_FREE,SHARED_NIC,64,PASS,65,1105,36841.50230481055,29.993348014359213,18386.254045569396,18538.455275106717,60.60570000000001,0.49489318685138867,3998508800,3618560.0,484953.62689583586,438.87206053921796,64,0,0,0,0,0,0.451951941651029,0.1632677129785394,0.1580718601488623,2db2cb446c340944e0561bce518001a5986aed8539bb976be47eaa24e121191c
full-mixed-03,full-mixed,headline,FLEX_FREE,SHARED_NIC,128,PASS,129,2193,73505.60608001299,29.83445912428578,36842.249157939325,37026.6041199834,60.60570000000001,0.4922715045661674,7935502080,3618560.0,962446.4287625017,438.8720605392165,64,0,0,0,0,0,0.44955773936520554,0.1624028070104707,0.15723447906026625,2db2cb446c340944e0561bce518001a5986aed8539bb976be47eaa24e121191c
full-mixed-03,full-mixed,headline,FLEX_FREE_NO_ALT,SHARED_NIC,1,PASS,128,2176,237553.86517669432,9.16002776204662,1855.8895716930529,1855.8895716936022,60.60570000000001,0.15114135736484552,7873986560,3618560.0,954985.603733335,438.8720605392165,64,0,0,0,0,0,0.13802701621213934,0.04986228222382174,0.048275458500622516,2db2cb446c340944e0561bce518001a5986aed8539bb976be47eaa24e121191c
full-mixed-03,full-mixed,headline,FLEX_FREE_NO_ALT,SHARED_NIC,8,PASS,121,2057,38165.59382389297,53.89671151172414,2378.3088536867126,2538.7076572470687,60.60570000000001,0.8893010312845843,7443377920,3618560.0,902759.8285291685,438.8720605392166,64,0,0,0,0,0,0.8121375247827423,0.29338481390508836,0.28404809761438155,2db2cb446c340944e0561bce518001a5986aed8539bb976be47eaa24e121191c
full-mixed-03,full-mixed,headline,FLEX_FREE_NO_ALT,SHARED_NIC,32,PASS,97,1649,36251.25133788206,45.48808493892782,9086.004158161377,9310.422166540046,60.60570000000001,0.7505578673116193,5967005440,3618560.0,723700.027829169,438.87206053921705,64,0,0,0,0,0,0.6854329266707093,0.24761275707522787,0.23973269664538271,2db2cb446c340944e0561bce518001a5986aed8539bb976be47eaa24e121191c
full-mixed-03,full-mixed,headline,FLEX_FREE_NO_ALT,SHARED_NIC,64,PASS,65,1105,36841.50230481055,29.993348014359213,18386.254045569396,18538.455275106717,60.60570000000001,0.49489318685138867,3998508800,3618560.0,484953.62689583586,438.87206053921796,64,0,0,0,0,0,0.451951941651029,0.1632677129785394,0.1580718601488623,2db2cb446c340944e0561bce518001a5986aed8539bb976be47eaa24e121191c
full-mixed-03,full-mixed,headline,FLEX_FREE_NO_ALT,SHARED_NIC,128,PASS,129,2193,73505.60608001299,29.83445912428578,36842.249157939325,37026.6041199834,60.60570000000001,0.4922715045661674,7935502080,3618560.0,962446.4287625017,438.8720605392165,64,0,0,0,0,0,0.44955773936520554,0.1624028070104707,0.15723447906026625,2db2cb446c340944e0561bce518001a5986aed8539bb976be47eaa24e121191c
full-mixed-03,full-mixed,headline,FLEX_POOL,LEGACY_DIRECTED_LINK,1,PASS,128,2176,503973.7876474634,4.317684874361247,3937.2952159943234,3937.2952159991837,60.60570000000001,0.07124222431819525,7873986560,3618560.0,954985.603733335,438.8720605392165,64,0,0,0,0,0,0.06506062815897123,0.023503162583300378,0.022755194895219478,2db2cb446c340944e0561bce518001a5986aed8539bb976be47eaa24e121191c
full-mixed-03,full-mixed,headline,FLEX_POOL,LEGACY_DIRECTED_LINK,8,PASS,121,2057,503973.78764732234,4.081561482795759,31498.36172798148,31498.36172799347,60.60570000000001,0.0673461651758128,7443377920,3618560.0,902759.8285291685,438.8720605392166,64,0,0,0,0,0,0.06150262505654471,0.022217833379532353,0.02151077017439319,2db2cb446c340944e0561bce518001a5986aed8539bb976be47eaa24e121191c
full-mixed-03,full-mixed,headline,FLEX_POOL,LEGACY_DIRECTED_LINK,32,PASS,97,1649,503973.7876466743,3.271995568857006,125993.44691175292,125993.44691197388,60.60570000000001,0.05398824811621688,5967005440,3618560.0,723700.027829169,438.87206053921705,64,0,0,0,0,0,0.049303757276797595,0.017810990395185196,0.01724417113156054,2db2cb446c340944e0561bce518001a5986aed8539bb976be47eaa24e121191c
full-mixed-03,full-mixed,headline,FLEX_POOL,LEGACY_DIRECTED_LINK,64,PASS,65,1105,503973.7876453863,2.192574350270607,251986.89382264018,251986.89382268075,60.60570000000001,0.03617769203673263,3998508800,3618560.0,484953.62689583586,438.87206053921796,64,0,0,0,0,0,0.033038600237113774,0.011935199749381394,0.011555372407776284,2db2cb446c340944e0561bce518001a5986aed8539bb976be47eaa24e121191c
full-mixed-03,full-mixed,headline,FLEX_POOL,LEGACY_DIRECTED_LINK,128,PASS,129,2193,1007947.575293022,2.175708393725209,503973.78764656186,503973.78764656186,60.60570000000001,0.03589940209790842,7935502080,3618560.0,962446.4287625017,438.8720605392165,64,0,0,0,0,0,0.032784457158293555,0.011843390520513588,0.011466484927690857,2db2cb446c340944e0561bce518001a5986aed8539bb976be47eaa24e121191c
full-mixed-03,full-mixed,headline,FLEX_POOL,SHARED_NIC,1,PASS,128,2176,237553.86517669432,9.16002776204662,1855.8895716930529,1855.8895716936022,60.60570000000001,0.15114135736484552,7873986560,3618560.0,954985.603733335,438.8720605392165,64,0,0,0,0,0,0.13802701621213934,0.04986228222382174,0.048275458500622516,2db2cb446c340944e0561bce518001a5986aed8539bb976be47eaa24e121191c
full-mixed-03,full-mixed,headline,FLEX_POOL,SHARED_NIC,8,PASS,121,2057,38165.59382389297,53.89671151172414,2378.3088536867126,2538.7076572470687,60.60570000000001,0.8893010312845843,7443377920,3618560.0,902759.8285291685,438.8720605392166,64,0,0,0,0,0,0.8121375247827423,0.29338481390508836,0.28404809761438155,2db2cb446c340944e0561bce518001a5986aed8539bb976be47eaa24e121191c
full-mixed-03,full-mixed,headline,FLEX_POOL,SHARED_NIC,32,PASS,97,1649,36251.25133788206,45.48808493892782,9086.004158161377,9310.422166540046,60.60570000000001,0.7505578673116193,5967005440,3618560.0,723700.027829169,438.87206053921705,64,0,0,0,0,0,0.6854329266707093,0.24761275707522787,0.23973269664538271,2db2cb446c340944e0561bce518001a5986aed8539bb976be47eaa24e121191c
full-mixed-03,full-mixed,headline,FLEX_POOL,SHARED_NIC,64,PASS,65,1105,36841.50230481055,29.993348014359213,18386.254045569396,18538.455275106717,60.60570000000001,0.49489318685138867,3998508800,3618560.0,484953.62689583586,438.87206053921796,64,0,0,0,0,0,0.451951941651029,0.1632677129785394,0.1580718601488623,2db2cb446c340944e0561bce518001a5986aed8539bb976be47eaa24e121191c
full-mixed-03,full-mixed,headline,FLEX_POOL,SHARED_NIC,128,PASS,129,2193,73505.60608001299,29.83445912428578,36842.249157939325,37026.6041199834,60.60570000000001,0.4922715045661674,7935502080,3618560.0,962446.4287625017,438.8720605392165,64,0,0,0,0,0,0.44955773936520554,0.1624028070104707,0.15723447906026625,2db2cb446c340944e0561bce518001a5986aed8539bb976be47eaa24e121191c
full-mixed-03,full-mixed,headline,FLEX_POOL_NO_ALT,SHARED_NIC,1,PASS,128,2176,237553.86517669432,9.16002776204662,1855.8895716930529,1855.8895716936022,60.60570000000001,0.15114135736484552,7873986560,3618560.0,954985.603733335,438.8720605392165,64,0,0,0,0,0,0.13802701621213934,0.04986228222382174,0.048275458500622516,2db2cb446c340944e0561bce518001a5986aed8539bb976be47eaa24e121191c
full-mixed-03,full-mixed,headline,FLEX_POOL_NO_ALT,SHARED_NIC,8,PASS,121,2057,38165.59382389297,53.89671151172414,2378.3088536867126,2538.7076572470687,60.60570000000001,0.8893010312845843,7443377920,3618560.0,902759.8285291685,438.8720605392166,64,0,0,0,0,0,0.8121375247827423,0.29338481390508836,0.28404809761438155,2db2cb446c340944e0561bce518001a5986aed8539bb976be47eaa24e121191c
full-mixed-03,full-mixed,headline,FLEX_POOL_NO_ALT,SHARED_NIC,32,PASS,97,1649,36251.25133788206,45.48808493892782,9086.004158161377,9310.422166540046,60.60570000000001,0.7505578673116193,5967005440,3618560.0,723700.027829169,438.87206053921705,64,0,0,0,0,0,0.6854329266707093,0.24761275707522787,0.23973269664538271,2db2cb446c340944e0561bce518001a5986aed8539bb976be47eaa24e121191c
full-mixed-03,full-mixed,headline,FLEX_POOL_NO_ALT,SHARED_NIC,64,PASS,65,1105,36841.50230481055,29.993348014359213,18386.254045569396,18538.455275106717,60.60570000000001,0.49489318685138867,3998508800,3618560.0,484953.62689583586,438.87206053921796,64,0,0,0,0,0,0.451951941651029,0.1632677129785394,0.1580718601488623,2db2cb446c340944e0561bce518001a5986aed8539bb976be47eaa24e121191c
full-mixed-03,full-mixed,headline,FLEX_POOL_NO_ALT,SHARED_NIC,128,PASS,129,2193,73505.60608001299,29.83445912428578,36842.249157939325,37026.6041199834,60.60570000000001,0.4922715045661674,7935502080,3618560.0,962446.4287625017,438.8720605392165,64,0,0,0,0,0,0.44955773936520554,0.1624028070104707,0.15723447906026625,2db2cb446c340944e0561bce518001a5986aed8539bb976be47eaa24e121191c
full-mixed-03,full-mixed,headline,U_STRONG,LEGACY_DIRECTED_LINK,1,PASS,128,2176,503973.7876474634,4.317684874361247,3937.2952159943234,3937.2952159991837,60.60570000000001,0.07124222431819525,7873986560,3618560.0,954985.603733335,438.8720605392165,64,0,0,0,0,0,0.06506062815897123,0.023503162583300378,0.022755194895219478,2db2cb446c340944e0561bce518001a5986aed8539bb976be47eaa24e121191c
full-mixed-03,full-mixed,headline,U_STRONG,LEGACY_DIRECTED_LINK,8,PASS,121,2057,503973.78764732234,4.081561482795759,31498.36172798148,31498.36172799347,60.60570000000001,0.0673461651758128,7443377920,3618560.0,902759.8285291685,438.8720605392166,64,0,0,0,0,0,0.06150262505654471,0.022217833379532353,0.02151077017439319,2db2cb446c340944e0561bce518001a5986aed8539bb976be47eaa24e121191c
full-mixed-03,full-mixed,headline,U_STRONG,LEGACY_DIRECTED_LINK,32,PASS,97,1649,503973.7876466743,3.271995568857006,125993.44691175292,125993.44691197388,60.60570000000001,0.05398824811621688,5967005440,3618560.0,723700.027829169,438.87206053921705,64,0,0,0,0,0,0.049303757276797595,0.017810990395185196,0.01724417113156054,2db2cb446c340944e0561bce518001a5986aed8539bb976be47eaa24e121191c
full-mixed-03,full-mixed,headline,U_STRONG,LEGACY_DIRECTED_LINK,64,PASS,65,1105,503973.7876453863,2.192574350270607,251986.89382264018,251986.89382268075,60.60570000000001,0.03617769203673263,3998508800,3618560.0,484953.62689583586,438.87206053921796,64,0,0,0,0,0,0.033038600237113774,0.011935199749381394,0.011555372407776284,2db2cb446c340944e0561bce518001a5986aed8539bb976be47eaa24e121191c
full-mixed-03,full-mixed,headline,U_STRONG,LEGACY_DIRECTED_LINK,128,PASS,129,2193,1007947.575293022,2.175708393725209,503973.78764656186,503973.78764656186,60.60570000000001,0.03589940209790842,7935502080,3618560.0,962446.4287625017,438.8720605392165,64,0,0,0,0,0,0.032784457158293555,0.011843390520513588,0.011466484927690857,2db2cb446c340944e0561bce518001a5986aed8539bb976be47eaa24e121191c
full-mixed-03,full-mixed,headline,U_STRONG,SHARED_NIC,1,PASS,128,2176,237553.86517669432,9.16002776204662,1855.8895716930529,1855.8895716936022,60.60570000000001,0.15114135736484552,7873986560,3618560.0,954985.603733335,438.8720605392165,64,0,0,0,0,0,0.13802701621213934,0.04986228222382174,0.048275458500622516,2db2cb446c340944e0561bce518001a5986aed8539bb976be47eaa24e121191c
full-mixed-03,full-mixed,headline,U_STRONG,SHARED_NIC,8,PASS,121,2057,38165.59382389297,53.89671151172414,2378.3088536867126,2538.7076572470687,60.60570000000001,0.8893010312845843,7443377920,3618560.0,902759.8285291685,438.8720605392166,64,0,0,0,0,0,0.8121375247827423,0.29338481390508836,0.28404809761438155,2db2cb446c340944e0561bce518001a5986aed8539bb976be47eaa24e121191c
full-mixed-03,full-mixed,headline,U_STRONG,SHARED_NIC,32,PASS,97,1649,36251.25133788206,45.48808493892782,9086.004158161377,9310.422166540046,60.60570000000001,0.7505578673116193,5967005440,3618560.0,723700.027829169,438.87206053921705,64,0,0,0,0,0,0.6854329266707093,0.24761275707522787,0.23973269664538271,2db2cb446c340944e0561bce518001a5986aed8539bb976be47eaa24e121191c
full-mixed-03,full-mixed,headline,U_STRONG,SHARED_NIC,64,PASS,65,1105,36841.50230481055,29.993348014359213,18386.254045569396,18538.455275106717,60.60570000000001,0.49489318685138867,3998508800,3618560.0,484953.62689583586,438.87206053921796,64,0,0,0,0,0,0.451951941651029,0.1632677129785394,0.1580718601488623,2db2cb446c340944e0561bce518001a5986aed8539bb976be47eaa24e121191c
full-mixed-03,full-mixed,headline,U_STRONG,SHARED_NIC,128,PASS,129,2193,73505.60608001299,29.83445912428578,36842.249157939325,37026.6041199834,60.60570000000001,0.4922715045661674,7935502080,3618560.0,962446.4287625017,438.8720605392165,64,0,0,0,0,0,0.44955773936520554,0.1624028070104707,0.15723447906026625,2db2cb446c340944e0561bce518001a5986aed8539bb976be47eaa24e121191c
full-mixed-04,full-mixed,capacity_exploratory,FLEX_FREE,SHARED_NIC,1,PASS,128,2176,382572.5543117367,5.687809999634476,2988.8480805599247,2988.8480805615545,81.4801,0.0698061244357147,18915115008,8692608.0,1278328.3455999885,587.46707058823,96,1,2,3930587136,4296798013,0,0.09566953297485185,0.19455361541526156,0.1941459131944882,20cc545006f9575ed2d64a6109e3a753ee2fcf7170e48e620687c788d4bfb365
full-mixed-04,full-mixed,capacity_exploratory,FLEX_FREE,SHARED_NIC,8,PASS,121,2057,81866.91513599071,25.126145239295724,5116.682195999609,5116.682196000416,81.4801,0.3083715562363783,17908573056,8706160.94117647,1207860.4537999905,587.1951647058777,96,1,2,3930587136,4296798013,0,0.4226242755394777,0.8594489615630782,0.8576479194723282,20cc545006f9575ed2d64a6109e3a753ee2fcf7170e48e620687c788d4bfb365
full-mixed-04,full-mixed,capacity_exploratory,FLEX_FREE,SHARED_NIC,32,PASS,97,1649,78812.53640362257,20.92306725867796,19703.13410090492,19703.134100907475,81.4801,0.2567874518892093,14356459392,8706160.94117647,968284.8265999933,587.1951647058783,96,1,2,3930587136,4296798013,0,0.3519280835976887,0.7156811463487841,0.7141813808876848,20cc545006f9575ed2d64a6109e3a753ee2fcf7170e48e620687c788d4bfb365
full-mixed-04,full-mixed,capacity_exploratory,FLEX_FREE,SHARED_NIC,64,PASS,65,1105,78812.53640363076,14.020612080555937,39406.268201813655,39406.26820181999,81.4801,0.17207406569893677,9620307840,8706160.94117647,648850.6569999945,587.1951647058775,96,1,2,3930587136,4296798013,0,0.2358280972561587,0.4795801496151155,0.4785751521411815,20cc545006f9575ed2d64a6109e3a753ee2fcf7170e48e620687c788d4bfb365
full-mixed-04,full-mixed,capacity_exploratory,FLEX_FREE,SHARED_NIC,128,PASS,129,2193,157625.07280726635,13.912761218397389,78812.53640363921,78812.53640364856,81.4801,0.17075041903970897,19092610944,8706160.94117647,1287718.9961999892,587.1951647058775,96,1,2,3930587136,4296798013,0,0.2340140349695659,0.47589107154113813,0.47489380481700444,20cc545006f9575ed2d64a6109e3a753ee2fcf7170e48e620687c788d4bfb365
full-mixed-04,full-mixed,capacity_exploratory,FLEX_FREE_NO_ALT,SHARED_NIC,1,PASS,128,2176,382572.5543117367,5.687809999634476,2988.8480805599247,2988.8480805615545,81.4801,0.0698061244357147,18915115008,8692608.0,1278328.3455999885,587.46707058823,96,0,0,0,0,0,0.09566953297485185,0.19455361541526156,0.1941459131944882,8ffc9f00e36f1a35f68b927a992bf4a393379576a0baf6e3e9375036b529a1a2
full-mixed-04,full-mixed,capacity_exploratory,FLEX_FREE_NO_ALT,SHARED_NIC,8,PASS,121,2057,84246.48319103754,24.416449471671612,5216.350677920127,5347.1627353068325,81.4801,0.2996615059587754,17880694656,8692608.0,1208419.7641999896,587.4670705882303,96,0,0,0,0,0,0.41068712175846345,0.8351735590012744,0.8334233879031477,8ffc9f00e36f1a35f68b927a992bf4a393379576a0baf6e3e9375036b529a1a2
full-mixed-04,full-mixed,capacity_exploratory,FLEX_FREE_NO_ALT,SHARED_NIC,32,PASS,97,1649,79888.05856852038,20.641382824263335,19975.199832437764,20106.01188982486,81.4801,0.2533303570351943,14334110592,8692608.0,968733.1993999926,587.4670705882309,96,0,0,0,0,0,0.3471901232423913,0.7060460275376617,0.7045664532168212,8ffc9f00e36f1a35f68b927a992bf4a393379576a0baf6e3e9375036b529a1a2
full-mixed-04,full-mixed,capacity_exploratory,FLEX_FREE_NO_ALT,SHARED_NIC,64,PASS,65,1105,80006.12986468496,13.811441721639277,39937.65890365552,40081.211722265376,81.4801,0.16950693140581907,9605331840,8692608.0,649151.1129999941,587.46707058823,96,0,0,0,0,0,0.23230983090214458,0.4724254012027108,0.47143539706010396,8ffc9f00e36f1a35f68b927a992bf4a393379576a0baf6e3e9375036b529a1a2
full-mixed-04,full-mixed,capacity_exploratory,FLEX_FREE_NO_ALT,SHARED_NIC,128,PASS,129,2193,159645.30507967126,13.736702115389987,79888.05856855024,80018.87062593823,81.4801,0.16858965704988074,19062889344,8692608.0,1288315.2857999883,587.46707058823,96,0,0,0,0,0,0.2310527032510711,0.46986890571297946,0.4688842589053493,8ffc9f00e36f1a35f68b927a992bf4a393379576a0baf6e3e9375036b529a1a2
full-mixed-04,full-mixed,capacity_exploratory,FLEX_POOL,LEGACY_DIRECTED_LINK,1,PASS,128,2176,1099060.8083613603,1.9798722540605347,8586.412565329374,8586.412565345061,79.3055,0.02496513172554911,19792478208,9095808.0,1387906.7823999824,637.8248080882272,94,4,6,11791761408,13090675315,0,0.0333016493005236,0.06772225252119786,0.06758033527802695,4fe76d6273f858cc70656285b331e014ba3882df9f69528161453e92173aa8e2
full-mixed-04,full-mixed,capacity_exploratory,FLEX_POOL,LEGACY_DIRECTED_LINK,8,PASS,121,2057,1099060.8083613715,1.8715979901665802,68691.30052257265,68691.30052276049,79.3055,0.023599851084307902,18710077056,9095808.0,1312005.6302374834,637.8248080882272,94,4,6,11791761408,13090675315,0,0.031480465354400876,0.06401869183644417,0.06388453569250924,4fe76d6273f858cc70656285b331e014ba3882df9f69528161453e92173aa8e2
full-mixed-04,full-mixed,capacity_exploratory,FLEX_POOL,LEGACY_DIRECTED_LINK,32,PASS,97,1649,1099060.808361182,1.5003719425304927,274765.2020904141,274765.20209068805,79.3055,0.018918888885770757,14998987392,9095808.0,1051773.1085374868,637.8248080882273,94,4,6,11791761408,13090675315,0,0.025236406110557105,0.05132076948872854,0.05121322282788815,4fe76d6273f858cc70656285b331e014ba3882df9f69528161453e92173aa8e2
full-mixed-04,full-mixed,capacity_exploratory,FLEX_POOL,LEGACY_DIRECTED_LINK,64,PASS,65,1105,1099060.8083621457,1.0054038790143969,549530.4041813761,549530.4041813761,79.3055,0.012677605954371347,10050867840,9095808.0,704796.4129374911,637.8248080882272,94,4,6,11791761408,13090675315,0,0.01691099378541004,0.03439020635839624,0.03431813900834851,4fe76d6273f858cc70656285b331e014ba3882df9f69528161453e92173aa8e2
full-mixed-04,full-mixed,capacity_exploratory,FLEX_POOL,LEGACY_DIRECTED_LINK,128,PASS,129,2193,2198121.6167123886,0.997670003027381,1099060.808356166,1099060.8083562048,79.3055,0.012580085908636615,19947106944,9095808.0,1398749.8041374823,637.8248080882272,94,4,6,11791761408,13090675315,0,0.016780909217920848,0.03412566630967027,0.03405415332385334,4fe76d6273f858cc70656285b331e014ba3882df9f69528161453e92173aa8e2
full-mixed-04,full-mixed,capacity_exploratory,FLEX_POOL,SHARED_NIC,1,PASS,128,2176,390926.14940592396,5.566268726987915,3054.1105422331893,3054.1105422349065,79.3055,0.07018767584830705,19785105408,9092419.764705881,1387809.1695999808,637.779949264697,94,4,6,11791761408,13090675315,0,0.09362519661480942,0.19039625185756887,0.1899972617152188,4fe76d6273f858cc70656285b331e014ba3882df9f69528161453e92173aa8e2
full-mixed-04,full-mixed,capacity_exploratory,FLEX_POOL,SHARED_NIC,8,PASS,121,2057,81866.91513599062,25.12614523929575,5116.682195999601,5116.682196000416,79.3055,0.31682727224840335,18669497856,9076080.630043752,1311006.429737483,637.3390518898799,94,4,6,11791761408,13090675315,0,0.4226242755394781,0.859448961563079,0.8576479194723292,4fe76d6273f858cc70656285b331e014ba3882df9f69528161453e92173aa8e2
full-mixed-04,full-mixed,capacity_exploratory,FLEX_POOL,SHARED_NIC,32,PASS,97,1649,78812.53640362257,20.92306725867796,19703.13410090492,19703.134100907482,79.3055,0.26382870366718525,14977041792,9082499.570648879,1051022.1563374866,637.3694095436547,94,4,6,11791761408,13090675315,0,0.3519280835976887,0.7156811463487841,0.7141813808876848,4fe76d6273f858cc70656285b331e014ba3882df9f69528161453e92173aa8e2
full-mixed-04,full-mixed,capacity_exploratory,FLEX_POOL,SHARED_NIC,64,PASS,65,1105,78812.53640363144,14.020612080555816,39406.26820181434,39406.268201820676,79.3055,0.1767924302924238,10034106240,9080639.13122172,704277.4543374912,637.3551622963721,94,4,6,11791761408,13090675315,0,0.23582809725615667,0.47958014961511136,0.47857515214117735,4fe76d6273f858cc70656285b331e014ba3882df9f69528161453e92173aa8e2
full-mixed-04,full-mixed,capacity_exploratory,FLEX_POOL,SHARED_NIC,128,PASS,129,2193,157625.07280726635,13.912761218397389,78812.53640363921,78812.53640364856,79.3055,0.1754324885209398,19913756544,9080600.339261286,1397719.3575374833,637.3549281976668,94,4,6,11791761408,13090675315,0,0.2340140349695659,0.47589107154113813,0.47489380481700444,4fe76d6273f858cc70656285b331e014ba3882df9f69528161453e92173aa8e2
full-mixed-04,full-mixed,capacity_exploratory,FLEX_POOL_NO_ALT,SHARED_NIC,1,PASS,128,2176,390926.14940592396,5.566268726987915,3054.1105422331893,3054.1105422349065,79.3055,0.07018767584830705,19792478208,9095808.0,1387906.7823999824,637.8248080882272,94,0,0,0,0,0,0.09362519661480942,0.19039625185756887,0.1899972617152188,1d94ba56b97b41be11d81d65a514d8ce96a370853f5f70bc1a2e675fe081aa53
full-mixed-04,full-mixed,capacity_exploratory,FLEX_POOL_NO_ALT,SHARED_NIC,8,PASS,121,2057,85554.60376490465,24.043124618429964,5347.162735306425,5347.1627353068325,79.3055,0.30317096063236426,18710077056,9095808.0,1312005.6302374834,637.8248080882272,94,0,0,0,0,0,0.4044077603944536,0.8224038462423738,0.8206804350697274,1d94ba56b97b41be11d81d65a514d8ce96a370853f5f70bc1a2e675fe081aa53
full-mixed-04,full-mixed,capacity_exploratory,FLEX_POOL_NO_ALT,SHARED_NIC,32,PASS,97,1649,79888.05856852038,20.641382824263335,19975.199832437764,20106.011889824866,79.3055,0.26027681338952957,14998987392,9095808.0,1051773.1085374868,637.8248080882273,94,0,0,0,0,0,0.3471901232423913,0.7060460275376617,0.7045664532168212,1d94ba56b97b41be11d81d65a514d8ce96a370853f5f70bc1a2e675fe081aa53
full-mixed-04,full-mixed,capacity_exploratory,FLEX_POOL_NO_ALT,SHARED_NIC,64,PASS,65,1105,80006.12986468496,13.811441721639277,39937.65890365552,40081.211722265376,79.3055,0.17415490377892173,10050867840,9095808.0,704796.4129374911,637.8248080882272,94,0,0,0,0,0,0.23230983090214458,0.4724254012027108,0.47143539706010396,1d94ba56b97b41be11d81d65a514d8ce96a370853f5f70bc1a2e675fe081aa53
full-mixed-04,full-mixed,capacity_exploratory,FLEX_POOL_NO_ALT,SHARED_NIC,128,PASS,129,2193,159645.30507967126,13.736702115389987,79888.05856855024,80018.87062593823,79.3055,0.17321247726059338,19947106944,9095808.0,1398749.8041374823,637.8248080882272,94,0,0,0,0,0,0.2310527032510711,0.46986890571297946,0.4688842589053493,1d94ba56b97b41be11d81d65a514d8ce96a370853f5f70bc1a2e675fe081aa53
full-mixed-04,full-mixed,capacity_exploratory,U_STRONG,LEGACY_DIRECTED_LINK,1,PASS,128,2176,1061936.3965315283,2.049086938829105,8296.378097908091,8296.378097924578,81.4801,0.025148311536548253,18915115008,8692608.0,1278328.3455999885,587.46707058823,96,0,0,0,0,0,0.03446584721979942,0.07008976605670948,0.06994288750493437,8ffc9f00e36f1a35f68b927a992bf4a393379576a0baf6e3e9375036b529a1a2
full-mixed-04,full-mixed,capacity_exploratory,U_STRONG,LEGACY_DIRECTED_LINK,8,PASS,121,2057,1061936.3965315723,1.937027496861808,66371.02478317643,66371.02478339663,81.4801,0.023773013249392284,17880694656,8692608.0,1208419.7641999896,587.4670705882303,96,0,0,0,0,0,0.032580996199965274,0.0662567319754804,0.06611788584450556,8ffc9f00e36f1a35f68b927a992bf4a393379576a0baf6e3e9375036b529a1a2
full-mixed-04,full-mixed,capacity_exploratory,U_STRONG,LEGACY_DIRECTED_LINK,32,PASS,97,1649,1061936.3965314608,1.55282369583153,265484.0991329028,265484.09913333505,81.4801,0.019057704836291687,14334110592,8692608.0,968733.1993999926,587.4670705882309,96,0,0,0,0,0,0.026118649846255882,0.053114900839853485,0.05300359443733649,8ffc9f00e36f1a35f68b927a992bf4a393379576a0baf6e3e9375036b529a1a2
full-mixed-04,full-mixed,capacity_exploratory,U_STRONG,LEGACY_DIRECTED_LINK,64,PASS,65,1105,1061936.3965331495,1.0405519611225664,530968.1982666701,530968.1982666701,81.4801,0.012770626952133914,9605331840,8692608.0,649151.1129999941,587.46707058823,96,0,0,0,0,0,0.01750218804127766,0.035592459325618477,0.03551787256104523,8ffc9f00e36f1a35f68b927a992bf4a393379576a0baf6e3e9375036b529a1a2
full-mixed-04,full-mixed,capacity_exploratory,U_STRONG,LEGACY_DIRECTED_LINK,128,PASS,129,2193,2123872.793051778,1.032547715274837,1061936.3965258598,1061936.3965258598,81.4801,0.012672391360281064,19062889344,8692608.0,1288315.2857999883,587.46707058823,96,0,0,0,0,0,0.017367555825694287,0.03531867117720132,0.0352446581569705,8ffc9f00e36f1a35f68b927a992bf4a393379576a0baf6e3e9375036b529a1a2
full-mixed-04,full-mixed,capacity_exploratory,U_STRONG,SHARED_NIC,1,PASS,128,2176,382572.5543117367,5.687809999634476,2988.8480805599247,2988.8480805615545,81.4801,0.0698061244357147,18915115008,8692608.0,1278328.3455999885,587.46707058823,96,0,0,0,0,0,0.09566953297485185,0.19455361541526156,0.1941459131944882,8ffc9f00e36f1a35f68b927a992bf4a393379576a0baf6e3e9375036b529a1a2
full-mixed-04,full-mixed,capacity_exploratory,U_STRONG,SHARED_NIC,8,PASS,121,2057,84246.48319103754,24.416449471671612,5216.350677920127,5347.1627353068325,81.4801,0.2996615059587754,17880694656,8692608.0,1208419.7641999896,587.4670705882303,96,0,0,0,0,0,0.41068712175846345,0.8351735590012744,0.8334233879031477,8ffc9f00e36f1a35f68b927a992bf4a393379576a0baf6e3e9375036b529a1a2
full-mixed-04,full-mixed,capacity_exploratory,U_STRONG,SHARED_NIC,32,PASS,97,1649,79888.05856852038,20.641382824263335,19975.199832437764,20106.01188982486,81.4801,0.2533303570351943,14334110592,8692608.0,968733.1993999926,587.4670705882309,96,0,0,0,0,0,0.3471901232423913,0.7060460275376617,0.7045664532168212,8ffc9f00e36f1a35f68b927a992bf4a393379576a0baf6e3e9375036b529a1a2
full-mixed-04,full-mixed,capacity_exploratory,U_STRONG,SHARED_NIC,64,PASS,65,1105,80006.12986468496,13.811441721639277,39937.65890365552,40081.211722265376,81.4801,0.16950693140581907,9605331840,8692608.0,649151.1129999941,587.46707058823,96,0,0,0,0,0,0.23230983090214458,0.4724254012027108,0.47143539706010396,8ffc9f00e36f1a35f68b927a992bf4a393379576a0baf6e3e9375036b529a1a2
full-mixed-04,full-mixed,capacity_exploratory,U_STRONG,SHARED_NIC,128,PASS,129,2193,159645.30507967126,13.736702115389987,79888.05856855024,80018.87062593823,81.4801,0.16858965704988074,19062889344,8692608.0,1288315.2857999883,587.46707058823,96,0,0,0,0,0,0.2310527032510711,0.46986890571297946,0.4688842589053493,8ffc9f00e36f1a35f68b927a992bf4a393379576a0baf6e3e9375036b529a1a2
full-mixed-05,full-mixed,capacity_exploratory,FLEX_FREE,SHARED_NIC,1,PASS,128,2176,241539.2628231669,9.008887311182487,1887.0254908064016,1887.0254908067582,73.9035,0.1219006855045091,15025471488,6905088.0,1193328.6287999924,548.4047007352906,89,2,4,7861174272,8793877301,0,0.16138526028597797,0.0522667410273686,0.04914287573316832,128dbd247b0127ed0aded4d5d93318b18f00a7b5d51f9e9901ec0605d21d5112
full-mixed-05,full-mixed,capacity_exploratory,FLEX_FREE,SHARED_NIC,8,PASS,121,2057,42288.61898554183,48.64192894791087,2631.526654179899,2788.910946059499,73.9035,0.6581816686342443,14230434816,6918052.900340301,1127526.8961374937,548.1414176652862,89,2,4,7861174272,8793877301,0,0.8713718013018702,0.2822052286342139,0.2653384582512918,128dbd247b0127ed0aded4d5d93318b18f00a7b5d51f9e9901ec0605d21d5112
full-mixed-05,full-mixed,capacity_exploratory,FLEX_FREE,SHARED_NIC,32,PASS,97,1649,38556.96951762738,42.76788400722506,9743.17003837816,9993.800613135156,73.9035,0.5786990332964618,11409328512,6918937.848392965,903856.4689624944,548.1239957322585,89,2,4,7861174272,8793877301,0,0.7661441256812194,0.24812586066200543,0.2332959372828196,128dbd247b0127ed0aded4d5d93318b18f00a7b5d51f9e9901ec0605d21d5112
full-mixed-05,full-mixed,capacity_exploratory,FLEX_FREE,SHARED_NIC,64,PASS,65,1105,38990.57184357292,28.340184504940638,19506.669097963102,19789.181913116303,73.9035,0.3834755391143943,7644954240,6918510.624434389,605686.2889124964,548.1323881561053,89,2,4,7861174272,8793877301,0,0.5076862319284745,0.16442086941735248,0.15459380468136383,128dbd247b0127ed0aded4d5d93318b18f00a7b5d51f9e9901ec0605d21d5112
full-mixed-05,full-mixed,capacity_exploratory,FLEX_FREE,SHARED_NIC,128,PASS,129,2193,78292.5270995169,28.010336123299457,39127.273730237954,39339.2411850113,73.9035,0.37901230825738236,15173155584,6918903.595075239,1202037.1908374932,548.1245740253047,89,2,4,7861174272,8793877301,0,0.50177732607947,0.16250719247301562,0.15279450389427765,128dbd247b0127ed0aded4d5d93318b18f00a7b5d51f9e9901ec0605d21d5112
full-mixed-05,full-mixed,capacity_exploratory,FLEX_FREE_NO_ALT,SHARED_NIC,1,PASS,128,2176,241539.2628231669,9.008887311182487,1887.0254908064016,1887.0254908067582,73.9035,0.1219006855045091,15025471488,6905088.0,1193328.6287999924,548.4047007352906,89,0,0,0,0,0,0.16138526028597797,0.0522667410273686,0.04914287573316832,99bc27af1f67b778e4defcf6c35c6eb7b9076978f6071754fbe0e63fbd509613
full-mixed-05,full-mixed,capacity_exploratory,FLEX_FREE_NO_ALT,SHARED_NIC,8,PASS,121,2057,42468.94969976206,48.435386665838,2645.863131126185,2805.7351201998463,73.9035,0.6553869122008836,14203766016,6905088.0,1128068.4694124921,548.4047007352902,89,0,0,0,0,0,0.8676718016458623,0.2810069350386325,0.26421178396278644,99bc27af1f67b778e4defcf6c35c6eb7b9076978f6071754fbe0e63fbd509613
full-mixed-05,full-mixed,capacity_exploratory,FLEX_FREE_NO_ALT,SHARED_NIC,32,PASS,97,1649,39020.24110738713,42.26011816436005,9727.147899638327,10020.182040089623,73.9035,0.5718283730047975,11386490112,6905088.0,904319.3515124931,548.4047007352899,89,0,0,0,0,0,0.757048005385278,0.2451799623623757,0.23052610868406598,99bc27af1f67b778e4defcf6c35c6eb7b9076978f6071754fbe0e63fbd509613
full-mixed-05,full-mixed,capacity_exploratory,FLEX_FREE_NO_ALT,SHARED_NIC,64,PASS,65,1105,38712.12943088006,28.544025251128627,19386.042023295893,19673.586088323824,73.9035,0.3862337406364872,7630122240,6905088.0,605987.1943124956,548.4047007352901,89,0,0,0,0,0,0.5113378362547493,0.16560348954832124,0.15570574227290618,99bc27af1f67b778e4defcf6c35c6eb7b9076978f6071754fbe0e63fbd509613
full-mixed-05,full-mixed,capacity_exploratory,FLEX_FREE_NO_ALT,SHARED_NIC,128,PASS,129,2193,77921.53971426428,28.143694388504887,38951.955873091734,39187.12709520383,73.9035,0.3808168001313184,15142857984,6905088.0,1202651.5087124924,548.4047007352907,89,0,0,0,0,0,0.5041663068268204,0.1632808953367088,0.1535219642818492,99bc27af1f67b778e4defcf6c35c6eb7b9076978f6071754fbe0e63fbd509613
full-mixed-05,full-mixed,capacity_exploratory,FLEX_POOL,LEGACY_DIRECTED_LINK,1,PASS,128,2176,870223.5465746359,2.5005069198197942,6798.621457616449,6798.621457630128,73.9035,0.03383475640287394,14586789888,6703488.0,1136508.1061333313,522.2923281862736,89,0,0,0,0,0,0.044794095670516065,0.014507157554644759,0.013640097448893763,e2ef2c05e45c83f7f61897210aee573bef885cf7e505ca1fa307a616271c9f37
full-mixed-05,full-mixed,capacity_exploratory,FLEX_POOL,LEGACY_DIRECTED_LINK,8,PASS,121,2057,870223.5465743552,2.3637604476429117,54388.97166083532,54388.971661041025,73.9035,0.03198441816210209,13789074816,6703488.0,1074355.3190791642,522.2923281862733,89,0,0,0,0,0,0.0423444185635484,0.013713797375879551,0.012894154619661546,e2ef2c05e45c83f7f61897210aee573bef885cf7e505ca1fa307a616271c9f37
full-mixed-05,full-mixed,capacity_exploratory,FLEX_POOL,LEGACY_DIRECTED_LINK,32,PASS,97,1649,870223.5465739835,1.8949154001773583,217555.88664324174,217555.88664385676,73.9035,0.02564040133657213,11054051712,6703488.0,861260.049179165,522.2923281862735,89,0,0,0,0,0,0.033945525625338445,0.01099370533438749,0.01033663634799756,e2ef2c05e45c83f7f61897210aee573bef885cf7e505ca1fa307a616271c9f37
full-mixed-05,full-mixed,capacity_exploratory,FLEX_POOL,LEGACY_DIRECTED_LINK,64,PASS,65,1105,870223.5465748935,1.2697886702206134,435111.7732877135,435111.7732877135,73.9035,0.017181712235829337,7407354240,6703488.0,577133.0226458333,522.2923281862745,89,0,0,0,0,0,0.022747001707677194,0.0073669159457158745,0.0069266119857643235,e2ef2c05e45c83f7f61897210aee573bef885cf7e505ca1fa307a616271c9f37
full-mixed-05,full-mixed,capacity_exploratory,FLEX_POOL,LEGACY_DIRECTED_LINK,128,PASS,129,2193,1740447.0931400454,1.2600210650721229,870223.5465686321,870223.5465710736,73.9035,0.01704954521872608,14700749184,6703488.0,1145387.075712498,522.2923281862736,89,0,0,0,0,0,0.02257202477159064,0.007310247361558963,0.0068733303551430595,e2ef2c05e45c83f7f61897210aee573bef885cf7e505ca1fa307a616271c9f37
full-mixed-05,full-mixed,capacity_exploratory,FLEX_POOL,SHARED_NIC,1,PASS,128,2176,239979.53978615024,9.067439673978331,1874.8401545797278,1874.8401545800662,73.9035,0.12269296682807082,14586789888,6703488.0,1136508.1061333313,522.2923281862736,89,0,0,0,0,0,0.16243416765752838,0.05260644348751506,0.04946227494301168,e2ef2c05e45c83f7f61897210aee573bef885cf7e505ca1fa307a616271c9f37
full-mixed-05,full-mixed,capacity_exploratory,FLEX_POOL,SHARED_NIC,8,PASS,121,2057,41534.63564264861,49.52493185922716,2606.825173059704,2727.5909261527995,73.9035,0.6701297213153256,13789074816,6703488.0,1074355.3190791642,522.2923281862733,89,0,0,0,0,0,0.8871899206493251,0.2873281348154128,0.2701551798778327,e2ef2c05e45c83f7f61897210aee573bef885cf7e505ca1fa307a616271c9f37
full-mixed-05,full-mixed,capacity_exploratory,FLEX_POOL,SHARED_NIC,32,PASS,97,1649,39336.025214740526,41.9208598478848,9835.221071978056,10135.999556712415,73.9035,0.5672378148245321,11054051712,6703488.0,861260.049179165,522.2923281862735,89,0,0,0,0,0,0.7509705299083029,0.2432116919249618,0.2286754773339221,e2ef2c05e45c83f7f61897210aee573bef885cf7e505ca1fa307a616271c9f37
full-mixed-05,full-mixed,capacity_exploratory,FLEX_POOL,SHARED_NIC,64,PASS,65,1105,38872.310693046544,28.42640378972022,19411.61546472284,19666.364799116236,73.9035,0.3846421859549307,7407354240,6703488.0,577133.0226458333,522.2923281862745,89,0,0,0,0,0,0.5092307647031881,0.16492108668875133,0.15506412509401524,e2ef2c05e45c83f7f61897210aee573bef885cf7e505ca1fa307a616271c9f37
full-mixed-05,full-mixed,capacity_exploratory,FLEX_POOL,SHARED_NIC,128,PASS,129,2193,78072.78763907136,28.08917250576714,39006.863559615245,39263.35289711286,73.9035,0.3800790558737698,14700749184,6703488.0,1145387.075712498,522.2923281862736,89,0,0,0,0,0,0.5031896014987395,0.1629645764588113,0.15322455107025384,e2ef2c05e45c83f7f61897210aee573bef885cf7e505ca1fa307a616271c9f37
full-mixed-05,full-mixed,capacity_exploratory,FLEX_POOL_NO_ALT,SHARED_NIC,1,PASS,128,2176,239979.53978615024,9.067439673978331,1874.8401545797278,1874.8401545800662,73.9035,0.12269296682807082,14586789888,6703488.0,1136508.1061333313,522.2923281862736,89,0,0,0,0,0,0.16243416765752838,0.05260644348751506,0.04946227494301168,e2ef2c05e45c83f7f61897210aee573bef885cf7e505ca1fa307a616271c9f37
full-mixed-05,full-mixed,capacity_exploratory,FLEX_POOL_NO_ALT,SHARED_NIC,8,PASS,121,2057,41534.63564264861,49.52493185922716,2606.825173059704,2727.5909261527995,73.9035,0.6701297213153256,13789074816,6703488.0,1074355.3190791642,522.2923281862733,89,0,0,0,0,0,0.8871899206493251,0.2873281348154128,0.2701551798778327,e2ef2c05e45c83f7f61897210aee573bef885cf7e505ca1fa307a616271c9f37
full-mixed-05,full-mixed,capacity_exploratory,FLEX_POOL_NO_ALT,SHARED_NIC,32,PASS,97,1649,39336.025214740526,41.9208598478848,9835.221071978056,10135.999556712415,73.9035,0.5672378148245321,11054051712,6703488.0,861260.049179165,522.2923281862735,89,0,0,0,0,0,0.7509705299083029,0.2432116919249618,0.2286754773339221,e2ef2c05e45c83f7f61897210aee573bef885cf7e505ca1fa307a616271c9f37
full-mixed-05,full-mixed,capacity_exploratory,FLEX_POOL_NO_ALT,SHARED_NIC,64,PASS,65,1105,38872.310693046544,28.42640378972022,19411.61546472284,19666.364799116236,73.9035,0.3846421859549307,7407354240,6703488.0,577133.0226458333,522.2923281862745,89,0,0,0,0,0,0.5092307647031881,0.16492108668875133,0.15506412509401524,e2ef2c05e45c83f7f61897210aee573bef885cf7e505ca1fa307a616271c9f37
full-mixed-05,full-mixed,capacity_exploratory,FLEX_POOL_NO_ALT,SHARED_NIC,128,PASS,129,2193,78072.78763907136,28.08917250576714,39006.863559615245,39263.35289711286,73.9035,0.3800790558737698,14700749184,6703488.0,1145387.075712498,522.2923281862736,89,0,0,0,0,0,0.5031896014987395,0.1629645764588113,0.15322455107025384,e2ef2c05e45c83f7f61897210aee573bef885cf7e505ca1fa307a616271c9f37
full-mixed-05,full-mixed,capacity_exploratory,U_STRONG,LEGACY_DIRECTED_LINK,1,PASS,128,2176,870223.5465746359,2.5005069198197942,6798.621457616449,6798.621457630128,73.9035,0.03383475640287394,14586789888,6703488.0,1136508.1061333313,522.2923281862736,89,0,0,0,0,0,0.044794095670516065,0.014507157554644759,0.013640097448893763,e2ef2c05e45c83f7f61897210aee573bef885cf7e505ca1fa307a616271c9f37
full-mixed-05,full-mixed,capacity_exploratory,U_STRONG,LEGACY_DIRECTED_LINK,8,PASS,121,2057,870223.5465743552,2.3637604476429117,54388.97166083532,54388.971661041025,73.9035,0.03198441816210209,13789074816,6703488.0,1074355.3190791642,522.2923281862733,89,0,0,0,0,0,0.0423444185635484,0.013713797375879551,0.012894154619661546,e2ef2c05e45c83f7f61897210aee573bef885cf7e505ca1fa307a616271c9f37
full-mixed-05,full-mixed,capacity_exploratory,U_STRONG,LEGACY_DIRECTED_LINK,32,PASS,97,1649,870223.5465739835,1.8949154001773583,217555.88664324174,217555.88664385676,73.9035,0.02564040133657213,11054051712,6703488.0,861260.049179165,522.2923281862735,89,0,0,0,0,0,0.033945525625338445,0.01099370533438749,0.01033663634799756,e2ef2c05e45c83f7f61897210aee573bef885cf7e505ca1fa307a616271c9f37
full-mixed-05,full-mixed,capacity_exploratory,U_STRONG,LEGACY_DIRECTED_LINK,64,PASS,65,1105,870223.5465748935,1.2697886702206134,435111.7732877135,435111.7732877135,73.9035,0.017181712235829337,7407354240,6703488.0,577133.0226458333,522.2923281862745,89,0,0,0,0,0,0.022747001707677194,0.0073669159457158745,0.0069266119857643235,e2ef2c05e45c83f7f61897210aee573bef885cf7e505ca1fa307a616271c9f37
full-mixed-05,full-mixed,capacity_exploratory,U_STRONG,LEGACY_DIRECTED_LINK,128,PASS,129,2193,1740447.0931400454,1.2600210650721229,870223.5465686321,870223.5465710736,73.9035,0.01704954521872608,14700749184,6703488.0,1145387.075712498,522.2923281862736,89,0,0,0,0,0,0.02257202477159064,0.007310247361558963,0.0068733303551430595,e2ef2c05e45c83f7f61897210aee573bef885cf7e505ca1fa307a616271c9f37
full-mixed-05,full-mixed,capacity_exploratory,U_STRONG,SHARED_NIC,1,PASS,128,2176,239979.53978615024,9.067439673978331,1874.8401545797278,1874.8401545800662,73.9035,0.12269296682807082,14586789888,6703488.0,1136508.1061333313,522.2923281862736,89,0,0,0,0,0,0.16243416765752838,0.05260644348751506,0.04946227494301168,e2ef2c05e45c83f7f61897210aee573bef885cf7e505ca1fa307a616271c9f37
full-mixed-05,full-mixed,capacity_exploratory,U_STRONG,SHARED_NIC,8,PASS,121,2057,41534.63564264861,49.52493185922716,2606.825173059704,2727.5909261527995,73.9035,0.6701297213153256,13789074816,6703488.0,1074355.3190791642,522.2923281862733,89,0,0,0,0,0,0.8871899206493251,0.2873281348154128,0.2701551798778327,e2ef2c05e45c83f7f61897210aee573bef885cf7e505ca1fa307a616271c9f37
full-mixed-05,full-mixed,capacity_exploratory,U_STRONG,SHARED_NIC,32,PASS,97,1649,39336.025214740526,41.9208598478848,9835.221071978056,10135.999556712415,73.9035,0.5672378148245321,11054051712,6703488.0,861260.049179165,522.2923281862735,89,0,0,0,0,0,0.7509705299083029,0.2432116919249618,0.2286754773339221,e2ef2c05e45c83f7f61897210aee573bef885cf7e505ca1fa307a616271c9f37
full-mixed-05,full-mixed,capacity_exploratory,U_STRONG,SHARED_NIC,64,PASS,65,1105,38872.310693046544,28.42640378972022,19411.61546472284,19666.364799116236,73.9035,0.3846421859549307,7407354240,6703488.0,577133.0226458333,522.2923281862745,89,0,0,0,0,0,0.5092307647031881,0.16492108668875133,0.15506412509401524,e2ef2c05e45c83f7f61897210aee573bef885cf7e505ca1fa307a616271c9f37
full-mixed-05,full-mixed,capacity_exploratory,U_STRONG,SHARED_NIC,128,PASS,129,2193,78072.78763907136,28.08917250576714,39006.863559615245,39263.35289711286,73.9035,0.3800790558737698,14700749184,6703488.0,1145387.075712498,522.2923281862736,89,0,0,0,0,0,0.5031896014987395,0.1629645764588113,0.15322455107025384,e2ef2c05e45c83f7f61897210aee573bef885cf7e505ca1fa307a616271c9f37
full-mixed-06,full-mixed,capacity_exploratory,FLEX_FREE,SHARED_NIC,1,PASS,128,2176,251391.14350580267,8.655833971134998,1963.9933086397214,1963.9933086401434,72.89809999999997,0.11873881447026742,13262946304,6095104.0,1180491.2661333282,542.5051774509781,87,5,8,15722348544,17187192052,0,0.1550606606755829,0.061073465755907226,0.06182842490646957,fd91e76a9649b3031435eafb57affbbe41acc6725eebc5c7f09e7238bf0ecbd1
full-mixed-06,full-mixed,capacity_exploratory,FLEX_FREE,SHARED_NIC,8,PASS,121,2057,42614.52147753617,48.26993073439362,2659.8211822132944,2822.65731937304,72.89809999999997,0.6621562253939902,12556665728,6104358.64268352,1115554.2785916612,542.3209910508805,87,5,8,15722348544,17187192052,0,0.8647078231166975,0.34058092745053475,0.3447910158171167,fd91e76a9649b3031435eafb57affbbe41acc6725eebc5c7f09e7238bf0ecbd1
full-mixed-06,full-mixed,capacity_exploratory,FLEX_FREE,SHARED_NIC,32,PASS,97,1649,38606.74596091582,42.71274252612206,9711.178079538924,9950.485172404206,72.89809999999997,0.5859239476217085,10066695296,6104727.28684051,894274.5024416625,542.3132216141071,87,5,8,15722348544,17187192052,0,0.7651563208643787,0.3013707548815129,0.3050961470185663,fd91e76a9649b3031435eafb57affbbe41acc6725eebc5c7f09e7238bf0ecbd1
full-mixed-06,full-mixed,capacity_exploratory,FLEX_FREE,SHARED_NIC,64,PASS,65,1105,39050.84183554484,28.29644504601198,19523.508941872533,19708.39747697787,72.89809999999997,0.3881643697985543,6747329920,6106180.923076923,599225.7104583315,542.2857108220195,87,5,8,15722348544,17187192052,0,0.5069026830039355,0.19965285532214497,0.20212086247051503,fd91e76a9649b3031435eafb57affbbe41acc6725eebc5c7f09e7238bf0ecbd1
full-mixed-06,full-mixed,capacity_exploratory,FLEX_FREE,SHARED_NIC,128,PASS,129,2193,77852.09966775739,28.168797108348713,38940.98005642825,39158.17907246573,72.89809999999997,0.38641332364422015,13389660672,6105636.421340629,1189254.1237999944,542.2955420884607,87,5,8,15722348544,17187192052,0,0.5046159970977657,0.1987522024242628,0.2012090761591565,fd91e76a9649b3031435eafb57affbbe41acc6725eebc5c7f09e7238bf0ecbd1
full-mixed-06,full-mixed,capacity_exploratory,FLEX_FREE_NO_ALT,SHARED_NIC,1,PASS,128,2176,251391.14350580267,8.655833971134998,1963.9933086397214,1963.9933086401434,72.89809999999997,0.11873881447026742,13262946304,6095104.0,1180491.2661333282,542.5051774509781,87,0,0,0,0,0,0.1550606606755829,0.061073465755907226,0.06182842490646957,df1c1f8bfa2342452ddbb190b66f143b915c7ebbd32a4899954f7346e46af045
full-mixed-06,full-mixed,capacity_exploratory,FLEX_FREE_NO_ALT,SHARED_NIC,8,PASS,121,2057,43241.159533422746,47.57041721811521,2693.123309692968,2872.0352870796924,72.89809999999997,0.6525604538131341,12537628928,6095104.0,1115933.1500166613,542.5051774509777,87,0,0,0,0,0,0.8521767338713007,0.3356453296878362,0.33979440670278904,df1c1f8bfa2342452ddbb190b66f143b915c7ebbd32a4899954f7346e46af045
full-mixed-06,full-mixed,capacity_exploratory,FLEX_FREE_NO_ALT,SHARED_NIC,32,PASS,97,1649,39048.83605962932,42.22917163220699,9806.249678725719,10037.560560536378,72.89809999999997,0.5792904291361093,10050826496,6095104.0,894591.0376166622,542.5051774509777,87,0,0,0,0,0,0.7564936290262495,0.29795879590349167,0.30164201113736927,df1c1f8bfa2342452ddbb190b66f143b915c7ebbd32a4899954f7346e46af045
full-mixed-06,full-mixed,capacity_exploratory,FLEX_FREE_NO_ALT,SHARED_NIC,64,PASS,65,1105,39114.335086718726,28.250512185625848,19415.058224226683,19582.451567775923,72.89809999999997,0.38753427298689347,6735089920,6095104.0,599468.2210833314,542.5051774509786,87,0,0,0,0,0,0.5060798414727851,0.19932876419641196,0.20179276509496535,df1c1f8bfa2342452ddbb190b66f143b915c7ebbd32a4899954f7346e46af045
full-mixed-06,full-mixed,capacity_exploratory,FLEX_FREE_NO_ALT,SHARED_NIC,128,PASS,129,2193,77871.70513800408,28.161705154825746,39079.12840359943,39368.01571576402,72.89809999999997,0.3863160377955771,13366563072,6095104.0,1189713.854149995,542.5051774509781,87,0,0,0,0,0,0.504488951800638,0.19870216331976154,0.20115841849667163,df1c1f8bfa2342452ddbb190b66f143b915c7ebbd32a4899954f7346e46af045
full-mixed-06,full-mixed,capacity_exploratory,FLEX_POOL,LEGACY_DIRECTED_LINK,1,PASS,128,2176,901136.7314825883,2.414727891981445,7040.130714708677,7040.130714727158,72.89809999999997,0.03312470272862319,12824264704,5893504.0,1116969.1941333385,513.3130487745121,87,0,0,0,0,0,0.04325744966123736,0.017037734516692105,0.017248346333444693,239b432ca09cf160c0e76c171517165d756ffad2c00a185ee8fe97cd274e85d8
full-mixed-06,full-mixed,capacity_exploratory,FLEX_POOL,LEGACY_DIRECTED_LINK,8,PASS,121,2057,901136.7314822972,2.2826724603894473,56321.04571754113,56321.045717817266,72.89809999999997,0.031313195548161726,12122937728,5893504.0,1055884.9413291714,513.3130487745121,87,0,0,0,0,0,0.04089180788290167,0.01610598341031571,0.016305077393339702,239b432ca09cf160c0e76c171517165d756ffad2c00a185ee8fe97cd274e85d8
full-mixed-06,full-mixed,capacity_exploratory,FLEX_POOL,LEGACY_DIRECTED_LINK,32,PASS,97,1649,901136.7314816227,1.8299109806441498,225284.18287022354,225284.18287061155,72.89809999999997,0.02510231378656166,9718388096,5893504.0,846453.21742917,513.3130487745118,87,0,0,0,0,0,0.0327810360714416,0.01291140818844457,0.013071012455827547,239b432ca09cf160c0e76c171517165d756ffad2c00a185ee8fe97cd274e85d8
full-mixed-06,full-mixed,capacity_exploratory,FLEX_POOL,LEGACY_DIRECTED_LINK,64,PASS,65,1105,901136.731482156,1.226229007647416,450568.3657412231,450568.3657412231,72.89809999999997,0.016821138104387037,6512321920,5893504.0,567210.9188958347,513.313048774511,87,0,0,0,0,0,0.021966673656107626,0.00865197455926186,0.008758925872456557,239b432ca09cf160c0e76c171517165d756ffad2c00a185ee8fe97cd274e85d8
full-mixed-06,full-mixed,capacity_exploratory,FLEX_POOL,LEGACY_DIRECTED_LINK,128,PASS,129,2193,1802273.4629564118,1.2167964768246926,901136.7314773798,901136.7314787786,72.89809999999997,0.016691744734426455,12924454272,5893504.0,1125695.5159625052,513.3130487745121,87,0,0,0,0,0,0.021797699243463895,0.008585420908843634,0.008691549519629634,239b432ca09cf160c0e76c171517165d756ffad2c00a185ee8fe97cd274e85d8
full-mixed-06,full-mixed,capacity_exploratory,FLEX_POOL,SHARED_NIC,1,PASS,128,2176,250445.29307295664,8.688524241364417,1956.6038521330483,1956.6038521334704,72.89809999999997,0.11918725236137047,12824264704,5893504.0,1116969.1941333385,513.3130487745121,87,0,0,0,0,0,0.15564627436876846,0.061304120376370806,0.06206193076214935,239b432ca09cf160c0e76c171517165d756ffad2c00a185ee8fe97cd274e85d8
full-mixed-06,full-mixed,capacity_exploratory,FLEX_POOL,SHARED_NIC,8,PASS,121,2057,42509.403985396275,48.389292889325475,2675.4924902731073,2864.423793119953,72.89809999999997,0.6637936090148507,12122937728,5893504.0,1055884.9413291714,513.3130487745121,87,0,0,0,0,0,0.866846077462277,0.3414231178744837,0.3456436169711463,239b432ca09cf160c0e76c171517165d756ffad2c00a185ee8fe97cd274e85d8
full-mixed-06,full-mixed,capacity_exploratory,FLEX_POOL,SHARED_NIC,32,PASS,97,1649,39114.39800210952,42.158388834491745,9754.06034208566,10008.040539121639,72.89809999999997,0.5783194463846351,9718388096,5893504.0,846453.21742917,513.3130487745118,87,0,0,0,0,0,0.7552256255716091,0.29745936964522635,0.3011364112254715,239b432ca09cf160c0e76c171517165d756ffad2c00a185ee8fe97cd274e85d8
full-mixed-06,full-mixed,capacity_exploratory,FLEX_POOL,SHARED_NIC,64,PASS,65,1105,39010.071931378465,28.326018007446255,19458.39122875269,19701.262249899668,72.89809999999997,0.38857004513761356,6512321920,5893504.0,567210.9188958347,513.313048774511,87,0,0,0,0,0,0.5074324532090277,0.19986151496759103,0.20233210146047237,239b432ca09cf160c0e76c171517165d756ffad2c00a185ee8fe97cd274e85d8
full-mixed-06,full-mixed,capacity_exploratory,FLEX_POOL,SHARED_NIC,128,PASS,129,2193,77913.71252889167,28.146521694583605,39056.76204740039,39203.51728162312,72.89809999999997,0.3861077544487938,12924454272,5893504.0,1125695.5159625052,513.3130487745121,87,0,0,0,0,0,0.5042169552045458,0.19859503250576407,0.20104996338598766,239b432ca09cf160c0e76c171517165d756ffad2c00a185ee8fe97cd274e85d8
full-mixed-06,full-mixed,capacity_exploratory,FLEX_POOL_NO_ALT,SHARED_NIC,1,PASS,128,2176,250445.29307295664,8.688524241364417,1956.6038521330483,1956.6038521334704,72.89809999999997,0.11918725236137047,12824264704,5893504.0,1116969.1941333385,513.3130487745121,87,0,0,0,0,0,0.15564627436876846,0.061304120376370806,0.06206193076214935,239b432ca09cf160c0e76c171517165d756ffad2c00a185ee8fe97cd274e85d8
full-mixed-06,full-mixed,capacity_exploratory,FLEX_POOL_NO_ALT,SHARED_NIC,8,PASS,121,2057,42509.403985396275,48.389292889325475,2675.4924902731073,2864.423793119953,72.89809999999997,0.6637936090148507,12122937728,5893504.0,1055884.9413291714,513.3130487745121,87,0,0,0,0,0,0.866846077462277,0.3414231178744837,0.3456436169711463,239b432ca09cf160c0e76c171517165d756ffad2c00a185ee8fe97cd274e85d8
full-mixed-06,full-mixed,capacity_exploratory,FLEX_POOL_NO_ALT,SHARED_NIC,32,PASS,97,1649,39114.39800210952,42.158388834491745,9754.06034208566,10008.040539121639,72.89809999999997,0.5783194463846351,9718388096,5893504.0,846453.21742917,513.3130487745118,87,0,0,0,0,0,0.7552256255716091,0.29745936964522635,0.3011364112254715,239b432ca09cf160c0e76c171517165d756ffad2c00a185ee8fe97cd274e85d8
full-mixed-06,full-mixed,capacity_exploratory,FLEX_POOL_NO_ALT,SHARED_NIC,64,PASS,65,1105,39010.071931378465,28.326018007446255,19458.39122875269,19701.262249899668,72.89809999999997,0.38857004513761356,6512321920,5893504.0,567210.9188958347,513.313048774511,87,0,0,0,0,0,0.5074324532090277,0.19986151496759103,0.20233210146047237,239b432ca09cf160c0e76c171517165d756ffad2c00a185ee8fe97cd274e85d8
full-mixed-06,full-mixed,capacity_exploratory,FLEX_POOL_NO_ALT,SHARED_NIC,128,PASS,129,2193,77913.71252889167,28.146521694583605,39056.76204740039,39203.51728162312,72.89809999999997,0.3861077544487938,12924454272,5893504.0,1125695.5159625052,513.3130487745121,87,0,0,0,0,0,0.5042169552045458,0.19859503250576407,0.20104996338598766,239b432ca09cf160c0e76c171517165d756ffad2c00a185ee8fe97cd274e85d8
full-mixed-06,full-mixed,capacity_exploratory,U_STRONG,LEGACY_DIRECTED_LINK,1,PASS,128,2176,901136.7314825883,2.414727891981445,7040.130714708677,7040.130714727158,72.89809999999997,0.03312470272862319,12824264704,5893504.0,1116969.1941333385,513.3130487745121,87,0,0,0,0,0,0.04325744966123736,0.017037734516692105,0.017248346333444693,239b432ca09cf160c0e76c171517165d756ffad2c00a185ee8fe97cd274e85d8
full-mixed-06,full-mixed,capacity_exploratory,U_STRONG,LEGACY_DIRECTED_LINK,8,PASS,121,2057,901136.7314822972,2.2826724603894473,56321.04571754113,56321.045717817266,72.89809999999997,0.031313195548161726,12122937728,5893504.0,1055884.9413291714,513.3130487745121,87,0,0,0,0,0,0.04089180788290167,0.01610598341031571,0.016305077393339702,239b432ca09cf160c0e76c171517165d756ffad2c00a185ee8fe97cd274e85d8
full-mixed-06,full-mixed,capacity_exploratory,U_STRONG,LEGACY_DIRECTED_LINK,32,PASS,97,1649,901136.7314816227,1.8299109806441498,225284.18287022354,225284.18287061155,72.89809999999997,0.02510231378656166,9718388096,5893504.0,846453.21742917,513.3130487745118,87,0,0,0,0,0,0.0327810360714416,0.01291140818844457,0.013071012455827547,239b432ca09cf160c0e76c171517165d756ffad2c00a185ee8fe97cd274e85d8
full-mixed-06,full-mixed,capacity_exploratory,U_STRONG,LEGACY_DIRECTED_LINK,64,PASS,65,1105,901136.731482156,1.226229007647416,450568.3657412231,450568.3657412231,72.89809999999997,0.016821138104387037,6512321920,5893504.0,567210.9188958347,513.313048774511,87,0,0,0,0,0,0.021966673656107626,0.00865197455926186,0.008758925872456557,239b432ca09cf160c0e76c171517165d756ffad2c00a185ee8fe97cd274e85d8
full-mixed-06,full-mixed,capacity_exploratory,U_STRONG,LEGACY_DIRECTED_LINK,128,PASS,129,2193,1802273.4629564118,1.2167964768246926,901136.7314773798,901136.7314787786,72.89809999999997,0.016691744734426455,12924454272,5893504.0,1125695.5159625052,513.3130487745121,87,0,0,0,0,0,0.021797699243463895,0.008585420908843634,0.008691549519629634,239b432ca09cf160c0e76c171517165d756ffad2c00a185ee8fe97cd274e85d8
full-mixed-06,full-mixed,capacity_exploratory,U_STRONG,SHARED_NIC,1,PASS,128,2176,250445.29307295664,8.688524241364417,1956.6038521330483,1956.6038521334704,72.89809999999997,0.11918725236137047,12824264704,5893504.0,1116969.1941333385,513.3130487745121,87,0,0,0,0,0,0.15564627436876846,0.061304120376370806,0.06206193076214935,239b432ca09cf160c0e76c171517165d756ffad2c00a185ee8fe97cd274e85d8
full-mixed-06,full-mixed,capacity_exploratory,U_STRONG,SHARED_NIC,8,PASS,121,2057,42509.403985396275,48.389292889325475,2675.4924902731073,2864.423793119953,72.89809999999997,0.6637936090148507,12122937728,5893504.0,1055884.9413291714,513.3130487745121,87,0,0,0,0,0,0.866846077462277,0.3414231178744837,0.3456436169711463,239b432ca09cf160c0e76c171517165d756ffad2c00a185ee8fe97cd274e85d8
full-mixed-06,full-mixed,capacity_exploratory,U_STRONG,SHARED_NIC,32,PASS,97,1649,39114.39800210952,42.158388834491745,9754.06034208566,10008.040539121639,72.89809999999997,0.5783194463846351,9718388096,5893504.0,846453.21742917,513.3130487745118,87,0,0,0,0,0,0.7552256255716091,0.29745936964522635,0.3011364112254715,239b432ca09cf160c0e76c171517165d756ffad2c00a185ee8fe97cd274e85d8
full-mixed-06,full-mixed,capacity_exploratory,U_STRONG,SHARED_NIC,64,PASS,65,1105,39010.071931378465,28.326018007446255,19458.39122875269,19701.262249899668,72.89809999999997,0.38857004513761356,6512321920,5893504.0,567210.9188958347,513.313048774511,87,0,0,0,0,0,0.5074324532090277,0.19986151496759103,0.20233210146047237,239b432ca09cf160c0e76c171517165d756ffad2c00a185ee8fe97cd274e85d8
full-mixed-06,full-mixed,capacity_exploratory,U_STRONG,SHARED_NIC,128,PASS,129,2193,77913.71252889167,28.146521694583605,39056.76204740039,39203.51728162312,72.89809999999997,0.3861077544487938,12924454272,5893504.0,1125695.5159625052,513.3130487745121,87,0,0,0,0,0,0.5042169552045458,0.19859503250576407,0.20104996338598766,239b432ca09cf160c0e76c171517165d756ffad2c00a185ee8fe97cd274e85d8
