inventory_id,arm,network_mode,concurrency,network_bytes,transfer_count,network_queue_wait_ms,maximum_tx_utilization,maximum_rx_utilization,maximum_directed_link_utilization,target_rows_measured,network_bytes_per_target_row
coarse-friendly-01,FLEX_FREE,SHARED_NIC,1,7475576832,68480,7738.956595231028,0.023908417242662596,0.022486578497022524,0.004826848374699212,2176,3435467.294117647
coarse-friendly-01,FLEX_FREE,SHARED_NIC,8,7059930624,64687,8361.51812469686,0.10230913862102933,0.09619957317590176,0.020742959699850794,2057,3432149.063684978
coarse-friendly-01,FLEX_FREE,SHARED_NIC,32,5660275968,51867,6676.162999787528,0.08251195724179534,0.07758970691480645,0.016711614154691423,1649,3432550.617343845
coarse-friendly-01,FLEX_FREE,SHARED_NIC,64,3793311360,34773,4500.570783601361,0.05487170464013954,0.05160599306102803,0.011087359390046259,1105,3432860.959276018
coarse-friendly-01,FLEX_FREE,SHARED_NIC,128,7528939776,68995,8881.132340052849,0.053847261948030634,0.05063917791414663,0.01089159947226102,2193,3433169.07250342
coarse-friendly-01,FLEX_FREE_NO_ALT,SHARED_NIC,1,7497695232,69248,8987.595571233245,0.025230005632930295,0.023807694646356372,0.004826848374699212,2176,3445632.0
coarse-friendly-01,FLEX_FREE_NO_ALT,SHARED_NIC,8,7087665024,65461,9750.52823079655,0.10764415214140974,0.10157584353860348,0.02059381231891118,2057,3445632.0
coarse-friendly-01,FLEX_FREE_NO_ALT,SHARED_NIC,32,5681847168,52477,7775.393844786948,0.08620672329755345,0.08134692376177312,0.01649253624001718,1649,3445632.0
coarse-friendly-01,FLEX_FREE_NO_ALT,SHARED_NIC,64,3807423360,35165,5313.16418101616,0.057850978178179954,0.05458969940385091,0.011067690751112821,1105,3445632.0
coarse-friendly-01,FLEX_FREE_NO_ALT,SHARED_NIC,128,7556270976,69789,10328.11502476268,0.05747608673719837,0.05423594201345348,0.010995968843122901,2193,3445632.0
coarse-friendly-01,FLEX_POOL,LEGACY_DIRECTED_LINK,1,7497695232,69248,0.0,0.007607194181217326,0.00717834782983861,0.0021382611375745475,2176,3445632.0
coarse-friendly-01,FLEX_POOL,LEGACY_DIRECTED_LINK,8,7087665024,65461,0.0,0.007191175749437879,0.006785781932899857,0.002021324981615092,2057,3445632.0
coarse-friendly-01,FLEX_POOL,LEGACY_DIRECTED_LINK,32,5681847168,52477,0.0,0.0057648268404749585,0.005439841714819576,0.0016204010183241734,1649,3445632.0
coarse-friendly-01,FLEX_POOL,LEGACY_DIRECTED_LINK,64,3807423360,35165,0.0,0.003863028295181703,0.0036452547573703675,0.0010858357339336505,1105,3445632.0
coarse-friendly-01,FLEX_POOL,LEGACY_DIRECTED_LINK,128,7556270976,69789,0.0,0.0038333126929068766,0.003617214336155876,0.0010774831513637477,2193,3445632.0
coarse-friendly-01,FLEX_POOL,SHARED_NIC,1,7494008832,68992,8556.308889632686,0.02544076986314468,0.023981694768204866,0.007275464085701416,2176,3443937.882352941
coarse-friendly-01,FLEX_POOL,SHARED_NIC,8,7087693824,65229,9220.088009191408,0.10531077140242401,0.09927709947018923,0.03008434202083163,2057,3445646.0009722896
coarse-friendly-01,FLEX_POOL,SHARED_NIC,32,5682307968,52293,7397.754783785855,0.08495170697679141,0.08008556480469133,0.024262740462701556,1649,3445911.4420861127
coarse-friendly-01,FLEX_POOL,SHARED_NIC,64,3809410560,35081,5014.147455212173,0.05704865839083707,0.053798447887567886,0.01620484949936794,1105,3447430.3710407238
coarse-friendly-01,FLEX_POOL,SHARED_NIC,128,7556069376,69535,9771.468394373645,0.05619053792579735,0.052969681960548194,0.01605948563746035,2193,3445540.071135431
coarse-friendly-01,FLEX_POOL_NO_ALT,SHARED_NIC,1,7497695232,69248,8987.595571232601,0.025883586941669274,0.024424431101013135,0.007275464085701416,2176,3445632.0
coarse-friendly-01,FLEX_POOL_NO_ALT,SHARED_NIC,8,7087665024,65461,9580.923671293222,0.10765090866128434,0.10158221916785964,0.030258956052857937,2057,3445632.0
coarse-friendly-01,FLEX_POOL_NO_ALT,SHARED_NIC,32,5681847168,52477,7712.013923888331,0.08596141942222266,0.08111544859508427,0.02416238603914161,1649,3445632.0
coarse-friendly-01,FLEX_POOL_NO_ALT,SHARED_NIC,64,3807423360,35165,5191.131679409395,0.057706652339841444,0.054453509759713144,0.016220420977615037,1105,3445632.0
coarse-friendly-01,FLEX_POOL_NO_ALT,SHARED_NIC,128,7556270976,69789,10365.815944478629,0.05729065898579419,0.05406096752677999,0.016103491870606692,2193,3445632.0
coarse-friendly-01,U_STRONG,LEGACY_DIRECTED_LINK,1,7059013632,60288,0.0,0.002105518307780422,0.0026672257487685555,0.0014597316698290834,2176,3244032.0
coarse-friendly-01,U_STRONG,LEGACY_DIRECTED_LINK,8,6672973824,56991,0.0,0.0019903727753253038,0.002521361840634832,0.001379902594136431,2057,3244032.0
coarse-friendly-01,U_STRONG,LEGACY_DIRECTED_LINK,32,5349408768,45687,0.0,0.0015955880926206995,0.002021257012746081,0.0011062029060464073,1649,3244032.0
coarse-friendly-01,U_STRONG,LEGACY_DIRECTED_LINK,64,3584655360,30615,0.0,0.0010692085156786852,0.0013544505755578595,0.00074126998859128,1105,3244032.0
coarse-friendly-01,U_STRONG,LEGACY_DIRECTED_LINK,128,7114162176,60759,0.0,0.001060983834787691,0.001344031724975175,0.0007355679117551586,2193,3244032.0
coarse-friendly-01,U_STRONG,SHARED_NIC,1,7059013632,60288,1066.8380159999501,0.00723194276094676,0.009161271062967727,0.005013822887949018,2176,3244032.0
coarse-friendly-01,U_STRONG,SHARED_NIC,8,6672973824,56991,1421.7935799976904,0.029199828771656652,0.03698972118722496,0.020243906051097986,2057,3244032.0
coarse-friendly-01,U_STRONG,SHARED_NIC,32,5349408768,45687,1140.0341923986052,0.023531011412376724,0.029808584091496435,0.016313780058253503,1649,3244032.0
coarse-friendly-01,U_STRONG,SHARED_NIC,64,3584655360,30615,761.4336599017188,0.015893911842215742,0.020134069011684123,0.011019066605985266,1105,3244032.0
coarse-friendly-01,U_STRONG,SHARED_NIC,128,7114162176,60759,1554.2827379070804,0.015705112269943304,0.019894901734600463,0.01088817403009177,2193,3244032.0
coarse-friendly-02,FLEX_FREE,SHARED_NIC,1,7121403904,60928,1509.3985279971444,0.009697653694465137,0.014067158771429913,0.00497564551323817,2176,3272704.0
coarse-friendly-02,FLEX_FREE,SHARED_NIC,8,6731952128,57596,2064.8763848977005,0.04137415941584008,0.060016256289833925,0.02122814003751447,2057,3272704.0
coarse-friendly-02,FLEX_FREE,SHARED_NIC,32,5396688896,46172,1616.4446918981557,0.03322915808556153,0.04820133378214223,0.017049125133378484,1649,3272704.0
coarse-friendly-02,FLEX_FREE,SHARED_NIC,64,3616337920,30940,1104.841672397859,0.02215365483825899,0.03213550306040645,0.011366536357214187,1105,3272704.0
coarse-friendly-02,FLEX_FREE,SHARED_NIC,128,7177039872,61404,2166.480693679725,0.022055837815187232,0.03199361228584878,0.011316348667768941,2193,3272704.0
coarse-friendly-02,FLEX_FREE_NO_ALT,SHARED_NIC,1,7121403904,60928,1509.3985279971444,0.009697653694465137,0.014067158771429913,0.00497564551323817,2176,3272704.0
coarse-friendly-02,FLEX_FREE_NO_ALT,SHARED_NIC,8,6731952128,57596,2064.8763848977005,0.04137415941584008,0.060016256289833925,0.02122814003751447,2057,3272704.0
coarse-friendly-02,FLEX_FREE_NO_ALT,SHARED_NIC,32,5396688896,46172,1616.4446918981557,0.03322915808556153,0.04820133378214223,0.017049125133378484,1649,3272704.0
coarse-friendly-02,FLEX_FREE_NO_ALT,SHARED_NIC,64,3616337920,30940,1104.841672397859,0.02215365483825899,0.03213550306040645,0.011366536357214187,1105,3272704.0
coarse-friendly-02,FLEX_FREE_NO_ALT,SHARED_NIC,128,7177039872,61404,2166.480693679725,0.022055837815187232,0.03199361228584878,0.011316348667768941,2193,3272704.0
coarse-friendly-02,FLEX_POOL,LEGACY_DIRECTED_LINK,1,7121403904,60928,0.0,0.003191552819750725,0.004629581717118068,0.0016375131519615652,2176,3272704.0
coarse-friendly-02,FLEX_POOL,LEGACY_DIRECTED_LINK,8,6731952128,57596,0.0,0.003017014774921445,0.004376401466964389,0.0015479616514640971,2057,3272704.0
coarse-friendly-02,FLEX_POOL,LEGACY_DIRECTED_LINK,32,5396688896,46172,0.0,0.0024185986212251517,0.003508354895014864,0.0012409279354748798,1649,3272704.0
coarse-friendly-02,FLEX_POOL,LEGACY_DIRECTED_LINK,64,3616337920,30940,0.0,0.0016207104162938239,0.0023509594657445624,0.0008315496474877472,1105,3272704.0
coarse-friendly-02,FLEX_POOL,LEGACY_DIRECTED_LINK,128,7177039872,61404,0.0,0.0016082434130887924,0.0023328751621578864,0.0008251531117364193,2193,3272704.0
coarse-friendly-02,FLEX_POOL,SHARED_NIC,1,7121403904,60928,1509.3985279971444,0.009697653694465137,0.014067158771429913,0.00497564551323817,2176,3272704.0
coarse-friendly-02,FLEX_POOL,SHARED_NIC,8,6731952128,57596,2064.8763848977005,0.04137415941584008,0.060016256289833925,0.02122814003751447,2057,3272704.0
coarse-friendly-02,FLEX_POOL,SHARED_NIC,32,5396688896,46172,1616.4446918981557,0.03322915808556153,0.04820133378214223,0.017049125133378484,1649,3272704.0
coarse-friendly-02,FLEX_POOL,SHARED_NIC,64,3616337920,30940,1104.841672397859,0.02215365483825899,0.03213550306040645,0.011366536357214187,1105,3272704.0
coarse-friendly-02,FLEX_POOL,SHARED_NIC,128,7177039872,61404,2166.480693679725,0.022055837815187232,0.03199361228584878,0.011316348667768941,2193,3272704.0
coarse-friendly-02,FLEX_POOL_NO_ALT,SHARED_NIC,1,7121403904,60928,1509.3985279971444,0.009697653694465137,0.014067158771429913,0.00497564551323817,2176,3272704.0
coarse-friendly-02,FLEX_POOL_NO_ALT,SHARED_NIC,8,6731952128,57596,2064.8763848977005,0.04137415941584008,0.060016256289833925,0.02122814003751447,2057,3272704.0
coarse-friendly-02,FLEX_POOL_NO_ALT,SHARED_NIC,32,5396688896,46172,1616.4446918981557,0.03322915808556153,0.04820133378214223,0.017049125133378484,1649,3272704.0
coarse-friendly-02,FLEX_POOL_NO_ALT,SHARED_NIC,64,3616337920,30940,1104.841672397859,0.02215365483825899,0.03213550306040645,0.011366536357214187,1105,3272704.0
coarse-friendly-02,FLEX_POOL_NO_ALT,SHARED_NIC,128,7177039872,61404,2166.480693679725,0.022055837815187232,0.03199361228584878,0.011316348667768941,2193,3272704.0
coarse-friendly-02,U_STRONG,LEGACY_DIRECTED_LINK,1,7121403904,60928,0.0,0.003191552819750725,0.004629581717118068,0.0016375131519615652,2176,3272704.0
coarse-friendly-02,U_STRONG,LEGACY_DIRECTED_LINK,8,6731952128,57596,0.0,0.003017014774921445,0.004376401466964389,0.0015479616514640971,2057,3272704.0
coarse-friendly-02,U_STRONG,LEGACY_DIRECTED_LINK,32,5396688896,46172,0.0,0.0024185986212251517,0.003508354895014864,0.0012409279354748798,1649,3272704.0
coarse-friendly-02,U_STRONG,LEGACY_DIRECTED_LINK,64,3616337920,30940,0.0,0.0016207104162938239,0.0023509594657445624,0.0008315496474877472,1105,3272704.0
coarse-friendly-02,U_STRONG,LEGACY_DIRECTED_LINK,128,7177039872,61404,0.0,0.0016082434130887924,0.0023328751621578864,0.0008251531117364193,2193,3272704.0
coarse-friendly-02,U_STRONG,SHARED_NIC,1,7121403904,60928,1509.3985279971444,0.009697653694465137,0.014067158771429913,0.00497564551323817,2176,3272704.0
coarse-friendly-02,U_STRONG,SHARED_NIC,8,6731952128,57596,2064.8763848977005,0.04137415941584008,0.060016256289833925,0.02122814003751447,2057,3272704.0
coarse-friendly-02,U_STRONG,SHARED_NIC,32,5396688896,46172,1616.4446918981557,0.03322915808556153,0.04820133378214223,0.017049125133378484,1649,3272704.0
coarse-friendly-02,U_STRONG,SHARED_NIC,64,3616337920,30940,1104.841672397859,0.02215365483825899,0.03213550306040645,0.011366536357214187,1105,3272704.0
coarse-friendly-02,U_STRONG,SHARED_NIC,128,7177039872,61404,2166.480693679725,0.022055837815187232,0.03199361228584878,0.011316348667768941,2193,3272704.0
coarse-friendly-03,FLEX_FREE,SHARED_NIC,1,8371372032,86912,25613.197568098105,0.027028423000197404,0.03115901789257271,0.004568961837106731,2176,3847137.882352941
coarse-friendly-03,FLEX_FREE,SHARED_NIC,8,7904433024,82065,27214.49195669167,0.12148812793198079,0.13991054184354543,0.020372384442715462,2057,3842699.574137093
coarse-friendly-03,FLEX_FREE,SHARED_NIC,32,6338515968,65805,22144.23850026,0.09895589281680878,0.1139709030482668,0.016604271645071795,1649,3843854.437841116
coarse-friendly-03,FLEX_FREE,SHARED_NIC,64,4244636160,44065,14515.519341908861,0.06560904125879297,0.07556734128254837,0.011012304603994924,1105,3841299.6923076925
coarse-friendly-03,FLEX_FREE,SHARED_NIC,128,8427931776,87481,28749.844076554204,0.06454944046302163,0.07434992864476928,0.01083778736057646,2193,3843106.14500684
coarse-friendly-03,FLEX_FREE_NO_ALT,SHARED_NIC,1,8375058432,87168,25496.047283301123,0.027028423000197404,0.03115901789257271,0.004568961837106731,2176,3848832.0
coarse-friendly-03,FLEX_FREE_NO_ALT,SHARED_NIC,8,7917047424,82401,27508.905879085083,0.12033515122042207,0.13872526450970468,0.020341797728434252,2057,3848832.0
coarse-friendly-03,FLEX_FREE_NO_ALT,SHARED_NIC,32,6346723968,66057,22069.409436058046,0.09641132674828577,0.11114530267543025,0.016297646095539044,1649,3848832.0
coarse-friendly-03,FLEX_FREE_NO_ALT,SHARED_NIC,64,4252959360,44265,15003.698213710042,0.06420185470349285,0.07401344649030667,0.01085286492702842,1105,3848832.0
coarse-friendly-03,FLEX_FREE_NO_ALT,SHARED_NIC,128,8440488576,87849,29520.259584872052,0.06392911669916136,0.0736990275411551,0.01080676051563488,2193,3848832.0
coarse-friendly-03,FLEX_POOL,LEGACY_DIRECTED_LINK,1,8437448704,87808,0.0,0.009116362745882687,0.01050956283731638,0.0015410560016341063,2176,3877504.0
coarse-friendly-03,FLEX_POOL,LEGACY_DIRECTED_LINK,8,7976025728,83006,0.0,0.0086178116582227,0.00993482111965694,0.0014567795015456657,2057,3877504.0
coarse-friendly-03,FLEX_POOL,LEGACY_DIRECTED_LINK,32,6394004096,66542,0.0,0.006908493643389291,0.007964278087682694,0.0011678315012425833,1649,3877504.0
coarse-friendly-03,FLEX_POOL,LEGACY_DIRECTED_LINK,64,4284641920,44590,0.0,0.0046294029569364905,0.005336887378374218,0.0007825675008370795,1105,3877504.0
coarse-friendly-03,FLEX_POOL,LEGACY_DIRECTED_LINK,128,8503366272,88494,0.0,0.00459379216494974,0.005295834398528685,0.0007765477508288952,2193,3877504.0
coarse-friendly-03,FLEX_POOL,SHARED_NIC,1,8407957504,86528,23916.047769705798,0.027033512676879198,0.031164885394601754,0.0045698222105929,2176,3863951.0588235296
coarse-friendly-03,FLEX_POOL,SHARED_NIC,8,7945958528,82118,26288.538097191427,0.12033106420810816,0.1387205529033407,0.020341106848197184,2057,3862886.984929509
coarse-friendly-03,FLEX_POOL,SHARED_NIC,32,6372404096,65864,20838.595110759823,0.09878420856182599,0.11388081805805246,0.01669876481600419,1649,3864405.1522134626
coarse-friendly-03,FLEX_POOL,SHARED_NIC,64,4267736320,44100,13940.820581612017,0.0649043009831669,0.07482324350276184,0.010971608452850288,1105,3862204.814479638
coarse-friendly-03,FLEX_POOL,SHARED_NIC,128,8474422272,87558,27947.967255559546,0.06398237350674658,0.0737604232733603,0.010815763198529891,2193,3864305.641586867
coarse-friendly-03,FLEX_POOL_NO_ALT,SHARED_NIC,1,8437448704,87808,26931.230310532443,0.025960265669816768,0.029927620360827342,0.004388397470532356,2176,3877504.0
coarse-friendly-03,FLEX_POOL_NO_ALT,SHARED_NIC,8,7976025728,83006,27544.397169289892,0.11988630602338592,0.13820782494153813,0.020265923654093628,2057,3877504.0
coarse-friendly-03,FLEX_POOL_NO_ALT,SHARED_NIC,32,6394004096,66542,22016.96009505329,0.09558557381734657,0.11019335478154867,0.01615805846113238,1649,3877504.0
coarse-friendly-03,FLEX_POOL_NO_ALT,SHARED_NIC,64,4284641920,44590,14852.815434112308,0.0646752452935191,0.07455918257948567,0.010932888224719876,1105,3877504.0
coarse-friendly-03,FLEX_POOL_NO_ALT,SHARED_NIC,128,8503366272,88494,29262.288906176444,0.06389963581743158,0.07366504126969188,0.01080177698316809,2193,3877504.0
coarse-friendly-03,U_STRONG,LEGACY_DIRECTED_LINK,1,7121403904,60928,0.0,0.0032195281298235037,0.004670161958573623,0.0015567206528578753,2176,3272704.0
coarse-friendly-03,U_STRONG,LEGACY_DIRECTED_LINK,8,6731952128,57596,0.0,0.003043460185224356,0.004414762476464964,0.001471587492154989,2057,3272704.0
coarse-friendly-03,U_STRONG,LEGACY_DIRECTED_LINK,32,5396688896,46172,0.0,0.0024397986608899204,0.0035391071092432517,0.0011797023697477517,1649,3272704.0
coarse-friendly-03,U_STRONG,LEGACY_DIRECTED_LINK,64,3616337920,30940,0.0,0.0016349166284407256,0.002371566619609537,0.0007905222065365135,1105,3272704.0
coarse-friendly-03,U_STRONG,LEGACY_DIRECTED_LINK,128,7177039872,61404,0.0,0.001622340346679455,0.002353323799452837,0.0007844412664842794,2193,3272704.0
coarse-friendly-03,U_STRONG,SHARED_NIC,1,7121403904,60928,1509.3985279970425,0.00978038663012056,0.01418716896958285,0.004729056323194286,2176,3272704.0
coarse-friendly-03,U_STRONG,SHARED_NIC,8,6731952128,57596,1907.9521462969506,0.04100426355136468,0.059479695177382504,0.019826565059127513,2057,3272704.0
coarse-friendly-03,U_STRONG,SHARED_NIC,32,5396688896,46172,1514.0696678979075,0.032725983964491286,0.0474714427720302,0.015823814257343412,1649,3272704.0
coarse-friendly-03,U_STRONG,SHARED_NIC,64,3616337920,30940,1048.739031800018,0.021815746140983652,0.0316453416827598,0.010548447227586613,1105,3272704.0
coarse-friendly-03,U_STRONG,SHARED_NIC,128,7177039872,61404,2056.030365698287,0.021839967048623954,0.0316804758878055,0.010560158629268505,2193,3272704.0
memory-fragmented-01,FLEX_FREE,SHARED_NIC,1,7310524416,67328,5059.45872641357,0.011608599985149941,0.013114989538757837,0.004398018333880746,2176,3359616.0
memory-fragmented-01,FLEX_FREE,SHARED_NIC,8,6926742912,63936,5767.56550668064,0.06500740098088637,0.07309376763725646,0.023613925245790552,2057,3367400.5405930965
memory-fragmented-01,FLEX_FREE,SHARED_NIC,32,5550749184,51228,4540.658226801061,0.05396624108177941,0.060712098782982636,0.01969864834812742,1649,3366130.4936325047
memory-fragmented-01,FLEX_FREE,SHARED_NIC,64,3719777280,34326,3082.2890238336695,0.035720452379398984,0.04018745356057626,0.013044203402730678,1105,3366314.2805429865
memory-fragmented-01,FLEX_FREE,SHARED_NIC,128,7384140288,68154,6140.131295933723,0.03565043008761266,0.04009054994650494,0.012966007865003761,2193,3367141.0341997263
memory-fragmented-01,FLEX_FREE_NO_ALT,SHARED_NIC,1,7310524416,67328,5059.45872641357,0.011608599985149941,0.013114989538757837,0.004398018333880746,2176,3359616.0
memory-fragmented-01,FLEX_FREE_NO_ALT,SHARED_NIC,8,6910730112,63646,5144.415838908843,0.06191134626742857,0.0699452698573843,0.0234556480805358,2057,3359616.0
memory-fragmented-01,FLEX_FREE_NO_ALT,SHARED_NIC,32,5540006784,51022,4155.926910903552,0.051438392259426834,0.05811329335457263,0.019487879030348595,1649,3359616.0
memory-fragmented-01,FLEX_FREE_NO_ALT,SHARED_NIC,64,3712375680,34190,2766.900814942979,0.03468049167487301,0.039180804411968334,0.013139003704943307,1105,3359616.0
memory-fragmented-01,FLEX_FREE_NO_ALT,SHARED_NIC,128,7367637888,67854,5475.694793368413,0.03407528536041709,0.03849706352219405,0.012909716067315835,2193,3359616.0
memory-fragmented-01,FLEX_POOL,LEGACY_DIRECTED_LINK,1,6934233088,59008,0.0,0.002466415072082257,0.003777616338656845,0.0017099372531496012,2176,3186688.0
memory-fragmented-01,FLEX_POOL,LEGACY_DIRECTED_LINK,8,6555017216,55781,0.0,0.002331532997827402,0.0035710279451360047,0.0016164250596177358,2057,3186688.0
memory-fragmented-01,FLEX_POOL,LEGACY_DIRECTED_LINK,32,5254848512,44717,0.0,0.001869080171814739,0.002862724881642079,0.0012958118246540994,1649,3186688.0
memory-fragmented-01,FLEX_POOL,LEGACY_DIRECTED_LINK,64,3521290240,29965,0.0,0.001252476403797037,0.0019183207969822565,0.000868327511368684,1105,3186688.0
memory-fragmented-01,FLEX_POOL,LEGACY_DIRECTED_LINK,128,6988406784,59469,0.0,0.0012428419699194845,0.001903564483155949,0.0008616480689720203,2193,3186688.0
memory-fragmented-01,FLEX_POOL,SHARED_NIC,1,6934233088,59008,941.2353638410646,0.006567145410593943,0.010058386393353836,0.004552926517329727,2176,3186688.0
memory-fragmented-01,FLEX_POOL,SHARED_NIC,8,6555017216,55781,1238.466286201954,0.03518705917433102,0.053893284691136155,0.0243947841513034,2057,3186688.0
memory-fragmented-01,FLEX_POOL,SHARED_NIC,32,5254848512,44717,1002.6259562088853,0.028193164936235686,0.04318128027479857,0.019545997571268788,1649,3186688.0
memory-fragmented-01,FLEX_POOL,SHARED_NIC,64,3521290240,29965,657.5010662200366,0.018783185687544356,0.02876874616460622,0.013022166991885532,1105,3186688.0
memory-fragmented-01,FLEX_POOL,SHARED_NIC,128,6988406784,59469,1329.8643750037809,0.018732618612735934,0.02869129650491307,0.0129871094194694,2193,3186688.0
memory-fragmented-01,FLEX_POOL_NO_ALT,SHARED_NIC,1,6934233088,59008,941.2353638410646,0.006567145410593943,0.010058386393353836,0.004552926517329727,2176,3186688.0
memory-fragmented-01,FLEX_POOL_NO_ALT,SHARED_NIC,8,6555017216,55781,1238.466286201954,0.03518705917433102,0.053893284691136155,0.0243947841513034,2057,3186688.0
memory-fragmented-01,FLEX_POOL_NO_ALT,SHARED_NIC,32,5254848512,44717,1002.6259562088853,0.028193164936235686,0.04318128027479857,0.019545997571268788,1649,3186688.0
memory-fragmented-01,FLEX_POOL_NO_ALT,SHARED_NIC,64,3521290240,29965,657.5010662200366,0.018783185687544356,0.02876874616460622,0.013022166991885532,1105,3186688.0
memory-fragmented-01,FLEX_POOL_NO_ALT,SHARED_NIC,128,6988406784,59469,1329.8643750037809,0.018732618612735934,0.02869129650491307,0.0129871094194694,2193,3186688.0
memory-fragmented-01,U_STRONG,LEGACY_DIRECTED_LINK,1,6934233088,59008,0.0,0.002466415072082257,0.003777616338656845,0.0017099372531496012,2176,3186688.0
memory-fragmented-01,U_STRONG,LEGACY_DIRECTED_LINK,8,6555017216,55781,0.0,0.002331532997827402,0.0035710279451360047,0.0016164250596177358,2057,3186688.0
memory-fragmented-01,U_STRONG,LEGACY_DIRECTED_LINK,32,5254848512,44717,0.0,0.001869080171814739,0.002862724881642079,0.0012958118246540994,1649,3186688.0
memory-fragmented-01,U_STRONG,LEGACY_DIRECTED_LINK,64,3521290240,29965,0.0,0.001252476403797037,0.0019183207969822565,0.000868327511368684,1105,3186688.0
memory-fragmented-01,U_STRONG,LEGACY_DIRECTED_LINK,128,6988406784,59469,0.0,0.0012428419699194845,0.001903564483155949,0.0008616480689720203,2193,3186688.0
memory-fragmented-01,U_STRONG,SHARED_NIC,1,6934233088,59008,941.2353638410646,0.006567145410593943,0.010058386393353836,0.004552926517329727,2176,3186688.0
memory-fragmented-01,U_STRONG,SHARED_NIC,8,6555017216,55781,1238.466286201954,0.03518705917433102,0.053893284691136155,0.0243947841513034,2057,3186688.0
memory-fragmented-01,U_STRONG,SHARED_NIC,32,5254848512,44717,1002.6259562088853,0.028193164936235686,0.04318128027479857,0.019545997571268788,1649,3186688.0
memory-fragmented-01,U_STRONG,SHARED_NIC,64,3521290240,29965,657.5010662200366,0.018783185687544356,0.02876874616460622,0.013022166991885532,1105,3186688.0
memory-fragmented-01,U_STRONG,SHARED_NIC,128,6988406784,59469,1329.8643750037809,0.018732618612735934,0.02869129650491307,0.0129871094194694,2193,3186688.0
memory-fragmented-02,FLEX_FREE,SHARED_NIC,1,26862075904,464128,114662.39308741252,0.009749090849375044,0.00940171710409051,0.001465317226531564,2176,12344704.0
memory-fragmented-02,FLEX_FREE,SHARED_NIC,8,25393056128,438746,109802.26038931028,0.04398479971863852,0.042417559772891876,0.0066110456584157614,2057,12344704.0
memory-fragmented-02,FLEX_FREE,SHARED_NIC,32,20356416896,351722,88276.86759488138,0.03920045857851931,0.03780369140056606,0.005891945016260014,1649,12344704.0
memory-fragmented-02,FLEX_FREE,SHARED_NIC,64,13640897920,235690,59053.86253838138,0.026351842852505948,0.02541288982721834,0.003960760021546511,1105,12344704.0
memory-fragmented-02,FLEX_FREE,SHARED_NIC,128,27071935872,467754,117415.36690680552,0.025854812219291555,0.02493356909077774,0.003886054845421335,2193,12344704.0
memory-fragmented-02,FLEX_FREE_NO_ALT,SHARED_NIC,1,26862075904,464128,114662.39308741252,0.009749090849375044,0.00940171710409051,0.001465317226531564,2176,12344704.0
memory-fragmented-02,FLEX_FREE_NO_ALT,SHARED_NIC,8,25393056128,438746,110080.14976843496,0.04337330736780813,0.041827855749958176,0.006519136547155249,2057,12344704.0
memory-fragmented-02,FLEX_FREE_NO_ALT,SHARED_NIC,32,20356416896,351722,88343.57515414785,0.038533298167737574,0.037160302848532945,0.00579166883072821,1649,12344704.0
memory-fragmented-02,FLEX_FREE_NO_ALT,SHARED_NIC,64,13640897920,235690,59220.818504294206,0.026175820971408113,0.025243139851986774,0.003934303411529826,1105,12344704.0
memory-fragmented-02,FLEX_FREE_NO_ALT,SHARED_NIC,128,27071935872,467754,117556.3838690255,0.026029506074313778,0.025102038359360583,0.003912311849185914,2193,12344704.0
memory-fragmented-02,FLEX_POOL,LEGACY_DIRECTED_LINK,1,26862075904,464128,0.0,0.00311800304604486,0.00300690423563808,0.00046864509176671636,2176,12344704.0
memory-fragmented-02,FLEX_POOL,LEGACY_DIRECTED_LINK,8,25393056128,438746,0.0,0.002947487254465445,0.002842464160252744,0.00044301606331089896,2057,12344704.0
memory-fragmented-02,FLEX_POOL,LEGACY_DIRECTED_LINK,32,20356416896,351722,0.0,0.00236286168333477,0.0022786696160732433,0.000355145108605051,1649,12344704.0
memory-fragmented-02,FLEX_POOL,LEGACY_DIRECTED_LINK,64,13640897920,235690,0.0,0.0015833609218221735,0.0015269435571623913,0.0002379838356631639,1105,12344704.0
memory-fragmented-02,FLEX_POOL,LEGACY_DIRECTED_LINK,128,27071935872,467754,0.0,0.0015711812224277262,0.0015151978374959465,0.00023615319077407645,2193,12344704.0
memory-fragmented-02,FLEX_POOL,SHARED_NIC,1,26862075904,464128,114662.39308741252,0.009749090849375044,0.00940171710409051,0.001465317226531564,2176,12344704.0
memory-fragmented-02,FLEX_POOL,SHARED_NIC,8,25393056128,438746,109802.26038931028,0.04398479971863852,0.042417559772891876,0.0066110456584157614,2057,12344704.0
memory-fragmented-02,FLEX_POOL,SHARED_NIC,32,20356416896,351722,88276.86759488138,0.03920045857851931,0.03780369140056606,0.005891945016260014,1649,12344704.0
memory-fragmented-02,FLEX_POOL,SHARED_NIC,64,13640897920,235690,59053.86253838138,0.026351842852505948,0.02541288982721834,0.003960760021546511,1105,12344704.0
memory-fragmented-02,FLEX_POOL,SHARED_NIC,128,27071935872,467754,117415.36690680552,0.025854812219291555,0.02493356909077774,0.003886054845421335,2193,12344704.0
memory-fragmented-02,FLEX_POOL_NO_ALT,SHARED_NIC,1,26862075904,464128,114662.39308741252,0.009749090849375044,0.00940171710409051,0.001465317226531564,2176,12344704.0
memory-fragmented-02,FLEX_POOL_NO_ALT,SHARED_NIC,8,25393056128,438746,110080.14976843496,0.04337330736780813,0.041827855749958176,0.006519136547155249,2057,12344704.0
memory-fragmented-02,FLEX_POOL_NO_ALT,SHARED_NIC,32,20356416896,351722,88343.57515414785,0.038533298167737574,0.037160302848532945,0.00579166883072821,1649,12344704.0
memory-fragmented-02,FLEX_POOL_NO_ALT,SHARED_NIC,64,13640897920,235690,59220.818504294206,0.026175820971408113,0.025243139851986774,0.003934303411529826,1105,12344704.0
memory-fragmented-02,FLEX_POOL_NO_ALT,SHARED_NIC,128,27071935872,467754,117556.3838690255,0.026029506074313778,0.025102038359360583,0.003912311849185914,2193,12344704.0
memory-fragmented-02,U_STRONG,LEGACY_DIRECTED_LINK,1,26423394304,455168,0.0,0.0030400908054892834,0.0029317681172074737,0.00045693465127460866,2176,12143104.0
memory-fragmented-02,U_STRONG,LEGACY_DIRECTED_LINK,8,24978364928,430276,0.0,0.002873835839565152,0.0027714370482987164,0.0004319460375331885,2057,12143104.0
memory-fragmented-02,U_STRONG,LEGACY_DIRECTED_LINK,32,20023978496,344932,0.0,0.002303818813538301,0.00222173052632462,0.0003462707904195587,1649,12143104.0
memory-fragmented-02,U_STRONG,LEGACY_DIRECTED_LINK,64,13418129920,231140,0.0,0.0015437961121646138,0.0014887884970214336,0.00023203712760070072,1105,12143104.0
memory-fragmented-02,U_STRONG,LEGACY_DIRECTED_LINK,128,26629827072,458724,0.0,0.0015319207574604208,0.0014773362778181718,0.00023025222661987336,2193,12143104.0
memory-fragmented-02,U_STRONG,SHARED_NIC,1,26423394304,455168,112594.14199157746,0.010015492212625394,0.009658626214090688,0.001505358140374033,2176,12143104.0
memory-fragmented-02,U_STRONG,SHARED_NIC,8,24978364928,430276,107387.6959179293,0.044999728635162294,0.04339632535230273,0.006763592480274811,2057,12143104.0
memory-fragmented-02,U_STRONG,SHARED_NIC,32,20023978496,344932,86167.69918049645,0.038955399669176195,0.03756736428298374,0.005855111936445344,1649,12143104.0
memory-fragmented-02,U_STRONG,SHARED_NIC,64,13418129920,231140,57769.65247067709,0.026065196071556634,0.025136456672073784,0.003917676161467211,1105,12143104.0
memory-fragmented-02,U_STRONG,SHARED_NIC,128,26629827072,458724,114462.84484957093,0.02605255801612143,0.02512426892823352,0.003915776624307784,2193,12143104.0
memory-fragmented-03,FLEX_FREE,SHARED_NIC,1,7497695232,69248,5506.609848322054,0.011595638571998787,0.011820259098697654,0.0042233477413695306,2176,3445632.0
memory-fragmented-03,FLEX_FREE,SHARED_NIC,8,7090573824,65513,5293.279295255674,0.06491502567594638,0.06611989405241671,0.022679989417196535,2057,3447046.098201264
memory-fragmented-03,FLEX_FREE,SHARED_NIC,32,5684093568,52519,4276.203337712148,0.05271203098345955,0.05369534787680796,0.018507050869990598,1649,3446994.2801698
memory-fragmented-03,FLEX_FREE,SHARED_NIC,64,3809410560,35201,2878.049903810206,0.03524003353319738,0.03589454091155019,0.012320313007085281,1105,3447430.3710407238
memory-fragmented-03,FLEX_FREE,SHARED_NIC,128,7559266176,69847,5664.875132410067,0.03473619592307118,0.035384985198215264,0.012210257639195546,2193,3446997.8002735977
memory-fragmented-03,FLEX_FREE_NO_ALT,SHARED_NIC,1,7497695232,69248,4983.996211193764,0.011595637216233686,0.011820257716669861,0.0042233472475746055,2176,3445632.0
memory-fragmented-03,FLEX_FREE_NO_ALT,SHARED_NIC,8,7087665024,65461,4852.576461558961,0.06115303162611542,0.062337634447926456,0.022273074172881442,2057,3445632.0
memory-fragmented-03,FLEX_FREE_NO_ALT,SHARED_NIC,32,5681847168,52477,3850.072046049023,0.050308043828296865,0.051282567070957144,0.018323127437589046,1649,3445632.0
memory-fragmented-03,FLEX_FREE_NO_ALT,SHARED_NIC,64,3807423360,35165,2622.4942369995624,0.033892734099189054,0.03454927437830797,0.012344365609351185,1105,3445632.0
memory-fragmented-03,FLEX_FREE_NO_ALT,SHARED_NIC,128,7556270976,69789,5194.5823179188665,0.033469755780960994,0.034118102495574565,0.012190309020415213,2193,3445632.0
memory-fragmented-03,FLEX_POOL,LEGACY_DIRECTED_LINK,1,7059013632,60288,0.0,0.0026549530711327094,0.0036340772966279742,0.0017267000527605052,2176,3244032.0
memory-fragmented-03,FLEX_POOL,LEGACY_DIRECTED_LINK,8,6672973824,56991,0.0,0.0025097603250545664,0.003435338694467848,0.0016322711436247929,2057,3244032.0
memory-fragmented-03,FLEX_POOL,LEGACY_DIRECTED_LINK,32,5349408768,45687,0.0,0.002011956624220278,0.0027539492013543376,0.001308514883734211,1649,3244032.0
memory-fragmented-03,FLEX_POOL,LEGACY_DIRECTED_LINK,64,3584655360,30615,0.0,0.001348218356441123,0.0018454298772028481,0.0008768398705467012,1105,3244032.0
memory-fragmented-03,FLEX_POOL,LEGACY_DIRECTED_LINK,128,7114162176,60759,0.0,0.0013378474460058237,0.001831234262761273,0.0008700949484648324,2193,3244032.0
memory-fragmented-03,FLEX_POOL,SHARED_NIC,1,7059013632,60288,1577.808199678735,0.006566453298227751,0.008988105706997089,0.004270619838738574,2176,3244032.0
memory-fragmented-03,FLEX_POOL,SHARED_NIC,8,6672973824,56991,1749.4986186835868,0.03522363030909748,0.04821380709245302,0.022908368880202708,2057,3244032.0
memory-fragmented-03,FLEX_POOL,SHARED_NIC,32,5349408768,45687,1433.007223835215,0.02820223326781466,0.0386029782398547,0.01834186758364195,1649,3244032.0
memory-fragmented-03,FLEX_POOL,SHARED_NIC,64,3584655360,30615,996.1598146493852,0.018928824123960956,0.025909614278568874,0.012310726682484553,1105,3244032.0
memory-fragmented-03,FLEX_POOL,SHARED_NIC,128,7114162176,60759,1891.6621105240993,0.018768995753152596,0.025690842557129823,0.012206779211883982,2193,3244032.0
memory-fragmented-03,FLEX_POOL_NO_ALT,SHARED_NIC,1,7059013632,60288,1577.808199678735,0.006566453298227751,0.008988105706997089,0.004270619838738574,2176,3244032.0
memory-fragmented-03,FLEX_POOL_NO_ALT,SHARED_NIC,8,6672973824,56991,1749.4986186835868,0.03522363030909748,0.04821380709245302,0.022908368880202708,2057,3244032.0
memory-fragmented-03,FLEX_POOL_NO_ALT,SHARED_NIC,32,5349408768,45687,1433.007223835215,0.02820223326781466,0.0386029782398547,0.01834186758364195,1649,3244032.0
memory-fragmented-03,FLEX_POOL_NO_ALT,SHARED_NIC,64,3584655360,30615,996.1598146493852,0.018928824123960956,0.025909614278568874,0.012310726682484553,1105,3244032.0
memory-fragmented-03,FLEX_POOL_NO_ALT,SHARED_NIC,128,7114162176,60759,1891.6621105240993,0.018768995753152596,0.025690842557129823,0.012206779211883982,2193,3244032.0
memory-fragmented-03,U_STRONG,LEGACY_DIRECTED_LINK,1,7059013632,60288,0.0,0.0026549530711327094,0.0036340772966279742,0.0017267000527605052,2176,3244032.0
memory-fragmented-03,U_STRONG,LEGACY_DIRECTED_LINK,8,6672973824,56991,0.0,0.0025097603250545664,0.003435338694467848,0.0016322711436247929,2057,3244032.0
memory-fragmented-03,U_STRONG,LEGACY_DIRECTED_LINK,32,5349408768,45687,0.0,0.002011956624220278,0.0027539492013543376,0.001308514883734211,1649,3244032.0
memory-fragmented-03,U_STRONG,LEGACY_DIRECTED_LINK,64,3584655360,30615,0.0,0.001348218356441123,0.0018454298772028481,0.0008768398705467012,1105,3244032.0
memory-fragmented-03,U_STRONG,LEGACY_DIRECTED_LINK,128,7114162176,60759,0.0,0.0013378474460058237,0.001831234262761273,0.0008700949484648324,2193,3244032.0
memory-fragmented-03,U_STRONG,SHARED_NIC,1,7059013632,60288,1577.808199678735,0.006566453298227751,0.008988105706997089,0.004270619838738574,2176,3244032.0
memory-fragmented-03,U_STRONG,SHARED_NIC,8,6672973824,56991,1749.4986186835868,0.03522363030909748,0.04821380709245302,0.022908368880202708,2057,3244032.0
memory-fragmented-03,U_STRONG,SHARED_NIC,32,5349408768,45687,1433.007223835215,0.02820223326781466,0.0386029782398547,0.01834186758364195,1649,3244032.0
memory-fragmented-03,U_STRONG,SHARED_NIC,64,3584655360,30615,996.1598146493852,0.018928824123960956,0.025909614278568874,0.012310726682484553,1105,3244032.0
memory-fragmented-03,U_STRONG,SHARED_NIC,128,7114162176,60759,1891.6621105240993,0.018768995753152596,0.025690842557129823,0.012206779211883982,2193,3244032.0
memory-fragmented-04,FLEX_FREE,SHARED_NIC,1,26862075904,464128,113338.33740984187,0.010090140228291793,0.009232187622836235,0.0013790327208599315,2176,12344704.0
memory-fragmented-04,FLEX_FREE,SHARED_NIC,8,25405180928,438958,108946.55721722827,0.04588717800337449,0.041985445913010566,0.006271460901717363,2057,12350598.409333982
memory-fragmented-04,FLEX_FREE,SHARED_NIC,32,20369031296,351944,87632.71610000286,0.04294281293153172,0.039291436696254636,0.005869050659207202,1649,12352353.727107339
memory-fragmented-04,FLEX_FREE,SHARED_NIC,64,13648385920,235820,58706.305676206786,0.028752267683732964,0.026307496608813003,0.003929610197449536,1105,12351480.470588235
memory-fragmented-04,FLEX_FREE,SHARED_NIC,128,27086566272,468008,116370.34274153321,0.0285652944385099,0.02613642147593129,0.0039040563183899693,2193,12351375.409028728
memory-fragmented-04,FLEX_FREE_NO_ALT,SHARED_NIC,1,26862075904,464128,113506.21659315335,0.010091594732121865,0.009233518451938066,0.0013792315098092329,2176,12344704.0
memory-fragmented-04,FLEX_FREE_NO_ALT,SHARED_NIC,8,25393056128,438746,108758.98246307431,0.04515554177890996,0.041316019845275574,0.006171467217737233,2057,12344704.0
memory-fragmented-04,FLEX_FREE_NO_ALT,SHARED_NIC,32,20356416896,351722,87675.82081583227,0.0426101542462994,0.038987063582804786,0.005823585759668212,1649,12344704.0
memory-fragmented-04,FLEX_FREE_NO_ALT,SHARED_NIC,64,13640897920,235690,58686.76666534552,0.028854278539286314,0.02640083360282166,0.003943552155094143,1105,12344704.0
memory-fragmented-04,FLEX_FREE_NO_ALT,SHARED_NIC,128,27071935872,467754,116325.4681497961,0.028600328274741724,0.026168476426796396,0.003908844438813258,2193,12344704.0
memory-fragmented-04,FLEX_POOL,LEGACY_DIRECTED_LINK,1,26862075904,464128,0.0,0.0030594133750480265,0.002799275099771311,0.0004181340452532051,2176,12344704.0
memory-fragmented-04,FLEX_POOL,LEGACY_DIRECTED_LINK,8,25393056128,438746,0.0,0.002892101706101262,0.002646189742753642,0.00039526733965358074,2057,12344704.0
memory-fragmented-04,FLEX_POOL,LEGACY_DIRECTED_LINK,32,20356416896,351722,0.0,0.0023184616982855357,0.00212132566155181,0.0003168672061693938,1649,12344704.0
memory-fragmented-04,FLEX_POOL,LEGACY_DIRECTED_LINK,64,13640897920,235690,0.0,0.0015536083545237276,0.0014215068866091636,0.00021233369485611992,1105,12344704.0
memory-fragmented-04,FLEX_POOL,LEGACY_DIRECTED_LINK,128,27071935872,467754,0.0,0.0015416575210272278,0.0014105722182504805,0.00021070035874182048,2193,12344704.0
memory-fragmented-04,FLEX_POOL,SHARED_NIC,1,26862075904,464128,113338.33740984187,0.010090140228291793,0.009232187622836235,0.0013790327208599315,2176,12344704.0
memory-fragmented-04,FLEX_POOL,SHARED_NIC,8,25405180928,438958,108946.55721722827,0.04588717800337449,0.041985445913010566,0.006271460901717363,2057,12350598.409333982
memory-fragmented-04,FLEX_POOL,SHARED_NIC,32,20369031296,351944,87632.71610000286,0.04294281293153172,0.039291436696254636,0.005869050659207202,1649,12352353.727107339
memory-fragmented-04,FLEX_POOL,SHARED_NIC,64,13648385920,235820,58706.305676206786,0.028752267683732964,0.026307496608813003,0.003929610197449536,1105,12351480.470588235
memory-fragmented-04,FLEX_POOL,SHARED_NIC,128,27086566272,468008,116370.34274153321,0.0285652944385099,0.02613642147593129,0.0039040563183899693,2193,12351375.409028728
memory-fragmented-04,FLEX_POOL_NO_ALT,SHARED_NIC,1,26862075904,464128,113506.21659315335,0.010091594732121865,0.009233518451938066,0.0013792315098092329,2176,12344704.0
memory-fragmented-04,FLEX_POOL_NO_ALT,SHARED_NIC,8,25393056128,438746,108758.98246307431,0.04515554177890996,0.041316019845275574,0.006171467217737233,2057,12344704.0
memory-fragmented-04,FLEX_POOL_NO_ALT,SHARED_NIC,32,20356416896,351722,87675.82081583227,0.0426101542462994,0.038987063582804786,0.005823585759668212,1649,12344704.0
memory-fragmented-04,FLEX_POOL_NO_ALT,SHARED_NIC,64,13640897920,235690,58686.76666534552,0.028854278539286314,0.02640083360282166,0.003943552155094143,1105,12344704.0
memory-fragmented-04,FLEX_POOL_NO_ALT,SHARED_NIC,128,27071935872,467754,116325.4681497961,0.028600328274741724,0.026168476426796396,0.003908844438813258,2193,12344704.0
memory-fragmented-04,U_STRONG,LEGACY_DIRECTED_LINK,1,26423394304,455168,0.0,0.0036655179904405166,0.003664132878456453,0.0004804563126574382,2176,12143104.0
memory-fragmented-04,U_STRONG,LEGACY_DIRECTED_LINK,8,24978364928,430276,0.0,0.0034650599753395022,0.0034637506116670675,0.00045418135805914186,2057,12143104.0
memory-fragmented-04,U_STRONG,LEGACY_DIRECTED_LINK,32,20023978496,344932,0.0,0.0027777753521379504,0.002776725696962528,0.00036409579943666405,1649,12143104.0
memory-fragmented-04,U_STRONG,LEGACY_DIRECTED_LINK,64,13418129920,231140,0.0,0.0018613958545294273,0.0018606924773500175,0.00024398172127251485,1105,12143104.0
memory-fragmented-04,U_STRONG,LEGACY_DIRECTED_LINK,128,26629827072,458724,0.0,0.0018470774248799465,0.0018463794582942233,0.00024210493880128634,2193,12143104.0
memory-fragmented-04,U_STRONG,SHARED_NIC,1,26423394304,455168,111077.1135711096,0.010631468990275532,0.010627451611246145,0.001393515569292244,2176,12143104.0
memory-fragmented-04,U_STRONG,SHARED_NIC,8,24978364928,430276,106485.83542670011,0.04646967146809643,0.04645211168554625,0.006090993704625354,2057,12143104.0
memory-fragmented-04,U_STRONG,SHARED_NIC,32,20023978496,344932,85462.9264929354,0.04050113207570578,0.04048582766209975,0.005308669777721347,1649,12143104.0
memory-fragmented-04,U_STRONG,SHARED_NIC,64,13418129920,231140,57317.63004893534,0.027095142470136002,0.02708490386084719,0.003551485022329672,1105,12143104.0
memory-fragmented-04,U_STRONG,SHARED_NIC,128,26629827072,458724,113576.16224277795,0.02677655648354853,0.026766438260319495,0.003509726490853549,2193,12143104.0
memory-fragmented-05,FLEX_FREE,SHARED_NIC,1,7121403904,60928,638.1882393559081,0.006345803295713723,0.011231871437760709,0.002199736285129726,2176,3272704.0
memory-fragmented-05,FLEX_FREE,SHARED_NIC,8,6731952128,57596,786.9380506118423,0.02805093015939005,0.049649260555032354,0.00972369391672265,2057,3272704.0
memory-fragmented-05,FLEX_FREE,SHARED_NIC,32,5396688896,46172,616.5326900970686,0.0225605609807331,0.039931480490501915,0.007820488957752794,1649,3272704.0
memory-fragmented-05,FLEX_FREE,SHARED_NIC,64,3616337920,30940,414.4797058259719,0.015132754456281176,0.02678449750671555,0.005245682464491885,1105,3272704.0
memory-fragmented-05,FLEX_FREE,SHARED_NIC,128,7177039872,61404,810.6627114087751,0.014998458078257358,0.026546797158590957,0.005199129395962318,2193,3272704.0
memory-fragmented-05,FLEX_FREE_NO_ALT,SHARED_NIC,1,7121403904,60928,638.1882393559081,0.006345803295713723,0.011231871437760709,0.002199736285129726,2176,3272704.0
memory-fragmented-05,FLEX_FREE_NO_ALT,SHARED_NIC,8,6731952128,57596,786.9380506118423,0.02805093015939005,0.049649260555032354,0.00972369391672265,2057,3272704.0
memory-fragmented-05,FLEX_FREE_NO_ALT,SHARED_NIC,32,5396688896,46172,616.5326900970686,0.0225605609807331,0.039931480490501915,0.007820488957752794,1649,3272704.0
memory-fragmented-05,FLEX_FREE_NO_ALT,SHARED_NIC,64,3616337920,30940,414.4797058259719,0.015132754456281176,0.02678449750671555,0.005245682464491885,1105,3272704.0
memory-fragmented-05,FLEX_FREE_NO_ALT,SHARED_NIC,128,7177039872,61404,810.6627114087751,0.014998458078257358,0.026546797158590957,0.005199129395962318,2193,3272704.0
memory-fragmented-05,FLEX_POOL,LEGACY_DIRECTED_LINK,1,7121403904,60928,0.0,0.0021366739479673877,0.0037818454133604095,0.0007406657587401025,2176,3272704.0
memory-fragmented-05,FLEX_POOL,LEGACY_DIRECTED_LINK,8,6731952128,57596,0.0,0.0020198245914391255,0.003575025742319395,0.0007001606000594206,2057,3272704.0
memory-fragmented-05,FLEX_POOL,LEGACY_DIRECTED_LINK,32,5396688896,46172,0.0,0.0016191982261981382,0.002865929727319451,0.0005612857702966556,1649,3272704.0
memory-fragmented-05,FLEX_POOL,LEGACY_DIRECTED_LINK,64,3616337920,30940,0.0,0.0010850297392085452,0.0019204683739833433,0.0003761193306124119,1105,3272704.0
memory-fragmented-05,FLEX_POOL,LEGACY_DIRECTED_LINK,128,7177039872,61404,0.0,0.0010766833565960133,0.0019056955403315807,0.00037322610499119455,2193,3272704.0
memory-fragmented-05,FLEX_POOL,SHARED_NIC,1,7121403904,60928,638.1882393559081,0.006345803295713723,0.011231871437760709,0.002199736285129726,2176,3272704.0
memory-fragmented-05,FLEX_POOL,SHARED_NIC,8,6731952128,57596,786.9380506118423,0.02805093015939005,0.049649260555032354,0.00972369391672265,2057,3272704.0
memory-fragmented-05,FLEX_POOL,SHARED_NIC,32,5396688896,46172,616.5326900970686,0.0225605609807331,0.039931480490501915,0.007820488957752794,1649,3272704.0
memory-fragmented-05,FLEX_POOL,SHARED_NIC,64,3616337920,30940,414.4797058259719,0.015132754456281176,0.02678449750671555,0.005245682464491885,1105,3272704.0
memory-fragmented-05,FLEX_POOL,SHARED_NIC,128,7177039872,61404,810.6627114087751,0.014998458078257358,0.026546797158590957,0.005199129395962318,2193,3272704.0
memory-fragmented-05,FLEX_POOL_NO_ALT,SHARED_NIC,1,7121403904,60928,638.1882393559081,0.006345803295713723,0.011231871437760709,0.002199736285129726,2176,3272704.0
memory-fragmented-05,FLEX_POOL_NO_ALT,SHARED_NIC,8,6731952128,57596,786.9380506118423,0.02805093015939005,0.049649260555032354,0.00972369391672265,2057,3272704.0
memory-fragmented-05,FLEX_POOL_NO_ALT,SHARED_NIC,32,5396688896,46172,616.5326900970686,0.0225605609807331,0.039931480490501915,0.007820488957752794,1649,3272704.0
memory-fragmented-05,FLEX_POOL_NO_ALT,SHARED_NIC,64,3616337920,30940,414.4797058259719,0.015132754456281176,0.02678449750671555,0.005245682464491885,1105,3272704.0
memory-fragmented-05,FLEX_POOL_NO_ALT,SHARED_NIC,128,7177039872,61404,810.6627114087751,0.014998458078257358,0.026546797158590957,0.005199129395962318,2193,3272704.0
memory-fragmented-05,U_STRONG,LEGACY_DIRECTED_LINK,1,7121403904,60928,0.0,0.0021366739479673877,0.0037818454133604095,0.0007406657587401025,2176,3272704.0
memory-fragmented-05,U_STRONG,LEGACY_DIRECTED_LINK,8,6731952128,57596,0.0,0.0020198245914391255,0.003575025742319395,0.0007001606000594206,2057,3272704.0
memory-fragmented-05,U_STRONG,LEGACY_DIRECTED_LINK,32,5396688896,46172,0.0,0.0016191982261981382,0.002865929727319451,0.0005612857702966556,1649,3272704.0
memory-fragmented-05,U_STRONG,LEGACY_DIRECTED_LINK,64,3616337920,30940,0.0,0.0010850297392085452,0.0019204683739833433,0.0003761193306124119,1105,3272704.0
memory-fragmented-05,U_STRONG,LEGACY_DIRECTED_LINK,128,7177039872,61404,0.0,0.0010766833565960133,0.0019056955403315807,0.00037322610499119455,2193,3272704.0
memory-fragmented-05,U_STRONG,SHARED_NIC,1,7121403904,60928,638.1882393559081,0.006345803295713723,0.011231871437760709,0.002199736285129726,2176,3272704.0
memory-fragmented-05,U_STRONG,SHARED_NIC,8,6731952128,57596,786.9380506118423,0.02805093015939005,0.049649260555032354,0.00972369391672265,2057,3272704.0
memory-fragmented-05,U_STRONG,SHARED_NIC,32,5396688896,46172,616.5326900970686,0.0225605609807331,0.039931480490501915,0.007820488957752794,1649,3272704.0
memory-fragmented-05,U_STRONG,SHARED_NIC,64,3616337920,30940,414.4797058259719,0.015132754456281176,0.02678449750671555,0.005245682464491885,1105,3272704.0
memory-fragmented-05,U_STRONG,SHARED_NIC,128,7177039872,61404,810.6627114087751,0.014998458078257358,0.026546797158590957,0.005199129395962318,2193,3272704.0
memory-fragmented-06,FLEX_FREE,SHARED_NIC,1,34428846080,535808,147540.05975278595,0.017641687476485157,0.01762842135503535,0.002991068386111848,2176,15822080.0
memory-fragmented-06,FLEX_FREE,SHARED_NIC,8,32546018560,506506,140999.3376149439,0.08523529465349516,0.0851711997775265,0.01445125901696291,2057,15822080.0
memory-fragmented-06,FLEX_FREE,SHARED_NIC,32,26090609920,406042,113012.76342459084,0.0695696160421017,0.0695173013768033,0.01179521400403634,1649,15822080.0
memory-fragmented-06,FLEX_FREE,SHARED_NIC,64,17483398400,272090,75819.00750715312,0.046564925901197825,0.04652991020538469,0.007894872752414428,1105,15822080.0
memory-fragmented-06,FLEX_FREE,SHARED_NIC,128,34697821440,539994,150392.10826328016,0.04605106630167852,0.04601643701583127,0.007807750179527288,2193,15822080.0
memory-fragmented-06,FLEX_FREE_NO_ALT,SHARED_NIC,1,34428846080,535808,147540.05975278595,0.017641687476485157,0.01762842135503535,0.002991068386111848,2176,15822080.0
memory-fragmented-06,FLEX_FREE_NO_ALT,SHARED_NIC,8,32546018560,506506,140999.3376149439,0.08523529465349516,0.0851711997775265,0.01445125901696291,2057,15822080.0
memory-fragmented-06,FLEX_FREE_NO_ALT,SHARED_NIC,32,26090609920,406042,113012.76342459084,0.0695696160421017,0.0695173013768033,0.01179521400403634,1649,15822080.0
memory-fragmented-06,FLEX_FREE_NO_ALT,SHARED_NIC,64,17483398400,272090,75819.00750715312,0.046564925901197825,0.04652991020538469,0.007894872752414428,1105,15822080.0
memory-fragmented-06,FLEX_FREE_NO_ALT,SHARED_NIC,128,34697821440,539994,150392.10826328016,0.04605106630167852,0.04601643701583127,0.007807750179527288,2193,15822080.0
memory-fragmented-06,FLEX_POOL,LEGACY_DIRECTED_LINK,1,34428846080,535808,145970.66149701306,0.005388843452491062,0.005384791172809199,0.0009136540543491814,2176,15822080.0
memory-fragmented-06,FLEX_POOL,LEGACY_DIRECTED_LINK,8,32546018560,506506,137987.89094632154,0.005094141076184834,0.0050903104055480715,0.0008636885982522791,2057,15822080.0
memory-fragmented-06,FLEX_POOL,LEGACY_DIRECTED_LINK,32,26090609920,406042,110618.39191488724,0.0040837329288480086,0.00408066206065159,0.0006923784630626978,1649,15822080.0
memory-fragmented-06,FLEX_POOL,LEGACY_DIRECTED_LINK,64,17483398400,272090,74125.72654036921,0.0027365220657235316,0.00273446426744758,0.00046396494947511136,1105,15822080.0
memory-fragmented-06,FLEX_POOL,LEGACY_DIRECTED_LINK,128,34697821440,539994,147111.0572897019,0.002715471895997925,0.0027134299269394742,0.00046039598832712196,2193,15822080.0
memory-fragmented-06,FLEX_POOL,SHARED_NIC,1,34428846080,535808,147540.05975278595,0.017641687476485157,0.01762842135503535,0.002991068386111848,2176,15822080.0
memory-fragmented-06,FLEX_POOL,SHARED_NIC,8,32546018560,506506,140999.3376149439,0.08523529465349516,0.0851711997775265,0.01445125901696291,2057,15822080.0
memory-fragmented-06,FLEX_POOL,SHARED_NIC,32,26090609920,406042,113012.76342459084,0.0695696160421017,0.0695173013768033,0.01179521400403634,1649,15822080.0
memory-fragmented-06,FLEX_POOL,SHARED_NIC,64,17483398400,272090,75819.00750715312,0.046564925901197825,0.04652991020538469,0.007894872752414428,1105,15822080.0
memory-fragmented-06,FLEX_POOL,SHARED_NIC,128,34697821440,539994,150392.10826328016,0.04605106630167852,0.04601643701583127,0.007807750179527288,2193,15822080.0
memory-fragmented-06,FLEX_POOL_NO_ALT,SHARED_NIC,1,34428846080,535808,147540.05975278595,0.017641687476485157,0.01762842135503535,0.002991068386111848,2176,15822080.0
memory-fragmented-06,FLEX_POOL_NO_ALT,SHARED_NIC,8,32546018560,506506,140999.3376149439,0.08523529465349516,0.0851711997775265,0.01445125901696291,2057,15822080.0
memory-fragmented-06,FLEX_POOL_NO_ALT,SHARED_NIC,32,26090609920,406042,113012.76342459084,0.0695696160421017,0.0695173013768033,0.01179521400403634,1649,15822080.0
memory-fragmented-06,FLEX_POOL_NO_ALT,SHARED_NIC,64,17483398400,272090,75819.00750715312,0.046564925901197825,0.04652991020538469,0.007894872752414428,1105,15822080.0
memory-fragmented-06,FLEX_POOL_NO_ALT,SHARED_NIC,128,34697821440,539994,150392.10826328016,0.04605106630167852,0.04601643701583127,0.007807750179527288,2193,15822080.0
memory-fragmented-06,U_STRONG,LEGACY_DIRECTED_LINK,1,34428846080,535808,145970.66149701306,0.005388843452491062,0.005384791172809199,0.0009136540543491814,2176,15822080.0
memory-fragmented-06,U_STRONG,LEGACY_DIRECTED_LINK,8,32546018560,506506,137987.89094632154,0.005094141076184834,0.0050903104055480715,0.0008636885982522791,2057,15822080.0
memory-fragmented-06,U_STRONG,LEGACY_DIRECTED_LINK,32,26090609920,406042,110618.39191488724,0.0040837329288480086,0.00408066206065159,0.0006923784630626978,1649,15822080.0
memory-fragmented-06,U_STRONG,LEGACY_DIRECTED_LINK,64,17483398400,272090,74125.72654036921,0.0027365220657235316,0.00273446426744758,0.00046396494947511136,1105,15822080.0
memory-fragmented-06,U_STRONG,LEGACY_DIRECTED_LINK,128,34697821440,539994,147111.0572897019,0.002715471895997925,0.0027134299269394742,0.00046039598832712196,2193,15822080.0
memory-fragmented-06,U_STRONG,SHARED_NIC,1,34428846080,535808,147540.05975278595,0.017641687476485157,0.01762842135503535,0.002991068386111848,2176,15822080.0
memory-fragmented-06,U_STRONG,SHARED_NIC,8,32546018560,506506,140999.3376149439,0.08523529465349516,0.0851711997775265,0.01445125901696291,2057,15822080.0
memory-fragmented-06,U_STRONG,SHARED_NIC,32,26090609920,406042,113012.76342459084,0.0695696160421017,0.0695173013768033,0.01179521400403634,1649,15822080.0
memory-fragmented-06,U_STRONG,SHARED_NIC,64,17483398400,272090,75819.00750715312,0.046564925901197825,0.04652991020538469,0.007894872752414428,1105,15822080.0
memory-fragmented-06,U_STRONG,SHARED_NIC,128,34697821440,539994,150392.10826328016,0.04605106630167852,0.04601643701583127,0.007807750179527288,2193,15822080.0
compute-heterogeneous-01,FLEX_FREE,SHARED_NIC,1,7497695232,69248,4541.970472960415,0.007594220181194136,0.006468905524618299,0.001770166298780174,2176,3445632.0
compute-heterogeneous-01,FLEX_FREE,SHARED_NIC,8,7108458624,65837,4795.814417900203,0.040289807611187695,0.03394778519366631,0.009197413386094547,2057,3455740.701993194
compute-heterogeneous-01,FLEX_FREE,SHARED_NIC,32,5699271168,52799,3878.27151255012,0.03697008413534572,0.031158513321729878,0.008428091621480253,1649,3456198.40388114
compute-heterogeneous-01,FLEX_FREE,SHARED_NIC,64,3820152960,35401,2624.0846562402585,0.02424154980503762,0.02043862813831425,0.005515037493915147,1105,3457152.0
compute-heterogeneous-01,FLEX_FREE,SHARED_NIC,128,7580779776,70243,5121.711685941074,0.023954600317299554,0.020193948524507118,0.0054537582271564095,2193,3456807.923392613
compute-heterogeneous-01,FLEX_FREE_NO_ALT,SHARED_NIC,1,7497695232,69248,4558.572314451942,0.007584169269834049,0.006460343961419787,0.0017678234927859906,2176,3445632.0
compute-heterogeneous-01,FLEX_FREE_NO_ALT,SHARED_NIC,8,7087665024,65461,4568.145190079553,0.038670260451221516,0.03294008542059423,0.009013801309753494,2057,3445632.0
compute-heterogeneous-01,FLEX_FREE_NO_ALT,SHARED_NIC,32,5681847168,52477,3638.2807437582887,0.03498434423663365,0.029800349780209047,0.008154636773103869,1649,3445632.0
compute-heterogeneous-01,FLEX_FREE_NO_ALT,SHARED_NIC,64,3807423360,35165,2408.976029721969,0.023381586440348056,0.019916893385954513,0.005450104861485775,1105,3445632.0
compute-heterogeneous-01,FLEX_FREE_NO_ALT,SHARED_NIC,128,7556270976,69789,4769.561093872369,0.02325610904905563,0.01981000928589165,0.005420856848651666,2193,3445632.0
compute-heterogeneous-01,FLEX_POOL,LEGACY_DIRECTED_LINK,1,7059013632,60288,0.0,0.001160328710284678,0.0021201558321119886,0.0005801643551423373,2176,3244032.0
compute-heterogeneous-01,FLEX_POOL,LEGACY_DIRECTED_LINK,8,6672973824,56991,0.0,0.0010968732339413957,0.002004209810044115,0.0005484366169706961,2057,3244032.0
compute-heterogeneous-01,FLEX_POOL,LEGACY_DIRECTED_LINK,32,5349408768,45687,0.0,0.0008793116007641431,0.0016066805915251725,0.0004396558003820698,1649,3244032.0
compute-heterogeneous-01,FLEX_POOL,LEGACY_DIRECTED_LINK,64,3584655360,30615,0.0,0.0005892294231927405,0.00107664163349675,0.00029461471159636924,1105,3244032.0
compute-heterogeneous-01,FLEX_POOL,LEGACY_DIRECTED_LINK,128,7114162176,60759,0.0,0.0005846968891706605,0.0010683597747820738,0.00029234844458532943,2193,3244032.0
compute-heterogeneous-01,FLEX_POOL,SHARED_NIC,1,7059013632,60288,1066.8380160009528,0.0035874763808577416,0.006555046775989428,0.0017937381904288654,2176,3244032.0
compute-heterogeneous-01,FLEX_POOL,SHARED_NIC,8,6672973824,56991,1169.4931537798757,0.01885778496964812,0.03445699690935348,0.00942889248482403,2057,3244032.0
compute-heterogeneous-01,FLEX_POOL,SHARED_NIC,32,5349408768,45687,960.9962538679792,0.01634087676224092,0.029858095264046706,0.008170438381120429,1649,3244032.0
compute-heterogeneous-01,FLEX_POOL,SHARED_NIC,64,3584655360,30615,631.3503028276391,0.01093600636444152,0.019982301108360932,0.005468003182220741,1105,3244032.0
compute-heterogeneous-01,FLEX_POOL,SHARED_NIC,128,7114162176,60759,1202.9868500488956,0.010896964712605784,0.01991096409402942,0.005448482356302875,2193,3244032.0
compute-heterogeneous-01,FLEX_POOL_NO_ALT,SHARED_NIC,1,7059013632,60288,1066.8380160009528,0.0035874763808577416,0.006555046775989428,0.0017937381904288654,2176,3244032.0
compute-heterogeneous-01,FLEX_POOL_NO_ALT,SHARED_NIC,8,6672973824,56991,1169.4931537798757,0.01885778496964812,0.03445699690935348,0.00942889248482403,2057,3244032.0
compute-heterogeneous-01,FLEX_POOL_NO_ALT,SHARED_NIC,32,5349408768,45687,960.9962538679792,0.01634087676224092,0.029858095264046706,0.008170438381120429,1649,3244032.0
compute-heterogeneous-01,FLEX_POOL_NO_ALT,SHARED_NIC,64,3584655360,30615,631.3503028276391,0.01093600636444152,0.019982301108360932,0.005468003182220741,1105,3244032.0
compute-heterogeneous-01,FLEX_POOL_NO_ALT,SHARED_NIC,128,7114162176,60759,1202.9868500488956,0.010896964712605784,0.01991096409402942,0.005448482356302875,2193,3244032.0
compute-heterogeneous-01,U_STRONG,LEGACY_DIRECTED_LINK,1,7059013632,60288,0.0,0.001160328710284678,0.0021201558321119886,0.0005801643551423373,2176,3244032.0
compute-heterogeneous-01,U_STRONG,LEGACY_DIRECTED_LINK,8,6672973824,56991,0.0,0.0010968732339413957,0.002004209810044115,0.0005484366169706961,2057,3244032.0
compute-heterogeneous-01,U_STRONG,LEGACY_DIRECTED_LINK,32,5349408768,45687,0.0,0.0008793116007641431,0.0016066805915251725,0.0004396558003820698,1649,3244032.0
compute-heterogeneous-01,U_STRONG,LEGACY_DIRECTED_LINK,64,3584655360,30615,0.0,0.0005892294231927405,0.00107664163349675,0.00029461471159636924,1105,3244032.0
compute-heterogeneous-01,U_STRONG,LEGACY_DIRECTED_LINK,128,7114162176,60759,0.0,0.0005846968891706605,0.0010683597747820738,0.00029234844458532943,2193,3244032.0
compute-heterogeneous-01,U_STRONG,SHARED_NIC,1,7059013632,60288,1066.8380160009528,0.0035874763808577416,0.006555046775989428,0.0017937381904288654,2176,3244032.0
compute-heterogeneous-01,U_STRONG,SHARED_NIC,8,6672973824,56991,1169.4931537798757,0.01885778496964812,0.03445699690935348,0.00942889248482403,2057,3244032.0
compute-heterogeneous-01,U_STRONG,SHARED_NIC,32,5349408768,45687,960.9962538679792,0.01634087676224092,0.029858095264046706,0.008170438381120429,1649,3244032.0
compute-heterogeneous-01,U_STRONG,SHARED_NIC,64,3584655360,30615,631.3503028276391,0.01093600636444152,0.019982301108360932,0.005468003182220741,1105,3244032.0
compute-heterogeneous-01,U_STRONG,SHARED_NIC,128,7114162176,60759,1202.9868500488956,0.010896964712605784,0.01991096409402942,0.005448482356302875,2193,3244032.0
compute-heterogeneous-02,FLEX_FREE,SHARED_NIC,1,7372914688,67968,6060.876456968636,0.008362861714402904,0.00835885474719268,0.0036137504068647253,2176,3388288.0
compute-heterogeneous-02,FLEX_FREE,SHARED_NIC,8,6977426816,64391,5984.498899843088,0.05137865470091705,0.05135334457974273,0.019887257363870602,2057,3392040.260573651
compute-heterogeneous-02,FLEX_FREE,SHARED_NIC,32,5594227712,51629,4818.316871208226,0.04320156333955523,0.04318034100187627,0.016684586830945584,1649,3392497.096422074
compute-heterogeneous-02,FLEX_FREE,SHARED_NIC,64,3747975040,34589,3263.615109939674,0.02855453812443296,0.028540482600054054,0.011019322509633181,1105,3391832.6153846155
compute-heterogeneous-02,FLEX_FREE,SHARED_NIC,128,7437888384,68633,6342.5281223714555,0.028302599797000498,0.028288686539731506,0.011012307127966772,2193,3391649.9699042407
compute-heterogeneous-02,FLEX_FREE_NO_ALT,SHARED_NIC,1,7372914688,67968,6137.149501448241,0.008362861714402904,0.00835885474719268,0.0036137504068647253,2176,3388288.0
compute-heterogeneous-02,FLEX_FREE_NO_ALT,SHARED_NIC,8,6969708416,64251,6144.188376850803,0.045296068834042254,0.04527436575335428,0.01957328636637392,2057,3388288.0
compute-heterogeneous-02,FLEX_FREE_NO_ALT,SHARED_NIC,32,5587286912,51507,4937.442514497052,0.03780919439647957,0.037791078563961286,0.01633806659724982,1649,3388288.0
compute-heterogeneous-02,FLEX_FREE_NO_ALT,SHARED_NIC,64,3744058240,34515,3270.875785853743,0.025434834619230313,0.025422647816219904,0.010990872155099723,1105,3388288.0
compute-heterogeneous-02,FLEX_FREE_NO_ALT,SHARED_NIC,128,7430515584,68499,6523.099167776876,0.025171644570383962,0.02515958387180189,0.0108771427669331,2193,3388288.0
compute-heterogeneous-02,FLEX_POOL,LEGACY_DIRECTED_LINK,1,6996623360,59648,0.0,0.0013249520278100812,0.0020576559098240354,0.0013249520278100812,2176,3215360.0
compute-heterogeneous-02,FLEX_POOL,LEGACY_DIRECTED_LINK,8,6613995520,56386,0.0,0.0012524937137897787,0.001945127852256405,0.0012524937137897787,2057,3215360.0
compute-heterogeneous-02,FLEX_POOL,LEGACY_DIRECTED_LINK,32,5302128640,45202,0.0,0.0010040652085768706,0.0015593173691667008,0.0010040652085768706,1649,3215360.0
compute-heterogeneous-02,FLEX_POOL,LEGACY_DIRECTED_LINK,64,3552972800,30290,0.0,0.0006728272016245019,0.0010449033917109278,0.0006728272016245019,1105,3215360.0
compute-heterogeneous-02,FLEX_POOL,LEGACY_DIRECTED_LINK,128,7051284480,60114,0.0,0.000667651607766521,0.0010368656733141897,0.000667651607766521,2193,3215360.0
compute-heterogeneous-02,FLEX_POOL,SHARED_NIC,1,6996623360,59648,1343.3199718369133,0.003645293399530929,0.005661155535559152,0.003645293399530929,2176,3215360.0
compute-heterogeneous-02,FLEX_POOL,SHARED_NIC,8,6613995520,56386,1369.3333439414964,0.019801178427275405,0.030751310958560752,0.019801178427275405,2057,3215360.0
compute-heterogeneous-02,FLEX_POOL,SHARED_NIC,32,5302128640,45202,1133.5235342419437,0.016539602661258018,0.025686070474815092,0.016539602661258018,1649,3215360.0
compute-heterogeneous-02,FLEX_POOL,SHARED_NIC,64,3552972800,30290,755.9467598330375,0.01109610748464348,0.017232300236225708,0.01109610748464348,1105,3215360.0
compute-heterogeneous-02,FLEX_POOL,SHARED_NIC,128,7051284480,60114,1487.8058069433027,0.01095375800921709,0.017011230919583648,0.01095375800921709,2193,3215360.0
compute-heterogeneous-02,FLEX_POOL_NO_ALT,SHARED_NIC,1,6996623360,59648,1343.3199718369133,0.003645293399530929,0.005661155535559152,0.003645293399530929,2176,3215360.0
compute-heterogeneous-02,FLEX_POOL_NO_ALT,SHARED_NIC,8,6613995520,56386,1369.3333439414964,0.019801178427275405,0.030751310958560752,0.019801178427275405,2057,3215360.0
compute-heterogeneous-02,FLEX_POOL_NO_ALT,SHARED_NIC,32,5302128640,45202,1133.5235342419437,0.016539602661258018,0.025686070474815092,0.016539602661258018,1649,3215360.0
compute-heterogeneous-02,FLEX_POOL_NO_ALT,SHARED_NIC,64,3552972800,30290,755.9467598330375,0.01109610748464348,0.017232300236225708,0.01109610748464348,1105,3215360.0
compute-heterogeneous-02,FLEX_POOL_NO_ALT,SHARED_NIC,128,7051284480,60114,1487.8058069433027,0.01095375800921709,0.017011230919583648,0.01095375800921709,2193,3215360.0
compute-heterogeneous-02,U_STRONG,LEGACY_DIRECTED_LINK,1,6996623360,59648,0.0,0.0013249520278100812,0.0020576559098240354,0.0013249520278100812,2176,3215360.0
compute-heterogeneous-02,U_STRONG,LEGACY_DIRECTED_LINK,8,6613995520,56386,0.0,0.0012524937137897787,0.001945127852256405,0.0012524937137897787,2057,3215360.0
compute-heterogeneous-02,U_STRONG,LEGACY_DIRECTED_LINK,32,5302128640,45202,0.0,0.0010040652085768706,0.0015593173691667008,0.0010040652085768706,1649,3215360.0
compute-heterogeneous-02,U_STRONG,LEGACY_DIRECTED_LINK,64,3552972800,30290,0.0,0.0006728272016245019,0.0010449033917109278,0.0006728272016245019,1105,3215360.0
compute-heterogeneous-02,U_STRONG,LEGACY_DIRECTED_LINK,128,7051284480,60114,0.0,0.000667651607766521,0.0010368656733141897,0.000667651607766521,2193,3215360.0
compute-heterogeneous-02,U_STRONG,SHARED_NIC,1,6996623360,59648,1343.3199718369133,0.003645293399530929,0.005661155535559152,0.003645293399530929,2176,3215360.0
compute-heterogeneous-02,U_STRONG,SHARED_NIC,8,6613995520,56386,1369.3333439414964,0.019801178427275405,0.030751310958560752,0.019801178427275405,2057,3215360.0
compute-heterogeneous-02,U_STRONG,SHARED_NIC,32,5302128640,45202,1133.5235342419437,0.016539602661258018,0.025686070474815092,0.016539602661258018,1649,3215360.0
compute-heterogeneous-02,U_STRONG,SHARED_NIC,64,3552972800,30290,755.9467598330375,0.01109610748464348,0.017232300236225708,0.01109610748464348,1105,3215360.0
compute-heterogeneous-02,U_STRONG,SHARED_NIC,128,7051284480,60114,1487.8058069433027,0.01095375800921709,0.017011230919583648,0.01095375800921709,2193,3215360.0
compute-heterogeneous-03,FLEX_FREE,SHARED_NIC,1,7450050560,68864,5698.210283520463,0.008450728778849725,0.0084468918840384,0.003380819084576453,2176,3423736.470588235
compute-heterogeneous-03,FLEX_FREE,SHARED_NIC,8,7054318720,65322,5614.785826749482,0.04867248841896062,0.0486502023236712,0.01926552827640421,2057,3429420.8653378705
compute-heterogeneous-03,FLEX_FREE,SHARED_NIC,32,5656599040,52400,4569.294804385725,0.04391349840658129,0.043893371393210756,0.01734712037531502,1649,3430320.824742268
compute-heterogeneous-03,FLEX_FREE,SHARED_NIC,64,3790630400,35118,3057.1236147551754,0.02903350887842061,0.02902020197286206,0.011464654784723496,1105,3430434.7511312217
compute-heterogeneous-03,FLEX_FREE,SHARED_NIC,128,7522135680,69664,6018.321718528023,0.028578683252364085,0.02856558326888451,0.011300185470272556,2193,3430066.4295485634
compute-heterogeneous-03,FLEX_FREE_NO_ALT,SHARED_NIC,1,7435304960,68608,5454.936087044595,0.008235732777241054,0.00823203624220468,0.003333781957981684,2176,3416960.0
compute-heterogeneous-03,FLEX_FREE_NO_ALT,SHARED_NIC,8,7028686720,64856,5297.652461318326,0.04718925917850492,0.04716807870135589,0.019101967622670076,2057,3416960.0
compute-heterogeneous-03,FLEX_FREE_NO_ALT,SHARED_NIC,32,5634567040,51992,4266.576643249053,0.04243474700515043,0.04241570054828897,0.017177365728551382,1649,3416960.0
compute-heterogeneous-03,FLEX_FREE_NO_ALT,SHARED_NIC,64,3775740800,34840,2873.51325534466,0.028291404705475916,0.02827870636137578,0.01145221404386917,1105,3416960.0
compute-heterogeneous-03,FLEX_FREE_NO_ALT,SHARED_NIC,128,7493393280,69144,5686.795647927749,0.028040383274059427,0.028027797598684876,0.011350601869001681,2193,3416960.0
compute-heterogeneous-03,FLEX_POOL,LEGACY_DIRECTED_LINK,1,6996623360,59648,15.577620479114557,0.0014502572909493295,0.0017536705885417597,0.0014502572909493295,2176,3215360.0
compute-heterogeneous-03,FLEX_POOL,LEGACY_DIRECTED_LINK,8,6613995520,56386,14.725719360343646,0.0013709463453510835,0.001657766728231542,0.0013709463453510835,2057,3215360.0
compute-heterogeneous-03,FLEX_POOL,LEGACY_DIRECTED_LINK,32,5302128640,45202,11.80491552548483,0.001099023103299407,0.0013289534928815623,0.001099023103299407,1649,3215360.0
compute-heterogeneous-03,FLEX_POOL,LEGACY_DIRECTED_LINK,64,3552972800,30290,7.91051040426828,0.0007364587805628207,0.0008905358457470257,0.0007364587805628207,1105,3215360.0
compute-heterogeneous-03,FLEX_POOL,LEGACY_DIRECTED_LINK,128,7051284480,60114,15.699320630170405,0.0007307937130193805,0.0008836855700097228,0.0007307937130193805,2193,3215360.0
compute-heterogeneous-03,FLEX_POOL,SHARED_NIC,1,6996623360,59648,588.6356044740355,0.003532827221457888,0.004271942110778787,0.003532827221457888,2176,3215360.0
compute-heterogeneous-03,FLEX_POOL,SHARED_NIC,8,6613995520,56386,640.1042342531327,0.020044793276478432,0.02423843316750339,0.020044793276478432,2057,3215360.0
compute-heterogeneous-03,FLEX_POOL,SHARED_NIC,32,5302128640,45202,497.1939974408742,0.017170084326863372,0.020762296507464473,0.017170084326863372,1649,3215360.0
compute-heterogeneous-03,FLEX_POOL,SHARED_NIC,64,3552972800,30290,344.5728515809533,0.011409788802772788,0.013796869817353584,0.011409788802772788,1105,3215360.0
compute-heterogeneous-03,FLEX_POOL,SHARED_NIC,128,7051284480,60114,680.8920358354517,0.011362851238085822,0.013740112283912418,0.011362851238085822,2193,3215360.0
compute-heterogeneous-03,FLEX_POOL_NO_ALT,SHARED_NIC,1,6996623360,59648,588.6356044740355,0.003532827221457888,0.004271942110778787,0.003532827221457888,2176,3215360.0
compute-heterogeneous-03,FLEX_POOL_NO_ALT,SHARED_NIC,8,6613995520,56386,640.1042342531327,0.020044793276478432,0.02423843316750339,0.020044793276478432,2057,3215360.0
compute-heterogeneous-03,FLEX_POOL_NO_ALT,SHARED_NIC,32,5302128640,45202,497.1939974408742,0.017170084326863372,0.020762296507464473,0.017170084326863372,1649,3215360.0
compute-heterogeneous-03,FLEX_POOL_NO_ALT,SHARED_NIC,64,3552972800,30290,344.5728515809533,0.011409788802772788,0.013796869817353584,0.011409788802772788,1105,3215360.0
compute-heterogeneous-03,FLEX_POOL_NO_ALT,SHARED_NIC,128,7051284480,60114,680.8920358354517,0.011362851238085822,0.013740112283912418,0.011362851238085822,2193,3215360.0
compute-heterogeneous-03,U_STRONG,LEGACY_DIRECTED_LINK,1,6996623360,59648,15.577620479114557,0.0014502572909493295,0.0017536705885417597,0.0014502572909493295,2176,3215360.0
compute-heterogeneous-03,U_STRONG,LEGACY_DIRECTED_LINK,8,6613995520,56386,14.725719360343646,0.0013709463453510835,0.001657766728231542,0.0013709463453510835,2057,3215360.0
compute-heterogeneous-03,U_STRONG,LEGACY_DIRECTED_LINK,32,5302128640,45202,11.80491552548483,0.001099023103299407,0.0013289534928815623,0.001099023103299407,1649,3215360.0
compute-heterogeneous-03,U_STRONG,LEGACY_DIRECTED_LINK,64,3552972800,30290,7.91051040426828,0.0007364587805628207,0.0008905358457470257,0.0007364587805628207,1105,3215360.0
compute-heterogeneous-03,U_STRONG,LEGACY_DIRECTED_LINK,128,7051284480,60114,15.699320630170405,0.0007307937130193805,0.0008836855700097228,0.0007307937130193805,2193,3215360.0
compute-heterogeneous-03,U_STRONG,SHARED_NIC,1,6996623360,59648,588.6356044740355,0.003532827221457888,0.004271942110778787,0.003532827221457888,2176,3215360.0
compute-heterogeneous-03,U_STRONG,SHARED_NIC,8,6613995520,56386,640.1042342531327,0.020044793276478432,0.02423843316750339,0.020044793276478432,2057,3215360.0
compute-heterogeneous-03,U_STRONG,SHARED_NIC,32,5302128640,45202,497.1939974408742,0.017170084326863372,0.020762296507464473,0.017170084326863372,1649,3215360.0
compute-heterogeneous-03,U_STRONG,SHARED_NIC,64,3552972800,30290,344.5728515809533,0.011409788802772788,0.013796869817353584,0.011409788802772788,1105,3215360.0
compute-heterogeneous-03,U_STRONG,SHARED_NIC,128,7051284480,60114,680.8920358354517,0.011362851238085822,0.013740112283912418,0.011362851238085822,2193,3215360.0
compute-heterogeneous-04,FLEX_FREE,SHARED_NIC,1,7376601088,68224,3002.282967035863,0.007653153436042434,0.006449302840010373,0.0017468713206923471,2176,3389982.117647059
compute-heterogeneous-04,FLEX_FREE,SHARED_NIC,8,6987506816,64575,3154.618901016024,0.04473521797209984,0.037735885396304784,0.010155730965219512,2057,3396940.6008750605
compute-heterogeneous-04,FLEX_FREE,SHARED_NIC,32,5602522112,51791,2565.5902975918325,0.038593417977665266,0.03256469389971236,0.008747362405921513,1649,3397527.053972104
compute-heterogeneous-04,FLEX_FREE,SHARED_NIC,64,3754599040,34701,1703.9619186256095,0.025467060632217108,0.021487471599898174,0.0057741555783487235,1105,3397827.185520362
compute-heterogeneous-04,FLEX_FREE,SHARED_NIC,128,7450848384,68867,3411.8228059990506,0.025170810359861198,0.021237111981684147,0.005707587927548834,2193,3397559.682626539
compute-heterogeneous-04,FLEX_FREE_NO_ALT,SHARED_NIC,1,7372914688,67968,2873.7646591922166,0.007558782460042447,0.006354954651664774,0.0017468713206923471,2176,3388288.0
compute-heterogeneous-04,FLEX_FREE_NO_ALT,SHARED_NIC,8,6969708416,64251,2970.798325112488,0.0424540463816455,0.03569272445148727,0.00981133621234322,2057,3388288.0
compute-heterogeneous-04,FLEX_FREE_NO_ALT,SHARED_NIC,32,5587286912,51507,2389.724630281875,0.037346468977808335,0.031398590713304426,0.008630950279536604,1649,3388288.0
compute-heterogeneous-04,FLEX_FREE_NO_ALT,SHARED_NIC,64,3744058240,34515,1596.350081824181,0.02518536135942514,0.021174287019240155,0.005820459272723387,1105,3388288.0
compute-heterogeneous-04,FLEX_FREE_NO_ALT,SHARED_NIC,128,7430515584,68499,3170.860669815156,0.02466507969031263,0.020736866517885522,0.0057002196532795115,2193,3388288.0
compute-heterogeneous-04,FLEX_POOL,LEGACY_DIRECTED_LINK,1,6934233088,59008,15.57762048013683,0.0013315463929389022,0.0013315463929389022,0.0006657731964694491,2176,3186688.0
compute-heterogeneous-04,FLEX_POOL,LEGACY_DIRECTED_LINK,8,6555017216,55781,14.72571936136228,0.0012587274495755429,0.0012587274495755429,0.0006293637247877695,2057,3186688.0
compute-heterogeneous-04,FLEX_POOL,LEGACY_DIRECTED_LINK,32,5254848512,44717,11.804915526648983,0.0010090625009007406,0.0010090625009007406,0.0005045312504503682,1649,3186688.0
compute-heterogeneous-04,FLEX_POOL,LEGACY_DIRECTED_LINK,64,3521290240,29965,7.910510401939973,0.0006761759026662023,0.0006761759026662023,0.00033808795133309996,1105,3186688.0
compute-heterogeneous-04,FLEX_POOL,LEGACY_DIRECTED_LINK,128,6988406784,59469,15.69932062085718,0.0006709745495697408,0.0006709745495697408,0.00033548727478486943,2193,3186688.0
compute-heterogeneous-04,FLEX_POOL,SHARED_NIC,1,6934233088,59008,421.19282688135763,0.0035149597109645305,0.0035149597109645305,0.00175747985548226,2176,3186688.0
compute-heterogeneous-04,FLEX_POOL,SHARED_NIC,8,6555017216,55781,592.8936094994788,0.020511798510729862,0.020511798510729862,0.0102558992553649,2057,3186688.0
compute-heterogeneous-04,FLEX_POOL,SHARED_NIC,32,5254848512,44717,475.8965604269106,0.017164783924873105,0.017164783924873105,0.00858239196243652,1649,3186688.0
compute-heterogeneous-04,FLEX_POOL,SHARED_NIC,64,3521290240,29965,321.9567980573338,0.011394530448750969,0.011394530448750969,0.005697265224375464,1105,3186688.0
compute-heterogeneous-04,FLEX_POOL,SHARED_NIC,128,6988406784,59469,639.5488004080689,0.011389193124668776,0.011389193124668776,0.0056945965623343715,2193,3186688.0
compute-heterogeneous-04,FLEX_POOL_NO_ALT,SHARED_NIC,1,6934233088,59008,421.19282688135763,0.0035149597109645305,0.0035149597109645305,0.00175747985548226,2176,3186688.0
compute-heterogeneous-04,FLEX_POOL_NO_ALT,SHARED_NIC,8,6555017216,55781,592.8936094994788,0.020511798510729862,0.020511798510729862,0.0102558992553649,2057,3186688.0
compute-heterogeneous-04,FLEX_POOL_NO_ALT,SHARED_NIC,32,5254848512,44717,475.8965604269106,0.017164783924873105,0.017164783924873105,0.00858239196243652,1649,3186688.0
compute-heterogeneous-04,FLEX_POOL_NO_ALT,SHARED_NIC,64,3521290240,29965,321.9567980573338,0.011394530448750969,0.011394530448750969,0.005697265224375464,1105,3186688.0
compute-heterogeneous-04,FLEX_POOL_NO_ALT,SHARED_NIC,128,6988406784,59469,639.5488004080689,0.011389193124668776,0.011389193124668776,0.0056945965623343715,2193,3186688.0
compute-heterogeneous-04,U_STRONG,LEGACY_DIRECTED_LINK,1,6934233088,59008,15.57762048013683,0.0013315463929389022,0.0013315463929389022,0.0006657731964694491,2176,3186688.0
compute-heterogeneous-04,U_STRONG,LEGACY_DIRECTED_LINK,8,6555017216,55781,14.72571936136228,0.0012587274495755429,0.0012587274495755429,0.0006293637247877695,2057,3186688.0
compute-heterogeneous-04,U_STRONG,LEGACY_DIRECTED_LINK,32,5254848512,44717,11.804915526648983,0.0010090625009007406,0.0010090625009007406,0.0005045312504503682,1649,3186688.0
compute-heterogeneous-04,U_STRONG,LEGACY_DIRECTED_LINK,64,3521290240,29965,7.910510401939973,0.0006761759026662023,0.0006761759026662023,0.00033808795133309996,1105,3186688.0
compute-heterogeneous-04,U_STRONG,LEGACY_DIRECTED_LINK,128,6988406784,59469,15.69932062085718,0.0006709745495697408,0.0006709745495697408,0.00033548727478486943,2193,3186688.0
compute-heterogeneous-04,U_STRONG,SHARED_NIC,1,6934233088,59008,421.19282688135763,0.0035149597109645305,0.0035149597109645305,0.00175747985548226,2176,3186688.0
compute-heterogeneous-04,U_STRONG,SHARED_NIC,8,6555017216,55781,592.8936094994788,0.020511798510729862,0.020511798510729862,0.0102558992553649,2057,3186688.0
compute-heterogeneous-04,U_STRONG,SHARED_NIC,32,5254848512,44717,475.8965604269106,0.017164783924873105,0.017164783924873105,0.00858239196243652,1649,3186688.0
compute-heterogeneous-04,U_STRONG,SHARED_NIC,64,3521290240,29965,321.9567980573338,0.011394530448750969,0.011394530448750969,0.005697265224375464,1105,3186688.0
compute-heterogeneous-04,U_STRONG,SHARED_NIC,128,6988406784,59469,639.5488004080689,0.011389193124668776,0.011389193124668776,0.0056945965623343715,2193,3186688.0
compute-heterogeneous-05,FLEX_FREE,SHARED_NIC,1,7310524416,67328,5836.228674574135,0.010050488848459748,0.010046528866054312,0.0017856881873519383,2176,3359616.0
compute-heterogeneous-05,FLEX_FREE,SHARED_NIC,8,6917642112,63766,6064.3922640959745,0.05717385189018373,0.05715097312764054,0.012791991961882203,2057,3362976.233349538
compute-heterogeneous-05,FLEX_FREE,SHARED_NIC,32,5547638784,51156,4895.166088451937,0.050665143691990246,0.05064476597659617,0.01186589238850218,1649,3364244.2595512434
compute-heterogeneous-05,FLEX_FREE,SHARED_NIC,64,3717905280,34286,3284.3114985588327,0.033346043932865665,0.03333263529682644,0.007570617792816159,1105,3364620.1628959277
compute-heterogeneous-05,FLEX_FREE,SHARED_NIC,128,7378380288,68042,6491.04241901348,0.033121487048171194,0.03310817082452513,0.00753544050895564,2193,3364514.4952120385
compute-heterogeneous-05,FLEX_FREE_NO_ALT,SHARED_NIC,1,7310524416,67328,5798.714603534014,0.010050488848459748,0.010046528866054312,0.0017856881873519383,2176,3359616.0
compute-heterogeneous-05,FLEX_FREE_NO_ALT,SHARED_NIC,8,6910730112,63646,5909.573121408835,0.05361155378514654,0.05359043035394649,0.009525259889661039,2057,3359616.0
compute-heterogeneous-05,FLEX_FREE_NO_ALT,SHARED_NIC,32,5540006784,51022,4781.855867959472,0.04672764229451057,0.04670923118594423,0.008302183120266995,1649,3359616.0
compute-heterogeneous-05,FLEX_FREE_NO_ALT,SHARED_NIC,64,3712375680,34190,3204.6380698986613,0.03148190753787772,0.03146950338502313,0.005593446373935279,1105,3359616.0
compute-heterogeneous-05,FLEX_FREE_NO_ALT,SHARED_NIC,128,7367637888,67854,6353.473024978637,0.03112240993558236,0.03111014742799512,0.005529573797040823,2193,3359616.0
compute-heterogeneous-05,FLEX_POOL,LEGACY_DIRECTED_LINK,1,6871842816,58368,0.0,0.0013307363160073987,0.0017017527849234133,0.0006653681580036973,2176,3158016.0
compute-heterogeneous-05,FLEX_POOL,LEGACY_DIRECTED_LINK,8,6496038912,55176,0.0,0.0012579616737262713,0.0016086881794985883,0.0006289808368631337,2057,3158016.0
compute-heterogeneous-05,FLEX_POOL,LEGACY_DIRECTED_LINK,32,5207568384,44232,0.0,0.0010084486144762781,0.0012896095323272315,0.0005042243072381371,1649,3158016.0
compute-heterogeneous-05,FLEX_POOL,LEGACY_DIRECTED_LINK,64,3489607680,29640,0.0,0.0006757645354746324,0.0008641713360966397,0.0003378822677373151,1105,3158016.0
compute-heterogeneous-05,FLEX_POOL,LEGACY_DIRECTED_LINK,128,6925529088,58824,0.0,0.0006705663467407703,0.0008575238642812243,0.00033528317337038415,2193,3158016.0
compute-heterogeneous-05,FLEX_POOL,SHARED_NIC,1,6871842816,58368,1004.8850739223562,0.0036810646424738844,0.004707365337114774,0.0018405323212369368,2176,3158016.0
compute-heterogeneous-05,FLEX_POOL,SHARED_NIC,8,6496038912,55176,1283.1426485931206,0.019854119134628857,0.025389554732320116,0.009927059567314397,2057,3158016.0
compute-heterogeneous-05,FLEX_POOL,SHARED_NIC,32,5207568384,44232,1020.8879517862006,0.01647971414169377,0.02107434741054532,0.008239857070846852,1649,3158016.0
compute-heterogeneous-05,FLEX_POOL,SHARED_NIC,64,3489607680,29640,704.2179433262863,0.011111221175791816,0.0142090896238069,0.005555610587895889,1105,3158016.0
compute-heterogeneous-05,FLEX_POOL,SHARED_NIC,128,6925529088,58824,1368.5101722193504,0.011086223197506432,0.014177122074223324,0.0055431115987532,2193,3158016.0
compute-heterogeneous-05,FLEX_POOL_NO_ALT,SHARED_NIC,1,6871842816,58368,1004.8850739223562,0.0036810646424738844,0.004707365337114774,0.0018405323212369368,2176,3158016.0
compute-heterogeneous-05,FLEX_POOL_NO_ALT,SHARED_NIC,8,6496038912,55176,1283.1426485931206,0.019854119134628857,0.025389554732320116,0.009927059567314397,2057,3158016.0
compute-heterogeneous-05,FLEX_POOL_NO_ALT,SHARED_NIC,32,5207568384,44232,1020.8879517862006,0.01647971414169377,0.02107434741054532,0.008239857070846852,1649,3158016.0
compute-heterogeneous-05,FLEX_POOL_NO_ALT,SHARED_NIC,64,3489607680,29640,704.2179433262863,0.011111221175791816,0.0142090896238069,0.005555610587895889,1105,3158016.0
compute-heterogeneous-05,FLEX_POOL_NO_ALT,SHARED_NIC,128,6925529088,58824,1368.5101722193504,0.011086223197506432,0.014177122074223324,0.0055431115987532,2193,3158016.0
compute-heterogeneous-05,U_STRONG,LEGACY_DIRECTED_LINK,1,6871842816,58368,0.0,0.0013307363160073987,0.0017017527849234133,0.0006653681580036973,2176,3158016.0
compute-heterogeneous-05,U_STRONG,LEGACY_DIRECTED_LINK,8,6496038912,55176,0.0,0.0012579616737262713,0.0016086881794985883,0.0006289808368631337,2057,3158016.0
compute-heterogeneous-05,U_STRONG,LEGACY_DIRECTED_LINK,32,5207568384,44232,0.0,0.0010084486144762781,0.0012896095323272315,0.0005042243072381371,1649,3158016.0
compute-heterogeneous-05,U_STRONG,LEGACY_DIRECTED_LINK,64,3489607680,29640,0.0,0.0006757645354746324,0.0008641713360966397,0.0003378822677373151,1105,3158016.0
compute-heterogeneous-05,U_STRONG,LEGACY_DIRECTED_LINK,128,6925529088,58824,0.0,0.0006705663467407703,0.0008575238642812243,0.00033528317337038415,2193,3158016.0
compute-heterogeneous-05,U_STRONG,SHARED_NIC,1,6871842816,58368,1004.8850739223562,0.0036810646424738844,0.004707365337114774,0.0018405323212369368,2176,3158016.0
compute-heterogeneous-05,U_STRONG,SHARED_NIC,8,6496038912,55176,1283.1426485931206,0.019854119134628857,0.025389554732320116,0.009927059567314397,2057,3158016.0
compute-heterogeneous-05,U_STRONG,SHARED_NIC,32,5207568384,44232,1020.8879517862006,0.01647971414169377,0.02107434741054532,0.008239857070846852,1649,3158016.0
compute-heterogeneous-05,U_STRONG,SHARED_NIC,64,3489607680,29640,704.2179433262863,0.011111221175791816,0.0142090896238069,0.005555610587895889,1105,3158016.0
compute-heterogeneous-05,U_STRONG,SHARED_NIC,128,6925529088,58824,1368.5101722193504,0.011086223197506432,0.014177122074223324,0.0055431115987532,2193,3158016.0
compute-heterogeneous-06,FLEX_FREE,SHARED_NIC,1,7497695232,69248,5930.15005184907,0.00876999316164425,0.009986530091353384,0.003550047793525756,2176,3445632.0
compute-heterogeneous-06,FLEX_FREE,SHARED_NIC,8,7087665024,65461,5884.8805053098395,0.04822958357536395,0.05491979056213009,0.01952308554848246,2057,3445632.0
compute-heterogeneous-06,FLEX_FREE,SHARED_NIC,32,5681847168,52477,4709.407275759193,0.04109822376492801,0.04679919821655585,0.01663634804558458,1649,3445632.0
compute-heterogeneous-06,FLEX_FREE,SHARED_NIC,64,3807423360,35165,3164.9076057745697,0.0271029580930628,0.03086256757243757,0.010971137012638129,1105,3445632.0
compute-heterogeneous-06,FLEX_FREE,SHARED_NIC,128,7556270976,69789,6261.5694650166115,0.027033894330577245,0.030783923572428512,0.010943180359411008,2193,3445632.0
compute-heterogeneous-06,FLEX_FREE_NO_ALT,SHARED_NIC,1,7497695232,69248,5930.15005184907,0.00876999316164425,0.009986530091353384,0.003550047793525756,2176,3445632.0
compute-heterogeneous-06,FLEX_FREE_NO_ALT,SHARED_NIC,8,7087665024,65461,5840.166732611905,0.04800640006925788,0.0546656479694802,0.019432742021549234,2057,3445632.0
compute-heterogeneous-06,FLEX_FREE_NO_ALT,SHARED_NIC,32,5681847168,52477,4704.081499459146,0.04069001174769864,0.04633436072825057,0.01647110593600189,1649,3445632.0
compute-heterogeneous-06,FLEX_FREE_NO_ALT,SHARED_NIC,64,3807423360,35165,3150.526695838962,0.027235815663425294,0.03101385459168998,0.011024917068771052,1105,3445632.0
compute-heterogeneous-06,FLEX_FREE_NO_ALT,SHARED_NIC,128,7556270976,69789,6238.803783986805,0.02701420103301124,0.030761498502634727,0.010935208614589449,2193,3445632.0
compute-heterogeneous-06,FLEX_POOL,LEGACY_DIRECTED_LINK,1,7059013632,60288,0.0,0.0013693471147826547,0.002502074839533949,0.0013693471147826547,2176,3244032.0
compute-heterogeneous-06,FLEX_POOL,LEGACY_DIRECTED_LINK,8,6672973824,56991,0.0,0.0012944609444434751,0.0023652426217478442,0.0012944609444434751,2057,3244032.0
compute-heterogeneous-06,FLEX_POOL,LEGACY_DIRECTED_LINK,32,5349408768,45687,0.0,0.0010377083604229747,0.0018961035893375084,0.0010377083604229747,1649,3244032.0
compute-heterogeneous-06,FLEX_POOL,LEGACY_DIRECTED_LINK,64,3584655360,30615,0.0,0.0006953715817277636,0.0012705848794548485,0.0006953715817277636,1105,3244032.0
compute-heterogeneous-06,FLEX_POOL,LEGACY_DIRECTED_LINK,128,7114162176,60759,0.0,0.0006900225695613096,0.0012608111496141344,0.0006900225695613096,2193,3244032.0
compute-heterogeneous-06,FLEX_POOL,SHARED_NIC,1,7059013632,60288,1066.8380160008874,0.003679113762405888,0.006722486853276758,0.003679113762405888,2176,3244032.0
compute-heterogeneous-06,FLEX_POOL,SHARED_NIC,8,6672973824,56991,1189.958975608076,0.019457888443915963,0.03555350763908237,0.019457888443915963,2057,3244032.0
compute-heterogeneous-06,FLEX_POOL,SHARED_NIC,32,5349408768,45687,933.6444361600443,0.01628078176798087,0.029748289524145707,0.01628078176798087,1649,3244032.0
compute-heterogeneous-06,FLEX_POOL,SHARED_NIC,64,3584655360,30615,650.0606207320598,0.010934555380056662,0.019979649865675485,0.010934555380056662,1105,3244032.0
compute-heterogeneous-06,FLEX_POOL,SHARED_NIC,128,7114162176,60759,1251.6287830166257,0.010817185894953976,0.01976519201752708,0.010817185894953976,2193,3244032.0
compute-heterogeneous-06,FLEX_POOL_NO_ALT,SHARED_NIC,1,7059013632,60288,1066.8380160008874,0.003679113762405888,0.006722486853276758,0.003679113762405888,2176,3244032.0
compute-heterogeneous-06,FLEX_POOL_NO_ALT,SHARED_NIC,8,6672973824,56991,1189.958975608076,0.019457888443915963,0.03555350763908237,0.019457888443915963,2057,3244032.0
compute-heterogeneous-06,FLEX_POOL_NO_ALT,SHARED_NIC,32,5349408768,45687,933.6444361600443,0.01628078176798087,0.029748289524145707,0.01628078176798087,1649,3244032.0
compute-heterogeneous-06,FLEX_POOL_NO_ALT,SHARED_NIC,64,3584655360,30615,650.0606207320598,0.010934555380056662,0.019979649865675485,0.010934555380056662,1105,3244032.0
compute-heterogeneous-06,FLEX_POOL_NO_ALT,SHARED_NIC,128,7114162176,60759,1251.6287830166257,0.010817185894953976,0.01976519201752708,0.010817185894953976,2193,3244032.0
compute-heterogeneous-06,U_STRONG,LEGACY_DIRECTED_LINK,1,7059013632,60288,0.0,0.0013693471147826547,0.002502074839533949,0.0013693471147826547,2176,3244032.0
compute-heterogeneous-06,U_STRONG,LEGACY_DIRECTED_LINK,8,6672973824,56991,0.0,0.0012944609444434751,0.0023652426217478442,0.0012944609444434751,2057,3244032.0
compute-heterogeneous-06,U_STRONG,LEGACY_DIRECTED_LINK,32,5349408768,45687,0.0,0.0010377083604229747,0.0018961035893375084,0.0010377083604229747,1649,3244032.0
compute-heterogeneous-06,U_STRONG,LEGACY_DIRECTED_LINK,64,3584655360,30615,0.0,0.0006953715817277636,0.0012705848794548485,0.0006953715817277636,1105,3244032.0
compute-heterogeneous-06,U_STRONG,LEGACY_DIRECTED_LINK,128,7114162176,60759,0.0,0.0006900225695613096,0.0012608111496141344,0.0006900225695613096,2193,3244032.0
compute-heterogeneous-06,U_STRONG,SHARED_NIC,1,7059013632,60288,1066.8380160008874,0.003679113762405888,0.006722486853276758,0.003679113762405888,2176,3244032.0
compute-heterogeneous-06,U_STRONG,SHARED_NIC,8,6672973824,56991,1189.958975608076,0.019457888443915963,0.03555350763908237,0.019457888443915963,2057,3244032.0
compute-heterogeneous-06,U_STRONG,SHARED_NIC,32,5349408768,45687,933.6444361600443,0.01628078176798087,0.029748289524145707,0.01628078176798087,1649,3244032.0
compute-heterogeneous-06,U_STRONG,SHARED_NIC,64,3584655360,30615,650.0606207320598,0.010934555380056662,0.019979649865675485,0.010934555380056662,1105,3244032.0
compute-heterogeneous-06,U_STRONG,SHARED_NIC,128,7114162176,60759,1251.6287830166257,0.010817185894953976,0.01976519201752708,0.010817185894953976,2193,3244032.0
network-heterogeneous-01,FLEX_FREE,SHARED_NIC,1,7811596288,76928,47037.21520641887,0.14128891965473261,0.15389188008817561,0.13796059511502864,2176,3589888.0
network-heterogeneous-01,FLEX_FREE,SHARED_NIC,8,7396927616,72943,296568.9685471776,0.7108006406321093,0.7776737696319911,0.6971669720475446,2057,3595978.4229460377
network-heterogeneous-01,FLEX_FREE,SHARED_NIC,32,5942304512,58701,1455540.4729038593,0.6830741045942161,0.746075887435341,0.6688401842421933,1649,3603580.662219527
network-heterogeneous-01,FLEX_FREE,SHARED_NIC,64,3981571840,39333,1372779.7381960563,0.4610543135040593,0.5034579486367217,0.4513386812190274,1105,3603232.4343891405
network-heterogeneous-01,FLEX_FREE,SHARED_NIC,128,7904563584,78115,4655913.003281722,0.4595218881773975,0.5017878866370271,0.449841508351784,2193,3604452.1586867305
network-heterogeneous-01,FLEX_FREE_NO_ALT,SHARED_NIC,1,7811596288,76928,45633.12048897231,0.145449933028472,0.15687928321911498,0.1406387345565427,2176,3589888.0
network-heterogeneous-01,FLEX_FREE_NO_ALT,SHARED_NIC,8,7384399616,72721,361381.8452582397,0.6127192663761145,0.6608663017040415,0.5924517149463497,2057,3589888.0
network-heterogeneous-01,FLEX_FREE_NO_ALT,SHARED_NIC,32,5919725312,58297,1531951.4133115031,0.6917182103645179,0.746072925384932,0.6688375288308944,1649,3589888.0
network-heterogeneous-01,FLEX_FREE_NO_ALT,SHARED_NIC,64,3966826240,39065,1460790.3084631038,0.46596698304575257,0.5025823304413735,0.450553709281232,1105,3589888.0
network-heterogeneous-01,FLEX_FREE_NO_ALT,SHARED_NIC,128,7872624384,77529,4719915.895737543,0.4652402585146714,0.5017985004239925,0.44985102337210436,2193,3589888.0
network-heterogeneous-01,FLEX_POOL,LEGACY_DIRECTED_LINK,1,6934233088,59008,0.0,0.05879028355825117,0.06546119990727942,0.05776832132661157,2176,3186688.0
network-heterogeneous-01,FLEX_POOL,LEGACY_DIRECTED_LINK,8,6555017216,55781,0.0,0.05557518992618884,0.06188129053738297,0.05460911625409152,2057,3186688.0
network-heterogeneous-01,FLEX_POOL,LEGACY_DIRECTED_LINK,32,5254848512,44717,0.0,0.044552011759084104,0.04960731555484312,0.04377755600541805,1649,3186688.0
network-heterogeneous-01,FLEX_POOL,LEGACY_DIRECTED_LINK,64,3521290240,29965,0.0,0.02985444086959507,0.03324201557810545,0.029335475673837645,1105,3186688.0
network-heterogeneous-01,FLEX_POOL,LEGACY_DIRECTED_LINK,128,6988406784,59469,0.0,0.02962479132437697,0.03298630776589105,0.029109818168588052,2193,3186688.0
network-heterogeneous-01,FLEX_POOL,SHARED_NIC,1,6934233088,59008,38731.430049277005,0.14649863438727365,0.16312179175435892,0.1439520218814464,2176,3186688.0
network-heterogeneous-01,FLEX_POOL,SHARED_NIC,8,6555017216,55781,517532.6725847391,0.6062557793199922,0.6750474459897303,0.595717124432159,2057,3186688.0
network-heterogeneous-01,FLEX_POOL,SHARED_NIC,32,5254848512,44717,1788193.5643996908,0.6677764340563118,0.743548831497264,0.6561683543962039,1649,3186688.0
network-heterogeneous-01,FLEX_POOL,SHARED_NIC,64,3521290240,29965,1582089.6000975019,0.45214103285508933,0.5034453441389616,0.4442813827396997,1105,3186688.0
network-heterogeneous-01,FLEX_POOL,SHARED_NIC,128,6988406784,59469,5689129.963705587,0.44716779170480164,0.4979077907641148,0.43939459234822437,2193,3186688.0
network-heterogeneous-01,FLEX_POOL_NO_ALT,SHARED_NIC,1,6934233088,59008,38731.430049277005,0.14649863438727365,0.16312179175435892,0.1439520218814464,2176,3186688.0
network-heterogeneous-01,FLEX_POOL_NO_ALT,SHARED_NIC,8,6555017216,55781,517532.6725847391,0.6062557793199922,0.6750474459897303,0.595717124432159,2057,3186688.0
network-heterogeneous-01,FLEX_POOL_NO_ALT,SHARED_NIC,32,5254848512,44717,1788193.5643996908,0.6677764340563118,0.743548831497264,0.6561683543962039,1649,3186688.0
network-heterogeneous-01,FLEX_POOL_NO_ALT,SHARED_NIC,64,3521290240,29965,1582089.6000975019,0.45214103285508933,0.5034453441389616,0.4442813827396997,1105,3186688.0
network-heterogeneous-01,FLEX_POOL_NO_ALT,SHARED_NIC,128,6988406784,59469,5689129.963705587,0.44716779170480164,0.4979077907641148,0.43939459234822437,2193,3186688.0
network-heterogeneous-01,U_STRONG,LEGACY_DIRECTED_LINK,1,6934233088,59008,0.0,0.05879028355825117,0.06546119990727942,0.05776832132661157,2176,3186688.0
network-heterogeneous-01,U_STRONG,LEGACY_DIRECTED_LINK,8,6555017216,55781,0.0,0.05557518992618884,0.06188129053738297,0.05460911625409152,2057,3186688.0
network-heterogeneous-01,U_STRONG,LEGACY_DIRECTED_LINK,32,5254848512,44717,0.0,0.044552011759084104,0.04960731555484312,0.04377755600541805,1649,3186688.0
network-heterogeneous-01,U_STRONG,LEGACY_DIRECTED_LINK,64,3521290240,29965,0.0,0.02985444086959507,0.03324201557810545,0.029335475673837645,1105,3186688.0
network-heterogeneous-01,U_STRONG,LEGACY_DIRECTED_LINK,128,6988406784,59469,0.0,0.02962479132437697,0.03298630776589105,0.029109818168588052,2193,3186688.0
network-heterogeneous-01,U_STRONG,SHARED_NIC,1,6934233088,59008,38731.430049277005,0.14649863438727365,0.16312179175435892,0.1439520218814464,2176,3186688.0
network-heterogeneous-01,U_STRONG,SHARED_NIC,8,6555017216,55781,517532.6725847391,0.6062557793199922,0.6750474459897303,0.595717124432159,2057,3186688.0
network-heterogeneous-01,U_STRONG,SHARED_NIC,32,5254848512,44717,1788193.5643996908,0.6677764340563118,0.743548831497264,0.6561683543962039,1649,3186688.0
network-heterogeneous-01,U_STRONG,SHARED_NIC,64,3521290240,29965,1582089.6000975019,0.45214103285508933,0.5034453441389616,0.4442813827396997,1105,3186688.0
network-heterogeneous-01,U_STRONG,SHARED_NIC,128,6988406784,59469,5689129.963705587,0.44716779170480164,0.4979077907641148,0.43939459234822437,2193,3186688.0
network-heterogeneous-02,FLEX_FREE,SHARED_NIC,1,6996623360,59648,37919.91018751918,0.1441772488138871,0.20046394881096594,0.1429730618852335,2176,3215360.0
network-heterogeneous-02,FLEX_FREE,SHARED_NIC,8,6613995520,56386,473689.53026492556,0.6338096858430688,0.8812485566481512,0.6285160258153937,2057,3215360.0
network-heterogeneous-02,FLEX_FREE,SHARED_NIC,32,5302128640,45202,2808579.5754182185,0.5167787741331531,0.7185288565059923,0.51246257133461,1649,3215360.0
network-heterogeneous-02,FLEX_FREE,SHARED_NIC,64,3552972800,30290,2919449.309507257,0.3462950548314912,0.4814884089988574,0.3434027539871069,1105,3215360.0
network-heterogeneous-02,FLEX_FREE,SHARED_NIC,128,7051284480,60114,11565375.959862951,0.34363124671740763,0.4777846520065638,0.3407611943410567,2193,3215360.0
network-heterogeneous-02,FLEX_FREE_NO_ALT,SHARED_NIC,1,6996623360,59648,37919.91018751918,0.1441772488138871,0.20046394881096594,0.1429730618852335,2176,3215360.0
network-heterogeneous-02,FLEX_FREE_NO_ALT,SHARED_NIC,8,6613995520,56386,473689.53026492556,0.6338096858430688,0.8812485566481512,0.6285160258153937,2057,3215360.0
network-heterogeneous-02,FLEX_FREE_NO_ALT,SHARED_NIC,32,5302128640,45202,2808579.5754182185,0.5167787741331531,0.7185288565059923,0.51246257133461,1649,3215360.0
network-heterogeneous-02,FLEX_FREE_NO_ALT,SHARED_NIC,64,3552972800,30290,2919449.309507257,0.3462950548314912,0.4814884089988574,0.3434027539871069,1105,3215360.0
network-heterogeneous-02,FLEX_FREE_NO_ALT,SHARED_NIC,128,7051284480,60114,11565375.959862951,0.34363124671740763,0.4777846520065638,0.3407611943410567,2193,3215360.0
network-heterogeneous-02,FLEX_POOL,LEGACY_DIRECTED_LINK,1,6996623360,59648,0.0,0.05818564005052449,0.08090127440064002,0.05769966609998372,2176,3215360.0
network-heterogeneous-02,FLEX_POOL,LEGACY_DIRECTED_LINK,8,6613995520,56386,0.0,0.05500361286028856,0.07647698595689276,0.05454421561016777,2057,3215360.0
network-heterogeneous-02,FLEX_POOL,LEGACY_DIRECTED_LINK,32,5302128640,45202,0.0,0.044093805350875113,0.06130799700685607,0.04372552821648022,1649,3215360.0
network-heterogeneous-02,FLEX_POOL,LEGACY_DIRECTED_LINK,64,3552972800,30290,0.0,0.029547395338313392,0.041082678406792625,0.029300611691553128,1105,3215360.0
network-heterogeneous-02,FLEX_POOL,LEGACY_DIRECTED_LINK,128,7051284480,60114,0.0,0.029320107681784464,0.04076665780355159,0.029075222370769153,2193,3215360.0
network-heterogeneous-02,FLEX_POOL,SHARED_NIC,1,6996623360,59648,37919.91018751918,0.1441772488138871,0.20046394881096594,0.1429730618852335,2176,3215360.0
network-heterogeneous-02,FLEX_POOL,SHARED_NIC,8,6613995520,56386,473689.53026492556,0.6338096858430688,0.8812485566481512,0.6285160258153937,2057,3215360.0
network-heterogeneous-02,FLEX_POOL,SHARED_NIC,32,5302128640,45202,2808579.5754182185,0.5167787741331531,0.7185288565059923,0.51246257133461,1649,3215360.0
network-heterogeneous-02,FLEX_POOL,SHARED_NIC,64,3552972800,30290,2919449.309507257,0.3462950548314912,0.4814884089988574,0.3434027539871069,1105,3215360.0
network-heterogeneous-02,FLEX_POOL,SHARED_NIC,128,7051284480,60114,11565375.959862951,0.34363124671740763,0.4777846520065638,0.3407611943410567,2193,3215360.0
network-heterogeneous-02,FLEX_POOL_NO_ALT,SHARED_NIC,1,6996623360,59648,37919.91018751918,0.1441772488138871,0.20046394881096594,0.1429730618852335,2176,3215360.0
network-heterogeneous-02,FLEX_POOL_NO_ALT,SHARED_NIC,8,6613995520,56386,473689.53026492556,0.6338096858430688,0.8812485566481512,0.6285160258153937,2057,3215360.0
network-heterogeneous-02,FLEX_POOL_NO_ALT,SHARED_NIC,32,5302128640,45202,2808579.5754182185,0.5167787741331531,0.7185288565059923,0.51246257133461,1649,3215360.0
network-heterogeneous-02,FLEX_POOL_NO_ALT,SHARED_NIC,64,3552972800,30290,2919449.309507257,0.3462950548314912,0.4814884089988574,0.3434027539871069,1105,3215360.0
network-heterogeneous-02,FLEX_POOL_NO_ALT,SHARED_NIC,128,7051284480,60114,11565375.959862951,0.34363124671740763,0.4777846520065638,0.3407611943410567,2193,3215360.0
network-heterogeneous-02,U_STRONG,LEGACY_DIRECTED_LINK,1,6996623360,59648,0.0,0.05818564005052449,0.08090127440064002,0.05769966609998372,2176,3215360.0
network-heterogeneous-02,U_STRONG,LEGACY_DIRECTED_LINK,8,6613995520,56386,0.0,0.05500361286028856,0.07647698595689276,0.05454421561016777,2057,3215360.0
network-heterogeneous-02,U_STRONG,LEGACY_DIRECTED_LINK,32,5302128640,45202,0.0,0.044093805350875113,0.06130799700685607,0.04372552821648022,1649,3215360.0
network-heterogeneous-02,U_STRONG,LEGACY_DIRECTED_LINK,64,3552972800,30290,0.0,0.029547395338313392,0.041082678406792625,0.029300611691553128,1105,3215360.0
network-heterogeneous-02,U_STRONG,LEGACY_DIRECTED_LINK,128,7051284480,60114,0.0,0.029320107681784464,0.04076665780355159,0.029075222370769153,2193,3215360.0
network-heterogeneous-02,U_STRONG,SHARED_NIC,1,6996623360,59648,37919.91018751918,0.1441772488138871,0.20046394881096594,0.1429730618852335,2176,3215360.0
network-heterogeneous-02,U_STRONG,SHARED_NIC,8,6613995520,56386,473689.53026492556,0.6338096858430688,0.8812485566481512,0.6285160258153937,2057,3215360.0
network-heterogeneous-02,U_STRONG,SHARED_NIC,32,5302128640,45202,2808579.5754182185,0.5167787741331531,0.7185288565059923,0.51246257133461,1649,3215360.0
network-heterogeneous-02,U_STRONG,SHARED_NIC,64,3552972800,30290,2919449.309507257,0.3462950548314912,0.4814884089988574,0.3434027539871069,1105,3215360.0
network-heterogeneous-02,U_STRONG,SHARED_NIC,128,7051284480,60114,11565375.959862951,0.34363124671740763,0.4777846520065638,0.3407611943410567,2193,3215360.0
network-heterogeneous-03,FLEX_FREE,SHARED_NIC,1,7497695232,69248,99226.69612030777,0.15128749211275214,0.2676812660901623,0.13221698415928645,2176,3445632.0
network-heterogeneous-03,FLEX_FREE,SHARED_NIC,8,7087665024,65461,1141694.2383491818,0.4806442413741513,0.8504302455756922,0.4200567486481706,2057,3445632.0
network-heterogeneous-03,FLEX_FREE,SHARED_NIC,32,5681847168,52477,4801913.737306285,0.4258747232488815,0.7535235300886393,0.3721911887842821,1649,3445632.0
network-heterogeneous-03,FLEX_FREE,SHARED_NIC,64,3807423360,35165,7042897.593204668,0.2870871882710752,0.5079591244555296,0.2508984827092091,1105,3445632.0
network-heterogeneous-03,FLEX_FREE,SHARED_NIC,128,7556270976,69789,33338721.61257257,0.28487755415065324,0.5040494974884174,0.24896738347940608,2193,3445632.0
network-heterogeneous-03,FLEX_FREE_NO_ALT,SHARED_NIC,1,7497695232,69248,99226.69612030777,0.15128749211275214,0.2676812660901623,0.13221698415928645,2176,3445632.0
network-heterogeneous-03,FLEX_FREE_NO_ALT,SHARED_NIC,8,7087665024,65461,1141694.2383491818,0.4806442413741513,0.8504302455756922,0.4200567486481706,2057,3445632.0
network-heterogeneous-03,FLEX_FREE_NO_ALT,SHARED_NIC,32,5681847168,52477,4801913.737306285,0.4258747232488815,0.7535235300886393,0.3721911887842821,1649,3445632.0
network-heterogeneous-03,FLEX_FREE_NO_ALT,SHARED_NIC,64,3807423360,35165,7042897.593204668,0.2870871882710752,0.5079591244555296,0.2508984827092091,1105,3445632.0
network-heterogeneous-03,FLEX_FREE_NO_ALT,SHARED_NIC,128,7556270976,69789,33338721.61257257,0.28487755415065324,0.5040494974884174,0.24896738347940608,2193,3445632.0
network-heterogeneous-03,FLEX_POOL,LEGACY_DIRECTED_LINK,1,7497695232,69248,0.0,0.06760766856203723,0.11962195992119797,0.05908540037567124,2176,3445632.0
network-heterogeneous-03,FLEX_POOL,LEGACY_DIRECTED_LINK,8,7087665024,65461,0.0,0.06391037418757152,0.11308013398804408,0.05585416754264482,2057,3445632.0
network-heterogeneous-03,FLEX_POOL,LEGACY_DIRECTED_LINK,32,5681847168,52477,0.0,0.05123393633225812,0.09065101650294087,0.04477565497226643,1649,3445632.0
network-heterogeneous-03,FLEX_POOL,LEGACY_DIRECTED_LINK,64,3807423360,35165,0.0,0.03433201919182964,0.06074552652278448,0.030004304878419305,1105,3445632.0
network-heterogeneous-03,FLEX_POOL,LEGACY_DIRECTED_LINK,128,7556270976,69789,0.0,0.034067926736427764,0.06027825324169808,0.0297735025331306,2193,3445632.0
network-heterogeneous-03,FLEX_POOL,SHARED_NIC,1,7497695232,69248,99226.69612030777,0.15128749211275214,0.2676812660901623,0.13221698415928645,2176,3445632.0
network-heterogeneous-03,FLEX_POOL,SHARED_NIC,8,7087665024,65461,1141694.2383491818,0.4806442413741513,0.8504302455756922,0.4200567486481706,2057,3445632.0
network-heterogeneous-03,FLEX_POOL,SHARED_NIC,32,5681847168,52477,4801913.737306285,0.4258747232488815,0.7535235300886393,0.3721911887842821,1649,3445632.0
network-heterogeneous-03,FLEX_POOL,SHARED_NIC,64,3807423360,35165,7042897.593204668,0.2870871882710752,0.5079591244555296,0.2508984827092091,1105,3445632.0
network-heterogeneous-03,FLEX_POOL,SHARED_NIC,128,7556270976,69789,33338721.61257257,0.28487755415065324,0.5040494974884174,0.24896738347940608,2193,3445632.0
network-heterogeneous-03,FLEX_POOL_NO_ALT,SHARED_NIC,1,7497695232,69248,99226.69612030777,0.15128749211275214,0.2676812660901623,0.13221698415928645,2176,3445632.0
network-heterogeneous-03,FLEX_POOL_NO_ALT,SHARED_NIC,8,7087665024,65461,1141694.2383491818,0.4806442413741513,0.8504302455756922,0.4200567486481706,2057,3445632.0
network-heterogeneous-03,FLEX_POOL_NO_ALT,SHARED_NIC,32,5681847168,52477,4801913.737306285,0.4258747232488815,0.7535235300886393,0.3721911887842821,1649,3445632.0
network-heterogeneous-03,FLEX_POOL_NO_ALT,SHARED_NIC,64,3807423360,35165,7042897.593204668,0.2870871882710752,0.5079591244555296,0.2508984827092091,1105,3445632.0
network-heterogeneous-03,FLEX_POOL_NO_ALT,SHARED_NIC,128,7556270976,69789,33338721.61257257,0.28487755415065324,0.5040494974884174,0.24896738347940608,2193,3445632.0
network-heterogeneous-03,U_STRONG,LEGACY_DIRECTED_LINK,1,7497695232,69248,0.0,0.06760766856203723,0.11962195992119797,0.05908540037567124,2176,3445632.0
network-heterogeneous-03,U_STRONG,LEGACY_DIRECTED_LINK,8,7087665024,65461,0.0,0.06391037418757152,0.11308013398804408,0.05585416754264482,2057,3445632.0
network-heterogeneous-03,U_STRONG,LEGACY_DIRECTED_LINK,32,5681847168,52477,0.0,0.05123393633225812,0.09065101650294087,0.04477565497226643,1649,3445632.0
network-heterogeneous-03,U_STRONG,LEGACY_DIRECTED_LINK,64,3807423360,35165,0.0,0.03433201919182964,0.06074552652278448,0.030004304878419305,1105,3445632.0
network-heterogeneous-03,U_STRONG,LEGACY_DIRECTED_LINK,128,7556270976,69789,0.0,0.034067926736427764,0.06027825324169808,0.0297735025331306,2193,3445632.0
network-heterogeneous-03,U_STRONG,SHARED_NIC,1,7497695232,69248,99226.69612030777,0.15128749211275214,0.2676812660901623,0.13221698415928645,2176,3445632.0
network-heterogeneous-03,U_STRONG,SHARED_NIC,8,7087665024,65461,1141694.2383491818,0.4806442413741513,0.8504302455756922,0.4200567486481706,2057,3445632.0
network-heterogeneous-03,U_STRONG,SHARED_NIC,32,5681847168,52477,4801913.737306285,0.4258747232488815,0.7535235300886393,0.3721911887842821,1649,3445632.0
network-heterogeneous-03,U_STRONG,SHARED_NIC,64,3807423360,35165,7042897.593204668,0.2870871882710752,0.5079591244555296,0.2508984827092091,1105,3445632.0
network-heterogeneous-03,U_STRONG,SHARED_NIC,128,7556270976,69789,33338721.61257257,0.28487755415065324,0.5040494974884174,0.24896738347940608,2193,3445632.0
network-heterogeneous-04,FLEX_FREE,SHARED_NIC,1,7464796160,69120,5072.162140157228,0.03461056072765376,0.03833067097590343,0.025956070799751773,2176,3430512.9411764704
network-heterogeneous-04,FLEX_FREE,SHARED_NIC,8,7040811520,65074,11526.029801613953,0.1741333668509132,0.19285006224575876,0.13059071865802296,2057,3422854.4093339816
network-heterogeneous-04,FLEX_FREE,SHARED_NIC,32,5644963840,52180,9258.606474674754,0.1400620033391464,0.15511654400701871,0.1050390169530315,1649,3423264.91206792
network-heterogeneous-04,FLEX_FREE,SHARED_NIC,64,3781961600,34948,6134.534107280277,0.09310866094695726,0.10311642957327775,0.06982651955934198,1105,3422589.6832579183
network-heterogeneous-04,FLEX_FREE,SHARED_NIC,128,7505028480,69352,12320.56763598389,0.09263864439723819,0.102595893374449,0.06947403226687755,2193,3422265.60875513
network-heterogeneous-04,FLEX_FREE_NO_ALT,SHARED_NIC,1,7435304960,68608,4139.722941392249,0.03434117034971343,0.03803232521889133,0.025754042413745175,2176,3416960.0
network-heterogeneous-04,FLEX_FREE_NO_ALT,SHARED_NIC,8,7028686720,64856,9967.911753559387,0.1732163429820195,0.19183447222188693,0.12990299976628453,2057,3416960.0
network-heterogeneous-04,FLEX_FREE_NO_ALT,SHARED_NIC,32,5634567040,51992,7778.487685129861,0.13866018404802435,0.15356405040720422,0.10398772740429704,1649,3416960.0
network-heterogeneous-04,FLEX_FREE_NO_ALT,SHARED_NIC,64,3775740800,34840,5425.233306848422,0.09341180211946999,0.10345215382329118,0.07005385923748171,1105,3416960.0
network-heterogeneous-04,FLEX_FREE_NO_ALT,SHARED_NIC,128,7493393280,69144,11730.799415632944,0.09243209504760705,0.10236714310301313,0.0693191312935921,2193,3416960.0
network-heterogeneous-04,FLEX_POOL,LEGACY_DIRECTED_LINK,1,6996623360,59648,0.0,0.01335541887308152,0.014790923804953962,0.010015850380403372,2176,3215360.0
network-heterogeneous-04,FLEX_POOL,LEGACY_DIRECTED_LINK,8,6613995520,56386,0.0,0.012625044403456614,0.013982045159366924,0.009468108562722616,2057,3215360.0
network-heterogeneous-04,FLEX_POOL,LEGACY_DIRECTED_LINK,32,5302128640,45202,0.0,0.010120903364764264,0.0112087469459496,0.007590136616404805,1649,3215360.0
network-heterogeneous-04,FLEX_POOL,LEGACY_DIRECTED_LINK,64,3552972800,30290,0.0,0.0067820486465136574,0.007511015994733016,0.005086174021318804,1105,3215360.0
network-heterogeneous-04,FLEX_POOL,LEGACY_DIRECTED_LINK,128,7051284480,60114,0.0,0.006729879041526336,0.007453238948604038,0.005047049605759587,2193,3215360.0
network-heterogeneous-04,FLEX_POOL,SHARED_NIC,1,6996623360,59648,722.7051980761239,0.03389503436711463,0.03753823638588833,0.025419464270334775,2176,3215360.0
network-heterogeneous-04,FLEX_POOL,SHARED_NIC,8,6613995520,56386,7525.967661988645,0.1728952699074452,0.19147888866236093,0.12966221211996112,2057,3215360.0
network-heterogeneous-04,FLEX_POOL,SHARED_NIC,32,5302128640,45202,5783.130703801347,0.13891234104021366,0.15384331045092145,0.10417683167202099,1649,3215360.0
network-heterogeneous-04,FLEX_POOL,SHARED_NIC,64,3552972800,30290,4217.344162272217,0.09301757584156843,0.10301555420078848,0.06975821059830321,1105,3215360.0
network-heterogeneous-04,FLEX_POOL,SHARED_NIC,128,7051284480,60114,8001.283546975879,0.09253138918150414,0.10247710985004725,0.0693935965872842,2193,3215360.0
network-heterogeneous-04,FLEX_POOL_NO_ALT,SHARED_NIC,1,6996623360,59648,722.7051980761239,0.03389503436711463,0.03753823638588833,0.025419464270334775,2176,3215360.0
network-heterogeneous-04,FLEX_POOL_NO_ALT,SHARED_NIC,8,6613995520,56386,7525.967661988645,0.1728952699074452,0.19147888866236093,0.12966221211996112,2057,3215360.0
network-heterogeneous-04,FLEX_POOL_NO_ALT,SHARED_NIC,32,5302128640,45202,5783.130703801347,0.13891234104021366,0.15384331045092145,0.10417683167202099,1649,3215360.0
network-heterogeneous-04,FLEX_POOL_NO_ALT,SHARED_NIC,64,3552972800,30290,4217.344162272217,0.09301757584156843,0.10301555420078848,0.06975821059830321,1105,3215360.0
network-heterogeneous-04,FLEX_POOL_NO_ALT,SHARED_NIC,128,7051284480,60114,8001.283546975879,0.09253138918150414,0.10247710985004725,0.0693935965872842,2193,3215360.0
network-heterogeneous-04,U_STRONG,LEGACY_DIRECTED_LINK,1,6996623360,59648,0.0,0.01335541887308152,0.014790923804953962,0.010015850380403372,2176,3215360.0
network-heterogeneous-04,U_STRONG,LEGACY_DIRECTED_LINK,8,6613995520,56386,0.0,0.012625044403456614,0.013982045159366924,0.009468108562722616,2057,3215360.0
network-heterogeneous-04,U_STRONG,LEGACY_DIRECTED_LINK,32,5302128640,45202,0.0,0.010120903364764264,0.0112087469459496,0.007590136616404805,1649,3215360.0
network-heterogeneous-04,U_STRONG,LEGACY_DIRECTED_LINK,64,3552972800,30290,0.0,0.0067820486465136574,0.007511015994733016,0.005086174021318804,1105,3215360.0
network-heterogeneous-04,U_STRONG,LEGACY_DIRECTED_LINK,128,7051284480,60114,0.0,0.006729879041526336,0.007453238948604038,0.005047049605759587,2193,3215360.0
network-heterogeneous-04,U_STRONG,SHARED_NIC,1,6996623360,59648,722.7051980761239,0.03389503436711463,0.03753823638588833,0.025419464270334775,2176,3215360.0
network-heterogeneous-04,U_STRONG,SHARED_NIC,8,6613995520,56386,7525.967661988645,0.1728952699074452,0.19147888866236093,0.12966221211996112,2057,3215360.0
network-heterogeneous-04,U_STRONG,SHARED_NIC,32,5302128640,45202,5783.130703801347,0.13891234104021366,0.15384331045092145,0.10417683167202099,1649,3215360.0
network-heterogeneous-04,U_STRONG,SHARED_NIC,64,3552972800,30290,4217.344162272217,0.09301757584156843,0.10301555420078848,0.06975821059830321,1105,3215360.0
network-heterogeneous-04,U_STRONG,SHARED_NIC,128,7051284480,60114,8001.283546975879,0.09253138918150414,0.10247710985004725,0.0693935965872842,2193,3215360.0
network-heterogeneous-05,FLEX_FREE,SHARED_NIC,1,7059013632,60288,2000.5319910379708,0.016189826373389858,0.026458936866098938,0.013229468433049469,2176,3244032.0
network-heterogeneous-05,FLEX_FREE,SHARED_NIC,8,6672973824,56991,2597.703370729635,0.0794530367932306,0.12984962505757577,0.06492481252878789,2057,3244032.0
network-heterogeneous-05,FLEX_FREE,SHARED_NIC,32,5349408768,45687,2062.703917927902,0.0638673999141641,0.10437811148538809,0.05218905574269404,1649,3244032.0
network-heterogeneous-05,FLEX_FREE,SHARED_NIC,64,3584655360,30615,1428.215464006389,0.042718357239441396,0.06981435693959112,0.03490717846979556,1105,3244032.0
network-heterogeneous-05,FLEX_FREE,SHARED_NIC,128,7114162176,60759,2790.0924397959025,0.04242683198906611,0.0693379189583144,0.0346689594791572,2193,3244032.0
network-heterogeneous-05,FLEX_FREE_NO_ALT,SHARED_NIC,1,7059013632,60288,2000.5319910379708,0.016189826373389858,0.026458936866098938,0.013229468433049469,2176,3244032.0
network-heterogeneous-05,FLEX_FREE_NO_ALT,SHARED_NIC,8,6672973824,56991,2597.703370729635,0.0794530367932306,0.12984962505757577,0.06492481252878789,2057,3244032.0
network-heterogeneous-05,FLEX_FREE_NO_ALT,SHARED_NIC,32,5349408768,45687,2062.703917927902,0.0638673999141641,0.10437811148538809,0.05218905574269404,1649,3244032.0
network-heterogeneous-05,FLEX_FREE_NO_ALT,SHARED_NIC,64,3584655360,30615,1428.215464006389,0.042718357239441396,0.06981435693959112,0.03490717846979556,1105,3244032.0
network-heterogeneous-05,FLEX_FREE_NO_ALT,SHARED_NIC,128,7114162176,60759,2790.0924397959025,0.04242683198906611,0.0693379189583144,0.0346689594791572,2193,3244032.0
network-heterogeneous-05,FLEX_POOL,LEGACY_DIRECTED_LINK,1,7059013632,60288,0.0,0.005585061353313064,0.00912763252257523,0.004563816261287615,2176,3244032.0
network-heterogeneous-05,FLEX_POOL,LEGACY_DIRECTED_LINK,8,6672973824,56991,0.0,0.005279628310552851,0.008628465118995421,0.004314232559497711,2057,3244032.0
network-heterogeneous-05,FLEX_POOL,LEGACY_DIRECTED_LINK,32,5349408768,45687,0.0,0.004232429306813549,0.006917034021023844,0.003458517010511922,1649,3244032.0
network-heterogeneous-05,FLEX_POOL,LEGACY_DIRECTED_LINK,64,3584655360,30615,0.0,0.0028361639684928133,0.004635125890392356,0.002317562945196178,1105,3244032.0
network-heterogeneous-05,FLEX_POOL,LEGACY_DIRECTED_LINK,128,7114162176,60759,0.0,0.0028143473225770103,0.004599471075843795,0.0022997355379218974,2193,3244032.0
network-heterogeneous-05,FLEX_POOL,SHARED_NIC,1,7059013632,60288,2000.5319910379708,0.016189826373389858,0.026458936866098938,0.013229468433049469,2176,3244032.0
network-heterogeneous-05,FLEX_POOL,SHARED_NIC,8,6672973824,56991,2597.703370729635,0.0794530367932306,0.12984962505757577,0.06492481252878789,2057,3244032.0
network-heterogeneous-05,FLEX_POOL,SHARED_NIC,32,5349408768,45687,2062.703917927902,0.0638673999141641,0.10437811148538809,0.05218905574269404,1649,3244032.0
network-heterogeneous-05,FLEX_POOL,SHARED_NIC,64,3584655360,30615,1428.215464006389,0.042718357239441396,0.06981435693959112,0.03490717846979556,1105,3244032.0
network-heterogeneous-05,FLEX_POOL,SHARED_NIC,128,7114162176,60759,2790.0924397959025,0.04242683198906611,0.0693379189583144,0.0346689594791572,2193,3244032.0
network-heterogeneous-05,FLEX_POOL_NO_ALT,SHARED_NIC,1,7059013632,60288,2000.5319910379708,0.016189826373389858,0.026458936866098938,0.013229468433049469,2176,3244032.0
network-heterogeneous-05,FLEX_POOL_NO_ALT,SHARED_NIC,8,6672973824,56991,2597.703370729635,0.0794530367932306,0.12984962505757577,0.06492481252878789,2057,3244032.0
network-heterogeneous-05,FLEX_POOL_NO_ALT,SHARED_NIC,32,5349408768,45687,2062.703917927902,0.0638673999141641,0.10437811148538809,0.05218905574269404,1649,3244032.0
network-heterogeneous-05,FLEX_POOL_NO_ALT,SHARED_NIC,64,3584655360,30615,1428.215464006389,0.042718357239441396,0.06981435693959112,0.03490717846979556,1105,3244032.0
network-heterogeneous-05,FLEX_POOL_NO_ALT,SHARED_NIC,128,7114162176,60759,2790.0924397959025,0.04242683198906611,0.0693379189583144,0.0346689594791572,2193,3244032.0
network-heterogeneous-05,U_STRONG,LEGACY_DIRECTED_LINK,1,7059013632,60288,0.0,0.005585061353313064,0.00912763252257523,0.004563816261287615,2176,3244032.0
network-heterogeneous-05,U_STRONG,LEGACY_DIRECTED_LINK,8,6672973824,56991,0.0,0.005279628310552851,0.008628465118995421,0.004314232559497711,2057,3244032.0
network-heterogeneous-05,U_STRONG,LEGACY_DIRECTED_LINK,32,5349408768,45687,0.0,0.004232429306813549,0.006917034021023844,0.003458517010511922,1649,3244032.0
network-heterogeneous-05,U_STRONG,LEGACY_DIRECTED_LINK,64,3584655360,30615,0.0,0.0028361639684928133,0.004635125890392356,0.002317562945196178,1105,3244032.0
network-heterogeneous-05,U_STRONG,LEGACY_DIRECTED_LINK,128,7114162176,60759,0.0,0.0028143473225770103,0.004599471075843795,0.0022997355379218974,2193,3244032.0
network-heterogeneous-05,U_STRONG,SHARED_NIC,1,7059013632,60288,2000.5319910379708,0.016189826373389858,0.026458936866098938,0.013229468433049469,2176,3244032.0
network-heterogeneous-05,U_STRONG,SHARED_NIC,8,6672973824,56991,2597.703370729635,0.0794530367932306,0.12984962505757577,0.06492481252878789,2057,3244032.0
network-heterogeneous-05,U_STRONG,SHARED_NIC,32,5349408768,45687,2062.703917927902,0.0638673999141641,0.10437811148538809,0.05218905574269404,1649,3244032.0
network-heterogeneous-05,U_STRONG,SHARED_NIC,64,3584655360,30615,1428.215464006389,0.042718357239441396,0.06981435693959112,0.03490717846979556,1105,3244032.0
network-heterogeneous-05,U_STRONG,SHARED_NIC,128,7114162176,60759,2790.0924397959025,0.04242683198906611,0.0693379189583144,0.0346689594791572,2193,3244032.0
network-heterogeneous-06,FLEX_FREE,SHARED_NIC,1,7121403904,60928,12024.404858878772,0.06577544075650194,0.06577544075650194,0.06354830509526319,2176,3272704.0
network-heterogeneous-06,FLEX_FREE,SHARED_NIC,8,6731952128,57596,30055.261525875307,0.28751538591415843,0.28751538591415843,0.2777802057046523,2057,3272704.0
network-heterogeneous-06,FLEX_FREE,SHARED_NIC,32,5396688896,46172,24644.644349667782,0.2310558925478884,0.2310558925478884,0.2232324129616742,1649,3272704.0
network-heterogeneous-06,FLEX_FREE,SHARED_NIC,64,3616337920,30940,16254.194204730586,0.1543029517217801,0.1543029517217801,0.14907830248398676,1105,3272704.0
network-heterogeneous-06,FLEX_FREE,SHARED_NIC,128,7177039872,61404,32087.583193599843,0.15370701233742154,0.15370701233742154,0.14850254141906744,2193,3272704.0
network-heterogeneous-06,FLEX_FREE_NO_ALT,SHARED_NIC,1,7121403904,60928,12024.404858878772,0.06577544075650194,0.06577544075650194,0.06354830509526319,2176,3272704.0
network-heterogeneous-06,FLEX_FREE_NO_ALT,SHARED_NIC,8,6731952128,57596,30055.261525875307,0.28751538591415843,0.28751538591415843,0.2777802057046523,2057,3272704.0
network-heterogeneous-06,FLEX_FREE_NO_ALT,SHARED_NIC,32,5396688896,46172,24644.644349667782,0.2310558925478884,0.2310558925478884,0.2232324129616742,1649,3272704.0
network-heterogeneous-06,FLEX_FREE_NO_ALT,SHARED_NIC,64,3616337920,30940,16254.194204730586,0.1543029517217801,0.1543029517217801,0.14907830248398676,1105,3272704.0
network-heterogeneous-06,FLEX_FREE_NO_ALT,SHARED_NIC,128,7177039872,61404,32087.583193599843,0.15370701233742154,0.15370701233742154,0.14850254141906744,2193,3272704.0
network-heterogeneous-06,FLEX_POOL,LEGACY_DIRECTED_LINK,1,7121403904,60928,0.0,0.022313591850098173,0.022313591850098173,0.021558060673596436,2176,3272704.0
network-heterogeneous-06,FLEX_POOL,LEGACY_DIRECTED_LINK,8,6731952128,57596,0.0,0.021093317295807337,0.021093317295807337,0.02037910423052016,2057,3272704.0
network-heterogeneous-06,FLEX_POOL,LEGACY_DIRECTED_LINK,32,5396688896,46172,0.0,0.01690951882394013,0.01690951882394013,0.016336967854246154,1649,3272704.0
network-heterogeneous-06,FLEX_POOL,LEGACY_DIRECTED_LINK,64,3616337920,30940,0.0,0.01133112086144257,0.01133112086144257,0.010947452685873096,1105,3272704.0
network-heterogeneous-06,FLEX_POOL,LEGACY_DIRECTED_LINK,128,7177039872,61404,0.0,0.011243958393238624,0.011243958393238624,0.010863241511328696,2193,3272704.0
network-heterogeneous-06,FLEX_POOL,SHARED_NIC,1,7121403904,60928,12024.404858878772,0.06577544075650194,0.06577544075650194,0.06354830509526319,2176,3272704.0
network-heterogeneous-06,FLEX_POOL,SHARED_NIC,8,6731952128,57596,30055.261525875307,0.28751538591415843,0.28751538591415843,0.2777802057046523,2057,3272704.0
network-heterogeneous-06,FLEX_POOL,SHARED_NIC,32,5396688896,46172,24644.644349667782,0.2310558925478884,0.2310558925478884,0.2232324129616742,1649,3272704.0
network-heterogeneous-06,FLEX_POOL,SHARED_NIC,64,3616337920,30940,16254.194204730586,0.1543029517217801,0.1543029517217801,0.14907830248398676,1105,3272704.0
network-heterogeneous-06,FLEX_POOL,SHARED_NIC,128,7177039872,61404,32087.583193599843,0.15370701233742154,0.15370701233742154,0.14850254141906744,2193,3272704.0
network-heterogeneous-06,FLEX_POOL_NO_ALT,SHARED_NIC,1,7121403904,60928,12024.404858878772,0.06577544075650194,0.06577544075650194,0.06354830509526319,2176,3272704.0
network-heterogeneous-06,FLEX_POOL_NO_ALT,SHARED_NIC,8,6731952128,57596,30055.261525875307,0.28751538591415843,0.28751538591415843,0.2777802057046523,2057,3272704.0
network-heterogeneous-06,FLEX_POOL_NO_ALT,SHARED_NIC,32,5396688896,46172,24644.644349667782,0.2310558925478884,0.2310558925478884,0.2232324129616742,1649,3272704.0
network-heterogeneous-06,FLEX_POOL_NO_ALT,SHARED_NIC,64,3616337920,30940,16254.194204730586,0.1543029517217801,0.1543029517217801,0.14907830248398676,1105,3272704.0
network-heterogeneous-06,FLEX_POOL_NO_ALT,SHARED_NIC,128,7177039872,61404,32087.583193599843,0.15370701233742154,0.15370701233742154,0.14850254141906744,2193,3272704.0
network-heterogeneous-06,U_STRONG,LEGACY_DIRECTED_LINK,1,7121403904,60928,0.0,0.022313591850098173,0.022313591850098173,0.021558060673596436,2176,3272704.0
network-heterogeneous-06,U_STRONG,LEGACY_DIRECTED_LINK,8,6731952128,57596,0.0,0.021093317295807337,0.021093317295807337,0.02037910423052016,2057,3272704.0
network-heterogeneous-06,U_STRONG,LEGACY_DIRECTED_LINK,32,5396688896,46172,0.0,0.01690951882394013,0.01690951882394013,0.016336967854246154,1649,3272704.0
network-heterogeneous-06,U_STRONG,LEGACY_DIRECTED_LINK,64,3616337920,30940,0.0,0.01133112086144257,0.01133112086144257,0.010947452685873096,1105,3272704.0
network-heterogeneous-06,U_STRONG,LEGACY_DIRECTED_LINK,128,7177039872,61404,0.0,0.011243958393238624,0.011243958393238624,0.010863241511328696,2193,3272704.0
network-heterogeneous-06,U_STRONG,SHARED_NIC,1,7121403904,60928,12024.404858878772,0.06577544075650194,0.06577544075650194,0.06354830509526319,2176,3272704.0
network-heterogeneous-06,U_STRONG,SHARED_NIC,8,6731952128,57596,30055.261525875307,0.28751538591415843,0.28751538591415843,0.2777802057046523,2057,3272704.0
network-heterogeneous-06,U_STRONG,SHARED_NIC,32,5396688896,46172,24644.644349667782,0.2310558925478884,0.2310558925478884,0.2232324129616742,1649,3272704.0
network-heterogeneous-06,U_STRONG,SHARED_NIC,64,3616337920,30940,16254.194204730586,0.1543029517217801,0.1543029517217801,0.14907830248398676,1105,3272704.0
network-heterogeneous-06,U_STRONG,SHARED_NIC,128,7177039872,61404,32087.583193599843,0.15370701233742154,0.15370701233742154,0.14850254141906744,2193,3272704.0
full-mixed-01,FLEX_FREE,SHARED_NIC,1,7497695232,69248,3444.4333926285058,0.010690022704529857,0.01801323024337913,0.009006615121689565,2176,3445632.0
full-mixed-01,FLEX_FREE,SHARED_NIC,8,7087665024,65461,4729.462795202682,0.06907649104229494,0.11639738959790162,0.05819869479895081,2057,3445632.0
full-mixed-01,FLEX_FREE,SHARED_NIC,32,5681847168,52477,3610.8941244326306,0.05578934294689871,0.09400787139614653,0.04700393569807326,1649,3445632.0
full-mixed-01,FLEX_FREE,SHARED_NIC,64,3807423360,35165,2416.1978673518606,0.037384611253073324,0.06299496536854665,0.031497482684273326,1105,3445632.0
full-mixed-01,FLEX_FREE,SHARED_NIC,128,7556270976,69789,4812.9826333561505,0.03709703732036887,0.06251038871188455,0.031255194355942276,2193,3445632.0
full-mixed-01,FLEX_FREE_NO_ALT,SHARED_NIC,1,7497695232,69248,3444.4333926285058,0.010690022704529857,0.01801323024337913,0.009006615121689565,2176,3445632.0
full-mixed-01,FLEX_FREE_NO_ALT,SHARED_NIC,8,7087665024,65461,4729.462795202682,0.06907649104229494,0.11639738959790162,0.05819869479895081,2057,3445632.0
full-mixed-01,FLEX_FREE_NO_ALT,SHARED_NIC,32,5681847168,52477,3610.8941244326306,0.05578934294689871,0.09400787139614653,0.04700393569807326,1649,3445632.0
full-mixed-01,FLEX_FREE_NO_ALT,SHARED_NIC,64,3807423360,35165,2416.1978673518606,0.037384611253073324,0.06299496536854665,0.031497482684273326,1105,3445632.0
full-mixed-01,FLEX_FREE_NO_ALT,SHARED_NIC,128,7556270976,69789,4812.9826333561505,0.03709703732036887,0.06251038871188455,0.031255194355942276,2193,3445632.0
full-mixed-01,FLEX_POOL,LEGACY_DIRECTED_LINK,1,7497695232,69248,0.0,0.005543463700430273,0.00934101738992112,0.00467050869496056,2176,3445632.0
full-mixed-01,FLEX_POOL,LEGACY_DIRECTED_LINK,8,7087665024,65461,0.0,0.005240305529311984,0.008830180501408113,0.0044150902507040565,2057,3445632.0
full-mixed-01,FLEX_POOL,LEGACY_DIRECTED_LINK,32,5681847168,52477,0.0,0.004200906085486285,0.0070787397408063075,0.0035393698704031537,1649,3445632.0
full-mixed-01,FLEX_POOL,LEGACY_DIRECTED_LINK,64,3807423360,35165,0.0,0.002815040160384516,0.004743485393335803,0.0023717426966679014,1105,3445632.0
full-mixed-01,FLEX_POOL,LEGACY_DIRECTED_LINK,128,7556270976,69789,0.0,0.002793386005296989,0.004706997044143387,0.0023534985220716935,2193,3445632.0
full-mixed-01,FLEX_POOL,SHARED_NIC,1,7497695232,69248,3444.4333926285058,0.010690022704529857,0.01801323024337913,0.009006615121689565,2176,3445632.0
full-mixed-01,FLEX_POOL,SHARED_NIC,8,7087665024,65461,4729.462795202682,0.06907649104229494,0.11639738959790162,0.05819869479895081,2057,3445632.0
full-mixed-01,FLEX_POOL,SHARED_NIC,32,5681847168,52477,3610.8941244326306,0.05578934294689871,0.09400787139614653,0.04700393569807326,1649,3445632.0
full-mixed-01,FLEX_POOL,SHARED_NIC,64,3807423360,35165,2416.1978673518606,0.037384611253073324,0.06299496536854665,0.031497482684273326,1105,3445632.0
full-mixed-01,FLEX_POOL,SHARED_NIC,128,7556270976,69789,4812.9826333561505,0.03709703732036887,0.06251038871188455,0.031255194355942276,2193,3445632.0
full-mixed-01,FLEX_POOL_NO_ALT,SHARED_NIC,1,7497695232,69248,3444.4333926285058,0.010690022704529857,0.01801323024337913,0.009006615121689565,2176,3445632.0
full-mixed-01,FLEX_POOL_NO_ALT,SHARED_NIC,8,7087665024,65461,4729.462795202682,0.06907649104229494,0.11639738959790162,0.05819869479895081,2057,3445632.0
full-mixed-01,FLEX_POOL_NO_ALT,SHARED_NIC,32,5681847168,52477,3610.8941244326306,0.05578934294689871,0.09400787139614653,0.04700393569807326,1649,3445632.0
full-mixed-01,FLEX_POOL_NO_ALT,SHARED_NIC,64,3807423360,35165,2416.1978673518606,0.037384611253073324,0.06299496536854665,0.031497482684273326,1105,3445632.0
full-mixed-01,FLEX_POOL_NO_ALT,SHARED_NIC,128,7556270976,69789,4812.9826333561505,0.03709703732036887,0.06251038871188455,0.031255194355942276,2193,3445632.0
full-mixed-01,U_STRONG,LEGACY_DIRECTED_LINK,1,7497695232,69248,0.0,0.005543463700430273,0.00934101738992112,0.00467050869496056,2176,3445632.0
full-mixed-01,U_STRONG,LEGACY_DIRECTED_LINK,8,7087665024,65461,0.0,0.005240305529311984,0.008830180501408113,0.0044150902507040565,2057,3445632.0
full-mixed-01,U_STRONG,LEGACY_DIRECTED_LINK,32,5681847168,52477,0.0,0.004200906085486285,0.0070787397408063075,0.0035393698704031537,1649,3445632.0
full-mixed-01,U_STRONG,LEGACY_DIRECTED_LINK,64,3807423360,35165,0.0,0.002815040160384516,0.004743485393335803,0.0023717426966679014,1105,3445632.0
full-mixed-01,U_STRONG,LEGACY_DIRECTED_LINK,128,7556270976,69789,0.0,0.002793386005296989,0.004706997044143387,0.0023534985220716935,2193,3445632.0
full-mixed-01,U_STRONG,SHARED_NIC,1,7497695232,69248,3444.4333926285058,0.010690022704529857,0.01801323024337913,0.009006615121689565,2176,3445632.0
full-mixed-01,U_STRONG,SHARED_NIC,8,7087665024,65461,4729.462795202682,0.06907649104229494,0.11639738959790162,0.05819869479895081,2057,3445632.0
full-mixed-01,U_STRONG,SHARED_NIC,32,5681847168,52477,3610.8941244326306,0.05578934294689871,0.09400787139614653,0.04700393569807326,1649,3445632.0
full-mixed-01,U_STRONG,SHARED_NIC,64,3807423360,35165,2416.1978673518606,0.037384611253073324,0.06299496536854665,0.031497482684273326,1105,3445632.0
full-mixed-01,U_STRONG,SHARED_NIC,128,7556270976,69789,4812.9826333561505,0.03709703732036887,0.06251038871188455,0.031255194355942276,2193,3445632.0
full-mixed-02,FLEX_FREE,SHARED_NIC,1,7560085504,69888,13072.821300889482,0.04580825127535662,0.04580825127535662,0.04580825127535662,2176,3474304.0
full-mixed-02,FLEX_FREE,SHARED_NIC,8,7146643328,66066,15047.25137507045,0.27740413292869254,0.27740413292869254,0.27740413292869254,2057,3474304.0
full-mixed-02,FLEX_FREE,SHARED_NIC,32,5729127296,52962,12153.122748628164,0.22433412386189175,0.22433412386189175,0.22433412386189175,1649,3474304.0
full-mixed-02,FLEX_FREE,SHARED_NIC,64,3839105920,35490,8244.50724401119,0.14900605811208714,0.14900605811208714,0.14900605811208714,1105,3474304.0
full-mixed-02,FLEX_FREE,SHARED_NIC,128,7619148672,70434,15915.814781895067,0.14818398069024433,0.14818398069024433,0.14818398069024433,2193,3474304.0
full-mixed-02,FLEX_FREE_NO_ALT,SHARED_NIC,1,7560085504,69888,13072.821300889482,0.04580825127535662,0.04580825127535662,0.04580825127535662,2176,3474304.0
full-mixed-02,FLEX_FREE_NO_ALT,SHARED_NIC,8,7146643328,66066,14954.446442185137,0.27538930437499026,0.27538930437499026,0.27538930437499026,2057,3474304.0
full-mixed-02,FLEX_FREE_NO_ALT,SHARED_NIC,32,5729127296,52962,12316.894245270636,0.22299051081190222,0.22299051081190222,0.22299051081190222,1649,3474304.0
full-mixed-02,FLEX_FREE_NO_ALT,SHARED_NIC,64,3839105920,35490,8073.864880969122,0.1490578233620723,0.1490578233620723,0.1490578233620723,1105,3474304.0
full-mixed-02,FLEX_FREE_NO_ALT,SHARED_NIC,128,7619148672,70434,16392.142211198967,0.14837432401139378,0.14837432401139378,0.14837432401139378,2193,3474304.0
full-mixed-02,FLEX_POOL,LEGACY_DIRECTED_LINK,1,7121403904,60928,1314.6333866648274,0.02264684909559595,0.02264684909559595,0.02264684909559595,2176,3272704.0
full-mixed-02,FLEX_POOL,LEGACY_DIRECTED_LINK,8,6731952128,57596,1242.7393733318313,0.02140834953568641,0.02140834953568641,0.02140834953568641,2057,3272704.0
full-mixed-02,FLEX_POOL,LEGACY_DIRECTED_LINK,32,5396688896,46172,996.2456133348169,0.017162065330280737,0.017162065330280737,0.017162065330280737,1649,3272704.0
full-mixed-02,FLEX_POOL,LEGACY_DIRECTED_LINK,64,3616337920,30940,667.587266669143,0.011500353056402433,0.011500353056402433,0.011500353056402433,1105,3272704.0
full-mixed-02,FLEX_POOL,LEGACY_DIRECTED_LINK,128,7177039872,61404,1324.9039600049146,0.011411888802088802,0.011411888802088802,0.011411888802088802,2193,3272704.0
full-mixed-02,FLEX_POOL,SHARED_NIC,1,7121403904,60928,9468.657035944632,0.046081245572126665,0.046081245572126665,0.046081245572126665,2176,3272704.0
full-mixed-02,FLEX_POOL,SHARED_NIC,8,6731952128,57596,11503.633965149049,0.2771490787353322,0.2771490787353322,0.2771490787353322,2057,3272704.0
full-mixed-02,FLEX_POOL,SHARED_NIC,32,5396688896,46172,9270.705085338668,0.22215494794348498,0.22215494794348498,0.22215494794348498,1649,3272704.0
full-mixed-02,FLEX_POOL,SHARED_NIC,64,3616337920,30940,6005.183332989291,0.14875318413010366,0.14875318413010366,0.14875318413010366,1105,3272704.0
full-mixed-02,FLEX_POOL,SHARED_NIC,128,7177039872,61404,12238.166932999258,0.14867423899319493,0.14867423899319493,0.14867423899319493,2193,3272704.0
full-mixed-02,FLEX_POOL_NO_ALT,SHARED_NIC,1,7121403904,60928,9468.657035944632,0.046081245572126665,0.046081245572126665,0.046081245572126665,2176,3272704.0
full-mixed-02,FLEX_POOL_NO_ALT,SHARED_NIC,8,6731952128,57596,11503.633965149049,0.2771490787353322,0.2771490787353322,0.2771490787353322,2057,3272704.0
full-mixed-02,FLEX_POOL_NO_ALT,SHARED_NIC,32,5396688896,46172,9270.705085338668,0.22215494794348498,0.22215494794348498,0.22215494794348498,1649,3272704.0
full-mixed-02,FLEX_POOL_NO_ALT,SHARED_NIC,64,3616337920,30940,6005.183332989291,0.14875318413010366,0.14875318413010366,0.14875318413010366,1105,3272704.0
full-mixed-02,FLEX_POOL_NO_ALT,SHARED_NIC,128,7177039872,61404,12238.166932999258,0.14867423899319493,0.14867423899319493,0.14867423899319493,2193,3272704.0
full-mixed-02,U_STRONG,LEGACY_DIRECTED_LINK,1,7121403904,60928,1314.6333866648274,0.02264684909559595,0.02264684909559595,0.02264684909559595,2176,3272704.0
full-mixed-02,U_STRONG,LEGACY_DIRECTED_LINK,8,6731952128,57596,1242.7393733318313,0.02140834953568641,0.02140834953568641,0.02140834953568641,2057,3272704.0
full-mixed-02,U_STRONG,LEGACY_DIRECTED_LINK,32,5396688896,46172,996.2456133348169,0.017162065330280737,0.017162065330280737,0.017162065330280737,1649,3272704.0
full-mixed-02,U_STRONG,LEGACY_DIRECTED_LINK,64,3616337920,30940,667.587266669143,0.011500353056402433,0.011500353056402433,0.011500353056402433,1105,3272704.0
full-mixed-02,U_STRONG,LEGACY_DIRECTED_LINK,128,7177039872,61404,1324.9039600049146,0.011411888802088802,0.011411888802088802,0.011411888802088802,2193,3272704.0
full-mixed-02,U_STRONG,SHARED_NIC,1,7121403904,60928,9468.657035944632,0.046081245572126665,0.046081245572126665,0.046081245572126665,2176,3272704.0
full-mixed-02,U_STRONG,SHARED_NIC,8,6731952128,57596,11503.633965149049,0.2771490787353322,0.2771490787353322,0.2771490787353322,2057,3272704.0
full-mixed-02,U_STRONG,SHARED_NIC,32,5396688896,46172,9270.705085338668,0.22215494794348498,0.22215494794348498,0.22215494794348498,1649,3272704.0
full-mixed-02,U_STRONG,SHARED_NIC,64,3616337920,30940,6005.183332989291,0.14875318413010366,0.14875318413010366,0.14875318413010366,1105,3272704.0
full-mixed-02,U_STRONG,SHARED_NIC,128,7177039872,61404,12238.166932999258,0.14867423899319493,0.14867423899319493,0.14867423899319493,2193,3272704.0
full-mixed-03,FLEX_FREE,SHARED_NIC,1,7873986560,77568,13720.616333669292,0.04986228222382174,0.048275458500622516,0.048275458500622516,2176,3618560.0
full-mixed-03,FLEX_FREE,SHARED_NIC,8,7443377920,73326,14754.262073105569,0.29338481390508836,0.28404809761438155,0.28404809761438155,2057,3618560.0
full-mixed-03,FLEX_FREE,SHARED_NIC,32,5967005440,58782,12082.84784980518,0.24761275707522787,0.23973269664538271,0.23973269664538271,1649,3618560.0
full-mixed-03,FLEX_FREE,SHARED_NIC,64,3998508800,39390,8132.502769329483,0.1632677129785394,0.1580718601488623,0.1580718601488623,1105,3618560.0
full-mixed-03,FLEX_FREE,SHARED_NIC,128,7935502080,78174,16037.014200278427,0.1624028070104707,0.15723447906026625,0.15723447906026625,2193,3618560.0
full-mixed-03,FLEX_FREE_NO_ALT,SHARED_NIC,1,7873986560,77568,13720.616333669292,0.04986228222382174,0.048275458500622516,0.048275458500622516,2176,3618560.0
full-mixed-03,FLEX_FREE_NO_ALT,SHARED_NIC,8,7443377920,73326,14754.262073105569,0.29338481390508836,0.28404809761438155,0.28404809761438155,2057,3618560.0
full-mixed-03,FLEX_FREE_NO_ALT,SHARED_NIC,32,5967005440,58782,12082.84784980518,0.24761275707522787,0.23973269664538271,0.23973269664538271,1649,3618560.0
full-mixed-03,FLEX_FREE_NO_ALT,SHARED_NIC,64,3998508800,39390,8132.502769329483,0.1632677129785394,0.1580718601488623,0.1580718601488623,1105,3618560.0
full-mixed-03,FLEX_FREE_NO_ALT,SHARED_NIC,128,7935502080,78174,16037.014200278427,0.1624028070104707,0.15723447906026625,0.15723447906026625,2193,3618560.0
full-mixed-03,FLEX_POOL,LEGACY_DIRECTED_LINK,1,7873986560,77568,0.0,0.023503162583300378,0.022755194895219478,0.022755194895219478,2176,3618560.0
full-mixed-03,FLEX_POOL,LEGACY_DIRECTED_LINK,8,7443377920,73326,0.0,0.022217833379532353,0.02151077017439319,0.02151077017439319,2057,3618560.0
full-mixed-03,FLEX_POOL,LEGACY_DIRECTED_LINK,32,5967005440,58782,0.0,0.017810990395185196,0.01724417113156054,0.01724417113156054,1649,3618560.0
full-mixed-03,FLEX_POOL,LEGACY_DIRECTED_LINK,64,3998508800,39390,0.0,0.011935199749381394,0.011555372407776284,0.011555372407776284,1105,3618560.0
full-mixed-03,FLEX_POOL,LEGACY_DIRECTED_LINK,128,7935502080,78174,0.0,0.011843390520513588,0.011466484927690857,0.011466484927690857,2193,3618560.0
full-mixed-03,FLEX_POOL,SHARED_NIC,1,7873986560,77568,13720.616333669292,0.04986228222382174,0.048275458500622516,0.048275458500622516,2176,3618560.0
full-mixed-03,FLEX_POOL,SHARED_NIC,8,7443377920,73326,14754.262073105569,0.29338481390508836,0.28404809761438155,0.28404809761438155,2057,3618560.0
full-mixed-03,FLEX_POOL,SHARED_NIC,32,5967005440,58782,12082.84784980518,0.24761275707522787,0.23973269664538271,0.23973269664538271,1649,3618560.0
full-mixed-03,FLEX_POOL,SHARED_NIC,64,3998508800,39390,8132.502769329483,0.1632677129785394,0.1580718601488623,0.1580718601488623,1105,3618560.0
full-mixed-03,FLEX_POOL,SHARED_NIC,128,7935502080,78174,16037.014200278427,0.1624028070104707,0.15723447906026625,0.15723447906026625,2193,3618560.0
full-mixed-03,FLEX_POOL_NO_ALT,SHARED_NIC,1,7873986560,77568,13720.616333669292,0.04986228222382174,0.048275458500622516,0.048275458500622516,2176,3618560.0
full-mixed-03,FLEX_POOL_NO_ALT,SHARED_NIC,8,7443377920,73326,14754.262073105569,0.29338481390508836,0.28404809761438155,0.28404809761438155,2057,3618560.0
full-mixed-03,FLEX_POOL_NO_ALT,SHARED_NIC,32,5967005440,58782,12082.84784980518,0.24761275707522787,0.23973269664538271,0.23973269664538271,1649,3618560.0
full-mixed-03,FLEX_POOL_NO_ALT,SHARED_NIC,64,3998508800,39390,8132.502769329483,0.1632677129785394,0.1580718601488623,0.1580718601488623,1105,3618560.0
full-mixed-03,FLEX_POOL_NO_ALT,SHARED_NIC,128,7935502080,78174,16037.014200278427,0.1624028070104707,0.15723447906026625,0.15723447906026625,2193,3618560.0
full-mixed-03,U_STRONG,LEGACY_DIRECTED_LINK,1,7873986560,77568,0.0,0.023503162583300378,0.022755194895219478,0.022755194895219478,2176,3618560.0
full-mixed-03,U_STRONG,LEGACY_DIRECTED_LINK,8,7443377920,73326,0.0,0.022217833379532353,0.02151077017439319,0.02151077017439319,2057,3618560.0
full-mixed-03,U_STRONG,LEGACY_DIRECTED_LINK,32,5967005440,58782,0.0,0.017810990395185196,0.01724417113156054,0.01724417113156054,1649,3618560.0
full-mixed-03,U_STRONG,LEGACY_DIRECTED_LINK,64,3998508800,39390,0.0,0.011935199749381394,0.011555372407776284,0.011555372407776284,1105,3618560.0
full-mixed-03,U_STRONG,LEGACY_DIRECTED_LINK,128,7935502080,78174,0.0,0.011843390520513588,0.011466484927690857,0.011466484927690857,2193,3618560.0
full-mixed-03,U_STRONG,SHARED_NIC,1,7873986560,77568,13720.616333669292,0.04986228222382174,0.048275458500622516,0.048275458500622516,2176,3618560.0
full-mixed-03,U_STRONG,SHARED_NIC,8,7443377920,73326,14754.262073105569,0.29338481390508836,0.28404809761438155,0.28404809761438155,2057,3618560.0
full-mixed-03,U_STRONG,SHARED_NIC,32,5967005440,58782,12082.84784980518,0.24761275707522787,0.23973269664538271,0.23973269664538271,1649,3618560.0
full-mixed-03,U_STRONG,SHARED_NIC,64,3998508800,39390,8132.502769329483,0.1632677129785394,0.1580718601488623,0.1580718601488623,1105,3618560.0
full-mixed-03,U_STRONG,SHARED_NIC,128,7935502080,78174,16037.014200278427,0.1624028070104707,0.15723447906026625,0.15723447906026625,2193,3618560.0
full-mixed-04,FLEX_FREE,SHARED_NIC,1,18915115008,239488,442730.7421522435,0.19455361541526156,0.1941459131944882,0.07793718306228552,2176,8692608.0
full-mixed-04,FLEX_FREE,SHARED_NIC,8,17908573056,226875,1477734.8393123036,0.8594489615630782,0.8576479194723282,0.3442908573405952,2057,8706160.94117647
full-mixed-04,FLEX_FREE,SHARED_NIC,32,14356459392,181875,6790292.750177211,0.7156811463487841,0.7141813808876848,0.28669820603516843,1649,8706160.94117647
full-mixed-04,FLEX_FREE,SHARED_NIC,64,9620307840,121875,9895391.582260959,0.4795801496151155,0.4785751521411815,0.19211735455962897,1105,8706160.94117647
full-mixed-04,FLEX_FREE,SHARED_NIC,128,19092610944,241875,41492751.20434544,0.47589107154113813,0.47489380481700444,0.19063952875531828,2193,8706160.94117647
full-mixed-04,FLEX_FREE_NO_ALT,SHARED_NIC,1,18915115008,239488,442730.7421522435,0.19455361541526156,0.1941459131944882,0.07793718306228552,2176,8692608.0
full-mixed-04,FLEX_FREE_NO_ALT,SHARED_NIC,8,17880694656,226391,1279148.6055244412,0.8351735590012744,0.8334233879031477,0.33456625525940686,2057,8692608.0
full-mixed-04,FLEX_FREE_NO_ALT,SHARED_NIC,32,14334110592,181487,6798369.348025311,0.7060460275376617,0.7045664532168212,0.2828384267295693,1649,8692608.0
full-mixed-04,FLEX_FREE_NO_ALT,SHARED_NIC,64,9605331840,121615,9753436.029252358,0.4724254012027108,0.47143539706010396,0.1892511989469873,1105,8692608.0
full-mixed-04,FLEX_FREE_NO_ALT,SHARED_NIC,128,19062889344,241359,39962958.50550429,0.46986890571297946,0.4688842589053493,0.18822707993200113,2193,8692608.0
full-mixed-04,FLEX_POOL,LEGACY_DIRECTED_LINK,1,19792478208,257408,50576.89818785335,0.06772225252119786,0.06758033527802695,0.027129187914957095,2176,9095808.0
full-mixed-04,FLEX_POOL,LEGACY_DIRECTED_LINK,8,18710077056,243331,47810.97406818875,0.06401869183644417,0.06388453569250924,0.025645560450857616,2057,9095808.0
full-mixed-04,FLEX_POOL,LEGACY_DIRECTED_LINK,32,14998987392,195067,38327.805657955,0.05132076948872854,0.05121322282788815,0.02055883771680676,1649,9095808.0
full-mixed-04,FLEX_POOL,LEGACY_DIRECTED_LINK,64,10050867840,130715,25683.581110956846,0.03439020635839624,0.03431813900834851,0.013776540738054305,1105,9095808.0
full-mixed-04,FLEX_POOL,LEGACY_DIRECTED_LINK,128,19947106944,259419,50972.03020331031,0.03412566630967027,0.03405415332385334,0.013670567347835606,2193,9095808.0
full-mixed-04,FLEX_POOL,SHARED_NIC,1,19785105408,256896,420947.84936492646,0.19039625185756887,0.1899972617152188,0.07627176448879468,2176,9092419.764705881
full-mixed-04,FLEX_POOL,SHARED_NIC,8,18669497856,242433,1642928.0140042643,0.859448961563079,0.8576479194723292,0.34429085734059556,2057,9076080.630043752
full-mixed-04,FLEX_POOL,SHARED_NIC,32,14977041792,194431,6855189.058980913,0.7156811463487841,0.7141813808876848,0.28669820603516843,1649,9082499.570648879
full-mixed-04,FLEX_POOL,SHARED_NIC,64,10034106240,130229,9979361.453113269,0.47958014961511136,0.47857515214117735,0.1921173545596273,1105,9080639.13122172
full-mixed-04,FLEX_POOL,SHARED_NIC,128,19913756544,258453,41663606.58257268,0.47589107154113813,0.47489380481700444,0.19063952875531828,2193,9080600.339261286
full-mixed-04,FLEX_POOL_NO_ALT,SHARED_NIC,1,19792478208,257408,425450.69107756903,0.19039625185756887,0.1899972617152188,0.07627176448879468,2176,9095808.0
full-mixed-04,FLEX_POOL_NO_ALT,SHARED_NIC,8,18710077056,243331,1337884.7493437922,0.8224038462423738,0.8206804350697274,0.3294507736538917,2057,9095808.0
full-mixed-04,FLEX_POOL_NO_ALT,SHARED_NIC,32,14998987392,195067,6822813.056211732,0.7060460275376617,0.7045664532168212,0.2828384267295693,1649,9095808.0
full-mixed-04,FLEX_POOL_NO_ALT,SHARED_NIC,64,10050867840,130715,9771357.042072078,0.4724254012027108,0.47143539706010396,0.1892511989469873,1105,9095808.0
full-mixed-04,FLEX_POOL_NO_ALT,SHARED_NIC,128,19947106944,259419,40003222.19383641,0.46986890571297946,0.4688842589053493,0.18822707993200113,2193,9095808.0
full-mixed-04,U_STRONG,LEGACY_DIRECTED_LINK,1,18915115008,239488,50576.89818785376,0.07008976605670948,0.06994288750493437,0.028077601725853222,2176,8692608.0
full-mixed-04,U_STRONG,LEGACY_DIRECTED_LINK,8,17880694656,226391,47810.97406818875,0.0662567319754804,0.06611788584450556,0.026542107881469525,2057,8692608.0
full-mixed-04,U_STRONG,LEGACY_DIRECTED_LINK,32,14334110592,181487,38327.80565795174,0.053114900839853485,0.05300359443733649,0.0212775575578745,1649,8692608.0
full-mixed-04,U_STRONG,LEGACY_DIRECTED_LINK,64,9605331840,121615,25683.58111099596,0.035592459325618477,0.03551787256104523,0.014258157126388072,1105,8692608.0
full-mixed-04,U_STRONG,LEGACY_DIRECTED_LINK,128,19062889344,241359,50972.030204030685,0.03531867117720132,0.0352446581569705,0.014148478994743361,2193,8692608.0
full-mixed-04,U_STRONG,SHARED_NIC,1,18915115008,239488,442730.7421522435,0.19455361541526156,0.1941459131944882,0.07793718306228552,2176,8692608.0
full-mixed-04,U_STRONG,SHARED_NIC,8,17880694656,226391,1279148.6055244412,0.8351735590012744,0.8334233879031477,0.33456625525940686,2057,8692608.0
full-mixed-04,U_STRONG,SHARED_NIC,32,14334110592,181487,6798369.348025311,0.7060460275376617,0.7045664532168212,0.2828384267295693,1649,8692608.0
full-mixed-04,U_STRONG,SHARED_NIC,64,9605331840,121615,9753436.029252358,0.4724254012027108,0.47143539706010396,0.1892511989469873,1105,8692608.0
full-mixed-04,U_STRONG,SHARED_NIC,128,19062889344,241359,39962958.50550429,0.46986890571297946,0.4688842589053493,0.18822707993200113,2193,8692608.0
full-mixed-05,FLEX_FREE,SHARED_NIC,1,15025471488,204288,64459.62141180793,0.0522667410273686,0.04914287573316832,0.04747891347335868,2176,6905088.0
full-mixed-05,FLEX_FREE,SHARED_NIC,8,14230434816,193594,86102.69093889615,0.2822052286342139,0.2653384582512918,0.2563541818120474,2057,6918052.900340301
full-mixed-05,FLEX_FREE,SHARED_NIC,32,11409328512,155228,73707.47521977738,0.24812586066200543,0.2332959372828196,0.2253966104889766,1649,6918937.848392965
full-mixed-05,FLEX_FREE,SHARED_NIC,64,7644954240,104008,49546.58120841644,0.16442086941735248,0.15459380468136383,0.1493593072541701,1105,6918510.624434389
full-mixed-05,FLEX_FREE,SHARED_NIC,128,15173155584,206434,95366.5852609549,0.16250719247301562,0.15279450389427765,0.1476209302237646,2193,6918903.595075239
full-mixed-05,FLEX_FREE_NO_ALT,SHARED_NIC,1,15025471488,204288,64459.62141180793,0.0522667410273686,0.04914287573316832,0.04747891347335868,2176,6905088.0
full-mixed-05,FLEX_FREE_NO_ALT,SHARED_NIC,8,14203766016,193116,85783.77726997176,0.2810069350386325,0.26421178396278644,0.25526565635930304,2057,6905088.0
full-mixed-05,FLEX_FREE_NO_ALT,SHARED_NIC,32,11386490112,154812,70791.14710252613,0.2451799623623757,0.23052610868406598,0.22272056741224844,1649,6905088.0
full-mixed-05,FLEX_FREE_NO_ALT,SHARED_NIC,64,7630122240,103740,47564.17640719162,0.16560348954832124,0.15570574227290618,0.15043359498985873,1105,6905088.0
full-mixed-05,FLEX_FREE_NO_ALT,SHARED_NIC,128,15142857984,205884,96633.56093706666,0.1632808953367088,0.1535219642818492,0.1483237590322442,2193,6905088.0
full-mixed-05,FLEX_POOL,LEGACY_DIRECTED_LINK,1,14586789888,195328,0.0,0.014507157554644759,0.013640097448893763,0.013178248054928277,2176,6703488.0
full-mixed-05,FLEX_POOL,LEGACY_DIRECTED_LINK,8,13789074816,184646,0.0,0.013713797375879551,0.012894154619661546,0.01245756261442841,2057,6703488.0
full-mixed-05,FLEX_POOL,LEGACY_DIRECTED_LINK,32,11054051712,148022,0.0,0.01099370533438749,0.01033663634799756,0.00998664110413284,1649,6703488.0
full-mixed-05,FLEX_POOL,LEGACY_DIRECTED_LINK,64,7407354240,99190,0.0,0.0073669159457158745,0.0069266119857643235,0.006692079090391296,1105,6703488.0
full-mixed-05,FLEX_POOL,LEGACY_DIRECTED_LINK,128,14700749184,196854,0.0,0.007310247361558963,0.0068733303551430595,0.006640601558963905,2193,6703488.0
full-mixed-05,FLEX_POOL,SHARED_NIC,1,14586789888,195328,58107.908008898405,0.05260644348751506,0.04946227494301168,0.04778749792677879,2176,6703488.0
full-mixed-05,FLEX_POOL,SHARED_NIC,8,13789074816,184646,79176.88071081945,0.2873281348154128,0.2701551798778327,0.2610078107647673,2057,6703488.0
full-mixed-05,FLEX_POOL,SHARED_NIC,32,11054051712,148022,66437.70828259792,0.2432116919249618,0.2286754773339221,0.2209325978554473,1649,6703488.0
full-mixed-05,FLEX_POOL,SHARED_NIC,64,7407354240,99190,46386.426945199906,0.16492108668875133,0.15506412509401524,0.1498137027661112,1105,6703488.0
full-mixed-05,FLEX_POOL,SHARED_NIC,128,14700749184,196854,88080.36933678604,0.1629645764588113,0.15322455107025384,0.14803641613811158,2193,6703488.0
full-mixed-05,FLEX_POOL_NO_ALT,SHARED_NIC,1,14586789888,195328,58107.908008898405,0.05260644348751506,0.04946227494301168,0.04778749792677879,2176,6703488.0
full-mixed-05,FLEX_POOL_NO_ALT,SHARED_NIC,8,13789074816,184646,79176.88071081945,0.2873281348154128,0.2701551798778327,0.2610078107647673,2057,6703488.0
full-mixed-05,FLEX_POOL_NO_ALT,SHARED_NIC,32,11054051712,148022,66437.70828259792,0.2432116919249618,0.2286754773339221,0.2209325978554473,1649,6703488.0
full-mixed-05,FLEX_POOL_NO_ALT,SHARED_NIC,64,7407354240,99190,46386.426945199906,0.16492108668875133,0.15506412509401524,0.1498137027661112,1105,6703488.0
full-mixed-05,FLEX_POOL_NO_ALT,SHARED_NIC,128,14700749184,196854,88080.36933678604,0.1629645764588113,0.15322455107025384,0.14803641613811158,2193,6703488.0
full-mixed-05,U_STRONG,LEGACY_DIRECTED_LINK,1,14586789888,195328,0.0,0.014507157554644759,0.013640097448893763,0.013178248054928277,2176,6703488.0
full-mixed-05,U_STRONG,LEGACY_DIRECTED_LINK,8,13789074816,184646,0.0,0.013713797375879551,0.012894154619661546,0.01245756261442841,2057,6703488.0
full-mixed-05,U_STRONG,LEGACY_DIRECTED_LINK,32,11054051712,148022,0.0,0.01099370533438749,0.01033663634799756,0.00998664110413284,1649,6703488.0
full-mixed-05,U_STRONG,LEGACY_DIRECTED_LINK,64,7407354240,99190,0.0,0.0073669159457158745,0.0069266119857643235,0.006692079090391296,1105,6703488.0
full-mixed-05,U_STRONG,LEGACY_DIRECTED_LINK,128,14700749184,196854,0.0,0.007310247361558963,0.0068733303551430595,0.006640601558963905,2193,6703488.0
full-mixed-05,U_STRONG,SHARED_NIC,1,14586789888,195328,58107.908008898405,0.05260644348751506,0.04946227494301168,0.04778749792677879,2176,6703488.0
full-mixed-05,U_STRONG,SHARED_NIC,8,13789074816,184646,79176.88071081945,0.2873281348154128,0.2701551798778327,0.2610078107647673,2057,6703488.0
full-mixed-05,U_STRONG,SHARED_NIC,32,11054051712,148022,66437.70828259792,0.2432116919249618,0.2286754773339221,0.2209325978554473,1649,6703488.0
full-mixed-05,U_STRONG,SHARED_NIC,64,7407354240,99190,46386.426945199906,0.16492108668875133,0.15506412509401524,0.1498137027661112,1105,6703488.0
full-mixed-05,U_STRONG,SHARED_NIC,128,14700749184,196854,88080.36933678604,0.1629645764588113,0.15322455107025384,0.14803641613811158,2193,6703488.0
full-mixed-06,FLEX_FREE,SHARED_NIC,1,13262946304,186368,60161.388100153694,0.061073465755907226,0.06182842490646957,0.04561824096136177,2176,6095104.0
full-mixed-06,FLEX_FREE,SHARED_NIC,8,12556665728,176514,112628.93795226054,0.34058092745053475,0.3447910158171167,0.2543936654483999,2057,6104358.64268352
full-mixed-06,FLEX_FREE,SHARED_NIC,32,10066695296,141512,108386.60740499763,0.3013707548815129,0.3050961470185663,0.225106002168587,1649,6104727.28684051
full-mixed-06,FLEX_FREE,SHARED_NIC,64,6747329920,94860,70928.3051082858,0.19965285532214497,0.20212086247051503,0.1491287902198114,1105,6106180.923076923
full-mixed-06,FLEX_FREE,SHARED_NIC,128,13389660672,188234,135574.84519979905,0.1987522024242628,0.2012090761591565,0.14845605615421306,2193,6105636.421340629
full-mixed-06,FLEX_FREE_NO_ALT,SHARED_NIC,1,13262946304,186368,60161.388100153694,0.061073465755907226,0.06182842490646957,0.04561824096136177,2176,6095104.0
full-mixed-06,FLEX_FREE_NO_ALT,SHARED_NIC,8,12537628928,176176,116136.78125991783,0.3356453296878362,0.33979440670278904,0.2507070679180254,2057,6095104.0
full-mixed-06,FLEX_FREE_NO_ALT,SHARED_NIC,32,10050826496,141232,107517.65546377207,0.29795879590349167,0.30164201113736927,0.22255747205189555,1649,6095104.0
full-mixed-06,FLEX_FREE_NO_ALT,SHARED_NIC,64,6735089920,94640,67393.1185400578,0.19932876419641196,0.20179276509496535,0.1488867134539993,1105,6095104.0
full-mixed-06,FLEX_FREE_NO_ALT,SHARED_NIC,128,13366563072,187824,141679.5470913864,0.19870216331976154,0.20115841849667163,0.14841867992382599,2193,6095104.0
full-mixed-06,FLEX_POOL,LEGACY_DIRECTED_LINK,1,12824264704,177408,0.0,0.017037734516692105,0.017248346333444693,0.012726172798585525,2176,5893504.0
full-mixed-06,FLEX_POOL,LEGACY_DIRECTED_LINK,8,12122937728,167706,0.0,0.01610598341031571,0.016305077393339702,0.012030210223666769,2057,5893504.0
full-mixed-06,FLEX_POOL,LEGACY_DIRECTED_LINK,32,9718388096,134442,0.0,0.01291140818844457,0.013071012455827547,0.009644052823938445,1649,5893504.0
full-mixed-06,FLEX_POOL,LEGACY_DIRECTED_LINK,64,6512321920,90090,0.0,0.00865197455926186,0.008758925872456557,0.006462509624284823,1105,5893504.0
full-mixed-06,FLEX_POOL,LEGACY_DIRECTED_LINK,128,12924454272,178794,0.0,0.008585420908843634,0.008691549519629634,0.006412798011818424,2193,5893504.0
full-mixed-06,FLEX_POOL,SHARED_NIC,1,12824264704,177408,57944.715383367584,0.061304120376370806,0.06206193076214935,0.045790526223462545,2176,5893504.0
full-mixed-06,FLEX_POOL,SHARED_NIC,8,12122937728,167706,112177.29449726146,0.3414231178744837,0.3456436169711463,0.25502273152839944,2057,5893504.0
full-mixed-06,FLEX_POOL,SHARED_NIC,32,9718388096,134442,98304.83523492116,0.29745936964522635,0.3011364112254715,0.22218443038625577,1649,5893504.0
full-mixed-06,FLEX_POOL,SHARED_NIC,64,6512321920,90090,68034.108565348,0.19986151496759103,0.20233210146047237,0.14928464654574702,1105,5893504.0
full-mixed-06,FLEX_POOL,SHARED_NIC,128,12924454272,178794,133892.54891611054,0.19859503250576407,0.20104996338598766,0.14833865958722262,2193,5893504.0
full-mixed-06,FLEX_POOL_NO_ALT,SHARED_NIC,1,12824264704,177408,57944.715383367584,0.061304120376370806,0.06206193076214935,0.045790526223462545,2176,5893504.0
full-mixed-06,FLEX_POOL_NO_ALT,SHARED_NIC,8,12122937728,167706,112177.29449726146,0.3414231178744837,0.3456436169711463,0.25502273152839944,2057,5893504.0
full-mixed-06,FLEX_POOL_NO_ALT,SHARED_NIC,32,9718388096,134442,98304.83523492116,0.29745936964522635,0.3011364112254715,0.22218443038625577,1649,5893504.0
full-mixed-06,FLEX_POOL_NO_ALT,SHARED_NIC,64,6512321920,90090,68034.108565348,0.19986151496759103,0.20233210146047237,0.14928464654574702,1105,5893504.0
full-mixed-06,FLEX_POOL_NO_ALT,SHARED_NIC,128,12924454272,178794,133892.54891611054,0.19859503250576407,0.20104996338598766,0.14833865958722262,2193,5893504.0
full-mixed-06,U_STRONG,LEGACY_DIRECTED_LINK,1,12824264704,177408,0.0,0.017037734516692105,0.017248346333444693,0.012726172798585525,2176,5893504.0
full-mixed-06,U_STRONG,LEGACY_DIRECTED_LINK,8,12122937728,167706,0.0,0.01610598341031571,0.016305077393339702,0.012030210223666769,2057,5893504.0
full-mixed-06,U_STRONG,LEGACY_DIRECTED_LINK,32,9718388096,134442,0.0,0.01291140818844457,0.013071012455827547,0.009644052823938445,1649,5893504.0
full-mixed-06,U_STRONG,LEGACY_DIRECTED_LINK,64,6512321920,90090,0.0,0.00865197455926186,0.008758925872456557,0.006462509624284823,1105,5893504.0
full-mixed-06,U_STRONG,LEGACY_DIRECTED_LINK,128,12924454272,178794,0.0,0.008585420908843634,0.008691549519629634,0.006412798011818424,2193,5893504.0
full-mixed-06,U_STRONG,SHARED_NIC,1,12824264704,177408,57944.715383367584,0.061304120376370806,0.06206193076214935,0.045790526223462545,2176,5893504.0
full-mixed-06,U_STRONG,SHARED_NIC,8,12122937728,167706,112177.29449726146,0.3414231178744837,0.3456436169711463,0.25502273152839944,2057,5893504.0
full-mixed-06,U_STRONG,SHARED_NIC,32,9718388096,134442,98304.83523492116,0.29745936964522635,0.3011364112254715,0.22218443038625577,1649,5893504.0
full-mixed-06,U_STRONG,SHARED_NIC,64,6512321920,90090,68034.108565348,0.19986151496759103,0.20233210146047237,0.14928464654574702,1105,5893504.0
full-mixed-06,U_STRONG,SHARED_NIC,128,12924454272,178794,133892.54891611054,0.19859503250576407,0.20104996338598766,0.14833865958722262,2193,5893504.0
