schema_version,memory_cap_gib,stripe_degree,depth_span,chunk_rows,block_candidates,maximum_context,hardware_class,expert_allocation_overhead_factor,block,chunk,local_profile,inter_pod_profile,compute_slowdown,heterogeneity,jitter_fraction,activation_strategy,placement_family,target_pass_ms,exact_tok_s_per_user,total_physical_compute_work_ms,critical_path_compute_ms,network_critical_path_ms,total_network_bytes,network_bytes_per_accepted_token,worker_seconds_per_accepted_token,average_worker_utilization,p50_worker_utilization,p95_worker_utilization,active_workers,active_workers_per_token,active_workers_per_chunk,peak_simultaneous_workers,total_task_count,all_compute_resources_are_microworkers,evidence_class,valid,max_worker_peak_gib,max_layer_fraction,max_expert_fraction,worker_count,pod_count,equivalent_unsharded_compute_work_ms,compute_work_inflation,compute_work_denominator_source,minimum_workers_required_for_capacity,total_resident_model_bytes,total_cluster_accounted_peak_bytes,replicated_weight_bytes,weight_replication_factor,unused_capacity_bytes
experiment-019-worker-simulation-result-v1,20.0,8,1,1,16,4096,RTX_5090_PHYSICAL_SHARD_SERVICE,1.0137388288648792,7,1,canonical_fast_local,canonical_inter_pod,1.0,homogeneous,0.0,hybrid,C_full_layer_stripes_plus_worker_wavefront,798.6123148799973,10.01737620487622,6874.432000000009,189.42679999999913,609.1855148799963,1139289984,142411248.0,0.8593040000000011,0.011569854089186768,0.010849820167501434,0.016737533031917426,744,744,744,32,56336,True,RTX 5090 physically measured shard service; conservative per-worker maximum across calibration and held-out attention layers + deterministic explicit-worker event model,True,2.5401510344818234,0.125,0.125,744,93,2983.5468,2.304114016244025,E018 physical layer-89/91 controls; post-schedule comparison only,,,,,,
experiment-019-worker-simulation-result-v1,20.0,8,1,1,16,4096,RTX_5090_PHYSICAL_SHARD_SERVICE,1.0137388288648792,12,1,canonical_fast_local,canonical_inter_pod,1.0,homogeneous,0.0,hybrid,C_full_layer_stripes_plus_worker_wavefront,831.4515452799966,15.635306800256373,11170.951999999965,201.34179999999904,630.1097452799954,1851346224,142411248.0,0.8593039999999973,0.018058443111139123,0.016934600795357687,0.026124252367208365,744,744,744,34,91546,True,RTX 5090 physically measured shard service; conservative per-worker maximum across calibration and held-out attention layers + deterministic explicit-worker event model,True,2.5401510344818234,0.125,0.125,744,93,4848.26355,2.304114016244015,E018 physical layer-89/91 controls; post-schedule comparison only,,,,,,
experiment-019-worker-simulation-result-v1,20.0,8,1,1,16,4096,RTX_5090_PHYSICAL_SHARD_SERVICE,1.0137388288648792,16,1,canonical_fast_local,canonical_inter_pod,1.0,homogeneous,0.0,hybrid,C_full_layer_stripes_plus_worker_wavefront,857.7229295999961,19.819920178568672,14608.168000000058,210.87379999999897,646.8491295999947,2420991216,142411248.0,0.8593040000000034,0.022891581571404276,0.021466955545407736,0.0331161136303615,744,744,744,41,119714,True,RTX 5090 physically measured shard service; conservative per-worker maximum across calibration and held-out attention layers + deterministic explicit-worker event model,True,2.5401510344818234,0.125,0.125,744,93,6340.036949999998,2.304114016244032,E018 physical layer-89/91 controls; post-schedule comparison only,,,,,,
experiment-019-worker-simulation-result-v1,20.0,8,1,2,16,4096,RTX_5090_PHYSICAL_SHARD_SERVICE,1.0137388288648792,7,2,canonical_fast_local,canonical_inter_pod,1.0,homogeneous,0.0,hybrid,C_full_layer_stripes_plus_worker_wavefront,865.4046996799991,9.244229899558162,5038.9092000000155,233.17779999999885,632.2268996799985,1139289536,142411192.0,0.6298636500000019,0.007826081163944676,0.007465640066883173,0.011074356313923192,744,744,744,24,28168,True,RTX 5090 physically measured shard service; conservative per-worker maximum across calibration and held-out attention layers + deterministic explicit-worker event model,True,2.540512515231967,0.125,0.125,744,93,2047.7826,2.4606660882849654,E018 physical layer-89/91 controls; post-schedule comparison only,,,,,,
experiment-019-worker-simulation-result-v1,20.0,8,1,2,16,4096,RTX_5090_PHYSICAL_SHARD_SERVICE,1.0137388288648792,12,2,canonical_fast_local,canonical_inter_pod,1.0,homogeneous,0.0,hybrid,C_full_layer_stripes_plus_worker_wavefront,889.5343993599988,14.614387042652005,8818.091099999992,243.6762999999989,645.8580993599985,1851345552,142411196.30769232,0.6783146999999995,0.013324131132419866,0.012710469666080047,0.018854414187991882,744,744,744,32,49294,True,RTX 5090 physically measured shard service; conservative per-worker maximum across calibration and held-out attention layers + deterministic explicit-worker event model,True,2.540512515231967,0.125,0.125,744,93,3444.6172500000002,2.5599625328474422,E018 physical layer-89/91 controls; post-schedule comparison only,,,,,,
experiment-019-worker-simulation-result-v1,20.0,8,1,2,16,4096,RTX_5090_PHYSICAL_SHARD_SERVICE,1.0137388288648792,16,2,canonical_fast_local,canonical_inter_pod,1.0,homogeneous,0.0,hybrid,C_full_layer_stripes_plus_worker_wavefront,905.7275529599985,18.769441146449044,11337.545699999977,250.6752999999989,655.0522529599984,2420990320,142411195.29411766,0.6669144529411751,0.016824746739510302,0.016049859532805903,0.02380798721373595,744,744,744,40,63378,True,RTX 5090 physically measured shard service; conservative per-worker maximum across calibration and held-out attention layers + deterministic explicit-worker event model,True,2.540512515231967,0.125,0.125,744,93,4468.5085500000005,2.537210251057923,E018 physical layer-89/91 controls; post-schedule comparison only,,,,,,
experiment-019-worker-simulation-result-v1,20.0,8,1,4,16,4096,RTX_5090_PHYSICAL_SHARD_SERVICE,1.0137388288648792,7,4,canonical_fast_local,canonical_inter_pod,1.0,homogeneous,0.0,hybrid,C_full_layer_stripes_plus_worker_wavefront,1033.6398114400038,7.739639970769788,4159.124999999996,333.48229999999916,700.1575114399996,1139289312,142411164.0,0.5198906249999995,0.005408287986126999,0.005290817884018227,0.0066780516032790786,744,744,744,16,14084,True,RTX 5090 physically measured shard service; conservative per-worker maximum across calibration and held-out attention layers + deterministic explicit-worker event model,True,2.5412354758009315,0.125,0.125,744,93,1474.9008000000001,2.8199354153174205,E018 physical layer-89/91 controls; post-schedule comparison only,,,,,,
experiment-019-worker-simulation-result-v1,20.0,8,1,4,16,4096,RTX_5090_PHYSICAL_SHARD_SERVICE,1.0137388288648792,12,4,canonical_fast_local,canonical_inter_pod,1.0,homogeneous,0.0,hybrid,C_full_layer_stripes_plus_worker_wavefront,1054.5697957600025,12.327301665824045,8318.249999999993,344.06749999999914,710.5022957599998,1851345216,142411170.46153846,0.639865384615384,0.010601900029129531,0.010371622669239772,0.013091025416720557,744,744,744,24,28168,True,RTX 5090 physically measured shard service; conservative per-worker maximum across calibration and held-out attention layers + deterministic explicit-worker event model,True,2.5412354758009315,0.125,0.125,744,93,2585.29455,3.2175250591852262,E018 physical layer-89/91 controls; post-schedule comparison only,,,,,,
experiment-019-worker-simulation-result-v1,20.0,8,1,4,16,4096,RTX_5090_PHYSICAL_SHARD_SERVICE,1.0137388288648792,16,4,canonical_fast_local,canonical_inter_pod,1.0,homogeneous,0.0,hybrid,C_full_layer_stripes_plus_worker_wavefront,1065.274834000002,15.958323108194225,10397.812499999976,349.36009999999914,715.9147339999998,2420989872,142411168.94117647,0.6116360294117633,0.013119200782212263,0.012834246678543023,0.01619934072337239,744,744,744,32,35210,True,RTX 5090 physically measured shard service; conservative per-worker maximum across calibration and held-out attention layers + deterministic explicit-worker event model,True,2.5412354758009315,0.125,0.125,744,93,3322.7449500000002,3.129283967461895,E018 physical layer-89/91 controls; post-schedule comparison only,,,,,,
experiment-019-worker-simulation-result-v1,20.0,8,2,1,16,4096,RTX_5090_PHYSICAL_SHARD_SERVICE,1.0137388288648792,7,1,canonical_fast_local,canonical_inter_pod,1.0,homogeneous,0.0,hybrid,D_depth_stripes_plus_E_exact_worker_wavefront,713.4473927999985,11.21316032651429,6874.431999999995,198.89569999999927,514.5516927999989,1128738688,141092336.0,0.8593039999999994,0.02562636574791234,0.023917670976454995,0.037471017863112834,376,376,376,33,55968,True,RTX 5090 physically measured shard service; conservative per-worker maximum across calibration and held-out attention layers + deterministic explicit-worker event model,True,4.774828031659126,0.125,0.125,376,47,2983.5468,2.3041140162440206,E018 physical layer-89/91 controls; post-schedule comparison only,,,,,,
experiment-019-worker-simulation-result-v1,20.0,8,2,1,16,4096,RTX_5090_PHYSICAL_SHARD_SERVICE,1.0137388288648792,12,1,canonical_fast_local,canonical_inter_pod,1.0,homogeneous,0.0,hybrid,D_depth_stripes_plus_E_exact_worker_wavefront,769.3301999999982,16.89781578833124,11170.952000000005,217.57419999999925,551.7559999999978,1834200368,141092336.0,0.8593040000000004,0.038617980580255847,0.03604304107651052,0.05646743101986663,376,376,376,41,90948,True,RTX 5090 physically measured shard service; conservative per-worker maximum across calibration and held-out attention layers + deterministic explicit-worker event model,True,4.774828031659126,0.125,0.125,376,47,4848.26355,2.3041140162440232,E018 physical layer-89/91 controls; post-schedule comparison only,,,,,,
experiment-019-worker-simulation-result-v1,20.0,8,2,1,16,4096,RTX_5090_PHYSICAL_SHARD_SERVICE,1.0137388288648792,16,1,canonical_fast_local,canonical_inter_pod,1.0,homogeneous,0.0,hybrid,D_depth_stripes_plus_E_exact_worker_wavefront,814.0364457599978,20.883585849929016,14608.16800000002,232.51699999999929,581.519445759997,2398569712,141092336.0,0.8593040000000012,0.04772699163613677,0.04454468861789859,0.069786678834708,376,376,376,57,118932,True,RTX 5090 physically measured shard service; conservative per-worker maximum across calibration and held-out attention layers + deterministic explicit-worker event model,True,4.494645617902279,0.12678013172190516,0.125,376,47,6340.036949999998,2.304114016244026,E018 physical layer-89/91 controls; post-schedule comparison only,96,1560860324864,1764069467393,0,1.0,6310469049087
experiment-019-worker-simulation-result-v1,20.0,8,2,2,16,4096,RTX_5090_PHYSICAL_SHARD_SERVICE,1.0137388288648792,7,2,canonical_fast_local,canonical_inter_pod,1.0,homogeneous,0.0,hybrid,D_depth_stripes_plus_E_exact_worker_wavefront,761.2525787199988,10.508995599662239,5038.909200000006,237.1227999999987,524.1297787199976,1128738240,141092280.0,0.6298636500000008,0.017604346612332965,0.01680493486341988,0.02517902800701074,376,376,376,25,27984,True,RTX 5090 physically measured shard service; conservative per-worker maximum across calibration and held-out attention layers + deterministic explicit-worker event model,True,4.775217016227543,0.125,0.125,376,47,2047.7826,2.460666088284961,E018 physical layer-89/91 controls; post-schedule comparison only,,,,,,
experiment-019-worker-simulation-result-v1,20.0,8,2,2,16,4096,RTX_5090_PHYSICAL_SHARD_SERVICE,1.0137388288648792,12,2,canonical_fast_local,canonical_inter_pod,1.0,homogeneous,0.0,hybrid,D_depth_stripes_plus_E_exact_worker_wavefront,799.748117599999,16.255117972659068,8818.0911,251.4999999999986,548.248117599998,1834199696,141092284.30769232,0.6783147,0.029324695401832034,0.027993063700085207,0.041942330668638055,376,376,376,40,48972,True,RTX 5090 physically measured shard service; conservative per-worker maximum across calibration and held-out attention layers + deterministic explicit-worker event model,True,4.775217016227543,0.125,0.125,376,47,3444.6172500000002,2.5599625328474445,E018 physical layer-89/91 controls; post-schedule comparison only,,,,,,
experiment-019-worker-simulation-result-v1,20.0,8,2,2,16,4096,RTX_5090_PHYSICAL_SHARD_SERVICE,1.0137388288648792,16,2,canonical_fast_local,canonical_inter_pod,1.0,homogeneous,0.0,hybrid,D_depth_stripes_plus_E_exact_worker_wavefront,825.791363359999,20.586313631121072,11337.545700000002,261.12899999999854,564.6623633599982,2398568816,141092283.29411766,0.6669144529411767,0.03651412258876222,0.034856019664439006,0.05222517685886592,376,376,376,41,62964,True,RTX 5090 physically measured shard service; conservative per-worker maximum across calibration and held-out attention layers + deterministic explicit-worker event model,True,4.775217016227543,0.125,0.125,376,47,4468.5085500000005,2.5372102510579286,E018 physical layer-89/91 controls; post-schedule comparison only,,,,,,
experiment-019-worker-simulation-result-v1,20.0,8,2,4,16,4096,RTX_5090_PHYSICAL_SHARD_SERVICE,1.0137388288648792,7,4,canonical_fast_local,canonical_inter_pod,1.0,homogeneous,0.0,hybrid,D_depth_stripes_plus_E_exact_worker_wavefront,917.8384005600044,8.716131287510882,4159.125000000005,335.2835999999991,582.5548005600001,1128738016,141092252.0,0.5198906250000006,0.01205168867725023,0.01181253692739912,0.01504120985957534,376,376,376,16,13992,True,RTX 5090 physically measured shard service; conservative per-worker maximum across calibration and held-out attention layers + deterministic explicit-worker event model,True,4.7759949862957,0.125,0.125,376,47,1474.9008000000001,2.8199354153174263,E018 physical layer-89/91 controls; post-schedule comparison only,,,,,,
experiment-019-worker-simulation-result-v1,20.0,8,2,4,16,4096,RTX_5090_PHYSICAL_SHARD_SERVICE,1.0137388288648792,12,4,canonical_fast_local,canonical_inter_pod,1.0,homogeneous,0.0,hybrid,D_depth_stripes_plus_E_exact_worker_wavefront,949.8771028000054,13.68598101973316,8318.25000000001,349.38429999999903,600.4928028000006,1834199360,141092258.46153846,0.6398653846153853,0.02329038699210216,0.02282821634091491,0.02906776036458834,376,376,376,32,27984,True,RTX 5090 physically measured shard service; conservative per-worker maximum across calibration and held-out attention layers + deterministic explicit-worker event model,True,4.7759949862957,0.125,0.125,376,47,2585.29455,3.2175250591852325,E018 physical layer-89/91 controls; post-schedule comparison only,,,,,,
experiment-019-worker-simulation-result-v1,20.0,8,2,4,16,4096,RTX_5090_PHYSICAL_SHARD_SERVICE,1.0137388288648792,16,4,canonical_fast_local,canonical_inter_pod,1.0,homogeneous,0.0,hybrid,D_depth_stripes_plus_E_exact_worker_wavefront,966.6945485600057,17.585699666273392,10397.812499999969,356.47819999999894,610.2163485600005,2398568368,141092256.94117647,0.6116360294117629,0.028606509357200143,0.028038846438490597,0.035702590907760394,376,376,376,32,34980,True,RTX 5090 physically measured shard service; conservative per-worker maximum across calibration and held-out attention layers + deterministic explicit-worker event model,True,4.7759949862957,0.125,0.125,376,47,3322.7449500000002,3.129283967461893,E018 physical layer-89/91 controls; post-schedule comparison only,,,,,,
experiment-019-worker-simulation-result-v1,20.0,8,4,1,16,4096,RTX_5090_PHYSICAL_SHARD_SERVICE,1.0137388288648792,7,1,canonical_fast_local,canonical_inter_pod,1.0,homogeneous,0.0,hybrid,D_depth_stripes_plus_E_exact_worker_wavefront,732.6917580799982,10.918643360973263,6874.432000000008,224.76699999999929,507.9247580799988,1123463040,140432880.0,0.859304000000001,0.04886684330550926,0.046332171237953954,0.07222027464682176,192,192,192,34,55784,True,RTX 5090 physically measured shard service; conservative per-worker maximum across calibration and held-out attention layers + deterministic explicit-worker event model,True,9.013638980686665,0.125,0.125,192,24,2983.5468,2.3041140162440246,E018 physical layer-89/91 controls; post-schedule comparison only,,,,,,
experiment-019-worker-simulation-result-v1,20.0,8,4,1,16,4096,RTX_5090_PHYSICAL_SHARD_SERVICE,1.0137388288648792,12,1,canonical_fast_local,canonical_inter_pod,1.0,homogeneous,0.0,hybrid,D_depth_stripes_plus_E_exact_worker_wavefront,844.2583724799971,15.398129795044476,11170.952000000027,261.92499999999933,582.3333724799965,1825627440,140432880.0,0.8593040000000021,0.06891497148646315,0.06534042397229195,0.10184938971634222,192,192,192,38,90649,True,RTX 5090 physically measured shard service; conservative per-worker maximum across calibration and held-out attention layers + deterministic explicit-worker event model,True,9.013638980686665,0.125,0.125,192,24,4848.26355,2.3041140162440277,E018 physical layer-89/91 controls; post-schedule comparison only,,,,,,
experiment-019-worker-simulation-result-v1,20.0,8,4,1,16,4096,RTX_5090_PHYSICAL_SHARD_SERVICE,1.0137388288648792,16,1,canonical_fast_local,canonical_inter_pod,1.0,homogeneous,0.0,hybrid,D_depth_stripes_plus_E_exact_worker_wavefront,933.5116639999961,18.210806201560295,14608.167999999981,291.6513999999998,641.8602639999947,2387358960,140432880.0,0.859303999999999,0.08150322193867475,0.07727573503570104,0.12045355653960022,192,192,192,51,118541,True,RTX 5090 physically measured shard service; conservative per-worker maximum across calibration and held-out attention layers + deterministic explicit-worker event model,True,9.013638980686665,0.125,0.125,192,24,6340.036949999998,2.3041140162440197,E018 physical layer-89/91 controls; post-schedule comparison only,,,,,,
experiment-019-worker-simulation-result-v1,20.0,8,4,2,16,4096,RTX_5090_PHYSICAL_SHARD_SERVICE,1.0137388288648792,7,2,canonical_fast_local,canonical_inter_pod,1.0,homogeneous,0.0,hybrid,D_depth_stripes_plus_E_exact_worker_wavefront,740.6549177599985,10.801251444052811,5038.909200000008,251.36739999999858,489.2875177599976,1123462592,140432824.0,0.629863650000001,0.035433935724577474,0.03444249054222344,0.051400455309386285,192,192,192,32,27892,True,RTX 5090 physically measured shard service; conservative per-worker maximum across calibration and held-out attention layers + deterministic explicit-worker event model,True,9.014082972891629,0.125,0.125,192,24,2047.7826,2.460666088284962,E018 physical layer-89/91 controls; post-schedule comparison only,,,,,,
experiment-019-worker-simulation-result-v1,20.0,8,4,2,16,4096,RTX_5090_PHYSICAL_SHARD_SERVICE,1.0137388288648792,12,2,canonical_fast_local,canonical_inter_pod,1.0,homogeneous,0.0,hybrid,D_depth_stripes_plus_E_exact_worker_wavefront,817.7626638399988,15.897032934904868,8818.091099999996,280.05549999999874,537.7071638399981,1825626768,140432828.30769232,0.6783146999999997,0.056162453781927656,0.05459102252280697,0.08146923666966904,192,192,192,48,48811,True,RTX 5090 physically measured shard service; conservative per-worker maximum across calibration and held-out attention layers + deterministic explicit-worker event model,True,9.014082972891629,0.125,0.125,192,24,3444.6172500000002,2.5599625328474436,E018 physical layer-89/91 controls; post-schedule comparison only,,,,,,
experiment-019-worker-simulation-result-v1,20.0,8,4,2,16,4096,RTX_5090_PHYSICAL_SHARD_SERVICE,1.0137388288648792,16,2,canonical_fast_local,canonical_inter_pod,1.0,homogeneous,0.0,hybrid,D_depth_stripes_plus_E_exact_worker_wavefront,869.7165553599988,19.546598136174662,11337.545699999993,299.180899999999,570.5356553599983,2387358064,140432827.29411766,0.666914452941176,0.0678953583481663,0.0659956392071226,0.09848898410878681,192,192,192,56,62757,True,RTX 5090 physically measured shard service; conservative per-worker maximum across calibration and held-out attention layers + deterministic explicit-worker event model,True,9.014082972891629,0.125,0.125,192,24,4468.5085500000005,2.537210251057927,E018 physical layer-89/91 controls; post-schedule comparison only,,,,,,
experiment-019-worker-simulation-result-v1,20.0,8,4,4,16,4096,RTX_5090_PHYSICAL_SHARD_SERVICE,1.0137388288648792,7,4,canonical_fast_local,canonical_inter_pod,1.0,homogeneous,0.0,hybrid,D_depth_stripes_plus_E_exact_worker_wavefront,873.6118371200042,9.157385076618501,4159.125000000001,342.29039999999907,531.3214371200003,1123462368,140432796.0,0.5198906250000002,0.02479603463983784,0.024699756897909254,0.03139838408145569,192,192,192,16,13946,True,RTX 5090 physically measured shard service; conservative per-worker maximum across calibration and held-out attention layers + deterministic explicit-worker event model,True,9.01497095823288,0.125,0.125,192,24,1474.9008000000001,2.8199354153174236,E018 physical layer-89/91 controls; post-schedule comparison only,,,,,,
experiment-019-worker-simulation-result-v1,20.0,8,4,4,16,4096,RTX_5090_PHYSICAL_SHARD_SERVICE,1.0137388288648792,12,4,canonical_fast_local,canonical_inter_pod,1.0,homogeneous,0.0,hybrid,D_depth_stripes_plus_E_exact_worker_wavefront,938.2381465600062,13.855757248480804,8318.250000000004,370.4917999999989,567.7463465600013,1825626432,140432802.46153846,0.639865384615385,0.04617614292154467,0.045996850755033694,0.058471295588589024,192,192,192,32,27892,True,RTX 5090 physically measured shard service; conservative per-worker maximum across calibration and held-out attention layers + deterministic explicit-worker event model,True,9.01497095823288,0.125,0.125,192,24,2585.29455,3.2175250591852302,E018 physical layer-89/91 controls; post-schedule comparison only,,,,,,
experiment-019-worker-simulation-result-v1,20.0,8,4,4,16,4096,RTX_5090_PHYSICAL_SHARD_SERVICE,1.0137388288648792,16,4,canonical_fast_local,canonical_inter_pod,1.0,homogeneous,0.0,hybrid,D_depth_stripes_plus_E_exact_worker_wavefront,971.7859380800066,17.493564512352922,10397.81250000001,384.5924999999988,587.1934380800012,2387357616,140432800.94117647,0.6116360294117653,0.05572757468017762,0.05551119633052232,0.07056595214321192,192,192,192,40,34865,True,RTX 5090 physically measured shard service; conservative per-worker maximum across calibration and held-out attention layers + deterministic explicit-worker event model,True,9.01497095823288,0.125,0.125,192,24,3322.7449500000002,3.129283967461905,E018 physical layer-89/91 controls; post-schedule comparison only,,,,,,
experiment-019-worker-simulation-result-v1,20.0,8,8,1,16,4096,RTX_5090_PHYSICAL_SHARD_SERVICE,1.0137388288648792,7,1,canonical_fast_local,canonical_inter_pod,1.0,homogeneous,0.0,hybrid,D_depth_stripes_plus_E_exact_worker_wavefront,858.2521670399966,9.321269793691275,6874.431999999998,276.78819999999956,581.4639670399962,1120710528,140088816.0,0.8593039999999997,0.08343546269581346,0.07910775248509933,0.123309213846783,96,96,96,34,55688,True,RTX 5090 physically measured shard service; conservative per-worker maximum across calibration and held-out attention layers + deterministic explicit-worker event model,True,17.23030077945441,0.125,0.125,96,12,2983.5468,2.3041140162440215,E018 physical layer-89/91 controls; post-schedule comparison only,,,,,,
experiment-019-worker-simulation-result-v1,20.0,8,8,1,16,4096,RTX_5090_PHYSICAL_SHARD_SERVICE,1.0137388288648792,12,1,canonical_fast_local,canonical_inter_pod,1.0,homogeneous,0.0,hybrid,D_depth_stripes_plus_E_exact_worker_wavefront,1081.3853958399918,12.02161602145731,11170.951999999917,351.10420000000073,730.2811958399907,1821154608,140088816.0,0.8593039999999937,0.1076064868093987,0.10202505085090308,0.15903155402465408,96,96,96,42,90493,True,RTX 5090 physically measured shard service; conservative per-worker maximum across calibration and held-out attention layers + deterministic explicit-worker event model,True,17.23030077945441,0.125,0.125,96,12,4848.26355,2.304114016244005,E018 physical layer-89/91 controls; post-schedule comparison only,,,,,,
experiment-019-worker-simulation-result-v1,20.0,8,8,1,16,4096,RTX_5090_PHYSICAL_SHARD_SERVICE,1.0137388288648792,16,1,canonical_fast_local,canonical_inter_pod,1.0,homogeneous,0.0,hybrid,D_depth_stripes_plus_E_exact_worker_wavefront,1259.8919788799813,13.49322027997405,14608.167999999918,410.55700000000166,849.3349788799862,2381509872,140088816.0,0.8593039999999952,0.12077893916107034,0.1145142618720831,0.17849911243972033,96,96,96,43,118337,True,RTX 5090 physically measured shard service; conservative per-worker maximum across calibration and held-out attention layers + deterministic explicit-worker event model,True,17.23030077945441,0.125,0.125,96,12,6340.036949999998,2.30411401624401,E018 physical layer-89/91 controls; post-schedule comparison only,,,,,,
experiment-019-worker-simulation-result-v1,20.0,8,8,2,16,4096,RTX_5090_PHYSICAL_SHARD_SERVICE,1.0137388288648792,7,2,canonical_fast_local,canonical_inter_pod,1.0,homogeneous,0.0,hybrid,D_depth_stripes_plus_E_exact_worker_wavefront,787.5612526399982,10.157940062672022,5038.909199999996,280.05549999999874,507.5057526399974,1120710080,140088760.0,0.6298636499999996,0.06664705421203983,0.06478226274969079,0.09667819454648072,96,96,96,32,27844,True,RTX 5090 physically measured shard service; conservative per-worker maximum across calibration and held-out attention layers + deterministic explicit-worker event model,True,17.23085478786379,0.125,0.125,96,12,2047.7826,2.460666088284956,E018 physical layer-89/91 controls; post-schedule comparison only,,,,,,
experiment-019-worker-simulation-result-v1,20.0,8,8,2,16,4096,RTX_5090_PHYSICAL_SHARD_SERVICE,1.0137388288648792,12,2,canonical_fast_local,canonical_inter_pod,1.0,homogeneous,0.0,hybrid,D_depth_stripes_plus_E_exact_worker_wavefront,941.3195902399991,13.810399926645015,8818.091099999974,337.43169999999947,603.887890239999,1821153936,140088764.30769232,0.6783146999999979,0.09758122169918976,0.09485088903465343,0.14155128755583132,96,96,96,48,48727,True,RTX 5090 physically measured shard service; conservative per-worker maximum across calibration and held-out attention layers + deterministic explicit-worker event model,True,17.23085478786379,0.125,0.125,96,12,3444.6172500000002,2.559962532847437,E018 physical layer-89/91 controls; post-schedule comparison only,,,,,,
experiment-019-worker-simulation-result-v1,20.0,8,8,2,16,4096,RTX_5090_PHYSICAL_SHARD_SERVICE,1.0137388288648792,16,2,canonical_fast_local,canonical_inter_pod,1.0,homogeneous,0.0,hybrid,D_depth_stripes_plus_E_exact_worker_wavefront,1045.2273732799986,16.264403740836578,11337.545699999964,375.68249999999995,669.5448732799996,2381508976,140088763.29411766,0.6669144529411744,0.11298922836702528,0.1098277780840778,0.1639021368742006,96,96,96,56,62649,True,RTX 5090 physically measured shard service; conservative per-worker maximum across calibration and held-out attention layers + deterministic explicit-worker event model,True,17.23085478786379,0.125,0.125,96,12,4468.5085500000005,2.53721025105792,E018 physical layer-89/91 controls; post-schedule comparison only,,,,,,
experiment-019-worker-simulation-result-v1,20.0,8,8,4,16,4096,RTX_5090_PHYSICAL_SHARD_SERVICE,1.0137388288648792,7,4,canonical_fast_local,canonical_inter_pod,1.0,homogeneous,0.0,hybrid,D_depth_stripes_plus_E_exact_worker_wavefront,875.3560238400046,9.139138570047951,4159.125000000002,356.39109999999897,518.9649238400004,1120709856,140088732.0,0.5198906250000003,0.049493254824414974,0.049301083016123716,0.06267164274410386,96,96,96,16,13922,True,RTX 5090 physically measured shard service; conservative per-worker maximum across calibration and held-out attention layers + deterministic explicit-worker event model,True,17.231962804682553,0.125,0.125,96,12,1474.9008000000001,2.8199354153174245,E018 physical layer-89/91 controls; post-schedule comparison only,,,,,,
experiment-019-worker-simulation-result-v1,20.0,8,8,4,16,4096,RTX_5090_PHYSICAL_SHARD_SERVICE,1.0137388288648792,12,4,canonical_fast_local,canonical_inter_pod,1.0,homogeneous,0.0,hybrid,D_depth_stripes_plus_E_exact_worker_wavefront,1003.2371790400091,12.95805246416367,8318.250000000005,412.7938999999986,590.4432790400028,1821153600,140088738.46153846,0.6398653846153851,0.08636884608175444,0.08603349417591506,0.10936596279754161,96,96,96,32,27844,True,RTX 5090 physically measured shard service; conservative per-worker maximum across calibration and held-out attention layers + deterministic explicit-worker event model,True,17.231962804682553,0.125,0.125,96,12,2585.29455,3.217525059185231,E018 physical layer-89/91 controls; post-schedule comparison only,,,,,,
experiment-019-worker-simulation-result-v1,20.0,8,8,4,16,4096,RTX_5090_PHYSICAL_SHARD_SERVICE,1.0137388288648792,16,4,canonical_fast_local,canonical_inter_pod,1.0,homogeneous,0.0,hybrid,D_depth_stripes_plus_E_exact_worker_wavefront,1070.3327620800037,15.88291099953204,10397.812500000011,440.9952999999984,629.3374620800028,2381508528,140088736.94117647,0.6116360294117653,0.1011933397838982,0.100800427514089,0.12813772021093078,96,96,96,40,34805,True,RTX 5090 physically measured shard service; conservative per-worker maximum across calibration and held-out attention layers + deterministic explicit-worker event model,True,17.231962804682553,0.125,0.125,96,12,3322.7449500000002,3.1292839674619053,E018 physical layer-89/91 controls; post-schedule comparison only,,,,,,
experiment-019-worker-simulation-result-v1,20.0,16,1,1,16,4096,RTX_5090_PHYSICAL_SHARD_SERVICE,1.0030678938241964,7,1,canonical_fast_local,canonical_inter_pod,1.0,homogeneous,0.0,hybrid,C_full_layer_stripes_plus_worker_wavefront,895.8968860799913,8.929599069156392,12944.480000000009,172.97059999999993,722.9262860799907,2417218432,302152304.0,1.6180600000000012,0.009710098837257524,0.009478769411909513,0.014526225285750165,1488,1488,1488,62,104496,True,RTX 5090 physically measured shard service; conservative per-worker maximum across calibration and held-out attention layers + deterministic explicit-worker event model,True,1.260681196115911,0.0625,0.0625,1488,93,2983.5468,4.338621401883158,E018 physical layer-89/91 controls; post-schedule comparison only,,,,,,
experiment-019-worker-simulation-result-v1,20.0,16,1,1,16,4096,RTX_5090_PHYSICAL_SHARD_SERVICE,1.0030678938241964,12,1,canonical_fast_local,canonical_inter_pod,1.0,homogeneous,0.0,hybrid,C_full_layer_stripes_plus_worker_wavefront,933.6494516799902,13.923855443398011,21034.77999999999,183.3760999999999,750.2733516799891,3927979952,302152304.0,1.6180599999999994,0.015140882754532655,0.014780172553166986,0.022650631842547727,1488,1488,1488,80,169806,True,RTX 5090 physically measured shard service; conservative per-worker maximum across calibration and held-out attention layers + deterministic explicit-worker event model,True,1.260681196115911,0.0625,0.0625,1488,93,4848.26355,4.338621401883153,E018 physical layer-89/91 controls; post-schedule comparison only,,,,,,
experiment-019-worker-simulation-result-v1,20.0,16,1,1,16,4096,RTX_5090_PHYSICAL_SHARD_SERVICE,1.0030678938241964,16,1,canonical_fast_local,canonical_inter_pod,1.0,homogeneous,0.0,hybrid,C_full_layer_stripes_plus_worker_wavefront,963.8515041599893,17.637571686746238,27507.019999999957,191.70049999999986,772.1510041599878,5136589168,302152304.0,1.6180599999999976,0.019179199760387514,0.018722282345481126,0.028691919741414457,1488,1488,1488,94,222054,True,RTX 5090 physically measured shard service; conservative per-worker maximum across calibration and held-out attention layers + deterministic explicit-worker event model,True,1.260681196115911,0.0625,0.0625,1488,93,6340.036949999998,4.33862140188315,E018 physical layer-89/91 controls; post-schedule comparison only,,,,,,
experiment-019-worker-simulation-result-v1,20.0,16,1,2,16,4096,RTX_5090_PHYSICAL_SHARD_SERVICE,1.0030678938241964,7,2,canonical_fast_local,canonical_inter_pod,1.0,homogeneous,0.0,hybrid,C_full_layer_stripes_plus_worker_wavefront,973.5615852800003,8.217251092234877,9372.153200000002,221.78200000000018,751.779585280002,2417217472,302152184.0,1.1715191500000004,0.0064695342842147644,0.006345772155978382,0.008949202733275697,1488,1488,1488,32,52248,True,RTX 5090 physically measured shard service; conservative per-worker maximum across calibration and held-out attention layers + deterministic explicit-worker event model,True,1.2610132088884711,0.0625,0.0625,1488,93,2047.7826,4.576732510570215,E018 physical layer-89/91 controls; post-schedule comparison only,,,,,,
experiment-019-worker-simulation-result-v1,20.0,16,1,2,16,4096,RTX_5090_PHYSICAL_SHARD_SERVICE,1.0030678938241964,12,2,canonical_fast_local,canonical_inter_pod,1.0,homogeneous,0.0,hybrid,C_full_layer_stripes_plus_worker_wavefront,999.4695099200006,13.006900031438223,16401.268100000067,229.87990000000025,769.5896099200024,3927978512,302152193.2307692,1.2616360076923128,0.011028207949003135,0.010817238437684175,0.015255142701872313,1488,1488,1488,48,91434,True,RTX 5090 physically measured shard service; conservative per-worker maximum across calibration and held-out attention layers + deterministic explicit-worker event model,True,1.2610132088884711,0.0625,0.0625,1488,93,3444.6172500000002,4.7614196032955665,E018 physical layer-89/91 controls; post-schedule comparison only,,,,,,
experiment-019-worker-simulation-result-v1,20.0,16,1,2,16,4096,RTX_5090_PHYSICAL_SHARD_SERVICE,1.0030678938241964,16,2,canonical_fast_local,canonical_inter_pod,1.0,homogeneous,0.0,hybrid,C_full_layer_stripes_plus_worker_wavefront,1016.8789214400007,16.71782120916257,21087.344700000005,235.2785000000003,781.6004214400025,5136587248,302152191.0588235,1.2404320411764709,0.013936371697919902,0.013669769042233186,0.019277958847096294,1488,1488,1488,62,117558,True,RTX 5090 physically measured shard service; conservative per-worker maximum across calibration and held-out attention layers + deterministic explicit-worker event model,True,1.2610132088884711,0.0625,0.0625,1488,93,4468.5085500000005,4.719101343109213,E018 physical layer-89/91 controls; post-schedule comparison only,,,,,,
experiment-019-worker-simulation-result-v1,20.0,16,1,4,16,4096,RTX_5090_PHYSICAL_SHARD_SERVICE,1.0030678938241964,7,4,canonical_fast_local,canonical_inter_pod,1.0,homogeneous,0.0,hybrid,C_full_layer_stripes_plus_worker_wavefront,1158.1544065600062,6.907541822304938,7594.256400000021,320.08550000000025,838.0689065600084,2417216992,302152124.0,0.9492820500000027,0.004406724100496214,0.0043348278705874635,0.0057330006796947625,1488,1488,1488,32,26124,True,RTX 5090 physically measured shard service; conservative per-worker maximum across calibration and held-out attention layers + deterministic explicit-worker event model,True,1.2616772325709462,0.0625,0.0625,1488,93,1474.9008000000001,5.148994698490923,E018 physical layer-89/91 controls; post-schedule comparison only,,,,,,
experiment-019-worker-simulation-result-v1,20.0,16,1,4,16,4096,RTX_5090_PHYSICAL_SHARD_SERVICE,1.0030678938241964,12,4,canonical_fast_local,canonical_inter_pod,1.0,homogeneous,0.0,hybrid,C_full_layer_stripes_plus_worker_wavefront,1181.0246107200046,11.007391278725875,15188.512800000044,329.4433000000005,851.5813107200087,3927977792,302152137.84615386,1.1683471384615418,0.008642778294641041,0.00850177033472544,0.01124396551897788,1488,1488,1488,48,52248,True,RTX 5090 physically measured shard service; conservative per-worker maximum across calibration and held-out attention layers + deterministic explicit-worker event model,True,1.2616772325709462,0.0625,0.0625,1488,93,2585.29455,5.874964150603282,E018 physical layer-89/91 controls; post-schedule comparison only,,,,,,
experiment-019-worker-simulation-result-v1,20.0,16,1,4,16,4096,RTX_5090_PHYSICAL_SHARD_SERVICE,1.0030678938241964,16,4,canonical_fast_local,canonical_inter_pod,1.0,homogeneous,0.0,hybrid,C_full_layer_stripes_plus_worker_wavefront,1192.769001760004,14.252550137466228,18985.641000000047,334.1222000000006,858.6468017600089,5136586288,302152134.5882353,1.1168024117647086,0.01069709836513419,0.010522573927961095,0.013916567227608022,1488,1488,1488,64,65310,True,RTX 5090 physically measured shard service; conservative per-worker maximum across calibration and held-out attention layers + deterministic explicit-worker event model,True,1.2616772325709462,0.0625,0.0625,1488,93,3322.7449500000002,5.71384240611066,E018 physical layer-89/91 controls; post-schedule comparison only,,,,,,
experiment-019-worker-simulation-result-v1,20.0,16,2,1,16,4096,RTX_5090_PHYSICAL_SHARD_SERVICE,1.0030678938241964,7,1,canonical_fast_local,canonical_inter_pod,1.0,homogeneous,0.0,hybrid,D_depth_stripes_plus_E_exact_worker_wavefront,817.5545615999922,9.78527963239986,12944.480000000009,182.4374000000002,635.117161599994,2406667136,300833392.0,1.6180600000000012,0.021054746757979945,0.02067042469548147,0.03216519267966159,752,752,752,65,104128,True,RTX 5090 physically measured shard service; conservative per-worker maximum across calibration and held-out attention layers + deterministic explicit-worker event model,True,2.3684878535568714,0.0625,0.0625,752,47,2983.5468,4.338621401883158,E018 physical layer-89/91 controls; post-schedule comparison only,,,,,,
experiment-019-worker-simulation-result-v1,20.0,16,2,1,16,4096,RTX_5090_PHYSICAL_SHARD_SERVICE,1.0030678938241964,12,1,canonical_fast_local,canonical_inter_pod,1.0,homogeneous,0.0,hybrid,D_depth_stripes_plus_E_exact_worker_wavefront,883.223987999991,14.718803131058225,21034.77999999998,199.60490000000038,683.6190879999918,3910834096,300833392.0,1.6180599999999985,0.03167008855617032,0.031091999734047374,0.04838217777210153,752,752,752,81,169208,True,RTX 5090 physically measured shard service; conservative per-worker maximum across calibration and held-out attention layers + deterministic explicit-worker event model,True,2.3684878535568714,0.0625,0.0625,752,47,4848.26355,4.338621401883151,E018 physical layer-89/91 controls; post-schedule comparison only,,,,,,
experiment-019-worker-simulation-result-v1,20.0,16,2,1,16,4096,RTX_5090_PHYSICAL_SHARD_SERVICE,1.0030678938241964,16,1,canonical_fast_local,canonical_inter_pod,1.0,homogeneous,0.0,hybrid,D_depth_stripes_plus_E_exact_worker_wavefront,935.75952911999,18.16706052246905,27507.01999999999,213.33890000000054,722.4206291199899,5114167664,300833392.0,1.6180599999999994,0.039089619613013674,0.03837609864766357,0.059716944643408064,752,752,752,97,221272,True,RTX 5090 physically measured shard service; conservative per-worker maximum across calibration and held-out attention layers + deterministic explicit-worker event model,True,2.3684878535568714,0.0625,0.0625,752,47,6340.036949999998,4.338621401883154,E018 physical layer-89/91 controls; post-schedule comparison only,,,,,,
experiment-019-worker-simulation-result-v1,20.0,16,2,2,16,4096,RTX_5090_PHYSICAL_SHARD_SERVICE,1.0030678938241964,7,2,canonical_fast_local,canonical_inter_pod,1.0,homogeneous,0.0,hybrid,D_depth_stripes_plus_E_exact_worker_wavefront,874.4318204799996,9.148797896682877,9372.153200000012,227.51140000000004,646.9204204800014,2406666176,300833272.0,1.1715191500000015,0.014252648850324082,0.014133977870585368,0.020021686756995637,752,752,752,46,52064,True,RTX 5090 physically measured shard service; conservative per-worker maximum across calibration and held-out attention layers + deterministic explicit-worker event model,True,2.368847370147705,0.0625,0.0625,752,47,2047.7826,4.57673251057022,E018 physical layer-89/91 controls; post-schedule comparison only,,,,,,
experiment-019-worker-simulation-result-v1,20.0,16,2,2,16,4096,RTX_5090_PHYSICAL_SHARD_SERVICE,1.0030678938241964,12,2,canonical_fast_local,canonical_inter_pod,1.0,homogeneous,0.0,hybrid,D_depth_stripes_plus_E_exact_worker_wavefront,919.7019166400003,14.135014578955806,16401.26810000011,241.33869999999996,678.3632166400025,3910832656,300833281.2307692,1.261636007692316,0.023714419364449967,0.02351696740941565,0.03331329362880168,752,752,752,62,91112,True,RTX 5090 physically measured shard service; conservative per-worker maximum across calibration and held-out attention layers + deterministic explicit-worker event model,True,2.368847370147705,0.0625,0.0625,752,47,3444.6172500000002,4.761419603295579,E018 physical layer-89/91 controls; post-schedule comparison only,,,,,,
experiment-019-worker-simulation-result-v1,20.0,16,2,2,16,4096,RTX_5090_PHYSICAL_SHARD_SERVICE,1.0030678938241964,16,2,canonical_fast_local,canonical_inter_pod,1.0,homogeneous,0.0,hybrid,D_depth_stripes_plus_E_exact_worker_wavefront,950.3096577600002,17.88890585419404,21087.344700000005,250.55689999999993,699.7527577600026,5114165744,300833279.0588235,1.2404320411764709,0.029507941493526126,0.02926225128085875,0.04145185695876453,752,752,752,64,117144,True,RTX 5090 physically measured shard service; conservative per-worker maximum across calibration and held-out attention layers + deterministic explicit-worker event model,True,2.368847370147705,0.0625,0.0625,752,47,4468.5085500000005,4.719101343109213,E018 physical layer-89/91 controls; post-schedule comparison only,,,,,,
experiment-019-worker-simulation-result-v1,20.0,16,2,4,16,4096,RTX_5090_PHYSICAL_SHARD_SERVICE,1.0030678938241964,7,4,canonical_fast_local,canonical_inter_pod,1.0,homogeneous,0.0,hybrid,D_depth_stripes_plus_E_exact_worker_wavefront,1043.9442382400127,7.663244555559033,7594.256400000019,322.19210000000027,721.7521382400066,2406665696,300833212.0,0.9492820500000024,0.00967364428371332,0.00961871298502381,0.012720411218886332,752,752,752,32,26032,True,RTX 5090 physically measured shard service; conservative per-worker maximum across calibration and held-out attention layers + deterministic explicit-worker event model,True,2.36956640239805,0.0625,0.0625,752,47,1474.9008000000001,5.148994698490921,E018 physical layer-89/91 controls; post-schedule comparison only,,,,,,
experiment-019-worker-simulation-result-v1,20.0,16,2,4,16,4096,RTX_5090_PHYSICAL_SHARD_SERVICE,1.0030678938241964,12,4,canonical_fast_local,canonical_inter_pod,1.0,homogeneous,0.0,hybrid,D_depth_stripes_plus_E_exact_worker_wavefront,1080.9157739200098,12.026839013417923,15188.512800000039,335.76310000000046,745.152673920007,3910831936,300833225.84615386,1.1683471384615414,0.01868553583253248,0.018579430964513043,0.024570647076120302,752,752,752,64,52064,True,RTX 5090 physically measured shard service; conservative per-worker maximum across calibration and held-out attention layers + deterministic explicit-worker event model,True,2.36956640239805,0.0625,0.0625,752,47,2585.29455,5.8749641506032795,E018 physical layer-89/91 controls; post-schedule comparison only,,,,,,
experiment-019-worker-simulation-result-v1,20.0,16,2,4,16,4096,RTX_5090_PHYSICAL_SHARD_SERVICE,1.0030678938241964,16,4,canonical_fast_local,canonical_inter_pod,1.0,homogeneous,0.0,hybrid,D_depth_stripes_plus_E_exact_worker_wavefront,1100.363815040009,15.449435693577295,18985.64100000003,342.5486000000006,757.8152150400075,5114164784,300833222.5882353,1.1168024117647075,0.02294410511036019,0.022813818172571637,0.030170475933719167,752,752,752,64,65080,True,RTX 5090 physically measured shard service; conservative per-worker maximum across calibration and held-out attention layers + deterministic explicit-worker event model,True,2.36956640239805,0.0625,0.0625,752,47,3322.7449500000002,5.713842406110655,E018 physical layer-89/91 controls; post-schedule comparison only,,,,,,
experiment-019-worker-simulation-result-v1,20.0,16,4,1,16,4096,RTX_5090_PHYSICAL_SHARD_SERVICE,1.0030678938241964,7,1,canonical_fast_local,canonical_inter_pod,1.0,homogeneous,0.0,hybrid,D_depth_stripes_plus_E_exact_worker_wavefront,850.4539937599907,9.40674046885328,12944.47999999999,206.14710000000048,644.3068937599929,2401391488,300173936.0,1.6180599999999987,0.039637162716231106,0.039579801196747096,0.06215785967008875,384,384,384,64,103944,True,RTX 5090 physically measured shard service; conservative per-worker maximum across calibration and held-out attention layers + deterministic explicit-worker event model,True,4.565202709287405,0.0625,0.0625,384,24,2983.5468,4.3386214018831515,E018 physical layer-89/91 controls; post-schedule comparison only,,,,,,
experiment-019-worker-simulation-result-v1,20.0,16,4,1,16,4096,RTX_5090_PHYSICAL_SHARD_SERVICE,1.0030678938241964,12,1,canonical_fast_local,canonical_inter_pod,1.0,homogeneous,0.0,hybrid,D_depth_stripes_plus_E_exact_worker_wavefront,981.560846559988,13.244212058335709,21034.779999999977,240.25010000000083,741.3107465599878,3902261168,300173936.0,1.6180599999999983,0.055807108758100694,0.05572634665665331,0.0875151044390703,384,384,384,88,168909,True,RTX 5090 physically measured shard service; conservative per-worker maximum across calibration and held-out attention layers + deterministic explicit-worker event model,True,4.565202709287405,0.0625,0.0625,384,24,4848.26355,4.338621401883151,E018 physical layer-89/91 controls; post-schedule comparison only,,,,,,
experiment-019-worker-simulation-result-v1,20.0,16,4,1,16,4096,RTX_5090_PHYSICAL_SHARD_SERVICE,1.0030678938241964,16,1,canonical_fast_local,canonical_inter_pod,1.0,homogeneous,0.0,hybrid,D_depth_stripes_plus_E_exact_worker_wavefront,1086.4463287999831,15.647344511511285,27507.019999999986,267.53250000000054,818.9138287999834,5102956912,300173936.0,1.6180599999999992,0.06593318296952061,0.0658377667666348,0.10339452306316342,384,384,384,104,220881,True,RTX 5090 physically measured shard service; conservative per-worker maximum across calibration and held-out attention layers + deterministic explicit-worker event model,True,4.565202709287405,0.0625,0.0625,384,24,6340.036949999998,4.338621401883154,E018 physical layer-89/91 controls; post-schedule comparison only,,,,,,
experiment-019-worker-simulation-result-v1,20.0,16,4,2,16,4096,RTX_5090_PHYSICAL_SHARD_SERVICE,1.0030678938241964,7,2,canonical_fast_local,canonical_inter_pod,1.0,homogeneous,0.0,hybrid,D_depth_stripes_plus_E_exact_worker_wavefront,860.8702025599991,9.292922412937662,9372.153200000012,241.32909999999995,619.5411025600014,2401390528,300173816.0,1.1715191500000015,0.0283511368911997,0.02874719083830203,0.04076990921004011,384,384,384,48,51972,True,RTX 5090 physically measured shard service; conservative per-worker maximum across calibration and held-out attention layers + deterministic explicit-worker event model,True,4.565617233514786,0.0625,0.0625,384,24,2047.7826,4.57673251057022,E018 physical layer-89/91 controls; post-schedule comparison only,,,,,,
experiment-019-worker-simulation-result-v1,20.0,16,4,2,16,4096,RTX_5090_PHYSICAL_SHARD_SERVICE,1.0030678938241964,12,2,canonical_fast_local,canonical_inter_pod,1.0,homogeneous,0.0,hybrid,D_depth_stripes_plus_E_exact_worker_wavefront,951.62992512,13.660772593254366,16401.268099999972,268.97409999999985,682.6558251200032,3902259728,300173825.2307692,1.2616360076923054,0.04488261092850503,0.04550960290003372,0.06454273702275055,384,384,384,64,90951,True,RTX 5090 physically measured shard service; conservative per-worker maximum across calibration and held-out attention layers + deterministic explicit-worker event model,True,4.565617233514786,0.0625,0.0625,384,24,3444.6172500000002,4.761419603295539,E018 physical layer-89/91 controls; post-schedule comparison only,,,,,,
experiment-019-worker-simulation-result-v1,20.0,16,4,2,16,4096,RTX_5090_PHYSICAL_SHARD_SERVICE,1.0030678938241964,16,2,canonical_fast_local,canonical_inter_pod,1.0,homogeneous,0.0,hybrid,D_depth_stripes_plus_E_exact_worker_wavefront,1012.8390073599999,16.784503634305214,21087.344699999954,287.4040999999999,725.4349073600034,5102954992,300173823.0588235,1.2404320411764678,0.05421884401884139,0.05497625940092626,0.07796856107056646,384,384,384,80,116937,True,RTX 5090 physically measured shard service; conservative per-worker maximum across calibration and held-out attention layers + deterministic explicit-worker event model,True,4.565617233514786,0.0625,0.0625,384,24,4468.5085500000005,4.719101343109202,E018 physical layer-89/91 controls; post-schedule comparison only,,,,,,
experiment-019-worker-simulation-result-v1,20.0,16,4,4,16,4096,RTX_5090_PHYSICAL_SHARD_SERVICE,1.0030678938241964,7,4,canonical_fast_local,canonical_inter_pod,1.0,homogeneous,0.0,hybrid,D_depth_stripes_plus_E_exact_worker_wavefront,1002.418570160014,7.9806981216668555,7594.256400000018,328.96080000000035,673.4577701600058,2401390048,300173756.0,0.9492820500000023,0.019728993420226732,0.020102979533572735,0.026508088328569504,384,384,384,32,25986,True,RTX 5090 physically measured shard service; conservative per-worker maximum across calibration and held-out attention layers + deterministic explicit-worker event model,True,4.566446281038225,0.0625,0.0625,384,24,1474.9008000000001,5.148994698490921,E018 physical layer-89/91 controls; post-schedule comparison only,,,,,,
experiment-019-worker-simulation-result-v1,20.0,16,4,4,16,4096,RTX_5090_PHYSICAL_SHARD_SERVICE,1.0030678938241964,12,4,canonical_fast_local,canonical_inter_pod,1.0,homogeneous,0.0,hybrid,D_depth_stripes_plus_E_exact_worker_wavefront,1077.0154322400103,12.070393432489816,15188.51280000005,356.06920000000076,720.9462322400068,3902259008,300173769.84615386,1.1683471384615423,0.03672502507019384,0.037421190814486464,0.049344139748739406,384,384,384,64,51972,True,RTX 5090 physically measured shard service; conservative per-worker maximum across calibration and held-out attention layers + deterministic explicit-worker event model,True,4.566446281038225,0.0625,0.0625,384,24,2585.29455,5.874964150603284,E018 physical layer-89/91 controls; post-schedule comparison only,,,,,,
experiment-019-worker-simulation-result-v1,20.0,16,4,4,16,4096,RTX_5090_PHYSICAL_SHARD_SERVICE,1.0030678938241964,16,4,canonical_fast_local,canonical_inter_pod,1.0,homogeneous,0.0,hybrid,D_depth_stripes_plus_E_exact_worker_wavefront,1115.8947144800086,15.234412153230569,18985.641000000054,369.62340000000097,746.2713144800077,5102954032,300173766.5882353,1.116802411764709,0.04430684436079548,0.04514673234515317,0.059531153914422597,384,384,384,79,64965,True,RTX 5090 physically measured shard service; conservative per-worker maximum across calibration and held-out attention layers + deterministic explicit-worker event model,True,4.566446281038225,0.0625,0.0625,384,24,3322.7449500000002,5.713842406110662,E018 physical layer-89/91 controls; post-schedule comparison only,,,,,,
experiment-019-worker-simulation-result-v1,20.0,16,8,1,16,4096,RTX_5090_PHYSICAL_SHARD_SERVICE,1.0030678938241964,7,1,canonical_fast_local,canonical_inter_pod,1.0,homogeneous,0.0,hybrid,D_depth_stripes_plus_E_exact_worker_wavefront,1003.3707364799869,7.973124697721905,12944.479999999994,253.89130000000097,749.4794364799864,2398638976,299829872.0,1.6180599999999992,0.06719267785622861,0.06679405484269564,0.10312132518732571,192,192,192,64,103848,True,RTX 5090 physically measured shard service; conservative per-worker maximum across calibration and held-out attention layers + deterministic explicit-worker event model,True,8.805585915222764,0.0625,0.0625,192,12,2983.5468,4.338621401883152,E018 physical layer-89/91 controls; post-schedule comparison only,,,,,,
experiment-019-worker-simulation-result-v1,20.0,16,8,1,16,4096,RTX_5090_PHYSICAL_SHARD_SERVICE,1.0030678938241964,12,1,canonical_fast_local,canonical_inter_pod,1.0,homogeneous,0.0,hybrid,D_depth_stripes_plus_E_exact_worker_wavefront,1265.5844420799701,10.27193411024766,21034.779999999948,322.09729999999837,943.4871420799751,3897788336,299829872.0,1.618059999999996,0.08656565472097548,0.08605210081518865,0.1328532410873102,192,192,192,96,168753,True,RTX 5090 physically measured shard service; conservative per-worker maximum across calibration and held-out attention layers + deterministic explicit-worker event model,True,8.805585915222764,0.0625,0.0625,192,12,4848.26355,4.338621401883144,E018 physical layer-89/91 controls; post-schedule comparison only,,,,,,
experiment-019-worker-simulation-result-v1,20.0,16,8,1,16,4096,RTX_5090_PHYSICAL_SHARD_SERVICE,1.0030678938241964,16,1,canonical_fast_local,canonical_inter_pod,1.0,homogeneous,0.0,hybrid,D_depth_stripes_plus_E_exact_worker_wavefront,1475.3554065599558,11.522647305464124,27507.019999999997,376.6620999999962,1098.693306559969,5097107824,299829872.0,1.6180599999999998,0.09710590989103794,0.09652982553679523,0.1490294840296603,192,192,192,96,220677,True,RTX 5090 physically measured shard service; conservative per-worker maximum across calibration and held-out attention layers + deterministic explicit-worker event model,True,8.805585915222764,0.0625,0.0625,192,12,6340.036949999998,4.338621401883156,E018 physical layer-89/91 controls; post-schedule comparison only,,,,,,
experiment-019-worker-simulation-result-v1,20.0,16,8,2,16,4096,RTX_5090_PHYSICAL_SHARD_SERVICE,1.0030678938241964,7,2,canonical_fast_local,canonical_inter_pod,1.0,homogeneous,0.0,hybrid,D_depth_stripes_plus_E_exact_worker_wavefront,921.6593235199987,8.67999682295452,9372.153200000002,268.97409999999985,652.6852235200017,2398638016,299829752.0,1.1715191500000004,0.05296240885432488,0.05338979245831095,0.07406335319139076,192,192,192,48,51924,True,RTX 5090 physically measured shard service; conservative per-worker maximum across calibration and held-out attention layers + deterministic explicit-worker event model,True,8.806110455654562,0.0625,0.0625,192,12,2047.7826,4.576732510570215,E018 physical layer-89/91 controls; post-schedule comparison only,,,,,,
experiment-019-worker-simulation-result-v1,20.0,16,8,2,16,4096,RTX_5090_PHYSICAL_SHARD_SERVICE,1.0030678938241964,12,2,canonical_fast_local,canonical_inter_pod,1.0,homogeneous,0.0,hybrid,D_depth_stripes_plus_E_exact_worker_wavefront,1102.5831283199998,11.790494218615546,16401.268100000038,324.26410000000004,778.3190283200063,3897786896,299829761.2307692,1.2616360076923105,0.07747558361819468,0.07810077788076585,0.10834291032732957,192,192,192,64,90867,True,RTX 5090 physically measured shard service; conservative per-worker maximum across calibration and held-out attention layers + deterministic explicit-worker event model,True,8.806110455654562,0.0625,0.0625,192,12,3444.6172500000002,4.7614196032955585,E018 physical layer-89/91 controls; post-schedule comparison only,,,,,,
experiment-019-worker-simulation-result-v1,20.0,16,8,2,16,4096,RTX_5090_PHYSICAL_SHARD_SERVICE,1.0030678938241964,16,2,canonical_fast_local,canonical_inter_pod,1.0,homogeneous,0.0,hybrid,D_depth_stripes_plus_E_exact_worker_wavefront,1225.0012927999992,13.877536374792642,21087.344700000063,361.12410000000017,863.8771928000068,5097105904,299829759.0588235,1.2404320411764742,0.08965698318690006,0.09038047604581323,0.12537754523421216,192,192,192,77,116829,True,RTX 5090 physically measured shard service; conservative per-worker maximum across calibration and held-out attention layers + deterministic explicit-worker event model,True,8.806110455654562,0.0625,0.0625,192,12,4468.5085500000005,4.719101343109227,E018 physical layer-89/91 controls; post-schedule comparison only,,,,,,
experiment-019-worker-simulation-result-v1,20.0,16,8,4,16,4096,RTX_5090_PHYSICAL_SHARD_SERVICE,1.0030678938241964,7,4,canonical_fast_local,canonical_inter_pod,1.0,homogeneous,0.0,hybrid,D_depth_stripes_plus_E_exact_worker_wavefront,1009.4942476000148,7.924760362943432,7594.256400000009,342.51500000000055,666.9792476000059,2398637536,299829692.0,0.9492820500000012,0.039181420641112984,0.03954613916316036,0.050863103105412144,192,192,192,32,25962,True,RTX 5090 physically measured shard service; conservative per-worker maximum across calibration and held-out attention layers + deterministic explicit-worker event model,True,8.807159535586834,0.0625,0.0625,192,12,1474.9008000000001,5.148994698490915,E018 physical layer-89/91 controls; post-schedule comparison only,,,,,,
experiment-019-worker-simulation-result-v1,20.0,16,8,4,16,4096,RTX_5090_PHYSICAL_SHARD_SERVICE,1.0030678938241964,12,4,canonical_fast_local,canonical_inter_pod,1.0,homogeneous,0.0,hybrid,D_depth_stripes_plus_E_exact_worker_wavefront,1156.9010508000042,11.236916062104378,15188.512799999993,396.7318000000014,760.169250800008,3897786176,299829705.84615386,1.1683471384615378,0.06837822253277161,0.06901471819460094,0.08876473915291852,192,192,192,64,51924,True,RTX 5090 physically measured shard service; conservative per-worker maximum across calibration and held-out attention layers + deterministic explicit-worker event model,True,8.807159535586834,0.0625,0.0625,192,12,2585.29455,5.874964150603262,E018 physical layer-89/91 controls; post-schedule comparison only,,,,,,
experiment-019-worker-simulation-result-v1,20.0,16,8,4,16,4096,RTX_5090_PHYSICAL_SHARD_SERVICE,1.0030678938241964,16,4,canonical_fast_local,canonical_inter_pod,1.0,homogeneous,0.0,hybrid,D_depth_stripes_plus_E_exact_worker_wavefront,1234.65961528,13.768977125039184,18985.640999999967,423.8402000000018,810.8194152800097,5097104944,299829702.5882353,1.116802411764704,0.08008972323321256,0.08083523488161229,0.1039679466400045,192,192,192,79,64905,True,RTX 5090 physically measured shard service; conservative per-worker maximum across calibration and held-out attention layers + deterministic explicit-worker event model,True,8.807159535586834,0.0625,0.0625,192,12,3322.7449500000002,5.713842406110636,E018 physical layer-89/91 controls; post-schedule comparison only,,,,,,
experiment-019-worker-simulation-result-v1,20.0,32,1,1,16,4096,RTX_5090_PHYSICAL_SHARD_SERVICE,1.0,7,1,canonical_fast_local,canonical_inter_pod,1.0,homogeneous,0.0,hybrid,C_full_layer_stripes_plus_worker_wavefront,1010.6862646399899,7.915413793467975,25340.524799999952,174.03339999999943,836.6528646399926,4973075328,621634416.0,3.167565599999994,0.008424930256033152,0.008291395948657701,0.008866846531442823,2976,2976,2976,128,200080,True,RTX 5090 physically measured shard service; conservative per-worker maximum across calibration and held-out attention layers + deterministic explicit-worker event model,True,0.6453489037230611,0.03125,0.03125,2976,93,2983.5468,8.493422928710203,E018 physical layer-89/91 controls; post-schedule comparison only,,,,,,
experiment-019-worker-simulation-result-v1,20.0,32,1,1,16,4096,RTX_5090_PHYSICAL_SHARD_SERVICE,1.0,12,1,canonical_fast_local,canonical_inter_pod,1.0,homogeneous,0.0,hybrid,C_full_layer_stripes_plus_worker_wavefront,1054.1054486399883,12.332732002071197,41178.352799999986,183.68339999999918,870.4220486399911,8081247408,621634416.0,3.1675655999999988,0.013126591950194846,0.01291853677216958,0.013815126388720164,2976,2976,2976,128,325130,True,RTX 5090 physically measured shard service; conservative per-worker maximum across calibration and held-out attention layers + deterministic explicit-worker event model,True,0.6453489037230611,0.03125,0.03125,2976,93,4848.26355,8.493422928710215,E018 physical layer-89/91 controls; post-schedule comparison only,,,,,,
experiment-019-worker-simulation-result-v1,20.0,32,1,1,16,4096,RTX_5090_PHYSICAL_SHARD_SERVICE,1.0,16,1,canonical_fast_local,canonical_inter_pod,1.0,homogeneous,0.0,hybrid,C_full_layer_stripes_plus_worker_wavefront,1088.8407958399869,15.612934475774615,53848.61519999963,191.40339999999898,897.4373958399899,10567785072,621634416.0,3.1675655999999783,0.01661794158619547,0.01635454886337391,0.01748960919976273,2976,2976,2976,168,425170,True,RTX 5090 physically measured shard service; conservative per-worker maximum across calibration and held-out attention layers + deterministic explicit-worker event model,True,0.6453489037230611,0.03125,0.03125,2976,93,6340.036949999998,8.493422928710162,E018 physical layer-89/91 controls; post-schedule comparison only,,,,,,
experiment-019-worker-simulation-result-v1,20.0,32,1,2,16,4096,RTX_5090_PHYSICAL_SHARD_SERVICE,1.0,7,2,canonical_fast_local,canonical_inter_pod,1.0,homogeneous,0.0,hybrid,C_full_layer_stripes_plus_worker_wavefront,1089.5743324800098,7.342316867717489,18527.527600000016,218.2693000000022,871.3050324800066,4973073344,621634168.0,2.315940950000002,0.0057138347788382605,0.00566514813720912,0.005896614676463913,2976,2976,2976,96,100040,True,RTX 5090 physically measured shard service; conservative per-worker maximum across calibration and held-out attention layers + deterministic explicit-worker event model,True,0.6456661811098456,0.03125,0.03125,2976,93,2047.7826,9.047604760388147,E018 physical layer-89/91 controls; post-schedule comparison only,,,,,,
experiment-019-worker-simulation-result-v1,20.0,32,1,2,16,4096,RTX_5090_PHYSICAL_SHARD_SERVICE,1.0,12,2,canonical_fast_local,canonical_inter_pod,1.0,homogeneous,0.0,hybrid,C_full_layer_stripes_plus_worker_wavefront,1119.0852652800081,11.616630477881639,32423.17330000026,225.79210000000236,893.2931652800071,8081244432,621634187.0769231,2.4940902538461738,0.009735525825744886,0.009652571019507795,0.010046955624231874,2976,2976,2976,128,175070,True,RTX 5090 physically measured shard service; conservative per-worker maximum across calibration and held-out attention layers + deterministic explicit-worker event model,True,0.6456661811098456,0.03125,0.03125,2976,93,3444.6172500000002,9.412707115718083,E018 physical layer-89/91 controls; post-schedule comparison only,,,,,,
experiment-019-worker-simulation-result-v1,20.0,32,1,2,16,4096,RTX_5090_PHYSICAL_SHARD_SERVICE,1.0,16,2,canonical_fast_local,canonical_inter_pod,1.0,homogeneous,0.0,hybrid,C_full_layer_stripes_plus_worker_wavefront,1138.927361280007,14.926325047537885,41686.93710000022,230.80730000000247,908.1200612800073,10567781104,621634182.5882353,2.4521727705882483,0.012299034894664499,0.012194236851410165,0.01269246880130577,2976,2976,2976,129,225090,True,RTX 5090 physically measured shard service; conservative per-worker maximum across calibration and held-out attention layers + deterministic explicit-worker event model,True,0.6456661811098456,0.03125,0.03125,2976,93,4468.5085500000005,9.329049420751408,E018 physical layer-89/91 controls; post-schedule comparison only,,,,,,
experiment-019-worker-simulation-result-v1,20.0,32,1,4,16,4096,RTX_5090_PHYSICAL_SHARD_SERVICE,1.0,7,4,canonical_fast_local,canonical_inter_pod,1.0,homogeneous,0.0,hybrid,C_full_layer_stripes_plus_worker_wavefront,1332.060471759994,6.005733350401086,15393.385399999845,356.1334999999992,975.9269717600051,4973072352,621634044.0,1.9241731749999806,0.0038830883766951094,0.00386874328099462,0.004140652858434029,2976,2976,2976,64,50020,True,RTX 5090 physically measured shard service; conservative per-worker maximum across calibration and held-out attention layers + deterministic explicit-worker event model,True,0.6463007377460599,0.03125,0.03125,2976,93,1474.9008000000001,10.436895416966241,E018 physical layer-89/91 controls; post-schedule comparison only,,,,,,
experiment-019-worker-simulation-result-v1,20.0,32,1,4,16,4096,RTX_5090_PHYSICAL_SHARD_SERVICE,1.0,12,4,canonical_fast_local,canonical_inter_pod,1.0,homogeneous,0.0,hybrid,C_full_layer_stripes_plus_worker_wavefront,1356.9701789599924,9.580166315787018,30786.770799999693,364.3638999999993,992.6062789600055,8081242944,621634072.6153846,2.368213138461515,0.0076236141591712004,0.007595450629504128,0.008129286974054597,2976,2976,2976,128,100040,True,RTX 5090 physically measured shard service; conservative per-worker maximum across calibration and held-out attention layers + deterministic explicit-worker event model,True,0.6463007377460599,0.03125,0.03125,2976,93,2585.29455,11.908419023279066,E018 physical layer-89/91 controls; post-schedule comparison only,,,,,,
experiment-019-worker-simulation-result-v1,20.0,32,1,4,16,4096,RTX_5090_PHYSICAL_SHARD_SERVICE,1.0,16,4,canonical_fast_local,canonical_inter_pod,1.0,homogeneous,0.0,hybrid,C_full_layer_stripes_plus_worker_wavefront,1369.8033493599914,12.410540540686261,38483.46349999997,368.4790999999994,1001.3242493600056,10567779120,621634065.882353,2.263733147058822,0.009440239245587645,0.009405364650348911,0.010066408442089583,2976,2976,2976,128,125050,True,RTX 5090 physically measured shard service; conservative per-worker maximum across calibration and held-out attention layers + deterministic explicit-worker event model,True,0.6463007377460599,0.03125,0.03125,2976,93,3322.7449500000002,11.581828903238561,E018 physical layer-89/91 controls; post-schedule comparison only,,,,,,
experiment-019-worker-simulation-result-v1,20.0,32,2,1,16,4096,RTX_5090_PHYSICAL_SHARD_SERVICE,1.0,7,1,canonical_fast_local,canonical_inter_pod,1.0,homogeneous,0.0,hybrid,D_depth_stripes_plus_E_exact_worker_wavefront,940.4745342399908,8.506344094117232,25340.524799999992,184.80709999999917,755.667434239995,4962524032,620315504.0,3.167565599999999,0.017915161525458054,0.017822492145994424,0.01900657524389555,1504,1504,1504,97,199712,True,RTX 5090 physically measured shard service; conservative per-worker maximum across calibration and held-out attention layers + deterministic explicit-worker event model,True,1.182041397318244,0.03125,0.03125,1504,47,2983.5468,8.493422928710215,E018 physical layer-89/91 controls; post-schedule comparison only,,,,,,
experiment-019-worker-simulation-result-v1,20.0,32,2,1,16,4096,RTX_5090_PHYSICAL_SHARD_SERVICE,1.0,12,1,canonical_fast_local,canonical_inter_pod,1.0,homogeneous,0.0,hybrid,D_depth_stripes_plus_E_exact_worker_wavefront,1017.6181462399891,12.77492942518161,41178.352799999935,202.15259999999876,815.4655462399928,8064101552,620315504.0,3.167565599999995,0.026905204115447504,0.026766032131640485,0.028544302307625766,1504,1504,1504,128,324532,True,RTX 5090 physically measured shard service; conservative per-worker maximum across calibration and held-out attention layers + deterministic explicit-worker event model,True,1.182041397318244,0.03125,0.03125,1504,47,4848.26355,8.493422928710206,E018 physical layer-89/91 controls; post-schedule comparison only,,,,,,
experiment-019-worker-simulation-result-v1,20.0,32,2,1,16,4096,RTX_5090_PHYSICAL_SHARD_SERVICE,1.0,16,1,canonical_fast_local,canonical_inter_pod,1.0,homogeneous,0.0,hybrid,D_depth_stripes_plus_E_exact_worker_wavefront,1079.3330358399867,15.750467590172311,53848.61519999998,216.0289999999984,863.3040358399912,10545363568,620315504.0,3.1675655999999988,0.0331719676346707,0.03300037969492901,0.03519284478348104,1504,1504,1504,160,424388,True,RTX 5090 physically measured shard service; conservative per-worker maximum across calibration and held-out attention layers + deterministic explicit-worker event model,True,1.182041397318244,0.03125,0.03125,1504,47,6340.036949999998,8.493422928710217,E018 physical layer-89/91 controls; post-schedule comparison only,,,,,,
experiment-019-worker-simulation-result-v1,20.0,32,2,2,16,4096,RTX_5090_PHYSICAL_SHARD_SERVICE,1.0,7,2,canonical_fast_local,canonical_inter_pod,1.0,homogeneous,0.0,hybrid,D_depth_stripes_plus_E_exact_worker_wavefront,994.1139636800131,8.047367095001446,18527.527600000038,224.4310000000024,769.6829636800045,4962522048,620315256.0,2.3159409500000048,0.012391773267949725,0.012414673217458733,0.012909586293801317,1504,1504,1504,97,99856,True,RTX 5090 physically measured shard service; conservative per-worker maximum across calibration and held-out attention layers + deterministic explicit-worker event model,True,1.1823861794546247,0.03125,0.03125,1504,47,2047.7826,9.047604760388158,E018 physical layer-89/91 controls; post-schedule comparison only,,,,,,
experiment-019-worker-simulation-result-v1,20.0,32,2,2,16,4096,RTX_5090_PHYSICAL_SHARD_SERVICE,1.0,12,2,canonical_fast_local,canonical_inter_pod,1.0,homogeneous,0.0,hybrid,D_depth_stripes_plus_E_exact_worker_wavefront,1046.5644268800127,12.421595523512318,32423.173300000057,238.11550000000273,808.4489268800056,8064098576,620315275.0769231,2.4940902538461582,0.020598790114635047,0.0206368565998242,0.021459548426419894,1504,1504,1504,128,174748,True,RTX 5090 physically measured shard service; conservative per-worker maximum across calibration and held-out attention layers + deterministic explicit-worker event model,True,1.1823861794546247,0.03125,0.03125,1504,47,3444.6172500000002,9.412707115718025,E018 physical layer-89/91 controls; post-schedule comparison only,,,,,,
experiment-019-worker-simulation-result-v1,20.0,32,2,2,16,4096,RTX_5090_PHYSICAL_SHARD_SERVICE,1.0,16,2,canonical_fast_local,canonical_inter_pod,1.0,homogeneous,0.0,hybrid,D_depth_stripes_plus_E_exact_worker_wavefront,1082.0511164800098,15.71090287795481,41686.93710000015,247.23850000000294,834.8126164800063,10545359600,620315270.5882353,2.4521727705882443,0.02561559058422684,0.025662928097457446,0.02668598512603955,1504,1504,1504,129,224676,True,RTX 5090 physically measured shard service; conservative per-worker maximum across calibration and held-out attention layers + deterministic explicit-worker event model,True,1.1823861794546247,0.03125,0.03125,1504,47,4468.5085500000005,9.329049420751392,E018 physical layer-89/91 controls; post-schedule comparison only,,,,,,
experiment-019-worker-simulation-result-v1,20.0,32,2,4,16,4096,RTX_5090_PHYSICAL_SHARD_SERVICE,1.0,7,4,canonical_fast_local,canonical_inter_pod,1.0,homogeneous,0.0,hybrid,D_depth_stripes_plus_E_exact_worker_wavefront,1220.5575725599995,6.55438152189805,15393.385400000008,359.66199999999907,860.895572560005,4962521056,620315132.0,1.924173175000001,0.008385482116457385,0.008428443058546753,0.009037836680545223,1504,1504,1504,64,49928,True,RTX 5090 physically measured shard service; conservative per-worker maximum across calibration and held-out attention layers + deterministic explicit-worker event model,True,1.1830757427960634,0.03125,0.03125,1504,47,1474.9008000000001,10.436895416966353,E018 physical layer-89/91 controls; post-schedule comparison only,,,,,,
experiment-019-worker-simulation-result-v1,20.0,32,2,4,16,4096,RTX_5090_PHYSICAL_SHARD_SERVICE,1.0,12,4,canonical_fast_local,canonical_inter_pod,1.0,homogeneous,0.0,hybrid,D_depth_stripes_plus_E_exact_worker_wavefront,1264.6373381599972,10.279626899925747,30786.77080000002,374.87969999999905,889.7576381600057,8064097088,620315160.6153846,2.36821313846154,0.016186401251919426,0.01626932827235326,0.01744563388591707,1504,1504,1504,128,99856,True,RTX 5090 physically measured shard service; conservative per-worker maximum across calibration and held-out attention layers + deterministic explicit-worker event model,True,1.1830757427960634,0.03125,0.03125,1504,47,2585.29455,11.908419023279192,E018 physical layer-89/91 controls; post-schedule comparison only,,,,,,
experiment-019-worker-simulation-result-v1,20.0,32,2,4,16,4096,RTX_5090_PHYSICAL_SHARD_SERVICE,1.0,16,4,canonical_fast_local,canonical_inter_pod,1.0,homogeneous,0.0,hybrid,D_depth_stripes_plus_E_exact_worker_wavefront,1287.8814277599959,13.19997294282595,38483.463500000056,382.52339999999907,905.3580277600058,10545357616,620315153.882353,2.2637331470588267,0.019867829980687982,0.01996961789000409,0.021413461989250256,1504,1504,1504,129,124820,True,RTX 5090 physically measured shard service; conservative per-worker maximum across calibration and held-out attention layers + deterministic explicit-worker event model,True,1.1830757427960634,0.03125,0.03125,1504,47,3322.7449500000002,11.581828903238588,E018 physical layer-89/91 controls; post-schedule comparison only,,,,,,
experiment-019-worker-simulation-result-v1,20.0,32,4,1,16,4096,RTX_5090_PHYSICAL_SHARD_SERVICE,1.0,7,1,canonical_fast_local,canonical_inter_pod,1.0,homogeneous,0.0,hybrid,D_depth_stripes_plus_E_exact_worker_wavefront,989.6198262399889,8.083912415533954,25340.524800000014,208.9479999999986,780.6718262399936,4957248384,619656048.0,3.167565600000002,0.033341566251117526,0.03380207137431366,0.03599766198637271,768,768,768,128,199528,True,RTX 5090 physically measured shard service; conservative per-worker maximum across calibration and held-out attention layers + deterministic explicit-worker event model,True,2.2825851421803236,0.03125,0.03125,768,24,2983.5468,8.493422928710222,E018 physical layer-89/91 controls; post-schedule comparison only,,,,,,
experiment-019-worker-simulation-result-v1,20.0,32,4,1,16,4096,RTX_5090_PHYSICAL_SHARD_SERVICE,1.0,12,1,canonical_fast_local,canonical_inter_pod,1.0,homogeneous,0.0,hybrid,D_depth_stripes_plus_E_exact_worker_wavefront,1143.805050239983,11.365573178114973,41178.352800000095,243.53699999999773,900.2680502399891,8055528624,619656048.0,3.1675656000000076,0.046876560707395494,0.047524007686970106,0.05061089736214618,768,768,768,160,324233,True,RTX 5090 physically measured shard service; conservative per-worker maximum across calibration and held-out attention layers + deterministic explicit-worker event model,True,2.2825851421803236,0.03125,0.03125,768,24,4848.26355,8.493422928710238,E018 physical layer-89/91 controls; post-schedule comparison only,,,,,,
experiment-019-worker-simulation-result-v1,20.0,32,4,1,16,4096,RTX_5090_PHYSICAL_SHARD_SERVICE,1.0,16,1,canonical_fast_local,canonical_inter_pod,1.0,homogeneous,0.0,hybrid,D_depth_stripes_plus_E_exact_worker_wavefront,1267.153229439977,13.415899202271861,53848.615200000124,271.2081999999965,995.9450294399853,10534152816,619656048.0,3.167565600000007,0.05533299584138524,0.056097240924379774,0.059740999147716696,768,768,768,192,423997,True,RTX 5090 physically measured shard service; conservative per-worker maximum across calibration and held-out attention layers + deterministic explicit-worker event model,True,2.2825851421803236,0.03125,0.03125,768,24,6340.036949999998,8.49342292871024,E018 physical layer-89/91 controls; post-schedule comparison only,,,,,,
experiment-019-worker-simulation-result-v1,20.0,32,4,2,16,4096,RTX_5090_PHYSICAL_SHARD_SERVICE,1.0,7,2,canonical_fast_local,canonical_inter_pod,1.0,homogeneous,0.0,hybrid,D_depth_stripes_plus_E_exact_worker_wavefront,987.8065684800134,8.09875157269909,18527.527600000005,238.04170000000272,749.7648684800041,4957246400,619655800.0,2.3159409500000008,0.024422175014441074,0.024973310349574954,0.02600023204899318,768,768,768,116,99764,True,RTX 5090 physically measured shard service; conservative per-worker maximum across calibration and held-out attention layers + deterministic explicit-worker event model,True,2.2829849319532514,0.03125,0.03125,768,24,2047.7826,9.047604760388142,E018 physical layer-89/91 controls; post-schedule comparison only,,,,,,
experiment-019-worker-simulation-result-v1,20.0,32,4,2,16,4096,RTX_5090_PHYSICAL_SHARD_SERVICE,1.0,12,2,canonical_fast_local,canonical_inter_pod,1.0,homogeneous,0.0,hybrid,D_depth_stripes_plus_E_exact_worker_wavefront,1092.9088436800093,11.89486211514841,32423.173299999966,265.33690000000286,827.5719436800066,8055525648,619655819.0769231,2.494090253846151,0.03862872353155663,0.03950045811198485,0.04112474728327802,768,768,768,128,174587,True,RTX 5090 physically measured shard service; conservative per-worker maximum across calibration and held-out attention layers + deterministic explicit-worker event model,True,2.2829849319532514,0.03125,0.03125,768,24,3444.6172500000002,9.412707115717998,E018 physical layer-89/91 controls; post-schedule comparison only,,,,,,
experiment-019-worker-simulation-result-v1,20.0,32,4,2,16,4096,RTX_5090_PHYSICAL_SHARD_SERVICE,1.0,16,2,canonical_fast_local,canonical_inter_pod,1.0,homogeneous,0.0,hybrid,D_depth_stripes_plus_E_exact_worker_wavefront,1163.833022880004,14.606906373847385,41686.93709999989,283.5337000000022,880.2993228800079,10534148848,619655814.5882353,2.452172770588229,0.046638877698542,0.04769137746465432,0.04965248352981135,768,768,768,129,224469,True,RTX 5090 physically measured shard service; conservative per-worker maximum across calibration and held-out attention layers + deterministic explicit-worker event model,True,2.2829849319532514,0.03125,0.03125,768,24,4468.5085500000005,9.329049420751334,E018 physical layer-89/91 controls; post-schedule comparison only,,,,,,
experiment-019-worker-simulation-result-v1,20.0,32,4,4,16,4096,RTX_5090_PHYSICAL_SHARD_SERVICE,1.0,7,4,canonical_fast_local,canonical_inter_pod,1.0,homogeneous,0.0,hybrid,D_depth_stripes_plus_E_exact_worker_wavefront,1182.7750529600012,6.7637544264898715,15393.385399999946,367.2359999999991,815.5390529600049,4957245408,619655676.0,1.9241731749999933,0.01694613910122308,0.017369997742668647,0.018680306068940403,768,768,768,64,49882,True,RTX 5090 physically measured shard service; conservative per-worker maximum across calibration and held-out attention layers + deterministic explicit-worker event model,True,2.283784511499107,0.03125,0.03125,768,24,1474.9008000000001,10.43689541696631,E018 physical layer-89/91 controls; post-schedule comparison only,,,,,,
experiment-019-worker-simulation-result-v1,20.0,32,4,4,16,4096,RTX_5090_PHYSICAL_SHARD_SERVICE,1.0,12,4,canonical_fast_local,canonical_inter_pod,1.0,homogeneous,0.0,hybrid,D_depth_stripes_plus_E_exact_worker_wavefront,1271.7600305599963,10.22205423005446,30786.770799999886,397.67139999999904,874.0886305600063,8055524160,619655704.6153846,2.3682131384615297,0.031520837408439244,0.032309239960865085,0.034746492214055597,768,768,768,128,99764,True,RTX 5090 physically measured shard service; conservative per-worker maximum across calibration and held-out attention layers + deterministic explicit-worker event model,True,2.283784511499107,0.03125,0.03125,768,24,2585.29455,11.90841902327914,E018 physical layer-89/91 controls; post-schedule comparison only,,,,,,
experiment-019-worker-simulation-result-v1,20.0,32,4,4,16,4096,RTX_5090_PHYSICAL_SHARD_SERVICE,1.0,16,4,canonical_fast_local,canonical_inter_pod,1.0,homogeneous,0.0,hybrid,D_depth_stripes_plus_E_exact_worker_wavefront,1318.1785097599939,12.896584092465034,38483.4635,412.889099999999,905.2894097600067,10534146864,619655697.882353,2.2637331470588236,0.0380135740806571,0.038964373656305284,0.04190365689549675,768,768,768,129,124705,True,RTX 5090 physically measured shard service; conservative per-worker maximum across calibration and held-out attention layers + deterministic explicit-worker event model,True,2.283784511499107,0.03125,0.03125,768,24,3322.7449500000002,11.58182890323857,E018 physical layer-89/91 controls; post-schedule comparison only,,,,,,
experiment-019-worker-simulation-result-v1,20.0,32,8,1,16,4096,RTX_5090_PHYSICAL_SHARD_SERVICE,1.0,7,1,canonical_fast_local,canonical_inter_pod,1.0,homogeneous,0.0,hybrid,D_depth_stripes_plus_E_exact_worker_wavefront,1174.8462886399807,6.809401431791488,25340.524800000087,257.3725999999973,917.4736886399878,4954495872,619311984.0,3.1675656000000108,0.05616985867691019,0.056839435631450046,0.06064452915153515,384,384,384,153,199432,True,RTX 5090 physically measured shard service; conservative per-worker maximum across calibration and held-out attention layers + deterministic explicit-worker event model,True,4.488602140918374,0.03125,0.03125,384,12,2983.5468,8.493422928710247,E018 physical layer-89/91 controls; post-schedule comparison only,,,,,,
experiment-019-worker-simulation-result-v1,20.0,32,8,1,16,4096,RTX_5090_PHYSICAL_SHARD_SERVICE,1.0,12,1,canonical_fast_local,canonical_inter_pod,1.0,homogeneous,0.0,hybrid,D_depth_stripes_plus_E_exact_worker_wavefront,1483.2167366399656,8.764733891453927,41178.35279999995,326.5505999999933,1156.6661366399803,8051055792,619311984.0,3.167565599999996,0.07229913949928012,0.0731609867387439,0.07805872003728834,384,384,384,192,324077,True,RTX 5090 physically measured shard service; conservative per-worker maximum across calibration and held-out attention layers + deterministic explicit-worker event model,True,4.488602140918374,0.03125,0.03125,384,12,4848.26355,8.493422928710208,E018 physical layer-89/91 controls; post-schedule comparison only,,,,,,
experiment-019-worker-simulation-result-v1,20.0,32,8,1,16,4096,RTX_5090_PHYSICAL_SHARD_SERVICE,1.0,16,1,canonical_fast_local,canonical_inter_pod,1.0,homogeneous,0.0,hybrid,D_depth_stripes_plus_E_exact_worker_wavefront,1729.9130950399535,9.827083249871215,53848.615199999826,381.89299999999014,1348.0200950399756,10528303728,619311984.0,3.16756559999999,0.0810623199235109,0.08202862930332479,0.08752000342335256,384,384,384,192,423793,True,RTX 5090 physically measured shard service; conservative per-worker maximum across calibration and held-out attention layers + deterministic explicit-worker event model,True,4.488602140918374,0.03125,0.03125,384,12,6340.036949999998,8.493422928710194,E018 physical layer-89/91 controls; post-schedule comparison only,,,,,,
experiment-019-worker-simulation-result-v1,20.0,32,8,2,16,4096,RTX_5090_PHYSICAL_SHARD_SERVICE,1.0,7,2,canonical_fast_local,canonical_inter_pod,1.0,homogeneous,0.0,hybrid,D_depth_stripes_plus_E_exact_worker_wavefront,1063.1683348800123,7.5246785833805605,18527.527599999987,265.33690000000286,797.8314348800055,4954493888,619311736.0,2.3159409499999986,0.04538206059072661,0.046380613852241064,0.04831445624816987,384,384,384,116,99716,True,RTX 5090 physically measured shard service; conservative per-worker maximum across calibration and held-out attention layers + deterministic explicit-worker event model,True,4.489111946895719,0.03125,0.03125,384,12,2047.7826,9.047604760388133,E018 physical layer-89/91 controls; post-schedule comparison only,,,,,,
experiment-019-worker-simulation-result-v1,20.0,32,8,2,16,4096,RTX_5090_PHYSICAL_SHARD_SERVICE,1.0,12,2,canonical_fast_local,canonical_inter_pod,1.0,homogeneous,0.0,hybrid,D_depth_stripes_plus_E_exact_worker_wavefront,1272.6391892799938,10.214992677818493,32423.173300000082,319.92730000000097,952.7118892800108,8051052816,619311755.0769231,2.49409025384616,0.06634665021056496,0.06780649278042512,0.07063368844617841,384,384,384,129,174503,True,RTX 5090 physically measured shard service; conservative per-worker maximum across calibration and held-out attention layers + deterministic explicit-worker event model,True,4.489111946895719,0.03125,0.03125,384,12,3444.6172500000002,9.412707115718032,E018 physical layer-89/91 controls; post-schedule comparison only,,,,,,
experiment-019-worker-simulation-result-v1,20.0,32,8,2,16,4096,RTX_5090_PHYSICAL_SHARD_SERVICE,1.0,16,2,canonical_fast_local,canonical_inter_pod,1.0,homogeneous,0.0,hybrid,D_depth_stripes_plus_E_exact_worker_wavefront,1414.4875476799832,12.018486856164333,41686.93710000007,356.3208999999997,1058.1666476800106,10528299760,619311750.5882353,2.452172770588239,0.07674845367801784,0.07843716983014494,0.081707612194652,384,384,384,161,224361,True,RTX 5090 physically measured shard service; conservative per-worker maximum across calibration and held-out attention layers + deterministic explicit-worker event model,True,4.489111946895719,0.03125,0.03125,384,12,4468.5085500000005,9.329049420751375,E018 physical layer-89/91 controls; post-schedule comparison only,,,,,,
experiment-019-worker-simulation-result-v1,20.0,32,8,4,16,4096,RTX_5090_PHYSICAL_SHARD_SERVICE,1.0,7,4,canonical_fast_local,canonical_inter_pod,1.0,homogeneous,0.0,hybrid,D_depth_stripes_plus_E_exact_worker_wavefront,1197.3899273600007,6.681198678227034,15393.385400000001,382.45369999999906,814.9362273600053,4954492896,619311612.0,1.9241731750000002,0.03347860227471334,0.03420506475305113,0.03690460307898876,384,384,384,64,49858,True,RTX 5090 physically measured shard service; conservative per-worker maximum across calibration and held-out attention layers + deterministic explicit-worker event model,True,4.490131557919085,0.03125,0.03125,384,12,1474.9008000000001,10.436895416966347,E018 physical layer-89/91 controls; post-schedule comparison only,,,,,,
experiment-019-worker-simulation-result-v1,20.0,32,8,4,16,4096,RTX_5090_PHYSICAL_SHARD_SERVICE,1.0,12,4,canonical_fast_local,canonical_inter_pod,1.0,homogeneous,0.0,hybrid,D_depth_stripes_plus_E_exact_worker_wavefront,1373.1587945599913,9.467222619482738,30786.77079999998,443.324499999999,929.8342945600085,8051051328,619311640.6153846,2.3682131384615372,0.0583864609171856,0.05965340667409694,0.0643613836579764,384,384,384,128,99716,True,RTX 5090 physically measured shard service; conservative per-worker maximum across calibration and held-out attention layers + deterministic explicit-worker event model,True,4.490131557919085,0.03125,0.03125,384,12,2585.29455,11.908419023279176,E018 physical layer-89/91 controls; post-schedule comparison only,,,,,,
experiment-019-worker-simulation-result-v1,20.0,32,8,4,16,4096,RTX_5090_PHYSICAL_SHARD_SERVICE,1.0,16,4,canonical_fast_local,canonical_inter_pod,1.0,homogeneous,0.0,hybrid,D_depth_stripes_plus_E_exact_worker_wavefront,1465.9957529599856,11.596213676387107,38483.46349999996,473.75989999999894,992.2358529600093,10528297776,619311633.882353,2.2637331470588213,0.06836128458232894,0.06984467710309566,0.07535697138067723,384,384,384,129,124645,True,RTX 5090 physically measured shard service; conservative per-worker maximum across calibration and held-out attention layers + deterministic explicit-worker event model,True,4.490131557919085,0.03125,0.03125,384,12,3322.7449500000002,11.58182890323856,E018 physical layer-89/91 controls; post-schedule comparison only,,,,,,
experiment-019-worker-simulation-result-v1,8.0,8,1,1,16,4096,RTX_5090_PHYSICAL_SHARD_SERVICE,1.0137388288648792,7,1,canonical_fast_local,canonical_inter_pod,1.0,homogeneous,0.0,hybrid,C_full_layer_stripes_plus_worker_wavefront,798.6123148799973,10.01737620487622,6874.432000000009,189.42679999999913,609.1855148799963,1139289984,142411248.0,0.8593040000000011,0.011569854089186768,0.010849820167501434,0.016737533031917426,744,744,744,32,56336,True,RTX 5090 physically measured shard service; conservative per-worker maximum across calibration and held-out attention layers + deterministic explicit-worker event model,True,2.5401510344818234,0.125,0.125,744,93,2983.5468,2.304114016244025,E018 physical layer-89/91 controls; post-schedule comparison only,,,,,,
experiment-019-worker-simulation-result-v1,8.0,8,1,1,16,4096,RTX_5090_PHYSICAL_SHARD_SERVICE,1.0137388288648792,12,1,canonical_fast_local,canonical_inter_pod,1.0,homogeneous,0.0,hybrid,C_full_layer_stripes_plus_worker_wavefront,831.4515452799966,15.635306800256373,11170.951999999965,201.34179999999904,630.1097452799954,1851346224,142411248.0,0.8593039999999973,0.018058443111139123,0.016934600795357687,0.026124252367208365,744,744,744,34,91546,True,RTX 5090 physically measured shard service; conservative per-worker maximum across calibration and held-out attention layers + deterministic explicit-worker event model,True,2.5401510344818234,0.125,0.125,744,93,4848.26355,2.304114016244015,E018 physical layer-89/91 controls; post-schedule comparison only,,,,,,
experiment-019-worker-simulation-result-v1,8.0,8,1,1,16,4096,RTX_5090_PHYSICAL_SHARD_SERVICE,1.0137388288648792,16,1,canonical_fast_local,canonical_inter_pod,1.0,homogeneous,0.0,hybrid,C_full_layer_stripes_plus_worker_wavefront,857.7229295999961,19.819920178568672,14608.168000000058,210.87379999999897,646.8491295999947,2420991216,142411248.0,0.8593040000000034,0.022891581571404276,0.021466955545407736,0.0331161136303615,744,744,744,41,119714,True,RTX 5090 physically measured shard service; conservative per-worker maximum across calibration and held-out attention layers + deterministic explicit-worker event model,True,2.5401510344818234,0.125,0.125,744,93,6340.036949999998,2.304114016244032,E018 physical layer-89/91 controls; post-schedule comparison only,,,,,,
experiment-019-worker-simulation-result-v1,8.0,8,1,2,16,4096,RTX_5090_PHYSICAL_SHARD_SERVICE,1.0137388288648792,7,2,canonical_fast_local,canonical_inter_pod,1.0,homogeneous,0.0,hybrid,C_full_layer_stripes_plus_worker_wavefront,865.4046996799991,9.244229899558162,5038.9092000000155,233.17779999999885,632.2268996799985,1139289536,142411192.0,0.6298636500000019,0.007826081163944676,0.007465640066883173,0.011074356313923192,744,744,744,24,28168,True,RTX 5090 physically measured shard service; conservative per-worker maximum across calibration and held-out attention layers + deterministic explicit-worker event model,True,2.540512515231967,0.125,0.125,744,93,2047.7826,2.4606660882849654,E018 physical layer-89/91 controls; post-schedule comparison only,,,,,,
experiment-019-worker-simulation-result-v1,8.0,8,1,2,16,4096,RTX_5090_PHYSICAL_SHARD_SERVICE,1.0137388288648792,12,2,canonical_fast_local,canonical_inter_pod,1.0,homogeneous,0.0,hybrid,C_full_layer_stripes_plus_worker_wavefront,889.5343993599988,14.614387042652005,8818.091099999992,243.6762999999989,645.8580993599985,1851345552,142411196.30769232,0.6783146999999995,0.013324131132419866,0.012710469666080047,0.018854414187991882,744,744,744,32,49294,True,RTX 5090 physically measured shard service; conservative per-worker maximum across calibration and held-out attention layers + deterministic explicit-worker event model,True,2.540512515231967,0.125,0.125,744,93,3444.6172500000002,2.5599625328474422,E018 physical layer-89/91 controls; post-schedule comparison only,,,,,,
experiment-019-worker-simulation-result-v1,8.0,8,1,2,16,4096,RTX_5090_PHYSICAL_SHARD_SERVICE,1.0137388288648792,16,2,canonical_fast_local,canonical_inter_pod,1.0,homogeneous,0.0,hybrid,C_full_layer_stripes_plus_worker_wavefront,905.7275529599985,18.769441146449044,11337.545699999977,250.6752999999989,655.0522529599984,2420990320,142411195.29411766,0.6669144529411751,0.016824746739510302,0.016049859532805903,0.02380798721373595,744,744,744,40,63378,True,RTX 5090 physically measured shard service; conservative per-worker maximum across calibration and held-out attention layers + deterministic explicit-worker event model,True,2.540512515231967,0.125,0.125,744,93,4468.5085500000005,2.537210251057923,E018 physical layer-89/91 controls; post-schedule comparison only,,,,,,
experiment-019-worker-simulation-result-v1,8.0,8,1,4,16,4096,RTX_5090_PHYSICAL_SHARD_SERVICE,1.0137388288648792,7,4,canonical_fast_local,canonical_inter_pod,1.0,homogeneous,0.0,hybrid,C_full_layer_stripes_plus_worker_wavefront,1033.6398114400038,7.739639970769788,4159.124999999996,333.48229999999916,700.1575114399996,1139289312,142411164.0,0.5198906249999995,0.005408287986126999,0.005290817884018227,0.0066780516032790786,744,744,744,16,14084,True,RTX 5090 physically measured shard service; conservative per-worker maximum across calibration and held-out attention layers + deterministic explicit-worker event model,True,2.5412354758009315,0.125,0.125,744,93,1474.9008000000001,2.8199354153174205,E018 physical layer-89/91 controls; post-schedule comparison only,,,,,,
experiment-019-worker-simulation-result-v1,8.0,8,1,4,16,4096,RTX_5090_PHYSICAL_SHARD_SERVICE,1.0137388288648792,12,4,canonical_fast_local,canonical_inter_pod,1.0,homogeneous,0.0,hybrid,C_full_layer_stripes_plus_worker_wavefront,1054.5697957600025,12.327301665824045,8318.249999999993,344.06749999999914,710.5022957599998,1851345216,142411170.46153846,0.639865384615384,0.010601900029129531,0.010371622669239772,0.013091025416720557,744,744,744,24,28168,True,RTX 5090 physically measured shard service; conservative per-worker maximum across calibration and held-out attention layers + deterministic explicit-worker event model,True,2.5412354758009315,0.125,0.125,744,93,2585.29455,3.2175250591852262,E018 physical layer-89/91 controls; post-schedule comparison only,,,,,,
experiment-019-worker-simulation-result-v1,8.0,8,1,4,16,4096,RTX_5090_PHYSICAL_SHARD_SERVICE,1.0137388288648792,16,4,canonical_fast_local,canonical_inter_pod,1.0,homogeneous,0.0,hybrid,C_full_layer_stripes_plus_worker_wavefront,1065.274834000002,15.958323108194225,10397.812499999976,349.36009999999914,715.9147339999998,2420989872,142411168.94117647,0.6116360294117633,0.013119200782212263,0.012834246678543023,0.01619934072337239,744,744,744,32,35210,True,RTX 5090 physically measured shard service; conservative per-worker maximum across calibration and held-out attention layers + deterministic explicit-worker event model,True,2.5412354758009315,0.125,0.125,744,93,3322.7449500000002,3.129283967461895,E018 physical layer-89/91 controls; post-schedule comparison only,,,,,,
experiment-019-worker-simulation-result-v1,8.0,8,2,1,16,4096,RTX_5090_PHYSICAL_SHARD_SERVICE,1.0137388288648792,7,1,canonical_fast_local,canonical_inter_pod,1.0,homogeneous,0.0,hybrid,D_depth_stripes_plus_E_exact_worker_wavefront,713.4473927999985,11.21316032651429,6874.431999999995,198.89569999999927,514.5516927999989,1128738688,141092336.0,0.8593039999999994,0.02562636574791234,0.023917670976454995,0.037471017863112834,376,376,376,33,55968,True,RTX 5090 physically measured shard service; conservative per-worker maximum across calibration and held-out attention layers + deterministic explicit-worker event model,True,4.774828031659126,0.125,0.125,376,47,2983.5468,2.3041140162440206,E018 physical layer-89/91 controls; post-schedule comparison only,,,,,,
experiment-019-worker-simulation-result-v1,8.0,8,2,1,16,4096,RTX_5090_PHYSICAL_SHARD_SERVICE,1.0137388288648792,12,1,canonical_fast_local,canonical_inter_pod,1.0,homogeneous,0.0,hybrid,D_depth_stripes_plus_E_exact_worker_wavefront,769.3301999999982,16.89781578833124,11170.952000000005,217.57419999999925,551.7559999999978,1834200368,141092336.0,0.8593040000000004,0.038617980580255847,0.03604304107651052,0.05646743101986663,376,376,376,41,90948,True,RTX 5090 physically measured shard service; conservative per-worker maximum across calibration and held-out attention layers + deterministic explicit-worker event model,True,4.774828031659126,0.125,0.125,376,47,4848.26355,2.3041140162440232,E018 physical layer-89/91 controls; post-schedule comparison only,,,,,,
experiment-019-worker-simulation-result-v1,8.0,8,2,1,16,4096,RTX_5090_PHYSICAL_SHARD_SERVICE,1.0137388288648792,16,1,canonical_fast_local,canonical_inter_pod,1.0,homogeneous,0.0,hybrid,D_depth_stripes_plus_E_exact_worker_wavefront,814.0364457599978,20.883585849929016,14608.16800000002,232.51699999999929,581.519445759997,2398569712,141092336.0,0.8593040000000012,0.04772699163613677,0.04454468861789859,0.069786678834708,376,376,376,57,118932,True,RTX 5090 physically measured shard service; conservative per-worker maximum across calibration and held-out attention layers + deterministic explicit-worker event model,True,4.494645617902279,0.12678013172190516,0.125,376,47,6340.036949999998,2.304114016244026,E018 physical layer-89/91 controls; post-schedule comparison only,376,1560860324864,1764069467393,0,1.0,1465745939199
experiment-019-worker-simulation-result-v1,8.0,8,2,2,16,4096,RTX_5090_PHYSICAL_SHARD_SERVICE,1.0137388288648792,7,2,canonical_fast_local,canonical_inter_pod,1.0,homogeneous,0.0,hybrid,D_depth_stripes_plus_E_exact_worker_wavefront,761.2525787199988,10.508995599662239,5038.909200000006,237.1227999999987,524.1297787199976,1128738240,141092280.0,0.6298636500000008,0.017604346612332965,0.01680493486341988,0.02517902800701074,376,376,376,25,27984,True,RTX 5090 physically measured shard service; conservative per-worker maximum across calibration and held-out attention layers + deterministic explicit-worker event model,True,4.775217016227543,0.125,0.125,376,47,2047.7826,2.460666088284961,E018 physical layer-89/91 controls; post-schedule comparison only,,,,,,
experiment-019-worker-simulation-result-v1,8.0,8,2,2,16,4096,RTX_5090_PHYSICAL_SHARD_SERVICE,1.0137388288648792,12,2,canonical_fast_local,canonical_inter_pod,1.0,homogeneous,0.0,hybrid,D_depth_stripes_plus_E_exact_worker_wavefront,799.748117599999,16.255117972659068,8818.0911,251.4999999999986,548.248117599998,1834199696,141092284.30769232,0.6783147,0.029324695401832034,0.027993063700085207,0.041942330668638055,376,376,376,40,48972,True,RTX 5090 physically measured shard service; conservative per-worker maximum across calibration and held-out attention layers + deterministic explicit-worker event model,True,4.775217016227543,0.125,0.125,376,47,3444.6172500000002,2.5599625328474445,E018 physical layer-89/91 controls; post-schedule comparison only,,,,,,
experiment-019-worker-simulation-result-v1,8.0,8,2,2,16,4096,RTX_5090_PHYSICAL_SHARD_SERVICE,1.0137388288648792,16,2,canonical_fast_local,canonical_inter_pod,1.0,homogeneous,0.0,hybrid,D_depth_stripes_plus_E_exact_worker_wavefront,825.791363359999,20.586313631121072,11337.545700000002,261.12899999999854,564.6623633599982,2398568816,141092283.29411766,0.6669144529411767,0.03651412258876222,0.034856019664439006,0.05222517685886592,376,376,376,41,62964,True,RTX 5090 physically measured shard service; conservative per-worker maximum across calibration and held-out attention layers + deterministic explicit-worker event model,True,4.775217016227543,0.125,0.125,376,47,4468.5085500000005,2.5372102510579286,E018 physical layer-89/91 controls; post-schedule comparison only,,,,,,
experiment-019-worker-simulation-result-v1,8.0,8,2,4,16,4096,RTX_5090_PHYSICAL_SHARD_SERVICE,1.0137388288648792,7,4,canonical_fast_local,canonical_inter_pod,1.0,homogeneous,0.0,hybrid,D_depth_stripes_plus_E_exact_worker_wavefront,917.8384005600044,8.716131287510882,4159.125000000005,335.2835999999991,582.5548005600001,1128738016,141092252.0,0.5198906250000006,0.01205168867725023,0.01181253692739912,0.01504120985957534,376,376,376,16,13992,True,RTX 5090 physically measured shard service; conservative per-worker maximum across calibration and held-out attention layers + deterministic explicit-worker event model,True,4.7759949862957,0.125,0.125,376,47,1474.9008000000001,2.8199354153174263,E018 physical layer-89/91 controls; post-schedule comparison only,,,,,,
experiment-019-worker-simulation-result-v1,8.0,8,2,4,16,4096,RTX_5090_PHYSICAL_SHARD_SERVICE,1.0137388288648792,12,4,canonical_fast_local,canonical_inter_pod,1.0,homogeneous,0.0,hybrid,D_depth_stripes_plus_E_exact_worker_wavefront,949.8771028000054,13.68598101973316,8318.25000000001,349.38429999999903,600.4928028000006,1834199360,141092258.46153846,0.6398653846153853,0.02329038699210216,0.02282821634091491,0.02906776036458834,376,376,376,32,27984,True,RTX 5090 physically measured shard service; conservative per-worker maximum across calibration and held-out attention layers + deterministic explicit-worker event model,True,4.7759949862957,0.125,0.125,376,47,2585.29455,3.2175250591852325,E018 physical layer-89/91 controls; post-schedule comparison only,,,,,,
experiment-019-worker-simulation-result-v1,8.0,8,2,4,16,4096,RTX_5090_PHYSICAL_SHARD_SERVICE,1.0137388288648792,16,4,canonical_fast_local,canonical_inter_pod,1.0,homogeneous,0.0,hybrid,D_depth_stripes_plus_E_exact_worker_wavefront,966.6945485600057,17.585699666273392,10397.812499999969,356.47819999999894,610.2163485600005,2398568368,141092256.94117647,0.6116360294117629,0.028606509357200143,0.028038846438490597,0.035702590907760394,376,376,376,32,34980,True,RTX 5090 physically measured shard service; conservative per-worker maximum across calibration and held-out attention layers + deterministic explicit-worker event model,True,4.7759949862957,0.125,0.125,376,47,3322.7449500000002,3.129283967461893,E018 physical layer-89/91 controls; post-schedule comparison only,,,,,,
experiment-019-worker-simulation-result-v1,8.0,16,1,1,16,4096,RTX_5090_PHYSICAL_SHARD_SERVICE,1.0030678938241964,7,1,canonical_fast_local,canonical_inter_pod,1.0,homogeneous,0.0,hybrid,C_full_layer_stripes_plus_worker_wavefront,895.8968860799913,8.929599069156392,12944.480000000009,172.97059999999993,722.9262860799907,2417218432,302152304.0,1.6180600000000012,0.009710098837257524,0.009478769411909513,0.014526225285750165,1488,1488,1488,62,104496,True,RTX 5090 physically measured shard service; conservative per-worker maximum across calibration and held-out attention layers + deterministic explicit-worker event model,True,1.260681196115911,0.0625,0.0625,1488,93,2983.5468,4.338621401883158,E018 physical layer-89/91 controls; post-schedule comparison only,,,,,,
experiment-019-worker-simulation-result-v1,8.0,16,1,1,16,4096,RTX_5090_PHYSICAL_SHARD_SERVICE,1.0030678938241964,12,1,canonical_fast_local,canonical_inter_pod,1.0,homogeneous,0.0,hybrid,C_full_layer_stripes_plus_worker_wavefront,933.6494516799902,13.923855443398011,21034.77999999999,183.3760999999999,750.2733516799891,3927979952,302152304.0,1.6180599999999994,0.015140882754532655,0.014780172553166986,0.022650631842547727,1488,1488,1488,80,169806,True,RTX 5090 physically measured shard service; conservative per-worker maximum across calibration and held-out attention layers + deterministic explicit-worker event model,True,1.260681196115911,0.0625,0.0625,1488,93,4848.26355,4.338621401883153,E018 physical layer-89/91 controls; post-schedule comparison only,,,,,,
experiment-019-worker-simulation-result-v1,8.0,16,1,1,16,4096,RTX_5090_PHYSICAL_SHARD_SERVICE,1.0030678938241964,16,1,canonical_fast_local,canonical_inter_pod,1.0,homogeneous,0.0,hybrid,C_full_layer_stripes_plus_worker_wavefront,963.8515041599893,17.637571686746238,27507.019999999957,191.70049999999986,772.1510041599878,5136589168,302152304.0,1.6180599999999976,0.019179199760387514,0.018722282345481126,0.028691919741414457,1488,1488,1488,94,222054,True,RTX 5090 physically measured shard service; conservative per-worker maximum across calibration and held-out attention layers + deterministic explicit-worker event model,True,1.260681196115911,0.0625,0.0625,1488,93,6340.036949999998,4.33862140188315,E018 physical layer-89/91 controls; post-schedule comparison only,,,,,,
experiment-019-worker-simulation-result-v1,8.0,16,1,2,16,4096,RTX_5090_PHYSICAL_SHARD_SERVICE,1.0030678938241964,7,2,canonical_fast_local,canonical_inter_pod,1.0,homogeneous,0.0,hybrid,C_full_layer_stripes_plus_worker_wavefront,973.5615852800003,8.217251092234877,9372.153200000002,221.78200000000018,751.779585280002,2417217472,302152184.0,1.1715191500000004,0.0064695342842147644,0.006345772155978382,0.008949202733275697,1488,1488,1488,32,52248,True,RTX 5090 physically measured shard service; conservative per-worker maximum across calibration and held-out attention layers + deterministic explicit-worker event model,True,1.2610132088884711,0.0625,0.0625,1488,93,2047.7826,4.576732510570215,E018 physical layer-89/91 controls; post-schedule comparison only,,,,,,
experiment-019-worker-simulation-result-v1,8.0,16,1,2,16,4096,RTX_5090_PHYSICAL_SHARD_SERVICE,1.0030678938241964,12,2,canonical_fast_local,canonical_inter_pod,1.0,homogeneous,0.0,hybrid,C_full_layer_stripes_plus_worker_wavefront,999.4695099200006,13.006900031438223,16401.268100000067,229.87990000000025,769.5896099200024,3927978512,302152193.2307692,1.2616360076923128,0.011028207949003135,0.010817238437684175,0.015255142701872313,1488,1488,1488,48,91434,True,RTX 5090 physically measured shard service; conservative per-worker maximum across calibration and held-out attention layers + deterministic explicit-worker event model,True,1.2610132088884711,0.0625,0.0625,1488,93,3444.6172500000002,4.7614196032955665,E018 physical layer-89/91 controls; post-schedule comparison only,,,,,,
experiment-019-worker-simulation-result-v1,8.0,16,1,2,16,4096,RTX_5090_PHYSICAL_SHARD_SERVICE,1.0030678938241964,16,2,canonical_fast_local,canonical_inter_pod,1.0,homogeneous,0.0,hybrid,C_full_layer_stripes_plus_worker_wavefront,1016.8789214400007,16.71782120916257,21087.344700000005,235.2785000000003,781.6004214400025,5136587248,302152191.0588235,1.2404320411764709,0.013936371697919902,0.013669769042233186,0.019277958847096294,1488,1488,1488,62,117558,True,RTX 5090 physically measured shard service; conservative per-worker maximum across calibration and held-out attention layers + deterministic explicit-worker event model,True,1.2610132088884711,0.0625,0.0625,1488,93,4468.5085500000005,4.719101343109213,E018 physical layer-89/91 controls; post-schedule comparison only,,,,,,
experiment-019-worker-simulation-result-v1,8.0,16,1,4,16,4096,RTX_5090_PHYSICAL_SHARD_SERVICE,1.0030678938241964,7,4,canonical_fast_local,canonical_inter_pod,1.0,homogeneous,0.0,hybrid,C_full_layer_stripes_plus_worker_wavefront,1158.1544065600062,6.907541822304938,7594.256400000021,320.08550000000025,838.0689065600084,2417216992,302152124.0,0.9492820500000027,0.004406724100496214,0.0043348278705874635,0.0057330006796947625,1488,1488,1488,32,26124,True,RTX 5090 physically measured shard service; conservative per-worker maximum across calibration and held-out attention layers + deterministic explicit-worker event model,True,1.2616772325709462,0.0625,0.0625,1488,93,1474.9008000000001,5.148994698490923,E018 physical layer-89/91 controls; post-schedule comparison only,,,,,,
experiment-019-worker-simulation-result-v1,8.0,16,1,4,16,4096,RTX_5090_PHYSICAL_SHARD_SERVICE,1.0030678938241964,12,4,canonical_fast_local,canonical_inter_pod,1.0,homogeneous,0.0,hybrid,C_full_layer_stripes_plus_worker_wavefront,1181.0246107200046,11.007391278725875,15188.512800000044,329.4433000000005,851.5813107200087,3927977792,302152137.84615386,1.1683471384615418,0.008642778294641041,0.00850177033472544,0.01124396551897788,1488,1488,1488,48,52248,True,RTX 5090 physically measured shard service; conservative per-worker maximum across calibration and held-out attention layers + deterministic explicit-worker event model,True,1.2616772325709462,0.0625,0.0625,1488,93,2585.29455,5.874964150603282,E018 physical layer-89/91 controls; post-schedule comparison only,,,,,,
experiment-019-worker-simulation-result-v1,8.0,16,1,4,16,4096,RTX_5090_PHYSICAL_SHARD_SERVICE,1.0030678938241964,16,4,canonical_fast_local,canonical_inter_pod,1.0,homogeneous,0.0,hybrid,C_full_layer_stripes_plus_worker_wavefront,1192.769001760004,14.252550137466228,18985.641000000047,334.1222000000006,858.6468017600089,5136586288,302152134.5882353,1.1168024117647086,0.01069709836513419,0.010522573927961095,0.013916567227608022,1488,1488,1488,64,65310,True,RTX 5090 physically measured shard service; conservative per-worker maximum across calibration and held-out attention layers + deterministic explicit-worker event model,True,1.2616772325709462,0.0625,0.0625,1488,93,3322.7449500000002,5.71384240611066,E018 physical layer-89/91 controls; post-schedule comparison only,,,,,,
experiment-019-worker-simulation-result-v1,8.0,16,2,1,16,4096,RTX_5090_PHYSICAL_SHARD_SERVICE,1.0030678938241964,7,1,canonical_fast_local,canonical_inter_pod,1.0,homogeneous,0.0,hybrid,D_depth_stripes_plus_E_exact_worker_wavefront,817.5545615999922,9.78527963239986,12944.480000000009,182.4374000000002,635.117161599994,2406667136,300833392.0,1.6180600000000012,0.021054746757979945,0.02067042469548147,0.03216519267966159,752,752,752,65,104128,True,RTX 5090 physically measured shard service; conservative per-worker maximum across calibration and held-out attention layers + deterministic explicit-worker event model,True,2.3684878535568714,0.0625,0.0625,752,47,2983.5468,4.338621401883158,E018 physical layer-89/91 controls; post-schedule comparison only,,,,,,
experiment-019-worker-simulation-result-v1,8.0,16,2,1,16,4096,RTX_5090_PHYSICAL_SHARD_SERVICE,1.0030678938241964,12,1,canonical_fast_local,canonical_inter_pod,1.0,homogeneous,0.0,hybrid,D_depth_stripes_plus_E_exact_worker_wavefront,883.223987999991,14.718803131058225,21034.77999999998,199.60490000000038,683.6190879999918,3910834096,300833392.0,1.6180599999999985,0.03167008855617032,0.031091999734047374,0.04838217777210153,752,752,752,81,169208,True,RTX 5090 physically measured shard service; conservative per-worker maximum across calibration and held-out attention layers + deterministic explicit-worker event model,True,2.3684878535568714,0.0625,0.0625,752,47,4848.26355,4.338621401883151,E018 physical layer-89/91 controls; post-schedule comparison only,,,,,,
experiment-019-worker-simulation-result-v1,8.0,16,2,1,16,4096,RTX_5090_PHYSICAL_SHARD_SERVICE,1.0030678938241964,16,1,canonical_fast_local,canonical_inter_pod,1.0,homogeneous,0.0,hybrid,D_depth_stripes_plus_E_exact_worker_wavefront,935.75952911999,18.16706052246905,27507.01999999999,213.33890000000054,722.4206291199899,5114167664,300833392.0,1.6180599999999994,0.039089619613013674,0.03837609864766357,0.059716944643408064,752,752,752,97,221272,True,RTX 5090 physically measured shard service; conservative per-worker maximum across calibration and held-out attention layers + deterministic explicit-worker event model,True,2.3684878535568714,0.0625,0.0625,752,47,6340.036949999998,4.338621401883154,E018 physical layer-89/91 controls; post-schedule comparison only,,,,,,
experiment-019-worker-simulation-result-v1,8.0,16,2,2,16,4096,RTX_5090_PHYSICAL_SHARD_SERVICE,1.0030678938241964,7,2,canonical_fast_local,canonical_inter_pod,1.0,homogeneous,0.0,hybrid,D_depth_stripes_plus_E_exact_worker_wavefront,874.4318204799996,9.148797896682877,9372.153200000012,227.51140000000004,646.9204204800014,2406666176,300833272.0,1.1715191500000015,0.014252648850324082,0.014133977870585368,0.020021686756995637,752,752,752,46,52064,True,RTX 5090 physically measured shard service; conservative per-worker maximum across calibration and held-out attention layers + deterministic explicit-worker event model,True,2.368847370147705,0.0625,0.0625,752,47,2047.7826,4.57673251057022,E018 physical layer-89/91 controls; post-schedule comparison only,,,,,,
experiment-019-worker-simulation-result-v1,8.0,16,2,2,16,4096,RTX_5090_PHYSICAL_SHARD_SERVICE,1.0030678938241964,12,2,canonical_fast_local,canonical_inter_pod,1.0,homogeneous,0.0,hybrid,D_depth_stripes_plus_E_exact_worker_wavefront,919.7019166400003,14.135014578955806,16401.26810000011,241.33869999999996,678.3632166400025,3910832656,300833281.2307692,1.261636007692316,0.023714419364449967,0.02351696740941565,0.03331329362880168,752,752,752,62,91112,True,RTX 5090 physically measured shard service; conservative per-worker maximum across calibration and held-out attention layers + deterministic explicit-worker event model,True,2.368847370147705,0.0625,0.0625,752,47,3444.6172500000002,4.761419603295579,E018 physical layer-89/91 controls; post-schedule comparison only,,,,,,
experiment-019-worker-simulation-result-v1,8.0,16,2,2,16,4096,RTX_5090_PHYSICAL_SHARD_SERVICE,1.0030678938241964,16,2,canonical_fast_local,canonical_inter_pod,1.0,homogeneous,0.0,hybrid,D_depth_stripes_plus_E_exact_worker_wavefront,950.3096577600002,17.88890585419404,21087.344700000005,250.55689999999993,699.7527577600026,5114165744,300833279.0588235,1.2404320411764709,0.029507941493526126,0.02926225128085875,0.04145185695876453,752,752,752,64,117144,True,RTX 5090 physically measured shard service; conservative per-worker maximum across calibration and held-out attention layers + deterministic explicit-worker event model,True,2.368847370147705,0.0625,0.0625,752,47,4468.5085500000005,4.719101343109213,E018 physical layer-89/91 controls; post-schedule comparison only,,,,,,
experiment-019-worker-simulation-result-v1,8.0,16,2,4,16,4096,RTX_5090_PHYSICAL_SHARD_SERVICE,1.0030678938241964,7,4,canonical_fast_local,canonical_inter_pod,1.0,homogeneous,0.0,hybrid,D_depth_stripes_plus_E_exact_worker_wavefront,1043.9442382400127,7.663244555559033,7594.256400000019,322.19210000000027,721.7521382400066,2406665696,300833212.0,0.9492820500000024,0.00967364428371332,0.00961871298502381,0.012720411218886332,752,752,752,32,26032,True,RTX 5090 physically measured shard service; conservative per-worker maximum across calibration and held-out attention layers + deterministic explicit-worker event model,True,2.36956640239805,0.0625,0.0625,752,47,1474.9008000000001,5.148994698490921,E018 physical layer-89/91 controls; post-schedule comparison only,,,,,,
experiment-019-worker-simulation-result-v1,8.0,16,2,4,16,4096,RTX_5090_PHYSICAL_SHARD_SERVICE,1.0030678938241964,12,4,canonical_fast_local,canonical_inter_pod,1.0,homogeneous,0.0,hybrid,D_depth_stripes_plus_E_exact_worker_wavefront,1080.9157739200098,12.026839013417923,15188.512800000039,335.76310000000046,745.152673920007,3910831936,300833225.84615386,1.1683471384615414,0.01868553583253248,0.018579430964513043,0.024570647076120302,752,752,752,64,52064,True,RTX 5090 physically measured shard service; conservative per-worker maximum across calibration and held-out attention layers + deterministic explicit-worker event model,True,2.36956640239805,0.0625,0.0625,752,47,2585.29455,5.8749641506032795,E018 physical layer-89/91 controls; post-schedule comparison only,,,,,,
experiment-019-worker-simulation-result-v1,8.0,16,2,4,16,4096,RTX_5090_PHYSICAL_SHARD_SERVICE,1.0030678938241964,16,4,canonical_fast_local,canonical_inter_pod,1.0,homogeneous,0.0,hybrid,D_depth_stripes_plus_E_exact_worker_wavefront,1100.363815040009,15.449435693577295,18985.64100000003,342.5486000000006,757.8152150400075,5114164784,300833222.5882353,1.1168024117647075,0.02294410511036019,0.022813818172571637,0.030170475933719167,752,752,752,64,65080,True,RTX 5090 physically measured shard service; conservative per-worker maximum across calibration and held-out attention layers + deterministic explicit-worker event model,True,2.36956640239805,0.0625,0.0625,752,47,3322.7449500000002,5.713842406110655,E018 physical layer-89/91 controls; post-schedule comparison only,,,,,,
experiment-019-worker-simulation-result-v1,8.0,16,4,1,16,4096,RTX_5090_PHYSICAL_SHARD_SERVICE,1.0030678938241964,7,1,canonical_fast_local,canonical_inter_pod,1.0,homogeneous,0.0,hybrid,D_depth_stripes_plus_E_exact_worker_wavefront,850.4539937599907,9.40674046885328,12944.47999999999,206.14710000000048,644.3068937599929,2401391488,300173936.0,1.6180599999999987,0.039637162716231106,0.039579801196747096,0.06215785967008875,384,384,384,64,103944,True,RTX 5090 physically measured shard service; conservative per-worker maximum across calibration and held-out attention layers + deterministic explicit-worker event model,True,4.565202709287405,0.0625,0.0625,384,24,2983.5468,4.3386214018831515,E018 physical layer-89/91 controls; post-schedule comparison only,,,,,,
experiment-019-worker-simulation-result-v1,8.0,16,4,1,16,4096,RTX_5090_PHYSICAL_SHARD_SERVICE,1.0030678938241964,12,1,canonical_fast_local,canonical_inter_pod,1.0,homogeneous,0.0,hybrid,D_depth_stripes_plus_E_exact_worker_wavefront,981.560846559988,13.244212058335709,21034.779999999977,240.25010000000083,741.3107465599878,3902261168,300173936.0,1.6180599999999983,0.055807108758100694,0.05572634665665331,0.0875151044390703,384,384,384,88,168909,True,RTX 5090 physically measured shard service; conservative per-worker maximum across calibration and held-out attention layers + deterministic explicit-worker event model,True,4.565202709287405,0.0625,0.0625,384,24,4848.26355,4.338621401883151,E018 physical layer-89/91 controls; post-schedule comparison only,,,,,,
experiment-019-worker-simulation-result-v1,8.0,16,4,1,16,4096,RTX_5090_PHYSICAL_SHARD_SERVICE,1.0030678938241964,16,1,canonical_fast_local,canonical_inter_pod,1.0,homogeneous,0.0,hybrid,D_depth_stripes_plus_E_exact_worker_wavefront,1086.4463287999831,15.647344511511285,27507.019999999986,267.53250000000054,818.9138287999834,5102956912,300173936.0,1.6180599999999992,0.06593318296952061,0.0658377667666348,0.10339452306316342,384,384,384,104,220881,True,RTX 5090 physically measured shard service; conservative per-worker maximum across calibration and held-out attention layers + deterministic explicit-worker event model,True,4.565202709287405,0.0625,0.0625,384,24,6340.036949999998,4.338621401883154,E018 physical layer-89/91 controls; post-schedule comparison only,,,,,,
experiment-019-worker-simulation-result-v1,8.0,16,4,2,16,4096,RTX_5090_PHYSICAL_SHARD_SERVICE,1.0030678938241964,7,2,canonical_fast_local,canonical_inter_pod,1.0,homogeneous,0.0,hybrid,D_depth_stripes_plus_E_exact_worker_wavefront,860.8702025599991,9.292922412937662,9372.153200000012,241.32909999999995,619.5411025600014,2401390528,300173816.0,1.1715191500000015,0.0283511368911997,0.02874719083830203,0.04076990921004011,384,384,384,48,51972,True,RTX 5090 physically measured shard service; conservative per-worker maximum across calibration and held-out attention layers + deterministic explicit-worker event model,True,4.565617233514786,0.0625,0.0625,384,24,2047.7826,4.57673251057022,E018 physical layer-89/91 controls; post-schedule comparison only,,,,,,
experiment-019-worker-simulation-result-v1,8.0,16,4,2,16,4096,RTX_5090_PHYSICAL_SHARD_SERVICE,1.0030678938241964,12,2,canonical_fast_local,canonical_inter_pod,1.0,homogeneous,0.0,hybrid,D_depth_stripes_plus_E_exact_worker_wavefront,951.62992512,13.660772593254366,16401.268099999972,268.97409999999985,682.6558251200032,3902259728,300173825.2307692,1.2616360076923054,0.04488261092850503,0.04550960290003372,0.06454273702275055,384,384,384,64,90951,True,RTX 5090 physically measured shard service; conservative per-worker maximum across calibration and held-out attention layers + deterministic explicit-worker event model,True,4.565617233514786,0.0625,0.0625,384,24,3444.6172500000002,4.761419603295539,E018 physical layer-89/91 controls; post-schedule comparison only,,,,,,
experiment-019-worker-simulation-result-v1,8.0,16,4,2,16,4096,RTX_5090_PHYSICAL_SHARD_SERVICE,1.0030678938241964,16,2,canonical_fast_local,canonical_inter_pod,1.0,homogeneous,0.0,hybrid,D_depth_stripes_plus_E_exact_worker_wavefront,1012.8390073599999,16.784503634305214,21087.344699999954,287.4040999999999,725.4349073600034,5102954992,300173823.0588235,1.2404320411764678,0.05421884401884139,0.05497625940092626,0.07796856107056646,384,384,384,80,116937,True,RTX 5090 physically measured shard service; conservative per-worker maximum across calibration and held-out attention layers + deterministic explicit-worker event model,True,4.565617233514786,0.0625,0.0625,384,24,4468.5085500000005,4.719101343109202,E018 physical layer-89/91 controls; post-schedule comparison only,,,,,,
experiment-019-worker-simulation-result-v1,8.0,16,4,4,16,4096,RTX_5090_PHYSICAL_SHARD_SERVICE,1.0030678938241964,7,4,canonical_fast_local,canonical_inter_pod,1.0,homogeneous,0.0,hybrid,D_depth_stripes_plus_E_exact_worker_wavefront,1002.418570160014,7.9806981216668555,7594.256400000018,328.96080000000035,673.4577701600058,2401390048,300173756.0,0.9492820500000023,0.019728993420226732,0.020102979533572735,0.026508088328569504,384,384,384,32,25986,True,RTX 5090 physically measured shard service; conservative per-worker maximum across calibration and held-out attention layers + deterministic explicit-worker event model,True,4.566446281038225,0.0625,0.0625,384,24,1474.9008000000001,5.148994698490921,E018 physical layer-89/91 controls; post-schedule comparison only,,,,,,
experiment-019-worker-simulation-result-v1,8.0,16,4,4,16,4096,RTX_5090_PHYSICAL_SHARD_SERVICE,1.0030678938241964,12,4,canonical_fast_local,canonical_inter_pod,1.0,homogeneous,0.0,hybrid,D_depth_stripes_plus_E_exact_worker_wavefront,1077.0154322400103,12.070393432489816,15188.51280000005,356.06920000000076,720.9462322400068,3902259008,300173769.84615386,1.1683471384615423,0.03672502507019384,0.037421190814486464,0.049344139748739406,384,384,384,64,51972,True,RTX 5090 physically measured shard service; conservative per-worker maximum across calibration and held-out attention layers + deterministic explicit-worker event model,True,4.566446281038225,0.0625,0.0625,384,24,2585.29455,5.874964150603284,E018 physical layer-89/91 controls; post-schedule comparison only,,,,,,
experiment-019-worker-simulation-result-v1,8.0,16,4,4,16,4096,RTX_5090_PHYSICAL_SHARD_SERVICE,1.0030678938241964,16,4,canonical_fast_local,canonical_inter_pod,1.0,homogeneous,0.0,hybrid,D_depth_stripes_plus_E_exact_worker_wavefront,1115.8947144800086,15.234412153230569,18985.641000000054,369.62340000000097,746.2713144800077,5102954032,300173766.5882353,1.116802411764709,0.04430684436079548,0.04514673234515317,0.059531153914422597,384,384,384,79,64965,True,RTX 5090 physically measured shard service; conservative per-worker maximum across calibration and held-out attention layers + deterministic explicit-worker event model,True,4.566446281038225,0.0625,0.0625,384,24,3322.7449500000002,5.713842406110662,E018 physical layer-89/91 controls; post-schedule comparison only,,,,,,
experiment-019-worker-simulation-result-v1,8.0,32,1,1,16,4096,RTX_5090_PHYSICAL_SHARD_SERVICE,1.0,7,1,canonical_fast_local,canonical_inter_pod,1.0,homogeneous,0.0,hybrid,C_full_layer_stripes_plus_worker_wavefront,1010.6862646399899,7.915413793467975,25340.524799999952,174.03339999999943,836.6528646399926,4973075328,621634416.0,3.167565599999994,0.008424930256033152,0.008291395948657701,0.008866846531442823,2976,2976,2976,128,200080,True,RTX 5090 physically measured shard service; conservative per-worker maximum across calibration and held-out attention layers + deterministic explicit-worker event model,True,0.6453489037230611,0.03125,0.03125,2976,93,2983.5468,8.493422928710203,E018 physical layer-89/91 controls; post-schedule comparison only,,,,,,
experiment-019-worker-simulation-result-v1,8.0,32,1,1,16,4096,RTX_5090_PHYSICAL_SHARD_SERVICE,1.0,12,1,canonical_fast_local,canonical_inter_pod,1.0,homogeneous,0.0,hybrid,C_full_layer_stripes_plus_worker_wavefront,1054.1054486399883,12.332732002071197,41178.352799999986,183.68339999999918,870.4220486399911,8081247408,621634416.0,3.1675655999999988,0.013126591950194846,0.01291853677216958,0.013815126388720164,2976,2976,2976,128,325130,True,RTX 5090 physically measured shard service; conservative per-worker maximum across calibration and held-out attention layers + deterministic explicit-worker event model,True,0.6453489037230611,0.03125,0.03125,2976,93,4848.26355,8.493422928710215,E018 physical layer-89/91 controls; post-schedule comparison only,,,,,,
experiment-019-worker-simulation-result-v1,8.0,32,1,1,16,4096,RTX_5090_PHYSICAL_SHARD_SERVICE,1.0,16,1,canonical_fast_local,canonical_inter_pod,1.0,homogeneous,0.0,hybrid,C_full_layer_stripes_plus_worker_wavefront,1088.8407958399869,15.612934475774615,53848.61519999963,191.40339999999898,897.4373958399899,10567785072,621634416.0,3.1675655999999783,0.01661794158619547,0.01635454886337391,0.01748960919976273,2976,2976,2976,168,425170,True,RTX 5090 physically measured shard service; conservative per-worker maximum across calibration and held-out attention layers + deterministic explicit-worker event model,True,0.6453489037230611,0.03125,0.03125,2976,93,6340.036949999998,8.493422928710162,E018 physical layer-89/91 controls; post-schedule comparison only,,,,,,
experiment-019-worker-simulation-result-v1,8.0,32,1,2,16,4096,RTX_5090_PHYSICAL_SHARD_SERVICE,1.0,7,2,canonical_fast_local,canonical_inter_pod,1.0,homogeneous,0.0,hybrid,C_full_layer_stripes_plus_worker_wavefront,1089.5743324800098,7.342316867717489,18527.527600000016,218.2693000000022,871.3050324800066,4973073344,621634168.0,2.315940950000002,0.0057138347788382605,0.00566514813720912,0.005896614676463913,2976,2976,2976,96,100040,True,RTX 5090 physically measured shard service; conservative per-worker maximum across calibration and held-out attention layers + deterministic explicit-worker event model,True,0.6456661811098456,0.03125,0.03125,2976,93,2047.7826,9.047604760388147,E018 physical layer-89/91 controls; post-schedule comparison only,,,,,,
experiment-019-worker-simulation-result-v1,8.0,32,1,2,16,4096,RTX_5090_PHYSICAL_SHARD_SERVICE,1.0,12,2,canonical_fast_local,canonical_inter_pod,1.0,homogeneous,0.0,hybrid,C_full_layer_stripes_plus_worker_wavefront,1119.0852652800081,11.616630477881639,32423.17330000026,225.79210000000236,893.2931652800071,8081244432,621634187.0769231,2.4940902538461738,0.009735525825744886,0.009652571019507795,0.010046955624231874,2976,2976,2976,128,175070,True,RTX 5090 physically measured shard service; conservative per-worker maximum across calibration and held-out attention layers + deterministic explicit-worker event model,True,0.6456661811098456,0.03125,0.03125,2976,93,3444.6172500000002,9.412707115718083,E018 physical layer-89/91 controls; post-schedule comparison only,,,,,,
experiment-019-worker-simulation-result-v1,8.0,32,1,2,16,4096,RTX_5090_PHYSICAL_SHARD_SERVICE,1.0,16,2,canonical_fast_local,canonical_inter_pod,1.0,homogeneous,0.0,hybrid,C_full_layer_stripes_plus_worker_wavefront,1138.927361280007,14.926325047537885,41686.93710000022,230.80730000000247,908.1200612800073,10567781104,621634182.5882353,2.4521727705882483,0.012299034894664499,0.012194236851410165,0.01269246880130577,2976,2976,2976,129,225090,True,RTX 5090 physically measured shard service; conservative per-worker maximum across calibration and held-out attention layers + deterministic explicit-worker event model,True,0.6456661811098456,0.03125,0.03125,2976,93,4468.5085500000005,9.329049420751408,E018 physical layer-89/91 controls; post-schedule comparison only,,,,,,
experiment-019-worker-simulation-result-v1,8.0,32,1,4,16,4096,RTX_5090_PHYSICAL_SHARD_SERVICE,1.0,7,4,canonical_fast_local,canonical_inter_pod,1.0,homogeneous,0.0,hybrid,C_full_layer_stripes_plus_worker_wavefront,1332.060471759994,6.005733350401086,15393.385399999845,356.1334999999992,975.9269717600051,4973072352,621634044.0,1.9241731749999806,0.0038830883766951094,0.00386874328099462,0.004140652858434029,2976,2976,2976,64,50020,True,RTX 5090 physically measured shard service; conservative per-worker maximum across calibration and held-out attention layers + deterministic explicit-worker event model,True,0.6463007377460599,0.03125,0.03125,2976,93,1474.9008000000001,10.436895416966241,E018 physical layer-89/91 controls; post-schedule comparison only,,,,,,
experiment-019-worker-simulation-result-v1,8.0,32,1,4,16,4096,RTX_5090_PHYSICAL_SHARD_SERVICE,1.0,12,4,canonical_fast_local,canonical_inter_pod,1.0,homogeneous,0.0,hybrid,C_full_layer_stripes_plus_worker_wavefront,1356.9701789599924,9.580166315787018,30786.770799999693,364.3638999999993,992.6062789600055,8081242944,621634072.6153846,2.368213138461515,0.0076236141591712004,0.007595450629504128,0.008129286974054597,2976,2976,2976,128,100040,True,RTX 5090 physically measured shard service; conservative per-worker maximum across calibration and held-out attention layers + deterministic explicit-worker event model,True,0.6463007377460599,0.03125,0.03125,2976,93,2585.29455,11.908419023279066,E018 physical layer-89/91 controls; post-schedule comparison only,,,,,,
experiment-019-worker-simulation-result-v1,8.0,32,1,4,16,4096,RTX_5090_PHYSICAL_SHARD_SERVICE,1.0,16,4,canonical_fast_local,canonical_inter_pod,1.0,homogeneous,0.0,hybrid,C_full_layer_stripes_plus_worker_wavefront,1369.8033493599914,12.410540540686261,38483.46349999997,368.4790999999994,1001.3242493600056,10567779120,621634065.882353,2.263733147058822,0.009440239245587645,0.009405364650348911,0.010066408442089583,2976,2976,2976,128,125050,True,RTX 5090 physically measured shard service; conservative per-worker maximum across calibration and held-out attention layers + deterministic explicit-worker event model,True,0.6463007377460599,0.03125,0.03125,2976,93,3322.7449500000002,11.581828903238561,E018 physical layer-89/91 controls; post-schedule comparison only,,,,,,
experiment-019-worker-simulation-result-v1,8.0,32,2,1,16,4096,RTX_5090_PHYSICAL_SHARD_SERVICE,1.0,7,1,canonical_fast_local,canonical_inter_pod,1.0,homogeneous,0.0,hybrid,D_depth_stripes_plus_E_exact_worker_wavefront,940.4745342399908,8.506344094117232,25340.524799999992,184.80709999999917,755.667434239995,4962524032,620315504.0,3.167565599999999,0.017915161525458054,0.017822492145994424,0.01900657524389555,1504,1504,1504,97,199712,True,RTX 5090 physically measured shard service; conservative per-worker maximum across calibration and held-out attention layers + deterministic explicit-worker event model,True,1.182041397318244,0.03125,0.03125,1504,47,2983.5468,8.493422928710215,E018 physical layer-89/91 controls; post-schedule comparison only,,,,,,
experiment-019-worker-simulation-result-v1,8.0,32,2,1,16,4096,RTX_5090_PHYSICAL_SHARD_SERVICE,1.0,12,1,canonical_fast_local,canonical_inter_pod,1.0,homogeneous,0.0,hybrid,D_depth_stripes_plus_E_exact_worker_wavefront,1017.6181462399891,12.77492942518161,41178.352799999935,202.15259999999876,815.4655462399928,8064101552,620315504.0,3.167565599999995,0.026905204115447504,0.026766032131640485,0.028544302307625766,1504,1504,1504,128,324532,True,RTX 5090 physically measured shard service; conservative per-worker maximum across calibration and held-out attention layers + deterministic explicit-worker event model,True,1.182041397318244,0.03125,0.03125,1504,47,4848.26355,8.493422928710206,E018 physical layer-89/91 controls; post-schedule comparison only,,,,,,
experiment-019-worker-simulation-result-v1,8.0,32,2,1,16,4096,RTX_5090_PHYSICAL_SHARD_SERVICE,1.0,16,1,canonical_fast_local,canonical_inter_pod,1.0,homogeneous,0.0,hybrid,D_depth_stripes_plus_E_exact_worker_wavefront,1079.3330358399867,15.750467590172311,53848.61519999998,216.0289999999984,863.3040358399912,10545363568,620315504.0,3.1675655999999988,0.0331719676346707,0.03300037969492901,0.03519284478348104,1504,1504,1504,160,424388,True,RTX 5090 physically measured shard service; conservative per-worker maximum across calibration and held-out attention layers + deterministic explicit-worker event model,True,1.182041397318244,0.03125,0.03125,1504,47,6340.036949999998,8.493422928710217,E018 physical layer-89/91 controls; post-schedule comparison only,,,,,,
experiment-019-worker-simulation-result-v1,8.0,32,2,2,16,4096,RTX_5090_PHYSICAL_SHARD_SERVICE,1.0,7,2,canonical_fast_local,canonical_inter_pod,1.0,homogeneous,0.0,hybrid,D_depth_stripes_plus_E_exact_worker_wavefront,994.1139636800131,8.047367095001446,18527.527600000038,224.4310000000024,769.6829636800045,4962522048,620315256.0,2.3159409500000048,0.012391773267949725,0.012414673217458733,0.012909586293801317,1504,1504,1504,97,99856,True,RTX 5090 physically measured shard service; conservative per-worker maximum across calibration and held-out attention layers + deterministic explicit-worker event model,True,1.1823861794546247,0.03125,0.03125,1504,47,2047.7826,9.047604760388158,E018 physical layer-89/91 controls; post-schedule comparison only,,,,,,
experiment-019-worker-simulation-result-v1,8.0,32,2,2,16,4096,RTX_5090_PHYSICAL_SHARD_SERVICE,1.0,12,2,canonical_fast_local,canonical_inter_pod,1.0,homogeneous,0.0,hybrid,D_depth_stripes_plus_E_exact_worker_wavefront,1046.5644268800127,12.421595523512318,32423.173300000057,238.11550000000273,808.4489268800056,8064098576,620315275.0769231,2.4940902538461582,0.020598790114635047,0.0206368565998242,0.021459548426419894,1504,1504,1504,128,174748,True,RTX 5090 physically measured shard service; conservative per-worker maximum across calibration and held-out attention layers + deterministic explicit-worker event model,True,1.1823861794546247,0.03125,0.03125,1504,47,3444.6172500000002,9.412707115718025,E018 physical layer-89/91 controls; post-schedule comparison only,,,,,,
experiment-019-worker-simulation-result-v1,8.0,32,2,2,16,4096,RTX_5090_PHYSICAL_SHARD_SERVICE,1.0,16,2,canonical_fast_local,canonical_inter_pod,1.0,homogeneous,0.0,hybrid,D_depth_stripes_plus_E_exact_worker_wavefront,1082.0511164800098,15.71090287795481,41686.93710000015,247.23850000000294,834.8126164800063,10545359600,620315270.5882353,2.4521727705882443,0.02561559058422684,0.025662928097457446,0.02668598512603955,1504,1504,1504,129,224676,True,RTX 5090 physically measured shard service; conservative per-worker maximum across calibration and held-out attention layers + deterministic explicit-worker event model,True,1.1823861794546247,0.03125,0.03125,1504,47,4468.5085500000005,9.329049420751392,E018 physical layer-89/91 controls; post-schedule comparison only,,,,,,
experiment-019-worker-simulation-result-v1,8.0,32,2,4,16,4096,RTX_5090_PHYSICAL_SHARD_SERVICE,1.0,7,4,canonical_fast_local,canonical_inter_pod,1.0,homogeneous,0.0,hybrid,D_depth_stripes_plus_E_exact_worker_wavefront,1220.5575725599995,6.55438152189805,15393.385400000008,359.66199999999907,860.895572560005,4962521056,620315132.0,1.924173175000001,0.008385482116457385,0.008428443058546753,0.009037836680545223,1504,1504,1504,64,49928,True,RTX 5090 physically measured shard service; conservative per-worker maximum across calibration and held-out attention layers + deterministic explicit-worker event model,True,1.1830757427960634,0.03125,0.03125,1504,47,1474.9008000000001,10.436895416966353,E018 physical layer-89/91 controls; post-schedule comparison only,,,,,,
experiment-019-worker-simulation-result-v1,8.0,32,2,4,16,4096,RTX_5090_PHYSICAL_SHARD_SERVICE,1.0,12,4,canonical_fast_local,canonical_inter_pod,1.0,homogeneous,0.0,hybrid,D_depth_stripes_plus_E_exact_worker_wavefront,1264.6373381599972,10.279626899925747,30786.77080000002,374.87969999999905,889.7576381600057,8064097088,620315160.6153846,2.36821313846154,0.016186401251919426,0.01626932827235326,0.01744563388591707,1504,1504,1504,128,99856,True,RTX 5090 physically measured shard service; conservative per-worker maximum across calibration and held-out attention layers + deterministic explicit-worker event model,True,1.1830757427960634,0.03125,0.03125,1504,47,2585.29455,11.908419023279192,E018 physical layer-89/91 controls; post-schedule comparison only,,,,,,
experiment-019-worker-simulation-result-v1,8.0,32,2,4,16,4096,RTX_5090_PHYSICAL_SHARD_SERVICE,1.0,16,4,canonical_fast_local,canonical_inter_pod,1.0,homogeneous,0.0,hybrid,D_depth_stripes_plus_E_exact_worker_wavefront,1287.8814277599959,13.19997294282595,38483.463500000056,382.52339999999907,905.3580277600058,10545357616,620315153.882353,2.2637331470588267,0.019867829980687982,0.01996961789000409,0.021413461989250256,1504,1504,1504,129,124820,True,RTX 5090 physically measured shard service; conservative per-worker maximum across calibration and held-out attention layers + deterministic explicit-worker event model,True,1.1830757427960634,0.03125,0.03125,1504,47,3322.7449500000002,11.581828903238588,E018 physical layer-89/91 controls; post-schedule comparison only,,,,,,
experiment-019-worker-simulation-result-v1,8.0,32,4,1,16,4096,RTX_5090_PHYSICAL_SHARD_SERVICE,1.0,7,1,canonical_fast_local,canonical_inter_pod,1.0,homogeneous,0.0,hybrid,D_depth_stripes_plus_E_exact_worker_wavefront,989.6198262399889,8.083912415533954,25340.524800000014,208.9479999999986,780.6718262399936,4957248384,619656048.0,3.167565600000002,0.033341566251117526,0.03380207137431366,0.03599766198637271,768,768,768,128,199528,True,RTX 5090 physically measured shard service; conservative per-worker maximum across calibration and held-out attention layers + deterministic explicit-worker event model,True,2.2825851421803236,0.03125,0.03125,768,24,2983.5468,8.493422928710222,E018 physical layer-89/91 controls; post-schedule comparison only,,,,,,
experiment-019-worker-simulation-result-v1,8.0,32,4,1,16,4096,RTX_5090_PHYSICAL_SHARD_SERVICE,1.0,12,1,canonical_fast_local,canonical_inter_pod,1.0,homogeneous,0.0,hybrid,D_depth_stripes_plus_E_exact_worker_wavefront,1143.805050239983,11.365573178114973,41178.352800000095,243.53699999999773,900.2680502399891,8055528624,619656048.0,3.1675656000000076,0.046876560707395494,0.047524007686970106,0.05061089736214618,768,768,768,160,324233,True,RTX 5090 physically measured shard service; conservative per-worker maximum across calibration and held-out attention layers + deterministic explicit-worker event model,True,2.2825851421803236,0.03125,0.03125,768,24,4848.26355,8.493422928710238,E018 physical layer-89/91 controls; post-schedule comparison only,,,,,,
experiment-019-worker-simulation-result-v1,8.0,32,4,1,16,4096,RTX_5090_PHYSICAL_SHARD_SERVICE,1.0,16,1,canonical_fast_local,canonical_inter_pod,1.0,homogeneous,0.0,hybrid,D_depth_stripes_plus_E_exact_worker_wavefront,1267.153229439977,13.415899202271861,53848.615200000124,271.2081999999965,995.9450294399853,10534152816,619656048.0,3.167565600000007,0.05533299584138524,0.056097240924379774,0.059740999147716696,768,768,768,192,423997,True,RTX 5090 physically measured shard service; conservative per-worker maximum across calibration and held-out attention layers + deterministic explicit-worker event model,True,2.2825851421803236,0.03125,0.03125,768,24,6340.036949999998,8.49342292871024,E018 physical layer-89/91 controls; post-schedule comparison only,,,,,,
experiment-019-worker-simulation-result-v1,8.0,32,4,2,16,4096,RTX_5090_PHYSICAL_SHARD_SERVICE,1.0,7,2,canonical_fast_local,canonical_inter_pod,1.0,homogeneous,0.0,hybrid,D_depth_stripes_plus_E_exact_worker_wavefront,987.8065684800134,8.09875157269909,18527.527600000005,238.04170000000272,749.7648684800041,4957246400,619655800.0,2.3159409500000008,0.024422175014441074,0.024973310349574954,0.02600023204899318,768,768,768,116,99764,True,RTX 5090 physically measured shard service; conservative per-worker maximum across calibration and held-out attention layers + deterministic explicit-worker event model,True,2.2829849319532514,0.03125,0.03125,768,24,2047.7826,9.047604760388142,E018 physical layer-89/91 controls; post-schedule comparison only,,,,,,
experiment-019-worker-simulation-result-v1,8.0,32,4,2,16,4096,RTX_5090_PHYSICAL_SHARD_SERVICE,1.0,12,2,canonical_fast_local,canonical_inter_pod,1.0,homogeneous,0.0,hybrid,D_depth_stripes_plus_E_exact_worker_wavefront,1092.9088436800093,11.89486211514841,32423.173299999966,265.33690000000286,827.5719436800066,8055525648,619655819.0769231,2.494090253846151,0.03862872353155663,0.03950045811198485,0.04112474728327802,768,768,768,128,174587,True,RTX 5090 physically measured shard service; conservative per-worker maximum across calibration and held-out attention layers + deterministic explicit-worker event model,True,2.2829849319532514,0.03125,0.03125,768,24,3444.6172500000002,9.412707115717998,E018 physical layer-89/91 controls; post-schedule comparison only,,,,,,
experiment-019-worker-simulation-result-v1,8.0,32,4,2,16,4096,RTX_5090_PHYSICAL_SHARD_SERVICE,1.0,16,2,canonical_fast_local,canonical_inter_pod,1.0,homogeneous,0.0,hybrid,D_depth_stripes_plus_E_exact_worker_wavefront,1163.833022880004,14.606906373847385,41686.93709999989,283.5337000000022,880.2993228800079,10534148848,619655814.5882353,2.452172770588229,0.046638877698542,0.04769137746465432,0.04965248352981135,768,768,768,129,224469,True,RTX 5090 physically measured shard service; conservative per-worker maximum across calibration and held-out attention layers + deterministic explicit-worker event model,True,2.2829849319532514,0.03125,0.03125,768,24,4468.5085500000005,9.329049420751334,E018 physical layer-89/91 controls; post-schedule comparison only,,,,,,
experiment-019-worker-simulation-result-v1,8.0,32,4,4,16,4096,RTX_5090_PHYSICAL_SHARD_SERVICE,1.0,7,4,canonical_fast_local,canonical_inter_pod,1.0,homogeneous,0.0,hybrid,D_depth_stripes_plus_E_exact_worker_wavefront,1182.7750529600012,6.7637544264898715,15393.385399999946,367.2359999999991,815.5390529600049,4957245408,619655676.0,1.9241731749999933,0.01694613910122308,0.017369997742668647,0.018680306068940403,768,768,768,64,49882,True,RTX 5090 physically measured shard service; conservative per-worker maximum across calibration and held-out attention layers + deterministic explicit-worker event model,True,2.283784511499107,0.03125,0.03125,768,24,1474.9008000000001,10.43689541696631,E018 physical layer-89/91 controls; post-schedule comparison only,,,,,,
experiment-019-worker-simulation-result-v1,8.0,32,4,4,16,4096,RTX_5090_PHYSICAL_SHARD_SERVICE,1.0,12,4,canonical_fast_local,canonical_inter_pod,1.0,homogeneous,0.0,hybrid,D_depth_stripes_plus_E_exact_worker_wavefront,1271.7600305599963,10.22205423005446,30786.770799999886,397.67139999999904,874.0886305600063,8055524160,619655704.6153846,2.3682131384615297,0.031520837408439244,0.032309239960865085,0.034746492214055597,768,768,768,128,99764,True,RTX 5090 physically measured shard service; conservative per-worker maximum across calibration and held-out attention layers + deterministic explicit-worker event model,True,2.283784511499107,0.03125,0.03125,768,24,2585.29455,11.90841902327914,E018 physical layer-89/91 controls; post-schedule comparison only,,,,,,
experiment-019-worker-simulation-result-v1,8.0,32,4,4,16,4096,RTX_5090_PHYSICAL_SHARD_SERVICE,1.0,16,4,canonical_fast_local,canonical_inter_pod,1.0,homogeneous,0.0,hybrid,D_depth_stripes_plus_E_exact_worker_wavefront,1318.1785097599939,12.896584092465034,38483.4635,412.889099999999,905.2894097600067,10534146864,619655697.882353,2.2637331470588236,0.0380135740806571,0.038964373656305284,0.04190365689549675,768,768,768,129,124705,True,RTX 5090 physically measured shard service; conservative per-worker maximum across calibration and held-out attention layers + deterministic explicit-worker event model,True,2.283784511499107,0.03125,0.03125,768,24,3322.7449500000002,11.58182890323857,E018 physical layer-89/91 controls; post-schedule comparison only,,,,,,
experiment-019-worker-simulation-result-v1,8.0,32,8,1,16,4096,RTX_5090_PHYSICAL_SHARD_SERVICE,1.0,7,1,canonical_fast_local,canonical_inter_pod,1.0,homogeneous,0.0,hybrid,D_depth_stripes_plus_E_exact_worker_wavefront,1174.8462886399807,6.809401431791488,25340.524800000087,257.3725999999973,917.4736886399878,4954495872,619311984.0,3.1675656000000108,0.05616985867691019,0.056839435631450046,0.06064452915153515,384,384,384,153,199432,True,RTX 5090 physically measured shard service; conservative per-worker maximum across calibration and held-out attention layers + deterministic explicit-worker event model,True,4.488602140918374,0.03125,0.03125,384,12,2983.5468,8.493422928710247,E018 physical layer-89/91 controls; post-schedule comparison only,,,,,,
experiment-019-worker-simulation-result-v1,8.0,32,8,1,16,4096,RTX_5090_PHYSICAL_SHARD_SERVICE,1.0,12,1,canonical_fast_local,canonical_inter_pod,1.0,homogeneous,0.0,hybrid,D_depth_stripes_plus_E_exact_worker_wavefront,1483.2167366399656,8.764733891453927,41178.35279999995,326.5505999999933,1156.6661366399803,8051055792,619311984.0,3.167565599999996,0.07229913949928012,0.0731609867387439,0.07805872003728834,384,384,384,192,324077,True,RTX 5090 physically measured shard service; conservative per-worker maximum across calibration and held-out attention layers + deterministic explicit-worker event model,True,4.488602140918374,0.03125,0.03125,384,12,4848.26355,8.493422928710208,E018 physical layer-89/91 controls; post-schedule comparison only,,,,,,
experiment-019-worker-simulation-result-v1,8.0,32,8,1,16,4096,RTX_5090_PHYSICAL_SHARD_SERVICE,1.0,16,1,canonical_fast_local,canonical_inter_pod,1.0,homogeneous,0.0,hybrid,D_depth_stripes_plus_E_exact_worker_wavefront,1729.9130950399535,9.827083249871215,53848.615199999826,381.89299999999014,1348.0200950399756,10528303728,619311984.0,3.16756559999999,0.0810623199235109,0.08202862930332479,0.08752000342335256,384,384,384,192,423793,True,RTX 5090 physically measured shard service; conservative per-worker maximum across calibration and held-out attention layers + deterministic explicit-worker event model,True,4.488602140918374,0.03125,0.03125,384,12,6340.036949999998,8.493422928710194,E018 physical layer-89/91 controls; post-schedule comparison only,,,,,,
experiment-019-worker-simulation-result-v1,8.0,32,8,2,16,4096,RTX_5090_PHYSICAL_SHARD_SERVICE,1.0,7,2,canonical_fast_local,canonical_inter_pod,1.0,homogeneous,0.0,hybrid,D_depth_stripes_plus_E_exact_worker_wavefront,1063.1683348800123,7.5246785833805605,18527.527599999987,265.33690000000286,797.8314348800055,4954493888,619311736.0,2.3159409499999986,0.04538206059072661,0.046380613852241064,0.04831445624816987,384,384,384,116,99716,True,RTX 5090 physically measured shard service; conservative per-worker maximum across calibration and held-out attention layers + deterministic explicit-worker event model,True,4.489111946895719,0.03125,0.03125,384,12,2047.7826,9.047604760388133,E018 physical layer-89/91 controls; post-schedule comparison only,,,,,,
experiment-019-worker-simulation-result-v1,8.0,32,8,2,16,4096,RTX_5090_PHYSICAL_SHARD_SERVICE,1.0,12,2,canonical_fast_local,canonical_inter_pod,1.0,homogeneous,0.0,hybrid,D_depth_stripes_plus_E_exact_worker_wavefront,1272.6391892799938,10.214992677818493,32423.173300000082,319.92730000000097,952.7118892800108,8051052816,619311755.0769231,2.49409025384616,0.06634665021056496,0.06780649278042512,0.07063368844617841,384,384,384,129,174503,True,RTX 5090 physically measured shard service; conservative per-worker maximum across calibration and held-out attention layers + deterministic explicit-worker event model,True,4.489111946895719,0.03125,0.03125,384,12,3444.6172500000002,9.412707115718032,E018 physical layer-89/91 controls; post-schedule comparison only,,,,,,
experiment-019-worker-simulation-result-v1,8.0,32,8,2,16,4096,RTX_5090_PHYSICAL_SHARD_SERVICE,1.0,16,2,canonical_fast_local,canonical_inter_pod,1.0,homogeneous,0.0,hybrid,D_depth_stripes_plus_E_exact_worker_wavefront,1414.4875476799832,12.018486856164333,41686.93710000007,356.3208999999997,1058.1666476800106,10528299760,619311750.5882353,2.452172770588239,0.07674845367801784,0.07843716983014494,0.081707612194652,384,384,384,161,224361,True,RTX 5090 physically measured shard service; conservative per-worker maximum across calibration and held-out attention layers + deterministic explicit-worker event model,True,4.489111946895719,0.03125,0.03125,384,12,4468.5085500000005,9.329049420751375,E018 physical layer-89/91 controls; post-schedule comparison only,,,,,,
experiment-019-worker-simulation-result-v1,8.0,32,8,4,16,4096,RTX_5090_PHYSICAL_SHARD_SERVICE,1.0,7,4,canonical_fast_local,canonical_inter_pod,1.0,homogeneous,0.0,hybrid,D_depth_stripes_plus_E_exact_worker_wavefront,1197.3899273600007,6.681198678227034,15393.385400000001,382.45369999999906,814.9362273600053,4954492896,619311612.0,1.9241731750000002,0.03347860227471334,0.03420506475305113,0.03690460307898876,384,384,384,64,49858,True,RTX 5090 physically measured shard service; conservative per-worker maximum across calibration and held-out attention layers + deterministic explicit-worker event model,True,4.490131557919085,0.03125,0.03125,384,12,1474.9008000000001,10.436895416966347,E018 physical layer-89/91 controls; post-schedule comparison only,,,,,,
experiment-019-worker-simulation-result-v1,8.0,32,8,4,16,4096,RTX_5090_PHYSICAL_SHARD_SERVICE,1.0,12,4,canonical_fast_local,canonical_inter_pod,1.0,homogeneous,0.0,hybrid,D_depth_stripes_plus_E_exact_worker_wavefront,1373.1587945599913,9.467222619482738,30786.77079999998,443.324499999999,929.8342945600085,8051051328,619311640.6153846,2.3682131384615372,0.0583864609171856,0.05965340667409694,0.0643613836579764,384,384,384,128,99716,True,RTX 5090 physically measured shard service; conservative per-worker maximum across calibration and held-out attention layers + deterministic explicit-worker event model,True,4.490131557919085,0.03125,0.03125,384,12,2585.29455,11.908419023279176,E018 physical layer-89/91 controls; post-schedule comparison only,,,,,,
experiment-019-worker-simulation-result-v1,8.0,32,8,4,16,4096,RTX_5090_PHYSICAL_SHARD_SERVICE,1.0,16,4,canonical_fast_local,canonical_inter_pod,1.0,homogeneous,0.0,hybrid,D_depth_stripes_plus_E_exact_worker_wavefront,1465.9957529599856,11.596213676387107,38483.46349999996,473.75989999999894,992.2358529600093,10528297776,619311633.882353,2.2637331470588213,0.06836128458232894,0.06984467710309566,0.07535697138067723,384,384,384,129,124645,True,RTX 5090 physically measured shard service; conservative per-worker maximum across calibration and held-out attention layers + deterministic explicit-worker event model,True,4.490131557919085,0.03125,0.03125,384,12,3322.7449500000002,11.58182890323856,E018 physical layer-89/91 controls; post-schedule comparison only,,,,,,
experiment-019-worker-simulation-result-v1,4.0,8,1,1,16,4096,RTX_5090_PHYSICAL_SHARD_SERVICE,1.0137388288648792,7,1,canonical_fast_local,canonical_inter_pod,1.0,homogeneous,0.0,hybrid,C_full_layer_stripes_plus_worker_wavefront,798.6123148799973,10.01737620487622,6874.432000000009,189.42679999999913,609.1855148799963,1139289984,142411248.0,0.8593040000000011,0.011569854089186768,0.010849820167501434,0.016737533031917426,744,744,744,32,56336,True,RTX 5090 physically measured shard service; conservative per-worker maximum across calibration and held-out attention layers + deterministic explicit-worker event model,True,2.5401510344818234,0.125,0.125,744,93,2983.5468,2.304114016244025,E018 physical layer-89/91 controls; post-schedule comparison only,,,,,,
experiment-019-worker-simulation-result-v1,4.0,8,1,1,16,4096,RTX_5090_PHYSICAL_SHARD_SERVICE,1.0137388288648792,12,1,canonical_fast_local,canonical_inter_pod,1.0,homogeneous,0.0,hybrid,C_full_layer_stripes_plus_worker_wavefront,831.4515452799966,15.635306800256373,11170.951999999965,201.34179999999904,630.1097452799954,1851346224,142411248.0,0.8593039999999973,0.018058443111139123,0.016934600795357687,0.026124252367208365,744,744,744,34,91546,True,RTX 5090 physically measured shard service; conservative per-worker maximum across calibration and held-out attention layers + deterministic explicit-worker event model,True,2.5401510344818234,0.125,0.125,744,93,4848.26355,2.304114016244015,E018 physical layer-89/91 controls; post-schedule comparison only,,,,,,
experiment-019-worker-simulation-result-v1,4.0,8,1,1,16,4096,RTX_5090_PHYSICAL_SHARD_SERVICE,1.0137388288648792,16,1,canonical_fast_local,canonical_inter_pod,1.0,homogeneous,0.0,hybrid,C_full_layer_stripes_plus_worker_wavefront,857.7229295999961,19.819920178568672,14608.168000000058,210.87379999999897,646.8491295999947,2420991216,142411248.0,0.8593040000000034,0.022891581571404276,0.021466955545407736,0.0331161136303615,744,744,744,41,119714,True,RTX 5090 physically measured shard service; conservative per-worker maximum across calibration and held-out attention layers + deterministic explicit-worker event model,True,2.5089560989290476,0.12678013172190516,0.125,744,93,6340.036949999998,2.304114016244032,E018 physical layer-89/91 controls; post-schedule comparison only,744,1560860324864,1764348880629,0,1.0,1431106787595
experiment-019-worker-simulation-result-v1,4.0,8,1,2,16,4096,RTX_5090_PHYSICAL_SHARD_SERVICE,1.0137388288648792,7,2,canonical_fast_local,canonical_inter_pod,1.0,homogeneous,0.0,hybrid,C_full_layer_stripes_plus_worker_wavefront,865.4046996799991,9.244229899558162,5038.9092000000155,233.17779999999885,632.2268996799985,1139289536,142411192.0,0.6298636500000019,0.007826081163944676,0.007465640066883173,0.011074356313923192,744,744,744,24,28168,True,RTX 5090 physically measured shard service; conservative per-worker maximum across calibration and held-out attention layers + deterministic explicit-worker event model,True,2.540512515231967,0.125,0.125,744,93,2047.7826,2.4606660882849654,E018 physical layer-89/91 controls; post-schedule comparison only,,,,,,
experiment-019-worker-simulation-result-v1,4.0,8,1,2,16,4096,RTX_5090_PHYSICAL_SHARD_SERVICE,1.0137388288648792,12,2,canonical_fast_local,canonical_inter_pod,1.0,homogeneous,0.0,hybrid,C_full_layer_stripes_plus_worker_wavefront,889.5343993599988,14.614387042652005,8818.091099999992,243.6762999999989,645.8580993599985,1851345552,142411196.30769232,0.6783146999999995,0.013324131132419866,0.012710469666080047,0.018854414187991882,744,744,744,32,49294,True,RTX 5090 physically measured shard service; conservative per-worker maximum across calibration and held-out attention layers + deterministic explicit-worker event model,True,2.540512515231967,0.125,0.125,744,93,3444.6172500000002,2.5599625328474422,E018 physical layer-89/91 controls; post-schedule comparison only,,,,,,
experiment-019-worker-simulation-result-v1,4.0,8,1,2,16,4096,RTX_5090_PHYSICAL_SHARD_SERVICE,1.0137388288648792,16,2,canonical_fast_local,canonical_inter_pod,1.0,homogeneous,0.0,hybrid,C_full_layer_stripes_plus_worker_wavefront,905.7275529599985,18.769441146449044,11337.545699999977,250.6752999999989,655.0522529599984,2420990320,142411195.29411766,0.6669144529411751,0.016824746739510302,0.016049859532805903,0.02380798721373595,744,744,744,40,63378,True,RTX 5090 physically measured shard service; conservative per-worker maximum across calibration and held-out attention layers + deterministic explicit-worker event model,True,2.540512515231967,0.125,0.125,744,93,4468.5085500000005,2.537210251057923,E018 physical layer-89/91 controls; post-schedule comparison only,,,,,,
experiment-019-worker-simulation-result-v1,4.0,8,1,4,16,4096,RTX_5090_PHYSICAL_SHARD_SERVICE,1.0137388288648792,7,4,canonical_fast_local,canonical_inter_pod,1.0,homogeneous,0.0,hybrid,C_full_layer_stripes_plus_worker_wavefront,1033.6398114400038,7.739639970769788,4159.124999999996,333.48229999999916,700.1575114399996,1139289312,142411164.0,0.5198906249999995,0.005408287986126999,0.005290817884018227,0.0066780516032790786,744,744,744,16,14084,True,RTX 5090 physically measured shard service; conservative per-worker maximum across calibration and held-out attention layers + deterministic explicit-worker event model,True,2.5412354758009315,0.125,0.125,744,93,1474.9008000000001,2.8199354153174205,E018 physical layer-89/91 controls; post-schedule comparison only,,,,,,
experiment-019-worker-simulation-result-v1,4.0,8,1,4,16,4096,RTX_5090_PHYSICAL_SHARD_SERVICE,1.0137388288648792,12,4,canonical_fast_local,canonical_inter_pod,1.0,homogeneous,0.0,hybrid,C_full_layer_stripes_plus_worker_wavefront,1054.5697957600025,12.327301665824045,8318.249999999993,344.06749999999914,710.5022957599998,1851345216,142411170.46153846,0.639865384615384,0.010601900029129531,0.010371622669239772,0.013091025416720557,744,744,744,24,28168,True,RTX 5090 physically measured shard service; conservative per-worker maximum across calibration and held-out attention layers + deterministic explicit-worker event model,True,2.5412354758009315,0.125,0.125,744,93,2585.29455,3.2175250591852262,E018 physical layer-89/91 controls; post-schedule comparison only,,,,,,
experiment-019-worker-simulation-result-v1,4.0,8,1,4,16,4096,RTX_5090_PHYSICAL_SHARD_SERVICE,1.0137388288648792,16,4,canonical_fast_local,canonical_inter_pod,1.0,homogeneous,0.0,hybrid,C_full_layer_stripes_plus_worker_wavefront,1065.274834000002,15.958323108194225,10397.812499999976,349.36009999999914,715.9147339999998,2420989872,142411168.94117647,0.6116360294117633,0.013119200782212263,0.012834246678543023,0.01619934072337239,744,744,744,32,35210,True,RTX 5090 physically measured shard service; conservative per-worker maximum across calibration and held-out attention layers + deterministic explicit-worker event model,True,2.5412354758009315,0.125,0.125,744,93,3322.7449500000002,3.129283967461895,E018 physical layer-89/91 controls; post-schedule comparison only,,,,,,
experiment-019-worker-simulation-result-v1,4.0,16,1,1,16,4096,RTX_5090_PHYSICAL_SHARD_SERVICE,1.0030678938241964,7,1,canonical_fast_local,canonical_inter_pod,1.0,homogeneous,0.0,hybrid,C_full_layer_stripes_plus_worker_wavefront,895.8968860799913,8.929599069156392,12944.480000000009,172.97059999999993,722.9262860799907,2417218432,302152304.0,1.6180600000000012,0.009710098837257524,0.009478769411909513,0.014526225285750165,1488,1488,1488,62,104496,True,RTX 5090 physically measured shard service; conservative per-worker maximum across calibration and held-out attention layers + deterministic explicit-worker event model,True,1.260681196115911,0.0625,0.0625,1488,93,2983.5468,4.338621401883158,E018 physical layer-89/91 controls; post-schedule comparison only,,,,,,
experiment-019-worker-simulation-result-v1,4.0,16,1,1,16,4096,RTX_5090_PHYSICAL_SHARD_SERVICE,1.0030678938241964,12,1,canonical_fast_local,canonical_inter_pod,1.0,homogeneous,0.0,hybrid,C_full_layer_stripes_plus_worker_wavefront,933.6494516799902,13.923855443398011,21034.77999999999,183.3760999999999,750.2733516799891,3927979952,302152304.0,1.6180599999999994,0.015140882754532655,0.014780172553166986,0.022650631842547727,1488,1488,1488,80,169806,True,RTX 5090 physically measured shard service; conservative per-worker maximum across calibration and held-out attention layers + deterministic explicit-worker event model,True,1.260681196115911,0.0625,0.0625,1488,93,4848.26355,4.338621401883153,E018 physical layer-89/91 controls; post-schedule comparison only,,,,,,
experiment-019-worker-simulation-result-v1,4.0,16,1,1,16,4096,RTX_5090_PHYSICAL_SHARD_SERVICE,1.0030678938241964,16,1,canonical_fast_local,canonical_inter_pod,1.0,homogeneous,0.0,hybrid,C_full_layer_stripes_plus_worker_wavefront,963.8515041599893,17.637571686746238,27507.019999999957,191.70049999999986,772.1510041599878,5136589168,302152304.0,1.6180599999999976,0.019179199760387514,0.018722282345481126,0.028691919741414457,1488,1488,1488,94,222054,True,RTX 5090 physically measured shard service; conservative per-worker maximum across calibration and held-out attention layers + deterministic explicit-worker event model,True,1.260681196115911,0.0625,0.0625,1488,93,6340.036949999998,4.33862140188315,E018 physical layer-89/91 controls; post-schedule comparison only,,,,,,
experiment-019-worker-simulation-result-v1,4.0,16,1,2,16,4096,RTX_5090_PHYSICAL_SHARD_SERVICE,1.0030678938241964,7,2,canonical_fast_local,canonical_inter_pod,1.0,homogeneous,0.0,hybrid,C_full_layer_stripes_plus_worker_wavefront,973.5615852800003,8.217251092234877,9372.153200000002,221.78200000000018,751.779585280002,2417217472,302152184.0,1.1715191500000004,0.0064695342842147644,0.006345772155978382,0.008949202733275697,1488,1488,1488,32,52248,True,RTX 5090 physically measured shard service; conservative per-worker maximum across calibration and held-out attention layers + deterministic explicit-worker event model,True,1.2610132088884711,0.0625,0.0625,1488,93,2047.7826,4.576732510570215,E018 physical layer-89/91 controls; post-schedule comparison only,,,,,,
experiment-019-worker-simulation-result-v1,4.0,16,1,2,16,4096,RTX_5090_PHYSICAL_SHARD_SERVICE,1.0030678938241964,12,2,canonical_fast_local,canonical_inter_pod,1.0,homogeneous,0.0,hybrid,C_full_layer_stripes_plus_worker_wavefront,999.4695099200006,13.006900031438223,16401.268100000067,229.87990000000025,769.5896099200024,3927978512,302152193.2307692,1.2616360076923128,0.011028207949003135,0.010817238437684175,0.015255142701872313,1488,1488,1488,48,91434,True,RTX 5090 physically measured shard service; conservative per-worker maximum across calibration and held-out attention layers + deterministic explicit-worker event model,True,1.2610132088884711,0.0625,0.0625,1488,93,3444.6172500000002,4.7614196032955665,E018 physical layer-89/91 controls; post-schedule comparison only,,,,,,
experiment-019-worker-simulation-result-v1,4.0,16,1,2,16,4096,RTX_5090_PHYSICAL_SHARD_SERVICE,1.0030678938241964,16,2,canonical_fast_local,canonical_inter_pod,1.0,homogeneous,0.0,hybrid,C_full_layer_stripes_plus_worker_wavefront,1016.8789214400007,16.71782120916257,21087.344700000005,235.2785000000003,781.6004214400025,5136587248,302152191.0588235,1.2404320411764709,0.013936371697919902,0.013669769042233186,0.019277958847096294,1488,1488,1488,62,117558,True,RTX 5090 physically measured shard service; conservative per-worker maximum across calibration and held-out attention layers + deterministic explicit-worker event model,True,1.2610132088884711,0.0625,0.0625,1488,93,4468.5085500000005,4.719101343109213,E018 physical layer-89/91 controls; post-schedule comparison only,,,,,,
experiment-019-worker-simulation-result-v1,4.0,16,1,4,16,4096,RTX_5090_PHYSICAL_SHARD_SERVICE,1.0030678938241964,7,4,canonical_fast_local,canonical_inter_pod,1.0,homogeneous,0.0,hybrid,C_full_layer_stripes_plus_worker_wavefront,1158.1544065600062,6.907541822304938,7594.256400000021,320.08550000000025,838.0689065600084,2417216992,302152124.0,0.9492820500000027,0.004406724100496214,0.0043348278705874635,0.0057330006796947625,1488,1488,1488,32,26124,True,RTX 5090 physically measured shard service; conservative per-worker maximum across calibration and held-out attention layers + deterministic explicit-worker event model,True,1.2616772325709462,0.0625,0.0625,1488,93,1474.9008000000001,5.148994698490923,E018 physical layer-89/91 controls; post-schedule comparison only,,,,,,
experiment-019-worker-simulation-result-v1,4.0,16,1,4,16,4096,RTX_5090_PHYSICAL_SHARD_SERVICE,1.0030678938241964,12,4,canonical_fast_local,canonical_inter_pod,1.0,homogeneous,0.0,hybrid,C_full_layer_stripes_plus_worker_wavefront,1181.0246107200046,11.007391278725875,15188.512800000044,329.4433000000005,851.5813107200087,3927977792,302152137.84615386,1.1683471384615418,0.008642778294641041,0.00850177033472544,0.01124396551897788,1488,1488,1488,48,52248,True,RTX 5090 physically measured shard service; conservative per-worker maximum across calibration and held-out attention layers + deterministic explicit-worker event model,True,1.2616772325709462,0.0625,0.0625,1488,93,2585.29455,5.874964150603282,E018 physical layer-89/91 controls; post-schedule comparison only,,,,,,
experiment-019-worker-simulation-result-v1,4.0,16,1,4,16,4096,RTX_5090_PHYSICAL_SHARD_SERVICE,1.0030678938241964,16,4,canonical_fast_local,canonical_inter_pod,1.0,homogeneous,0.0,hybrid,C_full_layer_stripes_plus_worker_wavefront,1192.769001760004,14.252550137466228,18985.641000000047,334.1222000000006,858.6468017600089,5136586288,302152134.5882353,1.1168024117647086,0.01069709836513419,0.010522573927961095,0.013916567227608022,1488,1488,1488,64,65310,True,RTX 5090 physically measured shard service; conservative per-worker maximum across calibration and held-out attention layers + deterministic explicit-worker event model,True,1.2616772325709462,0.0625,0.0625,1488,93,3322.7449500000002,5.71384240611066,E018 physical layer-89/91 controls; post-schedule comparison only,,,,,,
experiment-019-worker-simulation-result-v1,4.0,16,2,1,16,4096,RTX_5090_PHYSICAL_SHARD_SERVICE,1.0030678938241964,7,1,canonical_fast_local,canonical_inter_pod,1.0,homogeneous,0.0,hybrid,D_depth_stripes_plus_E_exact_worker_wavefront,817.5545615999922,9.78527963239986,12944.480000000009,182.4374000000002,635.117161599994,2406667136,300833392.0,1.6180600000000012,0.021054746757979945,0.02067042469548147,0.03216519267966159,752,752,752,65,104128,True,RTX 5090 physically measured shard service; conservative per-worker maximum across calibration and held-out attention layers + deterministic explicit-worker event model,True,2.3684878535568714,0.0625,0.0625,752,47,2983.5468,4.338621401883158,E018 physical layer-89/91 controls; post-schedule comparison only,,,,,,
experiment-019-worker-simulation-result-v1,4.0,16,2,1,16,4096,RTX_5090_PHYSICAL_SHARD_SERVICE,1.0030678938241964,12,1,canonical_fast_local,canonical_inter_pod,1.0,homogeneous,0.0,hybrid,D_depth_stripes_plus_E_exact_worker_wavefront,883.223987999991,14.718803131058225,21034.77999999998,199.60490000000038,683.6190879999918,3910834096,300833392.0,1.6180599999999985,0.03167008855617032,0.031091999734047374,0.04838217777210153,752,752,752,81,169208,True,RTX 5090 physically measured shard service; conservative per-worker maximum across calibration and held-out attention layers + deterministic explicit-worker event model,True,2.3684878535568714,0.0625,0.0625,752,47,4848.26355,4.338621401883151,E018 physical layer-89/91 controls; post-schedule comparison only,,,,,,
experiment-019-worker-simulation-result-v1,4.0,16,2,1,16,4096,RTX_5090_PHYSICAL_SHARD_SERVICE,1.0030678938241964,16,1,canonical_fast_local,canonical_inter_pod,1.0,homogeneous,0.0,hybrid,D_depth_stripes_plus_E_exact_worker_wavefront,935.75952911999,18.16706052246905,27507.01999999999,213.33890000000054,722.4206291199899,5114167664,300833392.0,1.6180599999999994,0.039089619613013674,0.03837609864766357,0.059716944643408064,752,752,752,97,221272,True,RTX 5090 physically measured shard service; conservative per-worker maximum across calibration and held-out attention layers + deterministic explicit-worker event model,True,2.3684878535568714,0.0625,0.0625,752,47,6340.036949999998,4.338621401883154,E018 physical layer-89/91 controls; post-schedule comparison only,,,,,,
experiment-019-worker-simulation-result-v1,4.0,16,2,2,16,4096,RTX_5090_PHYSICAL_SHARD_SERVICE,1.0030678938241964,7,2,canonical_fast_local,canonical_inter_pod,1.0,homogeneous,0.0,hybrid,D_depth_stripes_plus_E_exact_worker_wavefront,874.4318204799996,9.148797896682877,9372.153200000012,227.51140000000004,646.9204204800014,2406666176,300833272.0,1.1715191500000015,0.014252648850324082,0.014133977870585368,0.020021686756995637,752,752,752,46,52064,True,RTX 5090 physically measured shard service; conservative per-worker maximum across calibration and held-out attention layers + deterministic explicit-worker event model,True,2.368847370147705,0.0625,0.0625,752,47,2047.7826,4.57673251057022,E018 physical layer-89/91 controls; post-schedule comparison only,,,,,,
experiment-019-worker-simulation-result-v1,4.0,16,2,2,16,4096,RTX_5090_PHYSICAL_SHARD_SERVICE,1.0030678938241964,12,2,canonical_fast_local,canonical_inter_pod,1.0,homogeneous,0.0,hybrid,D_depth_stripes_plus_E_exact_worker_wavefront,919.7019166400003,14.135014578955806,16401.26810000011,241.33869999999996,678.3632166400025,3910832656,300833281.2307692,1.261636007692316,0.023714419364449967,0.02351696740941565,0.03331329362880168,752,752,752,62,91112,True,RTX 5090 physically measured shard service; conservative per-worker maximum across calibration and held-out attention layers + deterministic explicit-worker event model,True,2.368847370147705,0.0625,0.0625,752,47,3444.6172500000002,4.761419603295579,E018 physical layer-89/91 controls; post-schedule comparison only,,,,,,
experiment-019-worker-simulation-result-v1,4.0,16,2,2,16,4096,RTX_5090_PHYSICAL_SHARD_SERVICE,1.0030678938241964,16,2,canonical_fast_local,canonical_inter_pod,1.0,homogeneous,0.0,hybrid,D_depth_stripes_plus_E_exact_worker_wavefront,950.3096577600002,17.88890585419404,21087.344700000005,250.55689999999993,699.7527577600026,5114165744,300833279.0588235,1.2404320411764709,0.029507941493526126,0.02926225128085875,0.04145185695876453,752,752,752,64,117144,True,RTX 5090 physically measured shard service; conservative per-worker maximum across calibration and held-out attention layers + deterministic explicit-worker event model,True,2.368847370147705,0.0625,0.0625,752,47,4468.5085500000005,4.719101343109213,E018 physical layer-89/91 controls; post-schedule comparison only,,,,,,
experiment-019-worker-simulation-result-v1,4.0,16,2,4,16,4096,RTX_5090_PHYSICAL_SHARD_SERVICE,1.0030678938241964,7,4,canonical_fast_local,canonical_inter_pod,1.0,homogeneous,0.0,hybrid,D_depth_stripes_plus_E_exact_worker_wavefront,1043.9442382400127,7.663244555559033,7594.256400000019,322.19210000000027,721.7521382400066,2406665696,300833212.0,0.9492820500000024,0.00967364428371332,0.00961871298502381,0.012720411218886332,752,752,752,32,26032,True,RTX 5090 physically measured shard service; conservative per-worker maximum across calibration and held-out attention layers + deterministic explicit-worker event model,True,2.36956640239805,0.0625,0.0625,752,47,1474.9008000000001,5.148994698490921,E018 physical layer-89/91 controls; post-schedule comparison only,,,,,,
experiment-019-worker-simulation-result-v1,4.0,16,2,4,16,4096,RTX_5090_PHYSICAL_SHARD_SERVICE,1.0030678938241964,12,4,canonical_fast_local,canonical_inter_pod,1.0,homogeneous,0.0,hybrid,D_depth_stripes_plus_E_exact_worker_wavefront,1080.9157739200098,12.026839013417923,15188.512800000039,335.76310000000046,745.152673920007,3910831936,300833225.84615386,1.1683471384615414,0.01868553583253248,0.018579430964513043,0.024570647076120302,752,752,752,64,52064,True,RTX 5090 physically measured shard service; conservative per-worker maximum across calibration and held-out attention layers + deterministic explicit-worker event model,True,2.36956640239805,0.0625,0.0625,752,47,2585.29455,5.8749641506032795,E018 physical layer-89/91 controls; post-schedule comparison only,,,,,,
experiment-019-worker-simulation-result-v1,4.0,16,2,4,16,4096,RTX_5090_PHYSICAL_SHARD_SERVICE,1.0030678938241964,16,4,canonical_fast_local,canonical_inter_pod,1.0,homogeneous,0.0,hybrid,D_depth_stripes_plus_E_exact_worker_wavefront,1100.363815040009,15.449435693577295,18985.64100000003,342.5486000000006,757.8152150400075,5114164784,300833222.5882353,1.1168024117647075,0.02294410511036019,0.022813818172571637,0.030170475933719167,752,752,752,64,65080,True,RTX 5090 physically measured shard service; conservative per-worker maximum across calibration and held-out attention layers + deterministic explicit-worker event model,True,2.36956640239805,0.0625,0.0625,752,47,3322.7449500000002,5.713842406110655,E018 physical layer-89/91 controls; post-schedule comparison only,,,,,,
experiment-019-worker-simulation-result-v1,4.0,32,1,1,16,4096,RTX_5090_PHYSICAL_SHARD_SERVICE,1.0,7,1,canonical_fast_local,canonical_inter_pod,1.0,homogeneous,0.0,hybrid,C_full_layer_stripes_plus_worker_wavefront,1010.6862646399899,7.915413793467975,25340.524799999952,174.03339999999943,836.6528646399926,4973075328,621634416.0,3.167565599999994,0.008424930256033152,0.008291395948657701,0.008866846531442823,2976,2976,2976,128,200080,True,RTX 5090 physically measured shard service; conservative per-worker maximum across calibration and held-out attention layers + deterministic explicit-worker event model,True,0.6453489037230611,0.03125,0.03125,2976,93,2983.5468,8.493422928710203,E018 physical layer-89/91 controls; post-schedule comparison only,,,,,,
experiment-019-worker-simulation-result-v1,4.0,32,1,1,16,4096,RTX_5090_PHYSICAL_SHARD_SERVICE,1.0,12,1,canonical_fast_local,canonical_inter_pod,1.0,homogeneous,0.0,hybrid,C_full_layer_stripes_plus_worker_wavefront,1054.1054486399883,12.332732002071197,41178.352799999986,183.68339999999918,870.4220486399911,8081247408,621634416.0,3.1675655999999988,0.013126591950194846,0.01291853677216958,0.013815126388720164,2976,2976,2976,128,325130,True,RTX 5090 physically measured shard service; conservative per-worker maximum across calibration and held-out attention layers + deterministic explicit-worker event model,True,0.6453489037230611,0.03125,0.03125,2976,93,4848.26355,8.493422928710215,E018 physical layer-89/91 controls; post-schedule comparison only,,,,,,
experiment-019-worker-simulation-result-v1,4.0,32,1,1,16,4096,RTX_5090_PHYSICAL_SHARD_SERVICE,1.0,16,1,canonical_fast_local,canonical_inter_pod,1.0,homogeneous,0.0,hybrid,C_full_layer_stripes_plus_worker_wavefront,1088.8407958399869,15.612934475774615,53848.61519999963,191.40339999999898,897.4373958399899,10567785072,621634416.0,3.1675655999999783,0.01661794158619547,0.01635454886337391,0.01748960919976273,2976,2976,2976,168,425170,True,RTX 5090 physically measured shard service; conservative per-worker maximum across calibration and held-out attention layers + deterministic explicit-worker event model,True,0.6453489037230611,0.03125,0.03125,2976,93,6340.036949999998,8.493422928710162,E018 physical layer-89/91 controls; post-schedule comparison only,,,,,,
experiment-019-worker-simulation-result-v1,4.0,32,1,2,16,4096,RTX_5090_PHYSICAL_SHARD_SERVICE,1.0,7,2,canonical_fast_local,canonical_inter_pod,1.0,homogeneous,0.0,hybrid,C_full_layer_stripes_plus_worker_wavefront,1089.5743324800098,7.342316867717489,18527.527600000016,218.2693000000022,871.3050324800066,4973073344,621634168.0,2.315940950000002,0.0057138347788382605,0.00566514813720912,0.005896614676463913,2976,2976,2976,96,100040,True,RTX 5090 physically measured shard service; conservative per-worker maximum across calibration and held-out attention layers + deterministic explicit-worker event model,True,0.6456661811098456,0.03125,0.03125,2976,93,2047.7826,9.047604760388147,E018 physical layer-89/91 controls; post-schedule comparison only,,,,,,
experiment-019-worker-simulation-result-v1,4.0,32,1,2,16,4096,RTX_5090_PHYSICAL_SHARD_SERVICE,1.0,12,2,canonical_fast_local,canonical_inter_pod,1.0,homogeneous,0.0,hybrid,C_full_layer_stripes_plus_worker_wavefront,1119.0852652800081,11.616630477881639,32423.17330000026,225.79210000000236,893.2931652800071,8081244432,621634187.0769231,2.4940902538461738,0.009735525825744886,0.009652571019507795,0.010046955624231874,2976,2976,2976,128,175070,True,RTX 5090 physically measured shard service; conservative per-worker maximum across calibration and held-out attention layers + deterministic explicit-worker event model,True,0.6456661811098456,0.03125,0.03125,2976,93,3444.6172500000002,9.412707115718083,E018 physical layer-89/91 controls; post-schedule comparison only,,,,,,
experiment-019-worker-simulation-result-v1,4.0,32,1,2,16,4096,RTX_5090_PHYSICAL_SHARD_SERVICE,1.0,16,2,canonical_fast_local,canonical_inter_pod,1.0,homogeneous,0.0,hybrid,C_full_layer_stripes_plus_worker_wavefront,1138.927361280007,14.926325047537885,41686.93710000022,230.80730000000247,908.1200612800073,10567781104,621634182.5882353,2.4521727705882483,0.012299034894664499,0.012194236851410165,0.01269246880130577,2976,2976,2976,129,225090,True,RTX 5090 physically measured shard service; conservative per-worker maximum across calibration and held-out attention layers + deterministic explicit-worker event model,True,0.6456661811098456,0.03125,0.03125,2976,93,4468.5085500000005,9.329049420751408,E018 physical layer-89/91 controls; post-schedule comparison only,,,,,,
experiment-019-worker-simulation-result-v1,4.0,32,1,4,16,4096,RTX_5090_PHYSICAL_SHARD_SERVICE,1.0,7,4,canonical_fast_local,canonical_inter_pod,1.0,homogeneous,0.0,hybrid,C_full_layer_stripes_plus_worker_wavefront,1332.060471759994,6.005733350401086,15393.385399999845,356.1334999999992,975.9269717600051,4973072352,621634044.0,1.9241731749999806,0.0038830883766951094,0.00386874328099462,0.004140652858434029,2976,2976,2976,64,50020,True,RTX 5090 physically measured shard service; conservative per-worker maximum across calibration and held-out attention layers + deterministic explicit-worker event model,True,0.6463007377460599,0.03125,0.03125,2976,93,1474.9008000000001,10.436895416966241,E018 physical layer-89/91 controls; post-schedule comparison only,,,,,,
experiment-019-worker-simulation-result-v1,4.0,32,1,4,16,4096,RTX_5090_PHYSICAL_SHARD_SERVICE,1.0,12,4,canonical_fast_local,canonical_inter_pod,1.0,homogeneous,0.0,hybrid,C_full_layer_stripes_plus_worker_wavefront,1356.9701789599924,9.580166315787018,30786.770799999693,364.3638999999993,992.6062789600055,8081242944,621634072.6153846,2.368213138461515,0.0076236141591712004,0.007595450629504128,0.008129286974054597,2976,2976,2976,128,100040,True,RTX 5090 physically measured shard service; conservative per-worker maximum across calibration and held-out attention layers + deterministic explicit-worker event model,True,0.6463007377460599,0.03125,0.03125,2976,93,2585.29455,11.908419023279066,E018 physical layer-89/91 controls; post-schedule comparison only,,,,,,
experiment-019-worker-simulation-result-v1,4.0,32,1,4,16,4096,RTX_5090_PHYSICAL_SHARD_SERVICE,1.0,16,4,canonical_fast_local,canonical_inter_pod,1.0,homogeneous,0.0,hybrid,C_full_layer_stripes_plus_worker_wavefront,1369.8033493599914,12.410540540686261,38483.46349999997,368.4790999999994,1001.3242493600056,10567779120,621634065.882353,2.263733147058822,0.009440239245587645,0.009405364650348911,0.010066408442089583,2976,2976,2976,128,125050,True,RTX 5090 physically measured shard service; conservative per-worker maximum across calibration and held-out attention layers + deterministic explicit-worker event model,True,0.6463007377460599,0.03125,0.03125,2976,93,3322.7449500000002,11.581828903238561,E018 physical layer-89/91 controls; post-schedule comparison only,,,,,,
experiment-019-worker-simulation-result-v1,4.0,32,2,1,16,4096,RTX_5090_PHYSICAL_SHARD_SERVICE,1.0,7,1,canonical_fast_local,canonical_inter_pod,1.0,homogeneous,0.0,hybrid,D_depth_stripes_plus_E_exact_worker_wavefront,940.4745342399908,8.506344094117232,25340.524799999992,184.80709999999917,755.667434239995,4962524032,620315504.0,3.167565599999999,0.017915161525458054,0.017822492145994424,0.01900657524389555,1504,1504,1504,97,199712,True,RTX 5090 physically measured shard service; conservative per-worker maximum across calibration and held-out attention layers + deterministic explicit-worker event model,True,1.182041397318244,0.03125,0.03125,1504,47,2983.5468,8.493422928710215,E018 physical layer-89/91 controls; post-schedule comparison only,,,,,,
experiment-019-worker-simulation-result-v1,4.0,32,2,1,16,4096,RTX_5090_PHYSICAL_SHARD_SERVICE,1.0,12,1,canonical_fast_local,canonical_inter_pod,1.0,homogeneous,0.0,hybrid,D_depth_stripes_plus_E_exact_worker_wavefront,1017.6181462399891,12.77492942518161,41178.352799999935,202.15259999999876,815.4655462399928,8064101552,620315504.0,3.167565599999995,0.026905204115447504,0.026766032131640485,0.028544302307625766,1504,1504,1504,128,324532,True,RTX 5090 physically measured shard service; conservative per-worker maximum across calibration and held-out attention layers + deterministic explicit-worker event model,True,1.182041397318244,0.03125,0.03125,1504,47,4848.26355,8.493422928710206,E018 physical layer-89/91 controls; post-schedule comparison only,,,,,,
experiment-019-worker-simulation-result-v1,4.0,32,2,1,16,4096,RTX_5090_PHYSICAL_SHARD_SERVICE,1.0,16,1,canonical_fast_local,canonical_inter_pod,1.0,homogeneous,0.0,hybrid,D_depth_stripes_plus_E_exact_worker_wavefront,1079.3330358399867,15.750467590172311,53848.61519999998,216.0289999999984,863.3040358399912,10545363568,620315504.0,3.1675655999999988,0.0331719676346707,0.03300037969492901,0.03519284478348104,1504,1504,1504,160,424388,True,RTX 5090 physically measured shard service; conservative per-worker maximum across calibration and held-out attention layers + deterministic explicit-worker event model,True,1.182041397318244,0.03125,0.03125,1504,47,6340.036949999998,8.493422928710217,E018 physical layer-89/91 controls; post-schedule comparison only,,,,,,
experiment-019-worker-simulation-result-v1,4.0,32,2,2,16,4096,RTX_5090_PHYSICAL_SHARD_SERVICE,1.0,7,2,canonical_fast_local,canonical_inter_pod,1.0,homogeneous,0.0,hybrid,D_depth_stripes_plus_E_exact_worker_wavefront,994.1139636800131,8.047367095001446,18527.527600000038,224.4310000000024,769.6829636800045,4962522048,620315256.0,2.3159409500000048,0.012391773267949725,0.012414673217458733,0.012909586293801317,1504,1504,1504,97,99856,True,RTX 5090 physically measured shard service; conservative per-worker maximum across calibration and held-out attention layers + deterministic explicit-worker event model,True,1.1823861794546247,0.03125,0.03125,1504,47,2047.7826,9.047604760388158,E018 physical layer-89/91 controls; post-schedule comparison only,,,,,,
experiment-019-worker-simulation-result-v1,4.0,32,2,2,16,4096,RTX_5090_PHYSICAL_SHARD_SERVICE,1.0,12,2,canonical_fast_local,canonical_inter_pod,1.0,homogeneous,0.0,hybrid,D_depth_stripes_plus_E_exact_worker_wavefront,1046.5644268800127,12.421595523512318,32423.173300000057,238.11550000000273,808.4489268800056,8064098576,620315275.0769231,2.4940902538461582,0.020598790114635047,0.0206368565998242,0.021459548426419894,1504,1504,1504,128,174748,True,RTX 5090 physically measured shard service; conservative per-worker maximum across calibration and held-out attention layers + deterministic explicit-worker event model,True,1.1823861794546247,0.03125,0.03125,1504,47,3444.6172500000002,9.412707115718025,E018 physical layer-89/91 controls; post-schedule comparison only,,,,,,
experiment-019-worker-simulation-result-v1,4.0,32,2,2,16,4096,RTX_5090_PHYSICAL_SHARD_SERVICE,1.0,16,2,canonical_fast_local,canonical_inter_pod,1.0,homogeneous,0.0,hybrid,D_depth_stripes_plus_E_exact_worker_wavefront,1082.0511164800098,15.71090287795481,41686.93710000015,247.23850000000294,834.8126164800063,10545359600,620315270.5882353,2.4521727705882443,0.02561559058422684,0.025662928097457446,0.02668598512603955,1504,1504,1504,129,224676,True,RTX 5090 physically measured shard service; conservative per-worker maximum across calibration and held-out attention layers + deterministic explicit-worker event model,True,1.1823861794546247,0.03125,0.03125,1504,47,4468.5085500000005,9.329049420751392,E018 physical layer-89/91 controls; post-schedule comparison only,,,,,,
experiment-019-worker-simulation-result-v1,4.0,32,2,4,16,4096,RTX_5090_PHYSICAL_SHARD_SERVICE,1.0,7,4,canonical_fast_local,canonical_inter_pod,1.0,homogeneous,0.0,hybrid,D_depth_stripes_plus_E_exact_worker_wavefront,1220.5575725599995,6.55438152189805,15393.385400000008,359.66199999999907,860.895572560005,4962521056,620315132.0,1.924173175000001,0.008385482116457385,0.008428443058546753,0.009037836680545223,1504,1504,1504,64,49928,True,RTX 5090 physically measured shard service; conservative per-worker maximum across calibration and held-out attention layers + deterministic explicit-worker event model,True,1.1830757427960634,0.03125,0.03125,1504,47,1474.9008000000001,10.436895416966353,E018 physical layer-89/91 controls; post-schedule comparison only,,,,,,
experiment-019-worker-simulation-result-v1,4.0,32,2,4,16,4096,RTX_5090_PHYSICAL_SHARD_SERVICE,1.0,12,4,canonical_fast_local,canonical_inter_pod,1.0,homogeneous,0.0,hybrid,D_depth_stripes_plus_E_exact_worker_wavefront,1264.6373381599972,10.279626899925747,30786.77080000002,374.87969999999905,889.7576381600057,8064097088,620315160.6153846,2.36821313846154,0.016186401251919426,0.01626932827235326,0.01744563388591707,1504,1504,1504,128,99856,True,RTX 5090 physically measured shard service; conservative per-worker maximum across calibration and held-out attention layers + deterministic explicit-worker event model,True,1.1830757427960634,0.03125,0.03125,1504,47,2585.29455,11.908419023279192,E018 physical layer-89/91 controls; post-schedule comparison only,,,,,,
experiment-019-worker-simulation-result-v1,4.0,32,2,4,16,4096,RTX_5090_PHYSICAL_SHARD_SERVICE,1.0,16,4,canonical_fast_local,canonical_inter_pod,1.0,homogeneous,0.0,hybrid,D_depth_stripes_plus_E_exact_worker_wavefront,1287.8814277599959,13.19997294282595,38483.463500000056,382.52339999999907,905.3580277600058,10545357616,620315153.882353,2.2637331470588267,0.019867829980687982,0.01996961789000409,0.021413461989250256,1504,1504,1504,129,124820,True,RTX 5090 physically measured shard service; conservative per-worker maximum across calibration and held-out attention layers + deterministic explicit-worker event model,True,1.1830757427960634,0.03125,0.03125,1504,47,3322.7449500000002,11.581828903238588,E018 physical layer-89/91 controls; post-schedule comparison only,,,,,,
experiment-019-worker-simulation-result-v1,4.0,32,4,1,16,4096,RTX_5090_PHYSICAL_SHARD_SERVICE,1.0,7,1,canonical_fast_local,canonical_inter_pod,1.0,homogeneous,0.0,hybrid,D_depth_stripes_plus_E_exact_worker_wavefront,989.6198262399889,8.083912415533954,25340.524800000014,208.9479999999986,780.6718262399936,4957248384,619656048.0,3.167565600000002,0.033341566251117526,0.03380207137431366,0.03599766198637271,768,768,768,128,199528,True,RTX 5090 physically measured shard service; conservative per-worker maximum across calibration and held-out attention layers + deterministic explicit-worker event model,True,2.2825851421803236,0.03125,0.03125,768,24,2983.5468,8.493422928710222,E018 physical layer-89/91 controls; post-schedule comparison only,,,,,,
experiment-019-worker-simulation-result-v1,4.0,32,4,1,16,4096,RTX_5090_PHYSICAL_SHARD_SERVICE,1.0,12,1,canonical_fast_local,canonical_inter_pod,1.0,homogeneous,0.0,hybrid,D_depth_stripes_plus_E_exact_worker_wavefront,1143.805050239983,11.365573178114973,41178.352800000095,243.53699999999773,900.2680502399891,8055528624,619656048.0,3.1675656000000076,0.046876560707395494,0.047524007686970106,0.05061089736214618,768,768,768,160,324233,True,RTX 5090 physically measured shard service; conservative per-worker maximum across calibration and held-out attention layers + deterministic explicit-worker event model,True,2.2825851421803236,0.03125,0.03125,768,24,4848.26355,8.493422928710238,E018 physical layer-89/91 controls; post-schedule comparison only,,,,,,
experiment-019-worker-simulation-result-v1,4.0,32,4,1,16,4096,RTX_5090_PHYSICAL_SHARD_SERVICE,1.0,16,1,canonical_fast_local,canonical_inter_pod,1.0,homogeneous,0.0,hybrid,D_depth_stripes_plus_E_exact_worker_wavefront,1267.153229439977,13.415899202271861,53848.615200000124,271.2081999999965,995.9450294399853,10534152816,619656048.0,3.167565600000007,0.05533299584138524,0.056097240924379774,0.059740999147716696,768,768,768,192,423997,True,RTX 5090 physically measured shard service; conservative per-worker maximum across calibration and held-out attention layers + deterministic explicit-worker event model,True,2.2825851421803236,0.03125,0.03125,768,24,6340.036949999998,8.49342292871024,E018 physical layer-89/91 controls; post-schedule comparison only,,,,,,
experiment-019-worker-simulation-result-v1,4.0,32,4,2,16,4096,RTX_5090_PHYSICAL_SHARD_SERVICE,1.0,7,2,canonical_fast_local,canonical_inter_pod,1.0,homogeneous,0.0,hybrid,D_depth_stripes_plus_E_exact_worker_wavefront,987.8065684800134,8.09875157269909,18527.527600000005,238.04170000000272,749.7648684800041,4957246400,619655800.0,2.3159409500000008,0.024422175014441074,0.024973310349574954,0.02600023204899318,768,768,768,116,99764,True,RTX 5090 physically measured shard service; conservative per-worker maximum across calibration and held-out attention layers + deterministic explicit-worker event model,True,2.2829849319532514,0.03125,0.03125,768,24,2047.7826,9.047604760388142,E018 physical layer-89/91 controls; post-schedule comparison only,,,,,,
experiment-019-worker-simulation-result-v1,4.0,32,4,2,16,4096,RTX_5090_PHYSICAL_SHARD_SERVICE,1.0,12,2,canonical_fast_local,canonical_inter_pod,1.0,homogeneous,0.0,hybrid,D_depth_stripes_plus_E_exact_worker_wavefront,1092.9088436800093,11.89486211514841,32423.173299999966,265.33690000000286,827.5719436800066,8055525648,619655819.0769231,2.494090253846151,0.03862872353155663,0.03950045811198485,0.04112474728327802,768,768,768,128,174587,True,RTX 5090 physically measured shard service; conservative per-worker maximum across calibration and held-out attention layers + deterministic explicit-worker event model,True,2.2829849319532514,0.03125,0.03125,768,24,3444.6172500000002,9.412707115717998,E018 physical layer-89/91 controls; post-schedule comparison only,,,,,,
experiment-019-worker-simulation-result-v1,4.0,32,4,2,16,4096,RTX_5090_PHYSICAL_SHARD_SERVICE,1.0,16,2,canonical_fast_local,canonical_inter_pod,1.0,homogeneous,0.0,hybrid,D_depth_stripes_plus_E_exact_worker_wavefront,1163.833022880004,14.606906373847385,41686.93709999989,283.5337000000022,880.2993228800079,10534148848,619655814.5882353,2.452172770588229,0.046638877698542,0.04769137746465432,0.04965248352981135,768,768,768,129,224469,True,RTX 5090 physically measured shard service; conservative per-worker maximum across calibration and held-out attention layers + deterministic explicit-worker event model,True,2.2829849319532514,0.03125,0.03125,768,24,4468.5085500000005,9.329049420751334,E018 physical layer-89/91 controls; post-schedule comparison only,,,,,,
experiment-019-worker-simulation-result-v1,4.0,32,4,4,16,4096,RTX_5090_PHYSICAL_SHARD_SERVICE,1.0,7,4,canonical_fast_local,canonical_inter_pod,1.0,homogeneous,0.0,hybrid,D_depth_stripes_plus_E_exact_worker_wavefront,1182.7750529600012,6.7637544264898715,15393.385399999946,367.2359999999991,815.5390529600049,4957245408,619655676.0,1.9241731749999933,0.01694613910122308,0.017369997742668647,0.018680306068940403,768,768,768,64,49882,True,RTX 5090 physically measured shard service; conservative per-worker maximum across calibration and held-out attention layers + deterministic explicit-worker event model,True,2.283784511499107,0.03125,0.03125,768,24,1474.9008000000001,10.43689541696631,E018 physical layer-89/91 controls; post-schedule comparison only,,,,,,
experiment-019-worker-simulation-result-v1,4.0,32,4,4,16,4096,RTX_5090_PHYSICAL_SHARD_SERVICE,1.0,12,4,canonical_fast_local,canonical_inter_pod,1.0,homogeneous,0.0,hybrid,D_depth_stripes_plus_E_exact_worker_wavefront,1271.7600305599963,10.22205423005446,30786.770799999886,397.67139999999904,874.0886305600063,8055524160,619655704.6153846,2.3682131384615297,0.031520837408439244,0.032309239960865085,0.034746492214055597,768,768,768,128,99764,True,RTX 5090 physically measured shard service; conservative per-worker maximum across calibration and held-out attention layers + deterministic explicit-worker event model,True,2.283784511499107,0.03125,0.03125,768,24,2585.29455,11.90841902327914,E018 physical layer-89/91 controls; post-schedule comparison only,,,,,,
experiment-019-worker-simulation-result-v1,4.0,32,4,4,16,4096,RTX_5090_PHYSICAL_SHARD_SERVICE,1.0,16,4,canonical_fast_local,canonical_inter_pod,1.0,homogeneous,0.0,hybrid,D_depth_stripes_plus_E_exact_worker_wavefront,1318.1785097599939,12.896584092465034,38483.4635,412.889099999999,905.2894097600067,10534146864,619655697.882353,2.2637331470588236,0.0380135740806571,0.038964373656305284,0.04190365689549675,768,768,768,129,124705,True,RTX 5090 physically measured shard service; conservative per-worker maximum across calibration and held-out attention layers + deterministic explicit-worker event model,True,2.283784511499107,0.03125,0.03125,768,24,3322.7449500000002,11.58182890323857,E018 physical layer-89/91 controls; post-schedule comparison only,,,,,,
experiment-019-worker-simulation-result-v1,2.0,16,1,1,16,4096,RTX_5090_PHYSICAL_SHARD_SERVICE,1.0030678938241964,7,1,canonical_fast_local,canonical_inter_pod,1.0,homogeneous,0.0,hybrid,C_full_layer_stripes_plus_worker_wavefront,895.8968860799913,8.929599069156392,12944.480000000009,172.97059999999993,722.9262860799907,2417218432,302152304.0,1.6180600000000012,0.009710098837257524,0.009478769411909513,0.014526225285750165,1488,1488,1488,62,104496,True,RTX 5090 physically measured shard service; conservative per-worker maximum across calibration and held-out attention layers + deterministic explicit-worker event model,True,1.260681196115911,0.0625,0.0625,1488,93,2983.5468,4.338621401883158,E018 physical layer-89/91 controls; post-schedule comparison only,,,,,,
experiment-019-worker-simulation-result-v1,2.0,16,1,1,16,4096,RTX_5090_PHYSICAL_SHARD_SERVICE,1.0030678938241964,12,1,canonical_fast_local,canonical_inter_pod,1.0,homogeneous,0.0,hybrid,C_full_layer_stripes_plus_worker_wavefront,933.6494516799902,13.923855443398011,21034.77999999999,183.3760999999999,750.2733516799891,3927979952,302152304.0,1.6180599999999994,0.015140882754532655,0.014780172553166986,0.022650631842547727,1488,1488,1488,80,169806,True,RTX 5090 physically measured shard service; conservative per-worker maximum across calibration and held-out attention layers + deterministic explicit-worker event model,True,1.260681196115911,0.0625,0.0625,1488,93,4848.26355,4.338621401883153,E018 physical layer-89/91 controls; post-schedule comparison only,,,,,,
experiment-019-worker-simulation-result-v1,2.0,16,1,1,16,4096,RTX_5090_PHYSICAL_SHARD_SERVICE,1.0030678938241964,16,1,canonical_fast_local,canonical_inter_pod,1.0,homogeneous,0.0,hybrid,C_full_layer_stripes_plus_worker_wavefront,963.8515041599893,17.637571686746238,27507.019999999957,191.70049999999986,772.1510041599878,5136589168,302152304.0,1.6180599999999976,0.019179199760387514,0.018722282345481126,0.028691919741414457,1488,1488,1488,94,222054,True,RTX 5090 physically measured shard service; conservative per-worker maximum across calibration and held-out attention layers + deterministic explicit-worker event model,True,1.261309596709907,0.06446915880600695,0.0625,1488,93,6340.036949999998,4.33862140188315,E018 physical layer-89/91 controls; post-schedule comparison only,1488,1560860324864,1751552837280,0,1.0,1443902830944
experiment-019-worker-simulation-result-v1,2.0,16,1,2,16,4096,RTX_5090_PHYSICAL_SHARD_SERVICE,1.0030678938241964,7,2,canonical_fast_local,canonical_inter_pod,1.0,homogeneous,0.0,hybrid,C_full_layer_stripes_plus_worker_wavefront,973.5615852800003,8.217251092234877,9372.153200000002,221.78200000000018,751.779585280002,2417217472,302152184.0,1.1715191500000004,0.0064695342842147644,0.006345772155978382,0.008949202733275697,1488,1488,1488,32,52248,True,RTX 5090 physically measured shard service; conservative per-worker maximum across calibration and held-out attention layers + deterministic explicit-worker event model,True,1.2610132088884711,0.0625,0.0625,1488,93,2047.7826,4.576732510570215,E018 physical layer-89/91 controls; post-schedule comparison only,,,,,,
experiment-019-worker-simulation-result-v1,2.0,16,1,2,16,4096,RTX_5090_PHYSICAL_SHARD_SERVICE,1.0030678938241964,12,2,canonical_fast_local,canonical_inter_pod,1.0,homogeneous,0.0,hybrid,C_full_layer_stripes_plus_worker_wavefront,999.4695099200006,13.006900031438223,16401.268100000067,229.87990000000025,769.5896099200024,3927978512,302152193.2307692,1.2616360076923128,0.011028207949003135,0.010817238437684175,0.015255142701872313,1488,1488,1488,48,91434,True,RTX 5090 physically measured shard service; conservative per-worker maximum across calibration and held-out attention layers + deterministic explicit-worker event model,True,1.2610132088884711,0.0625,0.0625,1488,93,3444.6172500000002,4.7614196032955665,E018 physical layer-89/91 controls; post-schedule comparison only,,,,,,
experiment-019-worker-simulation-result-v1,2.0,16,1,2,16,4096,RTX_5090_PHYSICAL_SHARD_SERVICE,1.0030678938241964,16,2,canonical_fast_local,canonical_inter_pod,1.0,homogeneous,0.0,hybrid,C_full_layer_stripes_plus_worker_wavefront,1016.8789214400007,16.71782120916257,21087.344700000005,235.2785000000003,781.6004214400025,5136587248,302152191.0588235,1.2404320411764709,0.013936371697919902,0.013669769042233186,0.019277958847096294,1488,1488,1488,62,117558,True,RTX 5090 physically measured shard service; conservative per-worker maximum across calibration and held-out attention layers + deterministic explicit-worker event model,True,1.2610132088884711,0.0625,0.0625,1488,93,4468.5085500000005,4.719101343109213,E018 physical layer-89/91 controls; post-schedule comparison only,,,,,,
experiment-019-worker-simulation-result-v1,2.0,16,1,4,16,4096,RTX_5090_PHYSICAL_SHARD_SERVICE,1.0030678938241964,7,4,canonical_fast_local,canonical_inter_pod,1.0,homogeneous,0.0,hybrid,C_full_layer_stripes_plus_worker_wavefront,1158.1544065600062,6.907541822304938,7594.256400000021,320.08550000000025,838.0689065600084,2417216992,302152124.0,0.9492820500000027,0.004406724100496214,0.0043348278705874635,0.0057330006796947625,1488,1488,1488,32,26124,True,RTX 5090 physically measured shard service; conservative per-worker maximum across calibration and held-out attention layers + deterministic explicit-worker event model,True,1.2616772325709462,0.0625,0.0625,1488,93,1474.9008000000001,5.148994698490923,E018 physical layer-89/91 controls; post-schedule comparison only,,,,,,
experiment-019-worker-simulation-result-v1,2.0,16,1,4,16,4096,RTX_5090_PHYSICAL_SHARD_SERVICE,1.0030678938241964,12,4,canonical_fast_local,canonical_inter_pod,1.0,homogeneous,0.0,hybrid,C_full_layer_stripes_plus_worker_wavefront,1181.0246107200046,11.007391278725875,15188.512800000044,329.4433000000005,851.5813107200087,3927977792,302152137.84615386,1.1683471384615418,0.008642778294641041,0.00850177033472544,0.01124396551897788,1488,1488,1488,48,52248,True,RTX 5090 physically measured shard service; conservative per-worker maximum across calibration and held-out attention layers + deterministic explicit-worker event model,True,1.2616772325709462,0.0625,0.0625,1488,93,2585.29455,5.874964150603282,E018 physical layer-89/91 controls; post-schedule comparison only,,,,,,
experiment-019-worker-simulation-result-v1,2.0,16,1,4,16,4096,RTX_5090_PHYSICAL_SHARD_SERVICE,1.0030678938241964,16,4,canonical_fast_local,canonical_inter_pod,1.0,homogeneous,0.0,hybrid,C_full_layer_stripes_plus_worker_wavefront,1192.769001760004,14.252550137466228,18985.641000000047,334.1222000000006,858.6468017600089,5136586288,302152134.5882353,1.1168024117647086,0.01069709836513419,0.010522573927961095,0.013916567227608022,1488,1488,1488,64,65310,True,RTX 5090 physically measured shard service; conservative per-worker maximum across calibration and held-out attention layers + deterministic explicit-worker event model,True,1.2616772325709462,0.0625,0.0625,1488,93,3322.7449500000002,5.71384240611066,E018 physical layer-89/91 controls; post-schedule comparison only,,,,,,
experiment-019-worker-simulation-result-v1,2.0,32,1,1,16,4096,RTX_5090_PHYSICAL_SHARD_SERVICE,1.0,7,1,canonical_fast_local,canonical_inter_pod,1.0,homogeneous,0.0,hybrid,C_full_layer_stripes_plus_worker_wavefront,1010.6862646399899,7.915413793467975,25340.524799999952,174.03339999999943,836.6528646399926,4973075328,621634416.0,3.167565599999994,0.008424930256033152,0.008291395948657701,0.008866846531442823,2976,2976,2976,128,200080,True,RTX 5090 physically measured shard service; conservative per-worker maximum across calibration and held-out attention layers + deterministic explicit-worker event model,True,0.6453489037230611,0.03125,0.03125,2976,93,2983.5468,8.493422928710203,E018 physical layer-89/91 controls; post-schedule comparison only,,,,,,
experiment-019-worker-simulation-result-v1,2.0,32,1,1,16,4096,RTX_5090_PHYSICAL_SHARD_SERVICE,1.0,12,1,canonical_fast_local,canonical_inter_pod,1.0,homogeneous,0.0,hybrid,C_full_layer_stripes_plus_worker_wavefront,1054.1054486399883,12.332732002071197,41178.352799999986,183.68339999999918,870.4220486399911,8081247408,621634416.0,3.1675655999999988,0.013126591950194846,0.01291853677216958,0.013815126388720164,2976,2976,2976,128,325130,True,RTX 5090 physically measured shard service; conservative per-worker maximum across calibration and held-out attention layers + deterministic explicit-worker event model,True,0.6453489037230611,0.03125,0.03125,2976,93,4848.26355,8.493422928710215,E018 physical layer-89/91 controls; post-schedule comparison only,,,,,,
experiment-019-worker-simulation-result-v1,2.0,32,1,1,16,4096,RTX_5090_PHYSICAL_SHARD_SERVICE,1.0,16,1,canonical_fast_local,canonical_inter_pod,1.0,homogeneous,0.0,hybrid,C_full_layer_stripes_plus_worker_wavefront,1088.8407958399869,15.612934475774615,53848.61519999963,191.40339999999898,897.4373958399899,10567785072,621634416.0,3.1675655999999783,0.01661794158619547,0.01635454886337391,0.01748960919976273,2976,2976,2976,168,425170,True,RTX 5090 physically measured shard service; conservative per-worker maximum across calibration and held-out attention layers + deterministic explicit-worker event model,True,0.6453489037230611,0.03125,0.03125,2976,93,6340.036949999998,8.493422928710162,E018 physical layer-89/91 controls; post-schedule comparison only,,,,,,
experiment-019-worker-simulation-result-v1,2.0,32,1,2,16,4096,RTX_5090_PHYSICAL_SHARD_SERVICE,1.0,7,2,canonical_fast_local,canonical_inter_pod,1.0,homogeneous,0.0,hybrid,C_full_layer_stripes_plus_worker_wavefront,1089.5743324800098,7.342316867717489,18527.527600000016,218.2693000000022,871.3050324800066,4973073344,621634168.0,2.315940950000002,0.0057138347788382605,0.00566514813720912,0.005896614676463913,2976,2976,2976,96,100040,True,RTX 5090 physically measured shard service; conservative per-worker maximum across calibration and held-out attention layers + deterministic explicit-worker event model,True,0.6456661811098456,0.03125,0.03125,2976,93,2047.7826,9.047604760388147,E018 physical layer-89/91 controls; post-schedule comparison only,,,,,,
experiment-019-worker-simulation-result-v1,2.0,32,1,2,16,4096,RTX_5090_PHYSICAL_SHARD_SERVICE,1.0,12,2,canonical_fast_local,canonical_inter_pod,1.0,homogeneous,0.0,hybrid,C_full_layer_stripes_plus_worker_wavefront,1119.0852652800081,11.616630477881639,32423.17330000026,225.79210000000236,893.2931652800071,8081244432,621634187.0769231,2.4940902538461738,0.009735525825744886,0.009652571019507795,0.010046955624231874,2976,2976,2976,128,175070,True,RTX 5090 physically measured shard service; conservative per-worker maximum across calibration and held-out attention layers + deterministic explicit-worker event model,True,0.6456661811098456,0.03125,0.03125,2976,93,3444.6172500000002,9.412707115718083,E018 physical layer-89/91 controls; post-schedule comparison only,,,,,,
experiment-019-worker-simulation-result-v1,2.0,32,1,2,16,4096,RTX_5090_PHYSICAL_SHARD_SERVICE,1.0,16,2,canonical_fast_local,canonical_inter_pod,1.0,homogeneous,0.0,hybrid,C_full_layer_stripes_plus_worker_wavefront,1138.927361280007,14.926325047537885,41686.93710000022,230.80730000000247,908.1200612800073,10567781104,621634182.5882353,2.4521727705882483,0.012299034894664499,0.012194236851410165,0.01269246880130577,2976,2976,2976,129,225090,True,RTX 5090 physically measured shard service; conservative per-worker maximum across calibration and held-out attention layers + deterministic explicit-worker event model,True,0.6456661811098456,0.03125,0.03125,2976,93,4468.5085500000005,9.329049420751408,E018 physical layer-89/91 controls; post-schedule comparison only,,,,,,
experiment-019-worker-simulation-result-v1,2.0,32,1,4,16,4096,RTX_5090_PHYSICAL_SHARD_SERVICE,1.0,7,4,canonical_fast_local,canonical_inter_pod,1.0,homogeneous,0.0,hybrid,C_full_layer_stripes_plus_worker_wavefront,1332.060471759994,6.005733350401086,15393.385399999845,356.1334999999992,975.9269717600051,4973072352,621634044.0,1.9241731749999806,0.0038830883766951094,0.00386874328099462,0.004140652858434029,2976,2976,2976,64,50020,True,RTX 5090 physically measured shard service; conservative per-worker maximum across calibration and held-out attention layers + deterministic explicit-worker event model,True,0.6463007377460599,0.03125,0.03125,2976,93,1474.9008000000001,10.436895416966241,E018 physical layer-89/91 controls; post-schedule comparison only,,,,,,
experiment-019-worker-simulation-result-v1,2.0,32,1,4,16,4096,RTX_5090_PHYSICAL_SHARD_SERVICE,1.0,12,4,canonical_fast_local,canonical_inter_pod,1.0,homogeneous,0.0,hybrid,C_full_layer_stripes_plus_worker_wavefront,1356.9701789599924,9.580166315787018,30786.770799999693,364.3638999999993,992.6062789600055,8081242944,621634072.6153846,2.368213138461515,0.0076236141591712004,0.007595450629504128,0.008129286974054597,2976,2976,2976,128,100040,True,RTX 5090 physically measured shard service; conservative per-worker maximum across calibration and held-out attention layers + deterministic explicit-worker event model,True,0.6463007377460599,0.03125,0.03125,2976,93,2585.29455,11.908419023279066,E018 physical layer-89/91 controls; post-schedule comparison only,,,,,,
experiment-019-worker-simulation-result-v1,2.0,32,1,4,16,4096,RTX_5090_PHYSICAL_SHARD_SERVICE,1.0,16,4,canonical_fast_local,canonical_inter_pod,1.0,homogeneous,0.0,hybrid,C_full_layer_stripes_plus_worker_wavefront,1369.8033493599914,12.410540540686261,38483.46349999997,368.4790999999994,1001.3242493600056,10567779120,621634065.882353,2.263733147058822,0.009440239245587645,0.009405364650348911,0.010066408442089583,2976,2976,2976,128,125050,True,RTX 5090 physically measured shard service; conservative per-worker maximum across calibration and held-out attention layers + deterministic explicit-worker event model,True,0.6463007377460599,0.03125,0.03125,2976,93,3322.7449500000002,11.581828903238561,E018 physical layer-89/91 controls; post-schedule comparison only,,,,,,
experiment-019-worker-simulation-result-v1,2.0,32,2,1,16,4096,RTX_5090_PHYSICAL_SHARD_SERVICE,1.0,7,1,canonical_fast_local,canonical_inter_pod,1.0,homogeneous,0.0,hybrid,D_depth_stripes_plus_E_exact_worker_wavefront,940.4745342399908,8.506344094117232,25340.524799999992,184.80709999999917,755.667434239995,4962524032,620315504.0,3.167565599999999,0.017915161525458054,0.017822492145994424,0.01900657524389555,1504,1504,1504,97,199712,True,RTX 5090 physically measured shard service; conservative per-worker maximum across calibration and held-out attention layers + deterministic explicit-worker event model,True,1.182041397318244,0.03125,0.03125,1504,47,2983.5468,8.493422928710215,E018 physical layer-89/91 controls; post-schedule comparison only,,,,,,
experiment-019-worker-simulation-result-v1,2.0,32,2,1,16,4096,RTX_5090_PHYSICAL_SHARD_SERVICE,1.0,12,1,canonical_fast_local,canonical_inter_pod,1.0,homogeneous,0.0,hybrid,D_depth_stripes_plus_E_exact_worker_wavefront,1017.6181462399891,12.77492942518161,41178.352799999935,202.15259999999876,815.4655462399928,8064101552,620315504.0,3.167565599999995,0.026905204115447504,0.026766032131640485,0.028544302307625766,1504,1504,1504,128,324532,True,RTX 5090 physically measured shard service; conservative per-worker maximum across calibration and held-out attention layers + deterministic explicit-worker event model,True,1.182041397318244,0.03125,0.03125,1504,47,4848.26355,8.493422928710206,E018 physical layer-89/91 controls; post-schedule comparison only,,,,,,
experiment-019-worker-simulation-result-v1,2.0,32,2,1,16,4096,RTX_5090_PHYSICAL_SHARD_SERVICE,1.0,16,1,canonical_fast_local,canonical_inter_pod,1.0,homogeneous,0.0,hybrid,D_depth_stripes_plus_E_exact_worker_wavefront,1079.3330358399867,15.750467590172311,53848.61519999998,216.0289999999984,863.3040358399912,10545363568,620315504.0,3.1675655999999988,0.0331719676346707,0.03300037969492901,0.03519284478348104,1504,1504,1504,160,424388,True,RTX 5090 physically measured shard service; conservative per-worker maximum across calibration and held-out attention layers + deterministic explicit-worker event model,True,1.182041397318244,0.03125,0.03125,1504,47,6340.036949999998,8.493422928710217,E018 physical layer-89/91 controls; post-schedule comparison only,,,,,,
experiment-019-worker-simulation-result-v1,2.0,32,2,2,16,4096,RTX_5090_PHYSICAL_SHARD_SERVICE,1.0,7,2,canonical_fast_local,canonical_inter_pod,1.0,homogeneous,0.0,hybrid,D_depth_stripes_plus_E_exact_worker_wavefront,994.1139636800131,8.047367095001446,18527.527600000038,224.4310000000024,769.6829636800045,4962522048,620315256.0,2.3159409500000048,0.012391773267949725,0.012414673217458733,0.012909586293801317,1504,1504,1504,97,99856,True,RTX 5090 physically measured shard service; conservative per-worker maximum across calibration and held-out attention layers + deterministic explicit-worker event model,True,1.1823861794546247,0.03125,0.03125,1504,47,2047.7826,9.047604760388158,E018 physical layer-89/91 controls; post-schedule comparison only,,,,,,
experiment-019-worker-simulation-result-v1,2.0,32,2,2,16,4096,RTX_5090_PHYSICAL_SHARD_SERVICE,1.0,12,2,canonical_fast_local,canonical_inter_pod,1.0,homogeneous,0.0,hybrid,D_depth_stripes_plus_E_exact_worker_wavefront,1046.5644268800127,12.421595523512318,32423.173300000057,238.11550000000273,808.4489268800056,8064098576,620315275.0769231,2.4940902538461582,0.020598790114635047,0.0206368565998242,0.021459548426419894,1504,1504,1504,128,174748,True,RTX 5090 physically measured shard service; conservative per-worker maximum across calibration and held-out attention layers + deterministic explicit-worker event model,True,1.1823861794546247,0.03125,0.03125,1504,47,3444.6172500000002,9.412707115718025,E018 physical layer-89/91 controls; post-schedule comparison only,,,,,,
experiment-019-worker-simulation-result-v1,2.0,32,2,2,16,4096,RTX_5090_PHYSICAL_SHARD_SERVICE,1.0,16,2,canonical_fast_local,canonical_inter_pod,1.0,homogeneous,0.0,hybrid,D_depth_stripes_plus_E_exact_worker_wavefront,1082.0511164800098,15.71090287795481,41686.93710000015,247.23850000000294,834.8126164800063,10545359600,620315270.5882353,2.4521727705882443,0.02561559058422684,0.025662928097457446,0.02668598512603955,1504,1504,1504,129,224676,True,RTX 5090 physically measured shard service; conservative per-worker maximum across calibration and held-out attention layers + deterministic explicit-worker event model,True,1.1823861794546247,0.03125,0.03125,1504,47,4468.5085500000005,9.329049420751392,E018 physical layer-89/91 controls; post-schedule comparison only,,,,,,
experiment-019-worker-simulation-result-v1,2.0,32,2,4,16,4096,RTX_5090_PHYSICAL_SHARD_SERVICE,1.0,7,4,canonical_fast_local,canonical_inter_pod,1.0,homogeneous,0.0,hybrid,D_depth_stripes_plus_E_exact_worker_wavefront,1220.5575725599995,6.55438152189805,15393.385400000008,359.66199999999907,860.895572560005,4962521056,620315132.0,1.924173175000001,0.008385482116457385,0.008428443058546753,0.009037836680545223,1504,1504,1504,64,49928,True,RTX 5090 physically measured shard service; conservative per-worker maximum across calibration and held-out attention layers + deterministic explicit-worker event model,True,1.1830757427960634,0.03125,0.03125,1504,47,1474.9008000000001,10.436895416966353,E018 physical layer-89/91 controls; post-schedule comparison only,,,,,,
experiment-019-worker-simulation-result-v1,2.0,32,2,4,16,4096,RTX_5090_PHYSICAL_SHARD_SERVICE,1.0,12,4,canonical_fast_local,canonical_inter_pod,1.0,homogeneous,0.0,hybrid,D_depth_stripes_plus_E_exact_worker_wavefront,1264.6373381599972,10.279626899925747,30786.77080000002,374.87969999999905,889.7576381600057,8064097088,620315160.6153846,2.36821313846154,0.016186401251919426,0.01626932827235326,0.01744563388591707,1504,1504,1504,128,99856,True,RTX 5090 physically measured shard service; conservative per-worker maximum across calibration and held-out attention layers + deterministic explicit-worker event model,True,1.1830757427960634,0.03125,0.03125,1504,47,2585.29455,11.908419023279192,E018 physical layer-89/91 controls; post-schedule comparison only,,,,,,
experiment-019-worker-simulation-result-v1,2.0,32,2,4,16,4096,RTX_5090_PHYSICAL_SHARD_SERVICE,1.0,16,4,canonical_fast_local,canonical_inter_pod,1.0,homogeneous,0.0,hybrid,D_depth_stripes_plus_E_exact_worker_wavefront,1287.8814277599959,13.19997294282595,38483.463500000056,382.52339999999907,905.3580277600058,10545357616,620315153.882353,2.2637331470588267,0.019867829980687982,0.01996961789000409,0.021413461989250256,1504,1504,1504,129,124820,True,RTX 5090 physically measured shard service; conservative per-worker maximum across calibration and held-out attention layers + deterministic explicit-worker event model,True,1.1830757427960634,0.03125,0.03125,1504,47,3322.7449500000002,11.581828903238588,E018 physical layer-89/91 controls; post-schedule comparison only,,,,,,
experiment-019-worker-simulation-result-v1,1.0,32,1,1,16,4096,RTX_5090_PHYSICAL_SHARD_SERVICE,1.0,7,1,canonical_fast_local,canonical_inter_pod,1.0,homogeneous,0.0,hybrid,C_full_layer_stripes_plus_worker_wavefront,1010.6862646399899,7.915413793467975,25340.524799999952,174.03339999999943,836.6528646399926,4973075328,621634416.0,3.167565599999994,0.008424930256033152,0.008291395948657701,0.008866846531442823,2976,2976,2976,128,200080,True,RTX 5090 physically measured shard service; conservative per-worker maximum across calibration and held-out attention layers + deterministic explicit-worker event model,True,0.6453489037230611,0.03125,0.03125,2976,93,2983.5468,8.493422928710203,E018 physical layer-89/91 controls; post-schedule comparison only,,,,,,
experiment-019-worker-simulation-result-v1,1.0,32,1,1,16,4096,RTX_5090_PHYSICAL_SHARD_SERVICE,1.0,12,1,canonical_fast_local,canonical_inter_pod,1.0,homogeneous,0.0,hybrid,C_full_layer_stripes_plus_worker_wavefront,1054.1054486399883,12.332732002071197,41178.352799999986,183.68339999999918,870.4220486399911,8081247408,621634416.0,3.1675655999999988,0.013126591950194846,0.01291853677216958,0.013815126388720164,2976,2976,2976,128,325130,True,RTX 5090 physically measured shard service; conservative per-worker maximum across calibration and held-out attention layers + deterministic explicit-worker event model,True,0.6453489037230611,0.03125,0.03125,2976,93,4848.26355,8.493422928710215,E018 physical layer-89/91 controls; post-schedule comparison only,,,,,,
experiment-019-worker-simulation-result-v1,1.0,32,1,1,16,4096,RTX_5090_PHYSICAL_SHARD_SERVICE,1.0,16,1,canonical_fast_local,canonical_inter_pod,1.0,homogeneous,0.0,hybrid,C_full_layer_stripes_plus_worker_wavefront,1088.8407958399869,15.612934475774615,53848.61519999963,191.40339999999898,897.4373958399899,10567785072,621634416.0,3.1675655999999783,0.01661794158619547,0.01635454886337391,0.01748960919976273,2976,2976,2976,168,425170,True,RTX 5090 physically measured shard service; conservative per-worker maximum across calibration and held-out attention layers + deterministic explicit-worker event model,True,0.6608073711395264,0.0329554169517046,0.03125,2976,93,6340.036949999998,8.493422928710162,E018 physical layer-89/91 controls; post-schedule comparison only,2976,1560860324864,1822320487305,0,1.0,1373135180919
experiment-019-worker-simulation-result-v1,1.0,32,1,2,16,4096,RTX_5090_PHYSICAL_SHARD_SERVICE,1.0,7,2,canonical_fast_local,canonical_inter_pod,1.0,homogeneous,0.0,hybrid,C_full_layer_stripes_plus_worker_wavefront,1089.5743324800098,7.342316867717489,18527.527600000016,218.2693000000022,871.3050324800066,4973073344,621634168.0,2.315940950000002,0.0057138347788382605,0.00566514813720912,0.005896614676463913,2976,2976,2976,96,100040,True,RTX 5090 physically measured shard service; conservative per-worker maximum across calibration and held-out attention layers + deterministic explicit-worker event model,True,0.6456661811098456,0.03125,0.03125,2976,93,2047.7826,9.047604760388147,E018 physical layer-89/91 controls; post-schedule comparison only,,,,,,
experiment-019-worker-simulation-result-v1,1.0,32,1,2,16,4096,RTX_5090_PHYSICAL_SHARD_SERVICE,1.0,12,2,canonical_fast_local,canonical_inter_pod,1.0,homogeneous,0.0,hybrid,C_full_layer_stripes_plus_worker_wavefront,1119.0852652800081,11.616630477881639,32423.17330000026,225.79210000000236,893.2931652800071,8081244432,621634187.0769231,2.4940902538461738,0.009735525825744886,0.009652571019507795,0.010046955624231874,2976,2976,2976,128,175070,True,RTX 5090 physically measured shard service; conservative per-worker maximum across calibration and held-out attention layers + deterministic explicit-worker event model,True,0.6456661811098456,0.03125,0.03125,2976,93,3444.6172500000002,9.412707115718083,E018 physical layer-89/91 controls; post-schedule comparison only,,,,,,
experiment-019-worker-simulation-result-v1,1.0,32,1,2,16,4096,RTX_5090_PHYSICAL_SHARD_SERVICE,1.0,16,2,canonical_fast_local,canonical_inter_pod,1.0,homogeneous,0.0,hybrid,C_full_layer_stripes_plus_worker_wavefront,1138.927361280007,14.926325047537885,41686.93710000022,230.80730000000247,908.1200612800073,10567781104,621634182.5882353,2.4521727705882483,0.012299034894664499,0.012194236851410165,0.01269246880130577,2976,2976,2976,129,225090,True,RTX 5090 physically measured shard service; conservative per-worker maximum across calibration and held-out attention layers + deterministic explicit-worker event model,True,0.6456661811098456,0.03125,0.03125,2976,93,4468.5085500000005,9.329049420751408,E018 physical layer-89/91 controls; post-schedule comparison only,,,,,,
experiment-019-worker-simulation-result-v1,1.0,32,1,4,16,4096,RTX_5090_PHYSICAL_SHARD_SERVICE,1.0,7,4,canonical_fast_local,canonical_inter_pod,1.0,homogeneous,0.0,hybrid,C_full_layer_stripes_plus_worker_wavefront,1332.060471759994,6.005733350401086,15393.385399999845,356.1334999999992,975.9269717600051,4973072352,621634044.0,1.9241731749999806,0.0038830883766951094,0.00386874328099462,0.004140652858434029,2976,2976,2976,64,50020,True,RTX 5090 physically measured shard service; conservative per-worker maximum across calibration and held-out attention layers + deterministic explicit-worker event model,True,0.6463007377460599,0.03125,0.03125,2976,93,1474.9008000000001,10.436895416966241,E018 physical layer-89/91 controls; post-schedule comparison only,,,,,,
experiment-019-worker-simulation-result-v1,1.0,32,1,4,16,4096,RTX_5090_PHYSICAL_SHARD_SERVICE,1.0,12,4,canonical_fast_local,canonical_inter_pod,1.0,homogeneous,0.0,hybrid,C_full_layer_stripes_plus_worker_wavefront,1356.9701789599924,9.580166315787018,30786.770799999693,364.3638999999993,992.6062789600055,8081242944,621634072.6153846,2.368213138461515,0.0076236141591712004,0.007595450629504128,0.008129286974054597,2976,2976,2976,128,100040,True,RTX 5090 physically measured shard service; conservative per-worker maximum across calibration and held-out attention layers + deterministic explicit-worker event model,True,0.6463007377460599,0.03125,0.03125,2976,93,2585.29455,11.908419023279066,E018 physical layer-89/91 controls; post-schedule comparison only,,,,,,
experiment-019-worker-simulation-result-v1,1.0,32,1,4,16,4096,RTX_5090_PHYSICAL_SHARD_SERVICE,1.0,16,4,canonical_fast_local,canonical_inter_pod,1.0,homogeneous,0.0,hybrid,C_full_layer_stripes_plus_worker_wavefront,1369.8033493599914,12.410540540686261,38483.46349999997,368.4790999999994,1001.3242493600056,10567779120,621634065.882353,2.263733147058822,0.009440239245587645,0.009405364650348911,0.010066408442089583,2976,2976,2976,128,125050,True,RTX 5090 physically measured shard service; conservative per-worker maximum across calibration and held-out attention layers + deterministic explicit-worker event model,True,0.6463007377460599,0.03125,0.03125,2976,93,3322.7449500000002,11.581828903238561,E018 physical layer-89/91 controls; post-schedule comparison only,,,,,,
